mlock unavailable: errno=1
Skipping libgomp pinned allocator tests: mlock is unavailable in this test environment
make[2]: Entering directory '/build/gcc17/src/gcc-build/fixincludes'
autogen -T ../../gcc-17-20260927/fixincludes/check.tpl ../../gcc-17-20260927/fixincludes/inclhack.def
make[2]: autogen: No such file or directory
make[2]: *** [Makefile:180: check] Error 127
make[2]: Leaving directory '/build/gcc17/src/gcc-build/fixincludes'
make[1]: *** [Makefile:4235: check-fixincludes] Error 2
true  DO=all multi-do # make
make  libbacktrace_alloc.la libbacktrace_noformat.la libbacktrace_elf_for_test.la libbacktrace_instrumented_alloc.la strippedtest allocfail b2test  m2test test_elf_32 test_elf_64 test_macho test_xcoff_32 test_xcoff_64 test_pecoff test_unknown unittest unittest_alloc btest btest_lto btest_alloc mdtest stest stest_alloc ztest ztest_alloc zstdtest zstdtest_alloc edtest edtest_alloc ttest ttest_alloc ctestg ctestg_alloc ctesta ctesta_alloc ctestzstd ctestzstd_alloc dwarf5 dwarf5_alloc mtest xztest xztest_alloc \
     
make[2]: Nothing to be done for 'check'.
make[3]: Entering directory '/build/gcc17/src/gcc-build/libbacktrace'
SEARCH='^#define SYSTEM_BUILD_ID_DIR.*$'; \
REPLACE="#define SYSTEM_BUILD_ID_DIR \"/build/gcc17/src/gcc-build/libbacktrace/usr/lib/debug/.build-id/\""; \
/usr/bin/sed "s%$SEARCH%$REPLACE%" \
	../../gcc-17-20260927/libbacktrace/elf.c \
	> elf_for_test.c.tmp
mv elf_for_test.c.tmp elf_for_test.c
make[3]: Leaving directory '/build/gcc17/src/gcc-build/libbacktrace'
make[2]: Nothing to be done for 'check'.
make[2]: Nothing to be done for 'check'.
make[2]: Nothing to be done for 'check'.
make[3]: Entering directory '/build/gcc17/src/gcc-build/libbacktrace'
nlinit=`echo 'nl="'; echo '"'`; eval "$nlinit"; \
SEARCH='#error "Unknown BACKTRACE_ELF_SIZE"'; \
REPLACE="#undef BACKTRACE_ELF_SIZE\\${nl}#define BACKTRACE_ELF_SIZE"; \
/usr/bin/sed "s/^$SEARCH\$/$REPLACE 32/" \
	../../gcc-17-20260927/libbacktrace/elf.c \
	> elf_32.c.tmp
mv elf_32.c.tmp elf_32.c
make[3]: Leaving directory '/build/gcc17/src/gcc-build/libbacktrace'
make[3]: Entering directory '/build/gcc17/src/gcc-build/libbacktrace'
nlinit=`echo 'nl="'; echo '"'`; eval "$nlinit"; \
SEARCH='#error "Unknown BACKTRACE_ELF_SIZE"'; \
REPLACE="#undef BACKTRACE_ELF_SIZE\\${nl}#define BACKTRACE_ELF_SIZE"; \
/usr/bin/sed "s/^$SEARCH\$/$REPLACE 64/" \
	../../gcc-17-20260927/libbacktrace/elf.c \
	> elf_64.c.tmp
mv elf_64.c.tmp elf_64.c
make[3]: Leaving directory '/build/gcc17/src/gcc-build/libbacktrace'
Making check in include
Making check in sanitizer_common
make[3]: Nothing to be done for 'check'.
Making check in libsupc++
make[3]: Entering directory '/build/gcc17/src/gcc-build/libbacktrace'
/build/gcc17/src/gcc-build/./prev-gcc/xgcc -B/build/gcc17/src/gcc-build/./prev-gcc/ -B/usr/x86_64-pc-linux-gnu/bin/ -B/usr/x86_64-pc-linux-gnu/bin/ -B/usr/x86_64-pc-linux-gnu/lib/ -isystem /usr/x86_64-pc-linux-gnu/include -isystem /usr/x86_64-pc-linux-gnu/sys-include    -DHAVE_CONFIG_H -I. -I../../gcc-17-20260927/libbacktrace  -I ../../gcc-17-20260927/libbacktrace/../include -I ../../gcc-17-20260927/libbacktrace/../libgcc -I ../libgcc  -funwind-tables -frandom-seed=test_elf_32-test_format.o -W -Wall -Wwrite-strings -Wstrict-prototypes -Wmissing-prototypes -Wold-style-definition -Wmissing-format-attribute -Wcast-qual -Wno-attributes -Wpointer-arith -g -O2     -c -o test_elf_32-test_format.o `test -f 'test_format.c' || echo '../../gcc-17-20260927/libbacktrace/'`test_format.c
make[3]: Leaving directory '/build/gcc17/src/gcc-build/libbacktrace'
make[3]: Entering directory '/build/gcc17/src/gcc-build/libbacktrace'
/build/gcc17/src/gcc-build/./prev-gcc/xgcc -B/build/gcc17/src/gcc-build/./prev-gcc/ -B/usr/x86_64-pc-linux-gnu/bin/ -B/usr/x86_64-pc-linux-gnu/bin/ -B/usr/x86_64-pc-linux-gnu/lib/ -isystem /usr/x86_64-pc-linux-gnu/include -isystem /usr/x86_64-pc-linux-gnu/sys-include    -DHAVE_CONFIG_H -I. -I../../gcc-17-20260927/libbacktrace  -I ../../gcc-17-20260927/libbacktrace/../include -I ../../gcc-17-20260927/libbacktrace/../libgcc -I ../libgcc  -funwind-tables -frandom-seed=test_elf_64-test_format.o -W -Wall -Wwrite-strings -Wstrict-prototypes -Wmissing-prototypes -Wold-style-definition -Wmissing-format-attribute -Wcast-qual -Wno-attributes -Wpointer-arith -g -O2     -c -o test_elf_64-test_format.o `test -f 'test_format.c' || echo '../../gcc-17-20260927/libbacktrace/'`test_format.c
make[3]: Leaving directory '/build/gcc17/src/gcc-build/libbacktrace'
make[3]: Nothing to be done for 'check'.
Making check in src
make[3]: Entering directory '/build/gcc17/src/gcc-build/libbacktrace'
/build/gcc17/src/gcc-build/./prev-gcc/xgcc -B/build/gcc17/src/gcc-build/./prev-gcc/ -B/usr/x86_64-pc-linux-gnu/bin/ -B/usr/x86_64-pc-linux-gnu/bin/ -B/usr/x86_64-pc-linux-gnu/lib/ -isystem /usr/x86_64-pc-linux-gnu/include -isystem /usr/x86_64-pc-linux-gnu/sys-include    -DHAVE_CONFIG_H -I. -I../../gcc-17-20260927/libbacktrace  -I ../../gcc-17-20260927/libbacktrace/../include -I ../../gcc-17-20260927/libbacktrace/../libgcc -I ../libgcc  -funwind-tables -frandom-seed=allocfail-allocfail.o -W -Wall -Wwrite-strings -Wstrict-prototypes -Wmissing-prototypes -Wold-style-definition -Wmissing-format-attribute -Wcast-qual -Wno-attributes -Wpointer-arith -g -O2     -c -o allocfail-allocfail.o `test -f 'allocfail.c' || echo '../../gcc-17-20260927/libbacktrace/'`allocfail.c
make[3]: Leaving directory '/build/gcc17/src/gcc-build/libbacktrace'
Making check in c++98
make[3]: Entering directory '/build/gcc17/src/gcc-build/libbacktrace'
/build/gcc17/src/gcc-build/./prev-gcc/xgcc -B/build/gcc17/src/gcc-build/./prev-gcc/ -B/usr/x86_64-pc-linux-gnu/bin/ -B/usr/x86_64-pc-linux-gnu/bin/ -B/usr/x86_64-pc-linux-gnu/lib/ -isystem /usr/x86_64-pc-linux-gnu/include -isystem /usr/x86_64-pc-linux-gnu/sys-include    -DHAVE_CONFIG_H -I. -I../../gcc-17-20260927/libbacktrace  -I ../../gcc-17-20260927/libbacktrace/../include -I ../../gcc-17-20260927/libbacktrace/../libgcc -I ../libgcc  -funwind-tables -frandom-seed=test_macho-test_format.o -W -Wall -Wwrite-strings -Wstrict-prototypes -Wmissing-prototypes -Wold-style-definition -Wmissing-format-attribute -Wcast-qual -Wno-attributes -Wpointer-arith -g -O2     -c -o test_macho-test_format.o `test -f 'test_format.c' || echo '../../gcc-17-20260927/libbacktrace/'`test_format.c
make[3]: Leaving directory '/build/gcc17/src/gcc-build/libbacktrace'
make  check-recursive
make[3]: Nothing to be done for 'check'.
make[4]: Nothing to be done for 'check'.
Making check in interception
Making check in c++11
make[3]: Entering directory '/build/gcc17/src/gcc-build/libbacktrace'
/build/gcc17/src/gcc-build/./prev-gcc/xgcc -B/build/gcc17/src/gcc-build/./prev-gcc/ -B/usr/x86_64-pc-linux-gnu/bin/ -B/usr/x86_64-pc-linux-gnu/bin/ -B/usr/x86_64-pc-linux-gnu/lib/ -isystem /usr/x86_64-pc-linux-gnu/include -isystem /usr/x86_64-pc-linux-gnu/sys-include    -DHAVE_CONFIG_H -I. -I../../gcc-17-20260927/libbacktrace  -I ../../gcc-17-20260927/libbacktrace/../include -I ../../gcc-17-20260927/libbacktrace/../libgcc -I ../libgcc  -funwind-tables -frandom-seed=strippedtest-strippedtest.o -W -Wall -Wwrite-strings -Wstrict-prototypes -Wmissing-prototypes -Wold-style-definition -Wmissing-format-attribute -Wcast-qual -Wno-attributes -Wpointer-arith -g -O -O2     -c -o strippedtest-strippedtest.o `test -f 'strippedtest.c' || echo '../../gcc-17-20260927/libbacktrace/'`strippedtest.c
make[3]: Leaving directory '/build/gcc17/src/gcc-build/libbacktrace'
make[4]: Nothing to be done for 'check'.
make[3]: Nothing to be done for 'check'.
Making check in c++17
Making check in libbacktrace
true  DO=all multi-do # make
make[3]: Entering directory '/build/gcc17/src/gcc-build/libbacktrace'
/build/gcc17/src/gcc-build/./prev-gcc/xgcc -B/build/gcc17/src/gcc-build/./prev-gcc/ -B/usr/x86_64-pc-linux-gnu/bin/ -B/usr/x86_64-pc-linux-gnu/bin/ -B/usr/x86_64-pc-linux-gnu/lib/ -isystem /usr/x86_64-pc-linux-gnu/include -isystem /usr/x86_64-pc-linux-gnu/sys-include    -DHAVE_CONFIG_H -I. -I../../gcc-17-20260927/libbacktrace  -I ../../gcc-17-20260927/libbacktrace/../include -I ../../gcc-17-20260927/libbacktrace/../libgcc -I ../libgcc  -funwind-tables -frandom-seed=strippedtest-testlib.o -W -Wall -Wwrite-strings -Wstrict-prototypes -Wmissing-prototypes -Wold-style-definition -Wmissing-format-attribute -Wcast-qual -Wno-attributes -Wpointer-arith -g -O -O2     -c -o strippedtest-testlib.o `test -f 'testlib.c' || echo '../../gcc-17-20260927/libbacktrace/'`testlib.c
make[3]: Leaving directory '/build/gcc17/src/gcc-build/libbacktrace'
make[3]: Entering directory '/build/gcc17/src/gcc-build/libbacktrace'
/build/gcc17/src/gcc-build/./prev-gcc/xgcc -B/build/gcc17/src/gcc-build/./prev-gcc/ -B/usr/x86_64-pc-linux-gnu/bin/ -B/usr/x86_64-pc-linux-gnu/bin/ -B/usr/x86_64-pc-linux-gnu/lib/ -isystem /usr/x86_64-pc-linux-gnu/include -isystem /usr/x86_64-pc-linux-gnu/sys-include    -DHAVE_CONFIG_H -I. -I../../gcc-17-20260927/libbacktrace  -I ../../gcc-17-20260927/libbacktrace/../include -I ../../gcc-17-20260927/libbacktrace/../libgcc -I ../libgcc  -funwind-tables -frandom-seed=allocfail-testlib.o -W -Wall -Wwrite-strings -Wstrict-prototypes -Wmissing-prototypes -Wold-style-definition -Wmissing-format-attribute -Wcast-qual -Wno-attributes -Wpointer-arith -g -O2     -c -o allocfail-testlib.o `test -f 'testlib.c' || echo '../../gcc-17-20260927/libbacktrace/'`testlib.c
make[3]: Leaving directory '/build/gcc17/src/gcc-build/libbacktrace'
make[4]: Nothing to be done for 'check'.
Making check in c++20
make[3]: Entering directory '/build/gcc17/src/gcc-build/libbacktrace'
/build/gcc17/src/gcc-build/./prev-gcc/xgcc -B/build/gcc17/src/gcc-build/./prev-gcc/ -B/usr/x86_64-pc-linux-gnu/bin/ -B/usr/x86_64-pc-linux-gnu/bin/ -B/usr/x86_64-pc-linux-gnu/lib/ -isystem /usr/x86_64-pc-linux-gnu/include -isystem /usr/x86_64-pc-linux-gnu/sys-include    -DHAVE_CONFIG_H -I. -I../../gcc-17-20260927/libbacktrace  -I ../../gcc-17-20260927/libbacktrace/../include -I ../../gcc-17-20260927/libbacktrace/../libgcc -I ../libgcc  -funwind-tables -frandom-seed=m2test-testlib.o -W -Wall -Wwrite-strings -Wstrict-prototypes -Wmissing-prototypes -Wold-style-definition -Wmissing-format-attribute -Wcast-qual -Wno-attributes -Wpointer-arith -g -O -O2     -c -o m2test-testlib.o `test -f 'testlib.c' || echo '../../gcc-17-20260927/libbacktrace/'`testlib.c
make[3]: Leaving directory '/build/gcc17/src/gcc-build/libbacktrace'
make[3]: Entering directory '/build/gcc17/src/gcc-build/libbacktrace'
/build/gcc17/src/gcc-build/./prev-gcc/xgcc -B/build/gcc17/src/gcc-build/./prev-gcc/ -B/usr/x86_64-pc-linux-gnu/bin/ -B/usr/x86_64-pc-linux-gnu/bin/ -B/usr/x86_64-pc-linux-gnu/lib/ -isystem /usr/x86_64-pc-linux-gnu/include -isystem /usr/x86_64-pc-linux-gnu/sys-include    -DHAVE_CONFIG_H -I. -I../../gcc-17-20260927/libbacktrace  -I ../../gcc-17-20260927/libbacktrace/../include -I ../../gcc-17-20260927/libbacktrace/../libgcc -I ../libgcc  -funwind-tables -frandom-seed=test_elf_32-testlib.o -W -Wall -Wwrite-strings -Wstrict-prototypes -Wmissing-prototypes -Wold-style-definition -Wmissing-format-attribute -Wcast-qual -Wno-attributes -Wpointer-arith -g -O2     -c -o test_elf_32-testlib.o `test -f 'testlib.c' || echo '../../gcc-17-20260927/libbacktrace/'`testlib.c
make[3]: Leaving directory '/build/gcc17/src/gcc-build/libbacktrace'
make[3]: Entering directory '/build/gcc17/src/gcc-build/libbacktrace'
/build/gcc17/src/gcc-build/./prev-gcc/xgcc -B/build/gcc17/src/gcc-build/./prev-gcc/ -B/usr/x86_64-pc-linux-gnu/bin/ -B/usr/x86_64-pc-linux-gnu/bin/ -B/usr/x86_64-pc-linux-gnu/lib/ -isystem /usr/x86_64-pc-linux-gnu/include -isystem /usr/x86_64-pc-linux-gnu/sys-include    -DHAVE_CONFIG_H -I. -I../../gcc-17-20260927/libbacktrace  -I ../../gcc-17-20260927/libbacktrace/../include -I ../../gcc-17-20260927/libbacktrace/../libgcc -I ../libgcc  -funwind-tables -frandom-seed=b2test-testlib.o -W -Wall -Wwrite-strings -Wstrict-prototypes -Wmissing-prototypes -Wold-style-definition -Wmissing-format-attribute -Wcast-qual -Wno-attributes -Wpointer-arith -g -O2     -c -o b2test-testlib.o `test -f 'testlib.c' || echo '../../gcc-17-20260927/libbacktrace/'`testlib.c
make[3]: Leaving directory '/build/gcc17/src/gcc-build/libbacktrace'
make[4]: Nothing to be done for 'check'.
Making check in c++23
make[3]: Nothing to be done for 'check'.
Making check in lsan
make[3]: Entering directory '/build/gcc17/src/gcc-build/libbacktrace'
nlinit=`echo 'nl="'; echo '"'`; eval "$nlinit"; \
SEARCH='#error "Unknown BACKTRACE_XCOFF_SIZE"'; \
REPLACE="#undef BACKTRACE_XCOFF_SIZE\\${nl}#define BACKTRACE_XCOFF_SIZE"; \
/usr/bin/sed "s/^$SEARCH\$/$REPLACE 32/" \
	../../gcc-17-20260927/libbacktrace/xcoff.c \
	> xcoff_32.c.tmp
mv xcoff_32.c.tmp xcoff_32.c
make[3]: Leaving directory '/build/gcc17/src/gcc-build/libbacktrace'
make[4]: Nothing to be done for 'check'.
Making check in c++26
make[4]: Nothing to be done for 'check'.
Making check in filesystem
make[3]: Entering directory '/build/gcc17/src/gcc-build/libbacktrace'
/build/gcc17/src/gcc-build/./prev-gcc/xgcc -B/build/gcc17/src/gcc-build/./prev-gcc/ -B/usr/x86_64-pc-linux-gnu/bin/ -B/usr/x86_64-pc-linux-gnu/bin/ -B/usr/x86_64-pc-linux-gnu/lib/ -isystem /usr/x86_64-pc-linux-gnu/include -isystem /usr/x86_64-pc-linux-gnu/sys-include    -DHAVE_CONFIG_H -I. -I../../gcc-17-20260927/libbacktrace  -I ../../gcc-17-20260927/libbacktrace/../include -I ../../gcc-17-20260927/libbacktrace/../libgcc -I ../libgcc  -funwind-tables -frandom-seed=test_elf_64-testlib.o -W -Wall -Wwrite-strings -Wstrict-prototypes -Wmissing-prototypes -Wold-style-definition -Wmissing-format-attribute -Wcast-qual -Wno-attributes -Wpointer-arith -g -O2     -c -o test_elf_64-testlib.o `test -f 'testlib.c' || echo '../../gcc-17-20260927/libbacktrace/'`testlib.c
make[3]: Leaving directory '/build/gcc17/src/gcc-build/libbacktrace'
make[4]: Nothing to be done for 'check'.
Making check in libbacktrace
make[3]: Nothing to be done for 'check'.
Making check in asan
make[3]: Entering directory '/build/gcc17/src/gcc-build/libbacktrace'
nlinit=`echo 'nl="'; echo '"'`; eval "$nlinit"; \
SEARCH='#error "Unknown BACKTRACE_XCOFF_SIZE"'; \
REPLACE="#undef BACKTRACE_XCOFF_SIZE\\${nl}#define BACKTRACE_XCOFF_SIZE"; \
/usr/bin/sed "s/^$SEARCH\$/$REPLACE 64/" \
	../../gcc-17-20260927/libbacktrace/xcoff.c \
	> xcoff_64.c.tmp
mv xcoff_64.c.tmp xcoff_64.c
make[3]: Leaving directory '/build/gcc17/src/gcc-build/libbacktrace'
make[3]: Entering directory '/build/gcc17/src/gcc-build/libbacktrace'
/build/gcc17/src/gcc-build/./prev-gcc/xgcc -B/build/gcc17/src/gcc-build/./prev-gcc/ -B/usr/x86_64-pc-linux-gnu/bin/ -B/usr/x86_64-pc-linux-gnu/bin/ -B/usr/x86_64-pc-linux-gnu/lib/ -isystem /usr/x86_64-pc-linux-gnu/include -isystem /usr/x86_64-pc-linux-gnu/sys-include    -DHAVE_CONFIG_H -I. -I../../gcc-17-20260927/libbacktrace  -I ../../gcc-17-20260927/libbacktrace/../include -I ../../gcc-17-20260927/libbacktrace/../libgcc -I ../libgcc  -funwind-tables -frandom-seed=m2test-mtest.o -W -Wall -Wwrite-strings -Wstrict-prototypes -Wmissing-prototypes -Wold-style-definition -Wmissing-format-attribute -Wcast-qual -Wno-attributes -Wpointer-arith -g -O -O2     -c -o m2test-mtest.o `test -f 'mtest.c' || echo '../../gcc-17-20260927/libbacktrace/'`mtest.c
make[3]: Leaving directory '/build/gcc17/src/gcc-build/libbacktrace'
make[4]: Nothing to be done for 'check'.
Making check in experimental
make[4]: Nothing to be done for 'check'.
true "AR_FLAGS=rc" "CC_FOR_BUILD=gcc" "CFLAGS=-g -O2" "CXXFLAGS=-g -O2 -D_GNU_SOURCE -Wno-aggressive-loop-optimizations" "CFLAGS_FOR_BUILD=-march=x86-64 -mtune=generic -O2 -pipe -fno-plt -fexceptions         -Wp,-D_FORTIFY_SOURCE=3 -Wformat          -fstack-clash-protection -fcf-protection         -fno-omit-frame-pointer -mno-omit-leaf-frame-pointer -g -ffile-prefix-map=/build/gcc17/src=/usr/src/debug/gcc17 -ffile-prefix-map=/build/gcc17/src=/usr/src/debug/gcc17" "CFLAGS_FOR_TARGET=-g -O2" "EXPECT=expect" "INSTALL=/usr/bin/install -c" "INSTALL_DATA=/usr/bin/install -c -m 644" "INSTALL_PROGRAM=/usr/bin/install -c" "INSTALL_SCRIPT=/usr/bin/install -c" "JC1FLAGS=" "LDFLAGS=" "LIBCFLAGS=-g -O2" "LIBCFLAGS_FOR_TARGET=-g -O2" "MAKE=make" "MAKEINFO=makeinfo --split-size=5000000 --split-size=5000000 -I ../../../gcc-17-20260927/libquadmath/../gcc/doc/include" "PICFLAG=" "PICFLAG_FOR_TARGET=" "SHELL=/bin/sh" "RUNTESTFLAGS=" "exec_prefix=/usr" "infodir=/usr/share/info" "libdir=/usr/lib" "prefix=/usr" "includedir=/usr/include" "AR=ar --plugin /usr/lib/gcc/x86_64-pc-linux-gnu/16/liblto_plugin.so " "AS=/build/gcc17/src/gcc-build/./gcc/as" "CC=/build/gcc17/src/gcc-build/./gcc/xgcc -B/build/gcc17/src/gcc-build/./gcc/ -B/usr/x86_64-pc-linux-gnu/bin/ -B/usr/x86_64-pc-linux-gnu/lib/ -isystem /usr/x86_64-pc-linux-gnu/include -isystem /usr/x86_64-pc-linux-gnu/sys-include   " "CXX=/build/gcc17/src/gcc-build/./gcc/xg++ -B/build/gcc17/src/gcc-build/./gcc/ -nostdinc++ -nostdinc++ -I/build/gcc17/src/gcc-build/x86_64-pc-linux-gnu/libstdc++-v3/include/x86_64-pc-linux-gnu -I/build/gcc17/src/gcc-build/x86_64-pc-linux-gnu/libstdc++-v3/include -I/build/gcc17/src/gcc-17-20260927/libstdc++-v3/libsupc++ -I/build/gcc17/src/gcc-17-20260927/libstdc++-v3/include/backward -I/build/gcc17/src/gcc-17-20260927/libstdc++-v3/testsuite/util -L/build/gcc17/src/gcc-build/x86_64-pc-linux-gnu/libstdc++-v3/src -L/build/gcc17/src/gcc-build/x86_64-pc-linux-gnu/libstdc++-v3/src/.libs -L/build/gcc17/src/gcc-build/x86_64-pc-linux-gnu/libstdc++-v3/libsupc++/.libs -B/build/gcc17/src/gcc-build/x86_64-pc-linux-gnu/libstdc++-v3/src/.libs -B/build/gcc17/src/gcc-build/x86_64-pc-linux-gnu/libstdc++-v3/libsupc++/.libs -B/usr/x86_64-pc-linux-gnu/bin/ -B/usr/x86_64-pc-linux-gnu/lib/ -isystem /usr/x86_64-pc-linux-gnu/include -isystem /usr/x86_64-pc-linux-gnu/sys-include   " "LD=/build/gcc17/src/gcc-build/./gcc/collect-ld" "LIBCFLAGS=-g -O2" "NM=/build/gcc17/src/gcc-build/./gcc/nm" "PICFLAG=" "RANLIB=ranlib --plugin /usr/lib/gcc/x86_64-pc-linux-gnu/16/liblto_plugin.so " "DESTDIR=" DO=all multi-do # make
make[4]: Nothing to be done for 'check-am'.
make[3]: Entering directory '/build/gcc17/src/gcc-build/libbacktrace'
/build/gcc17/src/gcc-build/./prev-gcc/xgcc -B/build/gcc17/src/gcc-build/./prev-gcc/ -B/usr/x86_64-pc-linux-gnu/bin/ -B/usr/x86_64-pc-linux-gnu/bin/ -B/usr/x86_64-pc-linux-gnu/lib/ -isystem /usr/x86_64-pc-linux-gnu/include -isystem /usr/x86_64-pc-linux-gnu/sys-include    -DHAVE_CONFIG_H -I. -I../../gcc-17-20260927/libbacktrace  -I ../../gcc-17-20260927/libbacktrace/../include -I ../../gcc-17-20260927/libbacktrace/../libgcc -I ../libgcc  -funwind-tables -frandom-seed=test_xcoff_32-test_format.o -W -Wall -Wwrite-strings -Wstrict-prototypes -Wmissing-prototypes -Wold-style-definition -Wmissing-format-attribute -Wcast-qual -Wno-attributes -Wpointer-arith -g -O2     -c -o test_xcoff_32-test_format.o `test -f 'test_format.c' || echo '../../gcc-17-20260927/libbacktrace/'`test_format.c
make[3]: Leaving directory '/build/gcc17/src/gcc-build/libbacktrace'
Making check in doc
make[3]: Entering directory '/build/gcc17/src/gcc-build/libbacktrace'
/build/gcc17/src/gcc-build/./prev-gcc/xgcc -B/build/gcc17/src/gcc-build/./prev-gcc/ -B/usr/x86_64-pc-linux-gnu/bin/ -B/usr/x86_64-pc-linux-gnu/bin/ -B/usr/x86_64-pc-linux-gnu/lib/ -isystem /usr/x86_64-pc-linux-gnu/include -isystem /usr/x86_64-pc-linux-gnu/sys-include    -DHAVE_CONFIG_H -I. -I../../gcc-17-20260927/libbacktrace  -I ../../gcc-17-20260927/libbacktrace/../include -I ../../gcc-17-20260927/libbacktrace/../libgcc -I ../libgcc  -funwind-tables -frandom-seed=b2test-btest.o -W -Wall -Wwrite-strings -Wstrict-prototypes -Wmissing-prototypes -Wold-style-definition -Wmissing-format-attribute -Wcast-qual -Wno-attributes -Wpointer-arith -g -O2     -c -o b2test-btest.o `test -f 'btest.c' || echo '../../gcc-17-20260927/libbacktrace/'`btest.c
make[3]: Leaving directory '/build/gcc17/src/gcc-build/libbacktrace'
make[3]: Nothing to be done for 'check'.
Making check in po
make[3]: Nothing to be done for 'check'.
Making check in ubsan
Making check in testsuite
make[3]: Entering directory '/build/gcc17/src/gcc-build/libbacktrace'
/build/gcc17/src/gcc-build/./prev-gcc/xgcc -B/build/gcc17/src/gcc-build/./prev-gcc/ -B/usr/x86_64-pc-linux-gnu/bin/ -B/usr/x86_64-pc-linux-gnu/bin/ -B/usr/x86_64-pc-linux-gnu/lib/ -isystem /usr/x86_64-pc-linux-gnu/include -isystem /usr/x86_64-pc-linux-gnu/sys-include    -DHAVE_CONFIG_H -I. -I../../gcc-17-20260927/libbacktrace  -I ../../gcc-17-20260927/libbacktrace/../include -I ../../gcc-17-20260927/libbacktrace/../libgcc -I ../libgcc  -funwind-tables -frandom-seed=test_xcoff_64-test_format.o -W -Wall -Wwrite-strings -Wstrict-prototypes -Wmissing-prototypes -Wold-style-definition -Wmissing-format-attribute -Wcast-qual -Wno-attributes -Wpointer-arith -g -O2     -c -o test_xcoff_64-test_format.o `test -f 'test_format.c' || echo '../../gcc-17-20260927/libbacktrace/'`test_format.c
make[3]: Leaving directory '/build/gcc17/src/gcc-build/libbacktrace'
make[3]: Nothing to be done for 'check'.
Making check in tsan
@@@ libgomp OMP_NUM_THREADS adjusted to 8 because of parallel make check and too many CPUs
make[3]: Entering directory '/build/gcc17/src/gcc-build/libbacktrace'
/build/gcc17/src/gcc-build/./prev-gcc/xgcc -B/build/gcc17/src/gcc-build/./prev-gcc/ -B/usr/x86_64-pc-linux-gnu/bin/ -B/usr/x86_64-pc-linux-gnu/bin/ -B/usr/x86_64-pc-linux-gnu/lib/ -isystem /usr/x86_64-pc-linux-gnu/include -isystem /usr/x86_64-pc-linux-gnu/sys-include    -DHAVE_CONFIG_H -I. -I../../gcc-17-20260927/libbacktrace  -I ../../gcc-17-20260927/libbacktrace/../include -I ../../gcc-17-20260927/libbacktrace/../libgcc -I ../libgcc  -funwind-tables -frandom-seed=test_macho-testlib.o -W -Wall -Wwrite-strings -Wstrict-prototypes -Wmissing-prototypes -Wold-style-definition -Wmissing-format-attribute -Wcast-qual -Wno-attributes -Wpointer-arith -g -O2     -c -o test_macho-testlib.o `test -f 'testlib.c' || echo '../../gcc-17-20260927/libbacktrace/'`testlib.c
make[3]: Leaving directory '/build/gcc17/src/gcc-build/libbacktrace'
make[3]: Entering directory '/build/gcc17/src/gcc-build/libbacktrace'
/build/gcc17/src/gcc-build/./prev-gcc/xgcc -B/build/gcc17/src/gcc-build/./prev-gcc/ -B/usr/x86_64-pc-linux-gnu/bin/ -B/usr/x86_64-pc-linux-gnu/bin/ -B/usr/x86_64-pc-linux-gnu/lib/ -isystem /usr/x86_64-pc-linux-gnu/include -isystem /usr/x86_64-pc-linux-gnu/sys-include    -DHAVE_CONFIG_H -I. -I../../gcc-17-20260927/libbacktrace  -I ../../gcc-17-20260927/libbacktrace/../include -I ../../gcc-17-20260927/libbacktrace/../libgcc -I ../libgcc  -funwind-tables -frandom-seed=test_pecoff-test_format.o -W -Wall -Wwrite-strings -Wstrict-prototypes -Wmissing-prototypes -Wold-style-definition -Wmissing-format-attribute -Wcast-qual -Wno-attributes -Wpointer-arith -g -O2     -c -o test_pecoff-test_format.o `test -f 'test_format.c' || echo '../../gcc-17-20260927/libbacktrace/'`test_format.c
make[3]: Leaving directory '/build/gcc17/src/gcc-build/libbacktrace'
make[3]: Entering directory '/build/gcc17/src/gcc-build/libbacktrace'
/bin/sh ./libtool  --tag=CC   --mode=compile /build/gcc17/src/gcc-build/./prev-gcc/xgcc -B/build/gcc17/src/gcc-build/./prev-gcc/ -B/usr/x86_64-pc-linux-gnu/bin/ -B/usr/x86_64-pc-linux-gnu/bin/ -B/usr/x86_64-pc-linux-gnu/lib/ -isystem /usr/x86_64-pc-linux-gnu/include -isystem /usr/x86_64-pc-linux-gnu/sys-include    -DHAVE_CONFIG_H -I. -I../../gcc-17-20260927/libbacktrace  -I ../../gcc-17-20260927/libbacktrace/../include -I ../../gcc-17-20260927/libbacktrace/../libgcc -I ../libgcc  -funwind-tables -frandom-seed=instrumented_alloc.lo -W -Wall -Wwrite-strings -Wstrict-prototypes -Wmissing-prototypes -Wold-style-definition -Wmissing-format-attribute -Wcast-qual -Wno-attributes -Wpointer-arith   -O2     -c -o instrumented_alloc.lo ../../gcc-17-20260927/libbacktrace/instrumented_alloc.c
libtool: compile:  /build/gcc17/src/gcc-build/./prev-gcc/xgcc -B/build/gcc17/src/gcc-build/./prev-gcc/ -B/usr/x86_64-pc-linux-gnu/bin/ -B/usr/x86_64-pc-linux-gnu/bin/ -B/usr/x86_64-pc-linux-gnu/lib/ -isystem /usr/x86_64-pc-linux-gnu/include -isystem /usr/x86_64-pc-linux-gnu/sys-include -DHAVE_CONFIG_H -I. -I../../gcc-17-20260927/libbacktrace -I ../../gcc-17-20260927/libbacktrace/../include -I ../../gcc-17-20260927/libbacktrace/../libgcc -I ../libgcc -funwind-tables -frandom-seed=instrumented_alloc.lo -W -Wall -Wwrite-strings -Wstrict-prototypes -Wmissing-prototypes -Wold-style-definition -Wmissing-format-attribute -Wcast-qual -Wno-attributes -Wpointer-arith -O2 -c ../../gcc-17-20260927/libbacktrace/instrumented_alloc.c  -fPIC -DPIC -o .libs/instrumented_alloc.o
libtool: compile:  /build/gcc17/src/gcc-build/./prev-gcc/xgcc -B/build/gcc17/src/gcc-build/./prev-gcc/ -B/usr/x86_64-pc-linux-gnu/bin/ -B/usr/x86_64-pc-linux-gnu/bin/ -B/usr/x86_64-pc-linux-gnu/lib/ -isystem /usr/x86_64-pc-linux-gnu/include -isystem /usr/x86_64-pc-linux-gnu/sys-include -DHAVE_CONFIG_H -I. -I../../gcc-17-20260927/libbacktrace -I ../../gcc-17-20260927/libbacktrace/../include -I ../../gcc-17-20260927/libbacktrace/../libgcc -I ../libgcc -funwind-tables -frandom-seed=instrumented_alloc.lo -W -Wall -Wwrite-strings -Wstrict-prototypes -Wmissing-prototypes -Wold-style-definition -Wmissing-format-attribute -Wcast-qual -Wno-attributes -Wpointer-arith -O2 -c ../../gcc-17-20260927/libbacktrace/instrumented_alloc.c -o instrumented_alloc.o >/dev/null 2>&1
make[3]: Leaving directory '/build/gcc17/src/gcc-build/libbacktrace'
make[3]: Entering directory '/build/gcc17/src/gcc-build/libiberty/testsuite'
/build/gcc17/src/gcc-build/./prev-gcc/xgcc -B/build/gcc17/src/gcc-build/./prev-gcc/ -B/usr/x86_64-pc-linux-gnu/bin/ -B/usr/x86_64-pc-linux-gnu/bin/ -B/usr/x86_64-pc-linux-gnu/lib/ -isystem /usr/x86_64-pc-linux-gnu/include -isystem /usr/x86_64-pc-linux-gnu/sys-include    -DHAVE_CONFIG_H -O2     -static-libstdc++ -static-libgcc  -I.. -I../../../gcc-17-20260927/libiberty/testsuite/../../include  -DHAVE_CONFIG_H -I.. -o test-strtol \
	../../../gcc-17-20260927/libiberty/testsuite/test-strtol.c ../libiberty.a
make[3]: Leaving directory '/build/gcc17/src/gcc-build/libiberty/testsuite'
make[3]: Entering directory '/build/gcc17/src/gcc-build/libiberty/testsuite'
./test-strtol
PASS: test-strtol-0.
PASS: test-strtol-1.
PASS: test-strtol-2.
PASS: test-strtol-3.
PASS: test-strtol-4.
PASS: test-strtol-5.
PASS: test-strtol-6.
PASS: test-strtol-7.
PASS: test-strtol-8.
PASS: test-strtol-9.
PASS: test-strtol-10.
PASS: test-strtol-11.
PASS: test-strtol-12.
PASS: test-strtol-13.
PASS: test-strtol-14.
PASS: test-strtol-15.
PASS: test-strtol-16.
PASS: test-strtol-17.
PASS: test-strtol-18.
PASS: test-strtol-19.
PASS: test-strtol-20.
make[3]: Leaving directory '/build/gcc17/src/gcc-build/libiberty/testsuite'
Making check in testsuite
make[3]: Entering directory '/build/gcc17/src/gcc-build/x86_64-pc-linux-gnu/libstdc++-v3/po'
/bin/sh /build/gcc17/src/gcc-17-20260927/libstdc++-v3/../mkinstalldirs /build/gcc17/src/gcc-build/x86_64-pc-linux-gnu/libstdc++-v3/po/share/locale
mkdir -p -- /build/gcc17/src/gcc-build/x86_64-pc-linux-gnu/libstdc++-v3/po/share/locale
catalogs='de.mo fr.mo'; \
for cat in $catalogs; do \
  cat=`basename $cat`; \
  lang=`echo $cat | sed 's/\.mo$//'`; \
  install_dir=/build/gcc17/src/gcc-build/x86_64-pc-linux-gnu/libstdc++-v3/po/share/locale/$lang/LC_MESSAGES; \
  /bin/sh /build/gcc17/src/gcc-17-20260927/libstdc++-v3/../mkinstalldirs $install_dir; \
  /usr/bin/install -c -m 644 $cat $install_dir/libstdc++.mo; \
done
mkdir -p -- /build/gcc17/src/gcc-build/x86_64-pc-linux-gnu/libstdc++-v3/po/share/locale/de/LC_MESSAGES
mkdir -p -- /build/gcc17/src/gcc-build/x86_64-pc-linux-gnu/libstdc++-v3/po/share/locale/fr/LC_MESSAGES
make[3]: Leaving directory '/build/gcc17/src/gcc-build/x86_64-pc-linux-gnu/libstdc++-v3/po'
Making check in testsuite
make  check-DEJAGNU
make[3]: Nothing to be done for 'check'.
Making check in hwasan
make  check-DEJAGNU
Making check in testsuite
make[3]: Entering directory '/build/gcc17/src/gcc-build/libbacktrace'
/build/gcc17/src/gcc-build/./prev-gcc/xgcc -B/build/gcc17/src/gcc-build/./prev-gcc/ -B/usr/x86_64-pc-linux-gnu/bin/ -B/usr/x86_64-pc-linux-gnu/bin/ -B/usr/x86_64-pc-linux-gnu/lib/ -isystem /usr/x86_64-pc-linux-gnu/include -isystem /usr/x86_64-pc-linux-gnu/sys-include    -DHAVE_CONFIG_H -I. -I../../gcc-17-20260927/libbacktrace  -I ../../gcc-17-20260927/libbacktrace/../include -I ../../gcc-17-20260927/libbacktrace/../libgcc -I ../libgcc  -funwind-tables -frandom-seed=test_xcoff_32-testlib.o -W -Wall -Wwrite-strings -Wstrict-prototypes -Wmissing-prototypes -Wold-style-definition -Wmissing-format-attribute -Wcast-qual -Wno-attributes -Wpointer-arith -g -O2     -c -o test_xcoff_32-testlib.o `test -f 'testlib.c' || echo '../../gcc-17-20260927/libbacktrace/'`testlib.c
make[3]: Leaving directory '/build/gcc17/src/gcc-build/libbacktrace'
make  check-DEJAGNU
make[4]: Entering directory '/build/gcc17/src/gcc-build/x86_64-pc-linux-gnu/libgomp/testsuite'
Making a new site.exp file ...
make[4]: Leaving directory '/build/gcc17/src/gcc-build/x86_64-pc-linux-gnu/libgomp/testsuite'
make[3]: Entering directory '/build/gcc17/src/gcc-build/libbacktrace'
/build/gcc17/src/gcc-build/./prev-gcc/xgcc -B/build/gcc17/src/gcc-build/./prev-gcc/ -B/usr/x86_64-pc-linux-gnu/bin/ -B/usr/x86_64-pc-linux-gnu/bin/ -B/usr/x86_64-pc-linux-gnu/lib/ -isystem /usr/x86_64-pc-linux-gnu/include -isystem /usr/x86_64-pc-linux-gnu/sys-include    -DHAVE_CONFIG_H -I. -I../../gcc-17-20260927/libbacktrace  -I ../../gcc-17-20260927/libbacktrace/../include -I ../../gcc-17-20260927/libbacktrace/../libgcc -I ../libgcc  -funwind-tables -frandom-seed=test_unknown-test_format.o -W -Wall -Wwrite-strings -Wstrict-prototypes -Wmissing-prototypes -Wold-style-definition -Wmissing-format-attribute -Wcast-qual -Wno-attributes -Wpointer-arith -g -O2     -c -o test_unknown-test_format.o `test -f 'test_format.c' || echo '../../gcc-17-20260927/libbacktrace/'`test_format.c
make[3]: Nothing to be done for 'check'.
make[3]: Leaving directory '/build/gcc17/src/gcc-build/libbacktrace'
AR="ar --plugin /usr/lib/gcc/x86_64-pc-linux-gnu/16/liblto_plugin.so "; export AR; \
RANLIB="ranlib --plugin /usr/lib/gcc/x86_64-pc-linux-gnu/16/liblto_plugin.so "; export RANLIB; \
if [ -z "" ] && [ -n "-j20" ]; then \
  rm -rf libgomp-parallel || true; \
  mkdir libgomp-parallel; \
  make  check-DEJAGNUlibgomp1 check-DEJAGNUlibgomp2 check-DEJAGNUlibgomp3 check-DEJAGNUlibgomp4 check-DEJAGNUlibgomp5 check-DEJAGNUlibgomp6 check-DEJAGNUlibgomp7 check-DEJAGNUlibgomp8 check-DEJAGNUlibgomp9 check-DEJAGNUlibgomp10 check-DEJAGNUlibgomp11 check-DEJAGNUlibgomp12 check-DEJAGNUlibgomp13 check-DEJAGNUlibgomp14 check-DEJAGNUlibgomp15 check-DEJAGNUlibgomp16 check-DEJAGNUlibgomp17 check-DEJAGNUlibgomp18 check-DEJAGNUlibgomp19; \
  rm -rf libgomp-parallel || true; \
  for idx in 1 2 3 4 5 6 7 8 9 10 11 12 13 14 15 16 17 18 19; do \
    if [ -d libgomp$idx ]; then \
      mv -f libgomp$idx/libgomp.sum libgomp$idx/libgomp.sum.sep; \
      mv -f libgomp$idx/libgomp.log libgomp$idx/libgomp.log.sep; \
    fi; \
  done; \
  /bin/sh ../../../../gcc-17-20260927/libgomp/testsuite/../../contrib/dg-extract-results.sh \
    libgomp[0-9]*/libgomp.sum.sep > libgomp.sum; \
  /bin/sh ../../../../gcc-17-20260927/libgomp/testsuite/../../contrib/dg-extract-results.sh -L \
    libgomp[0-9]*/libgomp.log.sep > libgomp.log; \
  exit 0; \
fi; \
srcdir=`CDPATH="${ZSH_VERSION+.}:" && cd ../../../../gcc-17-20260927/libgomp/testsuite && pwd`; export srcdir; \
EXPECT=expect; export EXPECT; \
runtest=runtest; \
if [ -z "$runtest" ]; then runtest=runtest; fi; \
tool=libgomp; \
if [ -n "" ]; then \
  if [ -f libgomp-parallel/finished ]; then rm -rf ""; exit 0; fi; \
  GCC_RUNTEST_PARALLELIZE_DIR=`${PWDCMD-pwd}`/libgomp-parallel; \
  export GCC_RUNTEST_PARALLELIZE_DIR; \
  cd ""; \
fi; \
if /bin/sh -c "$runtest --version" > /dev/null 2>&1; then \
  $runtest  --tool $tool --srcdir $srcdir \
	    ; \
  if [ -n "" ]; then \
    touch $GCC_RUNTEST_PARALLELIZE_DIR/finished; \
  fi; \
else \
  echo "WARNING: could not find \`runtest'" 1>&2; :;\
fi
make[3]: Entering directory '/build/gcc17/src/gcc-build/libbacktrace'
/build/gcc17/src/gcc-build/./prev-gcc/xgcc -B/build/gcc17/src/gcc-build/./prev-gcc/ -B/usr/x86_64-pc-linux-gnu/bin/ -B/usr/x86_64-pc-linux-gnu/bin/ -B/usr/x86_64-pc-linux-gnu/lib/ -isystem /usr/x86_64-pc-linux-gnu/include -isystem /usr/x86_64-pc-linux-gnu/sys-include    -DHAVE_CONFIG_H -I. -I../../gcc-17-20260927/libbacktrace  -I ../../gcc-17-20260927/libbacktrace/../include -I ../../gcc-17-20260927/libbacktrace/../libgcc -I ../libgcc  -funwind-tables -frandom-seed=test_xcoff_64-testlib.o -W -Wall -Wwrite-strings -Wstrict-prototypes -Wmissing-prototypes -Wold-style-definition -Wmissing-format-attribute -Wcast-qual -Wno-attributes -Wpointer-arith -g -O2     -c -o test_xcoff_64-testlib.o `test -f 'testlib.c' || echo '../../gcc-17-20260927/libbacktrace/'`testlib.c
make[3]: Leaving directory '/build/gcc17/src/gcc-build/libbacktrace'
true "AR_FLAGS=rc" "CC_FOR_BUILD=gcc" "CFLAGS=-g -O2" "CXXFLAGS=-g -O2 -D_GNU_SOURCE -Wno-aggressive-loop-optimizations" "CFLAGS_FOR_BUILD=-march=x86-64 -mtune=generic -O2 -pipe -fno-plt -fexceptions         -Wp,-D_FORTIFY_SOURCE=3 -Wformat          -fstack-clash-protection -fcf-protection         -fno-omit-frame-pointer -mno-omit-leaf-frame-pointer -g -ffile-prefix-map=/build/gcc17/src=/usr/src/debug/gcc17 -ffile-prefix-map=/build/gcc17/src=/usr/src/debug/gcc17" "CFLAGS_FOR_TARGET=-g -O2" "INSTALL=/usr/bin/install -c" "INSTALL_DATA=/usr/bin/install -c -m 644" "INSTALL_PROGRAM=/usr/bin/install -c" "INSTALL_SCRIPT=/usr/bin/install -c" "JC1FLAGS=" "LDFLAGS=" "LIBCFLAGS=-g -O2" "LIBCFLAGS_FOR_TARGET=-g -O2" "MAKE=make" "MAKEINFO=makeinfo --split-size=5000000 --split-size=5000000  " "PICFLAG=" "PICFLAG_FOR_TARGET=" "SHELL=/bin/sh" "RUNTESTFLAGS=" "exec_prefix=/usr" "infodir=/usr/share/info" "libdir=/usr/lib" "prefix=/usr" "includedir=/usr/include" "AR=ar --plugin /usr/lib/gcc/x86_64-pc-linux-gnu/16/liblto_plugin.so " "AS=/build/gcc17/src/gcc-build/./gcc/as" "LD=/build/gcc17/src/gcc-build/./gcc/collect-ld" "LIBCFLAGS=-g -O2" "NM=/build/gcc17/src/gcc-build/./gcc/nm" "PICFLAG=" "RANLIB=ranlib --plugin /usr/lib/gcc/x86_64-pc-linux-gnu/16/liblto_plugin.so " "DESTDIR=" DO=all multi-do # make
make[4]: Entering directory '/build/gcc17/src/gcc-build/x86_64-pc-linux-gnu/libitm/testsuite'
Making a new site.exp file ...
make[4]: Leaving directory '/build/gcc17/src/gcc-build/x86_64-pc-linux-gnu/libitm/testsuite'
make[3]: Entering directory '/build/gcc17/src/gcc-build/libbacktrace'
/build/gcc17/src/gcc-build/./prev-gcc/xgcc -B/build/gcc17/src/gcc-build/./prev-gcc/ -B/usr/x86_64-pc-linux-gnu/bin/ -B/usr/x86_64-pc-linux-gnu/bin/ -B/usr/x86_64-pc-linux-gnu/lib/ -isystem /usr/x86_64-pc-linux-gnu/include -isystem /usr/x86_64-pc-linux-gnu/sys-include    -DHAVE_CONFIG_H -I. -I../../gcc-17-20260927/libbacktrace  -I ../../gcc-17-20260927/libbacktrace/../include -I ../../gcc-17-20260927/libbacktrace/../libgcc -I ../libgcc  -funwind-tables -frandom-seed=unittest-unittest.o -W -Wall -Wwrite-strings -Wstrict-prototypes -Wmissing-prototypes -Wold-style-definition -Wmissing-format-attribute -Wcast-qual -Wno-attributes -Wpointer-arith -g -O2     -c -o unittest-unittest.o `test -f 'unittest.c' || echo '../../gcc-17-20260927/libbacktrace/'`unittest.c
make[3]: Leaving directory '/build/gcc17/src/gcc-build/libbacktrace'
make[3]: Entering directory '/build/gcc17/src/gcc-build/libbacktrace'
/build/gcc17/src/gcc-build/./prev-gcc/xgcc -B/build/gcc17/src/gcc-build/./prev-gcc/ -B/usr/x86_64-pc-linux-gnu/bin/ -B/usr/x86_64-pc-linux-gnu/bin/ -B/usr/x86_64-pc-linux-gnu/lib/ -isystem /usr/x86_64-pc-linux-gnu/include -isystem /usr/x86_64-pc-linux-gnu/sys-include    -DHAVE_CONFIG_H -I. -I../../gcc-17-20260927/libbacktrace  -I ../../gcc-17-20260927/libbacktrace/../include -I ../../gcc-17-20260927/libbacktrace/../libgcc -I ../libgcc  -funwind-tables -frandom-seed=test_pecoff-testlib.o -W -Wall -Wwrite-strings -Wstrict-prototypes -Wmissing-prototypes -Wold-style-definition -Wmissing-format-attribute -Wcast-qual -Wno-attributes -Wpointer-arith -g -O2     -c -o test_pecoff-testlib.o `test -f 'testlib.c' || echo '../../gcc-17-20260927/libbacktrace/'`testlib.c
make[3]: Leaving directory '/build/gcc17/src/gcc-build/libbacktrace'
make[4]: Entering directory '/build/gcc17/src/gcc-build/x86_64-pc-linux-gnu/libstdc++-v3/testsuite'
Making a new site.exp file...
make[4]: Leaving directory '/build/gcc17/src/gcc-build/x86_64-pc-linux-gnu/libstdc++-v3/testsuite'
make[4]: Entering directory '/build/gcc17/src/gcc-build/x86_64-pc-linux-gnu/libatomic/testsuite'
Making a new site.exp file ...
make[4]: Leaving directory '/build/gcc17/src/gcc-build/x86_64-pc-linux-gnu/libatomic/testsuite'
make[3]: Entering directory '/build/gcc17/src/gcc-build/libbacktrace'
/build/gcc17/src/gcc-build/./prev-gcc/xgcc -B/build/gcc17/src/gcc-build/./prev-gcc/ -B/usr/x86_64-pc-linux-gnu/bin/ -B/usr/x86_64-pc-linux-gnu/bin/ -B/usr/x86_64-pc-linux-gnu/lib/ -isystem /usr/x86_64-pc-linux-gnu/include -isystem /usr/x86_64-pc-linux-gnu/sys-include    -DHAVE_CONFIG_H -I. -I../../gcc-17-20260927/libbacktrace  -I ../../gcc-17-20260927/libbacktrace/../include -I ../../gcc-17-20260927/libbacktrace/../libgcc -I ../libgcc  -funwind-tables -frandom-seed=unittest_alloc-unittest.o -W -Wall -Wwrite-strings -Wstrict-prototypes -Wmissing-prototypes -Wold-style-definition -Wmissing-format-attribute -Wcast-qual -Wno-attributes -Wpointer-arith -g -O2     -c -o unittest_alloc-unittest.o `test -f 'unittest.c' || echo '../../gcc-17-20260927/libbacktrace/'`unittest.c
make[3]: Leaving directory '/build/gcc17/src/gcc-build/libbacktrace'
make[3]: Entering directory '/build/gcc17/src/gcc-build/libiberty/testsuite'
/build/gcc17/src/gcc-build/./prev-gcc/xgcc -B/build/gcc17/src/gcc-build/./prev-gcc/ -B/usr/x86_64-pc-linux-gnu/bin/ -B/usr/x86_64-pc-linux-gnu/bin/ -B/usr/x86_64-pc-linux-gnu/lib/ -isystem /usr/x86_64-pc-linux-gnu/include -isystem /usr/x86_64-pc-linux-gnu/sys-include    -DHAVE_CONFIG_H -O2     -static-libstdc++ -static-libgcc  -I.. -I../../../gcc-17-20260927/libiberty/testsuite/../../include  -DHAVE_CONFIG_H -I.. -o test-doubly-linked-list \
	../../../gcc-17-20260927/libiberty/testsuite/test-doubly-linked-list.c
make[3]: Leaving directory '/build/gcc17/src/gcc-build/libiberty/testsuite'
make[3]: Entering directory '/build/gcc17/src/gcc-build/libbacktrace'
/build/gcc17/src/gcc-build/./prev-gcc/xgcc -B/build/gcc17/src/gcc-build/./prev-gcc/ -B/usr/x86_64-pc-linux-gnu/bin/ -B/usr/x86_64-pc-linux-gnu/bin/ -B/usr/x86_64-pc-linux-gnu/lib/ -isystem /usr/x86_64-pc-linux-gnu/include -isystem /usr/x86_64-pc-linux-gnu/sys-include    -DHAVE_CONFIG_H -I. -I../../gcc-17-20260927/libbacktrace  -I ../../gcc-17-20260927/libbacktrace/../include -I ../../gcc-17-20260927/libbacktrace/../libgcc -I ../libgcc  -funwind-tables -frandom-seed=test_unknown-testlib.o -W -Wall -Wwrite-strings -Wstrict-prototypes -Wmissing-prototypes -Wold-style-definition -Wmissing-format-attribute -Wcast-qual -Wno-attributes -Wpointer-arith -g -O2     -c -o test_unknown-testlib.o `test -f 'testlib.c' || echo '../../gcc-17-20260927/libbacktrace/'`testlib.c
make[3]: Leaving directory '/build/gcc17/src/gcc-build/libbacktrace'
make[3]: Entering directory '/build/gcc17/src/gcc-build/libbacktrace'
/build/gcc17/src/gcc-build/./prev-gcc/xgcc -B/build/gcc17/src/gcc-build/./prev-gcc/ -B/usr/x86_64-pc-linux-gnu/bin/ -B/usr/x86_64-pc-linux-gnu/bin/ -B/usr/x86_64-pc-linux-gnu/lib/ -isystem /usr/x86_64-pc-linux-gnu/include -isystem /usr/x86_64-pc-linux-gnu/sys-include    -DHAVE_CONFIG_H -I. -I../../gcc-17-20260927/libbacktrace  -I ../../gcc-17-20260927/libbacktrace/../include -I ../../gcc-17-20260927/libbacktrace/../libgcc -I ../libgcc  -funwind-tables -frandom-seed=unittest-testlib.o -W -Wall -Wwrite-strings -Wstrict-prototypes -Wmissing-prototypes -Wold-style-definition -Wmissing-format-attribute -Wcast-qual -Wno-attributes -Wpointer-arith -g -O2     -c -o unittest-testlib.o `test -f 'testlib.c' || echo '../../gcc-17-20260927/libbacktrace/'`testlib.c
make[3]: Leaving directory '/build/gcc17/src/gcc-build/libbacktrace'
make[3]: Entering directory '/build/gcc17/src/gcc-build/libbacktrace'
/bin/sh ./libtool  --tag=CC   --mode=compile /build/gcc17/src/gcc-build/./prev-gcc/xgcc -B/build/gcc17/src/gcc-build/./prev-gcc/ -B/usr/x86_64-pc-linux-gnu/bin/ -B/usr/x86_64-pc-linux-gnu/bin/ -B/usr/x86_64-pc-linux-gnu/lib/ -isystem /usr/x86_64-pc-linux-gnu/include -isystem /usr/x86_64-pc-linux-gnu/sys-include    -DHAVE_CONFIG_H -I. -I../../gcc-17-20260927/libbacktrace  -I ../../gcc-17-20260927/libbacktrace/../include -I ../../gcc-17-20260927/libbacktrace/../libgcc -I ../libgcc  -funwind-tables -frandom-seed=unknown.lo -W -Wall -Wwrite-strings -Wstrict-prototypes -Wmissing-prototypes -Wold-style-definition -Wmissing-format-attribute -Wcast-qual -Wno-attributes -Wpointer-arith   -O2     -c -o unknown.lo ../../gcc-17-20260927/libbacktrace/unknown.c
libtool: compile:  /build/gcc17/src/gcc-build/./prev-gcc/xgcc -B/build/gcc17/src/gcc-build/./prev-gcc/ -B/usr/x86_64-pc-linux-gnu/bin/ -B/usr/x86_64-pc-linux-gnu/bin/ -B/usr/x86_64-pc-linux-gnu/lib/ -isystem /usr/x86_64-pc-linux-gnu/include -isystem /usr/x86_64-pc-linux-gnu/sys-include -DHAVE_CONFIG_H -I. -I../../gcc-17-20260927/libbacktrace -I ../../gcc-17-20260927/libbacktrace/../include -I ../../gcc-17-20260927/libbacktrace/../libgcc -I ../libgcc -funwind-tables -frandom-seed=unknown.lo -W -Wall -Wwrite-strings -Wstrict-prototypes -Wmissing-prototypes -Wold-style-definition -Wmissing-format-attribute -Wcast-qual -Wno-attributes -Wpointer-arith -O2 -c ../../gcc-17-20260927/libbacktrace/unknown.c  -fPIC -DPIC -o .libs/unknown.o
libtool: compile:  /build/gcc17/src/gcc-build/./prev-gcc/xgcc -B/build/gcc17/src/gcc-build/./prev-gcc/ -B/usr/x86_64-pc-linux-gnu/bin/ -B/usr/x86_64-pc-linux-gnu/bin/ -B/usr/x86_64-pc-linux-gnu/lib/ -isystem /usr/x86_64-pc-linux-gnu/include -isystem /usr/x86_64-pc-linux-gnu/sys-include -DHAVE_CONFIG_H -I. -I../../gcc-17-20260927/libbacktrace -I ../../gcc-17-20260927/libbacktrace/../include -I ../../gcc-17-20260927/libbacktrace/../libgcc -I ../libgcc -funwind-tables -frandom-seed=unknown.lo -W -Wall -Wwrite-strings -Wstrict-prototypes -Wmissing-prototypes -Wold-style-definition -Wmissing-format-attribute -Wcast-qual -Wno-attributes -Wpointer-arith -O2 -c ../../gcc-17-20260927/libbacktrace/unknown.c -o unknown.o >/dev/null 2>&1
make[3]: Leaving directory '/build/gcc17/src/gcc-build/libbacktrace'
make[3]: Entering directory '/build/gcc17/src/gcc-build/libiberty/testsuite'
./test-doubly-linked-list
PASS: test-linked-list::append: check forward conformity
PASS: test-linked-list::append: check backward conformity
PASS: test-linked-list::sort: check forward conformity
PASS: test-linked-list::sort: check backward conformity
PASS: test-linked-list::prepend: check forward conformity
PASS: test-linked-list::prepend: check backward conformity
PASS: test-linked-list::insert_before: check forward conformity
PASS: test-linked-list::insert_before: check backward conformity
PASS: test-linked-list::remove: check forward conformity
PASS: test-linked-list::remove: check backward conformity
PASS: test-linked-list::swap first and last: check forward conformity
PASS: test-linked-list::swap first and last: check backward conformity
PASS: test-linked-list::swap adjacent nodes: check forward conformity
PASS: test-linked-list::swap adjacent nodes: check backward conformity
PASS: test-linked-list::swap non-adjacent nodes: check forward conformity
PASS: test-linked-list::swap non-adjacent nodes: check backward conformity
PASS: test-linked-list::sort: check forward conformity
PASS: test-linked-list::sort: check backward conformity
PASS: test-linked-list::pop_front: check forward conformity
PASS: test-linked-list::pop_front: check backward conformity
PASS: test-linked-list::pop_back: check forward conformity
PASS: test-linked-list::pop_back: check backward conformity
PASS: test-linked-list::swap wrappers once: check forward conformity
PASS: test-linked-list::swap wrappers once: check backward conformity
PASS: test-linked-list::swap wrappers twice: check forward conformity
PASS: test-linked-list::swap wrappers twice: check backward conformity
make[3]: Leaving directory '/build/gcc17/src/gcc-build/libiberty/testsuite'
make[3]: Entering directory '/build/gcc17/src/gcc-build/libbacktrace'
/build/gcc17/src/gcc-build/./prev-gcc/xgcc -B/build/gcc17/src/gcc-build/./prev-gcc/ -B/usr/x86_64-pc-linux-gnu/bin/ -B/usr/x86_64-pc-linux-gnu/bin/ -B/usr/x86_64-pc-linux-gnu/lib/ -isystem /usr/x86_64-pc-linux-gnu/include -isystem /usr/x86_64-pc-linux-gnu/sys-include    -DHAVE_CONFIG_H -I. -I../../gcc-17-20260927/libbacktrace  -I ../../gcc-17-20260927/libbacktrace/../include -I ../../gcc-17-20260927/libbacktrace/../libgcc -I ../libgcc  -funwind-tables -frandom-seed=unittest_alloc-testlib.o -W -Wall -Wwrite-strings -Wstrict-prototypes -Wmissing-prototypes -Wold-style-definition -Wmissing-format-attribute -Wcast-qual -Wno-attributes -Wpointer-arith -g -O2     -c -o unittest_alloc-testlib.o `test -f 'testlib.c' || echo '../../gcc-17-20260927/libbacktrace/'`testlib.c
make[3]: Leaving directory '/build/gcc17/src/gcc-build/libbacktrace'
make[3]: Entering directory '/build/gcc17/src/gcc-build/libbacktrace'
/build/gcc17/src/gcc-build/./prev-gcc/xgcc -B/build/gcc17/src/gcc-build/./prev-gcc/ -B/usr/x86_64-pc-linux-gnu/bin/ -B/usr/x86_64-pc-linux-gnu/bin/ -B/usr/x86_64-pc-linux-gnu/lib/ -isystem /usr/x86_64-pc-linux-gnu/include -isystem /usr/x86_64-pc-linux-gnu/sys-include    -DHAVE_CONFIG_H -I. -I../../gcc-17-20260927/libbacktrace  -I ../../gcc-17-20260927/libbacktrace/../include -I ../../gcc-17-20260927/libbacktrace/../libgcc -I ../libgcc  -funwind-tables -frandom-seed=btest_lto-testlib.o -W -Wall -Wwrite-strings -Wstrict-prototypes -Wmissing-prototypes -Wold-style-definition -Wmissing-format-attribute -Wcast-qual -Wno-attributes -Wpointer-arith -g -O -flto -O2     -c -o btest_lto-testlib.o `test -f 'testlib.c' || echo '../../gcc-17-20260927/libbacktrace/'`testlib.c
make[3]: Leaving directory '/build/gcc17/src/gcc-build/libbacktrace'
make[3]: Entering directory '/build/gcc17/src/gcc-build/libbacktrace'
/build/gcc17/src/gcc-build/./prev-gcc/xgcc -B/build/gcc17/src/gcc-build/./prev-gcc/ -B/usr/x86_64-pc-linux-gnu/bin/ -B/usr/x86_64-pc-linux-gnu/bin/ -B/usr/x86_64-pc-linux-gnu/lib/ -isystem /usr/x86_64-pc-linux-gnu/include -isystem /usr/x86_64-pc-linux-gnu/sys-include    -DHAVE_CONFIG_H -I. -I../../gcc-17-20260927/libbacktrace  -I ../../gcc-17-20260927/libbacktrace/../include -I ../../gcc-17-20260927/libbacktrace/../libgcc -I ../libgcc  -funwind-tables -frandom-seed=btest_lto-btest.o -W -Wall -Wwrite-strings -Wstrict-prototypes -Wmissing-prototypes -Wold-style-definition -Wmissing-format-attribute -Wcast-qual -Wno-attributes -Wpointer-arith -g -O -flto -O2     -c -o btest_lto-btest.o `test -f 'btest.c' || echo '../../gcc-17-20260927/libbacktrace/'`btest.c
make[3]: Leaving directory '/build/gcc17/src/gcc-build/libbacktrace'
make[3]: Entering directory '/build/gcc17/src/gcc-build/libbacktrace'
/build/gcc17/src/gcc-build/./prev-gcc/xgcc -B/build/gcc17/src/gcc-build/./prev-gcc/ -B/usr/x86_64-pc-linux-gnu/bin/ -B/usr/x86_64-pc-linux-gnu/bin/ -B/usr/x86_64-pc-linux-gnu/lib/ -isystem /usr/x86_64-pc-linux-gnu/include -isystem /usr/x86_64-pc-linux-gnu/sys-include    -DHAVE_CONFIG_H -I. -I../../gcc-17-20260927/libbacktrace  -I ../../gcc-17-20260927/libbacktrace/../include -I ../../gcc-17-20260927/libbacktrace/../libgcc -I ../libgcc  -funwind-tables -frandom-seed=btest-testlib.o -W -Wall -Wwrite-strings -Wstrict-prototypes -Wmissing-prototypes -Wold-style-definition -Wmissing-format-attribute -Wcast-qual -Wno-attributes -Wpointer-arith -g -O -O2     -c -o btest-testlib.o `test -f 'testlib.c' || echo '../../gcc-17-20260927/libbacktrace/'`testlib.c
make[3]: Leaving directory '/build/gcc17/src/gcc-build/libbacktrace'
make[3]: Entering directory '/build/gcc17/src/gcc-build/libbacktrace'
/build/gcc17/src/gcc-build/./prev-gcc/xgcc -B/build/gcc17/src/gcc-build/./prev-gcc/ -B/usr/x86_64-pc-linux-gnu/bin/ -B/usr/x86_64-pc-linux-gnu/bin/ -B/usr/x86_64-pc-linux-gnu/lib/ -isystem /usr/x86_64-pc-linux-gnu/include -isystem /usr/x86_64-pc-linux-gnu/sys-include    -DHAVE_CONFIG_H -I. -I../../gcc-17-20260927/libbacktrace  -I ../../gcc-17-20260927/libbacktrace/../include -I ../../gcc-17-20260927/libbacktrace/../libgcc -I ../libgcc  -funwind-tables -frandom-seed=btest-btest.o -W -Wall -Wwrite-strings -Wstrict-prototypes -Wmissing-prototypes -Wold-style-definition -Wmissing-format-attribute -Wcast-qual -Wno-attributes -Wpointer-arith -g -O -O2     -c -o btest-btest.o `test -f 'btest.c' || echo '../../gcc-17-20260927/libbacktrace/'`btest.c
make[3]: Leaving directory '/build/gcc17/src/gcc-build/libbacktrace'
make[3]: Entering directory '/build/gcc17/src/gcc-build/libbacktrace'
/build/gcc17/src/gcc-build/./prev-gcc/xgcc -B/build/gcc17/src/gcc-build/./prev-gcc/ -B/usr/x86_64-pc-linux-gnu/bin/ -B/usr/x86_64-pc-linux-gnu/bin/ -B/usr/x86_64-pc-linux-gnu/lib/ -isystem /usr/x86_64-pc-linux-gnu/include -isystem /usr/x86_64-pc-linux-gnu/sys-include    -DHAVE_CONFIG_H -I. -I../../gcc-17-20260927/libbacktrace  -I ../../gcc-17-20260927/libbacktrace/../include -I ../../gcc-17-20260927/libbacktrace/../libgcc -I ../libgcc  -funwind-tables -frandom-seed=stest-stest.o -W -Wall -Wwrite-strings -Wstrict-prototypes -Wmissing-prototypes -Wold-style-definition -Wmissing-format-attribute -Wcast-qual -Wno-attributes -Wpointer-arith -g -O2     -c -o stest-stest.o `test -f 'stest.c' || echo '../../gcc-17-20260927/libbacktrace/'`stest.c
make[3]: Leaving directory '/build/gcc17/src/gcc-build/libbacktrace'
make[3]: Entering directory '/build/gcc17/src/gcc-build/libiberty/testsuite'
/build/gcc17/src/gcc-build/./prev-gcc/xgcc -B/build/gcc17/src/gcc-build/./prev-gcc/ -B/usr/x86_64-pc-linux-gnu/bin/ -B/usr/x86_64-pc-linux-gnu/bin/ -B/usr/x86_64-pc-linux-gnu/lib/ -isystem /usr/x86_64-pc-linux-gnu/include -isystem /usr/x86_64-pc-linux-gnu/sys-include    -DHAVE_CONFIG_H -O2     -static-libstdc++ -static-libgcc  -I.. -I../../../gcc-17-20260927/libiberty/testsuite/../../include  -DHAVE_CONFIG_H -I.. -o test-expandargv \
	../../../gcc-17-20260927/libiberty/testsuite/test-expandargv.c ../libiberty.a
make[3]: Leaving directory '/build/gcc17/src/gcc-build/libiberty/testsuite'
make[3]: Entering directory '/build/gcc17/src/gcc-build/libiberty/testsuite'
./test-expandargv
PASS: test-buildargv-0.
PASS: test-expandargv-0.
PASS: test-buildargv-1.
PASS: test-expandargv-1.
PASS: test-buildargv-2.
PASS: test-expandargv-2.
PASS: test-buildargv-3.
PASS: test-expandargv-3.
PASS: test-buildargv-4.
PASS: test-expandargv-4.
PASS: test-buildargv-5.
PASS: test-expandargv-5.
PASS: test-buildargv-6.
PASS: test-expandargv-6.
PASS: test-buildargv-7.
PASS: test-expandargv-7.
PASS: test-buildargv-8.
PASS: test-expandargv-8.
PASS: test-buildargv-9.
PASS: test-expandargv-9.
PASS: test-buildargv-10.
PASS: test-expandargv-10.
PASS: test-buildargv-11.
PASS: test-expandargv-11.
PASS: test-buildargv-12.
PASS: test-expandargv-12.
make[3]: Leaving directory '/build/gcc17/src/gcc-build/libiberty/testsuite'
make[3]: Entering directory '/build/gcc17/src/gcc-build/libbacktrace'
/build/gcc17/src/gcc-build/./prev-gcc/xgcc -B/build/gcc17/src/gcc-build/./prev-gcc/ -B/usr/x86_64-pc-linux-gnu/bin/ -B/usr/x86_64-pc-linux-gnu/bin/ -B/usr/x86_64-pc-linux-gnu/lib/ -isystem /usr/x86_64-pc-linux-gnu/include -isystem /usr/x86_64-pc-linux-gnu/sys-include    -DHAVE_CONFIG_H -I. -I../../gcc-17-20260927/libbacktrace  -I ../../gcc-17-20260927/libbacktrace/../include -I ../../gcc-17-20260927/libbacktrace/../libgcc -I ../libgcc  -funwind-tables -frandom-seed=stest_alloc-stest.o -W -Wall -Wwrite-strings -Wstrict-prototypes -Wmissing-prototypes -Wold-style-definition -Wmissing-format-attribute -Wcast-qual -Wno-attributes -Wpointer-arith -g -O2     -c -o stest_alloc-stest.o `test -f 'stest.c' || echo '../../gcc-17-20260927/libbacktrace/'`stest.c
make[3]: Leaving directory '/build/gcc17/src/gcc-build/libbacktrace'
make[3]: Entering directory '/build/gcc17/src/gcc-build/libbacktrace'
/build/gcc17/src/gcc-build/./prev-gcc/xgcc -B/build/gcc17/src/gcc-build/./prev-gcc/ -B/usr/x86_64-pc-linux-gnu/bin/ -B/usr/x86_64-pc-linux-gnu/bin/ -B/usr/x86_64-pc-linux-gnu/lib/ -isystem /usr/x86_64-pc-linux-gnu/include -isystem /usr/x86_64-pc-linux-gnu/sys-include    -DHAVE_CONFIG_H -I. -I../../gcc-17-20260927/libbacktrace  -I ../../gcc-17-20260927/libbacktrace/../include -I ../../gcc-17-20260927/libbacktrace/../libgcc -I ../libgcc  -funwind-tables -frandom-seed=btest_alloc-testlib.o -W -Wall -Wwrite-strings -Wstrict-prototypes -Wmissing-prototypes -Wold-style-definition -Wmissing-format-attribute -Wcast-qual -Wno-attributes -Wpointer-arith -g -O2     -c -o btest_alloc-testlib.o `test -f 'testlib.c' || echo '../../gcc-17-20260927/libbacktrace/'`testlib.c
make[3]: Leaving directory '/build/gcc17/src/gcc-build/libbacktrace'
make[3]: Entering directory '/build/gcc17/src/gcc-build/libbacktrace'
/build/gcc17/src/gcc-build/./prev-gcc/xgcc -B/build/gcc17/src/gcc-build/./prev-gcc/ -B/usr/x86_64-pc-linux-gnu/bin/ -B/usr/x86_64-pc-linux-gnu/bin/ -B/usr/x86_64-pc-linux-gnu/lib/ -isystem /usr/x86_64-pc-linux-gnu/include -isystem /usr/x86_64-pc-linux-gnu/sys-include    -DHAVE_CONFIG_H -I. -I../../gcc-17-20260927/libbacktrace  -I ../../gcc-17-20260927/libbacktrace/../include -I ../../gcc-17-20260927/libbacktrace/../libgcc -I ../libgcc  -funwind-tables -frandom-seed=mdtest-mdtest.o -W -Wall -Wwrite-strings -Wstrict-prototypes -Wmissing-prototypes -Wold-style-definition -Wmissing-format-attribute -Wcast-qual -Wno-attributes -Wpointer-arith -g -O -O2     -c -o mdtest-mdtest.o `test -f 'mdtest.c' || echo '../../gcc-17-20260927/libbacktrace/'`mdtest.c
make[3]: Leaving directory '/build/gcc17/src/gcc-build/libbacktrace'
make[3]: Entering directory '/build/gcc17/src/gcc-build/libbacktrace'
/build/gcc17/src/gcc-build/./prev-gcc/xgcc -B/build/gcc17/src/gcc-build/./prev-gcc/ -B/usr/x86_64-pc-linux-gnu/bin/ -B/usr/x86_64-pc-linux-gnu/bin/ -B/usr/x86_64-pc-linux-gnu/lib/ -isystem /usr/x86_64-pc-linux-gnu/include -isystem /usr/x86_64-pc-linux-gnu/sys-include    -DHAVE_CONFIG_H -I. -I../../gcc-17-20260927/libbacktrace  -I ../../gcc-17-20260927/libbacktrace/../include -I ../../gcc-17-20260927/libbacktrace/../libgcc -I ../libgcc  -funwind-tables -frandom-seed=mdtest-testlib.o -W -Wall -Wwrite-strings -Wstrict-prototypes -Wmissing-prototypes -Wold-style-definition -Wmissing-format-attribute -Wcast-qual -Wno-attributes -Wpointer-arith -g -O -O2     -c -o mdtest-testlib.o `test -f 'testlib.c' || echo '../../gcc-17-20260927/libbacktrace/'`testlib.c
make[3]: Leaving directory '/build/gcc17/src/gcc-build/libbacktrace'
make[3]: Entering directory '/build/gcc17/src/gcc-build/libbacktrace'
/build/gcc17/src/gcc-build/./prev-gcc/xgcc -B/build/gcc17/src/gcc-build/./prev-gcc/ -B/usr/x86_64-pc-linux-gnu/bin/ -B/usr/x86_64-pc-linux-gnu/bin/ -B/usr/x86_64-pc-linux-gnu/lib/ -isystem /usr/x86_64-pc-linux-gnu/include -isystem /usr/x86_64-pc-linux-gnu/sys-include    -DHAVE_CONFIG_H -I. -I../../gcc-17-20260927/libbacktrace  -I ../../gcc-17-20260927/libbacktrace/../include -I ../../gcc-17-20260927/libbacktrace/../libgcc -I ../libgcc  -funwind-tables -frandom-seed=btest_alloc-btest.o -W -Wall -Wwrite-strings -Wstrict-prototypes -Wmissing-prototypes -Wold-style-definition -Wmissing-format-attribute -Wcast-qual -Wno-attributes -Wpointer-arith -g -O2     -c -o btest_alloc-btest.o `test -f 'btest.c' || echo '../../gcc-17-20260927/libbacktrace/'`btest.c
make[3]: Leaving directory '/build/gcc17/src/gcc-build/libbacktrace'
make[3]: Entering directory '/build/gcc17/src/gcc-build/libbacktrace'
cat ../../gcc-17-20260927/libbacktrace/edtest2.c > tmp-edtest2_build.c
/bin/sh ../../gcc-17-20260927/libbacktrace/../move-if-change tmp-edtest2_build.c edtest2_build.c
echo timestamp > gen_edtest2_build
make[3]: Leaving directory '/build/gcc17/src/gcc-build/libbacktrace'
make[3]: Entering directory '/build/gcc17/src/gcc-build/libbacktrace'
/build/gcc17/src/gcc-build/./prev-gcc/xgcc -B/build/gcc17/src/gcc-build/./prev-gcc/ -B/usr/x86_64-pc-linux-gnu/bin/ -B/usr/x86_64-pc-linux-gnu/bin/ -B/usr/x86_64-pc-linux-gnu/lib/ -isystem /usr/x86_64-pc-linux-gnu/include -isystem /usr/x86_64-pc-linux-gnu/sys-include    -DHAVE_CONFIG_H -I. -I../../gcc-17-20260927/libbacktrace  -I ../../gcc-17-20260927/libbacktrace/../include -I ../../gcc-17-20260927/libbacktrace/../libgcc -I ../libgcc  -funwind-tables -frandom-seed=ztest-testlib.o -W -Wall -Wwrite-strings -Wstrict-prototypes -Wmissing-prototypes -Wold-style-definition -Wmissing-format-attribute -Wcast-qual -Wno-attributes -Wpointer-arith -g -DSRCDIR=\"../../gcc-17-20260927/libbacktrace\" -O2     -c -o ztest-testlib.o `test -f 'testlib.c' || echo '../../gcc-17-20260927/libbacktrace/'`testlib.c
make[3]: Leaving directory '/build/gcc17/src/gcc-build/libbacktrace'
WARNING: Couldn't find the global config file.
Using /build/gcc17/src/gcc-17-20260927/libgomp/testsuite/lib/libgomp.exp as tool init file.
spawn -ignore SIGHUP /build/gcc17/src/gcc-build/gcc/xgcc -B/build/gcc17/src/gcc-build/gcc/ -print-file-name=testsuite/et-static.exp
/build/gcc17/src/gcc-build/gcc/testsuite/et-static.exp
make[3]: Entering directory '/build/gcc17/src/gcc-build/libbacktrace'
/build/gcc17/src/gcc-build/./prev-gcc/xgcc -B/build/gcc17/src/gcc-build/./prev-gcc/ -B/usr/x86_64-pc-linux-gnu/bin/ -B/usr/x86_64-pc-linux-gnu/bin/ -B/usr/x86_64-pc-linux-gnu/lib/ -isystem /usr/x86_64-pc-linux-gnu/include -isystem /usr/x86_64-pc-linux-gnu/sys-include    -DHAVE_CONFIG_H -I. -I../../gcc-17-20260927/libbacktrace  -I ../../gcc-17-20260927/libbacktrace/../include -I ../../gcc-17-20260927/libbacktrace/../libgcc -I ../libgcc  -funwind-tables -frandom-seed=ztest_alloc-testlib.o -W -Wall -Wwrite-strings -Wstrict-prototypes -Wmissing-prototypes -Wold-style-definition -Wmissing-format-attribute -Wcast-qual -Wno-attributes -Wpointer-arith -g -DSRCDIR=\"../../gcc-17-20260927/libbacktrace\" -O2     -c -o ztest_alloc-testlib.o `test -f 'testlib.c' || echo '../../gcc-17-20260927/libbacktrace/'`testlib.c
make[3]: Leaving directory '/build/gcc17/src/gcc-build/libbacktrace'
make[3]: Entering directory '/build/gcc17/src/gcc-build/libbacktrace'
/build/gcc17/src/gcc-build/./prev-gcc/xgcc -B/build/gcc17/src/gcc-build/./prev-gcc/ -B/usr/x86_64-pc-linux-gnu/bin/ -B/usr/x86_64-pc-linux-gnu/bin/ -B/usr/x86_64-pc-linux-gnu/lib/ -isystem /usr/x86_64-pc-linux-gnu/include -isystem /usr/x86_64-pc-linux-gnu/sys-include    -DHAVE_CONFIG_H -I. -I../../gcc-17-20260927/libbacktrace  -I ../../gcc-17-20260927/libbacktrace/../include -I ../../gcc-17-20260927/libbacktrace/../libgcc -I ../libgcc  -funwind-tables -frandom-seed=edtest-edtest.o -W -Wall -Wwrite-strings -Wstrict-prototypes -Wmissing-prototypes -Wold-style-definition -Wmissing-format-attribute -Wcast-qual -Wno-attributes -Wpointer-arith -g -O2     -c -o edtest-edtest.o `test -f 'edtest.c' || echo '../../gcc-17-20260927/libbacktrace/'`edtest.c
make[3]: Leaving directory '/build/gcc17/src/gcc-build/libbacktrace'
make[3]: Entering directory '/build/gcc17/src/gcc-build/libbacktrace'
/build/gcc17/src/gcc-build/./prev-gcc/xgcc -B/build/gcc17/src/gcc-build/./prev-gcc/ -B/usr/x86_64-pc-linux-gnu/bin/ -B/usr/x86_64-pc-linux-gnu/bin/ -B/usr/x86_64-pc-linux-gnu/lib/ -isystem /usr/x86_64-pc-linux-gnu/include -isystem /usr/x86_64-pc-linux-gnu/sys-include    -DHAVE_CONFIG_H -I. -I../../gcc-17-20260927/libbacktrace  -I ../../gcc-17-20260927/libbacktrace/../include -I ../../gcc-17-20260927/libbacktrace/../libgcc -I ../libgcc  -funwind-tables -frandom-seed=zstdtest-testlib.o -W -Wall -Wwrite-strings -Wstrict-prototypes -Wmissing-prototypes -Wold-style-definition -Wmissing-format-attribute -Wcast-qual -Wno-attributes -Wpointer-arith -g -DSRCDIR=\"../../gcc-17-20260927/libbacktrace\" -O2     -c -o zstdtest-testlib.o `test -f 'testlib.c' || echo '../../gcc-17-20260927/libbacktrace/'`testlib.c
make[3]: Leaving directory '/build/gcc17/src/gcc-build/libbacktrace'
Test run by builduser on Sun Oct  4 12:23:33 2026
Native configuration is x86_64-pc-linux-gnu

		=== libgomp tests ===

Schedule of variations:
    unix

Running target unix
Using /usr/share/dejagnu/baseboards/unix.exp as board description file for target.
Using /usr/share/dejagnu/config/unix.exp as generic interface file for target.
Using /build/gcc17/src/gcc-17-20260927/libgomp/testsuite/config/default.exp as tool-and-target-specific interface file.
make[3]: Entering directory '/build/gcc17/src/gcc-build/libbacktrace'
/build/gcc17/src/gcc-build/./prev-gcc/xgcc -B/build/gcc17/src/gcc-build/./prev-gcc/ -B/usr/x86_64-pc-linux-gnu/bin/ -B/usr/x86_64-pc-linux-gnu/bin/ -B/usr/x86_64-pc-linux-gnu/lib/ -isystem /usr/x86_64-pc-linux-gnu/include -isystem /usr/x86_64-pc-linux-gnu/sys-include    -DHAVE_CONFIG_H -I. -I../../gcc-17-20260927/libbacktrace  -I ../../gcc-17-20260927/libbacktrace/../include -I ../../gcc-17-20260927/libbacktrace/../libgcc -I ../libgcc  -funwind-tables -frandom-seed=ztest-ztest.o -W -Wall -Wwrite-strings -Wstrict-prototypes -Wmissing-prototypes -Wold-style-definition -Wmissing-format-attribute -Wcast-qual -Wno-attributes -Wpointer-arith -g -DSRCDIR=\"../../gcc-17-20260927/libbacktrace\" -O2     -c -o ztest-ztest.o `test -f 'ztest.c' || echo '../../gcc-17-20260927/libbacktrace/'`ztest.c
make[3]: Leaving directory '/build/gcc17/src/gcc-build/libbacktrace'
Running /build/gcc17/src/gcc-17-20260927/libgomp/testsuite/libgomp.c/c.exp ...
make[3]: Entering directory '/build/gcc17/src/gcc-build/libbacktrace'
/build/gcc17/src/gcc-build/./prev-gcc/xgcc -B/build/gcc17/src/gcc-build/./prev-gcc/ -B/usr/x86_64-pc-linux-gnu/bin/ -B/usr/x86_64-pc-linux-gnu/bin/ -B/usr/x86_64-pc-linux-gnu/lib/ -isystem /usr/x86_64-pc-linux-gnu/include -isystem /usr/x86_64-pc-linux-gnu/sys-include    -DHAVE_CONFIG_H -I. -I../../gcc-17-20260927/libbacktrace  -I ../../gcc-17-20260927/libbacktrace/../include -I ../../gcc-17-20260927/libbacktrace/../libgcc -I ../libgcc  -funwind-tables -frandom-seed=zstdtest_alloc-testlib.o -W -Wall -Wwrite-strings -Wstrict-prototypes -Wmissing-prototypes -Wold-style-definition -Wmissing-format-attribute -Wcast-qual -Wno-attributes -Wpointer-arith -g -DSRCDIR=\"../../gcc-17-20260927/libbacktrace\" -O2     -c -o zstdtest_alloc-testlib.o `test -f 'testlib.c' || echo '../../gcc-17-20260927/libbacktrace/'`testlib.c
make[3]: Leaving directory '/build/gcc17/src/gcc-build/libbacktrace'
WARNING: Couldn't find the global config file.
Using /build/gcc17/src/gcc-17-20260927/libgomp/testsuite/lib/libgomp.exp as tool init file.
make[3]: Entering directory '/build/gcc17/src/gcc-build/libbacktrace'
/build/gcc17/src/gcc-build/./prev-gcc/xgcc -B/build/gcc17/src/gcc-build/./prev-gcc/ -B/usr/x86_64-pc-linux-gnu/bin/ -B/usr/x86_64-pc-linux-gnu/bin/ -B/usr/x86_64-pc-linux-gnu/lib/ -isystem /usr/x86_64-pc-linux-gnu/include -isystem /usr/x86_64-pc-linux-gnu/sys-include    -DHAVE_CONFIG_H -I. -I../../gcc-17-20260927/libbacktrace  -I ../../gcc-17-20260927/libbacktrace/../include -I ../../gcc-17-20260927/libbacktrace/../libgcc -I ../libgcc  -funwind-tables -frandom-seed=ztest_alloc-ztest.o -W -Wall -Wwrite-strings -Wstrict-prototypes -Wmissing-prototypes -Wold-style-definition -Wmissing-format-attribute -Wcast-qual -Wno-attributes -Wpointer-arith -g -DSRCDIR=\"../../gcc-17-20260927/libbacktrace\" -O2     -c -o ztest_alloc-ztest.o `test -f 'ztest.c' || echo '../../gcc-17-20260927/libbacktrace/'`ztest.c
make[3]: Leaving directory '/build/gcc17/src/gcc-build/libbacktrace'
spawn -ignore SIGHUP /build/gcc17/src/gcc-build/gcc/xgcc -B/build/gcc17/src/gcc-build/gcc/ -print-file-name=testsuite/et-static.exp
/build/gcc17/src/gcc-build/gcc/testsuite/et-static.exp
WARNING: Couldn't find the global config file.
make[3]: Entering directory '/build/gcc17/src/gcc-build/libbacktrace'
/build/gcc17/src/gcc-build/./prev-gcc/xgcc -B/build/gcc17/src/gcc-build/./prev-gcc/ -B/usr/x86_64-pc-linux-gnu/bin/ -B/usr/x86_64-pc-linux-gnu/bin/ -B/usr/x86_64-pc-linux-gnu/lib/ -isystem /usr/x86_64-pc-linux-gnu/include -isystem /usr/x86_64-pc-linux-gnu/sys-include    -DHAVE_CONFIG_H -I. -I../../gcc-17-20260927/libbacktrace  -I ../../gcc-17-20260927/libbacktrace/../include -I ../../gcc-17-20260927/libbacktrace/../libgcc -I ../libgcc  -funwind-tables -frandom-seed=edtest-testlib.o -W -Wall -Wwrite-strings -Wstrict-prototypes -Wmissing-prototypes -Wold-style-definition -Wmissing-format-attribute -Wcast-qual -Wno-attributes -Wpointer-arith -g -O2     -c -o edtest-testlib.o `test -f 'testlib.c' || echo '../../gcc-17-20260927/libbacktrace/'`testlib.c
make[3]: Leaving directory '/build/gcc17/src/gcc-build/libbacktrace'
make[3]: Entering directory '/build/gcc17/src/gcc-build/libbacktrace'
/build/gcc17/src/gcc-build/./prev-gcc/xgcc -B/build/gcc17/src/gcc-build/./prev-gcc/ -B/usr/x86_64-pc-linux-gnu/bin/ -B/usr/x86_64-pc-linux-gnu/bin/ -B/usr/x86_64-pc-linux-gnu/lib/ -isystem /usr/x86_64-pc-linux-gnu/include -isystem /usr/x86_64-pc-linux-gnu/sys-include    -DHAVE_CONFIG_H -I. -I../../gcc-17-20260927/libbacktrace  -I ../../gcc-17-20260927/libbacktrace/../include -I ../../gcc-17-20260927/libbacktrace/../libgcc -I ../libgcc  -funwind-tables -frandom-seed=zstdtest-zstdtest.o -W -Wall -Wwrite-strings -Wstrict-prototypes -Wmissing-prototypes -Wold-style-definition -Wmissing-format-attribute -Wcast-qual -Wno-attributes -Wpointer-arith -g -DSRCDIR=\"../../gcc-17-20260927/libbacktrace\" -O2     -c -o zstdtest-zstdtest.o `test -f 'zstdtest.c' || echo '../../gcc-17-20260927/libbacktrace/'`zstdtest.c
make[3]: Leaving directory '/build/gcc17/src/gcc-build/libbacktrace'
make[3]: Entering directory '/build/gcc17/src/gcc-build/libbacktrace'
/build/gcc17/src/gcc-build/./prev-gcc/xgcc -B/build/gcc17/src/gcc-build/./prev-gcc/ -B/usr/x86_64-pc-linux-gnu/bin/ -B/usr/x86_64-pc-linux-gnu/bin/ -B/usr/x86_64-pc-linux-gnu/lib/ -isystem /usr/x86_64-pc-linux-gnu/include -isystem /usr/x86_64-pc-linux-gnu/sys-include    -DHAVE_CONFIG_H -I. -I../../gcc-17-20260927/libbacktrace  -I ../../gcc-17-20260927/libbacktrace/../include -I ../../gcc-17-20260927/libbacktrace/../libgcc -I ../libgcc  -funwind-tables -frandom-seed=edtest_alloc-edtest.o -W -Wall -Wwrite-strings -Wstrict-prototypes -Wmissing-prototypes -Wold-style-definition -Wmissing-format-attribute -Wcast-qual -Wno-attributes -Wpointer-arith -g -O2     -c -o edtest_alloc-edtest.o `test -f 'edtest.c' || echo '../../gcc-17-20260927/libbacktrace/'`edtest.c
make[3]: Leaving directory '/build/gcc17/src/gcc-build/libbacktrace'
WARNING: Couldn't find the global config file.
Test run by builduser on Sun Oct  4 12:23:33 2026
Native configuration is x86_64-pc-linux-gnu

		=== libgomp tests ===

Using /build/gcc17/src/gcc-17-20260927/libgomp/testsuite/lib/libgomp.exp as tool init file.
make[3]: Entering directory '/build/gcc17/src/gcc-build/libbacktrace'
/build/gcc17/src/gcc-build/./prev-gcc/xgcc -B/build/gcc17/src/gcc-build/./prev-gcc/ -B/usr/x86_64-pc-linux-gnu/bin/ -B/usr/x86_64-pc-linux-gnu/bin/ -B/usr/x86_64-pc-linux-gnu/lib/ -isystem /usr/x86_64-pc-linux-gnu/include -isystem /usr/x86_64-pc-linux-gnu/sys-include    -DHAVE_CONFIG_H -I. -I../../gcc-17-20260927/libbacktrace  -I ../../gcc-17-20260927/libbacktrace/../include -I ../../gcc-17-20260927/libbacktrace/../libgcc -I ../libgcc  -funwind-tables -frandom-seed=zstdtest_alloc-zstdtest.o -W -Wall -Wwrite-strings -Wstrict-prototypes -Wmissing-prototypes -Wold-style-definition -Wmissing-format-attribute -Wcast-qual -Wno-attributes -Wpointer-arith -g -DSRCDIR=\"../../gcc-17-20260927/libbacktrace\" -O2     -c -o zstdtest_alloc-zstdtest.o `test -f 'zstdtest.c' || echo '../../gcc-17-20260927/libbacktrace/'`zstdtest.c
make[3]: Leaving directory '/build/gcc17/src/gcc-build/libbacktrace'
Schedule of variations:
    unix

Running target unix
Using /usr/share/dejagnu/baseboards/unix.exp as board description file for target.
Using /usr/share/dejagnu/config/unix.exp as generic interface file for target.
Using /build/gcc17/src/gcc-17-20260927/libgomp/testsuite/config/default.exp as tool-and-target-specific interface file.
Using /build/gcc17/src/gcc-17-20260927/libgomp/testsuite/lib/libgomp.exp as tool init file.
Running /build/gcc17/src/gcc-17-20260927/libgomp/testsuite/libgomp.c/c.exp ...
spawn -ignore SIGHUP /build/gcc17/src/gcc-build/gcc/xgcc -B/build/gcc17/src/gcc-build/gcc/ -print-file-name=testsuite/et-static.exp
spawn -ignore SIGHUP /build/gcc17/src/gcc-build/gcc/xgcc -B/build/gcc17/src/gcc-build/gcc/ -print-file-name=testsuite/et-static.exp
/build/gcc17/src/gcc-build/gcc/testsuite/et-static.exp
/build/gcc17/src/gcc-build/gcc/testsuite/et-static.exp
WARNING: Couldn't find the global config file.
Using /build/gcc17/src/gcc-17-20260927/libgomp/testsuite/lib/libgomp.exp as tool init file.
Test run by builduser on Sun Oct  4 12:23:33 2026
Native configuration is x86_64-pc-linux-gnu

		=== libgomp tests ===

make[3]: Entering directory '/build/gcc17/src/gcc-build/libbacktrace'
/bin/sh ./libtool  --tag=CC   --mode=compile /build/gcc17/src/gcc-build/./prev-gcc/xgcc -B/build/gcc17/src/gcc-build/./prev-gcc/ -B/usr/x86_64-pc-linux-gnu/bin/ -B/usr/x86_64-pc-linux-gnu/bin/ -B/usr/x86_64-pc-linux-gnu/lib/ -isystem /usr/x86_64-pc-linux-gnu/include -isystem /usr/x86_64-pc-linux-gnu/sys-include    -DHAVE_CONFIG_H -I. -I../../gcc-17-20260927/libbacktrace  -I ../../gcc-17-20260927/libbacktrace/../include -I ../../gcc-17-20260927/libbacktrace/../libgcc -I ../libgcc  -funwind-tables -frandom-seed=pecoff.lo -W -Wall -Wwrite-strings -Wstrict-prototypes -Wmissing-prototypes -Wold-style-definition -Wmissing-format-attribute -Wcast-qual -Wno-attributes -Wpointer-arith   -O2     -c -o pecoff.lo ../../gcc-17-20260927/libbacktrace/pecoff.c
libtool: compile:  /build/gcc17/src/gcc-build/./prev-gcc/xgcc -B/build/gcc17/src/gcc-build/./prev-gcc/ -B/usr/x86_64-pc-linux-gnu/bin/ -B/usr/x86_64-pc-linux-gnu/bin/ -B/usr/x86_64-pc-linux-gnu/lib/ -isystem /usr/x86_64-pc-linux-gnu/include -isystem /usr/x86_64-pc-linux-gnu/sys-include -DHAVE_CONFIG_H -I. -I../../gcc-17-20260927/libbacktrace -I ../../gcc-17-20260927/libbacktrace/../include -I ../../gcc-17-20260927/libbacktrace/../libgcc -I ../libgcc -funwind-tables -frandom-seed=pecoff.lo -W -Wall -Wwrite-strings -Wstrict-prototypes -Wmissing-prototypes -Wold-style-definition -Wmissing-format-attribute -Wcast-qual -Wno-attributes -Wpointer-arith -O2 -c ../../gcc-17-20260927/libbacktrace/pecoff.c  -fPIC -DPIC -o .libs/pecoff.o
libtool: compile:  /build/gcc17/src/gcc-build/./prev-gcc/xgcc -B/build/gcc17/src/gcc-build/./prev-gcc/ -B/usr/x86_64-pc-linux-gnu/bin/ -B/usr/x86_64-pc-linux-gnu/bin/ -B/usr/x86_64-pc-linux-gnu/lib/ -isystem /usr/x86_64-pc-linux-gnu/include -isystem /usr/x86_64-pc-linux-gnu/sys-include -DHAVE_CONFIG_H -I. -I../../gcc-17-20260927/libbacktrace -I ../../gcc-17-20260927/libbacktrace/../include -I ../../gcc-17-20260927/libbacktrace/../libgcc -I ../libgcc -funwind-tables -frandom-seed=pecoff.lo -W -Wall -Wwrite-strings -Wstrict-prototypes -Wmissing-prototypes -Wold-style-definition -Wmissing-format-attribute -Wcast-qual -Wno-attributes -Wpointer-arith -O2 -c ../../gcc-17-20260927/libbacktrace/pecoff.c -o pecoff.o >/dev/null 2>&1
make[3]: Leaving directory '/build/gcc17/src/gcc-build/libbacktrace'
spawn -ignore SIGHUP /build/gcc17/src/gcc-build/gcc/xgcc -B/build/gcc17/src/gcc-build/gcc/ -print-file-name=testsuite/et-static.exp
Schedule of variations:
    unix

Running target unix
WARNING: Couldn't find the global config file.
Using /usr/share/dejagnu/baseboards/unix.exp as board description file for target.
Using /usr/share/dejagnu/config/unix.exp as generic interface file for target.
Using /build/gcc17/src/gcc-17-20260927/libgomp/testsuite/config/default.exp as tool-and-target-specific interface file.
Test run by builduser on Sun Oct  4 12:23:33 2026
Native configuration is x86_64-pc-linux-gnu

		=== libgomp tests ===

Using /build/gcc17/src/gcc-17-20260927/libgomp/testsuite/lib/libgomp.exp as tool init file.
Schedule of variations:
    unix

Running target unix
Using /usr/share/dejagnu/baseboards/unix.exp as board description file for target.
Using /usr/share/dejagnu/config/unix.exp as generic interface file for target.
Using /build/gcc17/src/gcc-17-20260927/libgomp/testsuite/config/default.exp as tool-and-target-specific interface file.
/build/gcc17/src/gcc-build/gcc/testsuite/et-static.exp
Running /build/gcc17/src/gcc-17-20260927/libgomp/testsuite/libgomp.c/c.exp ...
Running /build/gcc17/src/gcc-17-20260927/libgomp/testsuite/libgomp.c/c.exp ...
spawn -ignore SIGHUP /build/gcc17/src/gcc-build/gcc/xgcc -B/build/gcc17/src/gcc-build/gcc/ -print-file-name=testsuite/et-static.exp
make[3]: Entering directory '/build/gcc17/src/gcc-build/libiberty/testsuite'
/build/gcc17/src/gcc-build/./prev-gcc/xgcc -B/build/gcc17/src/gcc-build/./prev-gcc/ -B/usr/x86_64-pc-linux-gnu/bin/ -B/usr/x86_64-pc-linux-gnu/bin/ -B/usr/x86_64-pc-linux-gnu/lib/ -isystem /usr/x86_64-pc-linux-gnu/include -isystem /usr/x86_64-pc-linux-gnu/sys-include    -DHAVE_CONFIG_H -O2     -static-libstdc++ -static-libgcc  -I.. -I../../../gcc-17-20260927/libiberty/testsuite/../../include  -DHAVE_CONFIG_H -I.. -o test-pexecute \
	../../../gcc-17-20260927/libiberty/testsuite/test-pexecute.c ../libiberty.a
make[3]: Leaving directory '/build/gcc17/src/gcc-build/libiberty/testsuite'
/build/gcc17/src/gcc-build/gcc/testsuite/et-static.exp
Test run by builduser on Sun Oct  4 12:23:33 2026
Native configuration is x86_64-pc-linux-gnu

		=== libgomp tests ===

make[3]: Entering directory '/build/gcc17/src/gcc-build/libbacktrace'
/bin/sh ./libtool  --tag=CC   --mode=compile /build/gcc17/src/gcc-build/./prev-gcc/xgcc -B/build/gcc17/src/gcc-build/./prev-gcc/ -B/usr/x86_64-pc-linux-gnu/bin/ -B/usr/x86_64-pc-linux-gnu/bin/ -B/usr/x86_64-pc-linux-gnu/lib/ -isystem /usr/x86_64-pc-linux-gnu/include -isystem /usr/x86_64-pc-linux-gnu/sys-include    -DHAVE_CONFIG_H -I. -I../../gcc-17-20260927/libbacktrace  -I ../../gcc-17-20260927/libbacktrace/../include -I ../../gcc-17-20260927/libbacktrace/../libgcc -I ../libgcc  -funwind-tables -frandom-seed=macho.lo -W -Wall -Wwrite-strings -Wstrict-prototypes -Wmissing-prototypes -Wold-style-definition -Wmissing-format-attribute -Wcast-qual -Wno-attributes -Wpointer-arith   -O2     -c -o macho.lo ../../gcc-17-20260927/libbacktrace/macho.c
libtool: compile:  /build/gcc17/src/gcc-build/./prev-gcc/xgcc -B/build/gcc17/src/gcc-build/./prev-gcc/ -B/usr/x86_64-pc-linux-gnu/bin/ -B/usr/x86_64-pc-linux-gnu/bin/ -B/usr/x86_64-pc-linux-gnu/lib/ -isystem /usr/x86_64-pc-linux-gnu/include -isystem /usr/x86_64-pc-linux-gnu/sys-include -DHAVE_CONFIG_H -I. -I../../gcc-17-20260927/libbacktrace -I ../../gcc-17-20260927/libbacktrace/../include -I ../../gcc-17-20260927/libbacktrace/../libgcc -I ../libgcc -funwind-tables -frandom-seed=macho.lo -W -Wall -Wwrite-strings -Wstrict-prototypes -Wmissing-prototypes -Wold-style-definition -Wmissing-format-attribute -Wcast-qual -Wno-attributes -Wpointer-arith -O2 -c ../../gcc-17-20260927/libbacktrace/macho.c  -fPIC -DPIC -o .libs/macho.o
libtool: compile:  /build/gcc17/src/gcc-build/./prev-gcc/xgcc -B/build/gcc17/src/gcc-build/./prev-gcc/ -B/usr/x86_64-pc-linux-gnu/bin/ -B/usr/x86_64-pc-linux-gnu/bin/ -B/usr/x86_64-pc-linux-gnu/lib/ -isystem /usr/x86_64-pc-linux-gnu/include -isystem /usr/x86_64-pc-linux-gnu/sys-include -DHAVE_CONFIG_H -I. -I../../gcc-17-20260927/libbacktrace -I ../../gcc-17-20260927/libbacktrace/../include -I ../../gcc-17-20260927/libbacktrace/../libgcc -I ../libgcc -funwind-tables -frandom-seed=macho.lo -W -Wall -Wwrite-strings -Wstrict-prototypes -Wmissing-prototypes -Wold-style-definition -Wmissing-format-attribute -Wcast-qual -Wno-attributes -Wpointer-arith -O2 -c ../../gcc-17-20260927/libbacktrace/macho.c -o macho.o >/dev/null 2>&1
make[3]: Leaving directory '/build/gcc17/src/gcc-build/libbacktrace'
Schedule of variations:
    unix

Running target unix
Using /usr/share/dejagnu/baseboards/unix.exp as board description file for target.
Using /usr/share/dejagnu/config/unix.exp as generic interface file for target.
Using /build/gcc17/src/gcc-17-20260927/libgomp/testsuite/config/default.exp as tool-and-target-specific interface file.
Running /build/gcc17/src/gcc-17-20260927/libgomp/testsuite/libgomp.c/c.exp ...
Test run by builduser on Sun Oct  4 12:23:33 2026
Native configuration is x86_64-pc-linux-gnu

		=== libgomp tests ===

Schedule of variations:
    unix

Running target unix
Using /usr/share/dejagnu/baseboards/unix.exp as board description file for target.
Using /usr/share/dejagnu/config/unix.exp as generic interface file for target.
Using /build/gcc17/src/gcc-17-20260927/libgomp/testsuite/config/default.exp as tool-and-target-specific interface file.
make[3]: Entering directory '/build/gcc17/src/gcc-build/libbacktrace'
/build/gcc17/src/gcc-build/./prev-gcc/xgcc -B/build/gcc17/src/gcc-build/./prev-gcc/ -B/usr/x86_64-pc-linux-gnu/bin/ -B/usr/x86_64-pc-linux-gnu/bin/ -B/usr/x86_64-pc-linux-gnu/lib/ -isystem /usr/x86_64-pc-linux-gnu/include -isystem /usr/x86_64-pc-linux-gnu/sys-include    -DHAVE_CONFIG_H -I. -I../../gcc-17-20260927/libbacktrace  -I ../../gcc-17-20260927/libbacktrace/../include -I ../../gcc-17-20260927/libbacktrace/../libgcc -I ../libgcc  -funwind-tables -frandom-seed=edtest_alloc-testlib.o -W -Wall -Wwrite-strings -Wstrict-prototypes -Wmissing-prototypes -Wold-style-definition -Wmissing-format-attribute -Wcast-qual -Wno-attributes -Wpointer-arith -g -O2     -c -o edtest_alloc-testlib.o `test -f 'testlib.c' || echo '../../gcc-17-20260927/libbacktrace/'`testlib.c
make[3]: Leaving directory '/build/gcc17/src/gcc-build/libbacktrace'
Running /build/gcc17/src/gcc-17-20260927/libgomp/testsuite/libgomp.c/c.exp ...
WARNING: Couldn't find the global config file.
make[3]: Entering directory '/build/gcc17/src/gcc-build/libbacktrace'
/build/gcc17/src/gcc-build/./prev-gcc/xgcc -B/build/gcc17/src/gcc-build/./prev-gcc/ -B/usr/x86_64-pc-linux-gnu/bin/ -B/usr/x86_64-pc-linux-gnu/bin/ -B/usr/x86_64-pc-linux-gnu/lib/ -isystem /usr/x86_64-pc-linux-gnu/include -isystem /usr/x86_64-pc-linux-gnu/sys-include    -DHAVE_CONFIG_H -I. -I../../gcc-17-20260927/libbacktrace  -I ../../gcc-17-20260927/libbacktrace/../include -I ../../gcc-17-20260927/libbacktrace/../libgcc -I ../libgcc  -funwind-tables -frandom-seed=ttest-ttest.o -W -Wall -Wwrite-strings -Wstrict-prototypes -Wmissing-prototypes -Wold-style-definition -Wmissing-format-attribute -Wcast-qual -Wno-attributes -Wpointer-arith -g -pthread -O2     -c -o ttest-ttest.o `test -f 'ttest.c' || echo '../../gcc-17-20260927/libbacktrace/'`ttest.c
make[3]: Leaving directory '/build/gcc17/src/gcc-build/libbacktrace'
Using /build/gcc17/src/gcc-17-20260927/libgomp/testsuite/lib/libgomp.exp as tool init file.
make[3]: Entering directory '/build/gcc17/src/gcc-build/libbacktrace'
/build/gcc17/src/gcc-build/./prev-gcc/xgcc -B/build/gcc17/src/gcc-build/./prev-gcc/ -B/usr/x86_64-pc-linux-gnu/bin/ -B/usr/x86_64-pc-linux-gnu/bin/ -B/usr/x86_64-pc-linux-gnu/lib/ -isystem /usr/x86_64-pc-linux-gnu/include -isystem /usr/x86_64-pc-linux-gnu/sys-include    -DHAVE_CONFIG_H -I. -I../../gcc-17-20260927/libbacktrace  -I ../../gcc-17-20260927/libbacktrace/../include -I ../../gcc-17-20260927/libbacktrace/../libgcc -I ../libgcc  -funwind-tables -frandom-seed=ttest_alloc-ttest.o -W -Wall -Wwrite-strings -Wstrict-prototypes -Wmissing-prototypes -Wold-style-definition -Wmissing-format-attribute -Wcast-qual -Wno-attributes -Wpointer-arith -g -pthread -O2     -c -o ttest_alloc-ttest.o `test -f 'ttest.c' || echo '../../gcc-17-20260927/libbacktrace/'`ttest.c
make[3]: Leaving directory '/build/gcc17/src/gcc-build/libbacktrace'
spawn -ignore SIGHUP /build/gcc17/src/gcc-build/gcc/xgcc -B/build/gcc17/src/gcc-build/gcc/ -print-file-name=testsuite/et-static.exp
/build/gcc17/src/gcc-build/gcc/testsuite/et-static.exp
make[3]: Entering directory '/build/gcc17/src/gcc-build/libbacktrace'
/build/gcc17/src/gcc-build/./prev-gcc/xgcc -B/build/gcc17/src/gcc-build/./prev-gcc/ -B/usr/x86_64-pc-linux-gnu/bin/ -B/usr/x86_64-pc-linux-gnu/bin/ -B/usr/x86_64-pc-linux-gnu/lib/ -isystem /usr/x86_64-pc-linux-gnu/include -isystem /usr/x86_64-pc-linux-gnu/sys-include    -DHAVE_CONFIG_H -I. -I../../gcc-17-20260927/libbacktrace  -I ../../gcc-17-20260927/libbacktrace/../include -I ../../gcc-17-20260927/libbacktrace/../libgcc -I ../libgcc  -funwind-tables -frandom-seed=ttest-testlib.o -W -Wall -Wwrite-strings -Wstrict-prototypes -Wmissing-prototypes -Wold-style-definition -Wmissing-format-attribute -Wcast-qual -Wno-attributes -Wpointer-arith -g -pthread -O2     -c -o ttest-testlib.o `test -f 'testlib.c' || echo '../../gcc-17-20260927/libbacktrace/'`testlib.c
make[3]: Leaving directory '/build/gcc17/src/gcc-build/libbacktrace'
WARNING: Couldn't find the global config file.
Using /build/gcc17/src/gcc-17-20260927/libgomp/testsuite/lib/libgomp.exp as tool init file.
spawn -ignore SIGHUP /build/gcc17/src/gcc-build/gcc/xgcc -B/build/gcc17/src/gcc-build/gcc/ -print-file-name=testsuite/et-static.exp
Test run by builduser on Sun Oct  4 12:23:33 2026
Native configuration is x86_64-pc-linux-gnu

		=== libgomp tests ===

/build/gcc17/src/gcc-build/gcc/testsuite/et-static.exp
Schedule of variations:
    unix

Running target unix
Using /usr/share/dejagnu/baseboards/unix.exp as board description file for target.
Using /usr/share/dejagnu/config/unix.exp as generic interface file for target.
Using /build/gcc17/src/gcc-17-20260927/libgomp/testsuite/config/default.exp as tool-and-target-specific interface file.
Running /build/gcc17/src/gcc-17-20260927/libgomp/testsuite/libgomp.c/c.exp ...
WARNING: Couldn't find the global config file.
Using /build/gcc17/src/gcc-17-20260927/libgomp/testsuite/lib/libgomp.exp as tool init file.
make[3]: Entering directory '/build/gcc17/src/gcc-build/libbacktrace'
/build/gcc17/src/gcc-build/./prev-gcc/xgcc -B/build/gcc17/src/gcc-build/./prev-gcc/ -B/usr/x86_64-pc-linux-gnu/bin/ -B/usr/x86_64-pc-linux-gnu/bin/ -B/usr/x86_64-pc-linux-gnu/lib/ -isystem /usr/x86_64-pc-linux-gnu/include -isystem /usr/x86_64-pc-linux-gnu/sys-include    -DHAVE_CONFIG_H -I. -I../../gcc-17-20260927/libbacktrace  -I ../../gcc-17-20260927/libbacktrace/../include -I ../../gcc-17-20260927/libbacktrace/../libgcc -I ../libgcc  -funwind-tables -frandom-seed=ttest_alloc-testlib.o -W -Wall -Wwrite-strings -Wstrict-prototypes -Wmissing-prototypes -Wold-style-definition -Wmissing-format-attribute -Wcast-qual -Wno-attributes -Wpointer-arith -g -pthread -O2     -c -o ttest_alloc-testlib.o `test -f 'testlib.c' || echo '../../gcc-17-20260927/libbacktrace/'`testlib.c
make[3]: Leaving directory '/build/gcc17/src/gcc-build/libbacktrace'
Test run by builduser on Sun Oct  4 12:23:33 2026
Native configuration is x86_64-pc-linux-gnu

		=== libgomp tests ===

Schedule of variations:
    unix

Running target unix
Using /usr/share/dejagnu/baseboards/unix.exp as board description file for target.
Using /usr/share/dejagnu/config/unix.exp as generic interface file for target.
Using /build/gcc17/src/gcc-17-20260927/libgomp/testsuite/config/default.exp as tool-and-target-specific interface file.
spawn -ignore SIGHUP /build/gcc17/src/gcc-build/gcc/xgcc -B/build/gcc17/src/gcc-build/gcc/ -print-file-name=testsuite/et-static.exp
Running /build/gcc17/src/gcc-17-20260927/libgomp/testsuite/libgomp.c/c.exp ...
/build/gcc17/src/gcc-build/gcc/testsuite/et-static.exp
Test run by builduser on Sun Oct  4 12:23:33 2026
Native configuration is x86_64-pc-linux-gnu

		=== libgomp tests ===

Schedule of variations:
    unix

Running target unix
Using /usr/share/dejagnu/baseboards/unix.exp as board description file for target.
Using /usr/share/dejagnu/config/unix.exp as generic interface file for target.
Using /build/gcc17/src/gcc-17-20260927/libgomp/testsuite/config/default.exp as tool-and-target-specific interface file.
make[3]: Entering directory '/build/gcc17/src/gcc-build/libbacktrace'
/build/gcc17/src/gcc-build/./prev-gcc/xgcc -B/build/gcc17/src/gcc-build/./prev-gcc/ -B/usr/x86_64-pc-linux-gnu/bin/ -B/usr/x86_64-pc-linux-gnu/bin/ -B/usr/x86_64-pc-linux-gnu/lib/ -isystem /usr/x86_64-pc-linux-gnu/include -isystem /usr/x86_64-pc-linux-gnu/sys-include    -DHAVE_CONFIG_H -I. -I../../gcc-17-20260927/libbacktrace  -I ../../gcc-17-20260927/libbacktrace/../include -I ../../gcc-17-20260927/libbacktrace/../libgcc -I ../libgcc  -funwind-tables -frandom-seed=ctestg-testlib.o -W -Wall -Wwrite-strings -Wstrict-prototypes -Wmissing-prototypes -Wold-style-definition -Wmissing-format-attribute -Wcast-qual -Wno-attributes -Wpointer-arith -g -O2     -c -o ctestg-testlib.o `test -f 'testlib.c' || echo '../../gcc-17-20260927/libbacktrace/'`testlib.c
make[3]: Leaving directory '/build/gcc17/src/gcc-build/libbacktrace'
Running /build/gcc17/src/gcc-17-20260927/libgomp/testsuite/libgomp.c/c.exp ...
make[3]: Entering directory '/build/gcc17/src/gcc-build/libiberty/testsuite'
./test-pexecute
make[3]: Leaving directory '/build/gcc17/src/gcc-build/libiberty/testsuite'
make[3]: Entering directory '/build/gcc17/src/gcc-build/libbacktrace'
/build/gcc17/src/gcc-build/./prev-gcc/xgcc -B/build/gcc17/src/gcc-build/./prev-gcc/ -B/usr/x86_64-pc-linux-gnu/bin/ -B/usr/x86_64-pc-linux-gnu/bin/ -B/usr/x86_64-pc-linux-gnu/lib/ -isystem /usr/x86_64-pc-linux-gnu/include -isystem /usr/x86_64-pc-linux-gnu/sys-include    -DHAVE_CONFIG_H -I. -I../../gcc-17-20260927/libbacktrace  -I ../../gcc-17-20260927/libbacktrace/../include -I ../../gcc-17-20260927/libbacktrace/../libgcc -I ../libgcc  -funwind-tables -frandom-seed=ctestg_alloc-testlib.o -W -Wall -Wwrite-strings -Wstrict-prototypes -Wmissing-prototypes -Wold-style-definition -Wmissing-format-attribute -Wcast-qual -Wno-attributes -Wpointer-arith -g -O2     -c -o ctestg_alloc-testlib.o `test -f 'testlib.c' || echo '../../gcc-17-20260927/libbacktrace/'`testlib.c
make[3]: Leaving directory '/build/gcc17/src/gcc-build/libbacktrace'
make[3]: Entering directory '/build/gcc17/src/gcc-build/libbacktrace'
/build/gcc17/src/gcc-build/./prev-gcc/xgcc -B/build/gcc17/src/gcc-build/./prev-gcc/ -B/usr/x86_64-pc-linux-gnu/bin/ -B/usr/x86_64-pc-linux-gnu/bin/ -B/usr/x86_64-pc-linux-gnu/lib/ -isystem /usr/x86_64-pc-linux-gnu/include -isystem /usr/x86_64-pc-linux-gnu/sys-include    -DHAVE_CONFIG_H -I. -I../../gcc-17-20260927/libbacktrace  -I ../../gcc-17-20260927/libbacktrace/../include -I ../../gcc-17-20260927/libbacktrace/../libgcc -I ../libgcc  -funwind-tables -frandom-seed=ctestg-btest.o -W -Wall -Wwrite-strings -Wstrict-prototypes -Wmissing-prototypes -Wold-style-definition -Wmissing-format-attribute -Wcast-qual -Wno-attributes -Wpointer-arith -g -O2     -c -o ctestg-btest.o `test -f 'btest.c' || echo '../../gcc-17-20260927/libbacktrace/'`btest.c
make[3]: Leaving directory '/build/gcc17/src/gcc-build/libbacktrace'
WARNING: Couldn't find the global config file.
Using /build/gcc17/src/gcc-17-20260927/libgomp/testsuite/lib/libgomp.exp as tool init file.
spawn -ignore SIGHUP /build/gcc17/src/gcc-build/gcc/xgcc -B/build/gcc17/src/gcc-build/gcc/ -print-file-name=testsuite/et-static.exp
/build/gcc17/src/gcc-build/gcc/testsuite/et-static.exp
make[3]: Entering directory '/build/gcc17/src/gcc-build/libbacktrace'
/build/gcc17/src/gcc-build/./prev-gcc/xgcc -B/build/gcc17/src/gcc-build/./prev-gcc/ -B/usr/x86_64-pc-linux-gnu/bin/ -B/usr/x86_64-pc-linux-gnu/bin/ -B/usr/x86_64-pc-linux-gnu/lib/ -isystem /usr/x86_64-pc-linux-gnu/include -isystem /usr/x86_64-pc-linux-gnu/sys-include    -DHAVE_CONFIG_H -I. -I../../gcc-17-20260927/libbacktrace  -I ../../gcc-17-20260927/libbacktrace/../include -I ../../gcc-17-20260927/libbacktrace/../libgcc -I ../libgcc  -funwind-tables -frandom-seed=ctestg_alloc-btest.o -W -Wall -Wwrite-strings -Wstrict-prototypes -Wmissing-prototypes -Wold-style-definition -Wmissing-format-attribute -Wcast-qual -Wno-attributes -Wpointer-arith -g -O2     -c -o ctestg_alloc-btest.o `test -f 'btest.c' || echo '../../gcc-17-20260927/libbacktrace/'`btest.c
make[3]: Leaving directory '/build/gcc17/src/gcc-build/libbacktrace'
WARNING: Couldn't find the global config file.
Test run by builduser on Sun Oct  4 12:23:33 2026
Native configuration is x86_64-pc-linux-gnu

		=== libgomp tests ===

Schedule of variations:
    unix

Running target unix
Using /usr/share/dejagnu/baseboards/unix.exp as board description file for target.
Using /build/gcc17/src/gcc-17-20260927/libgomp/testsuite/lib/libgomp.exp as tool init file.
Using /usr/share/dejagnu/config/unix.exp as generic interface file for target.
Using /build/gcc17/src/gcc-17-20260927/libgomp/testsuite/config/default.exp as tool-and-target-specific interface file.
Running /build/gcc17/src/gcc-17-20260927/libgomp/testsuite/libgomp.c/c.exp ...
spawn -ignore SIGHUP /build/gcc17/src/gcc-build/gcc/xgcc -B/build/gcc17/src/gcc-build/gcc/ -print-file-name=testsuite/et-static.exp
/build/gcc17/src/gcc-build/gcc/testsuite/et-static.exp
WARNING: Couldn't find the global config file.
Using /build/gcc17/src/gcc-17-20260927/libgomp/testsuite/lib/libgomp.exp as tool init file.
WARNING: Couldn't find the global config file.
spawn -ignore Using /build/gcc17/src/gcc-17-20260927/libgomp/testsuite/lib/libgomp.exp as tool init file.
SIGHUP /build/gcc17/src/gcc-build/gcc/xgcc -B/build/gcc17/src/gcc-build/gcc/ -print-file-name=testsuite/et-static.exp
/build/gcc17/src/gcc-build/gcc/testsuite/et-static.exp
Test run by builduser on Sun Oct  4 12:23:34 2026
spawn -ignore SIGHUP /build/gcc17/src/gcc-build/gcc/xgcc -B/build/gcc17/src/gcc-build/gcc/ -print-file-name=testsuite/et-static.exp
Native configuration is x86_64-pc-linux-gnu

		=== libgomp tests ===

Schedule of variations:
    unix

Running target unix
Using /usr/share/dejagnu/baseboards/unix.exp as board description file for target.
Using /usr/share/dejagnu/config/unix.exp as generic interface file for target.
Using /build/gcc17/src/gcc-17-20260927/libgomp/testsuite/config/default.exp as tool-and-target-specific interface file.
/build/gcc17/src/gcc-build/gcc/testsuite/et-static.exp
Running /build/gcc17/src/gcc-17-20260927/libgomp/testsuite/libgomp.c/c.exp ...
WARNING: Couldn't find the global config file.
Using /build/gcc17/src/gcc-17-20260927/libgomp/testsuite/lib/libgomp.exp as tool init file.
Test run by builduser on Sun Oct  4 12:23:34 2026
Native configuration is x86_64-pc-linux-gnu

		=== libgomp tests ===

Schedule of variations:
    unix

Running target unix
Using /usr/share/dejagnu/baseboards/unix.exp as board description file for target.
Using /usr/share/dejagnu/config/unix.exp as generic interface file for target.
Using /build/gcc17/src/gcc-17-20260927/libgomp/testsuite/config/default.exp as tool-and-target-specific interface file.
spawn -ignore SIGHUP /build/gcc17/src/gcc-build/gcc/xgcc -B/build/gcc17/src/gcc-build/gcc/ -print-file-name=testsuite/et-static.exp
Test run by builduser on Sun Oct  4 12:23:34 2026
Native configuration is x86_64-pc-linux-gnu

		=== libgomp tests ===

Schedule of variations:
    unix

Running target unix
Using /usr/share/dejagnu/baseboards/unix.exp as board description file for target.
Using /usr/share/dejagnu/config/unix.exp as generic interface file for target.
Running /build/gcc17/src/gcc-17-20260927/libgomp/testsuite/libgomp.c/c.exp ...
Using /build/gcc17/src/gcc-17-20260927/libgomp/testsuite/config/default.exp as tool-and-target-specific interface file.
/build/gcc17/src/gcc-build/gcc/testsuite/et-static.exp
Running /build/gcc17/src/gcc-17-20260927/libgomp/testsuite/libgomp.c/c.exp ...
Test run by builduser on Sun Oct  4 12:23:34 2026
Native configuration is x86_64-pc-linux-gnu

		=== libgomp tests ===

Schedule of variations:
    unix

Running target unix
Using /usr/share/dejagnu/baseboards/unix.exp as board description file for target.
Using /usr/share/dejagnu/config/unix.exp as generic interface file for target.
Using /build/gcc17/src/gcc-17-20260927/libgomp/testsuite/config/default.exp as tool-and-target-specific interface file.
Running /build/gcc17/src/gcc-17-20260927/libgomp/testsuite/libgomp.c/c.exp ...
make[3]: Entering directory '/build/gcc17/src/gcc-build/libbacktrace'
/build/gcc17/src/gcc-build/./prev-gcc/xgcc -B/build/gcc17/src/gcc-build/./prev-gcc/ -B/usr/x86_64-pc-linux-gnu/bin/ -B/usr/x86_64-pc-linux-gnu/bin/ -B/usr/x86_64-pc-linux-gnu/lib/ -isystem /usr/x86_64-pc-linux-gnu/include -isystem /usr/x86_64-pc-linux-gnu/sys-include    -DHAVE_CONFIG_H -I. -I../../gcc-17-20260927/libbacktrace  -I ../../gcc-17-20260927/libbacktrace/../include -I ../../gcc-17-20260927/libbacktrace/../libgcc -I ../libgcc  -funwind-tables -frandom-seed=ctesta-btest.o -W -Wall -Wwrite-strings -Wstrict-prototypes -Wmissing-prototypes -Wold-style-definition -Wmissing-format-attribute -Wcast-qual -Wno-attributes -Wpointer-arith -g -O2     -c -o ctesta-btest.o `test -f 'btest.c' || echo '../../gcc-17-20260927/libbacktrace/'`btest.c
make[3]: Leaving directory '/build/gcc17/src/gcc-build/libbacktrace'
make[2]: Entering directory '/build/gcc17/src/gcc-build/gcc'
Making a new config file...
echo "set tmpdir /build/gcc17/src/gcc-build/gcc/testsuite" >> ./site.tmp
make[2]: Leaving directory '/build/gcc17/src/gcc-build/gcc'
make[2]: Entering directory '/build/gcc17/src/gcc-build/gcc'
rm -rf testsuite/gcc-parallel
make[2]: Leaving directory '/build/gcc17/src/gcc-build/gcc'
make[3]: Entering directory '/build/gcc17/src/gcc-build/libbacktrace'
/build/gcc17/src/gcc-build/./prev-gcc/xgcc -B/build/gcc17/src/gcc-build/./prev-gcc/ -B/usr/x86_64-pc-linux-gnu/bin/ -B/usr/x86_64-pc-linux-gnu/bin/ -B/usr/x86_64-pc-linux-gnu/lib/ -isystem /usr/x86_64-pc-linux-gnu/include -isystem /usr/x86_64-pc-linux-gnu/sys-include    -DHAVE_CONFIG_H -I. -I../../gcc-17-20260927/libbacktrace  -I ../../gcc-17-20260927/libbacktrace/../include -I ../../gcc-17-20260927/libbacktrace/../libgcc -I ../libgcc  -funwind-tables -frandom-seed=ctesta-testlib.o -W -Wall -Wwrite-strings -Wstrict-prototypes -Wmissing-prototypes -Wold-style-definition -Wmissing-format-attribute -Wcast-qual -Wno-attributes -Wpointer-arith -g -O2     -c -o ctesta-testlib.o `test -f 'testlib.c' || echo '../../gcc-17-20260927/libbacktrace/'`testlib.c
make[3]: Leaving directory '/build/gcc17/src/gcc-build/libbacktrace'
make[3]: Entering directory '/build/gcc17/src/gcc-build/libbacktrace'
/build/gcc17/src/gcc-build/./prev-gcc/xgcc -B/build/gcc17/src/gcc-build/./prev-gcc/ -B/usr/x86_64-pc-linux-gnu/bin/ -B/usr/x86_64-pc-linux-gnu/bin/ -B/usr/x86_64-pc-linux-gnu/lib/ -isystem /usr/x86_64-pc-linux-gnu/include -isystem /usr/x86_64-pc-linux-gnu/sys-include    -DHAVE_CONFIG_H -I. -I../../gcc-17-20260927/libbacktrace  -I ../../gcc-17-20260927/libbacktrace/../include -I ../../gcc-17-20260927/libbacktrace/../libgcc -I ../libgcc  -funwind-tables -frandom-seed=ctesta_alloc-btest.o -W -Wall -Wwrite-strings -Wstrict-prototypes -Wmissing-prototypes -Wold-style-definition -Wmissing-format-attribute -Wcast-qual -Wno-attributes -Wpointer-arith -g -O2     -c -o ctesta_alloc-btest.o `test -f 'btest.c' || echo '../../gcc-17-20260927/libbacktrace/'`btest.c
make[3]: Leaving directory '/build/gcc17/src/gcc-build/libbacktrace'
make[3]: Entering directory '/build/gcc17/src/gcc-build/libbacktrace'
/build/gcc17/src/gcc-build/./prev-gcc/xgcc -B/build/gcc17/src/gcc-build/./prev-gcc/ -B/usr/x86_64-pc-linux-gnu/bin/ -B/usr/x86_64-pc-linux-gnu/bin/ -B/usr/x86_64-pc-linux-gnu/lib/ -isystem /usr/x86_64-pc-linux-gnu/include -isystem /usr/x86_64-pc-linux-gnu/sys-include    -DHAVE_CONFIG_H -I. -I../../gcc-17-20260927/libbacktrace  -I ../../gcc-17-20260927/libbacktrace/../include -I ../../gcc-17-20260927/libbacktrace/../libgcc -I ../libgcc  -funwind-tables -frandom-seed=ctesta_alloc-testlib.o -W -Wall -Wwrite-strings -Wstrict-prototypes -Wmissing-prototypes -Wold-style-definition -Wmissing-format-attribute -Wcast-qual -Wno-attributes -Wpointer-arith -g -O2     -c -o ctesta_alloc-testlib.o `test -f 'testlib.c' || echo '../../gcc-17-20260927/libbacktrace/'`testlib.c
make[3]: Leaving directory '/build/gcc17/src/gcc-build/libbacktrace'
make[3]: Entering directory '/build/gcc17/src/gcc-build/libbacktrace'
/build/gcc17/src/gcc-build/./prev-gcc/xgcc -B/build/gcc17/src/gcc-build/./prev-gcc/ -B/usr/x86_64-pc-linux-gnu/bin/ -B/usr/x86_64-pc-linux-gnu/bin/ -B/usr/x86_64-pc-linux-gnu/lib/ -isystem /usr/x86_64-pc-linux-gnu/include -isystem /usr/x86_64-pc-linux-gnu/sys-include    -DHAVE_CONFIG_H -I. -I../../gcc-17-20260927/libbacktrace  -I ../../gcc-17-20260927/libbacktrace/../include -I ../../gcc-17-20260927/libbacktrace/../libgcc -I ../libgcc  -funwind-tables -frandom-seed=ctestzstd-btest.o -W -Wall -Wwrite-strings -Wstrict-prototypes -Wmissing-prototypes -Wold-style-definition -Wmissing-format-attribute -Wcast-qual -Wno-attributes -Wpointer-arith -g -O2     -c -o ctestzstd-btest.o `test -f 'btest.c' || echo '../../gcc-17-20260927/libbacktrace/'`btest.c
make[3]: Leaving directory '/build/gcc17/src/gcc-build/libbacktrace'
make[3]: Entering directory '/build/gcc17/src/gcc-build/libbacktrace'
/build/gcc17/src/gcc-build/./prev-gcc/xgcc -B/build/gcc17/src/gcc-build/./prev-gcc/ -B/usr/x86_64-pc-linux-gnu/bin/ -B/usr/x86_64-pc-linux-gnu/bin/ -B/usr/x86_64-pc-linux-gnu/lib/ -isystem /usr/x86_64-pc-linux-gnu/include -isystem /usr/x86_64-pc-linux-gnu/sys-include    -DHAVE_CONFIG_H -I. -I../../gcc-17-20260927/libbacktrace  -I ../../gcc-17-20260927/libbacktrace/../include -I ../../gcc-17-20260927/libbacktrace/../libgcc -I ../libgcc  -funwind-tables -frandom-seed=ctestzstd-testlib.o -W -Wall -Wwrite-strings -Wstrict-prototypes -Wmissing-prototypes -Wold-style-definition -Wmissing-format-attribute -Wcast-qual -Wno-attributes -Wpointer-arith -g -O2     -c -o ctestzstd-testlib.o `test -f 'testlib.c' || echo '../../gcc-17-20260927/libbacktrace/'`testlib.c
make[3]: Leaving directory '/build/gcc17/src/gcc-build/libbacktrace'
make[3]: Entering directory '/build/gcc17/src/gcc-build/libbacktrace'
/build/gcc17/src/gcc-build/./prev-gcc/xgcc -B/build/gcc17/src/gcc-build/./prev-gcc/ -B/usr/x86_64-pc-linux-gnu/bin/ -B/usr/x86_64-pc-linux-gnu/bin/ -B/usr/x86_64-pc-linux-gnu/lib/ -isystem /usr/x86_64-pc-linux-gnu/include -isystem /usr/x86_64-pc-linux-gnu/sys-include    -DHAVE_CONFIG_H -I. -I../../gcc-17-20260927/libbacktrace  -I ../../gcc-17-20260927/libbacktrace/../include -I ../../gcc-17-20260927/libbacktrace/../libgcc -I ../libgcc  -funwind-tables -frandom-seed=ctestzstd_alloc-btest.o -W -Wall -Wwrite-strings -Wstrict-prototypes -Wmissing-prototypes -Wold-style-definition -Wmissing-format-attribute -Wcast-qual -Wno-attributes -Wpointer-arith -g -O2     -c -o ctestzstd_alloc-btest.o `test -f 'btest.c' || echo '../../gcc-17-20260927/libbacktrace/'`btest.c
make[3]: Leaving directory '/build/gcc17/src/gcc-build/libbacktrace'
make[3]: Entering directory '/build/gcc17/src/gcc-build/libbacktrace'
/build/gcc17/src/gcc-build/./prev-gcc/xgcc -B/build/gcc17/src/gcc-build/./prev-gcc/ -B/usr/x86_64-pc-linux-gnu/bin/ -B/usr/x86_64-pc-linux-gnu/bin/ -B/usr/x86_64-pc-linux-gnu/lib/ -isystem /usr/x86_64-pc-linux-gnu/include -isystem /usr/x86_64-pc-linux-gnu/sys-include    -DHAVE_CONFIG_H -I. -I../../gcc-17-20260927/libbacktrace  -I ../../gcc-17-20260927/libbacktrace/../include -I ../../gcc-17-20260927/libbacktrace/../libgcc -I ../libgcc  -funwind-tables -frandom-seed=ctestzstd_alloc-testlib.o -W -Wall -Wwrite-strings -Wstrict-prototypes -Wmissing-prototypes -Wold-style-definition -Wmissing-format-attribute -Wcast-qual -Wno-attributes -Wpointer-arith -g -O2     -c -o ctestzstd_alloc-testlib.o `test -f 'testlib.c' || echo '../../gcc-17-20260927/libbacktrace/'`testlib.c
make[3]: Leaving directory '/build/gcc17/src/gcc-build/libbacktrace'
make[3]: Entering directory '/build/gcc17/src/gcc-build/libiberty/testsuite'
/build/gcc17/src/gcc-build/./prev-gcc/xgcc -B/build/gcc17/src/gcc-build/./prev-gcc/ -B/usr/x86_64-pc-linux-gnu/bin/ -B/usr/x86_64-pc-linux-gnu/bin/ -B/usr/x86_64-pc-linux-gnu/lib/ -isystem /usr/x86_64-pc-linux-gnu/include -isystem /usr/x86_64-pc-linux-gnu/sys-include    -DHAVE_CONFIG_H -O2     -static-libstdc++ -static-libgcc  -I.. -I../../../gcc-17-20260927/libiberty/testsuite/../../include  -o test-demangle \
	../../../gcc-17-20260927/libiberty/testsuite/test-demangle.c ../libiberty.a
make[3]: Leaving directory '/build/gcc17/src/gcc-build/libiberty/testsuite'
make[3]: Entering directory '/build/gcc17/src/gcc-build/libbacktrace'
/build/gcc17/src/gcc-build/./prev-gcc/xgcc -B/build/gcc17/src/gcc-build/./prev-gcc/ -B/usr/x86_64-pc-linux-gnu/bin/ -B/usr/x86_64-pc-linux-gnu/bin/ -B/usr/x86_64-pc-linux-gnu/lib/ -isystem /usr/x86_64-pc-linux-gnu/include -isystem /usr/x86_64-pc-linux-gnu/sys-include    -DHAVE_CONFIG_H -I. -I../../gcc-17-20260927/libbacktrace  -I ../../gcc-17-20260927/libbacktrace/../include -I ../../gcc-17-20260927/libbacktrace/../libgcc -I ../libgcc  -funwind-tables -frandom-seed=dwarf5-btest.o -W -Wall -Wwrite-strings -Wstrict-prototypes -Wmissing-prototypes -Wold-style-definition -Wmissing-format-attribute -Wcast-qual -Wno-attributes -Wpointer-arith -g -gdwarf-5 -O2     -c -o dwarf5-btest.o `test -f 'btest.c' || echo '../../gcc-17-20260927/libbacktrace/'`btest.c
make[3]: Leaving directory '/build/gcc17/src/gcc-build/libbacktrace'
make[3]: Entering directory '/build/gcc17/src/gcc-build/libiberty/testsuite'
./test-demangle < ../../../gcc-17-20260927/libiberty/testsuite/demangle-expected
./test-demangle: 420 tests, 0 failures
make[3]: Leaving directory '/build/gcc17/src/gcc-build/libiberty/testsuite'
make[3]: Entering directory '/build/gcc17/src/gcc-build/libiberty/testsuite'
./test-demangle < ../../../gcc-17-20260927/libiberty/testsuite/d-demangle-expected
./test-demangle: 366 tests, 0 failures
make[3]: Leaving directory '/build/gcc17/src/gcc-build/libiberty/testsuite'
make[3]: Entering directory '/build/gcc17/src/gcc-build/libiberty/testsuite'
./test-demangle < ../../../gcc-17-20260927/libiberty/testsuite/rust-demangle-expected
./test-demangle: 76 tests, 0 failures
make[3]: Leaving directory '/build/gcc17/src/gcc-build/libiberty/testsuite'
make[3]: Entering directory '/build/gcc17/src/gcc-build/libbacktrace'
/build/gcc17/src/gcc-build/./prev-gcc/xgcc -B/build/gcc17/src/gcc-build/./prev-gcc/ -B/usr/x86_64-pc-linux-gnu/bin/ -B/usr/x86_64-pc-linux-gnu/bin/ -B/usr/x86_64-pc-linux-gnu/lib/ -isystem /usr/x86_64-pc-linux-gnu/include -isystem /usr/x86_64-pc-linux-gnu/sys-include    -DHAVE_CONFIG_H -I. -I../../gcc-17-20260927/libbacktrace  -I ../../gcc-17-20260927/libbacktrace/../include -I ../../gcc-17-20260927/libbacktrace/../libgcc -I ../libgcc  -funwind-tables -frandom-seed=dwarf5-testlib.o -W -Wall -Wwrite-strings -Wstrict-prototypes -Wmissing-prototypes -Wold-style-definition -Wmissing-format-attribute -Wcast-qual -Wno-attributes -Wpointer-arith -g -gdwarf-5 -O2     -c -o dwarf5-testlib.o `test -f 'testlib.c' || echo '../../gcc-17-20260927/libbacktrace/'`testlib.c
make[3]: Leaving directory '/build/gcc17/src/gcc-build/libbacktrace'
make[3]: Entering directory '/build/gcc17/src/gcc-build/libbacktrace'
/build/gcc17/src/gcc-build/./prev-gcc/xgcc -B/build/gcc17/src/gcc-build/./prev-gcc/ -B/usr/x86_64-pc-linux-gnu/bin/ -B/usr/x86_64-pc-linux-gnu/bin/ -B/usr/x86_64-pc-linux-gnu/lib/ -isystem /usr/x86_64-pc-linux-gnu/include -isystem /usr/x86_64-pc-linux-gnu/sys-include    -DHAVE_CONFIG_H -I. -I../../gcc-17-20260927/libbacktrace  -I ../../gcc-17-20260927/libbacktrace/../include -I ../../gcc-17-20260927/libbacktrace/../libgcc -I ../libgcc  -funwind-tables -frandom-seed=dwarf5_alloc-btest.o -W -Wall -Wwrite-strings -Wstrict-prototypes -Wmissing-prototypes -Wold-style-definition -Wmissing-format-attribute -Wcast-qual -Wno-attributes -Wpointer-arith -g -gdwarf-5 -O2     -c -o dwarf5_alloc-btest.o `test -f 'btest.c' || echo '../../gcc-17-20260927/libbacktrace/'`btest.c
make[3]: Leaving directory '/build/gcc17/src/gcc-build/libbacktrace'
make[3]: Entering directory '/build/gcc17/src/gcc-build/libbacktrace'
/build/gcc17/src/gcc-build/./prev-gcc/xgcc -B/build/gcc17/src/gcc-build/./prev-gcc/ -B/usr/x86_64-pc-linux-gnu/bin/ -B/usr/x86_64-pc-linux-gnu/bin/ -B/usr/x86_64-pc-linux-gnu/lib/ -isystem /usr/x86_64-pc-linux-gnu/include -isystem /usr/x86_64-pc-linux-gnu/sys-include    -DHAVE_CONFIG_H -I. -I../../gcc-17-20260927/libbacktrace  -I ../../gcc-17-20260927/libbacktrace/../include -I ../../gcc-17-20260927/libbacktrace/../libgcc -I ../libgcc  -funwind-tables -frandom-seed=dwarf5_alloc-testlib.o -W -Wall -Wwrite-strings -Wstrict-prototypes -Wmissing-prototypes -Wold-style-definition -Wmissing-format-attribute -Wcast-qual -Wno-attributes -Wpointer-arith -g -gdwarf-5 -O2     -c -o dwarf5_alloc-testlib.o `test -f 'testlib.c' || echo '../../gcc-17-20260927/libbacktrace/'`testlib.c
make[3]: Leaving directory '/build/gcc17/src/gcc-build/libbacktrace'
WARNING: Couldn't find the global config file.
Using /build/gcc17/src/gcc-17-20260927/libstdc++-v3/testsuite/lib/libstdc++.exp as tool init file.
spawn -ignore SIGHUP /build/gcc17/src/gcc-build/gcc/xgcc -B/build/gcc17/src/gcc-build/gcc/ -print-file-name=testsuite/et-static.exp
/build/gcc17/src/gcc-build/gcc/testsuite/et-static.exp
make[3]: Entering directory '/build/gcc17/src/gcc-build/libbacktrace'
/build/gcc17/src/gcc-build/./prev-gcc/xgcc -B/build/gcc17/src/gcc-build/./prev-gcc/ -B/usr/x86_64-pc-linux-gnu/bin/ -B/usr/x86_64-pc-linux-gnu/bin/ -B/usr/x86_64-pc-linux-gnu/lib/ -isystem /usr/x86_64-pc-linux-gnu/include -isystem /usr/x86_64-pc-linux-gnu/sys-include    -DHAVE_CONFIG_H -I. -I../../gcc-17-20260927/libbacktrace  -I ../../gcc-17-20260927/libbacktrace/../include -I ../../gcc-17-20260927/libbacktrace/../libgcc -I ../libgcc  -funwind-tables -frandom-seed=mtest-mtest.o -W -Wall -Wwrite-strings -Wstrict-prototypes -Wmissing-prototypes -Wold-style-definition -Wmissing-format-attribute -Wcast-qual -Wno-attributes -Wpointer-arith -g -O -O2     -c -o mtest-mtest.o `test -f 'mtest.c' || echo '../../gcc-17-20260927/libbacktrace/'`mtest.c
make[3]: Leaving directory '/build/gcc17/src/gcc-build/libbacktrace'
Test run by builduser on Sun Oct  4 12:23:35 2026
Native configuration is x86_64-pc-linux-gnu

		=== libstdc++ tests ===

Schedule of variations:
    unix

Running target unix
Using /usr/share/dejagnu/baseboards/unix.exp as board description file for target.
Using /usr/share/dejagnu/config/unix.exp as generic interface file for target.
Using /build/gcc17/src/gcc-17-20260927/libstdc++-v3/testsuite/config/default.exp as tool-and-target-specific interface file.
Running /build/gcc17/src/gcc-17-20260927/libstdc++-v3/testsuite/libstdc++-abi/abi.exp ...
make[3]: Entering directory '/build/gcc17/src/gcc-build/libbacktrace'
/build/gcc17/src/gcc-build/./prev-gcc/xgcc -B/build/gcc17/src/gcc-build/./prev-gcc/ -B/usr/x86_64-pc-linux-gnu/bin/ -B/usr/x86_64-pc-linux-gnu/bin/ -B/usr/x86_64-pc-linux-gnu/lib/ -isystem /usr/x86_64-pc-linux-gnu/include -isystem /usr/x86_64-pc-linux-gnu/sys-include    -DHAVE_CONFIG_H -I. -I../../gcc-17-20260927/libbacktrace  -I ../../gcc-17-20260927/libbacktrace/../include -I ../../gcc-17-20260927/libbacktrace/../libgcc -I ../libgcc  -funwind-tables -frandom-seed=mtest-testlib.o -W -Wall -Wwrite-strings -Wstrict-prototypes -Wmissing-prototypes -Wold-style-definition -Wmissing-format-attribute -Wcast-qual -Wno-attributes -Wpointer-arith -g -O -O2     -c -o mtest-testlib.o `test -f 'testlib.c' || echo '../../gcc-17-20260927/libbacktrace/'`testlib.c
make[3]: Leaving directory '/build/gcc17/src/gcc-build/libbacktrace'
make[4]: Entering directory '/build/gcc17/src/gcc-build/x86_64-pc-linux-gnu/libatomic/testsuite'
srcdir='../../../../gcc-17-20260927/libatomic/testsuite'; export srcdir; \
EXPECT=expect; export EXPECT; \
if /bin/sh -c "runtest --version" > /dev/null 2>&1; then \
  exit_status=0; l='libatomic'; for tool in $l; do \
    if runtest  --tool $tool --srcdir $srcdir ; \
    then :; else exit_status=1; fi; \
  done; \
else echo "WARNING: could not find 'runtest'" 1>&2; :;\
fi; \
exit $exit_status
WARNING: Couldn't find the global config file.
Using ../../../../gcc-17-20260927/libatomic/testsuite/lib/libatomic.exp as tool init file.
spawn -ignore SIGHUP /build/gcc17/src/gcc-build/gcc/xgcc -B/build/gcc17/src/gcc-build/gcc/ -print-file-name=testsuite/et-static.exp
/build/gcc17/src/gcc-build/gcc/testsuite/et-static.exp
Test run by builduser on Sun Oct  4 12:23:33 2026
Native configuration is x86_64-pc-linux-gnu

		=== libatomic tests ===

Schedule of variations:
    unix

Running target unix
Using /usr/share/dejagnu/baseboards/unix.exp as board description file for target.
Using /usr/share/dejagnu/config/unix.exp as generic interface file for target.
Using ../../../../gcc-17-20260927/libatomic/testsuite/config/default.exp as tool-and-target-specific interface file.
Running ../../../../gcc-17-20260927/libatomic/testsuite/libatomic.c/c.exp ...

		=== libatomic Summary ===

# of expected passes		54
make[4]: Leaving directory '/build/gcc17/src/gcc-build/x86_64-pc-linux-gnu/libatomic/testsuite'
true  DO=all multi-do # make
make[3]: Entering directory '/build/gcc17/src/gcc-build/libbacktrace'
/build/gcc17/src/gcc-build/./prev-gcc/xgcc -B/build/gcc17/src/gcc-build/./prev-gcc/ -B/usr/x86_64-pc-linux-gnu/bin/ -B/usr/x86_64-pc-linux-gnu/bin/ -B/usr/x86_64-pc-linux-gnu/lib/ -isystem /usr/x86_64-pc-linux-gnu/include -isystem /usr/x86_64-pc-linux-gnu/sys-include    -DHAVE_CONFIG_H -I. -I../../gcc-17-20260927/libbacktrace  -I ../../gcc-17-20260927/libbacktrace/../include -I ../../gcc-17-20260927/libbacktrace/../libgcc -I ../libgcc  -funwind-tables -frandom-seed=xztest-xztest.o -W -Wall -Wwrite-strings -Wstrict-prototypes -Wmissing-prototypes -Wold-style-definition -Wmissing-format-attribute -Wcast-qual -Wno-attributes -Wpointer-arith -g -DSRCDIR=\"../../gcc-17-20260927/libbacktrace\" -O2     -c -o xztest-xztest.o `test -f 'xztest.c' || echo '../../gcc-17-20260927/libbacktrace/'`xztest.c
make[3]: Leaving directory '/build/gcc17/src/gcc-build/libbacktrace'
make[2]: Entering directory '/build/gcc17/src/gcc-build/gcc'
rm -rf testsuite/g++-parallel
make[2]: Leaving directory '/build/gcc17/src/gcc-build/gcc'
make[3]: Entering directory '/build/gcc17/src/gcc-build/libbacktrace'
/build/gcc17/src/gcc-build/./prev-gcc/xgcc -B/build/gcc17/src/gcc-build/./prev-gcc/ -B/usr/x86_64-pc-linux-gnu/bin/ -B/usr/x86_64-pc-linux-gnu/bin/ -B/usr/x86_64-pc-linux-gnu/lib/ -isystem /usr/x86_64-pc-linux-gnu/include -isystem /usr/x86_64-pc-linux-gnu/sys-include    -DHAVE_CONFIG_H -I. -I../../gcc-17-20260927/libbacktrace  -I ../../gcc-17-20260927/libbacktrace/../include -I ../../gcc-17-20260927/libbacktrace/../libgcc -I ../libgcc  -funwind-tables -frandom-seed=xztest-testlib.o -W -Wall -Wwrite-strings -Wstrict-prototypes -Wmissing-prototypes -Wold-style-definition -Wmissing-format-attribute -Wcast-qual -Wno-attributes -Wpointer-arith -g -DSRCDIR=\"../../gcc-17-20260927/libbacktrace\" -O2     -c -o xztest-testlib.o `test -f 'testlib.c' || echo '../../gcc-17-20260927/libbacktrace/'`testlib.c
make[3]: Leaving directory '/build/gcc17/src/gcc-build/libbacktrace'
make[3]: Entering directory '/build/gcc17/src/gcc-build/libbacktrace'
/build/gcc17/src/gcc-build/./prev-gcc/xgcc -B/build/gcc17/src/gcc-build/./prev-gcc/ -B/usr/x86_64-pc-linux-gnu/bin/ -B/usr/x86_64-pc-linux-gnu/bin/ -B/usr/x86_64-pc-linux-gnu/lib/ -isystem /usr/x86_64-pc-linux-gnu/include -isystem /usr/x86_64-pc-linux-gnu/sys-include    -DHAVE_CONFIG_H -I. -I../../gcc-17-20260927/libbacktrace  -I ../../gcc-17-20260927/libbacktrace/../include -I ../../gcc-17-20260927/libbacktrace/../libgcc -I ../libgcc  -funwind-tables -frandom-seed=xztest_alloc-xztest.o -W -Wall -Wwrite-strings -Wstrict-prototypes -Wmissing-prototypes -Wold-style-definition -Wmissing-format-attribute -Wcast-qual -Wno-attributes -Wpointer-arith -g -DSRCDIR=\"../../gcc-17-20260927/libbacktrace\" -O2     -c -o xztest_alloc-xztest.o `test -f 'xztest.c' || echo '../../gcc-17-20260927/libbacktrace/'`xztest.c
make[3]: Leaving directory '/build/gcc17/src/gcc-build/libbacktrace'
make[3]: Entering directory '/build/gcc17/src/gcc-build/libbacktrace'
/build/gcc17/src/gcc-build/./prev-gcc/xgcc -B/build/gcc17/src/gcc-build/./prev-gcc/ -B/usr/x86_64-pc-linux-gnu/bin/ -B/usr/x86_64-pc-linux-gnu/bin/ -B/usr/x86_64-pc-linux-gnu/lib/ -isystem /usr/x86_64-pc-linux-gnu/include -isystem /usr/x86_64-pc-linux-gnu/sys-include    -DHAVE_CONFIG_H -I. -I../../gcc-17-20260927/libbacktrace  -I ../../gcc-17-20260927/libbacktrace/../include -I ../../gcc-17-20260927/libbacktrace/../libgcc -I ../libgcc  -funwind-tables -frandom-seed=xztest_alloc-testlib.o -W -Wall -Wwrite-strings -Wstrict-prototypes -Wmissing-prototypes -Wold-style-definition -Wmissing-format-attribute -Wcast-qual -Wno-attributes -Wpointer-arith -g -DSRCDIR=\"../../gcc-17-20260927/libbacktrace\" -O2     -c -o xztest_alloc-testlib.o `test -f 'testlib.c' || echo '../../gcc-17-20260927/libbacktrace/'`testlib.c
make[3]: Leaving directory '/build/gcc17/src/gcc-build/libbacktrace'
make[3]: Entering directory '/build/gcc17/src/gcc-build/libbacktrace'
/bin/sh ./libtool  --tag=CC   --mode=compile /build/gcc17/src/gcc-build/./prev-gcc/xgcc -B/build/gcc17/src/gcc-build/./prev-gcc/ -B/usr/x86_64-pc-linux-gnu/bin/ -B/usr/x86_64-pc-linux-gnu/bin/ -B/usr/x86_64-pc-linux-gnu/lib/ -isystem /usr/x86_64-pc-linux-gnu/include -isystem /usr/x86_64-pc-linux-gnu/sys-include    -DHAVE_CONFIG_H -I. -I../../gcc-17-20260927/libbacktrace  -I ../../gcc-17-20260927/libbacktrace/../include -I ../../gcc-17-20260927/libbacktrace/../libgcc -I ../libgcc  -funwind-tables -frandom-seed=read.lo -W -Wall -Wwrite-strings -Wstrict-prototypes -Wmissing-prototypes -Wold-style-definition -Wmissing-format-attribute -Wcast-qual -Wno-attributes -Wpointer-arith   -O2     -c -o read.lo ../../gcc-17-20260927/libbacktrace/read.c
libtool: compile:  /build/gcc17/src/gcc-build/./prev-gcc/xgcc -B/build/gcc17/src/gcc-build/./prev-gcc/ -B/usr/x86_64-pc-linux-gnu/bin/ -B/usr/x86_64-pc-linux-gnu/bin/ -B/usr/x86_64-pc-linux-gnu/lib/ -isystem /usr/x86_64-pc-linux-gnu/include -isystem /usr/x86_64-pc-linux-gnu/sys-include -DHAVE_CONFIG_H -I. -I../../gcc-17-20260927/libbacktrace -I ../../gcc-17-20260927/libbacktrace/../include -I ../../gcc-17-20260927/libbacktrace/../libgcc -I ../libgcc -funwind-tables -frandom-seed=read.lo -W -Wall -Wwrite-strings -Wstrict-prototypes -Wmissing-prototypes -Wold-style-definition -Wmissing-format-attribute -Wcast-qual -Wno-attributes -Wpointer-arith -O2 -c ../../gcc-17-20260927/libbacktrace/read.c  -fPIC -DPIC -o .libs/read.o
libtool: compile:  /build/gcc17/src/gcc-build/./prev-gcc/xgcc -B/build/gcc17/src/gcc-build/./prev-gcc/ -B/usr/x86_64-pc-linux-gnu/bin/ -B/usr/x86_64-pc-linux-gnu/bin/ -B/usr/x86_64-pc-linux-gnu/lib/ -isystem /usr/x86_64-pc-linux-gnu/include -isystem /usr/x86_64-pc-linux-gnu/sys-include -DHAVE_CONFIG_H -I. -I../../gcc-17-20260927/libbacktrace -I ../../gcc-17-20260927/libbacktrace/../include -I ../../gcc-17-20260927/libbacktrace/../libgcc -I ../libgcc -funwind-tables -frandom-seed=read.lo -W -Wall -Wwrite-strings -Wstrict-prototypes -Wmissing-prototypes -Wold-style-definition -Wmissing-format-attribute -Wcast-qual -Wno-attributes -Wpointer-arith -O2 -c ../../gcc-17-20260927/libbacktrace/read.c -o read.o >/dev/null 2>&1
make[3]: Leaving directory '/build/gcc17/src/gcc-build/libbacktrace'
make[3]: Entering directory '/build/gcc17/src/gcc-build/libbacktrace'
/bin/sh ./libtool  --tag=CC   --mode=compile /build/gcc17/src/gcc-build/./prev-gcc/xgcc -B/build/gcc17/src/gcc-build/./prev-gcc/ -B/usr/x86_64-pc-linux-gnu/bin/ -B/usr/x86_64-pc-linux-gnu/bin/ -B/usr/x86_64-pc-linux-gnu/lib/ -isystem /usr/x86_64-pc-linux-gnu/include -isystem /usr/x86_64-pc-linux-gnu/sys-include    -DHAVE_CONFIG_H -I. -I../../gcc-17-20260927/libbacktrace  -I ../../gcc-17-20260927/libbacktrace/../include -I ../../gcc-17-20260927/libbacktrace/../libgcc -I ../libgcc  -funwind-tables -frandom-seed=alloc.lo -W -Wall -Wwrite-strings -Wstrict-prototypes -Wmissing-prototypes -Wold-style-definition -Wmissing-format-attribute -Wcast-qual -Wno-attributes -Wpointer-arith   -O2     -c -o alloc.lo ../../gcc-17-20260927/libbacktrace/alloc.c
libtool: compile:  /build/gcc17/src/gcc-build/./prev-gcc/xgcc -B/build/gcc17/src/gcc-build/./prev-gcc/ -B/usr/x86_64-pc-linux-gnu/bin/ -B/usr/x86_64-pc-linux-gnu/bin/ -B/usr/x86_64-pc-linux-gnu/lib/ -isystem /usr/x86_64-pc-linux-gnu/include -isystem /usr/x86_64-pc-linux-gnu/sys-include -DHAVE_CONFIG_H -I. -I../../gcc-17-20260927/libbacktrace -I ../../gcc-17-20260927/libbacktrace/../include -I ../../gcc-17-20260927/libbacktrace/../libgcc -I ../libgcc -funwind-tables -frandom-seed=alloc.lo -W -Wall -Wwrite-strings -Wstrict-prototypes -Wmissing-prototypes -Wold-style-definition -Wmissing-format-attribute -Wcast-qual -Wno-attributes -Wpointer-arith -O2 -c ../../gcc-17-20260927/libbacktrace/alloc.c  -fPIC -DPIC -o .libs/alloc.o
libtool: compile:  /build/gcc17/src/gcc-build/./prev-gcc/xgcc -B/build/gcc17/src/gcc-build/./prev-gcc/ -B/usr/x86_64-pc-linux-gnu/bin/ -B/usr/x86_64-pc-linux-gnu/bin/ -B/usr/x86_64-pc-linux-gnu/lib/ -isystem /usr/x86_64-pc-linux-gnu/include -isystem /usr/x86_64-pc-linux-gnu/sys-include -DHAVE_CONFIG_H -I. -I../../gcc-17-20260927/libbacktrace -I ../../gcc-17-20260927/libbacktrace/../include -I ../../gcc-17-20260927/libbacktrace/../libgcc -I ../libgcc -funwind-tables -frandom-seed=alloc.lo -W -Wall -Wwrite-strings -Wstrict-prototypes -Wmissing-prototypes -Wold-style-definition -Wmissing-format-attribute -Wcast-qual -Wno-attributes -Wpointer-arith -O2 -c ../../gcc-17-20260927/libbacktrace/alloc.c -o alloc.o >/dev/null 2>&1
make[3]: Leaving directory '/build/gcc17/src/gcc-build/libbacktrace'
make[3]: Entering directory '/build/gcc17/src/gcc-build/libbacktrace'
/bin/sh ./libtool  --tag=CC   --mode=link /build/gcc17/src/gcc-build/./prev-gcc/xgcc -B/build/gcc17/src/gcc-build/./prev-gcc/ -B/usr/x86_64-pc-linux-gnu/bin/ -B/usr/x86_64-pc-linux-gnu/bin/ -B/usr/x86_64-pc-linux-gnu/lib/ -isystem /usr/x86_64-pc-linux-gnu/include -isystem /usr/x86_64-pc-linux-gnu/sys-include    -funwind-tables -frandom-seed=libbacktrace_noformat.la -W -Wall -Wwrite-strings -Wstrict-prototypes -Wmissing-prototypes -Wold-style-definition -Wmissing-format-attribute -Wcast-qual -Wno-attributes -Wpointer-arith   -O2      -static-libstdc++ -static-libgcc  -o libbacktrace_noformat.la  atomic.lo dwarf.lo fileline.lo posix.lo print.lo sort.lo state.lo backtrace.lo simple.lo mmapio.lo mmap.lo 
libtool: link: /build/gcc17/src/gcc-build/./prev-gcc/gcc-ar -B/build/gcc17/src/gcc-build/./prev-gcc/ --plugin /build/gcc17/src/gcc-build/./prev-gcc/liblto_plugin.so rc .libs/libbacktrace_noformat.a .libs/atomic.o .libs/dwarf.o .libs/fileline.o .libs/posix.o .libs/print.o .libs/sort.o .libs/state.o .libs/backtrace.o .libs/simple.o .libs/mmapio.o .libs/mmap.o 
libtool: link: /build/gcc17/src/gcc-build/./prev-gcc/gcc-ranlib -B/build/gcc17/src/gcc-build/./prev-gcc/ --plugin /build/gcc17/src/gcc-build/./prev-gcc/liblto_plugin.so .libs/libbacktrace_noformat.a
libtool: link: ( cd ".libs" && rm -f "libbacktrace_noformat.la" && ln -s "../libbacktrace_noformat.la" "libbacktrace_noformat.la" )
make[3]: Leaving directory '/build/gcc17/src/gcc-build/libbacktrace'
make[4]: Entering directory '/build/gcc17/src/gcc-build/x86_64-pc-linux-gnu/libitm/testsuite'
srcdir='../../../../gcc-17-20260927/libitm/testsuite'; export srcdir; \
EXPECT=expect; export EXPECT; \
if /bin/sh -c "runtest --version" > /dev/null 2>&1; then \
  exit_status=0; l='libitm'; for tool in $l; do \
    if runtest  --tool $tool --srcdir $srcdir ; \
    then :; else exit_status=1; fi; \
  done; \
else echo "WARNING: could not find 'runtest'" 1>&2; :;\
fi; \
exit $exit_status
WARNING: Couldn't find the global config file.
Using ../../../../gcc-17-20260927/libitm/testsuite/lib/libitm.exp as tool init file.
spawn -ignore SIGHUP /build/gcc17/src/gcc-build/gcc/xgcc -B/build/gcc17/src/gcc-build/gcc/ -print-file-name=testsuite/et-static.exp
/build/gcc17/src/gcc-build/gcc/testsuite/et-static.exp
Test run by builduser on Sun Oct  4 12:23:33 2026
Native configuration is x86_64-pc-linux-gnu

		=== libitm tests ===

Schedule of variations:
    unix

Running target unix
Using /usr/share/dejagnu/baseboards/unix.exp as board description file for target.
Using /usr/share/dejagnu/config/unix.exp as generic interface file for target.
Using ../../../../gcc-17-20260927/libitm/testsuite/config/default.exp as tool-and-target-specific interface file.
Running ../../../../gcc-17-20260927/libitm/testsuite/libitm.c/c.exp ...
Running ../../../../gcc-17-20260927/libitm/testsuite/libitm.c++/c++.exp ...

		=== libitm Summary ===

# of expected passes		44
# of expected failures		3
# of unsupported tests		1
make[4]: Leaving directory '/build/gcc17/src/gcc-build/x86_64-pc-linux-gnu/libitm/testsuite'
true  DO=all multi-do # make
make[3]: Entering directory '/build/gcc17/src/gcc-build/libbacktrace'
/bin/sh ./libtool  --tag=CC   --mode=link /build/gcc17/src/gcc-build/./prev-gcc/xgcc -B/build/gcc17/src/gcc-build/./prev-gcc/ -B/usr/x86_64-pc-linux-gnu/bin/ -B/usr/x86_64-pc-linux-gnu/bin/ -B/usr/x86_64-pc-linux-gnu/lib/ -isystem /usr/x86_64-pc-linux-gnu/include -isystem /usr/x86_64-pc-linux-gnu/sys-include    -funwind-tables -frandom-seed=libbacktrace_instrumented_alloc.la -W -Wall -Wwrite-strings -Wstrict-prototypes -Wmissing-prototypes -Wold-style-definition -Wmissing-format-attribute -Wcast-qual -Wno-attributes -Wpointer-arith   -O2      -static-libstdc++ -static-libgcc  -o libbacktrace_instrumented_alloc.la  atomic.lo dwarf.lo fileline.lo posix.lo print.lo sort.lo state.lo backtrace.lo simple.lo elf.lo read.lo instrumented_alloc.lo 
libtool: link: /build/gcc17/src/gcc-build/./prev-gcc/gcc-ar -B/build/gcc17/src/gcc-build/./prev-gcc/ --plugin /build/gcc17/src/gcc-build/./prev-gcc/liblto_plugin.so rc .libs/libbacktrace_instrumented_alloc.a .libs/atomic.o .libs/dwarf.o .libs/fileline.o .libs/posix.o .libs/print.o .libs/sort.o .libs/state.o .libs/backtrace.o .libs/simple.o .libs/elf.o .libs/read.o .libs/instrumented_alloc.o 
libtool: link: /build/gcc17/src/gcc-build/./prev-gcc/gcc-ranlib -B/build/gcc17/src/gcc-build/./prev-gcc/ --plugin /build/gcc17/src/gcc-build/./prev-gcc/liblto_plugin.so .libs/libbacktrace_instrumented_alloc.a
libtool: link: ( cd ".libs" && rm -f "libbacktrace_instrumented_alloc.la" && ln -s "../libbacktrace_instrumented_alloc.la" "libbacktrace_instrumented_alloc.la" )
make[3]: Leaving directory '/build/gcc17/src/gcc-build/libbacktrace'
WARNING: Couldn't find the global config file.
Using /build/gcc17/src/gcc-17-20260927/libstdc++-v3/testsuite/lib/libstdc++.exp as tool init file.
spawn -ignore SIGHUP /build/gcc17/src/gcc-build/gcc/xgcc -B/build/gcc17/src/gcc-build/gcc/ -print-file-name=testsuite/et-static.exp
/build/gcc17/src/gcc-build/gcc/testsuite/et-static.exp
Test run by builduser on Sun Oct  4 12:23:38 2026
Native configuration is x86_64-pc-linux-gnu

		=== libstdc++ tests ===

Schedule of variations:
    unix

Running target unix
Using /usr/share/dejagnu/baseboards/unix.exp as board description file for target.
Using /usr/share/dejagnu/config/unix.exp as generic interface file for target.
Using /build/gcc17/src/gcc-17-20260927/libstdc++-v3/testsuite/config/default.exp as tool-and-target-specific interface file.
Running /build/gcc17/src/gcc-17-20260927/libstdc++-v3/testsuite/libstdc++-abi/abi.exp ...
Running /build/gcc17/src/gcc-17-20260927/libstdc++-v3/testsuite/libstdc++-dg/conformance.exp ...
make[3]: Entering directory '/build/gcc17/src/gcc-build/libbacktrace'
/bin/sh ./libtool  --tag=CC   --mode=compile /build/gcc17/src/gcc-build/./prev-gcc/xgcc -B/build/gcc17/src/gcc-build/./prev-gcc/ -B/usr/x86_64-pc-linux-gnu/bin/ -B/usr/x86_64-pc-linux-gnu/bin/ -B/usr/x86_64-pc-linux-gnu/lib/ -isystem /usr/x86_64-pc-linux-gnu/include -isystem /usr/x86_64-pc-linux-gnu/sys-include    -DHAVE_CONFIG_H -I. -I../../gcc-17-20260927/libbacktrace  -I ../../gcc-17-20260927/libbacktrace/../include -I ../../gcc-17-20260927/libbacktrace/../libgcc -I ../libgcc  -funwind-tables -frandom-seed=elf_for_test.lo -W -Wall -Wwrite-strings -Wstrict-prototypes -Wmissing-prototypes -Wold-style-definition -Wmissing-format-attribute -Wcast-qual -Wno-attributes -Wpointer-arith   -O2     -c -o elf_for_test.lo elf_for_test.c
libtool: compile:  /build/gcc17/src/gcc-build/./prev-gcc/xgcc -B/build/gcc17/src/gcc-build/./prev-gcc/ -B/usr/x86_64-pc-linux-gnu/bin/ -B/usr/x86_64-pc-linux-gnu/bin/ -B/usr/x86_64-pc-linux-gnu/lib/ -isystem /usr/x86_64-pc-linux-gnu/include -isystem /usr/x86_64-pc-linux-gnu/sys-include -DHAVE_CONFIG_H -I. -I../../gcc-17-20260927/libbacktrace -I ../../gcc-17-20260927/libbacktrace/../include -I ../../gcc-17-20260927/libbacktrace/../libgcc -I ../libgcc -funwind-tables -frandom-seed=elf_for_test.lo -W -Wall -Wwrite-strings -Wstrict-prototypes -Wmissing-prototypes -Wold-style-definition -Wmissing-format-attribute -Wcast-qual -Wno-attributes -Wpointer-arith -O2 -c elf_for_test.c  -fPIC -DPIC -o .libs/elf_for_test.o
libtool: compile:  /build/gcc17/src/gcc-build/./prev-gcc/xgcc -B/build/gcc17/src/gcc-build/./prev-gcc/ -B/usr/x86_64-pc-linux-gnu/bin/ -B/usr/x86_64-pc-linux-gnu/bin/ -B/usr/x86_64-pc-linux-gnu/lib/ -isystem /usr/x86_64-pc-linux-gnu/include -isystem /usr/x86_64-pc-linux-gnu/sys-include -DHAVE_CONFIG_H -I. -I../../gcc-17-20260927/libbacktrace -I ../../gcc-17-20260927/libbacktrace/../include -I ../../gcc-17-20260927/libbacktrace/../libgcc -I ../libgcc -funwind-tables -frandom-seed=elf_for_test.lo -W -Wall -Wwrite-strings -Wstrict-prototypes -Wmissing-prototypes -Wold-style-definition -Wmissing-format-attribute -Wcast-qual -Wno-attributes -Wpointer-arith -O2 -c elf_for_test.c -o elf_for_test.o >/dev/null 2>&1
make[3]: Leaving directory '/build/gcc17/src/gcc-build/libbacktrace'
make[3]: Entering directory '/build/gcc17/src/gcc-build/libbacktrace'
/bin/sh ./libtool  --tag=CC   --mode=link /build/gcc17/src/gcc-build/./prev-gcc/xgcc -B/build/gcc17/src/gcc-build/./prev-gcc/ -B/usr/x86_64-pc-linux-gnu/bin/ -B/usr/x86_64-pc-linux-gnu/bin/ -B/usr/x86_64-pc-linux-gnu/lib/ -isystem /usr/x86_64-pc-linux-gnu/include -isystem /usr/x86_64-pc-linux-gnu/sys-include    -funwind-tables -frandom-seed=strippedtest -W -Wall -Wwrite-strings -Wstrict-prototypes -Wmissing-prototypes -Wold-style-definition -Wmissing-format-attribute -Wcast-qual -Wno-attributes -Wpointer-arith -g -O -O2     -no-install -static -Wl,-Bstatic -no-pie -static-libstdc++ -static-libgcc  -o strippedtest strippedtest-strippedtest.o strippedtest-testlib.o libbacktrace.la 
libtool: link: /build/gcc17/src/gcc-build/./prev-gcc/xgcc -B/build/gcc17/src/gcc-build/./prev-gcc/ -B/usr/x86_64-pc-linux-gnu/bin/ -B/usr/x86_64-pc-linux-gnu/bin/ -B/usr/x86_64-pc-linux-gnu/lib/ -isystem /usr/x86_64-pc-linux-gnu/include -isystem /usr/x86_64-pc-linux-gnu/sys-include -funwind-tables -frandom-seed=strippedtest -W -Wall -Wwrite-strings -Wstrict-prototypes -Wmissing-prototypes -Wold-style-definition -Wmissing-format-attribute -Wcast-qual -Wno-attributes -Wpointer-arith -g -O -O2 -Wl,-Bstatic -no-pie -static-libstdc++ -static-libgcc -o strippedtest strippedtest-strippedtest.o strippedtest-testlib.o  ./.libs/libbacktrace.a
make[3]: Leaving directory '/build/gcc17/src/gcc-build/libbacktrace'
Running /build/gcc17/src/gcc-17-20260927/libstdc++-v3/testsuite/libstdc++-dg/conformance.exp ...
make[3]: Entering directory '/build/gcc17/src/gcc-build/libbacktrace'
/bin/sh ./libtool  --tag=CC   --mode=link /build/gcc17/src/gcc-build/./prev-gcc/xgcc -B/build/gcc17/src/gcc-build/./prev-gcc/ -B/usr/x86_64-pc-linux-gnu/bin/ -B/usr/x86_64-pc-linux-gnu/bin/ -B/usr/x86_64-pc-linux-gnu/lib/ -isystem /usr/x86_64-pc-linux-gnu/include -isystem /usr/x86_64-pc-linux-gnu/sys-include    -funwind-tables -frandom-seed=allocfail -W -Wall -Wwrite-strings -Wstrict-prototypes -Wmissing-prototypes -Wold-style-definition -Wmissing-format-attribute -Wcast-qual -Wno-attributes -Wpointer-arith -g -O2      -static-libstdc++ -static-libgcc  -o allocfail allocfail-allocfail.o allocfail-testlib.o libbacktrace_instrumented_alloc.la 
libtool: link: /build/gcc17/src/gcc-build/./prev-gcc/xgcc -B/build/gcc17/src/gcc-build/./prev-gcc/ -B/usr/x86_64-pc-linux-gnu/bin/ -B/usr/x86_64-pc-linux-gnu/bin/ -B/usr/x86_64-pc-linux-gnu/lib/ -isystem /usr/x86_64-pc-linux-gnu/include -isystem /usr/x86_64-pc-linux-gnu/sys-include -funwind-tables -frandom-seed=allocfail -W -Wall -Wwrite-strings -Wstrict-prototypes -Wmissing-prototypes -Wold-style-definition -Wmissing-format-attribute -Wcast-qual -Wno-attributes -Wpointer-arith -g -O2 -static-libstdc++ -static-libgcc -o allocfail allocfail-allocfail.o allocfail-testlib.o  ./.libs/libbacktrace_instrumented_alloc.a
make[3]: Leaving directory '/build/gcc17/src/gcc-build/libbacktrace'
make[3]: Entering directory '/build/gcc17/src/gcc-build/libbacktrace'
/bin/sh ./libtool  --tag=CC   --mode=compile /build/gcc17/src/gcc-build/./prev-gcc/xgcc -B/build/gcc17/src/gcc-build/./prev-gcc/ -B/usr/x86_64-pc-linux-gnu/bin/ -B/usr/x86_64-pc-linux-gnu/bin/ -B/usr/x86_64-pc-linux-gnu/lib/ -isystem /usr/x86_64-pc-linux-gnu/include -isystem /usr/x86_64-pc-linux-gnu/sys-include    -DHAVE_CONFIG_H -I. -I../../gcc-17-20260927/libbacktrace  -I ../../gcc-17-20260927/libbacktrace/../include -I ../../gcc-17-20260927/libbacktrace/../libgcc -I ../libgcc  -funwind-tables -frandom-seed=elf_32.lo -W -Wall -Wwrite-strings -Wstrict-prototypes -Wmissing-prototypes -Wold-style-definition -Wmissing-format-attribute -Wcast-qual -Wno-attributes -Wpointer-arith   -O2     -c -o elf_32.lo elf_32.c
libtool: compile:  /build/gcc17/src/gcc-build/./prev-gcc/xgcc -B/build/gcc17/src/gcc-build/./prev-gcc/ -B/usr/x86_64-pc-linux-gnu/bin/ -B/usr/x86_64-pc-linux-gnu/bin/ -B/usr/x86_64-pc-linux-gnu/lib/ -isystem /usr/x86_64-pc-linux-gnu/include -isystem /usr/x86_64-pc-linux-gnu/sys-include -DHAVE_CONFIG_H -I. -I../../gcc-17-20260927/libbacktrace -I ../../gcc-17-20260927/libbacktrace/../include -I ../../gcc-17-20260927/libbacktrace/../libgcc -I ../libgcc -funwind-tables -frandom-seed=elf_32.lo -W -Wall -Wwrite-strings -Wstrict-prototypes -Wmissing-prototypes -Wold-style-definition -Wmissing-format-attribute -Wcast-qual -Wno-attributes -Wpointer-arith -O2 -c elf_32.c  -fPIC -DPIC -o .libs/elf_32.o
libtool: compile:  /build/gcc17/src/gcc-build/./prev-gcc/xgcc -B/build/gcc17/src/gcc-build/./prev-gcc/ -B/usr/x86_64-pc-linux-gnu/bin/ -B/usr/x86_64-pc-linux-gnu/bin/ -B/usr/x86_64-pc-linux-gnu/lib/ -isystem /usr/x86_64-pc-linux-gnu/include -isystem /usr/x86_64-pc-linux-gnu/sys-include -DHAVE_CONFIG_H -I. -I../../gcc-17-20260927/libbacktrace -I ../../gcc-17-20260927/libbacktrace/../include -I ../../gcc-17-20260927/libbacktrace/../libgcc -I ../libgcc -funwind-tables -frandom-seed=elf_32.lo -W -Wall -Wwrite-strings -Wstrict-prototypes -Wmissing-prototypes -Wold-style-definition -Wmissing-format-attribute -Wcast-qual -Wno-attributes -Wpointer-arith -O2 -c elf_32.c -o elf_32.o >/dev/null 2>&1
make[3]: Leaving directory '/build/gcc17/src/gcc-build/libbacktrace'
make[3]: Entering directory '/build/gcc17/src/gcc-build/libbacktrace'
/bin/sh ./libtool  --tag=CC   --mode=compile /build/gcc17/src/gcc-build/./prev-gcc/xgcc -B/build/gcc17/src/gcc-build/./prev-gcc/ -B/usr/x86_64-pc-linux-gnu/bin/ -B/usr/x86_64-pc-linux-gnu/bin/ -B/usr/x86_64-pc-linux-gnu/lib/ -isystem /usr/x86_64-pc-linux-gnu/include -isystem /usr/x86_64-pc-linux-gnu/sys-include    -DHAVE_CONFIG_H -I. -I../../gcc-17-20260927/libbacktrace  -I ../../gcc-17-20260927/libbacktrace/../include -I ../../gcc-17-20260927/libbacktrace/../libgcc -I ../libgcc  -funwind-tables -frandom-seed=elf_64.lo -W -Wall -Wwrite-strings -Wstrict-prototypes -Wmissing-prototypes -Wold-style-definition -Wmissing-format-attribute -Wcast-qual -Wno-attributes -Wpointer-arith   -O2     -c -o elf_64.lo elf_64.c
libtool: compile:  /build/gcc17/src/gcc-build/./prev-gcc/xgcc -B/build/gcc17/src/gcc-build/./prev-gcc/ -B/usr/x86_64-pc-linux-gnu/bin/ -B/usr/x86_64-pc-linux-gnu/bin/ -B/usr/x86_64-pc-linux-gnu/lib/ -isystem /usr/x86_64-pc-linux-gnu/include -isystem /usr/x86_64-pc-linux-gnu/sys-include -DHAVE_CONFIG_H -I. -I../../gcc-17-20260927/libbacktrace -I ../../gcc-17-20260927/libbacktrace/../include -I ../../gcc-17-20260927/libbacktrace/../libgcc -I ../libgcc -funwind-tables -frandom-seed=elf_64.lo -W -Wall -Wwrite-strings -Wstrict-prototypes -Wmissing-prototypes -Wold-style-definition -Wmissing-format-attribute -Wcast-qual -Wno-attributes -Wpointer-arith -O2 -c elf_64.c  -fPIC -DPIC -o .libs/elf_64.o
libtool: compile:  /build/gcc17/src/gcc-build/./prev-gcc/xgcc -B/build/gcc17/src/gcc-build/./prev-gcc/ -B/usr/x86_64-pc-linux-gnu/bin/ -B/usr/x86_64-pc-linux-gnu/bin/ -B/usr/x86_64-pc-linux-gnu/lib/ -isystem /usr/x86_64-pc-linux-gnu/include -isystem /usr/x86_64-pc-linux-gnu/sys-include -DHAVE_CONFIG_H -I. -I../../gcc-17-20260927/libbacktrace -I ../../gcc-17-20260927/libbacktrace/../include -I ../../gcc-17-20260927/libbacktrace/../libgcc -I ../libgcc -funwind-tables -frandom-seed=elf_64.lo -W -Wall -Wwrite-strings -Wstrict-prototypes -Wmissing-prototypes -Wold-style-definition -Wmissing-format-attribute -Wcast-qual -Wno-attributes -Wpointer-arith -O2 -c elf_64.c -o elf_64.o >/dev/null 2>&1
make[3]: Leaving directory '/build/gcc17/src/gcc-build/libbacktrace'
make[3]: Entering directory '/build/gcc17/src/gcc-build/libbacktrace'
/bin/sh ./libtool  --tag=CC   --mode=link /build/gcc17/src/gcc-build/./prev-gcc/xgcc -B/build/gcc17/src/gcc-build/./prev-gcc/ -B/usr/x86_64-pc-linux-gnu/bin/ -B/usr/x86_64-pc-linux-gnu/bin/ -B/usr/x86_64-pc-linux-gnu/lib/ -isystem /usr/x86_64-pc-linux-gnu/include -isystem /usr/x86_64-pc-linux-gnu/sys-include    -funwind-tables -frandom-seed=test_macho -W -Wall -Wwrite-strings -Wstrict-prototypes -Wmissing-prototypes -Wold-style-definition -Wmissing-format-attribute -Wcast-qual -Wno-attributes -Wpointer-arith -g -O2     -no-install -static-libstdc++ -static-libgcc  -o test_macho test_macho-test_format.o test_macho-testlib.o libbacktrace_noformat.la macho.lo 
libtool: link: /build/gcc17/src/gcc-build/./prev-gcc/xgcc -B/build/gcc17/src/gcc-build/./prev-gcc/ -B/usr/x86_64-pc-linux-gnu/bin/ -B/usr/x86_64-pc-linux-gnu/bin/ -B/usr/x86_64-pc-linux-gnu/lib/ -isystem /usr/x86_64-pc-linux-gnu/include -isystem /usr/x86_64-pc-linux-gnu/sys-include -funwind-tables -frandom-seed=test_macho -W -Wall -Wwrite-strings -Wstrict-prototypes -Wmissing-prototypes -Wold-style-definition -Wmissing-format-attribute -Wcast-qual -Wno-attributes -Wpointer-arith -g -O2 -static-libstdc++ -static-libgcc -o test_macho test_macho-test_format.o test_macho-testlib.o .libs/macho.o  ./.libs/libbacktrace_noformat.a 
make[3]: Leaving directory '/build/gcc17/src/gcc-build/libbacktrace'
make[3]: Entering directory '/build/gcc17/src/gcc-build/libbacktrace'
/bin/sh ./libtool  --tag=CC   --mode=compile /build/gcc17/src/gcc-build/./prev-gcc/xgcc -B/build/gcc17/src/gcc-build/./prev-gcc/ -B/usr/x86_64-pc-linux-gnu/bin/ -B/usr/x86_64-pc-linux-gnu/bin/ -B/usr/x86_64-pc-linux-gnu/lib/ -isystem /usr/x86_64-pc-linux-gnu/include -isystem /usr/x86_64-pc-linux-gnu/sys-include    -DHAVE_CONFIG_H -I. -I../../gcc-17-20260927/libbacktrace  -I ../../gcc-17-20260927/libbacktrace/../include -I ../../gcc-17-20260927/libbacktrace/../libgcc -I ../libgcc  -funwind-tables -frandom-seed=xcoff_32.lo -W -Wall -Wwrite-strings -Wstrict-prototypes -Wmissing-prototypes -Wold-style-definition -Wmissing-format-attribute -Wcast-qual -Wno-attributes -Wpointer-arith   -O2     -c -o xcoff_32.lo xcoff_32.c
libtool: compile:  /build/gcc17/src/gcc-build/./prev-gcc/xgcc -B/build/gcc17/src/gcc-build/./prev-gcc/ -B/usr/x86_64-pc-linux-gnu/bin/ -B/usr/x86_64-pc-linux-gnu/bin/ -B/usr/x86_64-pc-linux-gnu/lib/ -isystem /usr/x86_64-pc-linux-gnu/include -isystem /usr/x86_64-pc-linux-gnu/sys-include -DHAVE_CONFIG_H -I. -I../../gcc-17-20260927/libbacktrace -I ../../gcc-17-20260927/libbacktrace/../include -I ../../gcc-17-20260927/libbacktrace/../libgcc -I ../libgcc -funwind-tables -frandom-seed=xcoff_32.lo -W -Wall -Wwrite-strings -Wstrict-prototypes -Wmissing-prototypes -Wold-style-definition -Wmissing-format-attribute -Wcast-qual -Wno-attributes -Wpointer-arith -O2 -c xcoff_32.c  -fPIC -DPIC -o .libs/xcoff_32.o
libtool: compile:  /build/gcc17/src/gcc-build/./prev-gcc/xgcc -B/build/gcc17/src/gcc-build/./prev-gcc/ -B/usr/x86_64-pc-linux-gnu/bin/ -B/usr/x86_64-pc-linux-gnu/bin/ -B/usr/x86_64-pc-linux-gnu/lib/ -isystem /usr/x86_64-pc-linux-gnu/include -isystem /usr/x86_64-pc-linux-gnu/sys-include -DHAVE_CONFIG_H -I. -I../../gcc-17-20260927/libbacktrace -I ../../gcc-17-20260927/libbacktrace/../include -I ../../gcc-17-20260927/libbacktrace/../libgcc -I ../libgcc -funwind-tables -frandom-seed=xcoff_32.lo -W -Wall -Wwrite-strings -Wstrict-prototypes -Wmissing-prototypes -Wold-style-definition -Wmissing-format-attribute -Wcast-qual -Wno-attributes -Wpointer-arith -O2 -c xcoff_32.c -o xcoff_32.o >/dev/null 2>&1
make[3]: Leaving directory '/build/gcc17/src/gcc-build/libbacktrace'
make[3]: Entering directory '/build/gcc17/src/gcc-build/libbacktrace'
/bin/sh ./libtool  --tag=CC   --mode=compile /build/gcc17/src/gcc-build/./prev-gcc/xgcc -B/build/gcc17/src/gcc-build/./prev-gcc/ -B/usr/x86_64-pc-linux-gnu/bin/ -B/usr/x86_64-pc-linux-gnu/bin/ -B/usr/x86_64-pc-linux-gnu/lib/ -isystem /usr/x86_64-pc-linux-gnu/include -isystem /usr/x86_64-pc-linux-gnu/sys-include    -DHAVE_CONFIG_H -I. -I../../gcc-17-20260927/libbacktrace  -I ../../gcc-17-20260927/libbacktrace/../include -I ../../gcc-17-20260927/libbacktrace/../libgcc -I ../libgcc  -funwind-tables -frandom-seed=xcoff_64.lo -W -Wall -Wwrite-strings -Wstrict-prototypes -Wmissing-prototypes -Wold-style-definition -Wmissing-format-attribute -Wcast-qual -Wno-attributes -Wpointer-arith   -O2     -c -o xcoff_64.lo xcoff_64.c
libtool: compile:  /build/gcc17/src/gcc-build/./prev-gcc/xgcc -B/build/gcc17/src/gcc-build/./prev-gcc/ -B/usr/x86_64-pc-linux-gnu/bin/ -B/usr/x86_64-pc-linux-gnu/bin/ -B/usr/x86_64-pc-linux-gnu/lib/ -isystem /usr/x86_64-pc-linux-gnu/include -isystem /usr/x86_64-pc-linux-gnu/sys-include -DHAVE_CONFIG_H -I. -I../../gcc-17-20260927/libbacktrace -I ../../gcc-17-20260927/libbacktrace/../include -I ../../gcc-17-20260927/libbacktrace/../libgcc -I ../libgcc -funwind-tables -frandom-seed=xcoff_64.lo -W -Wall -Wwrite-strings -Wstrict-prototypes -Wmissing-prototypes -Wold-style-definition -Wmissing-format-attribute -Wcast-qual -Wno-attributes -Wpointer-arith -O2 -c xcoff_64.c  -fPIC -DPIC -o .libs/xcoff_64.o
libtool: compile:  /build/gcc17/src/gcc-build/./prev-gcc/xgcc -B/build/gcc17/src/gcc-build/./prev-gcc/ -B/usr/x86_64-pc-linux-gnu/bin/ -B/usr/x86_64-pc-linux-gnu/bin/ -B/usr/x86_64-pc-linux-gnu/lib/ -isystem /usr/x86_64-pc-linux-gnu/include -isystem /usr/x86_64-pc-linux-gnu/sys-include -DHAVE_CONFIG_H -I. -I../../gcc-17-20260927/libbacktrace -I ../../gcc-17-20260927/libbacktrace/../include -I ../../gcc-17-20260927/libbacktrace/../libgcc -I ../libgcc -funwind-tables -frandom-seed=xcoff_64.lo -W -Wall -Wwrite-strings -Wstrict-prototypes -Wmissing-prototypes -Wold-style-definition -Wmissing-format-attribute -Wcast-qual -Wno-attributes -Wpointer-arith -O2 -c xcoff_64.c -o xcoff_64.o >/dev/null 2>&1
make[3]: Leaving directory '/build/gcc17/src/gcc-build/libbacktrace'
make[3]: Entering directory '/build/gcc17/src/gcc-build/libbacktrace'
/bin/sh ./libtool  --tag=CC   --mode=link /build/gcc17/src/gcc-build/./prev-gcc/xgcc -B/build/gcc17/src/gcc-build/./prev-gcc/ -B/usr/x86_64-pc-linux-gnu/bin/ -B/usr/x86_64-pc-linux-gnu/bin/ -B/usr/x86_64-pc-linux-gnu/lib/ -isystem /usr/x86_64-pc-linux-gnu/include -isystem /usr/x86_64-pc-linux-gnu/sys-include    -funwind-tables -frandom-seed=test_pecoff -W -Wall -Wwrite-strings -Wstrict-prototypes -Wmissing-prototypes -Wold-style-definition -Wmissing-format-attribute -Wcast-qual -Wno-attributes -Wpointer-arith -g -O2     -no-install -static-libstdc++ -static-libgcc  -o test_pecoff test_pecoff-test_format.o test_pecoff-testlib.o libbacktrace_noformat.la pecoff.lo 
libtool: link: /build/gcc17/src/gcc-build/./prev-gcc/xgcc -B/build/gcc17/src/gcc-build/./prev-gcc/ -B/usr/x86_64-pc-linux-gnu/bin/ -B/usr/x86_64-pc-linux-gnu/bin/ -B/usr/x86_64-pc-linux-gnu/lib/ -isystem /usr/x86_64-pc-linux-gnu/include -isystem /usr/x86_64-pc-linux-gnu/sys-include -funwind-tables -frandom-seed=test_pecoff -W -Wall -Wwrite-strings -Wstrict-prototypes -Wmissing-prototypes -Wold-style-definition -Wmissing-format-attribute -Wcast-qual -Wno-attributes -Wpointer-arith -g -O2 -static-libstdc++ -static-libgcc -o test_pecoff test_pecoff-test_format.o test_pecoff-testlib.o .libs/pecoff.o  ./.libs/libbacktrace_noformat.a 
make[3]: Leaving directory '/build/gcc17/src/gcc-build/libbacktrace'
make[3]: Entering directory '/build/gcc17/src/gcc-build/libbacktrace'
/bin/sh ./libtool  --tag=CC   --mode=link /build/gcc17/src/gcc-build/./prev-gcc/xgcc -B/build/gcc17/src/gcc-build/./prev-gcc/ -B/usr/x86_64-pc-linux-gnu/bin/ -B/usr/x86_64-pc-linux-gnu/bin/ -B/usr/x86_64-pc-linux-gnu/lib/ -isystem /usr/x86_64-pc-linux-gnu/include -isystem /usr/x86_64-pc-linux-gnu/sys-include    -funwind-tables -frandom-seed=test_unknown -W -Wall -Wwrite-strings -Wstrict-prototypes -Wmissing-prototypes -Wold-style-definition -Wmissing-format-attribute -Wcast-qual -Wno-attributes -Wpointer-arith -g -O2     -no-install -static-libstdc++ -static-libgcc  -o test_unknown test_unknown-test_format.o test_unknown-testlib.o libbacktrace_noformat.la unknown.lo 
libtool: link: /build/gcc17/src/gcc-build/./prev-gcc/xgcc -B/build/gcc17/src/gcc-build/./prev-gcc/ -B/usr/x86_64-pc-linux-gnu/bin/ -B/usr/x86_64-pc-linux-gnu/bin/ -B/usr/x86_64-pc-linux-gnu/lib/ -isystem /usr/x86_64-pc-linux-gnu/include -isystem /usr/x86_64-pc-linux-gnu/sys-include -funwind-tables -frandom-seed=test_unknown -W -Wall -Wwrite-strings -Wstrict-prototypes -Wmissing-prototypes -Wold-style-definition -Wmissing-format-attribute -Wcast-qual -Wno-attributes -Wpointer-arith -g -O2 -static-libstdc++ -static-libgcc -o test_unknown test_unknown-test_format.o test_unknown-testlib.o .libs/unknown.o  ./.libs/libbacktrace_noformat.a 
make[3]: Leaving directory '/build/gcc17/src/gcc-build/libbacktrace'
make[3]: Entering directory '/build/gcc17/src/gcc-build/libbacktrace'
/bin/sh ./libtool  --tag=CC   --mode=link /build/gcc17/src/gcc-build/./prev-gcc/xgcc -B/build/gcc17/src/gcc-build/./prev-gcc/ -B/usr/x86_64-pc-linux-gnu/bin/ -B/usr/x86_64-pc-linux-gnu/bin/ -B/usr/x86_64-pc-linux-gnu/lib/ -isystem /usr/x86_64-pc-linux-gnu/include -isystem /usr/x86_64-pc-linux-gnu/sys-include    -funwind-tables -frandom-seed=unittest -W -Wall -Wwrite-strings -Wstrict-prototypes -Wmissing-prototypes -Wold-style-definition -Wmissing-format-attribute -Wcast-qual -Wno-attributes -Wpointer-arith -g -O2     -no-install -static-libstdc++ -static-libgcc  -o unittest unittest-unittest.o unittest-testlib.o libbacktrace.la 
libtool: link: /build/gcc17/src/gcc-build/./prev-gcc/xgcc -B/build/gcc17/src/gcc-build/./prev-gcc/ -B/usr/x86_64-pc-linux-gnu/bin/ -B/usr/x86_64-pc-linux-gnu/bin/ -B/usr/x86_64-pc-linux-gnu/lib/ -isystem /usr/x86_64-pc-linux-gnu/include -isystem /usr/x86_64-pc-linux-gnu/sys-include -funwind-tables -frandom-seed=unittest -W -Wall -Wwrite-strings -Wstrict-prototypes -Wmissing-prototypes -Wold-style-definition -Wmissing-format-attribute -Wcast-qual -Wno-attributes -Wpointer-arith -g -O2 -static-libstdc++ -static-libgcc -o unittest unittest-unittest.o unittest-testlib.o  ./.libs/libbacktrace.a
make[3]: Leaving directory '/build/gcc17/src/gcc-build/libbacktrace'
make[3]: Entering directory '/build/gcc17/src/gcc-build/libbacktrace'
/bin/sh ./libtool  --tag=CC   --mode=link /build/gcc17/src/gcc-build/./prev-gcc/xgcc -B/build/gcc17/src/gcc-build/./prev-gcc/ -B/usr/x86_64-pc-linux-gnu/bin/ -B/usr/x86_64-pc-linux-gnu/bin/ -B/usr/x86_64-pc-linux-gnu/lib/ -isystem /usr/x86_64-pc-linux-gnu/include -isystem /usr/x86_64-pc-linux-gnu/sys-include    -funwind-tables -frandom-seed=btest -W -Wall -Wwrite-strings -Wstrict-prototypes -Wmissing-prototypes -Wold-style-definition -Wmissing-format-attribute -Wcast-qual -Wno-attributes -Wpointer-arith -g -O -O2     -no-install -static-libstdc++ -static-libgcc  -o btest btest-btest.o btest-testlib.o libbacktrace.la 
libtool: link: /build/gcc17/src/gcc-build/./prev-gcc/xgcc -B/build/gcc17/src/gcc-build/./prev-gcc/ -B/usr/x86_64-pc-linux-gnu/bin/ -B/usr/x86_64-pc-linux-gnu/bin/ -B/usr/x86_64-pc-linux-gnu/lib/ -isystem /usr/x86_64-pc-linux-gnu/include -isystem /usr/x86_64-pc-linux-gnu/sys-include -funwind-tables -frandom-seed=btest -W -Wall -Wwrite-strings -Wstrict-prototypes -Wmissing-prototypes -Wold-style-definition -Wmissing-format-attribute -Wcast-qual -Wno-attributes -Wpointer-arith -g -O -O2 -static-libstdc++ -static-libgcc -o btest btest-btest.o btest-testlib.o  ./.libs/libbacktrace.a
make[3]: Leaving directory '/build/gcc17/src/gcc-build/libbacktrace'
make[3]: Entering directory '/build/gcc17/src/gcc-build/libbacktrace'
/bin/sh ./libtool  --tag=CC   --mode=link /build/gcc17/src/gcc-build/./prev-gcc/xgcc -B/build/gcc17/src/gcc-build/./prev-gcc/ -B/usr/x86_64-pc-linux-gnu/bin/ -B/usr/x86_64-pc-linux-gnu/bin/ -B/usr/x86_64-pc-linux-gnu/lib/ -isystem /usr/x86_64-pc-linux-gnu/include -isystem /usr/x86_64-pc-linux-gnu/sys-include    -funwind-tables -frandom-seed=btest_lto -W -Wall -Wwrite-strings -Wstrict-prototypes -Wmissing-prototypes -Wold-style-definition -Wmissing-format-attribute -Wcast-qual -Wno-attributes -Wpointer-arith -g -O -flto -O2     -no-install -static-libstdc++ -static-libgcc  -o btest_lto btest_lto-btest.o btest_lto-testlib.o libbacktrace.la 
libtool: link: /build/gcc17/src/gcc-build/./prev-gcc/xgcc -B/build/gcc17/src/gcc-build/./prev-gcc/ -B/usr/x86_64-pc-linux-gnu/bin/ -B/usr/x86_64-pc-linux-gnu/bin/ -B/usr/x86_64-pc-linux-gnu/lib/ -isystem /usr/x86_64-pc-linux-gnu/include -isystem /usr/x86_64-pc-linux-gnu/sys-include -funwind-tables -frandom-seed=btest_lto -W -Wall -Wwrite-strings -Wstrict-prototypes -Wmissing-prototypes -Wold-style-definition -Wmissing-format-attribute -Wcast-qual -Wno-attributes -Wpointer-arith -g -O -flto -O2 -static-libstdc++ -static-libgcc -o btest_lto btest_lto-btest.o btest_lto-testlib.o  ./.libs/libbacktrace.a
make[3]: Leaving directory '/build/gcc17/src/gcc-build/libbacktrace'
make[3]: Entering directory '/build/gcc17/src/gcc-build/libbacktrace'
/bin/sh ./libtool  --tag=CC   --mode=link /build/gcc17/src/gcc-build/./prev-gcc/xgcc -B/build/gcc17/src/gcc-build/./prev-gcc/ -B/usr/x86_64-pc-linux-gnu/bin/ -B/usr/x86_64-pc-linux-gnu/bin/ -B/usr/x86_64-pc-linux-gnu/lib/ -isystem /usr/x86_64-pc-linux-gnu/include -isystem /usr/x86_64-pc-linux-gnu/sys-include    -funwind-tables -frandom-seed=mdtest -W -Wall -Wwrite-strings -Wstrict-prototypes -Wmissing-prototypes -Wold-style-definition -Wmissing-format-attribute -Wcast-qual -Wno-attributes -Wpointer-arith -g -O -O2     -no-install -static-libstdc++ -static-libgcc  -o mdtest mdtest-mdtest.o mdtest-testlib.o libbacktrace.la 
libtool: link: /build/gcc17/src/gcc-build/./prev-gcc/xgcc -B/build/gcc17/src/gcc-build/./prev-gcc/ -B/usr/x86_64-pc-linux-gnu/bin/ -B/usr/x86_64-pc-linux-gnu/bin/ -B/usr/x86_64-pc-linux-gnu/lib/ -isystem /usr/x86_64-pc-linux-gnu/include -isystem /usr/x86_64-pc-linux-gnu/sys-include -funwind-tables -frandom-seed=mdtest -W -Wall -Wwrite-strings -Wstrict-prototypes -Wmissing-prototypes -Wold-style-definition -Wmissing-format-attribute -Wcast-qual -Wno-attributes -Wpointer-arith -g -O -O2 -static-libstdc++ -static-libgcc -o mdtest mdtest-mdtest.o mdtest-testlib.o  ./.libs/libbacktrace.a
make[3]: Leaving directory '/build/gcc17/src/gcc-build/libbacktrace'
make[3]: Entering directory '/build/gcc17/src/gcc-build/libbacktrace'
/bin/sh ./libtool  --tag=CC   --mode=link /build/gcc17/src/gcc-build/./prev-gcc/xgcc -B/build/gcc17/src/gcc-build/./prev-gcc/ -B/usr/x86_64-pc-linux-gnu/bin/ -B/usr/x86_64-pc-linux-gnu/bin/ -B/usr/x86_64-pc-linux-gnu/lib/ -isystem /usr/x86_64-pc-linux-gnu/include -isystem /usr/x86_64-pc-linux-gnu/sys-include    -funwind-tables -frandom-seed=stest -W -Wall -Wwrite-strings -Wstrict-prototypes -Wmissing-prototypes -Wold-style-definition -Wmissing-format-attribute -Wcast-qual -Wno-attributes -Wpointer-arith -g -O2     -no-install -static-libstdc++ -static-libgcc  -o stest stest-stest.o libbacktrace.la 
libtool: link: /build/gcc17/src/gcc-build/./prev-gcc/xgcc -B/build/gcc17/src/gcc-build/./prev-gcc/ -B/usr/x86_64-pc-linux-gnu/bin/ -B/usr/x86_64-pc-linux-gnu/bin/ -B/usr/x86_64-pc-linux-gnu/lib/ -isystem /usr/x86_64-pc-linux-gnu/include -isystem /usr/x86_64-pc-linux-gnu/sys-include -funwind-tables -frandom-seed=stest -W -Wall -Wwrite-strings -Wstrict-prototypes -Wmissing-prototypes -Wold-style-definition -Wmissing-format-attribute -Wcast-qual -Wno-attributes -Wpointer-arith -g -O2 -static-libstdc++ -static-libgcc -o stest stest-stest.o  ./.libs/libbacktrace.a
make[3]: Leaving directory '/build/gcc17/src/gcc-build/libbacktrace'
make[3]: Entering directory '/build/gcc17/src/gcc-build/libbacktrace'
/bin/sh ./libtool  --tag=CC   --mode=link /build/gcc17/src/gcc-build/./prev-gcc/xgcc -B/build/gcc17/src/gcc-build/./prev-gcc/ -B/usr/x86_64-pc-linux-gnu/bin/ -B/usr/x86_64-pc-linux-gnu/bin/ -B/usr/x86_64-pc-linux-gnu/lib/ -isystem /usr/x86_64-pc-linux-gnu/include -isystem /usr/x86_64-pc-linux-gnu/sys-include    -funwind-tables -frandom-seed=ztest -W -Wall -Wwrite-strings -Wstrict-prototypes -Wmissing-prototypes -Wold-style-definition -Wmissing-format-attribute -Wcast-qual -Wno-attributes -Wpointer-arith -g -DSRCDIR=\"../../gcc-17-20260927/libbacktrace\" -O2     -no-install -static-libstdc++ -static-libgcc  -o ztest ztest-ztest.o ztest-testlib.o libbacktrace.la -lz  
libtool: link: /build/gcc17/src/gcc-build/./prev-gcc/xgcc -B/build/gcc17/src/gcc-build/./prev-gcc/ -B/usr/x86_64-pc-linux-gnu/bin/ -B/usr/x86_64-pc-linux-gnu/bin/ -B/usr/x86_64-pc-linux-gnu/lib/ -isystem /usr/x86_64-pc-linux-gnu/include -isystem /usr/x86_64-pc-linux-gnu/sys-include -funwind-tables -frandom-seed=ztest -W -Wall -Wwrite-strings -Wstrict-prototypes -Wmissing-prototypes -Wold-style-definition -Wmissing-format-attribute -Wcast-qual -Wno-attributes -Wpointer-arith -g -DSRCDIR=\"../../gcc-17-20260927/libbacktrace\" -O2 -static-libstdc++ -static-libgcc -o ztest ztest-ztest.o ztest-testlib.o  ./.libs/libbacktrace.a -lz
make[3]: Leaving directory '/build/gcc17/src/gcc-build/libbacktrace'
make[3]: Entering directory '/build/gcc17/src/gcc-build/libbacktrace'
/bin/sh ./libtool  --tag=CC   --mode=link /build/gcc17/src/gcc-build/./prev-gcc/xgcc -B/build/gcc17/src/gcc-build/./prev-gcc/ -B/usr/x86_64-pc-linux-gnu/bin/ -B/usr/x86_64-pc-linux-gnu/bin/ -B/usr/x86_64-pc-linux-gnu/lib/ -isystem /usr/x86_64-pc-linux-gnu/include -isystem /usr/x86_64-pc-linux-gnu/sys-include    -funwind-tables -frandom-seed=zstdtest -W -Wall -Wwrite-strings -Wstrict-prototypes -Wmissing-prototypes -Wold-style-definition -Wmissing-format-attribute -Wcast-qual -Wno-attributes -Wpointer-arith -g -DSRCDIR=\"../../gcc-17-20260927/libbacktrace\" -O2     -no-install -static-libstdc++ -static-libgcc  -o zstdtest zstdtest-zstdtest.o zstdtest-testlib.o libbacktrace.la -lzstd  
libtool: link: /build/gcc17/src/gcc-build/./prev-gcc/xgcc -B/build/gcc17/src/gcc-build/./prev-gcc/ -B/usr/x86_64-pc-linux-gnu/bin/ -B/usr/x86_64-pc-linux-gnu/bin/ -B/usr/x86_64-pc-linux-gnu/lib/ -isystem /usr/x86_64-pc-linux-gnu/include -isystem /usr/x86_64-pc-linux-gnu/sys-include -funwind-tables -frandom-seed=zstdtest -W -Wall -Wwrite-strings -Wstrict-prototypes -Wmissing-prototypes -Wold-style-definition -Wmissing-format-attribute -Wcast-qual -Wno-attributes -Wpointer-arith -g -DSRCDIR=\"../../gcc-17-20260927/libbacktrace\" -O2 -static-libstdc++ -static-libgcc -o zstdtest zstdtest-zstdtest.o zstdtest-testlib.o  ./.libs/libbacktrace.a -lzstd
make[3]: Leaving directory '/build/gcc17/src/gcc-build/libbacktrace'
Running /build/gcc17/src/gcc-17-20260927/libgomp/testsuite/libgomp.c++/c++.exp ...
Running /build/gcc17/src/gcc-17-20260927/libgomp/testsuite/libgomp.c++/c++.exp ...
Running /build/gcc17/src/gcc-17-20260927/libgomp/testsuite/libgomp.c++/c++.exp ...
Running /build/gcc17/src/gcc-17-20260927/libgomp/testsuite/libgomp.c++/c++.exp ...
Running /build/gcc17/src/gcc-17-20260927/libgomp/testsuite/libgomp.c++/c++.exp ...
Running /build/gcc17/src/gcc-17-20260927/libgomp/testsuite/libgomp.c++/c++.exp ...
make[3]: Entering directory '/build/gcc17/src/gcc-build/libbacktrace'
/bin/sh ./libtool  --tag=CC   --mode=link /build/gcc17/src/gcc-build/./prev-gcc/xgcc -B/build/gcc17/src/gcc-build/./prev-gcc/ -B/usr/x86_64-pc-linux-gnu/bin/ -B/usr/x86_64-pc-linux-gnu/bin/ -B/usr/x86_64-pc-linux-gnu/lib/ -isystem /usr/x86_64-pc-linux-gnu/include -isystem /usr/x86_64-pc-linux-gnu/sys-include    -funwind-tables -frandom-seed=ttest -W -Wall -Wwrite-strings -Wstrict-prototypes -Wmissing-prototypes -Wold-style-definition -Wmissing-format-attribute -Wcast-qual -Wno-attributes -Wpointer-arith -g -pthread -O2     -no-install -static-libstdc++ -static-libgcc  -o ttest ttest-ttest.o ttest-testlib.o libbacktrace.la 
libtool: link: /build/gcc17/src/gcc-build/./prev-gcc/xgcc -B/build/gcc17/src/gcc-build/./prev-gcc/ -B/usr/x86_64-pc-linux-gnu/bin/ -B/usr/x86_64-pc-linux-gnu/bin/ -B/usr/x86_64-pc-linux-gnu/lib/ -isystem /usr/x86_64-pc-linux-gnu/include -isystem /usr/x86_64-pc-linux-gnu/sys-include -funwind-tables -frandom-seed=ttest -W -Wall -Wwrite-strings -Wstrict-prototypes -Wmissing-prototypes -Wold-style-definition -Wmissing-format-attribute -Wcast-qual -Wno-attributes -Wpointer-arith -g -pthread -O2 -static-libstdc++ -static-libgcc -o ttest ttest-ttest.o ttest-testlib.o  ./.libs/libbacktrace.a -pthread
make[3]: Leaving directory '/build/gcc17/src/gcc-build/libbacktrace'
Running /build/gcc17/src/gcc-17-20260927/libgomp/testsuite/libgomp.c++/c++.exp ...
Running /build/gcc17/src/gcc-17-20260927/libgomp/testsuite/libgomp.c++/c++.exp ...
Running /build/gcc17/src/gcc-17-20260927/libgomp/testsuite/libgomp.c++/c++.exp ...
Running /build/gcc17/src/gcc-17-20260927/libgomp/testsuite/libgomp.c++/c++.exp ...
Running /build/gcc17/src/gcc-17-20260927/libgomp/testsuite/libgomp.c++/c++.exp ...
Running /build/gcc17/src/gcc-17-20260927/libgomp/testsuite/libgomp.c++/c++.exp ...
make[3]: Entering directory '/build/gcc17/src/gcc-build/libbacktrace'
/bin/sh ./libtool  --tag=CC   --mode=link /build/gcc17/src/gcc-build/./prev-gcc/xgcc -B/build/gcc17/src/gcc-build/./prev-gcc/ -B/usr/x86_64-pc-linux-gnu/bin/ -B/usr/x86_64-pc-linux-gnu/bin/ -B/usr/x86_64-pc-linux-gnu/lib/ -isystem /usr/x86_64-pc-linux-gnu/include -isystem /usr/x86_64-pc-linux-gnu/sys-include    -funwind-tables -frandom-seed=ctestg -W -Wall -Wwrite-strings -Wstrict-prototypes -Wmissing-prototypes -Wold-style-definition -Wmissing-format-attribute -Wcast-qual -Wno-attributes -Wpointer-arith -g -O2     -Wl,--compress-debug-sections=zlib-gnu -no-install -static-libstdc++ -static-libgcc  -o ctestg ctestg-btest.o ctestg-testlib.o libbacktrace.la 
libtool: link: /build/gcc17/src/gcc-build/./prev-gcc/xgcc -B/build/gcc17/src/gcc-build/./prev-gcc/ -B/usr/x86_64-pc-linux-gnu/bin/ -B/usr/x86_64-pc-linux-gnu/bin/ -B/usr/x86_64-pc-linux-gnu/lib/ -isystem /usr/x86_64-pc-linux-gnu/include -isystem /usr/x86_64-pc-linux-gnu/sys-include -funwind-tables -frandom-seed=ctestg -W -Wall -Wwrite-strings -Wstrict-prototypes -Wmissing-prototypes -Wold-style-definition -Wmissing-format-attribute -Wcast-qual -Wno-attributes -Wpointer-arith -g -O2 -Wl,--compress-debug-sections=zlib-gnu -static-libstdc++ -static-libgcc -o ctestg ctestg-btest.o ctestg-testlib.o  ./.libs/libbacktrace.a
make[3]: Leaving directory '/build/gcc17/src/gcc-build/libbacktrace'
make[3]: Entering directory '/build/gcc17/src/gcc-build/libbacktrace'
/bin/sh ./libtool  --tag=CC   --mode=link /build/gcc17/src/gcc-build/./prev-gcc/xgcc -B/build/gcc17/src/gcc-build/./prev-gcc/ -B/usr/x86_64-pc-linux-gnu/bin/ -B/usr/x86_64-pc-linux-gnu/bin/ -B/usr/x86_64-pc-linux-gnu/lib/ -isystem /usr/x86_64-pc-linux-gnu/include -isystem /usr/x86_64-pc-linux-gnu/sys-include    -funwind-tables -frandom-seed=ctesta -W -Wall -Wwrite-strings -Wstrict-prototypes -Wmissing-prototypes -Wold-style-definition -Wmissing-format-attribute -Wcast-qual -Wno-attributes -Wpointer-arith -g -O2     -Wl,--compress-debug-sections=zlib-gabi -no-install -static-libstdc++ -static-libgcc  -o ctesta ctesta-btest.o ctesta-testlib.o libbacktrace.la 
libtool: link: /build/gcc17/src/gcc-build/./prev-gcc/xgcc -B/build/gcc17/src/gcc-build/./prev-gcc/ -B/usr/x86_64-pc-linux-gnu/bin/ -B/usr/x86_64-pc-linux-gnu/bin/ -B/usr/x86_64-pc-linux-gnu/lib/ -isystem /usr/x86_64-pc-linux-gnu/include -isystem /usr/x86_64-pc-linux-gnu/sys-include -funwind-tables -frandom-seed=ctesta -W -Wall -Wwrite-strings -Wstrict-prototypes -Wmissing-prototypes -Wold-style-definition -Wmissing-format-attribute -Wcast-qual -Wno-attributes -Wpointer-arith -g -O2 -Wl,--compress-debug-sections=zlib-gabi -static-libstdc++ -static-libgcc -o ctesta ctesta-btest.o ctesta-testlib.o  ./.libs/libbacktrace.a
make[3]: Leaving directory '/build/gcc17/src/gcc-build/libbacktrace'
make[3]: Entering directory '/build/gcc17/src/gcc-build/libbacktrace'
/bin/sh ./libtool  --tag=CC   --mode=link /build/gcc17/src/gcc-build/./prev-gcc/xgcc -B/build/gcc17/src/gcc-build/./prev-gcc/ -B/usr/x86_64-pc-linux-gnu/bin/ -B/usr/x86_64-pc-linux-gnu/bin/ -B/usr/x86_64-pc-linux-gnu/lib/ -isystem /usr/x86_64-pc-linux-gnu/include -isystem /usr/x86_64-pc-linux-gnu/sys-include    -funwind-tables -frandom-seed=ctestzstd -W -Wall -Wwrite-strings -Wstrict-prototypes -Wmissing-prototypes -Wold-style-definition -Wmissing-format-attribute -Wcast-qual -Wno-attributes -Wpointer-arith -g -O2     -Wl,--compress-debug-sections=zstd -no-install -static-libstdc++ -static-libgcc  -o ctestzstd ctestzstd-btest.o ctestzstd-testlib.o libbacktrace.la 
libtool: link: /build/gcc17/src/gcc-build/./prev-gcc/xgcc -B/build/gcc17/src/gcc-build/./prev-gcc/ -B/usr/x86_64-pc-linux-gnu/bin/ -B/usr/x86_64-pc-linux-gnu/bin/ -B/usr/x86_64-pc-linux-gnu/lib/ -isystem /usr/x86_64-pc-linux-gnu/include -isystem /usr/x86_64-pc-linux-gnu/sys-include -funwind-tables -frandom-seed=ctestzstd -W -Wall -Wwrite-strings -Wstrict-prototypes -Wmissing-prototypes -Wold-style-definition -Wmissing-format-attribute -Wcast-qual -Wno-attributes -Wpointer-arith -g -O2 -Wl,--compress-debug-sections=zstd -static-libstdc++ -static-libgcc -o ctestzstd ctestzstd-btest.o ctestzstd-testlib.o  ./.libs/libbacktrace.a
make[3]: Leaving directory '/build/gcc17/src/gcc-build/libbacktrace'
make[3]: Entering directory '/build/gcc17/src/gcc-build/libbacktrace'
/bin/sh ./libtool  --tag=CC   --mode=link /build/gcc17/src/gcc-build/./prev-gcc/xgcc -B/build/gcc17/src/gcc-build/./prev-gcc/ -B/usr/x86_64-pc-linux-gnu/bin/ -B/usr/x86_64-pc-linux-gnu/bin/ -B/usr/x86_64-pc-linux-gnu/lib/ -isystem /usr/x86_64-pc-linux-gnu/include -isystem /usr/x86_64-pc-linux-gnu/sys-include    -funwind-tables -frandom-seed=dwarf5 -W -Wall -Wwrite-strings -Wstrict-prototypes -Wmissing-prototypes -Wold-style-definition -Wmissing-format-attribute -Wcast-qual -Wno-attributes -Wpointer-arith -g -gdwarf-5 -O2     -no-install -static-libstdc++ -static-libgcc  -o dwarf5 dwarf5-btest.o dwarf5-testlib.o libbacktrace.la 
libtool: link: /build/gcc17/src/gcc-build/./prev-gcc/xgcc -B/build/gcc17/src/gcc-build/./prev-gcc/ -B/usr/x86_64-pc-linux-gnu/bin/ -B/usr/x86_64-pc-linux-gnu/bin/ -B/usr/x86_64-pc-linux-gnu/lib/ -isystem /usr/x86_64-pc-linux-gnu/include -isystem /usr/x86_64-pc-linux-gnu/sys-include -funwind-tables -frandom-seed=dwarf5 -W -Wall -Wwrite-strings -Wstrict-prototypes -Wmissing-prototypes -Wold-style-definition -Wmissing-format-attribute -Wcast-qual -Wno-attributes -Wpointer-arith -g -gdwarf-5 -O2 -static-libstdc++ -static-libgcc -o dwarf5 dwarf5-btest.o dwarf5-testlib.o  ./.libs/libbacktrace.a
make[3]: Leaving directory '/build/gcc17/src/gcc-build/libbacktrace'
make[3]: Entering directory '/build/gcc17/src/gcc-build/libbacktrace'
/bin/sh ./libtool  --tag=CC   --mode=link /build/gcc17/src/gcc-build/./prev-gcc/xgcc -B/build/gcc17/src/gcc-build/./prev-gcc/ -B/usr/x86_64-pc-linux-gnu/bin/ -B/usr/x86_64-pc-linux-gnu/bin/ -B/usr/x86_64-pc-linux-gnu/lib/ -isystem /usr/x86_64-pc-linux-gnu/include -isystem /usr/x86_64-pc-linux-gnu/sys-include    -funwind-tables -frandom-seed=mtest -W -Wall -Wwrite-strings -Wstrict-prototypes -Wmissing-prototypes -Wold-style-definition -Wmissing-format-attribute -Wcast-qual -Wno-attributes -Wpointer-arith -g -O -O2     -no-install -static-libstdc++ -static-libgcc  -o mtest mtest-mtest.o mtest-testlib.o libbacktrace.la 
libtool: link: /build/gcc17/src/gcc-build/./prev-gcc/xgcc -B/build/gcc17/src/gcc-build/./prev-gcc/ -B/usr/x86_64-pc-linux-gnu/bin/ -B/usr/x86_64-pc-linux-gnu/bin/ -B/usr/x86_64-pc-linux-gnu/lib/ -isystem /usr/x86_64-pc-linux-gnu/include -isystem /usr/x86_64-pc-linux-gnu/sys-include -funwind-tables -frandom-seed=mtest -W -Wall -Wwrite-strings -Wstrict-prototypes -Wmissing-prototypes -Wold-style-definition -Wmissing-format-attribute -Wcast-qual -Wno-attributes -Wpointer-arith -g -O -O2 -static-libstdc++ -static-libgcc -o mtest mtest-mtest.o mtest-testlib.o  ./.libs/libbacktrace.a
make[3]: Leaving directory '/build/gcc17/src/gcc-build/libbacktrace'
make[3]: Entering directory '/build/gcc17/src/gcc-build/libbacktrace'
/bin/sh ./libtool  --tag=CC   --mode=link /build/gcc17/src/gcc-build/./prev-gcc/xgcc -B/build/gcc17/src/gcc-build/./prev-gcc/ -B/usr/x86_64-pc-linux-gnu/bin/ -B/usr/x86_64-pc-linux-gnu/bin/ -B/usr/x86_64-pc-linux-gnu/lib/ -isystem /usr/x86_64-pc-linux-gnu/include -isystem /usr/x86_64-pc-linux-gnu/sys-include    -funwind-tables -frandom-seed=xztest -W -Wall -Wwrite-strings -Wstrict-prototypes -Wmissing-prototypes -Wold-style-definition -Wmissing-format-attribute -Wcast-qual -Wno-attributes -Wpointer-arith -g -DSRCDIR=\"../../gcc-17-20260927/libbacktrace\" -O2     -no-install -static-libstdc++ -static-libgcc  -o xztest xztest-xztest.o xztest-testlib.o libbacktrace.la -llzma  
libtool: link: /build/gcc17/src/gcc-build/./prev-gcc/xgcc -B/build/gcc17/src/gcc-build/./prev-gcc/ -B/usr/x86_64-pc-linux-gnu/bin/ -B/usr/x86_64-pc-linux-gnu/bin/ -B/usr/x86_64-pc-linux-gnu/lib/ -isystem /usr/x86_64-pc-linux-gnu/include -isystem /usr/x86_64-pc-linux-gnu/sys-include -funwind-tables -frandom-seed=xztest -W -Wall -Wwrite-strings -Wstrict-prototypes -Wmissing-prototypes -Wold-style-definition -Wmissing-format-attribute -Wcast-qual -Wno-attributes -Wpointer-arith -g -DSRCDIR=\"../../gcc-17-20260927/libbacktrace\" -O2 -static-libstdc++ -static-libgcc -o xztest xztest-xztest.o xztest-testlib.o  ./.libs/libbacktrace.a -llzma
make[3]: Leaving directory '/build/gcc17/src/gcc-build/libbacktrace'
make[3]: Entering directory '/build/gcc17/src/gcc-build/libbacktrace'
/bin/sh ./libtool  --tag=CC   --mode=link /build/gcc17/src/gcc-build/./prev-gcc/xgcc -B/build/gcc17/src/gcc-build/./prev-gcc/ -B/usr/x86_64-pc-linux-gnu/bin/ -B/usr/x86_64-pc-linux-gnu/bin/ -B/usr/x86_64-pc-linux-gnu/lib/ -isystem /usr/x86_64-pc-linux-gnu/include -isystem /usr/x86_64-pc-linux-gnu/sys-include    -funwind-tables -frandom-seed=libbacktrace_alloc.la -W -Wall -Wwrite-strings -Wstrict-prototypes -Wmissing-prototypes -Wold-style-definition -Wmissing-format-attribute -Wcast-qual -Wno-attributes -Wpointer-arith   -O2      -static-libstdc++ -static-libgcc  -o libbacktrace_alloc.la  atomic.lo dwarf.lo fileline.lo posix.lo print.lo sort.lo state.lo backtrace.lo simple.lo elf.lo read.lo alloc.lo 
libtool: link: /build/gcc17/src/gcc-build/./prev-gcc/gcc-ar -B/build/gcc17/src/gcc-build/./prev-gcc/ --plugin /build/gcc17/src/gcc-build/./prev-gcc/liblto_plugin.so rc .libs/libbacktrace_alloc.a .libs/atomic.o .libs/dwarf.o .libs/fileline.o .libs/posix.o .libs/print.o .libs/sort.o .libs/state.o .libs/backtrace.o .libs/simple.o .libs/elf.o .libs/read.o .libs/alloc.o 
libtool: link: /build/gcc17/src/gcc-build/./prev-gcc/gcc-ranlib -B/build/gcc17/src/gcc-build/./prev-gcc/ --plugin /build/gcc17/src/gcc-build/./prev-gcc/liblto_plugin.so .libs/libbacktrace_alloc.a
libtool: link: ( cd ".libs" && rm -f "libbacktrace_alloc.la" && ln -s "../libbacktrace_alloc.la" "libbacktrace_alloc.la" )
make[3]: Leaving directory '/build/gcc17/src/gcc-build/libbacktrace'
make[3]: Entering directory '/build/gcc17/src/gcc-build/libbacktrace'
/bin/sh ./libtool  --tag=CC   --mode=link /build/gcc17/src/gcc-build/./prev-gcc/xgcc -B/build/gcc17/src/gcc-build/./prev-gcc/ -B/usr/x86_64-pc-linux-gnu/bin/ -B/usr/x86_64-pc-linux-gnu/bin/ -B/usr/x86_64-pc-linux-gnu/lib/ -isystem /usr/x86_64-pc-linux-gnu/include -isystem /usr/x86_64-pc-linux-gnu/sys-include    -funwind-tables -frandom-seed=libbacktrace_elf_for_test.la -W -Wall -Wwrite-strings -Wstrict-prototypes -Wmissing-prototypes -Wold-style-definition -Wmissing-format-attribute -Wcast-qual -Wno-attributes -Wpointer-arith   -O2      -static-libstdc++ -static-libgcc  -o libbacktrace_elf_for_test.la  atomic.lo dwarf.lo fileline.lo posix.lo print.lo sort.lo state.lo backtrace.lo simple.lo elf_for_test.lo mmapio.lo mmap.lo 
libtool: link: /build/gcc17/src/gcc-build/./prev-gcc/gcc-ar -B/build/gcc17/src/gcc-build/./prev-gcc/ --plugin /build/gcc17/src/gcc-build/./prev-gcc/liblto_plugin.so rc .libs/libbacktrace_elf_for_test.a .libs/atomic.o .libs/dwarf.o .libs/fileline.o .libs/posix.o .libs/print.o .libs/sort.o .libs/state.o .libs/backtrace.o .libs/simple.o .libs/elf_for_test.o .libs/mmapio.o .libs/mmap.o 
libtool: link: /build/gcc17/src/gcc-build/./prev-gcc/gcc-ranlib -B/build/gcc17/src/gcc-build/./prev-gcc/ --plugin /build/gcc17/src/gcc-build/./prev-gcc/liblto_plugin.so .libs/libbacktrace_elf_for_test.a
libtool: link: ( cd ".libs" && rm -f "libbacktrace_elf_for_test.la" && ln -s "../libbacktrace_elf_for_test.la" "libbacktrace_elf_for_test.la" )
make[3]: Leaving directory '/build/gcc17/src/gcc-build/libbacktrace'
Running /build/gcc17/src/gcc-17-20260927/libgomp/testsuite/libgomp.c++/c++.exp ...
make[3]: Entering directory '/build/gcc17/src/gcc-build/libbacktrace'
/bin/sh ./libtool  --tag=CC   --mode=link /build/gcc17/src/gcc-build/./prev-gcc/xgcc -B/build/gcc17/src/gcc-build/./prev-gcc/ -B/usr/x86_64-pc-linux-gnu/bin/ -B/usr/x86_64-pc-linux-gnu/bin/ -B/usr/x86_64-pc-linux-gnu/lib/ -isystem /usr/x86_64-pc-linux-gnu/include -isystem /usr/x86_64-pc-linux-gnu/sys-include    -funwind-tables -frandom-seed=test_elf_32 -W -Wall -Wwrite-strings -Wstrict-prototypes -Wmissing-prototypes -Wold-style-definition -Wmissing-format-attribute -Wcast-qual -Wno-attributes -Wpointer-arith -g -O2     -no-install -static-libstdc++ -static-libgcc  -o test_elf_32 test_elf_32-test_format.o test_elf_32-testlib.o libbacktrace_noformat.la elf_32.lo 
libtool: link: /build/gcc17/src/gcc-build/./prev-gcc/xgcc -B/build/gcc17/src/gcc-build/./prev-gcc/ -B/usr/x86_64-pc-linux-gnu/bin/ -B/usr/x86_64-pc-linux-gnu/bin/ -B/usr/x86_64-pc-linux-gnu/lib/ -isystem /usr/x86_64-pc-linux-gnu/include -isystem /usr/x86_64-pc-linux-gnu/sys-include -funwind-tables -frandom-seed=test_elf_32 -W -Wall -Wwrite-strings -Wstrict-prototypes -Wmissing-prototypes -Wold-style-definition -Wmissing-format-attribute -Wcast-qual -Wno-attributes -Wpointer-arith -g -O2 -static-libstdc++ -static-libgcc -o test_elf_32 test_elf_32-test_format.o test_elf_32-testlib.o .libs/elf_32.o  ./.libs/libbacktrace_noformat.a 
make[3]: Leaving directory '/build/gcc17/src/gcc-build/libbacktrace'
make[3]: Entering directory '/build/gcc17/src/gcc-build/libbacktrace'
/bin/sh ./libtool  --tag=CC   --mode=link /build/gcc17/src/gcc-build/./prev-gcc/xgcc -B/build/gcc17/src/gcc-build/./prev-gcc/ -B/usr/x86_64-pc-linux-gnu/bin/ -B/usr/x86_64-pc-linux-gnu/bin/ -B/usr/x86_64-pc-linux-gnu/lib/ -isystem /usr/x86_64-pc-linux-gnu/include -isystem /usr/x86_64-pc-linux-gnu/sys-include    -funwind-tables -frandom-seed=test_elf_64 -W -Wall -Wwrite-strings -Wstrict-prototypes -Wmissing-prototypes -Wold-style-definition -Wmissing-format-attribute -Wcast-qual -Wno-attributes -Wpointer-arith -g -O2     -no-install -static-libstdc++ -static-libgcc  -o test_elf_64 test_elf_64-test_format.o test_elf_64-testlib.o libbacktrace_noformat.la elf_64.lo 
libtool: link: /build/gcc17/src/gcc-build/./prev-gcc/xgcc -B/build/gcc17/src/gcc-build/./prev-gcc/ -B/usr/x86_64-pc-linux-gnu/bin/ -B/usr/x86_64-pc-linux-gnu/bin/ -B/usr/x86_64-pc-linux-gnu/lib/ -isystem /usr/x86_64-pc-linux-gnu/include -isystem /usr/x86_64-pc-linux-gnu/sys-include -funwind-tables -frandom-seed=test_elf_64 -W -Wall -Wwrite-strings -Wstrict-prototypes -Wmissing-prototypes -Wold-style-definition -Wmissing-format-attribute -Wcast-qual -Wno-attributes -Wpointer-arith -g -O2 -static-libstdc++ -static-libgcc -o test_elf_64 test_elf_64-test_format.o test_elf_64-testlib.o .libs/elf_64.o  ./.libs/libbacktrace_noformat.a 
make[3]: Leaving directory '/build/gcc17/src/gcc-build/libbacktrace'
make[3]: Entering directory '/build/gcc17/src/gcc-build/libbacktrace'
/bin/sh ./libtool  --tag=CC   --mode=link /build/gcc17/src/gcc-build/./prev-gcc/xgcc -B/build/gcc17/src/gcc-build/./prev-gcc/ -B/usr/x86_64-pc-linux-gnu/bin/ -B/usr/x86_64-pc-linux-gnu/bin/ -B/usr/x86_64-pc-linux-gnu/lib/ -isystem /usr/x86_64-pc-linux-gnu/include -isystem /usr/x86_64-pc-linux-gnu/sys-include    -funwind-tables -frandom-seed=test_xcoff_32 -W -Wall -Wwrite-strings -Wstrict-prototypes -Wmissing-prototypes -Wold-style-definition -Wmissing-format-attribute -Wcast-qual -Wno-attributes -Wpointer-arith -g -O2     -no-install -static-libstdc++ -static-libgcc  -o test_xcoff_32 test_xcoff_32-test_format.o test_xcoff_32-testlib.o libbacktrace_noformat.la xcoff_32.lo 
libtool: link: /build/gcc17/src/gcc-build/./prev-gcc/xgcc -B/build/gcc17/src/gcc-build/./prev-gcc/ -B/usr/x86_64-pc-linux-gnu/bin/ -B/usr/x86_64-pc-linux-gnu/bin/ -B/usr/x86_64-pc-linux-gnu/lib/ -isystem /usr/x86_64-pc-linux-gnu/include -isystem /usr/x86_64-pc-linux-gnu/sys-include -funwind-tables -frandom-seed=test_xcoff_32 -W -Wall -Wwrite-strings -Wstrict-prototypes -Wmissing-prototypes -Wold-style-definition -Wmissing-format-attribute -Wcast-qual -Wno-attributes -Wpointer-arith -g -O2 -static-libstdc++ -static-libgcc -o test_xcoff_32 test_xcoff_32-test_format.o test_xcoff_32-testlib.o .libs/xcoff_32.o  ./.libs/libbacktrace_noformat.a 
make[3]: Leaving directory '/build/gcc17/src/gcc-build/libbacktrace'
make[3]: Entering directory '/build/gcc17/src/gcc-build/libbacktrace'
/bin/sh ./libtool  --tag=CC   --mode=link /build/gcc17/src/gcc-build/./prev-gcc/xgcc -B/build/gcc17/src/gcc-build/./prev-gcc/ -B/usr/x86_64-pc-linux-gnu/bin/ -B/usr/x86_64-pc-linux-gnu/bin/ -B/usr/x86_64-pc-linux-gnu/lib/ -isystem /usr/x86_64-pc-linux-gnu/include -isystem /usr/x86_64-pc-linux-gnu/sys-include    -funwind-tables -frandom-seed=test_xcoff_64 -W -Wall -Wwrite-strings -Wstrict-prototypes -Wmissing-prototypes -Wold-style-definition -Wmissing-format-attribute -Wcast-qual -Wno-attributes -Wpointer-arith -g -O2     -no-install -static-libstdc++ -static-libgcc  -o test_xcoff_64 test_xcoff_64-test_format.o test_xcoff_64-testlib.o libbacktrace_noformat.la xcoff_64.lo 
libtool: link: /build/gcc17/src/gcc-build/./prev-gcc/xgcc -B/build/gcc17/src/gcc-build/./prev-gcc/ -B/usr/x86_64-pc-linux-gnu/bin/ -B/usr/x86_64-pc-linux-gnu/bin/ -B/usr/x86_64-pc-linux-gnu/lib/ -isystem /usr/x86_64-pc-linux-gnu/include -isystem /usr/x86_64-pc-linux-gnu/sys-include -funwind-tables -frandom-seed=test_xcoff_64 -W -Wall -Wwrite-strings -Wstrict-prototypes -Wmissing-prototypes -Wold-style-definition -Wmissing-format-attribute -Wcast-qual -Wno-attributes -Wpointer-arith -g -O2 -static-libstdc++ -static-libgcc -o test_xcoff_64 test_xcoff_64-test_format.o test_xcoff_64-testlib.o .libs/xcoff_64.o  ./.libs/libbacktrace_noformat.a 
make[3]: Leaving directory '/build/gcc17/src/gcc-build/libbacktrace'
make[3]: Entering directory '/build/gcc17/src/gcc-build/libbacktrace'
/bin/sh ./libtool  --tag=CC   --mode=link /build/gcc17/src/gcc-build/./prev-gcc/xgcc -B/build/gcc17/src/gcc-build/./prev-gcc/ -B/usr/x86_64-pc-linux-gnu/bin/ -B/usr/x86_64-pc-linux-gnu/bin/ -B/usr/x86_64-pc-linux-gnu/lib/ -isystem /usr/x86_64-pc-linux-gnu/include -isystem /usr/x86_64-pc-linux-gnu/sys-include    -funwind-tables -frandom-seed=unittest_alloc -W -Wall -Wwrite-strings -Wstrict-prototypes -Wmissing-prototypes -Wold-style-definition -Wmissing-format-attribute -Wcast-qual -Wno-attributes -Wpointer-arith -g -O2     -no-install -static-libstdc++ -static-libgcc  -o unittest_alloc unittest_alloc-unittest.o unittest_alloc-testlib.o libbacktrace_alloc.la 
libtool: link: /build/gcc17/src/gcc-build/./prev-gcc/xgcc -B/build/gcc17/src/gcc-build/./prev-gcc/ -B/usr/x86_64-pc-linux-gnu/bin/ -B/usr/x86_64-pc-linux-gnu/bin/ -B/usr/x86_64-pc-linux-gnu/lib/ -isystem /usr/x86_64-pc-linux-gnu/include -isystem /usr/x86_64-pc-linux-gnu/sys-include -funwind-tables -frandom-seed=unittest_alloc -W -Wall -Wwrite-strings -Wstrict-prototypes -Wmissing-prototypes -Wold-style-definition -Wmissing-format-attribute -Wcast-qual -Wno-attributes -Wpointer-arith -g -O2 -static-libstdc++ -static-libgcc -o unittest_alloc unittest_alloc-unittest.o unittest_alloc-testlib.o  ./.libs/libbacktrace_alloc.a
make[3]: Leaving directory '/build/gcc17/src/gcc-build/libbacktrace'
make[3]: Entering directory '/build/gcc17/src/gcc-build/libbacktrace'
/bin/sh ./libtool  --tag=CC   --mode=link /build/gcc17/src/gcc-build/./prev-gcc/xgcc -B/build/gcc17/src/gcc-build/./prev-gcc/ -B/usr/x86_64-pc-linux-gnu/bin/ -B/usr/x86_64-pc-linux-gnu/bin/ -B/usr/x86_64-pc-linux-gnu/lib/ -isystem /usr/x86_64-pc-linux-gnu/include -isystem /usr/x86_64-pc-linux-gnu/sys-include    -funwind-tables -frandom-seed=btest_alloc -W -Wall -Wwrite-strings -Wstrict-prototypes -Wmissing-prototypes -Wold-style-definition -Wmissing-format-attribute -Wcast-qual -Wno-attributes -Wpointer-arith -g -O2     -no-install -static-libstdc++ -static-libgcc  -o btest_alloc btest_alloc-btest.o btest_alloc-testlib.o libbacktrace_alloc.la 
libtool: link: /build/gcc17/src/gcc-build/./prev-gcc/xgcc -B/build/gcc17/src/gcc-build/./prev-gcc/ -B/usr/x86_64-pc-linux-gnu/bin/ -B/usr/x86_64-pc-linux-gnu/bin/ -B/usr/x86_64-pc-linux-gnu/lib/ -isystem /usr/x86_64-pc-linux-gnu/include -isystem /usr/x86_64-pc-linux-gnu/sys-include -funwind-tables -frandom-seed=btest_alloc -W -Wall -Wwrite-strings -Wstrict-prototypes -Wmissing-prototypes -Wold-style-definition -Wmissing-format-attribute -Wcast-qual -Wno-attributes -Wpointer-arith -g -O2 -static-libstdc++ -static-libgcc -o btest_alloc btest_alloc-btest.o btest_alloc-testlib.o  ./.libs/libbacktrace_alloc.a
make[3]: Leaving directory '/build/gcc17/src/gcc-build/libbacktrace'
make[3]: Entering directory '/build/gcc17/src/gcc-build/libbacktrace'
/bin/sh ./libtool  --tag=CC   --mode=link /build/gcc17/src/gcc-build/./prev-gcc/xgcc -B/build/gcc17/src/gcc-build/./prev-gcc/ -B/usr/x86_64-pc-linux-gnu/bin/ -B/usr/x86_64-pc-linux-gnu/bin/ -B/usr/x86_64-pc-linux-gnu/lib/ -isystem /usr/x86_64-pc-linux-gnu/include -isystem /usr/x86_64-pc-linux-gnu/sys-include    -funwind-tables -frandom-seed=stest_alloc -W -Wall -Wwrite-strings -Wstrict-prototypes -Wmissing-prototypes -Wold-style-definition -Wmissing-format-attribute -Wcast-qual -Wno-attributes -Wpointer-arith -g -O2     -no-install -static-libstdc++ -static-libgcc  -o stest_alloc stest_alloc-stest.o libbacktrace_alloc.la 
libtool: link: /build/gcc17/src/gcc-build/./prev-gcc/xgcc -B/build/gcc17/src/gcc-build/./prev-gcc/ -B/usr/x86_64-pc-linux-gnu/bin/ -B/usr/x86_64-pc-linux-gnu/bin/ -B/usr/x86_64-pc-linux-gnu/lib/ -isystem /usr/x86_64-pc-linux-gnu/include -isystem /usr/x86_64-pc-linux-gnu/sys-include -funwind-tables -frandom-seed=stest_alloc -W -Wall -Wwrite-strings -Wstrict-prototypes -Wmissing-prototypes -Wold-style-definition -Wmissing-format-attribute -Wcast-qual -Wno-attributes -Wpointer-arith -g -O2 -static-libstdc++ -static-libgcc -o stest_alloc stest_alloc-stest.o  ./.libs/libbacktrace_alloc.a
make[3]: Leaving directory '/build/gcc17/src/gcc-build/libbacktrace'
make[3]: Entering directory '/build/gcc17/src/gcc-build/libbacktrace'
/bin/sh ./libtool  --tag=CC   --mode=link /build/gcc17/src/gcc-build/./prev-gcc/xgcc -B/build/gcc17/src/gcc-build/./prev-gcc/ -B/usr/x86_64-pc-linux-gnu/bin/ -B/usr/x86_64-pc-linux-gnu/bin/ -B/usr/x86_64-pc-linux-gnu/lib/ -isystem /usr/x86_64-pc-linux-gnu/include -isystem /usr/x86_64-pc-linux-gnu/sys-include    -funwind-tables -frandom-seed=ztest_alloc -W -Wall -Wwrite-strings -Wstrict-prototypes -Wmissing-prototypes -Wold-style-definition -Wmissing-format-attribute -Wcast-qual -Wno-attributes -Wpointer-arith -g -DSRCDIR=\"../../gcc-17-20260927/libbacktrace\" -O2     -no-install -static-libstdc++ -static-libgcc  -o ztest_alloc ztest_alloc-ztest.o ztest_alloc-testlib.o libbacktrace_alloc.la -lz  
libtool: link: /build/gcc17/src/gcc-build/./prev-gcc/xgcc -B/build/gcc17/src/gcc-build/./prev-gcc/ -B/usr/x86_64-pc-linux-gnu/bin/ -B/usr/x86_64-pc-linux-gnu/bin/ -B/usr/x86_64-pc-linux-gnu/lib/ -isystem /usr/x86_64-pc-linux-gnu/include -isystem /usr/x86_64-pc-linux-gnu/sys-include -funwind-tables -frandom-seed=ztest_alloc -W -Wall -Wwrite-strings -Wstrict-prototypes -Wmissing-prototypes -Wold-style-definition -Wmissing-format-attribute -Wcast-qual -Wno-attributes -Wpointer-arith -g -DSRCDIR=\"../../gcc-17-20260927/libbacktrace\" -O2 -static-libstdc++ -static-libgcc -o ztest_alloc ztest_alloc-ztest.o ztest_alloc-testlib.o  ./.libs/libbacktrace_alloc.a -lz
make[3]: Leaving directory '/build/gcc17/src/gcc-build/libbacktrace'
make[3]: Entering directory '/build/gcc17/src/gcc-build/libbacktrace'
/bin/sh ./libtool  --tag=CC   --mode=link /build/gcc17/src/gcc-build/./prev-gcc/xgcc -B/build/gcc17/src/gcc-build/./prev-gcc/ -B/usr/x86_64-pc-linux-gnu/bin/ -B/usr/x86_64-pc-linux-gnu/bin/ -B/usr/x86_64-pc-linux-gnu/lib/ -isystem /usr/x86_64-pc-linux-gnu/include -isystem /usr/x86_64-pc-linux-gnu/sys-include    -funwind-tables -frandom-seed=zstdtest_alloc -W -Wall -Wwrite-strings -Wstrict-prototypes -Wmissing-prototypes -Wold-style-definition -Wmissing-format-attribute -Wcast-qual -Wno-attributes -Wpointer-arith -g -DSRCDIR=\"../../gcc-17-20260927/libbacktrace\" -O2     -no-install -static-libstdc++ -static-libgcc  -o zstdtest_alloc zstdtest_alloc-zstdtest.o zstdtest_alloc-testlib.o libbacktrace_alloc.la -lzstd  
libtool: link: /build/gcc17/src/gcc-build/./prev-gcc/xgcc -B/build/gcc17/src/gcc-build/./prev-gcc/ -B/usr/x86_64-pc-linux-gnu/bin/ -B/usr/x86_64-pc-linux-gnu/bin/ -B/usr/x86_64-pc-linux-gnu/lib/ -isystem /usr/x86_64-pc-linux-gnu/include -isystem /usr/x86_64-pc-linux-gnu/sys-include -funwind-tables -frandom-seed=zstdtest_alloc -W -Wall -Wwrite-strings -Wstrict-prototypes -Wmissing-prototypes -Wold-style-definition -Wmissing-format-attribute -Wcast-qual -Wno-attributes -Wpointer-arith -g -DSRCDIR=\"../../gcc-17-20260927/libbacktrace\" -O2 -static-libstdc++ -static-libgcc -o zstdtest_alloc zstdtest_alloc-zstdtest.o zstdtest_alloc-testlib.o  ./.libs/libbacktrace_alloc.a -lzstd
make[3]: Leaving directory '/build/gcc17/src/gcc-build/libbacktrace'
make[3]: Entering directory '/build/gcc17/src/gcc-build/libbacktrace'
/build/gcc17/src/gcc-build/./prev-gcc/xgcc -B/build/gcc17/src/gcc-build/./prev-gcc/ -B/usr/x86_64-pc-linux-gnu/bin/ -B/usr/x86_64-pc-linux-gnu/bin/ -B/usr/x86_64-pc-linux-gnu/lib/ -isystem /usr/x86_64-pc-linux-gnu/include -isystem /usr/x86_64-pc-linux-gnu/sys-include    -DHAVE_CONFIG_H -I. -I../../gcc-17-20260927/libbacktrace  -I ../../gcc-17-20260927/libbacktrace/../include -I ../../gcc-17-20260927/libbacktrace/../libgcc -I ../libgcc  -funwind-tables -frandom-seed=edtest-edtest2_build.o -W -Wall -Wwrite-strings -Wstrict-prototypes -Wmissing-prototypes -Wold-style-definition -Wmissing-format-attribute -Wcast-qual -Wno-attributes -Wpointer-arith -g -O2     -c -o edtest-edtest2_build.o `test -f 'edtest2_build.c' || echo '../../gcc-17-20260927/libbacktrace/'`edtest2_build.c
make[3]: Leaving directory '/build/gcc17/src/gcc-build/libbacktrace'
make[3]: Entering directory '/build/gcc17/src/gcc-build/libbacktrace'
/build/gcc17/src/gcc-build/./prev-gcc/xgcc -B/build/gcc17/src/gcc-build/./prev-gcc/ -B/usr/x86_64-pc-linux-gnu/bin/ -B/usr/x86_64-pc-linux-gnu/bin/ -B/usr/x86_64-pc-linux-gnu/lib/ -isystem /usr/x86_64-pc-linux-gnu/include -isystem /usr/x86_64-pc-linux-gnu/sys-include    -DHAVE_CONFIG_H -I. -I../../gcc-17-20260927/libbacktrace  -I ../../gcc-17-20260927/libbacktrace/../include -I ../../gcc-17-20260927/libbacktrace/../libgcc -I ../libgcc  -funwind-tables -frandom-seed=edtest_alloc-edtest2_build.o -W -Wall -Wwrite-strings -Wstrict-prototypes -Wmissing-prototypes -Wold-style-definition -Wmissing-format-attribute -Wcast-qual -Wno-attributes -Wpointer-arith -g -O2     -c -o edtest_alloc-edtest2_build.o `test -f 'edtest2_build.c' || echo '../../gcc-17-20260927/libbacktrace/'`edtest2_build.c
make[3]: Leaving directory '/build/gcc17/src/gcc-build/libbacktrace'
Running /build/gcc17/src/gcc-17-20260927/libgomp/testsuite/libgomp.c++/c++.exp ...
make[3]: Entering directory '/build/gcc17/src/gcc-build/libbacktrace'
/bin/sh ./libtool  --tag=CC   --mode=link /build/gcc17/src/gcc-build/./prev-gcc/xgcc -B/build/gcc17/src/gcc-build/./prev-gcc/ -B/usr/x86_64-pc-linux-gnu/bin/ -B/usr/x86_64-pc-linux-gnu/bin/ -B/usr/x86_64-pc-linux-gnu/lib/ -isystem /usr/x86_64-pc-linux-gnu/include -isystem /usr/x86_64-pc-linux-gnu/sys-include    -funwind-tables -frandom-seed=ttest_alloc -W -Wall -Wwrite-strings -Wstrict-prototypes -Wmissing-prototypes -Wold-style-definition -Wmissing-format-attribute -Wcast-qual -Wno-attributes -Wpointer-arith -g -pthread -O2     -no-install -static-libstdc++ -static-libgcc  -o ttest_alloc ttest_alloc-ttest.o ttest_alloc-testlib.o libbacktrace_alloc.la 
libtool: link: /build/gcc17/src/gcc-build/./prev-gcc/xgcc -B/build/gcc17/src/gcc-build/./prev-gcc/ -B/usr/x86_64-pc-linux-gnu/bin/ -B/usr/x86_64-pc-linux-gnu/bin/ -B/usr/x86_64-pc-linux-gnu/lib/ -isystem /usr/x86_64-pc-linux-gnu/include -isystem /usr/x86_64-pc-linux-gnu/sys-include -funwind-tables -frandom-seed=ttest_alloc -W -Wall -Wwrite-strings -Wstrict-prototypes -Wmissing-prototypes -Wold-style-definition -Wmissing-format-attribute -Wcast-qual -Wno-attributes -Wpointer-arith -g -pthread -O2 -static-libstdc++ -static-libgcc -o ttest_alloc ttest_alloc-ttest.o ttest_alloc-testlib.o  ./.libs/libbacktrace_alloc.a -pthread
make[3]: Leaving directory '/build/gcc17/src/gcc-build/libbacktrace'
make[3]: Entering directory '/build/gcc17/src/gcc-build/libbacktrace'
/bin/sh ./libtool  --tag=CC   --mode=link /build/gcc17/src/gcc-build/./prev-gcc/xgcc -B/build/gcc17/src/gcc-build/./prev-gcc/ -B/usr/x86_64-pc-linux-gnu/bin/ -B/usr/x86_64-pc-linux-gnu/bin/ -B/usr/x86_64-pc-linux-gnu/lib/ -isystem /usr/x86_64-pc-linux-gnu/include -isystem /usr/x86_64-pc-linux-gnu/sys-include    -funwind-tables -frandom-seed=ctestg_alloc -W -Wall -Wwrite-strings -Wstrict-prototypes -Wmissing-prototypes -Wold-style-definition -Wmissing-format-attribute -Wcast-qual -Wno-attributes -Wpointer-arith -g -O2     -Wl,--compress-debug-sections=zlib-gnu -no-install -no-install -static-libstdc++ -static-libgcc  -o ctestg_alloc ctestg_alloc-btest.o ctestg_alloc-testlib.o libbacktrace_alloc.la 
libtool: link: /build/gcc17/src/gcc-build/./prev-gcc/xgcc -B/build/gcc17/src/gcc-build/./prev-gcc/ -B/usr/x86_64-pc-linux-gnu/bin/ -B/usr/x86_64-pc-linux-gnu/bin/ -B/usr/x86_64-pc-linux-gnu/lib/ -isystem /usr/x86_64-pc-linux-gnu/include -isystem /usr/x86_64-pc-linux-gnu/sys-include -funwind-tables -frandom-seed=ctestg_alloc -W -Wall -Wwrite-strings -Wstrict-prototypes -Wmissing-prototypes -Wold-style-definition -Wmissing-format-attribute -Wcast-qual -Wno-attributes -Wpointer-arith -g -O2 -Wl,--compress-debug-sections=zlib-gnu -static-libstdc++ -static-libgcc -o ctestg_alloc ctestg_alloc-btest.o ctestg_alloc-testlib.o  ./.libs/libbacktrace_alloc.a
make[3]: Leaving directory '/build/gcc17/src/gcc-build/libbacktrace'
make[3]: Entering directory '/build/gcc17/src/gcc-build/libbacktrace'
/bin/sh ./libtool  --tag=CC   --mode=link /build/gcc17/src/gcc-build/./prev-gcc/xgcc -B/build/gcc17/src/gcc-build/./prev-gcc/ -B/usr/x86_64-pc-linux-gnu/bin/ -B/usr/x86_64-pc-linux-gnu/bin/ -B/usr/x86_64-pc-linux-gnu/lib/ -isystem /usr/x86_64-pc-linux-gnu/include -isystem /usr/x86_64-pc-linux-gnu/sys-include    -funwind-tables -frandom-seed=ctesta_alloc -W -Wall -Wwrite-strings -Wstrict-prototypes -Wmissing-prototypes -Wold-style-definition -Wmissing-format-attribute -Wcast-qual -Wno-attributes -Wpointer-arith -g -O2     -Wl,--compress-debug-sections=zlib-gabi -no-install -no-install -static-libstdc++ -static-libgcc  -o ctesta_alloc ctesta_alloc-btest.o ctesta_alloc-testlib.o libbacktrace_alloc.la 
libtool: link: /build/gcc17/src/gcc-build/./prev-gcc/xgcc -B/build/gcc17/src/gcc-build/./prev-gcc/ -B/usr/x86_64-pc-linux-gnu/bin/ -B/usr/x86_64-pc-linux-gnu/bin/ -B/usr/x86_64-pc-linux-gnu/lib/ -isystem /usr/x86_64-pc-linux-gnu/include -isystem /usr/x86_64-pc-linux-gnu/sys-include -funwind-tables -frandom-seed=ctesta_alloc -W -Wall -Wwrite-strings -Wstrict-prototypes -Wmissing-prototypes -Wold-style-definition -Wmissing-format-attribute -Wcast-qual -Wno-attributes -Wpointer-arith -g -O2 -Wl,--compress-debug-sections=zlib-gabi -static-libstdc++ -static-libgcc -o ctesta_alloc ctesta_alloc-btest.o ctesta_alloc-testlib.o  ./.libs/libbacktrace_alloc.a
make[3]: Leaving directory '/build/gcc17/src/gcc-build/libbacktrace'
Running /build/gcc17/src/gcc-17-20260927/libgomp/testsuite/libgomp.c-target/aarch64/aarch64.exp ...
Running /build/gcc17/src/gcc-17-20260927/libgomp/testsuite/libgomp.fortran/fortran.exp ...
Running /build/gcc17/src/gcc-17-20260927/libgomp/testsuite/libgomp.graphite/graphite.exp ...
Running /build/gcc17/src/gcc-17-20260927/libgomp/testsuite/libgomp.c-target/aarch64/aarch64.exp ...
Running /build/gcc17/src/gcc-17-20260927/libgomp/testsuite/libgomp.fortran/fortran.exp ...
Running /build/gcc17/src/gcc-17-20260927/libgomp/testsuite/libgomp.graphite/graphite.exp ...
Running /build/gcc17/src/gcc-17-20260927/libgomp/testsuite/libgomp.c-target/aarch64/aarch64.exp ...
Running /build/gcc17/src/gcc-17-20260927/libgomp/testsuite/libgomp.fortran/fortran.exp ...
Running /build/gcc17/src/gcc-17-20260927/libgomp/testsuite/libgomp.graphite/graphite.exp ...
Running /build/gcc17/src/gcc-17-20260927/libgomp/testsuite/libgomp.oacc-c/c.exp ...
Running /build/gcc17/src/gcc-17-20260927/libgomp/testsuite/libgomp.c-target/aarch64/aarch64.exp ...
Running /build/gcc17/src/gcc-17-20260927/libgomp/testsuite/libgomp.fortran/fortran.exp ...
Running /build/gcc17/src/gcc-17-20260927/libgomp/testsuite/libgomp.graphite/graphite.exp ...
Running /build/gcc17/src/gcc-17-20260927/libgomp/testsuite/libgomp.oacc-c/c.exp ...
Running /build/gcc17/src/gcc-17-20260927/libgomp/testsuite/libgomp.oacc-c/c.exp ...
Running /build/gcc17/src/gcc-17-20260927/libgomp/testsuite/libgomp.c-target/aarch64/aarch64.exp ...
Running /build/gcc17/src/gcc-17-20260927/libgomp/testsuite/libgomp.fortran/fortran.exp ...
Running /build/gcc17/src/gcc-17-20260927/libgomp/testsuite/libgomp.graphite/graphite.exp ...
make[3]: Entering directory '/build/gcc17/src/gcc-build/libbacktrace'
/bin/sh ./libtool  --tag=CC   --mode=link /build/gcc17/src/gcc-build/./prev-gcc/xgcc -B/build/gcc17/src/gcc-build/./prev-gcc/ -B/usr/x86_64-pc-linux-gnu/bin/ -B/usr/x86_64-pc-linux-gnu/bin/ -B/usr/x86_64-pc-linux-gnu/lib/ -isystem /usr/x86_64-pc-linux-gnu/include -isystem /usr/x86_64-pc-linux-gnu/sys-include    -funwind-tables -frandom-seed=ctestzstd_alloc -W -Wall -Wwrite-strings -Wstrict-prototypes -Wmissing-prototypes -Wold-style-definition -Wmissing-format-attribute -Wcast-qual -Wno-attributes -Wpointer-arith -g -O2     -Wl,--compress-debug-sections=zstd -no-install -no-install -static-libstdc++ -static-libgcc  -o ctestzstd_alloc ctestzstd_alloc-btest.o ctestzstd_alloc-testlib.o libbacktrace_alloc.la 
libtool: link: /build/gcc17/src/gcc-build/./prev-gcc/xgcc -B/build/gcc17/src/gcc-build/./prev-gcc/ -B/usr/x86_64-pc-linux-gnu/bin/ -B/usr/x86_64-pc-linux-gnu/bin/ -B/usr/x86_64-pc-linux-gnu/lib/ -isystem /usr/x86_64-pc-linux-gnu/include -isystem /usr/x86_64-pc-linux-gnu/sys-include -funwind-tables -frandom-seed=ctestzstd_alloc -W -Wall -Wwrite-strings -Wstrict-prototypes -Wmissing-prototypes -Wold-style-definition -Wmissing-format-attribute -Wcast-qual -Wno-attributes -Wpointer-arith -g -O2 -Wl,--compress-debug-sections=zstd -static-libstdc++ -static-libgcc -o ctestzstd_alloc ctestzstd_alloc-btest.o ctestzstd_alloc-testlib.o  ./.libs/libbacktrace_alloc.a
make[3]: Leaving directory '/build/gcc17/src/gcc-build/libbacktrace'
Running /build/gcc17/src/gcc-17-20260927/libgomp/testsuite/libgomp.c-target/aarch64/aarch64.exp ...
Running /build/gcc17/src/gcc-17-20260927/libgomp/testsuite/libgomp.fortran/fortran.exp ...
Running /build/gcc17/src/gcc-17-20260927/libgomp/testsuite/libgomp.graphite/graphite.exp ...
Running /build/gcc17/src/gcc-17-20260927/libgomp/testsuite/libgomp.oacc-c/c.exp ...
Running /build/gcc17/src/gcc-17-20260927/libgomp/testsuite/libgomp.oacc-c/c.exp ...
Running /build/gcc17/src/gcc-17-20260927/libgomp/testsuite/libgomp.oacc-c/c.exp ...
Running /build/gcc17/src/gcc-17-20260927/libgomp/testsuite/libgomp.c-target/aarch64/aarch64.exp ...
Running /build/gcc17/src/gcc-17-20260927/libgomp/testsuite/libgomp.fortran/fortran.exp ...
Running /build/gcc17/src/gcc-17-20260927/libgomp/testsuite/libgomp.graphite/graphite.exp ...
Running /build/gcc17/src/gcc-17-20260927/libgomp/testsuite/libgomp.oacc-c/c.exp ...
Running /build/gcc17/src/gcc-17-20260927/libgomp/testsuite/libgomp.c-target/aarch64/aarch64.exp ...
Running /build/gcc17/src/gcc-17-20260927/libgomp/testsuite/libgomp.fortran/fortran.exp ...
Running /build/gcc17/src/gcc-17-20260927/libgomp/testsuite/libgomp.graphite/graphite.exp ...
Running /build/gcc17/src/gcc-17-20260927/libgomp/testsuite/libgomp.oacc-c/c.exp ...
Running /build/gcc17/src/gcc-17-20260927/libgomp/testsuite/libgomp.c-target/aarch64/aarch64.exp ...
Running /build/gcc17/src/gcc-17-20260927/libgomp/testsuite/libgomp.fortran/fortran.exp ...
Running /build/gcc17/src/gcc-17-20260927/libgomp/testsuite/libgomp.graphite/graphite.exp ...
Running /build/gcc17/src/gcc-17-20260927/libgomp/testsuite/libgomp.c-target/aarch64/aarch64.exp ...
Running /build/gcc17/src/gcc-17-20260927/libgomp/testsuite/libgomp.fortran/fortran.exp ...
Running /build/gcc17/src/gcc-17-20260927/libgomp/testsuite/libgomp.graphite/graphite.exp ...
Running /build/gcc17/src/gcc-17-20260927/libgomp/testsuite/libgomp.oacc-c/c.exp ...
Running /build/gcc17/src/gcc-17-20260927/libgomp/testsuite/libgomp.oacc-c/c.exp ...
Running /build/gcc17/src/gcc-17-20260927/libgomp/testsuite/libgomp.c-target/aarch64/aarch64.exp ...
Running /build/gcc17/src/gcc-17-20260927/libgomp/testsuite/libgomp.fortran/fortran.exp ...
Running /build/gcc17/src/gcc-17-20260927/libgomp/testsuite/libgomp.graphite/graphite.exp ...
Running /build/gcc17/src/gcc-17-20260927/libgomp/testsuite/libgomp.oacc-c/c.exp ...
Running /build/gcc17/src/gcc-17-20260927/libgomp/testsuite/libgomp.c-target/aarch64/aarch64.exp ...
Running /build/gcc17/src/gcc-17-20260927/libgomp/testsuite/libgomp.fortran/fortran.exp ...
Running /build/gcc17/src/gcc-17-20260927/libgomp/testsuite/libgomp.graphite/graphite.exp ...
Running /build/gcc17/src/gcc-17-20260927/libgomp/testsuite/libgomp.oacc-c/c.exp ...
make[3]: Entering directory '/build/gcc17/src/gcc-build/libbacktrace'
/bin/sh ./libtool  --tag=CC   --mode=link /build/gcc17/src/gcc-build/./prev-gcc/xgcc -B/build/gcc17/src/gcc-build/./prev-gcc/ -B/usr/x86_64-pc-linux-gnu/bin/ -B/usr/x86_64-pc-linux-gnu/bin/ -B/usr/x86_64-pc-linux-gnu/lib/ -isystem /usr/x86_64-pc-linux-gnu/include -isystem /usr/x86_64-pc-linux-gnu/sys-include    -funwind-tables -frandom-seed=dwarf5_alloc -W -Wall -Wwrite-strings -Wstrict-prototypes -Wmissing-prototypes -Wold-style-definition -Wmissing-format-attribute -Wcast-qual -Wno-attributes -Wpointer-arith -g -gdwarf-5 -O2     -no-install -static-libstdc++ -static-libgcc  -o dwarf5_alloc dwarf5_alloc-btest.o dwarf5_alloc-testlib.o libbacktrace_alloc.la 
libtool: link: /build/gcc17/src/gcc-build/./prev-gcc/xgcc -B/build/gcc17/src/gcc-build/./prev-gcc/ -B/usr/x86_64-pc-linux-gnu/bin/ -B/usr/x86_64-pc-linux-gnu/bin/ -B/usr/x86_64-pc-linux-gnu/lib/ -isystem /usr/x86_64-pc-linux-gnu/include -isystem /usr/x86_64-pc-linux-gnu/sys-include -funwind-tables -frandom-seed=dwarf5_alloc -W -Wall -Wwrite-strings -Wstrict-prototypes -Wmissing-prototypes -Wold-style-definition -Wmissing-format-attribute -Wcast-qual -Wno-attributes -Wpointer-arith -g -gdwarf-5 -O2 -static-libstdc++ -static-libgcc -o dwarf5_alloc dwarf5_alloc-btest.o dwarf5_alloc-testlib.o  ./.libs/libbacktrace_alloc.a
make[3]: Leaving directory '/build/gcc17/src/gcc-build/libbacktrace'
Running /build/gcc17/src/gcc-17-20260927/libgomp/testsuite/libgomp.c-target/aarch64/aarch64.exp ...
Running /build/gcc17/src/gcc-17-20260927/libgomp/testsuite/libgomp.fortran/fortran.exp ...
Running /build/gcc17/src/gcc-17-20260927/libgomp/testsuite/libgomp.graphite/graphite.exp ...
Running /build/gcc17/src/gcc-17-20260927/libgomp/testsuite/libgomp.oacc-c/c.exp ...
make[3]: Entering directory '/build/gcc17/src/gcc-build/libbacktrace'
/bin/sh ./libtool  --tag=CC   --mode=link /build/gcc17/src/gcc-build/./prev-gcc/xgcc -B/build/gcc17/src/gcc-build/./prev-gcc/ -B/usr/x86_64-pc-linux-gnu/bin/ -B/usr/x86_64-pc-linux-gnu/bin/ -B/usr/x86_64-pc-linux-gnu/lib/ -isystem /usr/x86_64-pc-linux-gnu/include -isystem /usr/x86_64-pc-linux-gnu/sys-include    -funwind-tables -frandom-seed=xztest_alloc -W -Wall -Wwrite-strings -Wstrict-prototypes -Wmissing-prototypes -Wold-style-definition -Wmissing-format-attribute -Wcast-qual -Wno-attributes -Wpointer-arith -g -DSRCDIR=\"../../gcc-17-20260927/libbacktrace\" -O2     -no-install -static-libstdc++ -static-libgcc  -o xztest_alloc xztest_alloc-xztest.o xztest_alloc-testlib.o libbacktrace_alloc.la -llzma  
libtool: link: /build/gcc17/src/gcc-build/./prev-gcc/xgcc -B/build/gcc17/src/gcc-build/./prev-gcc/ -B/usr/x86_64-pc-linux-gnu/bin/ -B/usr/x86_64-pc-linux-gnu/bin/ -B/usr/x86_64-pc-linux-gnu/lib/ -isystem /usr/x86_64-pc-linux-gnu/include -isystem /usr/x86_64-pc-linux-gnu/sys-include -funwind-tables -frandom-seed=xztest_alloc -W -Wall -Wwrite-strings -Wstrict-prototypes -Wmissing-prototypes -Wold-style-definition -Wmissing-format-attribute -Wcast-qual -Wno-attributes -Wpointer-arith -g -DSRCDIR=\"../../gcc-17-20260927/libbacktrace\" -O2 -static-libstdc++ -static-libgcc -o xztest_alloc xztest_alloc-xztest.o xztest_alloc-testlib.o  ./.libs/libbacktrace_alloc.a -llzma
make[3]: Leaving directory '/build/gcc17/src/gcc-build/libbacktrace'
Running /build/gcc17/src/gcc-17-20260927/libgomp/testsuite/libgomp.oacc-c++/c++.exp ...
Running /build/gcc17/src/gcc-17-20260927/libgomp/testsuite/libgomp.oacc-c++/c++.exp ...
Running /build/gcc17/src/gcc-17-20260927/libgomp/testsuite/libgomp.oacc-c++/c++.exp ...
Running /build/gcc17/src/gcc-17-20260927/libgomp/testsuite/libgomp.oacc-c++/c++.exp ...
Running /build/gcc17/src/gcc-17-20260927/libgomp/testsuite/libgomp.oacc-c++/c++.exp ...
Running /build/gcc17/src/gcc-17-20260927/libgomp/testsuite/libgomp.oacc-c++/c++.exp ...
Running /build/gcc17/src/gcc-17-20260927/libgomp/testsuite/libgomp.oacc-c++/c++.exp ...
Running /build/gcc17/src/gcc-17-20260927/libgomp/testsuite/libgomp.oacc-c++/c++.exp ...
make[3]: Entering directory '/build/gcc17/src/gcc-build/libbacktrace'
/bin/sh ./libtool  --tag=CC   --mode=link /build/gcc17/src/gcc-build/./prev-gcc/xgcc -B/build/gcc17/src/gcc-build/./prev-gcc/ -B/usr/x86_64-pc-linux-gnu/bin/ -B/usr/x86_64-pc-linux-gnu/bin/ -B/usr/x86_64-pc-linux-gnu/lib/ -isystem /usr/x86_64-pc-linux-gnu/include -isystem /usr/x86_64-pc-linux-gnu/sys-include    -funwind-tables -frandom-seed=b2test -W -Wall -Wwrite-strings -Wstrict-prototypes -Wmissing-prototypes -Wold-style-definition -Wmissing-format-attribute -Wcast-qual -Wno-attributes -Wpointer-arith -g -O2     -Wl,--build-id -no-install -static-libstdc++ -static-libgcc  -o b2test b2test-btest.o b2test-testlib.o libbacktrace_elf_for_test.la 
libtool: link: /build/gcc17/src/gcc-build/./prev-gcc/xgcc -B/build/gcc17/src/gcc-build/./prev-gcc/ -B/usr/x86_64-pc-linux-gnu/bin/ -B/usr/x86_64-pc-linux-gnu/bin/ -B/usr/x86_64-pc-linux-gnu/lib/ -isystem /usr/x86_64-pc-linux-gnu/include -isystem /usr/x86_64-pc-linux-gnu/sys-include -funwind-tables -frandom-seed=b2test -W -Wall -Wwrite-strings -Wstrict-prototypes -Wmissing-prototypes -Wold-style-definition -Wmissing-format-attribute -Wcast-qual -Wno-attributes -Wpointer-arith -g -O2 -Wl,--build-id -static-libstdc++ -static-libgcc -o b2test b2test-btest.o b2test-testlib.o  ./.libs/libbacktrace_elf_for_test.a
make[3]: Leaving directory '/build/gcc17/src/gcc-build/libbacktrace'
Running /build/gcc17/src/gcc-17-20260927/libgomp/testsuite/libgomp.oacc-c++/c++.exp ...
Running /build/gcc17/src/gcc-17-20260927/libgomp/testsuite/libgomp.oacc-c++/c++.exp ...
Running /build/gcc17/src/gcc-17-20260927/libgomp/testsuite/libgomp.oacc-c++/c++.exp ...
Running /build/gcc17/src/gcc-17-20260927/libgomp/testsuite/libgomp.oacc-c++/c++.exp ...
Running /build/gcc17/src/gcc-17-20260927/libgomp/testsuite/libgomp.oacc-c++/c++.exp ...
make[3]: Entering directory '/build/gcc17/src/gcc-build/libbacktrace'
/bin/sh ./libtool  --tag=CC   --mode=link /build/gcc17/src/gcc-build/./prev-gcc/xgcc -B/build/gcc17/src/gcc-build/./prev-gcc/ -B/usr/x86_64-pc-linux-gnu/bin/ -B/usr/x86_64-pc-linux-gnu/bin/ -B/usr/x86_64-pc-linux-gnu/lib/ -isystem /usr/x86_64-pc-linux-gnu/include -isystem /usr/x86_64-pc-linux-gnu/sys-include    -funwind-tables -frandom-seed=m2test -W -Wall -Wwrite-strings -Wstrict-prototypes -Wmissing-prototypes -Wold-style-definition -Wmissing-format-attribute -Wcast-qual -Wno-attributes -Wpointer-arith -g -O -O2     -Wl,--build-id -no-install -static-libstdc++ -static-libgcc  -o m2test m2test-mtest.o m2test-testlib.o libbacktrace_elf_for_test.la 
libtool: link: /build/gcc17/src/gcc-build/./prev-gcc/xgcc -B/build/gcc17/src/gcc-build/./prev-gcc/ -B/usr/x86_64-pc-linux-gnu/bin/ -B/usr/x86_64-pc-linux-gnu/bin/ -B/usr/x86_64-pc-linux-gnu/lib/ -isystem /usr/x86_64-pc-linux-gnu/include -isystem /usr/x86_64-pc-linux-gnu/sys-include -funwind-tables -frandom-seed=m2test -W -Wall -Wwrite-strings -Wstrict-prototypes -Wmissing-prototypes -Wold-style-definition -Wmissing-format-attribute -Wcast-qual -Wno-attributes -Wpointer-arith -g -O -O2 -Wl,--build-id -static-libstdc++ -static-libgcc -o m2test m2test-mtest.o m2test-testlib.o  ./.libs/libbacktrace_elf_for_test.a
make[3]: Leaving directory '/build/gcc17/src/gcc-build/libbacktrace'
make[3]: Entering directory '/build/gcc17/src/gcc-build/libbacktrace'
/bin/sh ./libtool  --tag=CC   --mode=link /build/gcc17/src/gcc-build/./prev-gcc/xgcc -B/build/gcc17/src/gcc-build/./prev-gcc/ -B/usr/x86_64-pc-linux-gnu/bin/ -B/usr/x86_64-pc-linux-gnu/bin/ -B/usr/x86_64-pc-linux-gnu/lib/ -isystem /usr/x86_64-pc-linux-gnu/include -isystem /usr/x86_64-pc-linux-gnu/sys-include    -funwind-tables -frandom-seed=edtest -W -Wall -Wwrite-strings -Wstrict-prototypes -Wmissing-prototypes -Wold-style-definition -Wmissing-format-attribute -Wcast-qual -Wno-attributes -Wpointer-arith -g -O2     -no-install -static-libstdc++ -static-libgcc  -o edtest edtest-edtest.o edtest-edtest2_build.o edtest-testlib.o libbacktrace.la 
libtool: link: /build/gcc17/src/gcc-build/./prev-gcc/xgcc -B/build/gcc17/src/gcc-build/./prev-gcc/ -B/usr/x86_64-pc-linux-gnu/bin/ -B/usr/x86_64-pc-linux-gnu/bin/ -B/usr/x86_64-pc-linux-gnu/lib/ -isystem /usr/x86_64-pc-linux-gnu/include -isystem /usr/x86_64-pc-linux-gnu/sys-include -funwind-tables -frandom-seed=edtest -W -Wall -Wwrite-strings -Wstrict-prototypes -Wmissing-prototypes -Wold-style-definition -Wmissing-format-attribute -Wcast-qual -Wno-attributes -Wpointer-arith -g -O2 -static-libstdc++ -static-libgcc -o edtest edtest-edtest.o edtest-edtest2_build.o edtest-testlib.o  ./.libs/libbacktrace.a
make[3]: Leaving directory '/build/gcc17/src/gcc-build/libbacktrace'
Running /build/gcc17/src/gcc-17-20260927/libgomp/testsuite/libgomp.oacc-fortran/fortran.exp ...

		=== libgomp Summary ===

# of expected passes		187
# of unsupported tests		13
Running /build/gcc17/src/gcc-17-20260927/libgomp/testsuite/libgomp.oacc-fortran/fortran.exp ...

		=== libgomp Summary ===

# of expected passes		253
# of expected failures		1
# of unsupported tests		62
Running /build/gcc17/src/gcc-17-20260927/libgomp/testsuite/libgomp.oacc-fortran/fortran.exp ...
Running /build/gcc17/src/gcc-17-20260927/libgomp/testsuite/libgomp.oacc-fortran/fortran.exp ...

		=== libgomp Summary ===

# of expected passes		376
# of expected failures		1
# of unsupported tests		46

		=== libgomp Summary ===

# of expected passes		480
# of expected failures		1
# of unsupported tests		32
WARNING: Couldn't find the global config file.
WARNING: Couldn't find the global config file.
Using /build/gcc17/src/gcc-17-20260927/libstdc++-v3/testsuite/lib/libstdc++.exp as tool init file.
Using /build/gcc17/src/gcc-17-20260927/libstdc++-v3/testsuite/lib/libstdc++.exp as tool init file.
spawn -ignore SIGHUP /build/gcc17/src/gcc-build/gcc/xgcc -B/build/gcc17/src/gcc-build/gcc/ -print-file-name=testsuite/et-static.exp
spawn -ignore SIGHUP /build/gcc17/src/gcc-build/gcc/xgcc -B/build/gcc17/src/gcc-build/gcc/ -print-file-name=testsuite/et-static.exp
/build/gcc17/src/gcc-build/gcc/testsuite/et-static.exp
/build/gcc17/src/gcc-build/gcc/testsuite/et-static.exp
Test run by builduser on Sun Oct  4 12:24:55 2026
Native configuration is x86_64-pc-linux-gnu

		=== libstdc++ tests ===

Schedule of variations:
    unix

Running target unix
Using /usr/share/dejagnu/baseboards/unix.exp as board description file for target.
Using /usr/share/dejagnu/config/unix.exp as generic interface file for target.
Test run by builduser on Sun Oct  4 12:24:55 2026
Native configuration is x86_64-pc-linux-gnu

		=== libstdc++ tests ===

Using /build/gcc17/src/gcc-17-20260927/libstdc++-v3/testsuite/config/default.exp as tool-and-target-specific interface file.
Running /build/gcc17/src/gcc-17-20260927/libstdc++-v3/testsuite/libstdc++-abi/abi.exp ...
Schedule of variations:
    unix

Running target unix
Using /usr/share/dejagnu/baseboards/unix.exp as board description file for target.
Using /usr/share/dejagnu/config/unix.exp as generic interface file for target.
Using /build/gcc17/src/gcc-17-20260927/libstdc++-v3/testsuite/config/default.exp as tool-and-target-specific interface file.
Running /build/gcc17/src/gcc-17-20260927/libstdc++-v3/testsuite/libstdc++-abi/abi.exp ...
Running /build/gcc17/src/gcc-17-20260927/libstdc++-v3/testsuite/libstdc++-dg/conformance.exp ...
Running /build/gcc17/src/gcc-17-20260927/libstdc++-v3/testsuite/libstdc++-dg/conformance.exp ...
Running /build/gcc17/src/gcc-17-20260927/libgomp/testsuite/libgomp.oacc-fortran/fortran.exp ...

		=== libgomp Summary ===

# of expected passes		840
# of unsupported tests		35
Running /build/gcc17/src/gcc-17-20260927/libgomp/testsuite/libgomp.oacc-fortran/fortran.exp ...

		=== libgomp Summary ===

# of expected passes		462
# of expected failures		8
# of unsupported tests		51
make[3]: Entering directory '/build/gcc17/src/gcc-build/libbacktrace'
/bin/sh ./libtool  --tag=CC   --mode=link /build/gcc17/src/gcc-build/./prev-gcc/xgcc -B/build/gcc17/src/gcc-build/./prev-gcc/ -B/usr/x86_64-pc-linux-gnu/bin/ -B/usr/x86_64-pc-linux-gnu/bin/ -B/usr/x86_64-pc-linux-gnu/lib/ -isystem /usr/x86_64-pc-linux-gnu/include -isystem /usr/x86_64-pc-linux-gnu/sys-include    -funwind-tables -frandom-seed=edtest_alloc -W -Wall -Wwrite-strings -Wstrict-prototypes -Wmissing-prototypes -Wold-style-definition -Wmissing-format-attribute -Wcast-qual -Wno-attributes -Wpointer-arith -g -O2     -no-install -static-libstdc++ -static-libgcc  -o edtest_alloc edtest_alloc-edtest.o edtest_alloc-edtest2_build.o edtest_alloc-testlib.o libbacktrace_alloc.la 
libtool: link: /build/gcc17/src/gcc-build/./prev-gcc/xgcc -B/build/gcc17/src/gcc-build/./prev-gcc/ -B/usr/x86_64-pc-linux-gnu/bin/ -B/usr/x86_64-pc-linux-gnu/bin/ -B/usr/x86_64-pc-linux-gnu/lib/ -isystem /usr/x86_64-pc-linux-gnu/include -isystem /usr/x86_64-pc-linux-gnu/sys-include -funwind-tables -frandom-seed=edtest_alloc -W -Wall -Wwrite-strings -Wstrict-prototypes -Wmissing-prototypes -Wold-style-definition -Wmissing-format-attribute -Wcast-qual -Wno-attributes -Wpointer-arith -g -O2 -static-libstdc++ -static-libgcc -o edtest_alloc edtest_alloc-edtest.o edtest_alloc-edtest2_build.o edtest_alloc-testlib.o  ./.libs/libbacktrace_alloc.a
make[3]: Leaving directory '/build/gcc17/src/gcc-build/libbacktrace'
rm xcoff_32.c elf_32.c xcoff_64.c elf_64.c
make  check-TESTS
make[4]: Entering directory '/build/gcc17/src/gcc-build/libbacktrace'
PASS: allocfail.sh
make[4]: Leaving directory '/build/gcc17/src/gcc-build/libbacktrace'
make[4]: Entering directory '/build/gcc17/src/gcc-build/libbacktrace'
objcopy --strip-debug strippedtest strippedtest_stripped
make[4]: Leaving directory '/build/gcc17/src/gcc-build/libbacktrace'
make[4]: Entering directory '/build/gcc17/src/gcc-build/libbacktrace'
./install-debuginfo-for-buildid.sh \
  "/build/gcc17/src/gcc-build/libbacktrace/usr/lib/debug/.build-id/" \
  b2test
objcopy --strip-debug b2test b2test_buildid
make[4]: Leaving directory '/build/gcc17/src/gcc-build/libbacktrace'
make[4]: Entering directory '/build/gcc17/src/gcc-build/libbacktrace'
./install-debuginfo-for-buildid.sh \
  "/build/gcc17/src/gcc-build/libbacktrace/usr/lib/debug/.build-id/" \
  b2test
objcopy --strip-all b2test b2test_buildidfull
make[4]: Leaving directory '/build/gcc17/src/gcc-build/libbacktrace'
make[4]: Entering directory '/build/gcc17/src/gcc-build/libbacktrace'
objcopy --only-keep-debug btest btest_gnudebuglink.debug
objcopy --strip-debug --add-gnu-debuglink=btest_gnudebuglink.debug btest btest_gnudebuglink
make[4]: Leaving directory '/build/gcc17/src/gcc-build/libbacktrace'
make[4]: Entering directory '/build/gcc17/src/gcc-build/libbacktrace'
objcopy --only-keep-debug btest btest_gnudebuglinkfull.debug
objcopy --strip-all --add-gnu-debuglink=btest_gnudebuglinkfull.debug btest btest_gnudebuglinkfull
make[4]: Leaving directory '/build/gcc17/src/gcc-build/libbacktrace'
make[4]: Entering directory '/build/gcc17/src/gcc-build/libbacktrace'
nm --plugin /usr/lib/gcc/x86_64-pc-linux-gnu/16/liblto_plugin.so -D mtest -P --defined-only | gawk '{ print $1 }' | sort > mtest.dsyms
nm --plugin /usr/lib/gcc/x86_64-pc-linux-gnu/16/liblto_plugin.so mtest -P --defined-only | gawk '{ if ($2 == "T" || $2 == "t" || $2 == "D") print $1 }' | sort > mtest.fsyms
comm -13 mtest.dsyms mtest.fsyms > mtest.keepsyms
objcopy --only-keep-debug mtest mtest.dbg
objcopy -S --remove-section .gdb_index --remove-section .comment --keep-symbols=mtest.keepsyms mtest.dbg mtest.mdbg
objcopy --strip-all --remove-section ..comment mtest mtest.strip
rm -f mtest.mdbg.xz
xz mtest.mdbg
objcopy --add-section .gnu_debugdata=mtest.mdbg.xz mtest.strip
mv mtest.strip mtest_minidebug
make[4]: Leaving directory '/build/gcc17/src/gcc-build/libbacktrace'
make[4]: Entering directory '/build/gcc17/src/gcc-build/libbacktrace'
nm --plugin /usr/lib/gcc/x86_64-pc-linux-gnu/16/liblto_plugin.so -D m2test -P --defined-only | gawk '{ print $1 }' | sort > m2test.dsyms2
nm --plugin /usr/lib/gcc/x86_64-pc-linux-gnu/16/liblto_plugin.so m2test -P --defined-only | gawk '{ if ($2 == "T" || $2 == "t" || $2 == "D") print $1 }' | sort > m2test.fsyms2
comm -13 m2test.dsyms2 m2test.fsyms2 > m2test.keepsyms2
objcopy --only-keep-debug m2test m2test.dbg2
objcopy -S --remove-section .gdb_index --remove-section .comment --keep-symbols=m2test.keepsyms2 m2test.dbg2 m2test.mdbg2
objcopy --strip-all --remove-section ..comment m2test m2test.strip2
rm -f m2test.mdbg2.xz
xz m2test.mdbg2
objcopy --add-section .gnu_debugdata=m2test.mdbg2.xz m2test.dbg2
objcopy --add-section .gnu_debugdata=m2test.mdbg2.xz m2test.strip2
/bin/sh ./install-debuginfo-for-buildid.sh /build/gcc17/src/gcc-build/libbacktrace/usr/lib/debug/.build-id/ m2test.dbg2
readelf: Error: Unable to find program interpreter name
mv m2test.strip2 m2test_minidebug2
make[4]: Leaving directory '/build/gcc17/src/gcc-build/libbacktrace'
Running /build/gcc17/src/gcc-17-20260927/libgomp/testsuite/libgomp.oacc-fortran/fortran.exp ...
make[4]: Entering directory '/build/gcc17/src/gcc-build/libbacktrace'
PASS: test_elf_32
make[4]: Leaving directory '/build/gcc17/src/gcc-build/libbacktrace'

		=== libgomp Summary ===

# of expected passes		401
# of expected failures		7
# of unsupported tests		28
make[4]: Entering directory '/build/gcc17/src/gcc-build/libbacktrace'
PASS: test_elf_64
make[4]: Leaving directory '/build/gcc17/src/gcc-build/libbacktrace'
Running /build/gcc17/src/gcc-17-20260927/libgomp/testsuite/libgomp.oacc-fortran/fortran.exp ...
make[4]: Entering directory '/build/gcc17/src/gcc-build/libbacktrace'
PASS: test_macho
make[4]: Leaving directory '/build/gcc17/src/gcc-build/libbacktrace'

		=== libgomp Summary ===

# of expected passes		502
# of expected failures		2
# of unsupported tests		23
make[4]: Entering directory '/build/gcc17/src/gcc-build/libbacktrace'
PASS: test_xcoff_32
make[4]: Leaving directory '/build/gcc17/src/gcc-build/libbacktrace'
make[4]: Entering directory '/build/gcc17/src/gcc-build/libbacktrace'
PASS: test_xcoff_64
make[4]: Leaving directory '/build/gcc17/src/gcc-build/libbacktrace'
make[4]: Entering directory '/build/gcc17/src/gcc-build/libbacktrace'
PASS: test_pecoff
make[4]: Leaving directory '/build/gcc17/src/gcc-build/libbacktrace'
make[4]: Entering directory '/build/gcc17/src/gcc-build/libbacktrace'
PASS: test_unknown
make[4]: Leaving directory '/build/gcc17/src/gcc-build/libbacktrace'
make[4]: Entering directory '/build/gcc17/src/gcc-build/libbacktrace'
PASS: unittest
make[4]: Leaving directory '/build/gcc17/src/gcc-build/libbacktrace'
make[4]: Entering directory '/build/gcc17/src/gcc-build/libbacktrace'
PASS: unittest_alloc
make[4]: Leaving directory '/build/gcc17/src/gcc-build/libbacktrace'
make[4]: Entering directory '/build/gcc17/src/gcc-build/libbacktrace'
PASS: btest
make[4]: Leaving directory '/build/gcc17/src/gcc-build/libbacktrace'
make[4]: Entering directory '/build/gcc17/src/gcc-build/libbacktrace'
PASS: btest_lto
make[4]: Leaving directory '/build/gcc17/src/gcc-build/libbacktrace'
make[4]: Entering directory '/build/gcc17/src/gcc-build/libbacktrace'
PASS: btest_alloc
make[4]: Leaving directory '/build/gcc17/src/gcc-build/libbacktrace'
make[4]: Entering directory '/build/gcc17/src/gcc-build/libbacktrace'
PASS: mdtest
make[4]: Leaving directory '/build/gcc17/src/gcc-build/libbacktrace'
make[4]: Entering directory '/build/gcc17/src/gcc-build/libbacktrace'
PASS: stest
make[4]: Leaving directory '/build/gcc17/src/gcc-build/libbacktrace'
make[4]: Entering directory '/build/gcc17/src/gcc-build/libbacktrace'
PASS: stest_alloc
make[4]: Leaving directory '/build/gcc17/src/gcc-build/libbacktrace'
make[4]: Entering directory '/build/gcc17/src/gcc-build/libbacktrace'
PASS: ztest
make[4]: Leaving directory '/build/gcc17/src/gcc-build/libbacktrace'
make[4]: Entering directory '/build/gcc17/src/gcc-build/libbacktrace'
PASS: ztest_alloc
make[4]: Leaving directory '/build/gcc17/src/gcc-build/libbacktrace'
make[4]: Entering directory '/build/gcc17/src/gcc-build/libbacktrace'
PASS: zstdtest
make[4]: Leaving directory '/build/gcc17/src/gcc-build/libbacktrace'
make[4]: Entering directory '/build/gcc17/src/gcc-build/libbacktrace'
PASS: zstdtest_alloc
make[4]: Leaving directory '/build/gcc17/src/gcc-build/libbacktrace'
make[4]: Entering directory '/build/gcc17/src/gcc-build/libbacktrace'
PASS: edtest
make[4]: Leaving directory '/build/gcc17/src/gcc-build/libbacktrace'
make[4]: Entering directory '/build/gcc17/src/gcc-build/libbacktrace'
PASS: edtest_alloc
make[4]: Leaving directory '/build/gcc17/src/gcc-build/libbacktrace'
make[4]: Entering directory '/build/gcc17/src/gcc-build/libbacktrace'
PASS: ttest
make[4]: Leaving directory '/build/gcc17/src/gcc-build/libbacktrace'
make[4]: Entering directory '/build/gcc17/src/gcc-build/libbacktrace'
PASS: ttest_alloc
make[4]: Leaving directory '/build/gcc17/src/gcc-build/libbacktrace'
make[4]: Entering directory '/build/gcc17/src/gcc-build/libbacktrace'
PASS: ctestg
make[4]: Leaving directory '/build/gcc17/src/gcc-build/libbacktrace'
make[4]: Entering directory '/build/gcc17/src/gcc-build/libbacktrace'
PASS: ctestg_alloc
make[4]: Leaving directory '/build/gcc17/src/gcc-build/libbacktrace'
make[4]: Entering directory '/build/gcc17/src/gcc-build/libbacktrace'
PASS: ctesta
make[4]: Leaving directory '/build/gcc17/src/gcc-build/libbacktrace'
make[4]: Entering directory '/build/gcc17/src/gcc-build/libbacktrace'
PASS: ctesta_alloc
make[4]: Leaving directory '/build/gcc17/src/gcc-build/libbacktrace'
make[4]: Entering directory '/build/gcc17/src/gcc-build/libbacktrace'
PASS: ctestzstd
make[4]: Leaving directory '/build/gcc17/src/gcc-build/libbacktrace'
make[4]: Entering directory '/build/gcc17/src/gcc-build/libbacktrace'
PASS: ctestzstd_alloc
make[4]: Leaving directory '/build/gcc17/src/gcc-build/libbacktrace'
make[4]: Entering directory '/build/gcc17/src/gcc-build/libbacktrace'
PASS: dwarf5
make[4]: Leaving directory '/build/gcc17/src/gcc-build/libbacktrace'
make[4]: Entering directory '/build/gcc17/src/gcc-build/libbacktrace'
PASS: dwarf5_alloc
make[4]: Leaving directory '/build/gcc17/src/gcc-build/libbacktrace'
make[4]: Entering directory '/build/gcc17/src/gcc-build/libbacktrace'
PASS: mtest
make[4]: Leaving directory '/build/gcc17/src/gcc-build/libbacktrace'
Running /build/gcc17/src/gcc-17-20260927/libgomp/testsuite/libgomp.oacc-fortran/fortran.exp ...

		=== libgomp Summary ===

# of expected passes		598
# of expected failures		11
# of unsupported tests		61
Running /build/gcc17/src/gcc-17-20260927/libgomp/testsuite/libgomp.oacc-fortran/fortran.exp ...

		=== libgomp Summary ===

# of expected passes		361
# of expected failures		5
# of unsupported tests		73
Running /build/gcc17/src/gcc-17-20260927/libgomp/testsuite/libgomp.oacc-fortran/fortran.exp ...

		=== libgomp Summary ===

# of expected passes		741
# of expected failures		8
# of unsupported tests		20
make[4]: Entering directory '/build/gcc17/src/gcc-build/libbacktrace'
PASS: xztest
make[4]: Leaving directory '/build/gcc17/src/gcc-build/libbacktrace'
WARNING: Couldn't find the global config file.
Using /build/gcc17/src/gcc-17-20260927/libstdc++-v3/testsuite/lib/libstdc++.exp as tool init file.
spawn -ignore SIGHUP /build/gcc17/src/gcc-build/gcc/xgcc -B/build/gcc17/src/gcc-build/gcc/ -print-file-name=testsuite/et-static.exp
/build/gcc17/src/gcc-build/gcc/testsuite/et-static.exp
Test run by builduser on Sun Oct  4 12:24:58 2026
Native configuration is x86_64-pc-linux-gnu

		=== libstdc++ tests ===

Schedule of variations:
    unix

Running target unix
Using /usr/share/dejagnu/baseboards/unix.exp as board description file for target.
Using /usr/share/dejagnu/config/unix.exp as generic interface file for target.
Using /build/gcc17/src/gcc-17-20260927/libstdc++-v3/testsuite/config/default.exp as tool-and-target-specific interface file.
Running /build/gcc17/src/gcc-17-20260927/libstdc++-v3/testsuite/libstdc++-abi/abi.exp ...
Running /build/gcc17/src/gcc-17-20260927/libstdc++-v3/testsuite/libstdc++-dg/conformance.exp ...
Running /build/gcc17/src/gcc-17-20260927/libgomp/testsuite/libgomp.oacc-fortran/fortran.exp ...

		=== libgomp Summary ===

# of expected passes		365
# of expected failures		2
# of unsupported tests		39
make[4]: Entering directory '/build/gcc17/src/gcc-build/libbacktrace'
PASS: xztest_alloc
make[4]: Leaving directory '/build/gcc17/src/gcc-build/libbacktrace'
make[4]: Entering directory '/build/gcc17/src/gcc-build/libbacktrace'
PASS: strippedtest_stripped
make[4]: Leaving directory '/build/gcc17/src/gcc-build/libbacktrace'
make[4]: Entering directory '/build/gcc17/src/gcc-build/libbacktrace'
PASS: b2test_buildid
make[4]: Leaving directory '/build/gcc17/src/gcc-build/libbacktrace'
make[4]: Entering directory '/build/gcc17/src/gcc-build/libbacktrace'
PASS: b2test_buildidfull
make[4]: Leaving directory '/build/gcc17/src/gcc-build/libbacktrace'
make[4]: Entering directory '/build/gcc17/src/gcc-build/libbacktrace'
PASS: btest_gnudebuglink
make[4]: Leaving directory '/build/gcc17/src/gcc-build/libbacktrace'
make[4]: Entering directory '/build/gcc17/src/gcc-build/libbacktrace'
PASS: btest_gnudebuglinkfull
make[4]: Leaving directory '/build/gcc17/src/gcc-build/libbacktrace'
make[4]: Entering directory '/build/gcc17/src/gcc-build/libbacktrace'
PASS: mtest_minidebug
make[4]: Leaving directory '/build/gcc17/src/gcc-build/libbacktrace'
make[4]: Entering directory '/build/gcc17/src/gcc-build/libbacktrace'
PASS: m2test_minidebug2
make[4]: Leaving directory '/build/gcc17/src/gcc-build/libbacktrace'
make[4]: Entering directory '/build/gcc17/src/gcc-build/libbacktrace'
============================================================================
Testsuite summary for package-unused version-unused
============================================================================
# TOTAL: 42
# PASS:  42
# SKIP:  0
# XFAIL: 0
# FAIL:  0
# XPASS: 0
# ERROR: 0
============================================================================
make[4]: Leaving directory '/build/gcc17/src/gcc-build/libbacktrace'
Running /build/gcc17/src/gcc-17-20260927/libgomp/testsuite/libgomp.oacc-fortran/fortran.exp ...

		=== libgomp Summary ===

# of expected passes		700
# of expected failures		1
# of unsupported tests		25
Running /build/gcc17/src/gcc-17-20260927/libgomp/testsuite/libgomp.c-target/aarch64/aarch64.exp ...
Running /build/gcc17/src/gcc-17-20260927/libgomp/testsuite/libgomp.fortran/fortran.exp ...
Running /build/gcc17/src/gcc-17-20260927/libgomp/testsuite/libgomp.graphite/graphite.exp ...
Running /build/gcc17/src/gcc-17-20260927/libgomp/testsuite/libgomp.oacc-c/c.exp ...
Running /build/gcc17/src/gcc-17-20260927/libgomp/testsuite/libgomp.oacc-c++/c++.exp ...
Running /build/gcc17/src/gcc-17-20260927/libgomp/testsuite/libgomp.oacc-fortran/fortran.exp ...

		=== libgomp Summary ===

# of expected passes		110
# of unsupported tests		2
true  DO=all multi-do # make
WARNING: Couldn't find the global config file.
Using /build/gcc17/src/gcc-17-20260927/libstdc++-v3/testsuite/lib/libstdc++.exp as tool init file.
spawn -ignore SIGHUP /build/gcc17/src/gcc-build/gcc/xgcc -B/build/gcc17/src/gcc-build/gcc/ -print-file-name=testsuite/et-static.exp
/build/gcc17/src/gcc-build/gcc/testsuite/et-static.exp
Test run by builduser on Sun Oct  4 12:25:27 2026
Native configuration is x86_64-pc-linux-gnu

		=== libstdc++ tests ===

Schedule of variations:
    unix

Running target unix
Using /usr/share/dejagnu/baseboards/unix.exp as board description file for target.
Using /usr/share/dejagnu/config/unix.exp as generic interface file for target.
Using /build/gcc17/src/gcc-17-20260927/libstdc++-v3/testsuite/config/default.exp as tool-and-target-specific interface file.
Running /build/gcc17/src/gcc-17-20260927/libstdc++-v3/testsuite/libstdc++-abi/abi.exp ...
Running /build/gcc17/src/gcc-17-20260927/libstdc++-v3/testsuite/libstdc++-dg/conformance.exp ...
make[3]: Entering directory '/build/gcc17/src/gcc-build/gcc'
WARNING: Couldn't find the global config file.
Using /build/gcc17/src/gcc-17-20260927/gcc/testsuite/lib/g++.exp as tool init file.
spawn -ignore SIGHUP /build/gcc17/src/gcc-build/gcc/xgcc -B/build/gcc17/src/gcc-build/gcc/ -print-file-name=testsuite/et-static.exp
/build/gcc17/src/gcc-build/gcc/testsuite/et-static.exp
Test run by builduser on Sun Oct  4 12:24:56 2026
Native configuration is x86_64-pc-linux-gnu

		=== g++ tests ===

Schedule of variations:
    unix

Running target unix
Using /usr/share/dejagnu/baseboards/unix.exp as board description file for target.
Using /usr/share/dejagnu/config/unix.exp as generic interface file for target.
Using /build/gcc17/src/gcc-17-20260927/gcc/testsuite/config/default.exp as tool-and-target-specific interface file.
Running /build/gcc17/src/gcc-17-20260927/gcc/testsuite/g++.dg/analyzer/analyzer.exp ...
Running /build/gcc17/src/gcc-17-20260927/gcc/testsuite/g++.dg/analyzer/torture/analyzer-torture.exp ...
Running /build/gcc17/src/gcc-17-20260927/gcc/testsuite/g++.dg/asan/asan.exp ...
Running /build/gcc17/src/gcc-17-20260927/gcc/testsuite/g++.dg/bprob/bprob.exp ...
Running /build/gcc17/src/gcc-17-20260927/gcc/testsuite/g++.dg/charset/charset.exp ...
Running /build/gcc17/src/gcc-17-20260927/gcc/testsuite/g++.dg/compat/compat.exp ...
Running /build/gcc17/src/gcc-17-20260927/gcc/testsuite/g++.dg/compat/struct-layout-1.exp ...
Running /build/gcc17/src/gcc-17-20260927/gcc/testsuite/g++.dg/coroutines/torture/coro-torture.exp ...
Running /build/gcc17/src/gcc-17-20260927/gcc/testsuite/g++.dg/debug/debug.exp ...
Running /build/gcc17/src/gcc-17-20260927/gcc/testsuite/g++.dg/debug/dwarf2/dwarf2.exp ...
Running /build/gcc17/src/gcc-17-20260927/gcc/testsuite/g++.dg/dfp/dfp.exp ...
Running /build/gcc17/src/gcc-17-20260927/gcc/testsuite/g++.dg/dg.exp ...
Running /build/gcc17/src/gcc-17-20260927/gcc/testsuite/g++.dg/gcov/gcov.exp ...
Running /build/gcc17/src/gcc-17-20260927/gcc/testsuite/g++.dg/goacc-gomp/goacc-gomp.exp ...
Running /build/gcc17/src/gcc-17-20260927/gcc/testsuite/g++.dg/goacc/goacc.exp ...
Running /build/gcc17/src/gcc-17-20260927/gcc/testsuite/g++.dg/gomp/gomp.exp ...
Running /build/gcc17/src/gcc-17-20260927/gcc/testsuite/g++.dg/graphite/graphite.exp ...
Running /build/gcc17/src/gcc-17-20260927/gcc/testsuite/g++.dg/guality/guality.exp ...
Running /build/gcc17/src/gcc-17-20260927/gcc/testsuite/g++.dg/hwasan/hwasan.exp ...
Running /build/gcc17/src/gcc-17-20260927/gcc/testsuite/g++.dg/lto/lto.exp ...
Running /build/gcc17/src/gcc-17-20260927/gcc/testsuite/g++.dg/modules/modules.exp ...
Running /build/gcc17/src/gcc-17-20260927/gcc/testsuite/g++.dg/pch/pch.exp ...
Running /build/gcc17/src/gcc-17-20260927/gcc/testsuite/g++.dg/plugin/plugin.exp ...
Running /build/gcc17/src/gcc-17-20260927/gcc/testsuite/g++.dg/sarif-output/sarif-output.exp ...
Running /build/gcc17/src/gcc-17-20260927/gcc/testsuite/g++.dg/simulate-thread/simulate-thread.exp ...
Running /build/gcc17/src/gcc-17-20260927/gcc/testsuite/g++.dg/special/ecos.exp ...
Running /build/gcc17/src/gcc-17-20260927/gcc/testsuite/g++.dg/tls/tls.exp ...
Running /build/gcc17/src/gcc-17-20260927/gcc/testsuite/g++.dg/tm/tm.exp ...
Running /build/gcc17/src/gcc-17-20260927/gcc/testsuite/g++.dg/torture/dg-torture.exp ...
Running /build/gcc17/src/gcc-17-20260927/gcc/testsuite/g++.dg/torture/stackalign/stackalign.exp ...
Running /build/gcc17/src/gcc-17-20260927/gcc/testsuite/g++.dg/tree-prof/tree-prof.exp ...
Running /build/gcc17/src/gcc-17-20260927/gcc/testsuite/g++.dg/tsan/tsan.exp ...
Running /build/gcc17/src/gcc-17-20260927/gcc/testsuite/g++.dg/ubsan/ubsan.exp ...
Running /build/gcc17/src/gcc-17-20260927/gcc/testsuite/g++.dg/vect/vect.exp ...
Running /build/gcc17/src/gcc-17-20260927/gcc/testsuite/g++.old-deja/old-deja.exp ...
Running /build/gcc17/src/gcc-17-20260927/gcc/testsuite/g++.target/aarch64/aarch64.exp ...
Running /build/gcc17/src/gcc-17-20260927/gcc/testsuite/g++.target/aarch64/acle/acle.exp ...
Running /build/gcc17/src/gcc-17-20260927/gcc/testsuite/g++.target/aarch64/advsimd-intrinsics/advsimd-intrinsics.exp ...
Running /build/gcc17/src/gcc-17-20260927/gcc/testsuite/g++.target/aarch64/sme/aarch64-sme-acle-asm.exp ...
Running /build/gcc17/src/gcc-17-20260927/gcc/testsuite/g++.target/aarch64/sme/aarch64-sme.exp ...
Running /build/gcc17/src/gcc-17-20260927/gcc/testsuite/g++.target/aarch64/sme2/aarch64-sme2-acle-asm.exp ...
Running /build/gcc17/src/gcc-17-20260927/gcc/testsuite/g++.target/aarch64/sve/aarch64-ssve.exp ...
Running /build/gcc17/src/gcc-17-20260927/gcc/testsuite/g++.target/aarch64/sve/aarch64-sve.exp ...
Running /build/gcc17/src/gcc-17-20260927/gcc/testsuite/g++.target/aarch64/sve/acle/aarch64-sve-acle-asm.exp ...
Running /build/gcc17/src/gcc-17-20260927/gcc/testsuite/g++.target/aarch64/sve/acle/aarch64-sve-acle.exp ...
Running /build/gcc17/src/gcc-17-20260927/gcc/testsuite/g++.target/aarch64/sve2/acle/aarch64-sve2-acle-asm.exp ...
Running /build/gcc17/src/gcc-17-20260927/gcc/testsuite/g++.target/alpha/alpha.exp ...
Running /build/gcc17/src/gcc-17-20260927/gcc/testsuite/g++.target/arm/arm.exp ...
Running /build/gcc17/src/gcc-17-20260927/gcc/testsuite/g++.target/arm/mve.exp ...
Running /build/gcc17/src/gcc-17-20260927/gcc/testsuite/g++.target/gcn/gcn.exp ...
Running /build/gcc17/src/gcc-17-20260927/gcc/testsuite/g++.target/i386/i386.exp ...
Running /build/gcc17/src/gcc-17-20260927/gcc/testsuite/g++.target/loongarch/loongarch.exp ...
Running /build/gcc17/src/gcc-17-20260927/gcc/testsuite/g++.target/m68k/m68k.exp ...
Running /build/gcc17/src/gcc-17-20260927/gcc/testsuite/g++.target/mips/mips.exp ...
Running /build/gcc17/src/gcc-17-20260927/gcc/testsuite/g++.target/msp430/msp430.exp ...
Running /build/gcc17/src/gcc-17-20260927/gcc/testsuite/g++.target/nvptx/nvptx.exp ...
Running /build/gcc17/src/gcc-17-20260927/gcc/testsuite/g++.target/powerpc/powerpc.exp ...
Running /build/gcc17/src/gcc-17-20260927/gcc/testsuite/g++.target/pru/pru.exp ...
Running /build/gcc17/src/gcc-17-20260927/gcc/testsuite/g++.target/riscv/riscv.exp ...
Running /build/gcc17/src/gcc-17-20260927/gcc/testsuite/g++.target/riscv/rvv/rvv.exp ...
Running /build/gcc17/src/gcc-17-20260927/gcc/testsuite/g++.target/s390/s390.exp ...
Running /build/gcc17/src/gcc-17-20260927/gcc/testsuite/g++.target/sh/sh.exp ...
Running /build/gcc17/src/gcc-17-20260927/gcc/testsuite/g++.target/sh/torture/sh-torture.exp ...
Running /build/gcc17/src/gcc-17-20260927/gcc/testsuite/g++.target/xtensa/xtensa.exp ...

		=== g++ Summary ===

# of expected passes		49361
# of expected failures		294
# of unsupported tests		287
Couldn't determine version of /build/gcc17/src/gcc-build/gcc/xg++

make[3]: Leaving directory '/build/gcc17/src/gcc-build/gcc'
make[3]: Entering directory '/build/gcc17/src/gcc-build/gcc'
(rootme=`${PWDCMD-pwd}`; export rootme; \
srcdir=`cd ../../gcc-17-20260927/gcc; ${PWDCMD-pwd}` ; export srcdir ; \
if [ -n "" ] \
   && [ -n "$GCC_RUNTEST_PARALLELIZE_DIR" ] \
   && [ -f testsuite/g++-parallel/finished ]; then \
  rm -rf testsuite/g++; \
else \
  cd testsuite/g++; \
  rm -f tmp-site.exp; \
  sed '/set tmpdir/ s|testsuite$|testsuite/g++|' \
	< ../../site.exp > tmp-site.exp; \
  /bin/sh ${srcdir}/../move-if-change tmp-site.exp site.exp; \
  EXPECT=expect ; export EXPECT ; \
  if [ -f ${rootme}/../expect/expect ] ; then  \
    TCL_LIBRARY=`cd .. ; cd ${srcdir}/../tcl/library ; ${PWDCMD-pwd}` ; \
    export TCL_LIBRARY ; \
  fi ; \
  `if [ -f ${srcdir}/../dejagnu/runtest ] ; then echo ${srcdir}/../dejagnu/runtest ; else echo runtest; fi` --tool g++ ; \
  if [ -n "$GCC_RUNTEST_PARALLELIZE_DIR" ] ; then \
    touch ${rootme}/testsuite/g++-parallel/finished; \
  fi ; \
fi )
WARNING: Couldn't find the global config file.
Using /build/gcc17/src/gcc-17-20260927/gcc/testsuite/lib/g++.exp as tool init file.
spawn -ignore SIGHUP /build/gcc17/src/gcc-build/gcc/xgcc -B/build/gcc17/src/gcc-build/gcc/ -print-file-name=testsuite/et-static.exp
/build/gcc17/src/gcc-build/gcc/testsuite/et-static.exp
Test run by builduser on Sun Oct  4 12:23:37 2026
Native configuration is x86_64-pc-linux-gnu

		=== g++ tests ===

Schedule of variations:
    unix

Running target unix
Using /usr/share/dejagnu/baseboards/unix.exp as board description file for target.
Using /usr/share/dejagnu/config/unix.exp as generic interface file for target.
Using /build/gcc17/src/gcc-17-20260927/gcc/testsuite/config/default.exp as tool-and-target-specific interface file.
Running /build/gcc17/src/gcc-17-20260927/gcc/testsuite/g++.dg/analyzer/analyzer.exp ...
Running /build/gcc17/src/gcc-17-20260927/gcc/testsuite/g++.dg/analyzer/torture/analyzer-torture.exp ...
Running /build/gcc17/src/gcc-17-20260927/gcc/testsuite/g++.dg/asan/asan.exp ...
Running /build/gcc17/src/gcc-17-20260927/gcc/testsuite/g++.dg/bprob/bprob.exp ...
Running /build/gcc17/src/gcc-17-20260927/gcc/testsuite/g++.dg/charset/charset.exp ...
Running /build/gcc17/src/gcc-17-20260927/gcc/testsuite/g++.dg/compat/compat.exp ...
Running /build/gcc17/src/gcc-17-20260927/gcc/testsuite/g++.dg/compat/struct-layout-1.exp ...
Running /build/gcc17/src/gcc-17-20260927/gcc/testsuite/g++.dg/coroutines/torture/coro-torture.exp ...
Running /build/gcc17/src/gcc-17-20260927/gcc/testsuite/g++.dg/debug/debug.exp ...
Running /build/gcc17/src/gcc-17-20260927/gcc/testsuite/g++.dg/debug/dwarf2/dwarf2.exp ...
Running /build/gcc17/src/gcc-17-20260927/gcc/testsuite/g++.dg/dfp/dfp.exp ...
Running /build/gcc17/src/gcc-17-20260927/gcc/testsuite/g++.dg/dg.exp ...
Running /build/gcc17/src/gcc-17-20260927/gcc/testsuite/g++.dg/gcov/gcov.exp ...
Running /build/gcc17/src/gcc-17-20260927/gcc/testsuite/g++.dg/goacc-gomp/goacc-gomp.exp ...
Running /build/gcc17/src/gcc-17-20260927/gcc/testsuite/g++.dg/goacc/goacc.exp ...
Running /build/gcc17/src/gcc-17-20260927/gcc/testsuite/g++.dg/gomp/gomp.exp ...
Running /build/gcc17/src/gcc-17-20260927/gcc/testsuite/g++.dg/graphite/graphite.exp ...
Running /build/gcc17/src/gcc-17-20260927/gcc/testsuite/g++.dg/guality/guality.exp ...
Running /build/gcc17/src/gcc-17-20260927/gcc/testsuite/g++.dg/hwasan/hwasan.exp ...
Running /build/gcc17/src/gcc-17-20260927/gcc/testsuite/g++.dg/lto/lto.exp ...
Running /build/gcc17/src/gcc-17-20260927/gcc/testsuite/g++.dg/modules/modules.exp ...
Running /build/gcc17/src/gcc-17-20260927/gcc/testsuite/g++.dg/pch/pch.exp ...
Running /build/gcc17/src/gcc-17-20260927/gcc/testsuite/g++.dg/plugin/plugin.exp ...
Running /build/gcc17/src/gcc-17-20260927/gcc/testsuite/g++.dg/sarif-output/sarif-output.exp ...
Running /build/gcc17/src/gcc-17-20260927/gcc/testsuite/g++.dg/simulate-thread/simulate-thread.exp ...
Running /build/gcc17/src/gcc-17-20260927/gcc/testsuite/g++.dg/special/ecos.exp ...
Running /build/gcc17/src/gcc-17-20260927/gcc/testsuite/g++.dg/tls/tls.exp ...
Running /build/gcc17/src/gcc-17-20260927/gcc/testsuite/g++.dg/tm/tm.exp ...
Running /build/gcc17/src/gcc-17-20260927/gcc/testsuite/g++.dg/torture/dg-torture.exp ...
Running /build/gcc17/src/gcc-17-20260927/gcc/testsuite/g++.dg/torture/stackalign/stackalign.exp ...
Running /build/gcc17/src/gcc-17-20260927/gcc/testsuite/g++.dg/tree-prof/tree-prof.exp ...
Running /build/gcc17/src/gcc-17-20260927/gcc/testsuite/g++.dg/tsan/tsan.exp ...
Running /build/gcc17/src/gcc-17-20260927/gcc/testsuite/g++.dg/ubsan/ubsan.exp ...
Running /build/gcc17/src/gcc-17-20260927/gcc/testsuite/g++.dg/vect/vect.exp ...
Running /build/gcc17/src/gcc-17-20260927/gcc/testsuite/g++.old-deja/old-deja.exp ...
Running /build/gcc17/src/gcc-17-20260927/gcc/testsuite/g++.target/aarch64/aarch64.exp ...
Running /build/gcc17/src/gcc-17-20260927/gcc/testsuite/g++.target/aarch64/acle/acle.exp ...
Running /build/gcc17/src/gcc-17-20260927/gcc/testsuite/g++.target/aarch64/advsimd-intrinsics/advsimd-intrinsics.exp ...
Running /build/gcc17/src/gcc-17-20260927/gcc/testsuite/g++.target/aarch64/sme/aarch64-sme-acle-asm.exp ...
Running /build/gcc17/src/gcc-17-20260927/gcc/testsuite/g++.target/aarch64/sme/aarch64-sme.exp ...
Running /build/gcc17/src/gcc-17-20260927/gcc/testsuite/g++.target/aarch64/sme2/aarch64-sme2-acle-asm.exp ...
Running /build/gcc17/src/gcc-17-20260927/gcc/testsuite/g++.target/aarch64/sve/aarch64-ssve.exp ...
Running /build/gcc17/src/gcc-17-20260927/gcc/testsuite/g++.target/aarch64/sve/aarch64-sve.exp ...
Running /build/gcc17/src/gcc-17-20260927/gcc/testsuite/g++.target/aarch64/sve/acle/aarch64-sve-acle-asm.exp ...
Running /build/gcc17/src/gcc-17-20260927/gcc/testsuite/g++.target/aarch64/sve/acle/aarch64-sve-acle.exp ...
Running /build/gcc17/src/gcc-17-20260927/gcc/testsuite/g++.target/aarch64/sve2/acle/aarch64-sve2-acle-asm.exp ...
Running /build/gcc17/src/gcc-17-20260927/gcc/testsuite/g++.target/alpha/alpha.exp ...
Running /build/gcc17/src/gcc-17-20260927/gcc/testsuite/g++.target/arm/arm.exp ...
Running /build/gcc17/src/gcc-17-20260927/gcc/testsuite/g++.target/arm/mve.exp ...
Running /build/gcc17/src/gcc-17-20260927/gcc/testsuite/g++.target/gcn/gcn.exp ...
Running /build/gcc17/src/gcc-17-20260927/gcc/testsuite/g++.target/i386/i386.exp ...
Running /build/gcc17/src/gcc-17-20260927/gcc/testsuite/g++.target/loongarch/loongarch.exp ...
Running /build/gcc17/src/gcc-17-20260927/gcc/testsuite/g++.target/m68k/m68k.exp ...
Running /build/gcc17/src/gcc-17-20260927/gcc/testsuite/g++.target/mips/mips.exp ...
Running /build/gcc17/src/gcc-17-20260927/gcc/testsuite/g++.target/msp430/msp430.exp ...
Running /build/gcc17/src/gcc-17-20260927/gcc/testsuite/g++.target/nvptx/nvptx.exp ...
Running /build/gcc17/src/gcc-17-20260927/gcc/testsuite/g++.target/powerpc/powerpc.exp ...
Running /build/gcc17/src/gcc-17-20260927/gcc/testsuite/g++.target/pru/pru.exp ...
Running /build/gcc17/src/gcc-17-20260927/gcc/testsuite/g++.target/riscv/riscv.exp ...
Running /build/gcc17/src/gcc-17-20260927/gcc/testsuite/g++.target/riscv/rvv/rvv.exp ...
Running /build/gcc17/src/gcc-17-20260927/gcc/testsuite/g++.target/s390/s390.exp ...
Running /build/gcc17/src/gcc-17-20260927/gcc/testsuite/g++.target/sh/sh.exp ...
Running /build/gcc17/src/gcc-17-20260927/gcc/testsuite/g++.target/sh/torture/sh-torture.exp ...
Running /build/gcc17/src/gcc-17-20260927/gcc/testsuite/g++.target/xtensa/xtensa.exp ...

		=== g++ Summary ===

# of expected passes		49552
# of expected failures		604
# of unsupported tests		311
Couldn't determine version of /build/gcc17/src/gcc-build/gcc/xg++

make[3]: Leaving directory '/build/gcc17/src/gcc-build/gcc'
WARNING: Couldn't find the global config file.
Using /build/gcc17/src/gcc-17-20260927/libstdc++-v3/testsuite/lib/libstdc++.exp as tool init file.
spawn -ignore SIGHUP /build/gcc17/src/gcc-build/gcc/xgcc -B/build/gcc17/src/gcc-build/gcc/ -print-file-name=testsuite/et-static.exp
/build/gcc17/src/gcc-build/gcc/testsuite/et-static.exp
Test run by builduser on Sun Oct  4 12:46:50 2026
Native configuration is x86_64-pc-linux-gnu

		=== libstdc++ tests ===

Schedule of variations:
    unix

Running target unix
Using /usr/share/dejagnu/baseboards/unix.exp as board description file for target.
Using /usr/share/dejagnu/config/unix.exp as generic interface file for target.
Using /build/gcc17/src/gcc-17-20260927/libstdc++-v3/testsuite/config/default.exp as tool-and-target-specific interface file.
Running /build/gcc17/src/gcc-17-20260927/libstdc++-v3/testsuite/libstdc++-abi/abi.exp ...
Running /build/gcc17/src/gcc-17-20260927/libstdc++-v3/testsuite/libstdc++-dg/conformance.exp ...
make[3]: Entering directory '/build/gcc17/src/gcc-build/gcc'
WARNING: Couldn't find the global config file.
Using /build/gcc17/src/gcc-17-20260927/gcc/testsuite/lib/g++.exp as tool init file.
spawn -ignore SIGHUP /build/gcc17/src/gcc-build/gcc/xgcc -B/build/gcc17/src/gcc-build/gcc/ -print-file-name=testsuite/et-static.exp
/build/gcc17/src/gcc-build/gcc/testsuite/et-static.exp
Test run by builduser on Sun Oct  4 12:24:57 2026
Native configuration is x86_64-pc-linux-gnu

		=== g++ tests ===

Schedule of variations:
    unix

Running target unix
Using /usr/share/dejagnu/baseboards/unix.exp as board description file for target.
Using /usr/share/dejagnu/config/unix.exp as generic interface file for target.
Using /build/gcc17/src/gcc-17-20260927/gcc/testsuite/config/default.exp as tool-and-target-specific interface file.
Running /build/gcc17/src/gcc-17-20260927/gcc/testsuite/g++.dg/analyzer/analyzer.exp ...
Running /build/gcc17/src/gcc-17-20260927/gcc/testsuite/g++.dg/analyzer/torture/analyzer-torture.exp ...
Running /build/gcc17/src/gcc-17-20260927/gcc/testsuite/g++.dg/asan/asan.exp ...
Running /build/gcc17/src/gcc-17-20260927/gcc/testsuite/g++.dg/bprob/bprob.exp ...
Running /build/gcc17/src/gcc-17-20260927/gcc/testsuite/g++.dg/charset/charset.exp ...
Running /build/gcc17/src/gcc-17-20260927/gcc/testsuite/g++.dg/compat/compat.exp ...
Running /build/gcc17/src/gcc-17-20260927/gcc/testsuite/g++.dg/compat/struct-layout-1.exp ...
Running /build/gcc17/src/gcc-17-20260927/gcc/testsuite/g++.dg/coroutines/torture/coro-torture.exp ...
Running /build/gcc17/src/gcc-17-20260927/gcc/testsuite/g++.dg/debug/debug.exp ...
Running /build/gcc17/src/gcc-17-20260927/gcc/testsuite/g++.dg/debug/dwarf2/dwarf2.exp ...
Running /build/gcc17/src/gcc-17-20260927/gcc/testsuite/g++.dg/dfp/dfp.exp ...
Running /build/gcc17/src/gcc-17-20260927/gcc/testsuite/g++.dg/dg.exp ...
Running /build/gcc17/src/gcc-17-20260927/gcc/testsuite/g++.dg/gcov/gcov.exp ...
Running /build/gcc17/src/gcc-17-20260927/gcc/testsuite/g++.dg/goacc-gomp/goacc-gomp.exp ...
Running /build/gcc17/src/gcc-17-20260927/gcc/testsuite/g++.dg/goacc/goacc.exp ...
Running /build/gcc17/src/gcc-17-20260927/gcc/testsuite/g++.dg/gomp/gomp.exp ...
Running /build/gcc17/src/gcc-17-20260927/gcc/testsuite/g++.dg/graphite/graphite.exp ...
Running /build/gcc17/src/gcc-17-20260927/gcc/testsuite/g++.dg/guality/guality.exp ...
Running /build/gcc17/src/gcc-17-20260927/gcc/testsuite/g++.dg/hwasan/hwasan.exp ...
Running /build/gcc17/src/gcc-17-20260927/gcc/testsuite/g++.dg/lto/lto.exp ...
Running /build/gcc17/src/gcc-17-20260927/gcc/testsuite/g++.dg/modules/modules.exp ...
Running /build/gcc17/src/gcc-17-20260927/gcc/testsuite/g++.dg/pch/pch.exp ...
Running /build/gcc17/src/gcc-17-20260927/gcc/testsuite/g++.dg/plugin/plugin.exp ...
Running /build/gcc17/src/gcc-17-20260927/gcc/testsuite/g++.dg/sarif-output/sarif-output.exp ...
Running /build/gcc17/src/gcc-17-20260927/gcc/testsuite/g++.dg/simulate-thread/simulate-thread.exp ...
Running /build/gcc17/src/gcc-17-20260927/gcc/testsuite/g++.dg/special/ecos.exp ...
Running /build/gcc17/src/gcc-17-20260927/gcc/testsuite/g++.dg/tls/tls.exp ...
Running /build/gcc17/src/gcc-17-20260927/gcc/testsuite/g++.dg/tm/tm.exp ...
Running /build/gcc17/src/gcc-17-20260927/gcc/testsuite/g++.dg/torture/dg-torture.exp ...
Running /build/gcc17/src/gcc-17-20260927/gcc/testsuite/g++.dg/torture/stackalign/stackalign.exp ...
Running /build/gcc17/src/gcc-17-20260927/gcc/testsuite/g++.dg/tree-prof/tree-prof.exp ...
Running /build/gcc17/src/gcc-17-20260927/gcc/testsuite/g++.dg/tsan/tsan.exp ...
Running /build/gcc17/src/gcc-17-20260927/gcc/testsuite/g++.dg/ubsan/ubsan.exp ...
Running /build/gcc17/src/gcc-17-20260927/gcc/testsuite/g++.dg/vect/vect.exp ...
Running /build/gcc17/src/gcc-17-20260927/gcc/testsuite/g++.old-deja/old-deja.exp ...
Running /build/gcc17/src/gcc-17-20260927/gcc/testsuite/g++.target/aarch64/aarch64.exp ...
Running /build/gcc17/src/gcc-17-20260927/gcc/testsuite/g++.target/aarch64/acle/acle.exp ...
Running /build/gcc17/src/gcc-17-20260927/gcc/testsuite/g++.target/aarch64/advsimd-intrinsics/advsimd-intrinsics.exp ...
Running /build/gcc17/src/gcc-17-20260927/gcc/testsuite/g++.target/aarch64/sme/aarch64-sme-acle-asm.exp ...
Running /build/gcc17/src/gcc-17-20260927/gcc/testsuite/g++.target/aarch64/sme/aarch64-sme.exp ...
Running /build/gcc17/src/gcc-17-20260927/gcc/testsuite/g++.target/aarch64/sme2/aarch64-sme2-acle-asm.exp ...
Running /build/gcc17/src/gcc-17-20260927/gcc/testsuite/g++.target/aarch64/sve/aarch64-ssve.exp ...
Running /build/gcc17/src/gcc-17-20260927/gcc/testsuite/g++.target/aarch64/sve/aarch64-sve.exp ...
Running /build/gcc17/src/gcc-17-20260927/gcc/testsuite/g++.target/aarch64/sve/acle/aarch64-sve-acle-asm.exp ...
Running /build/gcc17/src/gcc-17-20260927/gcc/testsuite/g++.target/aarch64/sve/acle/aarch64-sve-acle.exp ...
Running /build/gcc17/src/gcc-17-20260927/gcc/testsuite/g++.target/aarch64/sve2/acle/aarch64-sve2-acle-asm.exp ...
Running /build/gcc17/src/gcc-17-20260927/gcc/testsuite/g++.target/alpha/alpha.exp ...
Running /build/gcc17/src/gcc-17-20260927/gcc/testsuite/g++.target/arm/arm.exp ...
Running /build/gcc17/src/gcc-17-20260927/gcc/testsuite/g++.target/arm/mve.exp ...
Running /build/gcc17/src/gcc-17-20260927/gcc/testsuite/g++.target/gcn/gcn.exp ...
Running /build/gcc17/src/gcc-17-20260927/gcc/testsuite/g++.target/i386/i386.exp ...
Running /build/gcc17/src/gcc-17-20260927/gcc/testsuite/g++.target/loongarch/loongarch.exp ...
Running /build/gcc17/src/gcc-17-20260927/gcc/testsuite/g++.target/m68k/m68k.exp ...
Running /build/gcc17/src/gcc-17-20260927/gcc/testsuite/g++.target/mips/mips.exp ...
Running /build/gcc17/src/gcc-17-20260927/gcc/testsuite/g++.target/msp430/msp430.exp ...
Running /build/gcc17/src/gcc-17-20260927/gcc/testsuite/g++.target/nvptx/nvptx.exp ...
Running /build/gcc17/src/gcc-17-20260927/gcc/testsuite/g++.target/powerpc/powerpc.exp ...
Running /build/gcc17/src/gcc-17-20260927/gcc/testsuite/g++.target/pru/pru.exp ...
Running /build/gcc17/src/gcc-17-20260927/gcc/testsuite/g++.target/riscv/riscv.exp ...
Running /build/gcc17/src/gcc-17-20260927/gcc/testsuite/g++.target/riscv/rvv/rvv.exp ...
Running /build/gcc17/src/gcc-17-20260927/gcc/testsuite/g++.target/s390/s390.exp ...
Running /build/gcc17/src/gcc-17-20260927/gcc/testsuite/g++.target/sh/sh.exp ...
Running /build/gcc17/src/gcc-17-20260927/gcc/testsuite/g++.target/sh/torture/sh-torture.exp ...
Running /build/gcc17/src/gcc-17-20260927/gcc/testsuite/g++.target/xtensa/xtensa.exp ...

		=== g++ Summary ===

# of expected passes		43448
# of expected failures		455
# of unsupported tests		250
Couldn't determine version of /build/gcc17/src/gcc-build/gcc/xg++

make[3]: Leaving directory '/build/gcc17/src/gcc-build/gcc'
make[3]: Entering directory '/build/gcc17/src/gcc-build/gcc'
WARNING: Couldn't find the global config file.
Using /build/gcc17/src/gcc-17-20260927/gcc/testsuite/lib/g++.exp as tool init file.
spawn -ignore SIGHUP /build/gcc17/src/gcc-build/gcc/xgcc -B/build/gcc17/src/gcc-build/gcc/ -print-file-name=testsuite/et-static.exp
/build/gcc17/src/gcc-build/gcc/testsuite/et-static.exp
Test run by builduser on Sun Oct  4 12:24:55 2026
Native configuration is x86_64-pc-linux-gnu

		=== g++ tests ===

Schedule of variations:
    unix

Running target unix
Using /usr/share/dejagnu/baseboards/unix.exp as board description file for target.
Using /usr/share/dejagnu/config/unix.exp as generic interface file for target.
Using /build/gcc17/src/gcc-17-20260927/gcc/testsuite/config/default.exp as tool-and-target-specific interface file.
Running /build/gcc17/src/gcc-17-20260927/gcc/testsuite/g++.dg/analyzer/analyzer.exp ...
Running /build/gcc17/src/gcc-17-20260927/gcc/testsuite/g++.dg/analyzer/torture/analyzer-torture.exp ...
Running /build/gcc17/src/gcc-17-20260927/gcc/testsuite/g++.dg/asan/asan.exp ...
Running /build/gcc17/src/gcc-17-20260927/gcc/testsuite/g++.dg/bprob/bprob.exp ...
Running /build/gcc17/src/gcc-17-20260927/gcc/testsuite/g++.dg/charset/charset.exp ...
Running /build/gcc17/src/gcc-17-20260927/gcc/testsuite/g++.dg/compat/compat.exp ...
Running /build/gcc17/src/gcc-17-20260927/gcc/testsuite/g++.dg/compat/struct-layout-1.exp ...
Running /build/gcc17/src/gcc-17-20260927/gcc/testsuite/g++.dg/coroutines/torture/coro-torture.exp ...
Running /build/gcc17/src/gcc-17-20260927/gcc/testsuite/g++.dg/debug/debug.exp ...
Running /build/gcc17/src/gcc-17-20260927/gcc/testsuite/g++.dg/debug/dwarf2/dwarf2.exp ...
Running /build/gcc17/src/gcc-17-20260927/gcc/testsuite/g++.dg/dfp/dfp.exp ...
Running /build/gcc17/src/gcc-17-20260927/gcc/testsuite/g++.dg/dg.exp ...
Running /build/gcc17/src/gcc-17-20260927/gcc/testsuite/g++.dg/gcov/gcov.exp ...
Running /build/gcc17/src/gcc-17-20260927/gcc/testsuite/g++.dg/goacc-gomp/goacc-gomp.exp ...
Running /build/gcc17/src/gcc-17-20260927/gcc/testsuite/g++.dg/goacc/goacc.exp ...
Running /build/gcc17/src/gcc-17-20260927/gcc/testsuite/g++.dg/gomp/gomp.exp ...
Running /build/gcc17/src/gcc-17-20260927/gcc/testsuite/g++.dg/graphite/graphite.exp ...
Running /build/gcc17/src/gcc-17-20260927/gcc/testsuite/g++.dg/guality/guality.exp ...
Running /build/gcc17/src/gcc-17-20260927/gcc/testsuite/g++.dg/hwasan/hwasan.exp ...
Running /build/gcc17/src/gcc-17-20260927/gcc/testsuite/g++.dg/lto/lto.exp ...
Running /build/gcc17/src/gcc-17-20260927/gcc/testsuite/g++.dg/modules/modules.exp ...
Running /build/gcc17/src/gcc-17-20260927/gcc/testsuite/g++.dg/pch/pch.exp ...
Running /build/gcc17/src/gcc-17-20260927/gcc/testsuite/g++.dg/plugin/plugin.exp ...
Running /build/gcc17/src/gcc-17-20260927/gcc/testsuite/g++.dg/sarif-output/sarif-output.exp ...
Running /build/gcc17/src/gcc-17-20260927/gcc/testsuite/g++.dg/simulate-thread/simulate-thread.exp ...
Running /build/gcc17/src/gcc-17-20260927/gcc/testsuite/g++.dg/special/ecos.exp ...
Running /build/gcc17/src/gcc-17-20260927/gcc/testsuite/g++.dg/tls/tls.exp ...
Running /build/gcc17/src/gcc-17-20260927/gcc/testsuite/g++.dg/tm/tm.exp ...
Running /build/gcc17/src/gcc-17-20260927/gcc/testsuite/g++.dg/torture/dg-torture.exp ...
Running /build/gcc17/src/gcc-17-20260927/gcc/testsuite/g++.dg/torture/stackalign/stackalign.exp ...
Running /build/gcc17/src/gcc-17-20260927/gcc/testsuite/g++.dg/tree-prof/tree-prof.exp ...
Running /build/gcc17/src/gcc-17-20260927/gcc/testsuite/g++.dg/tsan/tsan.exp ...
Running /build/gcc17/src/gcc-17-20260927/gcc/testsuite/g++.dg/ubsan/ubsan.exp ...
Running /build/gcc17/src/gcc-17-20260927/gcc/testsuite/g++.dg/vect/vect.exp ...
Running /build/gcc17/src/gcc-17-20260927/gcc/testsuite/g++.old-deja/old-deja.exp ...
Running /build/gcc17/src/gcc-17-20260927/gcc/testsuite/g++.target/aarch64/aarch64.exp ...
Running /build/gcc17/src/gcc-17-20260927/gcc/testsuite/g++.target/aarch64/acle/acle.exp ...
Running /build/gcc17/src/gcc-17-20260927/gcc/testsuite/g++.target/aarch64/advsimd-intrinsics/advsimd-intrinsics.exp ...
Running /build/gcc17/src/gcc-17-20260927/gcc/testsuite/g++.target/aarch64/sme/aarch64-sme-acle-asm.exp ...
Running /build/gcc17/src/gcc-17-20260927/gcc/testsuite/g++.target/aarch64/sme/aarch64-sme.exp ...
Running /build/gcc17/src/gcc-17-20260927/gcc/testsuite/g++.target/aarch64/sme2/aarch64-sme2-acle-asm.exp ...
Running /build/gcc17/src/gcc-17-20260927/gcc/testsuite/g++.target/aarch64/sve/aarch64-ssve.exp ...
Running /build/gcc17/src/gcc-17-20260927/gcc/testsuite/g++.target/aarch64/sve/aarch64-sve.exp ...
Running /build/gcc17/src/gcc-17-20260927/gcc/testsuite/g++.target/aarch64/sve/acle/aarch64-sve-acle-asm.exp ...
Running /build/gcc17/src/gcc-17-20260927/gcc/testsuite/g++.target/aarch64/sve/acle/aarch64-sve-acle.exp ...
Running /build/gcc17/src/gcc-17-20260927/gcc/testsuite/g++.target/aarch64/sve2/acle/aarch64-sve2-acle-asm.exp ...
Running /build/gcc17/src/gcc-17-20260927/gcc/testsuite/g++.target/alpha/alpha.exp ...
Running /build/gcc17/src/gcc-17-20260927/gcc/testsuite/g++.target/arm/arm.exp ...
Running /build/gcc17/src/gcc-17-20260927/gcc/testsuite/g++.target/arm/mve.exp ...
Running /build/gcc17/src/gcc-17-20260927/gcc/testsuite/g++.target/gcn/gcn.exp ...
Running /build/gcc17/src/gcc-17-20260927/gcc/testsuite/g++.target/i386/i386.exp ...
Running /build/gcc17/src/gcc-17-20260927/gcc/testsuite/g++.target/loongarch/loongarch.exp ...
Running /build/gcc17/src/gcc-17-20260927/gcc/testsuite/g++.target/m68k/m68k.exp ...
Running /build/gcc17/src/gcc-17-20260927/gcc/testsuite/g++.target/mips/mips.exp ...
Running /build/gcc17/src/gcc-17-20260927/gcc/testsuite/g++.target/msp430/msp430.exp ...
Running /build/gcc17/src/gcc-17-20260927/gcc/testsuite/g++.target/nvptx/nvptx.exp ...
Running /build/gcc17/src/gcc-17-20260927/gcc/testsuite/g++.target/powerpc/powerpc.exp ...
Running /build/gcc17/src/gcc-17-20260927/gcc/testsuite/g++.target/pru/pru.exp ...
Running /build/gcc17/src/gcc-17-20260927/gcc/testsuite/g++.target/riscv/riscv.exp ...
Running /build/gcc17/src/gcc-17-20260927/gcc/testsuite/g++.target/riscv/rvv/rvv.exp ...
Running /build/gcc17/src/gcc-17-20260927/gcc/testsuite/g++.target/s390/s390.exp ...
Running /build/gcc17/src/gcc-17-20260927/gcc/testsuite/g++.target/sh/sh.exp ...
Running /build/gcc17/src/gcc-17-20260927/gcc/testsuite/g++.target/sh/torture/sh-torture.exp ...
Running /build/gcc17/src/gcc-17-20260927/gcc/testsuite/g++.target/xtensa/xtensa.exp ...

		=== g++ Summary ===

# of expected passes		43125
# of expected failures		315
# of unsupported tests		292
Couldn't determine version of /build/gcc17/src/gcc-build/gcc/xg++

make[3]: Leaving directory '/build/gcc17/src/gcc-build/gcc'
WARNING: Couldn't find the global config file.
Using /build/gcc17/src/gcc-17-20260927/libstdc++-v3/testsuite/lib/libstdc++.exp as tool init file.
spawn -ignore SIGHUP /build/gcc17/src/gcc-build/gcc/xgcc -B/build/gcc17/src/gcc-build/gcc/ -print-file-name=testsuite/et-static.exp
/build/gcc17/src/gcc-build/gcc/testsuite/et-static.exp
Test run by builduser on Sun Oct  4 12:46:52 2026
Native configuration is x86_64-pc-linux-gnu

		=== libstdc++ tests ===

Schedule of variations:
    unix

Running target unix
Using /usr/share/dejagnu/baseboards/unix.exp as board description file for target.
Using /usr/share/dejagnu/config/unix.exp as generic interface file for target.
Using /build/gcc17/src/gcc-17-20260927/libstdc++-v3/testsuite/config/default.exp as tool-and-target-specific interface file.
Running /build/gcc17/src/gcc-17-20260927/libstdc++-v3/testsuite/libstdc++-abi/abi.exp ...
Running /build/gcc17/src/gcc-17-20260927/libstdc++-v3/testsuite/libstdc++-dg/conformance.exp ...
make[3]: Entering directory '/build/gcc17/src/gcc-build/gcc'
WARNING: Couldn't find the global config file.
Using /build/gcc17/src/gcc-17-20260927/gcc/testsuite/lib/g++.exp as tool init file.
spawn -ignore SIGHUP /build/gcc17/src/gcc-build/gcc/xgcc -B/build/gcc17/src/gcc-build/gcc/ -print-file-name=testsuite/et-static.exp
/build/gcc17/src/gcc-build/gcc/testsuite/et-static.exp
Test run by builduser on Sun Oct  4 12:24:56 2026
Native configuration is x86_64-pc-linux-gnu

		=== g++ tests ===

Schedule of variations:
    unix

Running target unix
Using /usr/share/dejagnu/baseboards/unix.exp as board description file for target.
Using /usr/share/dejagnu/config/unix.exp as generic interface file for target.
Using /build/gcc17/src/gcc-17-20260927/gcc/testsuite/config/default.exp as tool-and-target-specific interface file.
Running /build/gcc17/src/gcc-17-20260927/gcc/testsuite/g++.dg/analyzer/analyzer.exp ...
Running /build/gcc17/src/gcc-17-20260927/gcc/testsuite/g++.dg/analyzer/torture/analyzer-torture.exp ...
Running /build/gcc17/src/gcc-17-20260927/gcc/testsuite/g++.dg/asan/asan.exp ...
Running /build/gcc17/src/gcc-17-20260927/gcc/testsuite/g++.dg/bprob/bprob.exp ...
Running /build/gcc17/src/gcc-17-20260927/gcc/testsuite/g++.dg/charset/charset.exp ...
Running /build/gcc17/src/gcc-17-20260927/gcc/testsuite/g++.dg/compat/compat.exp ...
Running /build/gcc17/src/gcc-17-20260927/gcc/testsuite/g++.dg/compat/struct-layout-1.exp ...
Running /build/gcc17/src/gcc-17-20260927/gcc/testsuite/g++.dg/coroutines/torture/coro-torture.exp ...
Running /build/gcc17/src/gcc-17-20260927/gcc/testsuite/g++.dg/debug/debug.exp ...
Running /build/gcc17/src/gcc-17-20260927/gcc/testsuite/g++.dg/debug/dwarf2/dwarf2.exp ...
Running /build/gcc17/src/gcc-17-20260927/gcc/testsuite/g++.dg/dfp/dfp.exp ...
Running /build/gcc17/src/gcc-17-20260927/gcc/testsuite/g++.dg/dg.exp ...
Running /build/gcc17/src/gcc-17-20260927/gcc/testsuite/g++.dg/gcov/gcov.exp ...
Running /build/gcc17/src/gcc-17-20260927/gcc/testsuite/g++.dg/goacc-gomp/goacc-gomp.exp ...
Running /build/gcc17/src/gcc-17-20260927/gcc/testsuite/g++.dg/goacc/goacc.exp ...
Running /build/gcc17/src/gcc-17-20260927/gcc/testsuite/g++.dg/gomp/gomp.exp ...
Running /build/gcc17/src/gcc-17-20260927/gcc/testsuite/g++.dg/graphite/graphite.exp ...
Running /build/gcc17/src/gcc-17-20260927/gcc/testsuite/g++.dg/guality/guality.exp ...
FAIL: g++.dg/guality/pr86687.C   -O1  line 16 dir_hint.p == 3
FAIL: g++.dg/guality/pr86687.C   -O2  line 16 dir_hint.p == 3
FAIL: g++.dg/guality/pr86687.C   -O3 -g  line 16 dir_hint.p == 3
FAIL: g++.dg/guality/pr86687.C   -Os  line 16 dir_hint.p == 3
FAIL: g++.dg/guality/pr86687.C  -Og  line 16 dir_hint.p == 3
FAIL: g++.dg/guality/pr86687.C   -O2 -flto -fno-use-linker-plugin -flto-partition=none  line 16 dir_hint.p == 3
FAIL: g++.dg/guality/pr86687.C   -O2 -flto -fuse-linker-plugin -fno-fat-lto-objects  line 16 dir_hint.p == 3
Running /build/gcc17/src/gcc-17-20260927/gcc/testsuite/g++.dg/hwasan/hwasan.exp ...
Running /build/gcc17/src/gcc-17-20260927/gcc/testsuite/g++.dg/lto/lto.exp ...
Running /build/gcc17/src/gcc-17-20260927/gcc/testsuite/g++.dg/modules/modules.exp ...
Running /build/gcc17/src/gcc-17-20260927/gcc/testsuite/g++.dg/pch/pch.exp ...
Running /build/gcc17/src/gcc-17-20260927/gcc/testsuite/g++.dg/plugin/plugin.exp ...
Running /build/gcc17/src/gcc-17-20260927/gcc/testsuite/g++.dg/sarif-output/sarif-output.exp ...
Running /build/gcc17/src/gcc-17-20260927/gcc/testsuite/g++.dg/simulate-thread/simulate-thread.exp ...
Running /build/gcc17/src/gcc-17-20260927/gcc/testsuite/g++.dg/special/ecos.exp ...
Running /build/gcc17/src/gcc-17-20260927/gcc/testsuite/g++.dg/tls/tls.exp ...
Running /build/gcc17/src/gcc-17-20260927/gcc/testsuite/g++.dg/tm/tm.exp ...
Running /build/gcc17/src/gcc-17-20260927/gcc/testsuite/g++.dg/torture/dg-torture.exp ...
Running /build/gcc17/src/gcc-17-20260927/gcc/testsuite/g++.dg/torture/stackalign/stackalign.exp ...
Running /build/gcc17/src/gcc-17-20260927/gcc/testsuite/g++.dg/tree-prof/tree-prof.exp ...
Running /build/gcc17/src/gcc-17-20260927/gcc/testsuite/g++.dg/tsan/tsan.exp ...
Running /build/gcc17/src/gcc-17-20260927/gcc/testsuite/g++.dg/ubsan/ubsan.exp ...
Running /build/gcc17/src/gcc-17-20260927/gcc/testsuite/g++.dg/vect/vect.exp ...
Running /build/gcc17/src/gcc-17-20260927/gcc/testsuite/g++.old-deja/old-deja.exp ...
Running /build/gcc17/src/gcc-17-20260927/gcc/testsuite/g++.target/aarch64/aarch64.exp ...
Running /build/gcc17/src/gcc-17-20260927/gcc/testsuite/g++.target/aarch64/acle/acle.exp ...
Running /build/gcc17/src/gcc-17-20260927/gcc/testsuite/g++.target/aarch64/advsimd-intrinsics/advsimd-intrinsics.exp ...
Running /build/gcc17/src/gcc-17-20260927/gcc/testsuite/g++.target/aarch64/sme/aarch64-sme-acle-asm.exp ...
Running /build/gcc17/src/gcc-17-20260927/gcc/testsuite/g++.target/aarch64/sme/aarch64-sme.exp ...
Running /build/gcc17/src/gcc-17-20260927/gcc/testsuite/g++.target/aarch64/sme2/aarch64-sme2-acle-asm.exp ...
Running /build/gcc17/src/gcc-17-20260927/gcc/testsuite/g++.target/aarch64/sve/aarch64-ssve.exp ...
Running /build/gcc17/src/gcc-17-20260927/gcc/testsuite/g++.target/aarch64/sve/aarch64-sve.exp ...
Running /build/gcc17/src/gcc-17-20260927/gcc/testsuite/g++.target/aarch64/sve/acle/aarch64-sve-acle-asm.exp ...
Running /build/gcc17/src/gcc-17-20260927/gcc/testsuite/g++.target/aarch64/sve/acle/aarch64-sve-acle.exp ...
Running /build/gcc17/src/gcc-17-20260927/gcc/testsuite/g++.target/aarch64/sve2/acle/aarch64-sve2-acle-asm.exp ...
Running /build/gcc17/src/gcc-17-20260927/gcc/testsuite/g++.target/alpha/alpha.exp ...
Running /build/gcc17/src/gcc-17-20260927/gcc/testsuite/g++.target/arm/arm.exp ...
Running /build/gcc17/src/gcc-17-20260927/gcc/testsuite/g++.target/arm/mve.exp ...
Running /build/gcc17/src/gcc-17-20260927/gcc/testsuite/g++.target/gcn/gcn.exp ...
Running /build/gcc17/src/gcc-17-20260927/gcc/testsuite/g++.target/i386/i386.exp ...
Running /build/gcc17/src/gcc-17-20260927/gcc/testsuite/g++.target/loongarch/loongarch.exp ...
Running /build/gcc17/src/gcc-17-20260927/gcc/testsuite/g++.target/m68k/m68k.exp ...
Running /build/gcc17/src/gcc-17-20260927/gcc/testsuite/g++.target/mips/mips.exp ...
Running /build/gcc17/src/gcc-17-20260927/gcc/testsuite/g++.target/msp430/msp430.exp ...
Running /build/gcc17/src/gcc-17-20260927/gcc/testsuite/g++.target/nvptx/nvptx.exp ...
Running /build/gcc17/src/gcc-17-20260927/gcc/testsuite/g++.target/powerpc/powerpc.exp ...
Running /build/gcc17/src/gcc-17-20260927/gcc/testsuite/g++.target/pru/pru.exp ...
Running /build/gcc17/src/gcc-17-20260927/gcc/testsuite/g++.target/riscv/riscv.exp ...
Running /build/gcc17/src/gcc-17-20260927/gcc/testsuite/g++.target/riscv/rvv/rvv.exp ...
Running /build/gcc17/src/gcc-17-20260927/gcc/testsuite/g++.target/s390/s390.exp ...
Running /build/gcc17/src/gcc-17-20260927/gcc/testsuite/g++.target/sh/sh.exp ...
Running /build/gcc17/src/gcc-17-20260927/gcc/testsuite/g++.target/sh/torture/sh-torture.exp ...
Running /build/gcc17/src/gcc-17-20260927/gcc/testsuite/g++.target/xtensa/xtensa.exp ...

		=== g++ Summary ===

# of expected passes		47994
# of unexpected failures	7
# of expected failures		414
# of unsupported tests		319
Couldn't determine version of /build/gcc17/src/gcc-build/gcc/xg++

make[3]: Leaving directory '/build/gcc17/src/gcc-build/gcc'
WARNING: Couldn't find the global config file.
Using /build/gcc17/src/gcc-17-20260927/libstdc++-v3/testsuite/lib/libstdc++.exp as tool init file.
spawn -ignore SIGHUP /build/gcc17/src/gcc-build/gcc/xgcc -B/build/gcc17/src/gcc-build/gcc/ -print-file-name=testsuite/et-static.exp
/build/gcc17/src/gcc-build/gcc/testsuite/et-static.exp
Test run by builduser on Sun Oct  4 12:46:52 2026
Native configuration is x86_64-pc-linux-gnu

		=== libstdc++ tests ===

Schedule of variations:
    unix

Running target unix
Using /usr/share/dejagnu/baseboards/unix.exp as board description file for target.
Using /usr/share/dejagnu/config/unix.exp as generic interface file for target.
Using /build/gcc17/src/gcc-17-20260927/libstdc++-v3/testsuite/config/default.exp as tool-and-target-specific interface file.
Running /build/gcc17/src/gcc-17-20260927/libstdc++-v3/testsuite/libstdc++-abi/abi.exp ...
Running /build/gcc17/src/gcc-17-20260927/libstdc++-v3/testsuite/libstdc++-dg/conformance.exp ...
make[3]: Entering directory '/build/gcc17/src/gcc-build/gcc'
WARNING: Couldn't find the global config file.
Using /build/gcc17/src/gcc-17-20260927/gcc/testsuite/lib/gcc.exp as tool init file.
spawn -ignore SIGHUP /build/gcc17/src/gcc-build/gcc/xgcc -B/build/gcc17/src/gcc-build/gcc/ -print-file-name=testsuite/et-static.exp
/build/gcc17/src/gcc-build/gcc/testsuite/et-static.exp
Test run by builduser on Sun Oct  4 12:23:35 2026
Native configuration is x86_64-pc-linux-gnu

		=== gcc tests ===

Schedule of variations:
    unix

Running target unix
Using /usr/share/dejagnu/baseboards/unix.exp as board description file for target.
Using /usr/share/dejagnu/config/unix.exp as generic interface file for target.
Using /build/gcc17/src/gcc-17-20260927/gcc/testsuite/config/default.exp as tool-and-target-specific interface file.
Running /build/gcc17/src/gcc-17-20260927/gcc/testsuite/gcc.c-torture/compile/compile.exp ...
Running /build/gcc17/src/gcc-17-20260927/gcc/testsuite/gcc.c-torture/execute/builtins/builtins.exp ...
Running /build/gcc17/src/gcc-17-20260927/gcc/testsuite/gcc.c-torture/execute/execute.exp ...
Running /build/gcc17/src/gcc-17-20260927/gcc/testsuite/gcc.c-torture/execute/ieee/ieee.exp ...
Running /build/gcc17/src/gcc-17-20260927/gcc/testsuite/gcc.c-torture/unsorted/unsorted.exp ...
Running /build/gcc17/src/gcc-17-20260927/gcc/testsuite/gcc.dg/analyzer/analyzer.exp ...
Running /build/gcc17/src/gcc-17-20260927/gcc/testsuite/gcc.dg/analyzer/torture/analyzer-torture.exp ...
Running /build/gcc17/src/gcc-17-20260927/gcc/testsuite/gcc.dg/asan/asan.exp ...
Running /build/gcc17/src/gcc-17-20260927/gcc/testsuite/gcc.dg/atomic/atomic.exp ...
Running /build/gcc17/src/gcc-17-20260927/gcc/testsuite/gcc.dg/autopar/autopar.exp ...
Running /build/gcc17/src/gcc-17-20260927/gcc/testsuite/gcc.dg/charset/charset.exp ...
Running /build/gcc17/src/gcc-17-20260927/gcc/testsuite/gcc.dg/compat/compat.exp ...
Running /build/gcc17/src/gcc-17-20260927/gcc/testsuite/gcc.dg/compat/struct-layout-1.exp ...
Running /build/gcc17/src/gcc-17-20260927/gcc/testsuite/gcc.dg/cpp/cpp.exp ...
Running /build/gcc17/src/gcc-17-20260927/gcc/testsuite/gcc.dg/cpp/trad/trad.exp ...
Running /build/gcc17/src/gcc-17-20260927/gcc/testsuite/gcc.dg/debug/btf/btf.exp ...
Running /build/gcc17/src/gcc-17-20260927/gcc/testsuite/gcc.dg/debug/codeview/codeview.exp ...
Running /build/gcc17/src/gcc-17-20260927/gcc/testsuite/gcc.dg/debug/ctf/ctf.exp ...
Running /build/gcc17/src/gcc-17-20260927/gcc/testsuite/gcc.dg/debug/debug.exp ...
Running /build/gcc17/src/gcc-17-20260927/gcc/testsuite/gcc.dg/debug/dwarf2/dwarf2.exp ...
Running /build/gcc17/src/gcc-17-20260927/gcc/testsuite/gcc.dg/dfp/dfp.exp ...
Running /build/gcc17/src/gcc-17-20260927/gcc/testsuite/gcc.dg/dg.exp ...
Running /build/gcc17/src/gcc-17-20260927/gcc/testsuite/gcc.dg/fixed-point/fixed-point.exp ...
Running /build/gcc17/src/gcc-17-20260927/gcc/testsuite/gcc.dg/format/format.exp ...
Running /build/gcc17/src/gcc-17-20260927/gcc/testsuite/gcc.dg/goacc-gomp/goacc-gomp.exp ...
Running /build/gcc17/src/gcc-17-20260927/gcc/testsuite/gcc.dg/goacc/goacc.exp ...
Running /build/gcc17/src/gcc-17-20260927/gcc/testsuite/gcc.dg/gomp/gomp.exp ...
Running /build/gcc17/src/gcc-17-20260927/gcc/testsuite/gcc.dg/graphite/graphite.exp ...
Running /build/gcc17/src/gcc-17-20260927/gcc/testsuite/gcc.dg/guality/guality.exp ...
XPASS: gcc.dg/guality/pr41353-1.c   -O1  -DPREVENT_OPTIMIZATION  line 28 j == 28 + 37
XPASS: gcc.dg/guality/pr41353-1.c   -O2  -DPREVENT_OPTIMIZATION  line 28 j == 28 + 37
XPASS: gcc.dg/guality/pr41353-1.c   -O3 -g  -DPREVENT_OPTIMIZATION  line 28 j == 28 + 37
XPASS: gcc.dg/guality/pr41353-1.c   -Os  -DPREVENT_OPTIMIZATION  line 28 j == 28 + 37
XPASS: gcc.dg/guality/pr41353-1.c  -Og -DPREVENT_OPTIMIZATION  line 28 j == 28 + 37
XPASS: gcc.dg/guality/pr41353-1.c   -O2 -flto -fno-use-linker-plugin -flto-partition=none  -DPREVENT_OPTIMIZATION line 28 j == 28 + 37
XPASS: gcc.dg/guality/pr41353-1.c   -O2 -flto -fuse-linker-plugin -fno-fat-lto-objects  -DPREVENT_OPTIMIZATION line 28 j == 28 + 37
Running /build/gcc17/src/gcc-17-20260927/gcc/testsuite/gcc.dg/html-output/html-output.exp ...
Running /build/gcc17/src/gcc-17-20260927/gcc/testsuite/gcc.dg/hwasan/hwasan.exp ...
Running /build/gcc17/src/gcc-17-20260927/gcc/testsuite/gcc.dg/ipa/ipa.exp ...
Running /build/gcc17/src/gcc-17-20260927/gcc/testsuite/gcc.dg/lto/lto.exp ...
Running /build/gcc17/src/gcc-17-20260927/gcc/testsuite/gcc.dg/noncompile/noncompile.exp ...
Running /build/gcc17/src/gcc-17-20260927/gcc/testsuite/gcc.dg/params/params.exp ...
Running /build/gcc17/src/gcc-17-20260927/gcc/testsuite/gcc.dg/pch/pch.exp ...
Running /build/gcc17/src/gcc-17-20260927/gcc/testsuite/gcc.dg/plugin/plugin.exp ...
Running /build/gcc17/src/gcc-17-20260927/gcc/testsuite/gcc.dg/rtl/rtl.exp ...
Running /build/gcc17/src/gcc-17-20260927/gcc/testsuite/gcc.dg/sancov/sancov.exp ...
Running /build/gcc17/src/gcc-17-20260927/gcc/testsuite/gcc.dg/sarif-output/sarif-output.exp ...
Running /build/gcc17/src/gcc-17-20260927/gcc/testsuite/gcc.dg/simulate-thread/simulate-thread.exp ...
Running /build/gcc17/src/gcc-17-20260927/gcc/testsuite/gcc.dg/special/mips-abi.exp ...
Running /build/gcc17/src/gcc-17-20260927/gcc/testsuite/gcc.dg/special/special.exp ...
Running /build/gcc17/src/gcc-17-20260927/gcc/testsuite/gcc.dg/sso/sso.exp ...
Running /build/gcc17/src/gcc-17-20260927/gcc/testsuite/gcc.dg/tls/tls.exp ...
Running /build/gcc17/src/gcc-17-20260927/gcc/testsuite/gcc.dg/tm/tm.exp ...
Running /build/gcc17/src/gcc-17-20260927/gcc/testsuite/gcc.dg/torture/dg-torture.exp ...
Running /build/gcc17/src/gcc-17-20260927/gcc/testsuite/gcc.dg/torture/stackalign/stackalign.exp ...
Running /build/gcc17/src/gcc-17-20260927/gcc/testsuite/gcc.dg/torture/tls/tls.exp ...
Running /build/gcc17/src/gcc-17-20260927/gcc/testsuite/gcc.dg/tree-prof/tree-prof.exp ...
Running /build/gcc17/src/gcc-17-20260927/gcc/testsuite/gcc.dg/tree-ssa/tree-ssa.exp ...
Running /build/gcc17/src/gcc-17-20260927/gcc/testsuite/gcc.dg/tsan/tsan.exp ...
Running /build/gcc17/src/gcc-17-20260927/gcc/testsuite/gcc.dg/ubsan/ubsan.exp ...
Running /build/gcc17/src/gcc-17-20260927/gcc/testsuite/gcc.dg/vect/complex/complex.exp ...
Running /build/gcc17/src/gcc-17-20260927/gcc/testsuite/gcc.dg/vect/costmodel/i386/i386-costmodel-vect.exp ...
Running /build/gcc17/src/gcc-17-20260927/gcc/testsuite/gcc.dg/vect/costmodel/ppc/ppc-costmodel-vect.exp ...
Running /build/gcc17/src/gcc-17-20260927/gcc/testsuite/gcc.dg/vect/costmodel/riscv/rvv/rvv-costmodel-vect.exp ...
Running /build/gcc17/src/gcc-17-20260927/gcc/testsuite/gcc.dg/vect/costmodel/x86_64/x86_64-costmodel-vect.exp ...
Running /build/gcc17/src/gcc-17-20260927/gcc/testsuite/gcc.dg/vect/vect.exp ...
Running /build/gcc17/src/gcc-17-20260927/gcc/testsuite/gcc.dg/vmx/vmx.exp ...
Running /build/gcc17/src/gcc-17-20260927/gcc/testsuite/gcc.dg/vxworks/vxworks.exp ...
Running /build/gcc17/src/gcc-17-20260927/gcc/testsuite/gcc.dg/weak/weak.exp ...
Running /build/gcc17/src/gcc-17-20260927/gcc/testsuite/gcc.dg-selftests/dg-final.exp ...
Running /build/gcc17/src/gcc-17-20260927/gcc/testsuite/gcc.misc-tests/acker1.exp ...
Running /build/gcc17/src/gcc-17-20260927/gcc/testsuite/gcc.misc-tests/arm-isr.exp ...
Running /build/gcc17/src/gcc-17-20260927/gcc/testsuite/gcc.misc-tests/bprob.exp ...
Running /build/gcc17/src/gcc-17-20260927/gcc/testsuite/gcc.misc-tests/dectest.exp ...
Running /build/gcc17/src/gcc-17-20260927/gcc/testsuite/gcc.misc-tests/dhry.exp ...
Running /build/gcc17/src/gcc-17-20260927/gcc/testsuite/gcc.misc-tests/gcov.exp ...
Running /build/gcc17/src/gcc-17-20260927/gcc/testsuite/gcc.misc-tests/godump.exp ...
Running /build/gcc17/src/gcc-17-20260927/gcc/testsuite/gcc.misc-tests/help.exp ...
Running /build/gcc17/src/gcc-17-20260927/gcc/testsuite/gcc.misc-tests/i386-prefetch.exp ...
Running /build/gcc17/src/gcc-17-20260927/gcc/testsuite/gcc.misc-tests/linkage.exp ...
Running /build/gcc17/src/gcc-17-20260927/gcc/testsuite/gcc.misc-tests/matrix1.exp ...
Running /build/gcc17/src/gcc-17-20260927/gcc/testsuite/gcc.misc-tests/mg-2.exp ...
Running /build/gcc17/src/gcc-17-20260927/gcc/testsuite/gcc.misc-tests/mg.exp ...
Running /build/gcc17/src/gcc-17-20260927/gcc/testsuite/gcc.misc-tests/options.exp ...
Running /build/gcc17/src/gcc-17-20260927/gcc/testsuite/gcc.misc-tests/output.exp ...
Running /build/gcc17/src/gcc-17-20260927/gcc/testsuite/gcc.misc-tests/outputs.exp ...
Running /build/gcc17/src/gcc-17-20260927/gcc/testsuite/gcc.misc-tests/pr111527.exp ...
Running /build/gcc17/src/gcc-17-20260927/gcc/testsuite/gcc.misc-tests/sieve.exp ...
Running /build/gcc17/src/gcc-17-20260927/gcc/testsuite/gcc.misc-tests/sort2.exp ...
Running /build/gcc17/src/gcc-17-20260927/gcc/testsuite/gcc.src/maintainers.exp ...
Running /build/gcc17/src/gcc-17-20260927/gcc/testsuite/gcc.target/aarch64/aapcs64/aapcs64.exp ...
Running /build/gcc17/src/gcc-17-20260927/gcc/testsuite/gcc.target/aarch64/aarch64-json-tunings/aarch64-json-tunings.exp ...
Running /build/gcc17/src/gcc-17-20260927/gcc/testsuite/gcc.target/aarch64/aarch64.exp ...
Running /build/gcc17/src/gcc-17-20260927/gcc/testsuite/gcc.target/aarch64/acle/acle.exp ...
Running /build/gcc17/src/gcc-17-20260927/gcc/testsuite/gcc.target/aarch64/advsimd-intrinsics/advsimd-intrinsics.exp ...
Running /build/gcc17/src/gcc-17-20260927/gcc/testsuite/gcc.target/aarch64/build-attributes/aarch64-build-attributes.exp ...
Running /build/gcc17/src/gcc-17-20260927/gcc/testsuite/gcc.target/aarch64/cpunative/aarch64-cpunative.exp ...
Running /build/gcc17/src/gcc-17-20260927/gcc/testsuite/gcc.target/aarch64/fp16/fp16.exp ...
Running /build/gcc17/src/gcc-17-20260927/gcc/testsuite/gcc.target/aarch64/lto/lto.exp ...
Running /build/gcc17/src/gcc-17-20260927/gcc/testsuite/gcc.target/aarch64/memtag/memtag.exp ...
Running /build/gcc17/src/gcc-17-20260927/gcc/testsuite/gcc.target/aarch64/mingw/mingw.exp ...
Running /build/gcc17/src/gcc-17-20260927/gcc/testsuite/gcc.target/aarch64/neon/aarch64-neon.exp ...
Running /build/gcc17/src/gcc-17-20260927/gcc/testsuite/gcc.target/aarch64/pch/aarch64-pch.exp ...
Running /build/gcc17/src/gcc-17-20260927/gcc/testsuite/gcc.target/aarch64/simd/simd.exp ...
Running /build/gcc17/src/gcc-17-20260927/gcc/testsuite/gcc.target/aarch64/sls-mitigation/sls-mitigation.exp ...
Running /build/gcc17/src/gcc-17-20260927/gcc/testsuite/gcc.target/aarch64/sme/aarch64-sme-acle-asm.exp ...
Running /build/gcc17/src/gcc-17-20260927/gcc/testsuite/gcc.target/aarch64/sme/aarch64-sme.exp ...
Running /build/gcc17/src/gcc-17-20260927/gcc/testsuite/gcc.target/aarch64/sme2/aarch64-sme2-acle-asm.exp ...
Running /build/gcc17/src/gcc-17-20260927/gcc/testsuite/gcc.target/aarch64/sve/aarch64-sve.exp ...
Running /build/gcc17/src/gcc-17-20260927/gcc/testsuite/gcc.target/aarch64/sve/acle/aarch64-sve-acle-asm.exp ...
Running /build/gcc17/src/gcc-17-20260927/gcc/testsuite/gcc.target/aarch64/sve/acle/aarch64-sve-acle.exp ...
Running /build/gcc17/src/gcc-17-20260927/gcc/testsuite/gcc.target/aarch64/sve/gomp/gomp.exp ...
Running /build/gcc17/src/gcc-17-20260927/gcc/testsuite/gcc.target/aarch64/sve/pcs/aarch64-sve-pcs.exp ...
Running /build/gcc17/src/gcc-17-20260927/gcc/testsuite/gcc.target/aarch64/sve2/aarch64-sve2.exp ...
Running /build/gcc17/src/gcc-17-20260927/gcc/testsuite/gcc.target/aarch64/sve2/acle/aarch64-sve2-acle-asm.exp ...
Running /build/gcc17/src/gcc-17-20260927/gcc/testsuite/gcc.target/aarch64/sve2/acle/aarch64-sve2-acle.exp ...
Running /build/gcc17/src/gcc-17-20260927/gcc/testsuite/gcc.target/aarch64/torture/aarch64-torture.exp ...
Running /build/gcc17/src/gcc-17-20260927/gcc/testsuite/gcc.target/alpha/alpha.exp ...
Running /build/gcc17/src/gcc-17-20260927/gcc/testsuite/gcc.target/arc/arc.exp ...
Running /build/gcc17/src/gcc-17-20260927/gcc/testsuite/gcc.target/arm/aapcs/aapcs.exp ...
Running /build/gcc17/src/gcc-17-20260927/gcc/testsuite/gcc.target/arm/acle/acle.exp ...
Running /build/gcc17/src/gcc-17-20260927/gcc/testsuite/gcc.target/arm/arm.exp ...
Running /build/gcc17/src/gcc-17-20260927/gcc/testsuite/gcc.target/arm/cmse/cmse.exp ...
Running /build/gcc17/src/gcc-17-20260927/gcc/testsuite/gcc.target/arm/lto/lto.exp ...
Running /build/gcc17/src/gcc-17-20260927/gcc/testsuite/gcc.target/arm/multilib.exp ...
Running /build/gcc17/src/gcc-17-20260927/gcc/testsuite/gcc.target/arm/mve/mve.exp ...
Running /build/gcc17/src/gcc-17-20260927/gcc/testsuite/gcc.target/arm/pure-code/pure-code.exp ...
Running /build/gcc17/src/gcc-17-20260927/gcc/testsuite/gcc.target/arm/simd/simd.exp ...
Running /build/gcc17/src/gcc-17-20260927/gcc/testsuite/gcc.target/avr/avr.exp ...
Running /build/gcc17/src/gcc-17-20260927/gcc/testsuite/gcc.target/avr/mmcu/avr-mmcu.exp ...
Running /build/gcc17/src/gcc-17-20260927/gcc/testsuite/gcc.target/avr/torture/avr-torture.exp ...
Running /build/gcc17/src/gcc-17-20260927/gcc/testsuite/gcc.target/bfin/bfin.exp ...
Running /build/gcc17/src/gcc-17-20260927/gcc/testsuite/gcc.target/bfin/builtins/bfin-builtins.exp ...
Running /build/gcc17/src/gcc-17-20260927/gcc/testsuite/gcc.target/bpf/bpf.exp ...
Running /build/gcc17/src/gcc-17-20260927/gcc/testsuite/gcc.target/bpf/torture/bpf-torture.exp ...
Running /build/gcc17/src/gcc-17-20260927/gcc/testsuite/gcc.target/cris/cris.exp ...
Running /build/gcc17/src/gcc-17-20260927/gcc/testsuite/gcc.target/cris/torture/cris-torture.exp ...
Running /build/gcc17/src/gcc-17-20260927/gcc/testsuite/gcc.target/csky/csky.exp ...
Running /build/gcc17/src/gcc-17-20260927/gcc/testsuite/gcc.target/csky/fpuv3/fpuv3.exp ...
Running /build/gcc17/src/gcc-17-20260927/gcc/testsuite/gcc.target/epiphany/epiphany.exp ...
Running /build/gcc17/src/gcc-17-20260927/gcc/testsuite/gcc.target/frv/frv.exp ...
Running /build/gcc17/src/gcc-17-20260927/gcc/testsuite/gcc.target/gcn/gcn.exp ...
Running /build/gcc17/src/gcc-17-20260927/gcc/testsuite/gcc.target/h8300/h8300.exp ...
Running /build/gcc17/src/gcc-17-20260927/gcc/testsuite/gcc.target/hppa/hppa.exp ...
Running /build/gcc17/src/gcc-17-20260927/gcc/testsuite/gcc.target/i386/i386.exp ...
Running /build/gcc17/src/gcc-17-20260927/gcc/testsuite/gcc.target/i386/iamcu/abi-iamcu.exp ...
Running /build/gcc17/src/gcc-17-20260927/gcc/testsuite/gcc.target/i386/math-torture/math-torture.exp ...
Running /build/gcc17/src/gcc-17-20260927/gcc/testsuite/gcc.target/i386/stackalign/stackalign.exp ...
Running /build/gcc17/src/gcc-17-20260927/gcc/testsuite/gcc.target/ia64/ia64.exp ...
Running /build/gcc17/src/gcc-17-20260927/gcc/testsuite/gcc.target/loongarch/la32/la32.exp ...
Running /build/gcc17/src/gcc-17-20260927/gcc/testsuite/gcc.target/loongarch/la64/la64.exp ...
Running /build/gcc17/src/gcc-17-20260927/gcc/testsuite/gcc.target/loongarch/loongarch.exp ...
Running /build/gcc17/src/gcc-17-20260927/gcc/testsuite/gcc.target/loongarch/vector/loongarch-vector.exp ...
Running /build/gcc17/src/gcc-17-20260927/gcc/testsuite/gcc.target/m68k/m68k.exp ...
Running /build/gcc17/src/gcc-17-20260927/gcc/testsuite/gcc.target/microblaze/microblaze.exp ...
Running /build/gcc17/src/gcc-17-20260927/gcc/testsuite/gcc.target/mips/inter/mips16-inter.exp ...
Running /build/gcc17/src/gcc-17-20260927/gcc/testsuite/gcc.target/mips/mips-nonpic/mips-nonpic.exp ...
Running /build/gcc17/src/gcc-17-20260927/gcc/testsuite/gcc.target/mips/mips.exp ...
Running /build/gcc17/src/gcc-17-20260927/gcc/testsuite/gcc.target/msp430/msp430.exp ...
Running /build/gcc17/src/gcc-17-20260927/gcc/testsuite/gcc.target/nds32/nds32.exp ...
Running /build/gcc17/src/gcc-17-20260927/gcc/testsuite/gcc.target/nvptx/nvptx.exp ...
Running /build/gcc17/src/gcc-17-20260927/gcc/testsuite/gcc.target/or1k/or1k.exp ...
Running /build/gcc17/src/gcc-17-20260927/gcc/testsuite/gcc.target/pdp11/pdp11.exp ...
Running /build/gcc17/src/gcc-17-20260927/gcc/testsuite/gcc.target/powerpc/bfp/bfp.exp ...
Running /build/gcc17/src/gcc-17-20260927/gcc/testsuite/gcc.target/powerpc/dfp/dfp.exp ...
Running /build/gcc17/src/gcc-17-20260927/gcc/testsuite/gcc.target/powerpc/powerpc.exp ...
Running /build/gcc17/src/gcc-17-20260927/gcc/testsuite/gcc.target/powerpc/ppc-fortran/ppc-fortran.exp ...
Running /build/gcc17/src/gcc-17-20260927/gcc/testsuite/gcc.target/powerpc/vsu/vsu.exp ...
Running /build/gcc17/src/gcc-17-20260927/gcc/testsuite/gcc.target/pru/pru.exp ...
Running /build/gcc17/src/gcc-17-20260927/gcc/testsuite/gcc.target/riscv/amo/amo.exp ...
Running /build/gcc17/src/gcc-17-20260927/gcc/testsuite/gcc.target/riscv/cpunative/riscv-cpunative.exp ...
Running /build/gcc17/src/gcc-17-20260927/gcc/testsuite/gcc.target/riscv/lto/riscv-lto.exp ...
Running /build/gcc17/src/gcc-17-20260927/gcc/testsuite/gcc.target/riscv/multilib.exp ...
Running /build/gcc17/src/gcc-17-20260927/gcc/testsuite/gcc.target/riscv/riscv.exp ...
Running /build/gcc17/src/gcc-17-20260927/gcc/testsuite/gcc.target/riscv/rvv/rvv.exp ...
Running /build/gcc17/src/gcc-17-20260927/gcc/testsuite/gcc.target/riscv/rvv/vls-cc/riscv-vls-cc.exp ...
Running /build/gcc17/src/gcc-17-20260927/gcc/testsuite/gcc.target/rl78/rl78.exp ...
Running /build/gcc17/src/gcc-17-20260927/gcc/testsuite/gcc.target/rx/rx.exp ...
Running /build/gcc17/src/gcc-17-20260927/gcc/testsuite/gcc.target/s390/s390.exp ...
Running /build/gcc17/src/gcc-17-20260927/gcc/testsuite/gcc.target/sh/sh.exp ...
Running /build/gcc17/src/gcc-17-20260927/gcc/testsuite/gcc.target/sh/torture/sh-torture.exp ...
Running /build/gcc17/src/gcc-17-20260927/gcc/testsuite/gcc.target/sparc/sparc.exp ...
Running /build/gcc17/src/gcc-17-20260927/gcc/testsuite/gcc.target/tic6x/builtins/c6x-builtins.exp ...
Running /build/gcc17/src/gcc-17-20260927/gcc/testsuite/gcc.target/tic6x/tic6x.exp ...
Running /build/gcc17/src/gcc-17-20260927/gcc/testsuite/gcc.target/v850/v850.exp ...
Running /build/gcc17/src/gcc-17-20260927/gcc/testsuite/gcc.target/vax/vax.exp ...
Running /build/gcc17/src/gcc-17-20260927/gcc/testsuite/gcc.target/visium/visium.exp ...
Running /build/gcc17/src/gcc-17-20260927/gcc/testsuite/gcc.target/x86_64/abi/abi-x86_64.exp ...
Running /build/gcc17/src/gcc-17-20260927/gcc/testsuite/gcc.target/x86_64/abi/avx/abi-avx.exp ...
Running /build/gcc17/src/gcc-17-20260927/gcc/testsuite/gcc.target/x86_64/abi/avx512f/abi-avx512f.exp ...
Running /build/gcc17/src/gcc-17-20260927/gcc/testsuite/gcc.target/x86_64/abi/avx512fp16/abi-avx512fp16-xmm.exp ...
Running /build/gcc17/src/gcc-17-20260927/gcc/testsuite/gcc.target/x86_64/abi/avx512fp16/m256h/abi-avx512fp16-ymm.exp ...
Running /build/gcc17/src/gcc-17-20260927/gcc/testsuite/gcc.target/x86_64/abi/avx512fp16/m512h/abi-avx512fp16-zmm.exp ...
Running /build/gcc17/src/gcc-17-20260927/gcc/testsuite/gcc.target/x86_64/abi/bf16/abi-bf16.exp ...
Running /build/gcc17/src/gcc-17-20260927/gcc/testsuite/gcc.target/x86_64/abi/bf16/m256bf16/abi-bf16-ymm.exp ...
Running /build/gcc17/src/gcc-17-20260927/gcc/testsuite/gcc.target/x86_64/abi/bf16/m512bf16/abi-bf16-zmm.exp ...
Running /build/gcc17/src/gcc-17-20260927/gcc/testsuite/gcc.target/x86_64/abi/callabi/callabi.exp ...
Running /build/gcc17/src/gcc-17-20260927/gcc/testsuite/gcc.target/x86_64/abi/ms-sysv/ms-sysv.exp ...
Running /build/gcc17/src/gcc-17-20260927/gcc/testsuite/gcc.target/xstormy16/xstormy16.exp ...
Running /build/gcc17/src/gcc-17-20260927/gcc/testsuite/gcc.target/xtensa/xtensa.exp ...
Running /build/gcc17/src/gcc-17-20260927/gcc/testsuite/gcc.test-framework/test-framework.exp ...
skipping test framework tests, CHECK_TEST_FRAMEWORK is not defined

		=== gcc Summary ===

# of expected passes		32184
# of unexpected successes	7
# of expected failures		202
# of unsupported tests		533
Couldn't determine version of /build/gcc17/src/gcc-build/gcc/xgcc: Using built-in specs.
COLLECT_GCC=/build/gcc17/src/gcc-build/gcc/xgcc
Target: x86_64-pc-linux-gnu
Configured with: ../gcc-17-20260927/configure --enable-languages=c,c++ --enable-bootstrap --prefix=/usr --libdir=/usr/lib --libexecdir=/usr/lib --mandir=/usr/share/man --infodir=/usr/share/info --with-bugurl=https://aur.archlinux.org/packages/gcc17 --with-linker-hash-style=gnu --with-system-zlib --enable-__cxa_atexit --enable-cet=auto --enable-checking=release --enable-clocale=gnu --enable-default-pie --enable-default-ssp --enable-gnu-indirect-function --enable-gnu-unique-object --enable-libstdcxx-backtrace --enable-link-serialization=1 --enable-linker-build-id --enable-lto --with-build-config=bootstrap-lto-lean --disable-multilib --enable-plugin --enable-shared --enable-threads=posix --disable-libssp --disable-libstdcxx-pch --disable-werror --program-suffix=-17 --enable-version-specific-runtime-libs --with-specs='%{!static:-Wl,-rpath,/usr/lib/gcc/x86_64-pc-linux-gnu/17.0.0}'
Thread model: posix
Supported LTO compression algorithms: zlib zstd
gcc version 17.0.0 20260927 (experimental) (GCC) 
[01m[Kxgcc:[m[K [01;31m[Kfatal error: [m[K'[01m[K]8;;https://gcc.gnu.org/onlinedocs/gcc/Optimize-Options.html#index-fuse-linker-plugin-fuse-linker-plugin]8;;[m[K', but liblto_plugin.so not found
compilation terminated.


make[3]: Leaving directory '/build/gcc17/src/gcc-build/gcc'
WARNING: Couldn't find the global config file.
Using /build/gcc17/src/gcc-17-20260927/libstdc++-v3/testsuite/lib/libstdc++.exp as tool init file.
spawn -ignore SIGHUP /build/gcc17/src/gcc-build/gcc/xgcc -B/build/gcc17/src/gcc-build/gcc/ -print-file-name=testsuite/et-static.exp
/build/gcc17/src/gcc-build/gcc/testsuite/et-static.exp
Test run by builduser on Sun Oct  4 12:46:56 2026
Native configuration is x86_64-pc-linux-gnu

		=== libstdc++ tests ===

Schedule of variations:
    unix

Running target unix
Using /usr/share/dejagnu/baseboards/unix.exp as board description file for target.
Using /usr/share/dejagnu/config/unix.exp as generic interface file for target.
Using /build/gcc17/src/gcc-17-20260927/libstdc++-v3/testsuite/config/default.exp as tool-and-target-specific interface file.
Running /build/gcc17/src/gcc-17-20260927/libstdc++-v3/testsuite/libstdc++-abi/abi.exp ...
Running /build/gcc17/src/gcc-17-20260927/libstdc++-v3/testsuite/libstdc++-dg/conformance.exp ...
make[3]: Entering directory '/build/gcc17/src/gcc-build/gcc'
WARNING: Couldn't find the global config file.
Using /build/gcc17/src/gcc-17-20260927/gcc/testsuite/lib/g++.exp as tool init file.
spawn -ignore SIGHUP /build/gcc17/src/gcc-build/gcc/xgcc -B/build/gcc17/src/gcc-build/gcc/ -print-file-name=testsuite/et-static.exp
/build/gcc17/src/gcc-build/gcc/testsuite/et-static.exp
Test run by builduser on Sun Oct  4 12:24:59 2026
Native configuration is x86_64-pc-linux-gnu

		=== g++ tests ===

Schedule of variations:
    unix

Running target unix
Using /usr/share/dejagnu/baseboards/unix.exp as board description file for target.
Using /usr/share/dejagnu/config/unix.exp as generic interface file for target.
Using /build/gcc17/src/gcc-17-20260927/gcc/testsuite/config/default.exp as tool-and-target-specific interface file.
Running /build/gcc17/src/gcc-17-20260927/gcc/testsuite/g++.dg/analyzer/analyzer.exp ...
Running /build/gcc17/src/gcc-17-20260927/gcc/testsuite/g++.dg/analyzer/torture/analyzer-torture.exp ...
Running /build/gcc17/src/gcc-17-20260927/gcc/testsuite/g++.dg/asan/asan.exp ...
Running /build/gcc17/src/gcc-17-20260927/gcc/testsuite/g++.dg/bprob/bprob.exp ...
Running /build/gcc17/src/gcc-17-20260927/gcc/testsuite/g++.dg/charset/charset.exp ...
Running /build/gcc17/src/gcc-17-20260927/gcc/testsuite/g++.dg/compat/compat.exp ...
Running /build/gcc17/src/gcc-17-20260927/gcc/testsuite/g++.dg/compat/struct-layout-1.exp ...
Running /build/gcc17/src/gcc-17-20260927/gcc/testsuite/g++.dg/coroutines/torture/coro-torture.exp ...
Running /build/gcc17/src/gcc-17-20260927/gcc/testsuite/g++.dg/debug/debug.exp ...
Running /build/gcc17/src/gcc-17-20260927/gcc/testsuite/g++.dg/debug/dwarf2/dwarf2.exp ...
Running /build/gcc17/src/gcc-17-20260927/gcc/testsuite/g++.dg/dfp/dfp.exp ...
Running /build/gcc17/src/gcc-17-20260927/gcc/testsuite/g++.dg/dg.exp ...
Running /build/gcc17/src/gcc-17-20260927/gcc/testsuite/g++.dg/gcov/gcov.exp ...
Running /build/gcc17/src/gcc-17-20260927/gcc/testsuite/g++.dg/goacc-gomp/goacc-gomp.exp ...
Running /build/gcc17/src/gcc-17-20260927/gcc/testsuite/g++.dg/goacc/goacc.exp ...
Running /build/gcc17/src/gcc-17-20260927/gcc/testsuite/g++.dg/gomp/gomp.exp ...
Running /build/gcc17/src/gcc-17-20260927/gcc/testsuite/g++.dg/graphite/graphite.exp ...
Running /build/gcc17/src/gcc-17-20260927/gcc/testsuite/g++.dg/guality/guality.exp ...
Running /build/gcc17/src/gcc-17-20260927/gcc/testsuite/g++.dg/hwasan/hwasan.exp ...
Running /build/gcc17/src/gcc-17-20260927/gcc/testsuite/g++.dg/lto/lto.exp ...
Running /build/gcc17/src/gcc-17-20260927/gcc/testsuite/g++.dg/modules/modules.exp ...
Running /build/gcc17/src/gcc-17-20260927/gcc/testsuite/g++.dg/pch/pch.exp ...
Running /build/gcc17/src/gcc-17-20260927/gcc/testsuite/g++.dg/plugin/plugin.exp ...
Running /build/gcc17/src/gcc-17-20260927/gcc/testsuite/g++.dg/sarif-output/sarif-output.exp ...
Running /build/gcc17/src/gcc-17-20260927/gcc/testsuite/g++.dg/simulate-thread/simulate-thread.exp ...
Running /build/gcc17/src/gcc-17-20260927/gcc/testsuite/g++.dg/special/ecos.exp ...
Running /build/gcc17/src/gcc-17-20260927/gcc/testsuite/g++.dg/tls/tls.exp ...
Running /build/gcc17/src/gcc-17-20260927/gcc/testsuite/g++.dg/tm/tm.exp ...
Running /build/gcc17/src/gcc-17-20260927/gcc/testsuite/g++.dg/torture/dg-torture.exp ...
Running /build/gcc17/src/gcc-17-20260927/gcc/testsuite/g++.dg/torture/stackalign/stackalign.exp ...
Running /build/gcc17/src/gcc-17-20260927/gcc/testsuite/g++.dg/tree-prof/tree-prof.exp ...
Running /build/gcc17/src/gcc-17-20260927/gcc/testsuite/g++.dg/tsan/tsan.exp ...
Running /build/gcc17/src/gcc-17-20260927/gcc/testsuite/g++.dg/ubsan/ubsan.exp ...
Running /build/gcc17/src/gcc-17-20260927/gcc/testsuite/g++.dg/vect/vect.exp ...
Running /build/gcc17/src/gcc-17-20260927/gcc/testsuite/g++.old-deja/old-deja.exp ...
Running /build/gcc17/src/gcc-17-20260927/gcc/testsuite/g++.target/aarch64/aarch64.exp ...
Running /build/gcc17/src/gcc-17-20260927/gcc/testsuite/g++.target/aarch64/acle/acle.exp ...
Running /build/gcc17/src/gcc-17-20260927/gcc/testsuite/g++.target/aarch64/advsimd-intrinsics/advsimd-intrinsics.exp ...
Running /build/gcc17/src/gcc-17-20260927/gcc/testsuite/g++.target/aarch64/sme/aarch64-sme-acle-asm.exp ...
Running /build/gcc17/src/gcc-17-20260927/gcc/testsuite/g++.target/aarch64/sme/aarch64-sme.exp ...
Running /build/gcc17/src/gcc-17-20260927/gcc/testsuite/g++.target/aarch64/sme2/aarch64-sme2-acle-asm.exp ...
Running /build/gcc17/src/gcc-17-20260927/gcc/testsuite/g++.target/aarch64/sve/aarch64-ssve.exp ...
Running /build/gcc17/src/gcc-17-20260927/gcc/testsuite/g++.target/aarch64/sve/aarch64-sve.exp ...
Running /build/gcc17/src/gcc-17-20260927/gcc/testsuite/g++.target/aarch64/sve/acle/aarch64-sve-acle-asm.exp ...
Running /build/gcc17/src/gcc-17-20260927/gcc/testsuite/g++.target/aarch64/sve/acle/aarch64-sve-acle.exp ...
Running /build/gcc17/src/gcc-17-20260927/gcc/testsuite/g++.target/aarch64/sve2/acle/aarch64-sve2-acle-asm.exp ...
Running /build/gcc17/src/gcc-17-20260927/gcc/testsuite/g++.target/alpha/alpha.exp ...
Running /build/gcc17/src/gcc-17-20260927/gcc/testsuite/g++.target/arm/arm.exp ...
Running /build/gcc17/src/gcc-17-20260927/gcc/testsuite/g++.target/arm/mve.exp ...
Running /build/gcc17/src/gcc-17-20260927/gcc/testsuite/g++.target/gcn/gcn.exp ...
Running /build/gcc17/src/gcc-17-20260927/gcc/testsuite/g++.target/i386/i386.exp ...
Running /build/gcc17/src/gcc-17-20260927/gcc/testsuite/g++.target/loongarch/loongarch.exp ...
Running /build/gcc17/src/gcc-17-20260927/gcc/testsuite/g++.target/m68k/m68k.exp ...
Running /build/gcc17/src/gcc-17-20260927/gcc/testsuite/g++.target/mips/mips.exp ...
Running /build/gcc17/src/gcc-17-20260927/gcc/testsuite/g++.target/msp430/msp430.exp ...
Running /build/gcc17/src/gcc-17-20260927/gcc/testsuite/g++.target/nvptx/nvptx.exp ...
Running /build/gcc17/src/gcc-17-20260927/gcc/testsuite/g++.target/powerpc/powerpc.exp ...
Running /build/gcc17/src/gcc-17-20260927/gcc/testsuite/g++.target/pru/pru.exp ...
Running /build/gcc17/src/gcc-17-20260927/gcc/testsuite/g++.target/riscv/riscv.exp ...
Running /build/gcc17/src/gcc-17-20260927/gcc/testsuite/g++.target/riscv/rvv/rvv.exp ...
Running /build/gcc17/src/gcc-17-20260927/gcc/testsuite/g++.target/s390/s390.exp ...
Running /build/gcc17/src/gcc-17-20260927/gcc/testsuite/g++.target/sh/sh.exp ...
Running /build/gcc17/src/gcc-17-20260927/gcc/testsuite/g++.target/sh/torture/sh-torture.exp ...
Running /build/gcc17/src/gcc-17-20260927/gcc/testsuite/g++.target/xtensa/xtensa.exp ...

		=== g++ Summary ===

# of expected passes		46573
# of expected failures		452
# of unsupported tests		605
Couldn't determine version of /build/gcc17/src/gcc-build/gcc/xg++

make[3]: Leaving directory '/build/gcc17/src/gcc-build/gcc'
make[3]: Entering directory '/build/gcc17/src/gcc-build/gcc'
WARNING: Couldn't find the global config file.
Using /build/gcc17/src/gcc-17-20260927/gcc/testsuite/lib/gcc.exp as tool init file.
spawn -ignore SIGHUP /build/gcc17/src/gcc-build/gcc/xgcc -B/build/gcc17/src/gcc-build/gcc/ -print-file-name=testsuite/et-static.exp
/build/gcc17/src/gcc-build/gcc/testsuite/et-static.exp
Test run by builduser on Sun Oct  4 12:46:49 2026
Native configuration is x86_64-pc-linux-gnu

		=== gcc tests ===

Schedule of variations:
    unix

Running target unix
Using /usr/share/dejagnu/baseboards/unix.exp as board description file for target.
Using /usr/share/dejagnu/config/unix.exp as generic interface file for target.
Using /build/gcc17/src/gcc-17-20260927/gcc/testsuite/config/default.exp as tool-and-target-specific interface file.
Running /build/gcc17/src/gcc-17-20260927/gcc/testsuite/gcc.c-torture/compile/compile.exp ...
Running /build/gcc17/src/gcc-17-20260927/gcc/testsuite/gcc.c-torture/execute/builtins/builtins.exp ...
Running /build/gcc17/src/gcc-17-20260927/gcc/testsuite/gcc.c-torture/execute/execute.exp ...
Running /build/gcc17/src/gcc-17-20260927/gcc/testsuite/gcc.c-torture/execute/ieee/ieee.exp ...
Running /build/gcc17/src/gcc-17-20260927/gcc/testsuite/gcc.c-torture/unsorted/unsorted.exp ...
Running /build/gcc17/src/gcc-17-20260927/gcc/testsuite/gcc.dg/analyzer/analyzer.exp ...
Running /build/gcc17/src/gcc-17-20260927/gcc/testsuite/gcc.dg/analyzer/torture/analyzer-torture.exp ...
Running /build/gcc17/src/gcc-17-20260927/gcc/testsuite/gcc.dg/asan/asan.exp ...
Running /build/gcc17/src/gcc-17-20260927/gcc/testsuite/gcc.dg/atomic/atomic.exp ...
Running /build/gcc17/src/gcc-17-20260927/gcc/testsuite/gcc.dg/autopar/autopar.exp ...
Running /build/gcc17/src/gcc-17-20260927/gcc/testsuite/gcc.dg/charset/charset.exp ...
Running /build/gcc17/src/gcc-17-20260927/gcc/testsuite/gcc.dg/compat/compat.exp ...
Running /build/gcc17/src/gcc-17-20260927/gcc/testsuite/gcc.dg/compat/struct-layout-1.exp ...
Running /build/gcc17/src/gcc-17-20260927/gcc/testsuite/gcc.dg/cpp/cpp.exp ...
Running /build/gcc17/src/gcc-17-20260927/gcc/testsuite/gcc.dg/cpp/trad/trad.exp ...
Running /build/gcc17/src/gcc-17-20260927/gcc/testsuite/gcc.dg/debug/btf/btf.exp ...
Running /build/gcc17/src/gcc-17-20260927/gcc/testsuite/gcc.dg/debug/codeview/codeview.exp ...
Running /build/gcc17/src/gcc-17-20260927/gcc/testsuite/gcc.dg/debug/ctf/ctf.exp ...
Running /build/gcc17/src/gcc-17-20260927/gcc/testsuite/gcc.dg/debug/debug.exp ...
Running /build/gcc17/src/gcc-17-20260927/gcc/testsuite/gcc.dg/debug/dwarf2/dwarf2.exp ...
Running /build/gcc17/src/gcc-17-20260927/gcc/testsuite/gcc.dg/dfp/dfp.exp ...
Running /build/gcc17/src/gcc-17-20260927/gcc/testsuite/gcc.dg/dg.exp ...
Running /build/gcc17/src/gcc-17-20260927/gcc/testsuite/gcc.dg/fixed-point/fixed-point.exp ...
Running /build/gcc17/src/gcc-17-20260927/gcc/testsuite/gcc.dg/format/format.exp ...
Running /build/gcc17/src/gcc-17-20260927/gcc/testsuite/gcc.dg/goacc-gomp/goacc-gomp.exp ...
Running /build/gcc17/src/gcc-17-20260927/gcc/testsuite/gcc.dg/goacc/goacc.exp ...
Running /build/gcc17/src/gcc-17-20260927/gcc/testsuite/gcc.dg/gomp/gomp.exp ...
Running /build/gcc17/src/gcc-17-20260927/gcc/testsuite/gcc.dg/graphite/graphite.exp ...
Running /build/gcc17/src/gcc-17-20260927/gcc/testsuite/gcc.dg/guality/guality.exp ...
Running /build/gcc17/src/gcc-17-20260927/gcc/testsuite/gcc.dg/html-output/html-output.exp ...
Running /build/gcc17/src/gcc-17-20260927/gcc/testsuite/gcc.dg/hwasan/hwasan.exp ...
Running /build/gcc17/src/gcc-17-20260927/gcc/testsuite/gcc.dg/ipa/ipa.exp ...
Running /build/gcc17/src/gcc-17-20260927/gcc/testsuite/gcc.dg/lto/lto.exp ...
Running /build/gcc17/src/gcc-17-20260927/gcc/testsuite/gcc.dg/noncompile/noncompile.exp ...
Running /build/gcc17/src/gcc-17-20260927/gcc/testsuite/gcc.dg/params/params.exp ...
Running /build/gcc17/src/gcc-17-20260927/gcc/testsuite/gcc.dg/pch/pch.exp ...
Running /build/gcc17/src/gcc-17-20260927/gcc/testsuite/gcc.dg/plugin/plugin.exp ...
Running /build/gcc17/src/gcc-17-20260927/gcc/testsuite/gcc.dg/rtl/rtl.exp ...
Running /build/gcc17/src/gcc-17-20260927/gcc/testsuite/gcc.dg/sancov/sancov.exp ...
Running /build/gcc17/src/gcc-17-20260927/gcc/testsuite/gcc.dg/sarif-output/sarif-output.exp ...
Running /build/gcc17/src/gcc-17-20260927/gcc/testsuite/gcc.dg/simulate-thread/simulate-thread.exp ...
Running /build/gcc17/src/gcc-17-20260927/gcc/testsuite/gcc.dg/special/mips-abi.exp ...
Running /build/gcc17/src/gcc-17-20260927/gcc/testsuite/gcc.dg/special/special.exp ...
Running /build/gcc17/src/gcc-17-20260927/gcc/testsuite/gcc.dg/sso/sso.exp ...
Running /build/gcc17/src/gcc-17-20260927/gcc/testsuite/gcc.dg/tls/tls.exp ...
Running /build/gcc17/src/gcc-17-20260927/gcc/testsuite/gcc.dg/tm/tm.exp ...
Running /build/gcc17/src/gcc-17-20260927/gcc/testsuite/gcc.dg/torture/dg-torture.exp ...
Running /build/gcc17/src/gcc-17-20260927/gcc/testsuite/gcc.dg/torture/stackalign/stackalign.exp ...
Running /build/gcc17/src/gcc-17-20260927/gcc/testsuite/gcc.dg/torture/tls/tls.exp ...
Running /build/gcc17/src/gcc-17-20260927/gcc/testsuite/gcc.dg/tree-prof/tree-prof.exp ...
Running /build/gcc17/src/gcc-17-20260927/gcc/testsuite/gcc.dg/tree-ssa/tree-ssa.exp ...
Running /build/gcc17/src/gcc-17-20260927/gcc/testsuite/gcc.dg/tsan/tsan.exp ...
Running /build/gcc17/src/gcc-17-20260927/gcc/testsuite/gcc.dg/ubsan/ubsan.exp ...
Running /build/gcc17/src/gcc-17-20260927/gcc/testsuite/gcc.dg/vect/complex/complex.exp ...
Running /build/gcc17/src/gcc-17-20260927/gcc/testsuite/gcc.dg/vect/costmodel/i386/i386-costmodel-vect.exp ...
Running /build/gcc17/src/gcc-17-20260927/gcc/testsuite/gcc.dg/vect/costmodel/ppc/ppc-costmodel-vect.exp ...
Running /build/gcc17/src/gcc-17-20260927/gcc/testsuite/gcc.dg/vect/costmodel/riscv/rvv/rvv-costmodel-vect.exp ...
Running /build/gcc17/src/gcc-17-20260927/gcc/testsuite/gcc.dg/vect/costmodel/x86_64/x86_64-costmodel-vect.exp ...
Running /build/gcc17/src/gcc-17-20260927/gcc/testsuite/gcc.dg/vect/vect.exp ...
Running /build/gcc17/src/gcc-17-20260927/gcc/testsuite/gcc.dg/vmx/vmx.exp ...
Running /build/gcc17/src/gcc-17-20260927/gcc/testsuite/gcc.dg/vxworks/vxworks.exp ...
Running /build/gcc17/src/gcc-17-20260927/gcc/testsuite/gcc.dg/weak/weak.exp ...
Running /build/gcc17/src/gcc-17-20260927/gcc/testsuite/gcc.dg-selftests/dg-final.exp ...
Running /build/gcc17/src/gcc-17-20260927/gcc/testsuite/gcc.misc-tests/acker1.exp ...
Running /build/gcc17/src/gcc-17-20260927/gcc/testsuite/gcc.misc-tests/arm-isr.exp ...
Running /build/gcc17/src/gcc-17-20260927/gcc/testsuite/gcc.misc-tests/bprob.exp ...
Running /build/gcc17/src/gcc-17-20260927/gcc/testsuite/gcc.misc-tests/dectest.exp ...
Running /build/gcc17/src/gcc-17-20260927/gcc/testsuite/gcc.misc-tests/dhry.exp ...
Running /build/gcc17/src/gcc-17-20260927/gcc/testsuite/gcc.misc-tests/gcov.exp ...
Running /build/gcc17/src/gcc-17-20260927/gcc/testsuite/gcc.misc-tests/godump.exp ...
Running /build/gcc17/src/gcc-17-20260927/gcc/testsuite/gcc.misc-tests/help.exp ...
Running /build/gcc17/src/gcc-17-20260927/gcc/testsuite/gcc.misc-tests/i386-prefetch.exp ...
Running /build/gcc17/src/gcc-17-20260927/gcc/testsuite/gcc.misc-tests/linkage.exp ...
Running /build/gcc17/src/gcc-17-20260927/gcc/testsuite/gcc.misc-tests/matrix1.exp ...
Running /build/gcc17/src/gcc-17-20260927/gcc/testsuite/gcc.misc-tests/mg-2.exp ...
Running /build/gcc17/src/gcc-17-20260927/gcc/testsuite/gcc.misc-tests/mg.exp ...
Running /build/gcc17/src/gcc-17-20260927/gcc/testsuite/gcc.misc-tests/options.exp ...
Running /build/gcc17/src/gcc-17-20260927/gcc/testsuite/gcc.misc-tests/output.exp ...
Running /build/gcc17/src/gcc-17-20260927/gcc/testsuite/gcc.misc-tests/outputs.exp ...
Running /build/gcc17/src/gcc-17-20260927/gcc/testsuite/gcc.misc-tests/pr111527.exp ...
Running /build/gcc17/src/gcc-17-20260927/gcc/testsuite/gcc.misc-tests/sieve.exp ...
Running /build/gcc17/src/gcc-17-20260927/gcc/testsuite/gcc.misc-tests/sort2.exp ...
Running /build/gcc17/src/gcc-17-20260927/gcc/testsuite/gcc.src/maintainers.exp ...
Running /build/gcc17/src/gcc-17-20260927/gcc/testsuite/gcc.target/aarch64/aapcs64/aapcs64.exp ...
Running /build/gcc17/src/gcc-17-20260927/gcc/testsuite/gcc.target/aarch64/aarch64-json-tunings/aarch64-json-tunings.exp ...
Running /build/gcc17/src/gcc-17-20260927/gcc/testsuite/gcc.target/aarch64/aarch64.exp ...
Running /build/gcc17/src/gcc-17-20260927/gcc/testsuite/gcc.target/aarch64/acle/acle.exp ...
Running /build/gcc17/src/gcc-17-20260927/gcc/testsuite/gcc.target/aarch64/advsimd-intrinsics/advsimd-intrinsics.exp ...
Running /build/gcc17/src/gcc-17-20260927/gcc/testsuite/gcc.target/aarch64/build-attributes/aarch64-build-attributes.exp ...
Running /build/gcc17/src/gcc-17-20260927/gcc/testsuite/gcc.target/aarch64/cpunative/aarch64-cpunative.exp ...
Running /build/gcc17/src/gcc-17-20260927/gcc/testsuite/gcc.target/aarch64/fp16/fp16.exp ...
Running /build/gcc17/src/gcc-17-20260927/gcc/testsuite/gcc.target/aarch64/lto/lto.exp ...
Running /build/gcc17/src/gcc-17-20260927/gcc/testsuite/gcc.target/aarch64/memtag/memtag.exp ...
Running /build/gcc17/src/gcc-17-20260927/gcc/testsuite/gcc.target/aarch64/mingw/mingw.exp ...
Running /build/gcc17/src/gcc-17-20260927/gcc/testsuite/gcc.target/aarch64/neon/aarch64-neon.exp ...
Running /build/gcc17/src/gcc-17-20260927/gcc/testsuite/gcc.target/aarch64/pch/aarch64-pch.exp ...
Running /build/gcc17/src/gcc-17-20260927/gcc/testsuite/gcc.target/aarch64/simd/simd.exp ...
Running /build/gcc17/src/gcc-17-20260927/gcc/testsuite/gcc.target/aarch64/sls-mitigation/sls-mitigation.exp ...
Running /build/gcc17/src/gcc-17-20260927/gcc/testsuite/gcc.target/aarch64/sme/aarch64-sme-acle-asm.exp ...
Running /build/gcc17/src/gcc-17-20260927/gcc/testsuite/gcc.target/aarch64/sme/aarch64-sme.exp ...
Running /build/gcc17/src/gcc-17-20260927/gcc/testsuite/gcc.target/aarch64/sme2/aarch64-sme2-acle-asm.exp ...
Running /build/gcc17/src/gcc-17-20260927/gcc/testsuite/gcc.target/aarch64/sve/aarch64-sve.exp ...
Running /build/gcc17/src/gcc-17-20260927/gcc/testsuite/gcc.target/aarch64/sve/acle/aarch64-sve-acle-asm.exp ...
Running /build/gcc17/src/gcc-17-20260927/gcc/testsuite/gcc.target/aarch64/sve/acle/aarch64-sve-acle.exp ...
Running /build/gcc17/src/gcc-17-20260927/gcc/testsuite/gcc.target/aarch64/sve/gomp/gomp.exp ...
Running /build/gcc17/src/gcc-17-20260927/gcc/testsuite/gcc.target/aarch64/sve/pcs/aarch64-sve-pcs.exp ...
Running /build/gcc17/src/gcc-17-20260927/gcc/testsuite/gcc.target/aarch64/sve2/aarch64-sve2.exp ...
Running /build/gcc17/src/gcc-17-20260927/gcc/testsuite/gcc.target/aarch64/sve2/acle/aarch64-sve2-acle-asm.exp ...
Running /build/gcc17/src/gcc-17-20260927/gcc/testsuite/gcc.target/aarch64/sve2/acle/aarch64-sve2-acle.exp ...
Running /build/gcc17/src/gcc-17-20260927/gcc/testsuite/gcc.target/aarch64/torture/aarch64-torture.exp ...
Running /build/gcc17/src/gcc-17-20260927/gcc/testsuite/gcc.target/alpha/alpha.exp ...
Running /build/gcc17/src/gcc-17-20260927/gcc/testsuite/gcc.target/arc/arc.exp ...
Running /build/gcc17/src/gcc-17-20260927/gcc/testsuite/gcc.target/arm/aapcs/aapcs.exp ...
Running /build/gcc17/src/gcc-17-20260927/gcc/testsuite/gcc.target/arm/acle/acle.exp ...
Running /build/gcc17/src/gcc-17-20260927/gcc/testsuite/gcc.target/arm/arm.exp ...
Running /build/gcc17/src/gcc-17-20260927/gcc/testsuite/gcc.target/arm/cmse/cmse.exp ...
Running /build/gcc17/src/gcc-17-20260927/gcc/testsuite/gcc.target/arm/lto/lto.exp ...
Running /build/gcc17/src/gcc-17-20260927/gcc/testsuite/gcc.target/arm/multilib.exp ...
Running /build/gcc17/src/gcc-17-20260927/gcc/testsuite/gcc.target/arm/mve/mve.exp ...
Running /build/gcc17/src/gcc-17-20260927/gcc/testsuite/gcc.target/arm/pure-code/pure-code.exp ...
Running /build/gcc17/src/gcc-17-20260927/gcc/testsuite/gcc.target/arm/simd/simd.exp ...
Running /build/gcc17/src/gcc-17-20260927/gcc/testsuite/gcc.target/avr/avr.exp ...
Running /build/gcc17/src/gcc-17-20260927/gcc/testsuite/gcc.target/avr/mmcu/avr-mmcu.exp ...
Running /build/gcc17/src/gcc-17-20260927/gcc/testsuite/gcc.target/avr/torture/avr-torture.exp ...
Running /build/gcc17/src/gcc-17-20260927/gcc/testsuite/gcc.target/bfin/bfin.exp ...
Running /build/gcc17/src/gcc-17-20260927/gcc/testsuite/gcc.target/bfin/builtins/bfin-builtins.exp ...
Running /build/gcc17/src/gcc-17-20260927/gcc/testsuite/gcc.target/bpf/bpf.exp ...
Running /build/gcc17/src/gcc-17-20260927/gcc/testsuite/gcc.target/bpf/torture/bpf-torture.exp ...
Running /build/gcc17/src/gcc-17-20260927/gcc/testsuite/gcc.target/cris/cris.exp ...
Running /build/gcc17/src/gcc-17-20260927/gcc/testsuite/gcc.target/cris/torture/cris-torture.exp ...
Running /build/gcc17/src/gcc-17-20260927/gcc/testsuite/gcc.target/csky/csky.exp ...
Running /build/gcc17/src/gcc-17-20260927/gcc/testsuite/gcc.target/csky/fpuv3/fpuv3.exp ...
Running /build/gcc17/src/gcc-17-20260927/gcc/testsuite/gcc.target/epiphany/epiphany.exp ...
Running /build/gcc17/src/gcc-17-20260927/gcc/testsuite/gcc.target/frv/frv.exp ...
Running /build/gcc17/src/gcc-17-20260927/gcc/testsuite/gcc.target/gcn/gcn.exp ...
Running /build/gcc17/src/gcc-17-20260927/gcc/testsuite/gcc.target/h8300/h8300.exp ...
Running /build/gcc17/src/gcc-17-20260927/gcc/testsuite/gcc.target/hppa/hppa.exp ...
Running /build/gcc17/src/gcc-17-20260927/gcc/testsuite/gcc.target/i386/i386.exp ...
Running /build/gcc17/src/gcc-17-20260927/gcc/testsuite/gcc.target/i386/iamcu/abi-iamcu.exp ...
Running /build/gcc17/src/gcc-17-20260927/gcc/testsuite/gcc.target/i386/math-torture/math-torture.exp ...
Running /build/gcc17/src/gcc-17-20260927/gcc/testsuite/gcc.target/i386/stackalign/stackalign.exp ...
Running /build/gcc17/src/gcc-17-20260927/gcc/testsuite/gcc.target/ia64/ia64.exp ...
Running /build/gcc17/src/gcc-17-20260927/gcc/testsuite/gcc.target/loongarch/la32/la32.exp ...
Running /build/gcc17/src/gcc-17-20260927/gcc/testsuite/gcc.target/loongarch/la64/la64.exp ...
Running /build/gcc17/src/gcc-17-20260927/gcc/testsuite/gcc.target/loongarch/loongarch.exp ...
Running /build/gcc17/src/gcc-17-20260927/gcc/testsuite/gcc.target/loongarch/vector/loongarch-vector.exp ...
Running /build/gcc17/src/gcc-17-20260927/gcc/testsuite/gcc.target/m68k/m68k.exp ...
Running /build/gcc17/src/gcc-17-20260927/gcc/testsuite/gcc.target/microblaze/microblaze.exp ...
Running /build/gcc17/src/gcc-17-20260927/gcc/testsuite/gcc.target/mips/inter/mips16-inter.exp ...
Running /build/gcc17/src/gcc-17-20260927/gcc/testsuite/gcc.target/mips/mips-nonpic/mips-nonpic.exp ...
Running /build/gcc17/src/gcc-17-20260927/gcc/testsuite/gcc.target/mips/mips.exp ...
Running /build/gcc17/src/gcc-17-20260927/gcc/testsuite/gcc.target/msp430/msp430.exp ...
Running /build/gcc17/src/gcc-17-20260927/gcc/testsuite/gcc.target/nds32/nds32.exp ...
Running /build/gcc17/src/gcc-17-20260927/gcc/testsuite/gcc.target/nvptx/nvptx.exp ...
Running /build/gcc17/src/gcc-17-20260927/gcc/testsuite/gcc.target/or1k/or1k.exp ...
Running /build/gcc17/src/gcc-17-20260927/gcc/testsuite/gcc.target/pdp11/pdp11.exp ...
Running /build/gcc17/src/gcc-17-20260927/gcc/testsuite/gcc.target/powerpc/bfp/bfp.exp ...
Running /build/gcc17/src/gcc-17-20260927/gcc/testsuite/gcc.target/powerpc/dfp/dfp.exp ...
Running /build/gcc17/src/gcc-17-20260927/gcc/testsuite/gcc.target/powerpc/powerpc.exp ...
Running /build/gcc17/src/gcc-17-20260927/gcc/testsuite/gcc.target/powerpc/ppc-fortran/ppc-fortran.exp ...
Running /build/gcc17/src/gcc-17-20260927/gcc/testsuite/gcc.target/powerpc/vsu/vsu.exp ...
Running /build/gcc17/src/gcc-17-20260927/gcc/testsuite/gcc.target/pru/pru.exp ...
Running /build/gcc17/src/gcc-17-20260927/gcc/testsuite/gcc.target/riscv/amo/amo.exp ...
Running /build/gcc17/src/gcc-17-20260927/gcc/testsuite/gcc.target/riscv/cpunative/riscv-cpunative.exp ...
Running /build/gcc17/src/gcc-17-20260927/gcc/testsuite/gcc.target/riscv/lto/riscv-lto.exp ...
Running /build/gcc17/src/gcc-17-20260927/gcc/testsuite/gcc.target/riscv/multilib.exp ...
Running /build/gcc17/src/gcc-17-20260927/gcc/testsuite/gcc.target/riscv/riscv.exp ...
Running /build/gcc17/src/gcc-17-20260927/gcc/testsuite/gcc.target/riscv/rvv/rvv.exp ...
Running /build/gcc17/src/gcc-17-20260927/gcc/testsuite/gcc.target/riscv/rvv/vls-cc/riscv-vls-cc.exp ...
Running /build/gcc17/src/gcc-17-20260927/gcc/testsuite/gcc.target/rl78/rl78.exp ...
Running /build/gcc17/src/gcc-17-20260927/gcc/testsuite/gcc.target/rx/rx.exp ...
Running /build/gcc17/src/gcc-17-20260927/gcc/testsuite/gcc.target/s390/s390.exp ...
Running /build/gcc17/src/gcc-17-20260927/gcc/testsuite/gcc.target/sh/sh.exp ...
Running /build/gcc17/src/gcc-17-20260927/gcc/testsuite/gcc.target/sh/torture/sh-torture.exp ...
Running /build/gcc17/src/gcc-17-20260927/gcc/testsuite/gcc.target/sparc/sparc.exp ...
Running /build/gcc17/src/gcc-17-20260927/gcc/testsuite/gcc.target/tic6x/builtins/c6x-builtins.exp ...
Running /build/gcc17/src/gcc-17-20260927/gcc/testsuite/gcc.target/tic6x/tic6x.exp ...
Running /build/gcc17/src/gcc-17-20260927/gcc/testsuite/gcc.target/v850/v850.exp ...
Running /build/gcc17/src/gcc-17-20260927/gcc/testsuite/gcc.target/vax/vax.exp ...
Running /build/gcc17/src/gcc-17-20260927/gcc/testsuite/gcc.target/visium/visium.exp ...
Running /build/gcc17/src/gcc-17-20260927/gcc/testsuite/gcc.target/x86_64/abi/abi-x86_64.exp ...
Running /build/gcc17/src/gcc-17-20260927/gcc/testsuite/gcc.target/x86_64/abi/avx/abi-avx.exp ...
Running /build/gcc17/src/gcc-17-20260927/gcc/testsuite/gcc.target/x86_64/abi/avx512f/abi-avx512f.exp ...
Running /build/gcc17/src/gcc-17-20260927/gcc/testsuite/gcc.target/x86_64/abi/avx512fp16/abi-avx512fp16-xmm.exp ...
Running /build/gcc17/src/gcc-17-20260927/gcc/testsuite/gcc.target/x86_64/abi/avx512fp16/m256h/abi-avx512fp16-ymm.exp ...
Running /build/gcc17/src/gcc-17-20260927/gcc/testsuite/gcc.target/x86_64/abi/avx512fp16/m512h/abi-avx512fp16-zmm.exp ...
Running /build/gcc17/src/gcc-17-20260927/gcc/testsuite/gcc.target/x86_64/abi/bf16/abi-bf16.exp ...
Running /build/gcc17/src/gcc-17-20260927/gcc/testsuite/gcc.target/x86_64/abi/bf16/m256bf16/abi-bf16-ymm.exp ...
Running /build/gcc17/src/gcc-17-20260927/gcc/testsuite/gcc.target/x86_64/abi/bf16/m512bf16/abi-bf16-zmm.exp ...
Running /build/gcc17/src/gcc-17-20260927/gcc/testsuite/gcc.target/x86_64/abi/callabi/callabi.exp ...
Running /build/gcc17/src/gcc-17-20260927/gcc/testsuite/gcc.target/x86_64/abi/ms-sysv/ms-sysv.exp ...
Running /build/gcc17/src/gcc-17-20260927/gcc/testsuite/gcc.target/xstormy16/xstormy16.exp ...
Running /build/gcc17/src/gcc-17-20260927/gcc/testsuite/gcc.target/xtensa/xtensa.exp ...
Running /build/gcc17/src/gcc-17-20260927/gcc/testsuite/gcc.test-framework/test-framework.exp ...
skipping test framework tests, CHECK_TEST_FRAMEWORK is not defined

		=== gcc Summary ===

Couldn't determine version of /build/gcc17/src/gcc-build/gcc/xgcc: Using built-in specs.
COLLECT_GCC=/build/gcc17/src/gcc-build/gcc/xgcc
Target: x86_64-pc-linux-gnu
Configured with: ../gcc-17-20260927/configure --enable-languages=c,c++ --enable-bootstrap --prefix=/usr --libdir=/usr/lib --libexecdir=/usr/lib --mandir=/usr/share/man --infodir=/usr/share/info --with-bugurl=https://aur.archlinux.org/packages/gcc17 --with-linker-hash-style=gnu --with-system-zlib --enable-__cxa_atexit --enable-cet=auto --enable-checking=release --enable-clocale=gnu --enable-default-pie --enable-default-ssp --enable-gnu-indirect-function --enable-gnu-unique-object --enable-libstdcxx-backtrace --enable-link-serialization=1 --enable-linker-build-id --enable-lto --with-build-config=bootstrap-lto-lean --disable-multilib --enable-plugin --enable-shared --enable-threads=posix --disable-libssp --disable-libstdcxx-pch --disable-werror --program-suffix=-17 --enable-version-specific-runtime-libs --with-specs='%{!static:-Wl,-rpath,/usr/lib/gcc/x86_64-pc-linux-gnu/17.0.0}'
Thread model: posix
Supported LTO compression algorithms: zlib zstd
gcc version 17.0.0 20260927 (experimental) (GCC) 
[01m[Kxgcc:[m[K [01;31m[Kfatal error: [m[K'[01m[K]8;;https://gcc.gnu.org/onlinedocs/gcc/Optimize-Options.html#index-fuse-linker-plugin-fuse-linker-plugin]8;;[m[K', but liblto_plugin.so not found
compilation terminated.


make[3]: Leaving directory '/build/gcc17/src/gcc-build/gcc'
WARNING: Couldn't find the global config file.
Using /build/gcc17/src/gcc-17-20260927/libstdc++-v3/testsuite/lib/libstdc++.exp as tool init file.
spawn -ignore SIGHUP /build/gcc17/src/gcc-build/gcc/xgcc -B/build/gcc17/src/gcc-build/gcc/ -print-file-name=testsuite/et-static.exp
/build/gcc17/src/gcc-build/gcc/testsuite/et-static.exp
Test run by builduser on Sun Oct  4 12:47:01 2026
Native configuration is x86_64-pc-linux-gnu

		=== libstdc++ tests ===

Schedule of variations:
    unix

Running target unix
Using /usr/share/dejagnu/baseboards/unix.exp as board description file for target.
Using /usr/share/dejagnu/config/unix.exp as generic interface file for target.
Using /build/gcc17/src/gcc-17-20260927/libstdc++-v3/testsuite/config/default.exp as tool-and-target-specific interface file.
Running /build/gcc17/src/gcc-17-20260927/libstdc++-v3/testsuite/libstdc++-abi/abi.exp ...
Running /build/gcc17/src/gcc-17-20260927/libstdc++-v3/testsuite/libstdc++-dg/conformance.exp ...
make[3]: Entering directory '/build/gcc17/src/gcc-build/gcc'
WARNING: Couldn't find the global config file.
Using /build/gcc17/src/gcc-17-20260927/gcc/testsuite/lib/gcc.exp as tool init file.
spawn -ignore SIGHUP /build/gcc17/src/gcc-build/gcc/xgcc -B/build/gcc17/src/gcc-build/gcc/ -print-file-name=testsuite/et-static.exp
/build/gcc17/src/gcc-build/gcc/testsuite/et-static.exp
Test run by builduser on Sun Oct  4 12:46:51 2026
Native configuration is x86_64-pc-linux-gnu

		=== gcc tests ===

Schedule of variations:
    unix

Running target unix
Using /usr/share/dejagnu/baseboards/unix.exp as board description file for target.
Using /usr/share/dejagnu/config/unix.exp as generic interface file for target.
Using /build/gcc17/src/gcc-17-20260927/gcc/testsuite/config/default.exp as tool-and-target-specific interface file.
Running /build/gcc17/src/gcc-17-20260927/gcc/testsuite/gcc.c-torture/compile/compile.exp ...
Running /build/gcc17/src/gcc-17-20260927/gcc/testsuite/gcc.c-torture/execute/builtins/builtins.exp ...
Running /build/gcc17/src/gcc-17-20260927/gcc/testsuite/gcc.c-torture/execute/execute.exp ...
Running /build/gcc17/src/gcc-17-20260927/gcc/testsuite/gcc.c-torture/execute/ieee/ieee.exp ...
Running /build/gcc17/src/gcc-17-20260927/gcc/testsuite/gcc.c-torture/unsorted/unsorted.exp ...
Running /build/gcc17/src/gcc-17-20260927/gcc/testsuite/gcc.dg/analyzer/analyzer.exp ...
Running /build/gcc17/src/gcc-17-20260927/gcc/testsuite/gcc.dg/analyzer/torture/analyzer-torture.exp ...
Running /build/gcc17/src/gcc-17-20260927/gcc/testsuite/gcc.dg/asan/asan.exp ...
Running /build/gcc17/src/gcc-17-20260927/gcc/testsuite/gcc.dg/atomic/atomic.exp ...
Running /build/gcc17/src/gcc-17-20260927/gcc/testsuite/gcc.dg/autopar/autopar.exp ...
Running /build/gcc17/src/gcc-17-20260927/gcc/testsuite/gcc.dg/charset/charset.exp ...
Running /build/gcc17/src/gcc-17-20260927/gcc/testsuite/gcc.dg/compat/compat.exp ...
Running /build/gcc17/src/gcc-17-20260927/gcc/testsuite/gcc.dg/compat/struct-layout-1.exp ...
Running /build/gcc17/src/gcc-17-20260927/gcc/testsuite/gcc.dg/cpp/cpp.exp ...
Running /build/gcc17/src/gcc-17-20260927/gcc/testsuite/gcc.dg/cpp/trad/trad.exp ...
Running /build/gcc17/src/gcc-17-20260927/gcc/testsuite/gcc.dg/debug/btf/btf.exp ...
Running /build/gcc17/src/gcc-17-20260927/gcc/testsuite/gcc.dg/debug/codeview/codeview.exp ...
Running /build/gcc17/src/gcc-17-20260927/gcc/testsuite/gcc.dg/debug/ctf/ctf.exp ...
Running /build/gcc17/src/gcc-17-20260927/gcc/testsuite/gcc.dg/debug/debug.exp ...
Running /build/gcc17/src/gcc-17-20260927/gcc/testsuite/gcc.dg/debug/dwarf2/dwarf2.exp ...
Running /build/gcc17/src/gcc-17-20260927/gcc/testsuite/gcc.dg/dfp/dfp.exp ...
Running /build/gcc17/src/gcc-17-20260927/gcc/testsuite/gcc.dg/dg.exp ...
Running /build/gcc17/src/gcc-17-20260927/gcc/testsuite/gcc.dg/fixed-point/fixed-point.exp ...
Running /build/gcc17/src/gcc-17-20260927/gcc/testsuite/gcc.dg/format/format.exp ...
Running /build/gcc17/src/gcc-17-20260927/gcc/testsuite/gcc.dg/goacc-gomp/goacc-gomp.exp ...
Running /build/gcc17/src/gcc-17-20260927/gcc/testsuite/gcc.dg/goacc/goacc.exp ...
Running /build/gcc17/src/gcc-17-20260927/gcc/testsuite/gcc.dg/gomp/gomp.exp ...
Running /build/gcc17/src/gcc-17-20260927/gcc/testsuite/gcc.dg/graphite/graphite.exp ...
Running /build/gcc17/src/gcc-17-20260927/gcc/testsuite/gcc.dg/guality/guality.exp ...
Running /build/gcc17/src/gcc-17-20260927/gcc/testsuite/gcc.dg/html-output/html-output.exp ...
Running /build/gcc17/src/gcc-17-20260927/gcc/testsuite/gcc.dg/hwasan/hwasan.exp ...
Running /build/gcc17/src/gcc-17-20260927/gcc/testsuite/gcc.dg/ipa/ipa.exp ...
Running /build/gcc17/src/gcc-17-20260927/gcc/testsuite/gcc.dg/lto/lto.exp ...
Running /build/gcc17/src/gcc-17-20260927/gcc/testsuite/gcc.dg/noncompile/noncompile.exp ...
Running /build/gcc17/src/gcc-17-20260927/gcc/testsuite/gcc.dg/params/params.exp ...
Running /build/gcc17/src/gcc-17-20260927/gcc/testsuite/gcc.dg/pch/pch.exp ...
Running /build/gcc17/src/gcc-17-20260927/gcc/testsuite/gcc.dg/plugin/plugin.exp ...
Running /build/gcc17/src/gcc-17-20260927/gcc/testsuite/gcc.dg/rtl/rtl.exp ...
Running /build/gcc17/src/gcc-17-20260927/gcc/testsuite/gcc.dg/sancov/sancov.exp ...
Running /build/gcc17/src/gcc-17-20260927/gcc/testsuite/gcc.dg/sarif-output/sarif-output.exp ...
Running /build/gcc17/src/gcc-17-20260927/gcc/testsuite/gcc.dg/simulate-thread/simulate-thread.exp ...
Running /build/gcc17/src/gcc-17-20260927/gcc/testsuite/gcc.dg/special/mips-abi.exp ...
Running /build/gcc17/src/gcc-17-20260927/gcc/testsuite/gcc.dg/special/special.exp ...
Running /build/gcc17/src/gcc-17-20260927/gcc/testsuite/gcc.dg/sso/sso.exp ...
Running /build/gcc17/src/gcc-17-20260927/gcc/testsuite/gcc.dg/tls/tls.exp ...
Running /build/gcc17/src/gcc-17-20260927/gcc/testsuite/gcc.dg/tm/tm.exp ...
Running /build/gcc17/src/gcc-17-20260927/gcc/testsuite/gcc.dg/torture/dg-torture.exp ...
Running /build/gcc17/src/gcc-17-20260927/gcc/testsuite/gcc.dg/torture/stackalign/stackalign.exp ...
Running /build/gcc17/src/gcc-17-20260927/gcc/testsuite/gcc.dg/torture/tls/tls.exp ...
Running /build/gcc17/src/gcc-17-20260927/gcc/testsuite/gcc.dg/tree-prof/tree-prof.exp ...
Running /build/gcc17/src/gcc-17-20260927/gcc/testsuite/gcc.dg/tree-ssa/tree-ssa.exp ...
Running /build/gcc17/src/gcc-17-20260927/gcc/testsuite/gcc.dg/tsan/tsan.exp ...
Running /build/gcc17/src/gcc-17-20260927/gcc/testsuite/gcc.dg/ubsan/ubsan.exp ...
Running /build/gcc17/src/gcc-17-20260927/gcc/testsuite/gcc.dg/vect/complex/complex.exp ...
Running /build/gcc17/src/gcc-17-20260927/gcc/testsuite/gcc.dg/vect/costmodel/i386/i386-costmodel-vect.exp ...
Running /build/gcc17/src/gcc-17-20260927/gcc/testsuite/gcc.dg/vect/costmodel/ppc/ppc-costmodel-vect.exp ...
Running /build/gcc17/src/gcc-17-20260927/gcc/testsuite/gcc.dg/vect/costmodel/riscv/rvv/rvv-costmodel-vect.exp ...
Running /build/gcc17/src/gcc-17-20260927/gcc/testsuite/gcc.dg/vect/costmodel/x86_64/x86_64-costmodel-vect.exp ...
Running /build/gcc17/src/gcc-17-20260927/gcc/testsuite/gcc.dg/vect/vect.exp ...
Running /build/gcc17/src/gcc-17-20260927/gcc/testsuite/gcc.dg/vmx/vmx.exp ...
Running /build/gcc17/src/gcc-17-20260927/gcc/testsuite/gcc.dg/vxworks/vxworks.exp ...
Running /build/gcc17/src/gcc-17-20260927/gcc/testsuite/gcc.dg/weak/weak.exp ...
Running /build/gcc17/src/gcc-17-20260927/gcc/testsuite/gcc.dg-selftests/dg-final.exp ...
Running /build/gcc17/src/gcc-17-20260927/gcc/testsuite/gcc.misc-tests/acker1.exp ...
Running /build/gcc17/src/gcc-17-20260927/gcc/testsuite/gcc.misc-tests/arm-isr.exp ...
Running /build/gcc17/src/gcc-17-20260927/gcc/testsuite/gcc.misc-tests/bprob.exp ...
Running /build/gcc17/src/gcc-17-20260927/gcc/testsuite/gcc.misc-tests/dectest.exp ...
Running /build/gcc17/src/gcc-17-20260927/gcc/testsuite/gcc.misc-tests/dhry.exp ...
Running /build/gcc17/src/gcc-17-20260927/gcc/testsuite/gcc.misc-tests/gcov.exp ...
Running /build/gcc17/src/gcc-17-20260927/gcc/testsuite/gcc.misc-tests/godump.exp ...
Running /build/gcc17/src/gcc-17-20260927/gcc/testsuite/gcc.misc-tests/help.exp ...
Running /build/gcc17/src/gcc-17-20260927/gcc/testsuite/gcc.misc-tests/i386-prefetch.exp ...
Running /build/gcc17/src/gcc-17-20260927/gcc/testsuite/gcc.misc-tests/linkage.exp ...
Running /build/gcc17/src/gcc-17-20260927/gcc/testsuite/gcc.misc-tests/matrix1.exp ...
Running /build/gcc17/src/gcc-17-20260927/gcc/testsuite/gcc.misc-tests/mg-2.exp ...
Running /build/gcc17/src/gcc-17-20260927/gcc/testsuite/gcc.misc-tests/mg.exp ...
Running /build/gcc17/src/gcc-17-20260927/gcc/testsuite/gcc.misc-tests/options.exp ...
Running /build/gcc17/src/gcc-17-20260927/gcc/testsuite/gcc.misc-tests/output.exp ...
Running /build/gcc17/src/gcc-17-20260927/gcc/testsuite/gcc.misc-tests/outputs.exp ...
Running /build/gcc17/src/gcc-17-20260927/gcc/testsuite/gcc.misc-tests/pr111527.exp ...
Running /build/gcc17/src/gcc-17-20260927/gcc/testsuite/gcc.misc-tests/sieve.exp ...
Running /build/gcc17/src/gcc-17-20260927/gcc/testsuite/gcc.misc-tests/sort2.exp ...
Running /build/gcc17/src/gcc-17-20260927/gcc/testsuite/gcc.src/maintainers.exp ...
Running /build/gcc17/src/gcc-17-20260927/gcc/testsuite/gcc.target/aarch64/aapcs64/aapcs64.exp ...
Running /build/gcc17/src/gcc-17-20260927/gcc/testsuite/gcc.target/aarch64/aarch64-json-tunings/aarch64-json-tunings.exp ...
Running /build/gcc17/src/gcc-17-20260927/gcc/testsuite/gcc.target/aarch64/aarch64.exp ...
Running /build/gcc17/src/gcc-17-20260927/gcc/testsuite/gcc.target/aarch64/acle/acle.exp ...
Running /build/gcc17/src/gcc-17-20260927/gcc/testsuite/gcc.target/aarch64/advsimd-intrinsics/advsimd-intrinsics.exp ...
Running /build/gcc17/src/gcc-17-20260927/gcc/testsuite/gcc.target/aarch64/build-attributes/aarch64-build-attributes.exp ...
Running /build/gcc17/src/gcc-17-20260927/gcc/testsuite/gcc.target/aarch64/cpunative/aarch64-cpunative.exp ...
Running /build/gcc17/src/gcc-17-20260927/gcc/testsuite/gcc.target/aarch64/fp16/fp16.exp ...
Running /build/gcc17/src/gcc-17-20260927/gcc/testsuite/gcc.target/aarch64/lto/lto.exp ...
Running /build/gcc17/src/gcc-17-20260927/gcc/testsuite/gcc.target/aarch64/memtag/memtag.exp ...
Running /build/gcc17/src/gcc-17-20260927/gcc/testsuite/gcc.target/aarch64/mingw/mingw.exp ...
Running /build/gcc17/src/gcc-17-20260927/gcc/testsuite/gcc.target/aarch64/neon/aarch64-neon.exp ...
Running /build/gcc17/src/gcc-17-20260927/gcc/testsuite/gcc.target/aarch64/pch/aarch64-pch.exp ...
Running /build/gcc17/src/gcc-17-20260927/gcc/testsuite/gcc.target/aarch64/simd/simd.exp ...
Running /build/gcc17/src/gcc-17-20260927/gcc/testsuite/gcc.target/aarch64/sls-mitigation/sls-mitigation.exp ...
Running /build/gcc17/src/gcc-17-20260927/gcc/testsuite/gcc.target/aarch64/sme/aarch64-sme-acle-asm.exp ...
Running /build/gcc17/src/gcc-17-20260927/gcc/testsuite/gcc.target/aarch64/sme/aarch64-sme.exp ...
Running /build/gcc17/src/gcc-17-20260927/gcc/testsuite/gcc.target/aarch64/sme2/aarch64-sme2-acle-asm.exp ...
Running /build/gcc17/src/gcc-17-20260927/gcc/testsuite/gcc.target/aarch64/sve/aarch64-sve.exp ...
Running /build/gcc17/src/gcc-17-20260927/gcc/testsuite/gcc.target/aarch64/sve/acle/aarch64-sve-acle-asm.exp ...
Running /build/gcc17/src/gcc-17-20260927/gcc/testsuite/gcc.target/aarch64/sve/acle/aarch64-sve-acle.exp ...
Running /build/gcc17/src/gcc-17-20260927/gcc/testsuite/gcc.target/aarch64/sve/gomp/gomp.exp ...
Running /build/gcc17/src/gcc-17-20260927/gcc/testsuite/gcc.target/aarch64/sve/pcs/aarch64-sve-pcs.exp ...
Running /build/gcc17/src/gcc-17-20260927/gcc/testsuite/gcc.target/aarch64/sve2/aarch64-sve2.exp ...
Running /build/gcc17/src/gcc-17-20260927/gcc/testsuite/gcc.target/aarch64/sve2/acle/aarch64-sve2-acle-asm.exp ...
Running /build/gcc17/src/gcc-17-20260927/gcc/testsuite/gcc.target/aarch64/sve2/acle/aarch64-sve2-acle.exp ...
Running /build/gcc17/src/gcc-17-20260927/gcc/testsuite/gcc.target/aarch64/torture/aarch64-torture.exp ...
Running /build/gcc17/src/gcc-17-20260927/gcc/testsuite/gcc.target/alpha/alpha.exp ...
Running /build/gcc17/src/gcc-17-20260927/gcc/testsuite/gcc.target/arc/arc.exp ...
Running /build/gcc17/src/gcc-17-20260927/gcc/testsuite/gcc.target/arm/aapcs/aapcs.exp ...
Running /build/gcc17/src/gcc-17-20260927/gcc/testsuite/gcc.target/arm/acle/acle.exp ...
Running /build/gcc17/src/gcc-17-20260927/gcc/testsuite/gcc.target/arm/arm.exp ...
Running /build/gcc17/src/gcc-17-20260927/gcc/testsuite/gcc.target/arm/cmse/cmse.exp ...
Running /build/gcc17/src/gcc-17-20260927/gcc/testsuite/gcc.target/arm/lto/lto.exp ...
Running /build/gcc17/src/gcc-17-20260927/gcc/testsuite/gcc.target/arm/multilib.exp ...
Running /build/gcc17/src/gcc-17-20260927/gcc/testsuite/gcc.target/arm/mve/mve.exp ...
Running /build/gcc17/src/gcc-17-20260927/gcc/testsuite/gcc.target/arm/pure-code/pure-code.exp ...
Running /build/gcc17/src/gcc-17-20260927/gcc/testsuite/gcc.target/arm/simd/simd.exp ...
Running /build/gcc17/src/gcc-17-20260927/gcc/testsuite/gcc.target/avr/avr.exp ...
Running /build/gcc17/src/gcc-17-20260927/gcc/testsuite/gcc.target/avr/mmcu/avr-mmcu.exp ...
Running /build/gcc17/src/gcc-17-20260927/gcc/testsuite/gcc.target/avr/torture/avr-torture.exp ...
Running /build/gcc17/src/gcc-17-20260927/gcc/testsuite/gcc.target/bfin/bfin.exp ...
Running /build/gcc17/src/gcc-17-20260927/gcc/testsuite/gcc.target/bfin/builtins/bfin-builtins.exp ...
Running /build/gcc17/src/gcc-17-20260927/gcc/testsuite/gcc.target/bpf/bpf.exp ...
Running /build/gcc17/src/gcc-17-20260927/gcc/testsuite/gcc.target/bpf/torture/bpf-torture.exp ...
Running /build/gcc17/src/gcc-17-20260927/gcc/testsuite/gcc.target/cris/cris.exp ...
Running /build/gcc17/src/gcc-17-20260927/gcc/testsuite/gcc.target/cris/torture/cris-torture.exp ...
Running /build/gcc17/src/gcc-17-20260927/gcc/testsuite/gcc.target/csky/csky.exp ...
Running /build/gcc17/src/gcc-17-20260927/gcc/testsuite/gcc.target/csky/fpuv3/fpuv3.exp ...
Running /build/gcc17/src/gcc-17-20260927/gcc/testsuite/gcc.target/epiphany/epiphany.exp ...
Running /build/gcc17/src/gcc-17-20260927/gcc/testsuite/gcc.target/frv/frv.exp ...
Running /build/gcc17/src/gcc-17-20260927/gcc/testsuite/gcc.target/gcn/gcn.exp ...
Running /build/gcc17/src/gcc-17-20260927/gcc/testsuite/gcc.target/h8300/h8300.exp ...
Running /build/gcc17/src/gcc-17-20260927/gcc/testsuite/gcc.target/hppa/hppa.exp ...
Running /build/gcc17/src/gcc-17-20260927/gcc/testsuite/gcc.target/i386/i386.exp ...
Running /build/gcc17/src/gcc-17-20260927/gcc/testsuite/gcc.target/i386/iamcu/abi-iamcu.exp ...
Running /build/gcc17/src/gcc-17-20260927/gcc/testsuite/gcc.target/i386/math-torture/math-torture.exp ...
Running /build/gcc17/src/gcc-17-20260927/gcc/testsuite/gcc.target/i386/stackalign/stackalign.exp ...
Running /build/gcc17/src/gcc-17-20260927/gcc/testsuite/gcc.target/ia64/ia64.exp ...
Running /build/gcc17/src/gcc-17-20260927/gcc/testsuite/gcc.target/loongarch/la32/la32.exp ...
Running /build/gcc17/src/gcc-17-20260927/gcc/testsuite/gcc.target/loongarch/la64/la64.exp ...
Running /build/gcc17/src/gcc-17-20260927/gcc/testsuite/gcc.target/loongarch/loongarch.exp ...
Running /build/gcc17/src/gcc-17-20260927/gcc/testsuite/gcc.target/loongarch/vector/loongarch-vector.exp ...
Running /build/gcc17/src/gcc-17-20260927/gcc/testsuite/gcc.target/m68k/m68k.exp ...
Running /build/gcc17/src/gcc-17-20260927/gcc/testsuite/gcc.target/microblaze/microblaze.exp ...
Running /build/gcc17/src/gcc-17-20260927/gcc/testsuite/gcc.target/mips/inter/mips16-inter.exp ...
Running /build/gcc17/src/gcc-17-20260927/gcc/testsuite/gcc.target/mips/mips-nonpic/mips-nonpic.exp ...
Running /build/gcc17/src/gcc-17-20260927/gcc/testsuite/gcc.target/mips/mips.exp ...
Running /build/gcc17/src/gcc-17-20260927/gcc/testsuite/gcc.target/msp430/msp430.exp ...
Running /build/gcc17/src/gcc-17-20260927/gcc/testsuite/gcc.target/nds32/nds32.exp ...
Running /build/gcc17/src/gcc-17-20260927/gcc/testsuite/gcc.target/nvptx/nvptx.exp ...
Running /build/gcc17/src/gcc-17-20260927/gcc/testsuite/gcc.target/or1k/or1k.exp ...
Running /build/gcc17/src/gcc-17-20260927/gcc/testsuite/gcc.target/pdp11/pdp11.exp ...
Running /build/gcc17/src/gcc-17-20260927/gcc/testsuite/gcc.target/powerpc/bfp/bfp.exp ...
Running /build/gcc17/src/gcc-17-20260927/gcc/testsuite/gcc.target/powerpc/dfp/dfp.exp ...
Running /build/gcc17/src/gcc-17-20260927/gcc/testsuite/gcc.target/powerpc/powerpc.exp ...
Running /build/gcc17/src/gcc-17-20260927/gcc/testsuite/gcc.target/powerpc/ppc-fortran/ppc-fortran.exp ...
Running /build/gcc17/src/gcc-17-20260927/gcc/testsuite/gcc.target/powerpc/vsu/vsu.exp ...
Running /build/gcc17/src/gcc-17-20260927/gcc/testsuite/gcc.target/pru/pru.exp ...
Running /build/gcc17/src/gcc-17-20260927/gcc/testsuite/gcc.target/riscv/amo/amo.exp ...
Running /build/gcc17/src/gcc-17-20260927/gcc/testsuite/gcc.target/riscv/cpunative/riscv-cpunative.exp ...
Running /build/gcc17/src/gcc-17-20260927/gcc/testsuite/gcc.target/riscv/lto/riscv-lto.exp ...
Running /build/gcc17/src/gcc-17-20260927/gcc/testsuite/gcc.target/riscv/multilib.exp ...
Running /build/gcc17/src/gcc-17-20260927/gcc/testsuite/gcc.target/riscv/riscv.exp ...
Running /build/gcc17/src/gcc-17-20260927/gcc/testsuite/gcc.target/riscv/rvv/rvv.exp ...
Running /build/gcc17/src/gcc-17-20260927/gcc/testsuite/gcc.target/riscv/rvv/vls-cc/riscv-vls-cc.exp ...
Running /build/gcc17/src/gcc-17-20260927/gcc/testsuite/gcc.target/rl78/rl78.exp ...
Running /build/gcc17/src/gcc-17-20260927/gcc/testsuite/gcc.target/rx/rx.exp ...
Running /build/gcc17/src/gcc-17-20260927/gcc/testsuite/gcc.target/s390/s390.exp ...
Running /build/gcc17/src/gcc-17-20260927/gcc/testsuite/gcc.target/sh/sh.exp ...
Running /build/gcc17/src/gcc-17-20260927/gcc/testsuite/gcc.target/sh/torture/sh-torture.exp ...
Running /build/gcc17/src/gcc-17-20260927/gcc/testsuite/gcc.target/sparc/sparc.exp ...
Running /build/gcc17/src/gcc-17-20260927/gcc/testsuite/gcc.target/tic6x/builtins/c6x-builtins.exp ...
Running /build/gcc17/src/gcc-17-20260927/gcc/testsuite/gcc.target/tic6x/tic6x.exp ...
Running /build/gcc17/src/gcc-17-20260927/gcc/testsuite/gcc.target/v850/v850.exp ...
Running /build/gcc17/src/gcc-17-20260927/gcc/testsuite/gcc.target/vax/vax.exp ...
Running /build/gcc17/src/gcc-17-20260927/gcc/testsuite/gcc.target/visium/visium.exp ...
Running /build/gcc17/src/gcc-17-20260927/gcc/testsuite/gcc.target/x86_64/abi/abi-x86_64.exp ...
Running /build/gcc17/src/gcc-17-20260927/gcc/testsuite/gcc.target/x86_64/abi/avx/abi-avx.exp ...
Running /build/gcc17/src/gcc-17-20260927/gcc/testsuite/gcc.target/x86_64/abi/avx512f/abi-avx512f.exp ...
Running /build/gcc17/src/gcc-17-20260927/gcc/testsuite/gcc.target/x86_64/abi/avx512fp16/abi-avx512fp16-xmm.exp ...
Running /build/gcc17/src/gcc-17-20260927/gcc/testsuite/gcc.target/x86_64/abi/avx512fp16/m256h/abi-avx512fp16-ymm.exp ...
Running /build/gcc17/src/gcc-17-20260927/gcc/testsuite/gcc.target/x86_64/abi/avx512fp16/m512h/abi-avx512fp16-zmm.exp ...
Running /build/gcc17/src/gcc-17-20260927/gcc/testsuite/gcc.target/x86_64/abi/bf16/abi-bf16.exp ...
Running /build/gcc17/src/gcc-17-20260927/gcc/testsuite/gcc.target/x86_64/abi/bf16/m256bf16/abi-bf16-ymm.exp ...
Running /build/gcc17/src/gcc-17-20260927/gcc/testsuite/gcc.target/x86_64/abi/bf16/m512bf16/abi-bf16-zmm.exp ...
Running /build/gcc17/src/gcc-17-20260927/gcc/testsuite/gcc.target/x86_64/abi/callabi/callabi.exp ...
Running /build/gcc17/src/gcc-17-20260927/gcc/testsuite/gcc.target/x86_64/abi/ms-sysv/ms-sysv.exp ...
Running /build/gcc17/src/gcc-17-20260927/gcc/testsuite/gcc.target/xstormy16/xstormy16.exp ...
Running /build/gcc17/src/gcc-17-20260927/gcc/testsuite/gcc.target/xtensa/xtensa.exp ...
Running /build/gcc17/src/gcc-17-20260927/gcc/testsuite/gcc.test-framework/test-framework.exp ...
skipping test framework tests, CHECK_TEST_FRAMEWORK is not defined

		=== gcc Summary ===

Couldn't determine version of /build/gcc17/src/gcc-build/gcc/xgcc: Using built-in specs.
COLLECT_GCC=/build/gcc17/src/gcc-build/gcc/xgcc
Target: x86_64-pc-linux-gnu
Configured with: ../gcc-17-20260927/configure --enable-languages=c,c++ --enable-bootstrap --prefix=/usr --libdir=/usr/lib --libexecdir=/usr/lib --mandir=/usr/share/man --infodir=/usr/share/info --with-bugurl=https://aur.archlinux.org/packages/gcc17 --with-linker-hash-style=gnu --with-system-zlib --enable-__cxa_atexit --enable-cet=auto --enable-checking=release --enable-clocale=gnu --enable-default-pie --enable-default-ssp --enable-gnu-indirect-function --enable-gnu-unique-object --enable-libstdcxx-backtrace --enable-link-serialization=1 --enable-linker-build-id --enable-lto --with-build-config=bootstrap-lto-lean --disable-multilib --enable-plugin --enable-shared --enable-threads=posix --disable-libssp --disable-libstdcxx-pch --disable-werror --program-suffix=-17 --enable-version-specific-runtime-libs --with-specs='%{!static:-Wl,-rpath,/usr/lib/gcc/x86_64-pc-linux-gnu/17.0.0}'
Thread model: posix
Supported LTO compression algorithms: zlib zstd
gcc version 17.0.0 20260927 (experimental) (GCC) 
[01m[Kxgcc:[m[K [01;31m[Kfatal error: [m[K'[01m[K]8;;https://gcc.gnu.org/onlinedocs/gcc/Optimize-Options.html#index-fuse-linker-plugin-fuse-linker-plugin]8;;[m[K', but liblto_plugin.so not found
compilation terminated.


make[3]: Leaving directory '/build/gcc17/src/gcc-build/gcc'
WARNING: Couldn't find the global config file.
Using /build/gcc17/src/gcc-17-20260927/libstdc++-v3/testsuite/lib/libstdc++.exp as tool init file.
spawn -ignore SIGHUP /build/gcc17/src/gcc-build/gcc/xgcc -B/build/gcc17/src/gcc-build/gcc/ -print-file-name=testsuite/et-static.exp
/build/gcc17/src/gcc-build/gcc/testsuite/et-static.exp
Test run by builduser on Sun Oct  4 12:47:03 2026
Native configuration is x86_64-pc-linux-gnu

		=== libstdc++ tests ===

Schedule of variations:
    unix

Running target unix
Using /usr/share/dejagnu/baseboards/unix.exp as board description file for target.
Using /usr/share/dejagnu/config/unix.exp as generic interface file for target.
Using /build/gcc17/src/gcc-17-20260927/libstdc++-v3/testsuite/config/default.exp as tool-and-target-specific interface file.
Running /build/gcc17/src/gcc-17-20260927/libstdc++-v3/testsuite/libstdc++-abi/abi.exp ...
Running /build/gcc17/src/gcc-17-20260927/libstdc++-v3/testsuite/libstdc++-dg/conformance.exp ...
WARNING: Couldn't find the global config file.
Using /build/gcc17/src/gcc-17-20260927/libstdc++-v3/testsuite/lib/libstdc++.exp as tool init file.
spawn -ignore SIGHUP /build/gcc17/src/gcc-build/gcc/xgcc -B/build/gcc17/src/gcc-build/gcc/ -print-file-name=testsuite/et-static.exp
/build/gcc17/src/gcc-build/gcc/testsuite/et-static.exp
Test run by builduser on Sun Oct  4 12:47:04 2026
Native configuration is x86_64-pc-linux-gnu

		=== libstdc++ tests ===

Schedule of variations:
    unix

Running target unix
Using /usr/share/dejagnu/baseboards/unix.exp as board description file for target.
Using /usr/share/dejagnu/config/unix.exp as generic interface file for target.
Using /build/gcc17/src/gcc-17-20260927/libstdc++-v3/testsuite/config/default.exp as tool-and-target-specific interface file.
Running /build/gcc17/src/gcc-17-20260927/libstdc++-v3/testsuite/libstdc++-abi/abi.exp ...
Running /build/gcc17/src/gcc-17-20260927/libstdc++-v3/testsuite/libstdc++-dg/conformance.exp ...
make[3]: Entering directory '/build/gcc17/src/gcc-build/gcc'
WARNING: Couldn't find the global config file.
Using /build/gcc17/src/gcc-17-20260927/gcc/testsuite/lib/gcc.exp as tool init file.
spawn -ignore SIGHUP /build/gcc17/src/gcc-build/gcc/xgcc -B/build/gcc17/src/gcc-build/gcc/ -print-file-name=testsuite/et-static.exp
/build/gcc17/src/gcc-build/gcc/testsuite/et-static.exp
Test run by builduser on Sun Oct  4 12:24:55 2026
Native configuration is x86_64-pc-linux-gnu

		=== gcc tests ===

Schedule of variations:
    unix

Running target unix
Using /usr/share/dejagnu/baseboards/unix.exp as board description file for target.
Using /usr/share/dejagnu/config/unix.exp as generic interface file for target.
Using /build/gcc17/src/gcc-17-20260927/gcc/testsuite/config/default.exp as tool-and-target-specific interface file.
Running /build/gcc17/src/gcc-17-20260927/gcc/testsuite/gcc.c-torture/compile/compile.exp ...
Running /build/gcc17/src/gcc-17-20260927/gcc/testsuite/gcc.c-torture/execute/builtins/builtins.exp ...
Running /build/gcc17/src/gcc-17-20260927/gcc/testsuite/gcc.c-torture/execute/execute.exp ...
Running /build/gcc17/src/gcc-17-20260927/gcc/testsuite/gcc.c-torture/execute/ieee/ieee.exp ...
Running /build/gcc17/src/gcc-17-20260927/gcc/testsuite/gcc.c-torture/unsorted/unsorted.exp ...
Running /build/gcc17/src/gcc-17-20260927/gcc/testsuite/gcc.dg/analyzer/analyzer.exp ...
Running /build/gcc17/src/gcc-17-20260927/gcc/testsuite/gcc.dg/analyzer/torture/analyzer-torture.exp ...
Running /build/gcc17/src/gcc-17-20260927/gcc/testsuite/gcc.dg/asan/asan.exp ...
Running /build/gcc17/src/gcc-17-20260927/gcc/testsuite/gcc.dg/atomic/atomic.exp ...
Running /build/gcc17/src/gcc-17-20260927/gcc/testsuite/gcc.dg/autopar/autopar.exp ...
Running /build/gcc17/src/gcc-17-20260927/gcc/testsuite/gcc.dg/charset/charset.exp ...
Running /build/gcc17/src/gcc-17-20260927/gcc/testsuite/gcc.dg/compat/compat.exp ...
Running /build/gcc17/src/gcc-17-20260927/gcc/testsuite/gcc.dg/compat/struct-layout-1.exp ...
Running /build/gcc17/src/gcc-17-20260927/gcc/testsuite/gcc.dg/cpp/cpp.exp ...
Running /build/gcc17/src/gcc-17-20260927/gcc/testsuite/gcc.dg/cpp/trad/trad.exp ...
Running /build/gcc17/src/gcc-17-20260927/gcc/testsuite/gcc.dg/debug/btf/btf.exp ...
Running /build/gcc17/src/gcc-17-20260927/gcc/testsuite/gcc.dg/debug/codeview/codeview.exp ...
Running /build/gcc17/src/gcc-17-20260927/gcc/testsuite/gcc.dg/debug/ctf/ctf.exp ...
Running /build/gcc17/src/gcc-17-20260927/gcc/testsuite/gcc.dg/debug/debug.exp ...
Running /build/gcc17/src/gcc-17-20260927/gcc/testsuite/gcc.dg/debug/dwarf2/dwarf2.exp ...
Running /build/gcc17/src/gcc-17-20260927/gcc/testsuite/gcc.dg/dfp/dfp.exp ...
Running /build/gcc17/src/gcc-17-20260927/gcc/testsuite/gcc.dg/dg.exp ...
Running /build/gcc17/src/gcc-17-20260927/gcc/testsuite/gcc.dg/fixed-point/fixed-point.exp ...
Running /build/gcc17/src/gcc-17-20260927/gcc/testsuite/gcc.dg/format/format.exp ...
Running /build/gcc17/src/gcc-17-20260927/gcc/testsuite/gcc.dg/goacc-gomp/goacc-gomp.exp ...
Running /build/gcc17/src/gcc-17-20260927/gcc/testsuite/gcc.dg/goacc/goacc.exp ...
Running /build/gcc17/src/gcc-17-20260927/gcc/testsuite/gcc.dg/gomp/gomp.exp ...
Running /build/gcc17/src/gcc-17-20260927/gcc/testsuite/gcc.dg/graphite/graphite.exp ...
Running /build/gcc17/src/gcc-17-20260927/gcc/testsuite/gcc.dg/guality/guality.exp ...
Running /build/gcc17/src/gcc-17-20260927/gcc/testsuite/gcc.dg/html-output/html-output.exp ...
Running /build/gcc17/src/gcc-17-20260927/gcc/testsuite/gcc.dg/hwasan/hwasan.exp ...
Running /build/gcc17/src/gcc-17-20260927/gcc/testsuite/gcc.dg/ipa/ipa.exp ...
Running /build/gcc17/src/gcc-17-20260927/gcc/testsuite/gcc.dg/lto/lto.exp ...
Running /build/gcc17/src/gcc-17-20260927/gcc/testsuite/gcc.dg/noncompile/noncompile.exp ...
Running /build/gcc17/src/gcc-17-20260927/gcc/testsuite/gcc.dg/params/params.exp ...
Running /build/gcc17/src/gcc-17-20260927/gcc/testsuite/gcc.dg/pch/pch.exp ...
Running /build/gcc17/src/gcc-17-20260927/gcc/testsuite/gcc.dg/plugin/plugin.exp ...
Running /build/gcc17/src/gcc-17-20260927/gcc/testsuite/gcc.dg/rtl/rtl.exp ...
Running /build/gcc17/src/gcc-17-20260927/gcc/testsuite/gcc.dg/sancov/sancov.exp ...
Running /build/gcc17/src/gcc-17-20260927/gcc/testsuite/gcc.dg/sarif-output/sarif-output.exp ...
Running /build/gcc17/src/gcc-17-20260927/gcc/testsuite/gcc.dg/simulate-thread/simulate-thread.exp ...
Running /build/gcc17/src/gcc-17-20260927/gcc/testsuite/gcc.dg/special/mips-abi.exp ...
Running /build/gcc17/src/gcc-17-20260927/gcc/testsuite/gcc.dg/special/special.exp ...
Running /build/gcc17/src/gcc-17-20260927/gcc/testsuite/gcc.dg/sso/sso.exp ...
Running /build/gcc17/src/gcc-17-20260927/gcc/testsuite/gcc.dg/tls/tls.exp ...
Running /build/gcc17/src/gcc-17-20260927/gcc/testsuite/gcc.dg/tm/tm.exp ...
Running /build/gcc17/src/gcc-17-20260927/gcc/testsuite/gcc.dg/torture/dg-torture.exp ...
Running /build/gcc17/src/gcc-17-20260927/gcc/testsuite/gcc.dg/torture/stackalign/stackalign.exp ...
Running /build/gcc17/src/gcc-17-20260927/gcc/testsuite/gcc.dg/torture/tls/tls.exp ...
Running /build/gcc17/src/gcc-17-20260927/gcc/testsuite/gcc.dg/tree-prof/tree-prof.exp ...
Running /build/gcc17/src/gcc-17-20260927/gcc/testsuite/gcc.dg/tree-ssa/tree-ssa.exp ...
Running /build/gcc17/src/gcc-17-20260927/gcc/testsuite/gcc.dg/tsan/tsan.exp ...
Running /build/gcc17/src/gcc-17-20260927/gcc/testsuite/gcc.dg/ubsan/ubsan.exp ...
Running /build/gcc17/src/gcc-17-20260927/gcc/testsuite/gcc.dg/vect/complex/complex.exp ...
Running /build/gcc17/src/gcc-17-20260927/gcc/testsuite/gcc.dg/vect/costmodel/i386/i386-costmodel-vect.exp ...
Running /build/gcc17/src/gcc-17-20260927/gcc/testsuite/gcc.dg/vect/costmodel/ppc/ppc-costmodel-vect.exp ...
Running /build/gcc17/src/gcc-17-20260927/gcc/testsuite/gcc.dg/vect/costmodel/riscv/rvv/rvv-costmodel-vect.exp ...
Running /build/gcc17/src/gcc-17-20260927/gcc/testsuite/gcc.dg/vect/costmodel/x86_64/x86_64-costmodel-vect.exp ...
Running /build/gcc17/src/gcc-17-20260927/gcc/testsuite/gcc.dg/vect/vect.exp ...
Running /build/gcc17/src/gcc-17-20260927/gcc/testsuite/gcc.dg/vmx/vmx.exp ...
Running /build/gcc17/src/gcc-17-20260927/gcc/testsuite/gcc.dg/vxworks/vxworks.exp ...
Running /build/gcc17/src/gcc-17-20260927/gcc/testsuite/gcc.dg/weak/weak.exp ...
Running /build/gcc17/src/gcc-17-20260927/gcc/testsuite/gcc.dg-selftests/dg-final.exp ...
Running /build/gcc17/src/gcc-17-20260927/gcc/testsuite/gcc.misc-tests/acker1.exp ...
Running /build/gcc17/src/gcc-17-20260927/gcc/testsuite/gcc.misc-tests/arm-isr.exp ...
Running /build/gcc17/src/gcc-17-20260927/gcc/testsuite/gcc.misc-tests/bprob.exp ...
Running /build/gcc17/src/gcc-17-20260927/gcc/testsuite/gcc.misc-tests/dectest.exp ...
Running /build/gcc17/src/gcc-17-20260927/gcc/testsuite/gcc.misc-tests/dhry.exp ...
Running /build/gcc17/src/gcc-17-20260927/gcc/testsuite/gcc.misc-tests/gcov.exp ...
Running /build/gcc17/src/gcc-17-20260927/gcc/testsuite/gcc.misc-tests/godump.exp ...
Running /build/gcc17/src/gcc-17-20260927/gcc/testsuite/gcc.misc-tests/help.exp ...
Running /build/gcc17/src/gcc-17-20260927/gcc/testsuite/gcc.misc-tests/i386-prefetch.exp ...
Running /build/gcc17/src/gcc-17-20260927/gcc/testsuite/gcc.misc-tests/linkage.exp ...
Running /build/gcc17/src/gcc-17-20260927/gcc/testsuite/gcc.misc-tests/matrix1.exp ...
Running /build/gcc17/src/gcc-17-20260927/gcc/testsuite/gcc.misc-tests/mg-2.exp ...
Running /build/gcc17/src/gcc-17-20260927/gcc/testsuite/gcc.misc-tests/mg.exp ...
Running /build/gcc17/src/gcc-17-20260927/gcc/testsuite/gcc.misc-tests/options.exp ...
Running /build/gcc17/src/gcc-17-20260927/gcc/testsuite/gcc.misc-tests/output.exp ...
Running /build/gcc17/src/gcc-17-20260927/gcc/testsuite/gcc.misc-tests/outputs.exp ...
Running /build/gcc17/src/gcc-17-20260927/gcc/testsuite/gcc.misc-tests/pr111527.exp ...
Running /build/gcc17/src/gcc-17-20260927/gcc/testsuite/gcc.misc-tests/sieve.exp ...
Running /build/gcc17/src/gcc-17-20260927/gcc/testsuite/gcc.misc-tests/sort2.exp ...
Running /build/gcc17/src/gcc-17-20260927/gcc/testsuite/gcc.src/maintainers.exp ...
Running /build/gcc17/src/gcc-17-20260927/gcc/testsuite/gcc.target/aarch64/aapcs64/aapcs64.exp ...
Running /build/gcc17/src/gcc-17-20260927/gcc/testsuite/gcc.target/aarch64/aarch64-json-tunings/aarch64-json-tunings.exp ...
Running /build/gcc17/src/gcc-17-20260927/gcc/testsuite/gcc.target/aarch64/aarch64.exp ...
Running /build/gcc17/src/gcc-17-20260927/gcc/testsuite/gcc.target/aarch64/acle/acle.exp ...
Running /build/gcc17/src/gcc-17-20260927/gcc/testsuite/gcc.target/aarch64/advsimd-intrinsics/advsimd-intrinsics.exp ...
Running /build/gcc17/src/gcc-17-20260927/gcc/testsuite/gcc.target/aarch64/build-attributes/aarch64-build-attributes.exp ...
Running /build/gcc17/src/gcc-17-20260927/gcc/testsuite/gcc.target/aarch64/cpunative/aarch64-cpunative.exp ...
Running /build/gcc17/src/gcc-17-20260927/gcc/testsuite/gcc.target/aarch64/fp16/fp16.exp ...
Running /build/gcc17/src/gcc-17-20260927/gcc/testsuite/gcc.target/aarch64/lto/lto.exp ...
Running /build/gcc17/src/gcc-17-20260927/gcc/testsuite/gcc.target/aarch64/memtag/memtag.exp ...
Running /build/gcc17/src/gcc-17-20260927/gcc/testsuite/gcc.target/aarch64/mingw/mingw.exp ...
Running /build/gcc17/src/gcc-17-20260927/gcc/testsuite/gcc.target/aarch64/neon/aarch64-neon.exp ...
Running /build/gcc17/src/gcc-17-20260927/gcc/testsuite/gcc.target/aarch64/pch/aarch64-pch.exp ...
Running /build/gcc17/src/gcc-17-20260927/gcc/testsuite/gcc.target/aarch64/simd/simd.exp ...
Running /build/gcc17/src/gcc-17-20260927/gcc/testsuite/gcc.target/aarch64/sls-mitigation/sls-mitigation.exp ...
Running /build/gcc17/src/gcc-17-20260927/gcc/testsuite/gcc.target/aarch64/sme/aarch64-sme-acle-asm.exp ...
Running /build/gcc17/src/gcc-17-20260927/gcc/testsuite/gcc.target/aarch64/sme/aarch64-sme.exp ...
Running /build/gcc17/src/gcc-17-20260927/gcc/testsuite/gcc.target/aarch64/sme2/aarch64-sme2-acle-asm.exp ...
Running /build/gcc17/src/gcc-17-20260927/gcc/testsuite/gcc.target/aarch64/sve/aarch64-sve.exp ...
Running /build/gcc17/src/gcc-17-20260927/gcc/testsuite/gcc.target/aarch64/sve/acle/aarch64-sve-acle-asm.exp ...
Running /build/gcc17/src/gcc-17-20260927/gcc/testsuite/gcc.target/aarch64/sve/acle/aarch64-sve-acle.exp ...
Running /build/gcc17/src/gcc-17-20260927/gcc/testsuite/gcc.target/aarch64/sve/gomp/gomp.exp ...
Running /build/gcc17/src/gcc-17-20260927/gcc/testsuite/gcc.target/aarch64/sve/pcs/aarch64-sve-pcs.exp ...
Running /build/gcc17/src/gcc-17-20260927/gcc/testsuite/gcc.target/aarch64/sve2/aarch64-sve2.exp ...
Running /build/gcc17/src/gcc-17-20260927/gcc/testsuite/gcc.target/aarch64/sve2/acle/aarch64-sve2-acle-asm.exp ...
Running /build/gcc17/src/gcc-17-20260927/gcc/testsuite/gcc.target/aarch64/sve2/acle/aarch64-sve2-acle.exp ...
Running /build/gcc17/src/gcc-17-20260927/gcc/testsuite/gcc.target/aarch64/torture/aarch64-torture.exp ...
Running /build/gcc17/src/gcc-17-20260927/gcc/testsuite/gcc.target/alpha/alpha.exp ...
Running /build/gcc17/src/gcc-17-20260927/gcc/testsuite/gcc.target/arc/arc.exp ...
Running /build/gcc17/src/gcc-17-20260927/gcc/testsuite/gcc.target/arm/aapcs/aapcs.exp ...
Running /build/gcc17/src/gcc-17-20260927/gcc/testsuite/gcc.target/arm/acle/acle.exp ...
Running /build/gcc17/src/gcc-17-20260927/gcc/testsuite/gcc.target/arm/arm.exp ...
Running /build/gcc17/src/gcc-17-20260927/gcc/testsuite/gcc.target/arm/cmse/cmse.exp ...
Running /build/gcc17/src/gcc-17-20260927/gcc/testsuite/gcc.target/arm/lto/lto.exp ...
Running /build/gcc17/src/gcc-17-20260927/gcc/testsuite/gcc.target/arm/multilib.exp ...
Running /build/gcc17/src/gcc-17-20260927/gcc/testsuite/gcc.target/arm/mve/mve.exp ...
Running /build/gcc17/src/gcc-17-20260927/gcc/testsuite/gcc.target/arm/pure-code/pure-code.exp ...
Running /build/gcc17/src/gcc-17-20260927/gcc/testsuite/gcc.target/arm/simd/simd.exp ...
Running /build/gcc17/src/gcc-17-20260927/gcc/testsuite/gcc.target/avr/avr.exp ...
Running /build/gcc17/src/gcc-17-20260927/gcc/testsuite/gcc.target/avr/mmcu/avr-mmcu.exp ...
Running /build/gcc17/src/gcc-17-20260927/gcc/testsuite/gcc.target/avr/torture/avr-torture.exp ...
Running /build/gcc17/src/gcc-17-20260927/gcc/testsuite/gcc.target/bfin/bfin.exp ...
Running /build/gcc17/src/gcc-17-20260927/gcc/testsuite/gcc.target/bfin/builtins/bfin-builtins.exp ...
Running /build/gcc17/src/gcc-17-20260927/gcc/testsuite/gcc.target/bpf/bpf.exp ...
Running /build/gcc17/src/gcc-17-20260927/gcc/testsuite/gcc.target/bpf/torture/bpf-torture.exp ...
Running /build/gcc17/src/gcc-17-20260927/gcc/testsuite/gcc.target/cris/cris.exp ...
Running /build/gcc17/src/gcc-17-20260927/gcc/testsuite/gcc.target/cris/torture/cris-torture.exp ...
Running /build/gcc17/src/gcc-17-20260927/gcc/testsuite/gcc.target/csky/csky.exp ...
Running /build/gcc17/src/gcc-17-20260927/gcc/testsuite/gcc.target/csky/fpuv3/fpuv3.exp ...
Running /build/gcc17/src/gcc-17-20260927/gcc/testsuite/gcc.target/epiphany/epiphany.exp ...
Running /build/gcc17/src/gcc-17-20260927/gcc/testsuite/gcc.target/frv/frv.exp ...
Running /build/gcc17/src/gcc-17-20260927/gcc/testsuite/gcc.target/gcn/gcn.exp ...
Running /build/gcc17/src/gcc-17-20260927/gcc/testsuite/gcc.target/h8300/h8300.exp ...
Running /build/gcc17/src/gcc-17-20260927/gcc/testsuite/gcc.target/hppa/hppa.exp ...
Running /build/gcc17/src/gcc-17-20260927/gcc/testsuite/gcc.target/i386/i386.exp ...
XPASS: gcc.target/i386/pr89618-2.c scan-tree-dump vect "loop vectorized using 16 byte vectors"
Running /build/gcc17/src/gcc-17-20260927/gcc/testsuite/gcc.target/i386/iamcu/abi-iamcu.exp ...
Running /build/gcc17/src/gcc-17-20260927/gcc/testsuite/gcc.target/i386/math-torture/math-torture.exp ...
Running /build/gcc17/src/gcc-17-20260927/gcc/testsuite/gcc.target/i386/stackalign/stackalign.exp ...
Running /build/gcc17/src/gcc-17-20260927/gcc/testsuite/gcc.target/ia64/ia64.exp ...
Running /build/gcc17/src/gcc-17-20260927/gcc/testsuite/gcc.target/loongarch/la32/la32.exp ...
Running /build/gcc17/src/gcc-17-20260927/gcc/testsuite/gcc.target/loongarch/la64/la64.exp ...
Running /build/gcc17/src/gcc-17-20260927/gcc/testsuite/gcc.target/loongarch/loongarch.exp ...
Running /build/gcc17/src/gcc-17-20260927/gcc/testsuite/gcc.target/loongarch/vector/loongarch-vector.exp ...
Running /build/gcc17/src/gcc-17-20260927/gcc/testsuite/gcc.target/m68k/m68k.exp ...
Running /build/gcc17/src/gcc-17-20260927/gcc/testsuite/gcc.target/microblaze/microblaze.exp ...
Running /build/gcc17/src/gcc-17-20260927/gcc/testsuite/gcc.target/mips/inter/mips16-inter.exp ...
Running /build/gcc17/src/gcc-17-20260927/gcc/testsuite/gcc.target/mips/mips-nonpic/mips-nonpic.exp ...
Running /build/gcc17/src/gcc-17-20260927/gcc/testsuite/gcc.target/mips/mips.exp ...
Running /build/gcc17/src/gcc-17-20260927/gcc/testsuite/gcc.target/msp430/msp430.exp ...
Running /build/gcc17/src/gcc-17-20260927/gcc/testsuite/gcc.target/nds32/nds32.exp ...
Running /build/gcc17/src/gcc-17-20260927/gcc/testsuite/gcc.target/nvptx/nvptx.exp ...
Running /build/gcc17/src/gcc-17-20260927/gcc/testsuite/gcc.target/or1k/or1k.exp ...
Running /build/gcc17/src/gcc-17-20260927/gcc/testsuite/gcc.target/pdp11/pdp11.exp ...
Running /build/gcc17/src/gcc-17-20260927/gcc/testsuite/gcc.target/powerpc/bfp/bfp.exp ...
Running /build/gcc17/src/gcc-17-20260927/gcc/testsuite/gcc.target/powerpc/dfp/dfp.exp ...
Running /build/gcc17/src/gcc-17-20260927/gcc/testsuite/gcc.target/powerpc/powerpc.exp ...
Running /build/gcc17/src/gcc-17-20260927/gcc/testsuite/gcc.target/powerpc/ppc-fortran/ppc-fortran.exp ...
Running /build/gcc17/src/gcc-17-20260927/gcc/testsuite/gcc.target/powerpc/vsu/vsu.exp ...
Running /build/gcc17/src/gcc-17-20260927/gcc/testsuite/gcc.target/pru/pru.exp ...
Running /build/gcc17/src/gcc-17-20260927/gcc/testsuite/gcc.target/riscv/amo/amo.exp ...
Running /build/gcc17/src/gcc-17-20260927/gcc/testsuite/gcc.target/riscv/cpunative/riscv-cpunative.exp ...
Running /build/gcc17/src/gcc-17-20260927/gcc/testsuite/gcc.target/riscv/lto/riscv-lto.exp ...
Running /build/gcc17/src/gcc-17-20260927/gcc/testsuite/gcc.target/riscv/multilib.exp ...
Running /build/gcc17/src/gcc-17-20260927/gcc/testsuite/gcc.target/riscv/riscv.exp ...
Running /build/gcc17/src/gcc-17-20260927/gcc/testsuite/gcc.target/riscv/rvv/rvv.exp ...
Running /build/gcc17/src/gcc-17-20260927/gcc/testsuite/gcc.target/riscv/rvv/vls-cc/riscv-vls-cc.exp ...
Running /build/gcc17/src/gcc-17-20260927/gcc/testsuite/gcc.target/rl78/rl78.exp ...
Running /build/gcc17/src/gcc-17-20260927/gcc/testsuite/gcc.target/rx/rx.exp ...
Running /build/gcc17/src/gcc-17-20260927/gcc/testsuite/gcc.target/s390/s390.exp ...
Running /build/gcc17/src/gcc-17-20260927/gcc/testsuite/gcc.target/sh/sh.exp ...
Running /build/gcc17/src/gcc-17-20260927/gcc/testsuite/gcc.target/sh/torture/sh-torture.exp ...
Running /build/gcc17/src/gcc-17-20260927/gcc/testsuite/gcc.target/sparc/sparc.exp ...
Running /build/gcc17/src/gcc-17-20260927/gcc/testsuite/gcc.target/tic6x/builtins/c6x-builtins.exp ...
Running /build/gcc17/src/gcc-17-20260927/gcc/testsuite/gcc.target/tic6x/tic6x.exp ...
Running /build/gcc17/src/gcc-17-20260927/gcc/testsuite/gcc.target/v850/v850.exp ...
Running /build/gcc17/src/gcc-17-20260927/gcc/testsuite/gcc.target/vax/vax.exp ...
Running /build/gcc17/src/gcc-17-20260927/gcc/testsuite/gcc.target/visium/visium.exp ...
Running /build/gcc17/src/gcc-17-20260927/gcc/testsuite/gcc.target/x86_64/abi/abi-x86_64.exp ...
Running /build/gcc17/src/gcc-17-20260927/gcc/testsuite/gcc.target/x86_64/abi/avx/abi-avx.exp ...
Running /build/gcc17/src/gcc-17-20260927/gcc/testsuite/gcc.target/x86_64/abi/avx512f/abi-avx512f.exp ...
Running /build/gcc17/src/gcc-17-20260927/gcc/testsuite/gcc.target/x86_64/abi/avx512fp16/abi-avx512fp16-xmm.exp ...
Running /build/gcc17/src/gcc-17-20260927/gcc/testsuite/gcc.target/x86_64/abi/avx512fp16/m256h/abi-avx512fp16-ymm.exp ...
Running /build/gcc17/src/gcc-17-20260927/gcc/testsuite/gcc.target/x86_64/abi/avx512fp16/m512h/abi-avx512fp16-zmm.exp ...
Running /build/gcc17/src/gcc-17-20260927/gcc/testsuite/gcc.target/x86_64/abi/bf16/abi-bf16.exp ...
Running /build/gcc17/src/gcc-17-20260927/gcc/testsuite/gcc.target/x86_64/abi/bf16/m256bf16/abi-bf16-ymm.exp ...
Running /build/gcc17/src/gcc-17-20260927/gcc/testsuite/gcc.target/x86_64/abi/bf16/m512bf16/abi-bf16-zmm.exp ...
Running /build/gcc17/src/gcc-17-20260927/gcc/testsuite/gcc.target/x86_64/abi/callabi/callabi.exp ...
Running /build/gcc17/src/gcc-17-20260927/gcc/testsuite/gcc.target/x86_64/abi/ms-sysv/ms-sysv.exp ...
Running /build/gcc17/src/gcc-17-20260927/gcc/testsuite/gcc.target/xstormy16/xstormy16.exp ...
Running /build/gcc17/src/gcc-17-20260927/gcc/testsuite/gcc.target/xtensa/xtensa.exp ...
Running /build/gcc17/src/gcc-17-20260927/gcc/testsuite/gcc.test-framework/test-framework.exp ...
skipping test framework tests, CHECK_TEST_FRAMEWORK is not defined

		=== gcc Summary ===

# of expected passes		28066
# of unexpected successes	1
# of expected failures		223
# of unsupported tests		553
Couldn't determine version of /build/gcc17/src/gcc-build/gcc/xgcc: Using built-in specs.
COLLECT_GCC=/build/gcc17/src/gcc-build/gcc/xgcc
Target: x86_64-pc-linux-gnu
Configured with: ../gcc-17-20260927/configure --enable-languages=c,c++ --enable-bootstrap --prefix=/usr --libdir=/usr/lib --libexecdir=/usr/lib --mandir=/usr/share/man --infodir=/usr/share/info --with-bugurl=https://aur.archlinux.org/packages/gcc17 --with-linker-hash-style=gnu --with-system-zlib --enable-__cxa_atexit --enable-cet=auto --enable-checking=release --enable-clocale=gnu --enable-default-pie --enable-default-ssp --enable-gnu-indirect-function --enable-gnu-unique-object --enable-libstdcxx-backtrace --enable-link-serialization=1 --enable-linker-build-id --enable-lto --with-build-config=bootstrap-lto-lean --disable-multilib --enable-plugin --enable-shared --enable-threads=posix --disable-libssp --disable-libstdcxx-pch --disable-werror --program-suffix=-17 --enable-version-specific-runtime-libs --with-specs='%{!static:-Wl,-rpath,/usr/lib/gcc/x86_64-pc-linux-gnu/17.0.0}'
Thread model: posix
Supported LTO compression algorithms: zlib zstd
gcc version 17.0.0 20260927 (experimental) (GCC) 
[01m[Kxgcc:[m[K [01;31m[Kfatal error: [m[K'[01m[K]8;;https://gcc.gnu.org/onlinedocs/gcc/Optimize-Options.html#index-fuse-linker-plugin-fuse-linker-plugin]8;;[m[K', but liblto_plugin.so not found
compilation terminated.


make[3]: Leaving directory '/build/gcc17/src/gcc-build/gcc'
WARNING: Couldn't find the global config file.
Using /build/gcc17/src/gcc-17-20260927/libstdc++-v3/testsuite/lib/libstdc++.exp as tool init file.
spawn -ignore SIGHUP /build/gcc17/src/gcc-build/gcc/xgcc -B/build/gcc17/src/gcc-build/gcc/ -print-file-name=testsuite/et-static.exp
/build/gcc17/src/gcc-build/gcc/testsuite/et-static.exp
Test run by builduser on Sun Oct  4 12:47:06 2026
Native configuration is x86_64-pc-linux-gnu

		=== libstdc++ tests ===

Schedule of variations:
    unix

Running target unix
Using /usr/share/dejagnu/baseboards/unix.exp as board description file for target.
Using /usr/share/dejagnu/config/unix.exp as generic interface file for target.
Using /build/gcc17/src/gcc-17-20260927/libstdc++-v3/testsuite/config/default.exp as tool-and-target-specific interface file.
Running /build/gcc17/src/gcc-17-20260927/libstdc++-v3/testsuite/libstdc++-abi/abi.exp ...
Running /build/gcc17/src/gcc-17-20260927/libstdc++-v3/testsuite/libstdc++-dg/conformance.exp ...
make[3]: Entering directory '/build/gcc17/src/gcc-build/gcc'
WARNING: Couldn't find the global config file.
Using /build/gcc17/src/gcc-17-20260927/gcc/testsuite/lib/gcc.exp as tool init file.
spawn -ignore SIGHUP /build/gcc17/src/gcc-build/gcc/xgcc -B/build/gcc17/src/gcc-build/gcc/ -print-file-name=testsuite/et-static.exp
/build/gcc17/src/gcc-build/gcc/testsuite/et-static.exp
Test run by builduser on Sun Oct  4 12:24:59 2026
Native configuration is x86_64-pc-linux-gnu

		=== gcc tests ===

Schedule of variations:
    unix

Running target unix
Using /usr/share/dejagnu/baseboards/unix.exp as board description file for target.
Using /usr/share/dejagnu/config/unix.exp as generic interface file for target.
Using /build/gcc17/src/gcc-17-20260927/gcc/testsuite/config/default.exp as tool-and-target-specific interface file.
Running /build/gcc17/src/gcc-17-20260927/gcc/testsuite/gcc.c-torture/compile/compile.exp ...
Running /build/gcc17/src/gcc-17-20260927/gcc/testsuite/gcc.c-torture/execute/builtins/builtins.exp ...
Running /build/gcc17/src/gcc-17-20260927/gcc/testsuite/gcc.c-torture/execute/execute.exp ...
Running /build/gcc17/src/gcc-17-20260927/gcc/testsuite/gcc.c-torture/execute/ieee/ieee.exp ...
Running /build/gcc17/src/gcc-17-20260927/gcc/testsuite/gcc.c-torture/unsorted/unsorted.exp ...
Running /build/gcc17/src/gcc-17-20260927/gcc/testsuite/gcc.dg/analyzer/analyzer.exp ...
Running /build/gcc17/src/gcc-17-20260927/gcc/testsuite/gcc.dg/analyzer/torture/analyzer-torture.exp ...
Running /build/gcc17/src/gcc-17-20260927/gcc/testsuite/gcc.dg/asan/asan.exp ...
Running /build/gcc17/src/gcc-17-20260927/gcc/testsuite/gcc.dg/atomic/atomic.exp ...
Running /build/gcc17/src/gcc-17-20260927/gcc/testsuite/gcc.dg/autopar/autopar.exp ...
Running /build/gcc17/src/gcc-17-20260927/gcc/testsuite/gcc.dg/charset/charset.exp ...
Running /build/gcc17/src/gcc-17-20260927/gcc/testsuite/gcc.dg/compat/compat.exp ...
Running /build/gcc17/src/gcc-17-20260927/gcc/testsuite/gcc.dg/compat/struct-layout-1.exp ...
Running /build/gcc17/src/gcc-17-20260927/gcc/testsuite/gcc.dg/cpp/cpp.exp ...
Running /build/gcc17/src/gcc-17-20260927/gcc/testsuite/gcc.dg/cpp/trad/trad.exp ...
Running /build/gcc17/src/gcc-17-20260927/gcc/testsuite/gcc.dg/debug/btf/btf.exp ...
Running /build/gcc17/src/gcc-17-20260927/gcc/testsuite/gcc.dg/debug/codeview/codeview.exp ...
Running /build/gcc17/src/gcc-17-20260927/gcc/testsuite/gcc.dg/debug/ctf/ctf.exp ...
Running /build/gcc17/src/gcc-17-20260927/gcc/testsuite/gcc.dg/debug/debug.exp ...
Running /build/gcc17/src/gcc-17-20260927/gcc/testsuite/gcc.dg/debug/dwarf2/dwarf2.exp ...
Running /build/gcc17/src/gcc-17-20260927/gcc/testsuite/gcc.dg/dfp/dfp.exp ...
Running /build/gcc17/src/gcc-17-20260927/gcc/testsuite/gcc.dg/dg.exp ...
Running /build/gcc17/src/gcc-17-20260927/gcc/testsuite/gcc.dg/fixed-point/fixed-point.exp ...
Running /build/gcc17/src/gcc-17-20260927/gcc/testsuite/gcc.dg/format/format.exp ...
Running /build/gcc17/src/gcc-17-20260927/gcc/testsuite/gcc.dg/goacc-gomp/goacc-gomp.exp ...
Running /build/gcc17/src/gcc-17-20260927/gcc/testsuite/gcc.dg/goacc/goacc.exp ...
Running /build/gcc17/src/gcc-17-20260927/gcc/testsuite/gcc.dg/gomp/gomp.exp ...
Running /build/gcc17/src/gcc-17-20260927/gcc/testsuite/gcc.dg/graphite/graphite.exp ...
Running /build/gcc17/src/gcc-17-20260927/gcc/testsuite/gcc.dg/guality/guality.exp ...
XPASS: gcc.dg/guality/example.c   -O0  execution test
XPASS: gcc.dg/guality/example.c   -O1  -DPREVENT_OPTIMIZATION  execution test
XPASS: gcc.dg/guality/example.c  -Og -DPREVENT_OPTIMIZATION  execution test
XPASS: gcc.dg/guality/guality.c   -O0  execution test
XPASS: gcc.dg/guality/guality.c   -O1  -DPREVENT_OPTIMIZATION  execution test
XPASS: gcc.dg/guality/guality.c   -O2  -DPREVENT_OPTIMIZATION  execution test
XPASS: gcc.dg/guality/guality.c   -O3 -g  -DPREVENT_OPTIMIZATION  execution test
XPASS: gcc.dg/guality/guality.c   -Os  -DPREVENT_OPTIMIZATION  execution test
XPASS: gcc.dg/guality/guality.c  -Og -DPREVENT_OPTIMIZATION  execution test
XPASS: gcc.dg/guality/guality.c   -O2 -flto -fno-use-linker-plugin -flto-partition=none  -DPREVENT_OPTIMIZATION execution test
XPASS: gcc.dg/guality/guality.c   -O2 -flto -fuse-linker-plugin -fno-fat-lto-objects  -DPREVENT_OPTIMIZATION execution test
XPASS: gcc.dg/guality/inline-params.c   -O2  -DPREVENT_OPTIMIZATION  execution test
XPASS: gcc.dg/guality/inline-params.c   -O3 -g  -DPREVENT_OPTIMIZATION  execution test
XPASS: gcc.dg/guality/inline-params.c   -Os  -DPREVENT_OPTIMIZATION  execution test
XPASS: gcc.dg/guality/inline-params.c   -O2 -flto -fno-use-linker-plugin -flto-partition=none  -DPREVENT_OPTIMIZATION execution test
XPASS: gcc.dg/guality/inline-params.c   -O2 -flto -fuse-linker-plugin -fno-fat-lto-objects  -DPREVENT_OPTIMIZATION execution test
Running /build/gcc17/src/gcc-17-20260927/gcc/testsuite/gcc.dg/html-output/html-output.exp ...
Running /build/gcc17/src/gcc-17-20260927/gcc/testsuite/gcc.dg/hwasan/hwasan.exp ...
Running /build/gcc17/src/gcc-17-20260927/gcc/testsuite/gcc.dg/ipa/ipa.exp ...
Running /build/gcc17/src/gcc-17-20260927/gcc/testsuite/gcc.dg/lto/lto.exp ...
Running /build/gcc17/src/gcc-17-20260927/gcc/testsuite/gcc.dg/noncompile/noncompile.exp ...
Running /build/gcc17/src/gcc-17-20260927/gcc/testsuite/gcc.dg/params/params.exp ...
Running /build/gcc17/src/gcc-17-20260927/gcc/testsuite/gcc.dg/pch/pch.exp ...
Running /build/gcc17/src/gcc-17-20260927/gcc/testsuite/gcc.dg/plugin/plugin.exp ...
Running /build/gcc17/src/gcc-17-20260927/gcc/testsuite/gcc.dg/rtl/rtl.exp ...
Running /build/gcc17/src/gcc-17-20260927/gcc/testsuite/gcc.dg/sancov/sancov.exp ...
Running /build/gcc17/src/gcc-17-20260927/gcc/testsuite/gcc.dg/sarif-output/sarif-output.exp ...
Running /build/gcc17/src/gcc-17-20260927/gcc/testsuite/gcc.dg/simulate-thread/simulate-thread.exp ...
Running /build/gcc17/src/gcc-17-20260927/gcc/testsuite/gcc.dg/special/mips-abi.exp ...
Running /build/gcc17/src/gcc-17-20260927/gcc/testsuite/gcc.dg/special/special.exp ...
Running /build/gcc17/src/gcc-17-20260927/gcc/testsuite/gcc.dg/sso/sso.exp ...
Running /build/gcc17/src/gcc-17-20260927/gcc/testsuite/gcc.dg/tls/tls.exp ...
Running /build/gcc17/src/gcc-17-20260927/gcc/testsuite/gcc.dg/tm/tm.exp ...
Running /build/gcc17/src/gcc-17-20260927/gcc/testsuite/gcc.dg/torture/dg-torture.exp ...
Running /build/gcc17/src/gcc-17-20260927/gcc/testsuite/gcc.dg/torture/stackalign/stackalign.exp ...
Running /build/gcc17/src/gcc-17-20260927/gcc/testsuite/gcc.dg/torture/tls/tls.exp ...
Running /build/gcc17/src/gcc-17-20260927/gcc/testsuite/gcc.dg/tree-prof/tree-prof.exp ...
Running /build/gcc17/src/gcc-17-20260927/gcc/testsuite/gcc.dg/tree-ssa/tree-ssa.exp ...
Running /build/gcc17/src/gcc-17-20260927/gcc/testsuite/gcc.dg/tsan/tsan.exp ...
Running /build/gcc17/src/gcc-17-20260927/gcc/testsuite/gcc.dg/ubsan/ubsan.exp ...
Running /build/gcc17/src/gcc-17-20260927/gcc/testsuite/gcc.dg/vect/complex/complex.exp ...
Running /build/gcc17/src/gcc-17-20260927/gcc/testsuite/gcc.dg/vect/costmodel/i386/i386-costmodel-vect.exp ...
Running /build/gcc17/src/gcc-17-20260927/gcc/testsuite/gcc.dg/vect/costmodel/ppc/ppc-costmodel-vect.exp ...
Running /build/gcc17/src/gcc-17-20260927/gcc/testsuite/gcc.dg/vect/costmodel/riscv/rvv/rvv-costmodel-vect.exp ...
Running /build/gcc17/src/gcc-17-20260927/gcc/testsuite/gcc.dg/vect/costmodel/x86_64/x86_64-costmodel-vect.exp ...
Running /build/gcc17/src/gcc-17-20260927/gcc/testsuite/gcc.dg/vect/vect.exp ...
Running /build/gcc17/src/gcc-17-20260927/gcc/testsuite/gcc.dg/vmx/vmx.exp ...
Running /build/gcc17/src/gcc-17-20260927/gcc/testsuite/gcc.dg/vxworks/vxworks.exp ...
Running /build/gcc17/src/gcc-17-20260927/gcc/testsuite/gcc.dg/weak/weak.exp ...
Running /build/gcc17/src/gcc-17-20260927/gcc/testsuite/gcc.dg-selftests/dg-final.exp ...
Running /build/gcc17/src/gcc-17-20260927/gcc/testsuite/gcc.misc-tests/acker1.exp ...
Running /build/gcc17/src/gcc-17-20260927/gcc/testsuite/gcc.misc-tests/arm-isr.exp ...
Running /build/gcc17/src/gcc-17-20260927/gcc/testsuite/gcc.misc-tests/bprob.exp ...
Running /build/gcc17/src/gcc-17-20260927/gcc/testsuite/gcc.misc-tests/dectest.exp ...
Running /build/gcc17/src/gcc-17-20260927/gcc/testsuite/gcc.misc-tests/dhry.exp ...
Running /build/gcc17/src/gcc-17-20260927/gcc/testsuite/gcc.misc-tests/gcov.exp ...
Running /build/gcc17/src/gcc-17-20260927/gcc/testsuite/gcc.misc-tests/godump.exp ...
Running /build/gcc17/src/gcc-17-20260927/gcc/testsuite/gcc.misc-tests/help.exp ...
Running /build/gcc17/src/gcc-17-20260927/gcc/testsuite/gcc.misc-tests/i386-prefetch.exp ...
Running /build/gcc17/src/gcc-17-20260927/gcc/testsuite/gcc.misc-tests/linkage.exp ...
Running /build/gcc17/src/gcc-17-20260927/gcc/testsuite/gcc.misc-tests/matrix1.exp ...
Running /build/gcc17/src/gcc-17-20260927/gcc/testsuite/gcc.misc-tests/mg-2.exp ...
Running /build/gcc17/src/gcc-17-20260927/gcc/testsuite/gcc.misc-tests/mg.exp ...
Running /build/gcc17/src/gcc-17-20260927/gcc/testsuite/gcc.misc-tests/options.exp ...
Running /build/gcc17/src/gcc-17-20260927/gcc/testsuite/gcc.misc-tests/output.exp ...
Running /build/gcc17/src/gcc-17-20260927/gcc/testsuite/gcc.misc-tests/outputs.exp ...
Running /build/gcc17/src/gcc-17-20260927/gcc/testsuite/gcc.misc-tests/pr111527.exp ...
Running /build/gcc17/src/gcc-17-20260927/gcc/testsuite/gcc.misc-tests/sieve.exp ...
Running /build/gcc17/src/gcc-17-20260927/gcc/testsuite/gcc.misc-tests/sort2.exp ...
Running /build/gcc17/src/gcc-17-20260927/gcc/testsuite/gcc.src/maintainers.exp ...
Running /build/gcc17/src/gcc-17-20260927/gcc/testsuite/gcc.target/aarch64/aapcs64/aapcs64.exp ...
Running /build/gcc17/src/gcc-17-20260927/gcc/testsuite/gcc.target/aarch64/aarch64-json-tunings/aarch64-json-tunings.exp ...
Running /build/gcc17/src/gcc-17-20260927/gcc/testsuite/gcc.target/aarch64/aarch64.exp ...
Running /build/gcc17/src/gcc-17-20260927/gcc/testsuite/gcc.target/aarch64/acle/acle.exp ...
Running /build/gcc17/src/gcc-17-20260927/gcc/testsuite/gcc.target/aarch64/advsimd-intrinsics/advsimd-intrinsics.exp ...
Running /build/gcc17/src/gcc-17-20260927/gcc/testsuite/gcc.target/aarch64/build-attributes/aarch64-build-attributes.exp ...
Running /build/gcc17/src/gcc-17-20260927/gcc/testsuite/gcc.target/aarch64/cpunative/aarch64-cpunative.exp ...
Running /build/gcc17/src/gcc-17-20260927/gcc/testsuite/gcc.target/aarch64/fp16/fp16.exp ...
Running /build/gcc17/src/gcc-17-20260927/gcc/testsuite/gcc.target/aarch64/lto/lto.exp ...
Running /build/gcc17/src/gcc-17-20260927/gcc/testsuite/gcc.target/aarch64/memtag/memtag.exp ...
Running /build/gcc17/src/gcc-17-20260927/gcc/testsuite/gcc.target/aarch64/mingw/mingw.exp ...
Running /build/gcc17/src/gcc-17-20260927/gcc/testsuite/gcc.target/aarch64/neon/aarch64-neon.exp ...
Running /build/gcc17/src/gcc-17-20260927/gcc/testsuite/gcc.target/aarch64/pch/aarch64-pch.exp ...
Running /build/gcc17/src/gcc-17-20260927/gcc/testsuite/gcc.target/aarch64/simd/simd.exp ...
Running /build/gcc17/src/gcc-17-20260927/gcc/testsuite/gcc.target/aarch64/sls-mitigation/sls-mitigation.exp ...
Running /build/gcc17/src/gcc-17-20260927/gcc/testsuite/gcc.target/aarch64/sme/aarch64-sme-acle-asm.exp ...
Running /build/gcc17/src/gcc-17-20260927/gcc/testsuite/gcc.target/aarch64/sme/aarch64-sme.exp ...
Running /build/gcc17/src/gcc-17-20260927/gcc/testsuite/gcc.target/aarch64/sme2/aarch64-sme2-acle-asm.exp ...
Running /build/gcc17/src/gcc-17-20260927/gcc/testsuite/gcc.target/aarch64/sve/aarch64-sve.exp ...
Running /build/gcc17/src/gcc-17-20260927/gcc/testsuite/gcc.target/aarch64/sve/acle/aarch64-sve-acle-asm.exp ...
Running /build/gcc17/src/gcc-17-20260927/gcc/testsuite/gcc.target/aarch64/sve/acle/aarch64-sve-acle.exp ...
Running /build/gcc17/src/gcc-17-20260927/gcc/testsuite/gcc.target/aarch64/sve/gomp/gomp.exp ...
Running /build/gcc17/src/gcc-17-20260927/gcc/testsuite/gcc.target/aarch64/sve/pcs/aarch64-sve-pcs.exp ...
Running /build/gcc17/src/gcc-17-20260927/gcc/testsuite/gcc.target/aarch64/sve2/aarch64-sve2.exp ...
Running /build/gcc17/src/gcc-17-20260927/gcc/testsuite/gcc.target/aarch64/sve2/acle/aarch64-sve2-acle-asm.exp ...
Running /build/gcc17/src/gcc-17-20260927/gcc/testsuite/gcc.target/aarch64/sve2/acle/aarch64-sve2-acle.exp ...
Running /build/gcc17/src/gcc-17-20260927/gcc/testsuite/gcc.target/aarch64/torture/aarch64-torture.exp ...
Running /build/gcc17/src/gcc-17-20260927/gcc/testsuite/gcc.target/alpha/alpha.exp ...
Running /build/gcc17/src/gcc-17-20260927/gcc/testsuite/gcc.target/arc/arc.exp ...
Running /build/gcc17/src/gcc-17-20260927/gcc/testsuite/gcc.target/arm/aapcs/aapcs.exp ...
Running /build/gcc17/src/gcc-17-20260927/gcc/testsuite/gcc.target/arm/acle/acle.exp ...
Running /build/gcc17/src/gcc-17-20260927/gcc/testsuite/gcc.target/arm/arm.exp ...
Running /build/gcc17/src/gcc-17-20260927/gcc/testsuite/gcc.target/arm/cmse/cmse.exp ...
Running /build/gcc17/src/gcc-17-20260927/gcc/testsuite/gcc.target/arm/lto/lto.exp ...
Running /build/gcc17/src/gcc-17-20260927/gcc/testsuite/gcc.target/arm/multilib.exp ...
Running /build/gcc17/src/gcc-17-20260927/gcc/testsuite/gcc.target/arm/mve/mve.exp ...
Running /build/gcc17/src/gcc-17-20260927/gcc/testsuite/gcc.target/arm/pure-code/pure-code.exp ...
Running /build/gcc17/src/gcc-17-20260927/gcc/testsuite/gcc.target/arm/simd/simd.exp ...
Running /build/gcc17/src/gcc-17-20260927/gcc/testsuite/gcc.target/avr/avr.exp ...
Running /build/gcc17/src/gcc-17-20260927/gcc/testsuite/gcc.target/avr/mmcu/avr-mmcu.exp ...
Running /build/gcc17/src/gcc-17-20260927/gcc/testsuite/gcc.target/avr/torture/avr-torture.exp ...
Running /build/gcc17/src/gcc-17-20260927/gcc/testsuite/gcc.target/bfin/bfin.exp ...
Running /build/gcc17/src/gcc-17-20260927/gcc/testsuite/gcc.target/bfin/builtins/bfin-builtins.exp ...
Running /build/gcc17/src/gcc-17-20260927/gcc/testsuite/gcc.target/bpf/bpf.exp ...
Running /build/gcc17/src/gcc-17-20260927/gcc/testsuite/gcc.target/bpf/torture/bpf-torture.exp ...
Running /build/gcc17/src/gcc-17-20260927/gcc/testsuite/gcc.target/cris/cris.exp ...
Running /build/gcc17/src/gcc-17-20260927/gcc/testsuite/gcc.target/cris/torture/cris-torture.exp ...
Running /build/gcc17/src/gcc-17-20260927/gcc/testsuite/gcc.target/csky/csky.exp ...
Running /build/gcc17/src/gcc-17-20260927/gcc/testsuite/gcc.target/csky/fpuv3/fpuv3.exp ...
Running /build/gcc17/src/gcc-17-20260927/gcc/testsuite/gcc.target/epiphany/epiphany.exp ...
Running /build/gcc17/src/gcc-17-20260927/gcc/testsuite/gcc.target/frv/frv.exp ...
Running /build/gcc17/src/gcc-17-20260927/gcc/testsuite/gcc.target/gcn/gcn.exp ...
Running /build/gcc17/src/gcc-17-20260927/gcc/testsuite/gcc.target/h8300/h8300.exp ...
Running /build/gcc17/src/gcc-17-20260927/gcc/testsuite/gcc.target/hppa/hppa.exp ...
Running /build/gcc17/src/gcc-17-20260927/gcc/testsuite/gcc.target/i386/i386.exp ...
Running /build/gcc17/src/gcc-17-20260927/gcc/testsuite/gcc.target/i386/iamcu/abi-iamcu.exp ...
Running /build/gcc17/src/gcc-17-20260927/gcc/testsuite/gcc.target/i386/math-torture/math-torture.exp ...
Running /build/gcc17/src/gcc-17-20260927/gcc/testsuite/gcc.target/i386/stackalign/stackalign.exp ...
Running /build/gcc17/src/gcc-17-20260927/gcc/testsuite/gcc.target/ia64/ia64.exp ...
Running /build/gcc17/src/gcc-17-20260927/gcc/testsuite/gcc.target/loongarch/la32/la32.exp ...
Running /build/gcc17/src/gcc-17-20260927/gcc/testsuite/gcc.target/loongarch/la64/la64.exp ...
Running /build/gcc17/src/gcc-17-20260927/gcc/testsuite/gcc.target/loongarch/loongarch.exp ...
Running /build/gcc17/src/gcc-17-20260927/gcc/testsuite/gcc.target/loongarch/vector/loongarch-vector.exp ...
Running /build/gcc17/src/gcc-17-20260927/gcc/testsuite/gcc.target/m68k/m68k.exp ...
Running /build/gcc17/src/gcc-17-20260927/gcc/testsuite/gcc.target/microblaze/microblaze.exp ...
Running /build/gcc17/src/gcc-17-20260927/gcc/testsuite/gcc.target/mips/inter/mips16-inter.exp ...
Running /build/gcc17/src/gcc-17-20260927/gcc/testsuite/gcc.target/mips/mips-nonpic/mips-nonpic.exp ...
Running /build/gcc17/src/gcc-17-20260927/gcc/testsuite/gcc.target/mips/mips.exp ...
Running /build/gcc17/src/gcc-17-20260927/gcc/testsuite/gcc.target/msp430/msp430.exp ...
Running /build/gcc17/src/gcc-17-20260927/gcc/testsuite/gcc.target/nds32/nds32.exp ...
Running /build/gcc17/src/gcc-17-20260927/gcc/testsuite/gcc.target/nvptx/nvptx.exp ...
Running /build/gcc17/src/gcc-17-20260927/gcc/testsuite/gcc.target/or1k/or1k.exp ...
Running /build/gcc17/src/gcc-17-20260927/gcc/testsuite/gcc.target/pdp11/pdp11.exp ...
Running /build/gcc17/src/gcc-17-20260927/gcc/testsuite/gcc.target/powerpc/bfp/bfp.exp ...
Running /build/gcc17/src/gcc-17-20260927/gcc/testsuite/gcc.target/powerpc/dfp/dfp.exp ...
Running /build/gcc17/src/gcc-17-20260927/gcc/testsuite/gcc.target/powerpc/powerpc.exp ...
Running /build/gcc17/src/gcc-17-20260927/gcc/testsuite/gcc.target/powerpc/ppc-fortran/ppc-fortran.exp ...
Running /build/gcc17/src/gcc-17-20260927/gcc/testsuite/gcc.target/powerpc/vsu/vsu.exp ...
Running /build/gcc17/src/gcc-17-20260927/gcc/testsuite/gcc.target/pru/pru.exp ...
Running /build/gcc17/src/gcc-17-20260927/gcc/testsuite/gcc.target/riscv/amo/amo.exp ...
Running /build/gcc17/src/gcc-17-20260927/gcc/testsuite/gcc.target/riscv/cpunative/riscv-cpunative.exp ...
Running /build/gcc17/src/gcc-17-20260927/gcc/testsuite/gcc.target/riscv/lto/riscv-lto.exp ...
Running /build/gcc17/src/gcc-17-20260927/gcc/testsuite/gcc.target/riscv/multilib.exp ...
Running /build/gcc17/src/gcc-17-20260927/gcc/testsuite/gcc.target/riscv/riscv.exp ...
Running /build/gcc17/src/gcc-17-20260927/gcc/testsuite/gcc.target/riscv/rvv/rvv.exp ...
Running /build/gcc17/src/gcc-17-20260927/gcc/testsuite/gcc.target/riscv/rvv/vls-cc/riscv-vls-cc.exp ...
Running /build/gcc17/src/gcc-17-20260927/gcc/testsuite/gcc.target/rl78/rl78.exp ...
Running /build/gcc17/src/gcc-17-20260927/gcc/testsuite/gcc.target/rx/rx.exp ...
Running /build/gcc17/src/gcc-17-20260927/gcc/testsuite/gcc.target/s390/s390.exp ...
Running /build/gcc17/src/gcc-17-20260927/gcc/testsuite/gcc.target/sh/sh.exp ...
Running /build/gcc17/src/gcc-17-20260927/gcc/testsuite/gcc.target/sh/torture/sh-torture.exp ...
Running /build/gcc17/src/gcc-17-20260927/gcc/testsuite/gcc.target/sparc/sparc.exp ...
Running /build/gcc17/src/gcc-17-20260927/gcc/testsuite/gcc.target/tic6x/builtins/c6x-builtins.exp ...
Running /build/gcc17/src/gcc-17-20260927/gcc/testsuite/gcc.target/tic6x/tic6x.exp ...
Running /build/gcc17/src/gcc-17-20260927/gcc/testsuite/gcc.target/v850/v850.exp ...
Running /build/gcc17/src/gcc-17-20260927/gcc/testsuite/gcc.target/vax/vax.exp ...
Running /build/gcc17/src/gcc-17-20260927/gcc/testsuite/gcc.target/visium/visium.exp ...
Running /build/gcc17/src/gcc-17-20260927/gcc/testsuite/gcc.target/x86_64/abi/abi-x86_64.exp ...
Running /build/gcc17/src/gcc-17-20260927/gcc/testsuite/gcc.target/x86_64/abi/avx/abi-avx.exp ...
Running /build/gcc17/src/gcc-17-20260927/gcc/testsuite/gcc.target/x86_64/abi/avx512f/abi-avx512f.exp ...
Running /build/gcc17/src/gcc-17-20260927/gcc/testsuite/gcc.target/x86_64/abi/avx512fp16/abi-avx512fp16-xmm.exp ...
Running /build/gcc17/src/gcc-17-20260927/gcc/testsuite/gcc.target/x86_64/abi/avx512fp16/m256h/abi-avx512fp16-ymm.exp ...
Running /build/gcc17/src/gcc-17-20260927/gcc/testsuite/gcc.target/x86_64/abi/avx512fp16/m512h/abi-avx512fp16-zmm.exp ...
Running /build/gcc17/src/gcc-17-20260927/gcc/testsuite/gcc.target/x86_64/abi/bf16/abi-bf16.exp ...
Running /build/gcc17/src/gcc-17-20260927/gcc/testsuite/gcc.target/x86_64/abi/bf16/m256bf16/abi-bf16-ymm.exp ...
Running /build/gcc17/src/gcc-17-20260927/gcc/testsuite/gcc.target/x86_64/abi/bf16/m512bf16/abi-bf16-zmm.exp ...
Running /build/gcc17/src/gcc-17-20260927/gcc/testsuite/gcc.target/x86_64/abi/callabi/callabi.exp ...
Running /build/gcc17/src/gcc-17-20260927/gcc/testsuite/gcc.target/x86_64/abi/ms-sysv/ms-sysv.exp ...
Running /build/gcc17/src/gcc-17-20260927/gcc/testsuite/gcc.target/xstormy16/xstormy16.exp ...
Running /build/gcc17/src/gcc-17-20260927/gcc/testsuite/gcc.target/xtensa/xtensa.exp ...
Running /build/gcc17/src/gcc-17-20260927/gcc/testsuite/gcc.test-framework/test-framework.exp ...
skipping test framework tests, CHECK_TEST_FRAMEWORK is not defined

		=== gcc Summary ===

# of expected passes		25957
# of unexpected successes	16
# of expected failures		262
# of unsupported tests		696
Couldn't determine version of /build/gcc17/src/gcc-build/gcc/xgcc: Using built-in specs.
COLLECT_GCC=/build/gcc17/src/gcc-build/gcc/xgcc
Target: x86_64-pc-linux-gnu
Configured with: ../gcc-17-20260927/configure --enable-languages=c,c++ --enable-bootstrap --prefix=/usr --libdir=/usr/lib --libexecdir=/usr/lib --mandir=/usr/share/man --infodir=/usr/share/info --with-bugurl=https://aur.archlinux.org/packages/gcc17 --with-linker-hash-style=gnu --with-system-zlib --enable-__cxa_atexit --enable-cet=auto --enable-checking=release --enable-clocale=gnu --enable-default-pie --enable-default-ssp --enable-gnu-indirect-function --enable-gnu-unique-object --enable-libstdcxx-backtrace --enable-link-serialization=1 --enable-linker-build-id --enable-lto --with-build-config=bootstrap-lto-lean --disable-multilib --enable-plugin --enable-shared --enable-threads=posix --disable-libssp --disable-libstdcxx-pch --disable-werror --program-suffix=-17 --enable-version-specific-runtime-libs --with-specs='%{!static:-Wl,-rpath,/usr/lib/gcc/x86_64-pc-linux-gnu/17.0.0}'
Thread model: posix
Supported LTO compression algorithms: zlib zstd
gcc version 17.0.0 20260927 (experimental) (GCC) 
[01m[Kxgcc:[m[K [01;31m[Kfatal error: [m[K'[01m[K]8;;https://gcc.gnu.org/onlinedocs/gcc/Optimize-Options.html#index-fuse-linker-plugin-fuse-linker-plugin]8;;[m[K', but liblto_plugin.so not found
compilation terminated.


make[3]: Leaving directory '/build/gcc17/src/gcc-build/gcc'
WARNING: Couldn't find the global config file.
Using /build/gcc17/src/gcc-17-20260927/libstdc++-v3/testsuite/lib/libstdc++.exp as tool init file.
spawn -ignore SIGHUP /build/gcc17/src/gcc-build/gcc/xgcc -B/build/gcc17/src/gcc-build/gcc/ -print-file-name=testsuite/et-static.exp
/build/gcc17/src/gcc-build/gcc/testsuite/et-static.exp
Test run by builduser on Sun Oct  4 12:47:12 2026
Native configuration is x86_64-pc-linux-gnu

		=== libstdc++ tests ===

Schedule of variations:
    unix

Running target unix
Using /usr/share/dejagnu/baseboards/unix.exp as board description file for target.
Using /usr/share/dejagnu/config/unix.exp as generic interface file for target.
Using /build/gcc17/src/gcc-17-20260927/libstdc++-v3/testsuite/config/default.exp as tool-and-target-specific interface file.
Running /build/gcc17/src/gcc-17-20260927/libstdc++-v3/testsuite/libstdc++-abi/abi.exp ...
Running /build/gcc17/src/gcc-17-20260927/libstdc++-v3/testsuite/libstdc++-dg/conformance.exp ...
make[3]: Entering directory '/build/gcc17/src/gcc-build/gcc'
(rootme=`${PWDCMD-pwd}`; export rootme; \
srcdir=`cd ../../gcc-17-20260927/gcc; ${PWDCMD-pwd}` ; export srcdir ; \
if [ -n "" ] \
   && [ -n "$GCC_RUNTEST_PARALLELIZE_DIR" ] \
   && [ -f testsuite/gcc-parallel/finished ]; then \
  rm -rf testsuite/gcc; \
else \
  cd testsuite/gcc; \
  rm -f tmp-site.exp; \
  sed '/set tmpdir/ s|testsuite$|testsuite/gcc|' \
	< ../../site.exp > tmp-site.exp; \
  /bin/sh ${srcdir}/../move-if-change tmp-site.exp site.exp; \
  EXPECT=expect ; export EXPECT ; \
  if [ -f ${rootme}/../expect/expect ] ; then  \
    TCL_LIBRARY=`cd .. ; cd ${srcdir}/../tcl/library ; ${PWDCMD-pwd}` ; \
    export TCL_LIBRARY ; \
  fi ; \
  `if [ -f ${srcdir}/../dejagnu/runtest ] ; then echo ${srcdir}/../dejagnu/runtest ; else echo runtest; fi` --tool gcc ; \
  if [ -n "$GCC_RUNTEST_PARALLELIZE_DIR" ] ; then \
    touch ${rootme}/testsuite/gcc-parallel/finished; \
  fi ; \
fi )
WARNING: Couldn't find the global config file.
Using /build/gcc17/src/gcc-17-20260927/gcc/testsuite/lib/gcc.exp as tool init file.
spawn -ignore SIGHUP /build/gcc17/src/gcc-build/gcc/xgcc -B/build/gcc17/src/gcc-build/gcc/ -print-file-name=testsuite/et-static.exp
/build/gcc17/src/gcc-build/gcc/testsuite/et-static.exp
Test run by builduser on Sun Oct  4 12:23:35 2026
Native configuration is x86_64-pc-linux-gnu

		=== gcc tests ===

Schedule of variations:
    unix

Running target unix
Using /usr/share/dejagnu/baseboards/unix.exp as board description file for target.
Using /usr/share/dejagnu/config/unix.exp as generic interface file for target.
Using /build/gcc17/src/gcc-17-20260927/gcc/testsuite/config/default.exp as tool-and-target-specific interface file.
Running /build/gcc17/src/gcc-17-20260927/gcc/testsuite/gcc.c-torture/compile/compile.exp ...
Running /build/gcc17/src/gcc-17-20260927/gcc/testsuite/gcc.c-torture/execute/builtins/builtins.exp ...
Running /build/gcc17/src/gcc-17-20260927/gcc/testsuite/gcc.c-torture/execute/execute.exp ...
Running /build/gcc17/src/gcc-17-20260927/gcc/testsuite/gcc.c-torture/execute/ieee/ieee.exp ...
Running /build/gcc17/src/gcc-17-20260927/gcc/testsuite/gcc.c-torture/unsorted/unsorted.exp ...
Running /build/gcc17/src/gcc-17-20260927/gcc/testsuite/gcc.dg/analyzer/analyzer.exp ...
Running /build/gcc17/src/gcc-17-20260927/gcc/testsuite/gcc.dg/analyzer/torture/analyzer-torture.exp ...
Running /build/gcc17/src/gcc-17-20260927/gcc/testsuite/gcc.dg/asan/asan.exp ...
Running /build/gcc17/src/gcc-17-20260927/gcc/testsuite/gcc.dg/atomic/atomic.exp ...
Running /build/gcc17/src/gcc-17-20260927/gcc/testsuite/gcc.dg/autopar/autopar.exp ...
Running /build/gcc17/src/gcc-17-20260927/gcc/testsuite/gcc.dg/charset/charset.exp ...
Running /build/gcc17/src/gcc-17-20260927/gcc/testsuite/gcc.dg/compat/compat.exp ...
Running /build/gcc17/src/gcc-17-20260927/gcc/testsuite/gcc.dg/compat/struct-layout-1.exp ...
Running /build/gcc17/src/gcc-17-20260927/gcc/testsuite/gcc.dg/cpp/cpp.exp ...
Running /build/gcc17/src/gcc-17-20260927/gcc/testsuite/gcc.dg/cpp/trad/trad.exp ...
Running /build/gcc17/src/gcc-17-20260927/gcc/testsuite/gcc.dg/debug/btf/btf.exp ...
Running /build/gcc17/src/gcc-17-20260927/gcc/testsuite/gcc.dg/debug/codeview/codeview.exp ...
Running /build/gcc17/src/gcc-17-20260927/gcc/testsuite/gcc.dg/debug/ctf/ctf.exp ...
Running /build/gcc17/src/gcc-17-20260927/gcc/testsuite/gcc.dg/debug/debug.exp ...
Running /build/gcc17/src/gcc-17-20260927/gcc/testsuite/gcc.dg/debug/dwarf2/dwarf2.exp ...
Running /build/gcc17/src/gcc-17-20260927/gcc/testsuite/gcc.dg/dfp/dfp.exp ...
Running /build/gcc17/src/gcc-17-20260927/gcc/testsuite/gcc.dg/dg.exp ...
Running /build/gcc17/src/gcc-17-20260927/gcc/testsuite/gcc.dg/fixed-point/fixed-point.exp ...
Running /build/gcc17/src/gcc-17-20260927/gcc/testsuite/gcc.dg/format/format.exp ...
Running /build/gcc17/src/gcc-17-20260927/gcc/testsuite/gcc.dg/goacc-gomp/goacc-gomp.exp ...
Running /build/gcc17/src/gcc-17-20260927/gcc/testsuite/gcc.dg/goacc/goacc.exp ...
Running /build/gcc17/src/gcc-17-20260927/gcc/testsuite/gcc.dg/gomp/gomp.exp ...
Running /build/gcc17/src/gcc-17-20260927/gcc/testsuite/gcc.dg/graphite/graphite.exp ...
Running /build/gcc17/src/gcc-17-20260927/gcc/testsuite/gcc.dg/guality/guality.exp ...
Running /build/gcc17/src/gcc-17-20260927/gcc/testsuite/gcc.dg/html-output/html-output.exp ...
Running /build/gcc17/src/gcc-17-20260927/gcc/testsuite/gcc.dg/hwasan/hwasan.exp ...
Running /build/gcc17/src/gcc-17-20260927/gcc/testsuite/gcc.dg/ipa/ipa.exp ...
Running /build/gcc17/src/gcc-17-20260927/gcc/testsuite/gcc.dg/lto/lto.exp ...
Running /build/gcc17/src/gcc-17-20260927/gcc/testsuite/gcc.dg/noncompile/noncompile.exp ...
Running /build/gcc17/src/gcc-17-20260927/gcc/testsuite/gcc.dg/params/params.exp ...
Running /build/gcc17/src/gcc-17-20260927/gcc/testsuite/gcc.dg/pch/pch.exp ...
Running /build/gcc17/src/gcc-17-20260927/gcc/testsuite/gcc.dg/plugin/plugin.exp ...
Running /build/gcc17/src/gcc-17-20260927/gcc/testsuite/gcc.dg/rtl/rtl.exp ...
Running /build/gcc17/src/gcc-17-20260927/gcc/testsuite/gcc.dg/sancov/sancov.exp ...
Running /build/gcc17/src/gcc-17-20260927/gcc/testsuite/gcc.dg/sarif-output/sarif-output.exp ...
Running /build/gcc17/src/gcc-17-20260927/gcc/testsuite/gcc.dg/simulate-thread/simulate-thread.exp ...
Running /build/gcc17/src/gcc-17-20260927/gcc/testsuite/gcc.dg/special/mips-abi.exp ...
Running /build/gcc17/src/gcc-17-20260927/gcc/testsuite/gcc.dg/special/special.exp ...
Running /build/gcc17/src/gcc-17-20260927/gcc/testsuite/gcc.dg/sso/sso.exp ...
Running /build/gcc17/src/gcc-17-20260927/gcc/testsuite/gcc.dg/tls/tls.exp ...
Running /build/gcc17/src/gcc-17-20260927/gcc/testsuite/gcc.dg/tm/tm.exp ...
Running /build/gcc17/src/gcc-17-20260927/gcc/testsuite/gcc.dg/torture/dg-torture.exp ...
Running /build/gcc17/src/gcc-17-20260927/gcc/testsuite/gcc.dg/torture/stackalign/stackalign.exp ...
Running /build/gcc17/src/gcc-17-20260927/gcc/testsuite/gcc.dg/torture/tls/tls.exp ...
Running /build/gcc17/src/gcc-17-20260927/gcc/testsuite/gcc.dg/tree-prof/tree-prof.exp ...
Running /build/gcc17/src/gcc-17-20260927/gcc/testsuite/gcc.dg/tree-ssa/tree-ssa.exp ...
Running /build/gcc17/src/gcc-17-20260927/gcc/testsuite/gcc.dg/tsan/tsan.exp ...
Running /build/gcc17/src/gcc-17-20260927/gcc/testsuite/gcc.dg/ubsan/ubsan.exp ...
Running /build/gcc17/src/gcc-17-20260927/gcc/testsuite/gcc.dg/vect/complex/complex.exp ...
Running /build/gcc17/src/gcc-17-20260927/gcc/testsuite/gcc.dg/vect/costmodel/i386/i386-costmodel-vect.exp ...
Running /build/gcc17/src/gcc-17-20260927/gcc/testsuite/gcc.dg/vect/costmodel/ppc/ppc-costmodel-vect.exp ...
Running /build/gcc17/src/gcc-17-20260927/gcc/testsuite/gcc.dg/vect/costmodel/riscv/rvv/rvv-costmodel-vect.exp ...
Running /build/gcc17/src/gcc-17-20260927/gcc/testsuite/gcc.dg/vect/costmodel/x86_64/x86_64-costmodel-vect.exp ...
Running /build/gcc17/src/gcc-17-20260927/gcc/testsuite/gcc.dg/vect/vect.exp ...
Running /build/gcc17/src/gcc-17-20260927/gcc/testsuite/gcc.dg/vmx/vmx.exp ...
Running /build/gcc17/src/gcc-17-20260927/gcc/testsuite/gcc.dg/vxworks/vxworks.exp ...
Running /build/gcc17/src/gcc-17-20260927/gcc/testsuite/gcc.dg/weak/weak.exp ...
Running /build/gcc17/src/gcc-17-20260927/gcc/testsuite/gcc.dg-selftests/dg-final.exp ...
Running /build/gcc17/src/gcc-17-20260927/gcc/testsuite/gcc.misc-tests/acker1.exp ...
Running /build/gcc17/src/gcc-17-20260927/gcc/testsuite/gcc.misc-tests/arm-isr.exp ...
Running /build/gcc17/src/gcc-17-20260927/gcc/testsuite/gcc.misc-tests/bprob.exp ...
Running /build/gcc17/src/gcc-17-20260927/gcc/testsuite/gcc.misc-tests/dectest.exp ...
Running /build/gcc17/src/gcc-17-20260927/gcc/testsuite/gcc.misc-tests/dhry.exp ...
Running /build/gcc17/src/gcc-17-20260927/gcc/testsuite/gcc.misc-tests/gcov.exp ...
Running /build/gcc17/src/gcc-17-20260927/gcc/testsuite/gcc.misc-tests/godump.exp ...
Running /build/gcc17/src/gcc-17-20260927/gcc/testsuite/gcc.misc-tests/help.exp ...
Running /build/gcc17/src/gcc-17-20260927/gcc/testsuite/gcc.misc-tests/i386-prefetch.exp ...
Running /build/gcc17/src/gcc-17-20260927/gcc/testsuite/gcc.misc-tests/linkage.exp ...
Running /build/gcc17/src/gcc-17-20260927/gcc/testsuite/gcc.misc-tests/matrix1.exp ...
Running /build/gcc17/src/gcc-17-20260927/gcc/testsuite/gcc.misc-tests/mg-2.exp ...
Running /build/gcc17/src/gcc-17-20260927/gcc/testsuite/gcc.misc-tests/mg.exp ...
Running /build/gcc17/src/gcc-17-20260927/gcc/testsuite/gcc.misc-tests/options.exp ...
Running /build/gcc17/src/gcc-17-20260927/gcc/testsuite/gcc.misc-tests/output.exp ...
Running /build/gcc17/src/gcc-17-20260927/gcc/testsuite/gcc.misc-tests/outputs.exp ...
Running /build/gcc17/src/gcc-17-20260927/gcc/testsuite/gcc.misc-tests/pr111527.exp ...
Running /build/gcc17/src/gcc-17-20260927/gcc/testsuite/gcc.misc-tests/sieve.exp ...
Running /build/gcc17/src/gcc-17-20260927/gcc/testsuite/gcc.misc-tests/sort2.exp ...
Running /build/gcc17/src/gcc-17-20260927/gcc/testsuite/gcc.src/maintainers.exp ...
Running /build/gcc17/src/gcc-17-20260927/gcc/testsuite/gcc.target/aarch64/aapcs64/aapcs64.exp ...
Running /build/gcc17/src/gcc-17-20260927/gcc/testsuite/gcc.target/aarch64/aarch64-json-tunings/aarch64-json-tunings.exp ...
Running /build/gcc17/src/gcc-17-20260927/gcc/testsuite/gcc.target/aarch64/aarch64.exp ...
Running /build/gcc17/src/gcc-17-20260927/gcc/testsuite/gcc.target/aarch64/acle/acle.exp ...
Running /build/gcc17/src/gcc-17-20260927/gcc/testsuite/gcc.target/aarch64/advsimd-intrinsics/advsimd-intrinsics.exp ...
Running /build/gcc17/src/gcc-17-20260927/gcc/testsuite/gcc.target/aarch64/build-attributes/aarch64-build-attributes.exp ...
Running /build/gcc17/src/gcc-17-20260927/gcc/testsuite/gcc.target/aarch64/cpunative/aarch64-cpunative.exp ...
Running /build/gcc17/src/gcc-17-20260927/gcc/testsuite/gcc.target/aarch64/fp16/fp16.exp ...
Running /build/gcc17/src/gcc-17-20260927/gcc/testsuite/gcc.target/aarch64/lto/lto.exp ...
Running /build/gcc17/src/gcc-17-20260927/gcc/testsuite/gcc.target/aarch64/memtag/memtag.exp ...
Running /build/gcc17/src/gcc-17-20260927/gcc/testsuite/gcc.target/aarch64/mingw/mingw.exp ...
Running /build/gcc17/src/gcc-17-20260927/gcc/testsuite/gcc.target/aarch64/neon/aarch64-neon.exp ...
Running /build/gcc17/src/gcc-17-20260927/gcc/testsuite/gcc.target/aarch64/pch/aarch64-pch.exp ...
Running /build/gcc17/src/gcc-17-20260927/gcc/testsuite/gcc.target/aarch64/simd/simd.exp ...
Running /build/gcc17/src/gcc-17-20260927/gcc/testsuite/gcc.target/aarch64/sls-mitigation/sls-mitigation.exp ...
Running /build/gcc17/src/gcc-17-20260927/gcc/testsuite/gcc.target/aarch64/sme/aarch64-sme-acle-asm.exp ...
Running /build/gcc17/src/gcc-17-20260927/gcc/testsuite/gcc.target/aarch64/sme/aarch64-sme.exp ...
Running /build/gcc17/src/gcc-17-20260927/gcc/testsuite/gcc.target/aarch64/sme2/aarch64-sme2-acle-asm.exp ...
Running /build/gcc17/src/gcc-17-20260927/gcc/testsuite/gcc.target/aarch64/sve/aarch64-sve.exp ...
Running /build/gcc17/src/gcc-17-20260927/gcc/testsuite/gcc.target/aarch64/sve/acle/aarch64-sve-acle-asm.exp ...
Running /build/gcc17/src/gcc-17-20260927/gcc/testsuite/gcc.target/aarch64/sve/acle/aarch64-sve-acle.exp ...
Running /build/gcc17/src/gcc-17-20260927/gcc/testsuite/gcc.target/aarch64/sve/gomp/gomp.exp ...
Running /build/gcc17/src/gcc-17-20260927/gcc/testsuite/gcc.target/aarch64/sve/pcs/aarch64-sve-pcs.exp ...
Running /build/gcc17/src/gcc-17-20260927/gcc/testsuite/gcc.target/aarch64/sve2/aarch64-sve2.exp ...
Running /build/gcc17/src/gcc-17-20260927/gcc/testsuite/gcc.target/aarch64/sve2/acle/aarch64-sve2-acle-asm.exp ...
Running /build/gcc17/src/gcc-17-20260927/gcc/testsuite/gcc.target/aarch64/sve2/acle/aarch64-sve2-acle.exp ...
Running /build/gcc17/src/gcc-17-20260927/gcc/testsuite/gcc.target/aarch64/torture/aarch64-torture.exp ...
Running /build/gcc17/src/gcc-17-20260927/gcc/testsuite/gcc.target/alpha/alpha.exp ...
Running /build/gcc17/src/gcc-17-20260927/gcc/testsuite/gcc.target/arc/arc.exp ...
Running /build/gcc17/src/gcc-17-20260927/gcc/testsuite/gcc.target/arm/aapcs/aapcs.exp ...
Running /build/gcc17/src/gcc-17-20260927/gcc/testsuite/gcc.target/arm/acle/acle.exp ...
Running /build/gcc17/src/gcc-17-20260927/gcc/testsuite/gcc.target/arm/arm.exp ...
Running /build/gcc17/src/gcc-17-20260927/gcc/testsuite/gcc.target/arm/cmse/cmse.exp ...
Running /build/gcc17/src/gcc-17-20260927/gcc/testsuite/gcc.target/arm/lto/lto.exp ...
Running /build/gcc17/src/gcc-17-20260927/gcc/testsuite/gcc.target/arm/multilib.exp ...
Running /build/gcc17/src/gcc-17-20260927/gcc/testsuite/gcc.target/arm/mve/mve.exp ...
Running /build/gcc17/src/gcc-17-20260927/gcc/testsuite/gcc.target/arm/pure-code/pure-code.exp ...
Running /build/gcc17/src/gcc-17-20260927/gcc/testsuite/gcc.target/arm/simd/simd.exp ...
Running /build/gcc17/src/gcc-17-20260927/gcc/testsuite/gcc.target/avr/avr.exp ...
Running /build/gcc17/src/gcc-17-20260927/gcc/testsuite/gcc.target/avr/mmcu/avr-mmcu.exp ...
Running /build/gcc17/src/gcc-17-20260927/gcc/testsuite/gcc.target/avr/torture/avr-torture.exp ...
Running /build/gcc17/src/gcc-17-20260927/gcc/testsuite/gcc.target/bfin/bfin.exp ...
Running /build/gcc17/src/gcc-17-20260927/gcc/testsuite/gcc.target/bfin/builtins/bfin-builtins.exp ...
Running /build/gcc17/src/gcc-17-20260927/gcc/testsuite/gcc.target/bpf/bpf.exp ...
Running /build/gcc17/src/gcc-17-20260927/gcc/testsuite/gcc.target/bpf/torture/bpf-torture.exp ...
Running /build/gcc17/src/gcc-17-20260927/gcc/testsuite/gcc.target/cris/cris.exp ...
Running /build/gcc17/src/gcc-17-20260927/gcc/testsuite/gcc.target/cris/torture/cris-torture.exp ...
Running /build/gcc17/src/gcc-17-20260927/gcc/testsuite/gcc.target/csky/csky.exp ...
Running /build/gcc17/src/gcc-17-20260927/gcc/testsuite/gcc.target/csky/fpuv3/fpuv3.exp ...
Running /build/gcc17/src/gcc-17-20260927/gcc/testsuite/gcc.target/epiphany/epiphany.exp ...
Running /build/gcc17/src/gcc-17-20260927/gcc/testsuite/gcc.target/frv/frv.exp ...
Running /build/gcc17/src/gcc-17-20260927/gcc/testsuite/gcc.target/gcn/gcn.exp ...
Running /build/gcc17/src/gcc-17-20260927/gcc/testsuite/gcc.target/h8300/h8300.exp ...
Running /build/gcc17/src/gcc-17-20260927/gcc/testsuite/gcc.target/hppa/hppa.exp ...
Running /build/gcc17/src/gcc-17-20260927/gcc/testsuite/gcc.target/i386/i386.exp ...
Running /build/gcc17/src/gcc-17-20260927/gcc/testsuite/gcc.target/i386/iamcu/abi-iamcu.exp ...
Running /build/gcc17/src/gcc-17-20260927/gcc/testsuite/gcc.target/i386/math-torture/math-torture.exp ...
Running /build/gcc17/src/gcc-17-20260927/gcc/testsuite/gcc.target/i386/stackalign/stackalign.exp ...
Running /build/gcc17/src/gcc-17-20260927/gcc/testsuite/gcc.target/ia64/ia64.exp ...
Running /build/gcc17/src/gcc-17-20260927/gcc/testsuite/gcc.target/loongarch/la32/la32.exp ...
Running /build/gcc17/src/gcc-17-20260927/gcc/testsuite/gcc.target/loongarch/la64/la64.exp ...
Running /build/gcc17/src/gcc-17-20260927/gcc/testsuite/gcc.target/loongarch/loongarch.exp ...
Running /build/gcc17/src/gcc-17-20260927/gcc/testsuite/gcc.target/loongarch/vector/loongarch-vector.exp ...
Running /build/gcc17/src/gcc-17-20260927/gcc/testsuite/gcc.target/m68k/m68k.exp ...
Running /build/gcc17/src/gcc-17-20260927/gcc/testsuite/gcc.target/microblaze/microblaze.exp ...
Running /build/gcc17/src/gcc-17-20260927/gcc/testsuite/gcc.target/mips/inter/mips16-inter.exp ...
Running /build/gcc17/src/gcc-17-20260927/gcc/testsuite/gcc.target/mips/mips-nonpic/mips-nonpic.exp ...
Running /build/gcc17/src/gcc-17-20260927/gcc/testsuite/gcc.target/mips/mips.exp ...
Running /build/gcc17/src/gcc-17-20260927/gcc/testsuite/gcc.target/msp430/msp430.exp ...
Running /build/gcc17/src/gcc-17-20260927/gcc/testsuite/gcc.target/nds32/nds32.exp ...
Running /build/gcc17/src/gcc-17-20260927/gcc/testsuite/gcc.target/nvptx/nvptx.exp ...
Running /build/gcc17/src/gcc-17-20260927/gcc/testsuite/gcc.target/or1k/or1k.exp ...
Running /build/gcc17/src/gcc-17-20260927/gcc/testsuite/gcc.target/pdp11/pdp11.exp ...
Running /build/gcc17/src/gcc-17-20260927/gcc/testsuite/gcc.target/powerpc/bfp/bfp.exp ...
Running /build/gcc17/src/gcc-17-20260927/gcc/testsuite/gcc.target/powerpc/dfp/dfp.exp ...
Running /build/gcc17/src/gcc-17-20260927/gcc/testsuite/gcc.target/powerpc/powerpc.exp ...
Running /build/gcc17/src/gcc-17-20260927/gcc/testsuite/gcc.target/powerpc/ppc-fortran/ppc-fortran.exp ...
Running /build/gcc17/src/gcc-17-20260927/gcc/testsuite/gcc.target/powerpc/vsu/vsu.exp ...
Running /build/gcc17/src/gcc-17-20260927/gcc/testsuite/gcc.target/pru/pru.exp ...
Running /build/gcc17/src/gcc-17-20260927/gcc/testsuite/gcc.target/riscv/amo/amo.exp ...
Running /build/gcc17/src/gcc-17-20260927/gcc/testsuite/gcc.target/riscv/cpunative/riscv-cpunative.exp ...
Running /build/gcc17/src/gcc-17-20260927/gcc/testsuite/gcc.target/riscv/lto/riscv-lto.exp ...
Running /build/gcc17/src/gcc-17-20260927/gcc/testsuite/gcc.target/riscv/multilib.exp ...
Running /build/gcc17/src/gcc-17-20260927/gcc/testsuite/gcc.target/riscv/riscv.exp ...
Running /build/gcc17/src/gcc-17-20260927/gcc/testsuite/gcc.target/riscv/rvv/rvv.exp ...
Running /build/gcc17/src/gcc-17-20260927/gcc/testsuite/gcc.target/riscv/rvv/vls-cc/riscv-vls-cc.exp ...
Running /build/gcc17/src/gcc-17-20260927/gcc/testsuite/gcc.target/rl78/rl78.exp ...
Running /build/gcc17/src/gcc-17-20260927/gcc/testsuite/gcc.target/rx/rx.exp ...
Running /build/gcc17/src/gcc-17-20260927/gcc/testsuite/gcc.target/s390/s390.exp ...
Running /build/gcc17/src/gcc-17-20260927/gcc/testsuite/gcc.target/sh/sh.exp ...
Running /build/gcc17/src/gcc-17-20260927/gcc/testsuite/gcc.target/sh/torture/sh-torture.exp ...
Running /build/gcc17/src/gcc-17-20260927/gcc/testsuite/gcc.target/sparc/sparc.exp ...
Running /build/gcc17/src/gcc-17-20260927/gcc/testsuite/gcc.target/tic6x/builtins/c6x-builtins.exp ...
Running /build/gcc17/src/gcc-17-20260927/gcc/testsuite/gcc.target/tic6x/tic6x.exp ...
Running /build/gcc17/src/gcc-17-20260927/gcc/testsuite/gcc.target/v850/v850.exp ...
Running /build/gcc17/src/gcc-17-20260927/gcc/testsuite/gcc.target/vax/vax.exp ...
Running /build/gcc17/src/gcc-17-20260927/gcc/testsuite/gcc.target/visium/visium.exp ...
Running /build/gcc17/src/gcc-17-20260927/gcc/testsuite/gcc.target/x86_64/abi/abi-x86_64.exp ...
Running /build/gcc17/src/gcc-17-20260927/gcc/testsuite/gcc.target/x86_64/abi/avx/abi-avx.exp ...
Running /build/gcc17/src/gcc-17-20260927/gcc/testsuite/gcc.target/x86_64/abi/avx512f/abi-avx512f.exp ...
Running /build/gcc17/src/gcc-17-20260927/gcc/testsuite/gcc.target/x86_64/abi/avx512fp16/abi-avx512fp16-xmm.exp ...
Running /build/gcc17/src/gcc-17-20260927/gcc/testsuite/gcc.target/x86_64/abi/avx512fp16/m256h/abi-avx512fp16-ymm.exp ...
Running /build/gcc17/src/gcc-17-20260927/gcc/testsuite/gcc.target/x86_64/abi/avx512fp16/m512h/abi-avx512fp16-zmm.exp ...
Running /build/gcc17/src/gcc-17-20260927/gcc/testsuite/gcc.target/x86_64/abi/bf16/abi-bf16.exp ...
Running /build/gcc17/src/gcc-17-20260927/gcc/testsuite/gcc.target/x86_64/abi/bf16/m256bf16/abi-bf16-ymm.exp ...
Running /build/gcc17/src/gcc-17-20260927/gcc/testsuite/gcc.target/x86_64/abi/bf16/m512bf16/abi-bf16-zmm.exp ...
Running /build/gcc17/src/gcc-17-20260927/gcc/testsuite/gcc.target/x86_64/abi/callabi/callabi.exp ...
Running /build/gcc17/src/gcc-17-20260927/gcc/testsuite/gcc.target/x86_64/abi/ms-sysv/ms-sysv.exp ...
Running /build/gcc17/src/gcc-17-20260927/gcc/testsuite/gcc.target/xstormy16/xstormy16.exp ...
Running /build/gcc17/src/gcc-17-20260927/gcc/testsuite/gcc.target/xtensa/xtensa.exp ...
Running /build/gcc17/src/gcc-17-20260927/gcc/testsuite/gcc.test-framework/test-framework.exp ...
skipping test framework tests, CHECK_TEST_FRAMEWORK is not defined

		=== gcc Summary ===

# of expected passes		30021
# of expected failures		205
# of unsupported tests		558
Couldn't determine version of /build/gcc17/src/gcc-build/gcc/xgcc: Using built-in specs.
COLLECT_GCC=/build/gcc17/src/gcc-build/gcc/xgcc
Target: x86_64-pc-linux-gnu
Configured with: ../gcc-17-20260927/configure --enable-languages=c,c++ --enable-bootstrap --prefix=/usr --libdir=/usr/lib --libexecdir=/usr/lib --mandir=/usr/share/man --infodir=/usr/share/info --with-bugurl=https://aur.archlinux.org/packages/gcc17 --with-linker-hash-style=gnu --with-system-zlib --enable-__cxa_atexit --enable-cet=auto --enable-checking=release --enable-clocale=gnu --enable-default-pie --enable-default-ssp --enable-gnu-indirect-function --enable-gnu-unique-object --enable-libstdcxx-backtrace --enable-link-serialization=1 --enable-linker-build-id --enable-lto --with-build-config=bootstrap-lto-lean --disable-multilib --enable-plugin --enable-shared --enable-threads=posix --disable-libssp --disable-libstdcxx-pch --disable-werror --program-suffix=-17 --enable-version-specific-runtime-libs --with-specs='%{!static:-Wl,-rpath,/usr/lib/gcc/x86_64-pc-linux-gnu/17.0.0}'
Thread model: posix
Supported LTO compression algorithms: zlib zstd
gcc version 17.0.0 20260927 (experimental) (GCC) 
[01m[Kxgcc:[m[K [01;31m[Kfatal error: [m[K'[01m[K]8;;https://gcc.gnu.org/onlinedocs/gcc/Optimize-Options.html#index-fuse-linker-plugin-fuse-linker-plugin]8;;[m[K', but liblto_plugin.so not found
compilation terminated.


make[3]: Leaving directory '/build/gcc17/src/gcc-build/gcc'
WARNING: Couldn't find the global config file.
Using /build/gcc17/src/gcc-17-20260927/libstdc++-v3/testsuite/lib/libstdc++.exp as tool init file.
spawn -ignore SIGHUP /build/gcc17/src/gcc-build/gcc/xgcc -B/build/gcc17/src/gcc-build/gcc/ -print-file-name=testsuite/et-static.exp
/build/gcc17/src/gcc-build/gcc/testsuite/et-static.exp
Test run by builduser on Sun Oct  4 12:47:15 2026
Native configuration is x86_64-pc-linux-gnu

		=== libstdc++ tests ===

Schedule of variations:
    unix

Running target unix
Using /usr/share/dejagnu/baseboards/unix.exp as board description file for target.
Using /usr/share/dejagnu/config/unix.exp as generic interface file for target.
Using /build/gcc17/src/gcc-17-20260927/libstdc++-v3/testsuite/config/default.exp as tool-and-target-specific interface file.
Running /build/gcc17/src/gcc-17-20260927/libstdc++-v3/testsuite/libstdc++-abi/abi.exp ...
Running /build/gcc17/src/gcc-17-20260927/libstdc++-v3/testsuite/libstdc++-dg/conformance.exp ...
make[3]: Entering directory '/build/gcc17/src/gcc-build/gcc'
WARNING: Couldn't find the global config file.
Using /build/gcc17/src/gcc-17-20260927/gcc/testsuite/lib/gcc.exp as tool init file.
spawn -ignore SIGHUP /build/gcc17/src/gcc-build/gcc/xgcc -B/build/gcc17/src/gcc-build/gcc/ -print-file-name=testsuite/et-static.exp
/build/gcc17/src/gcc-build/gcc/testsuite/et-static.exp
Test run by builduser on Sun Oct  4 12:24:58 2026
Native configuration is x86_64-pc-linux-gnu

		=== gcc tests ===

Schedule of variations:
    unix

Running target unix
Using /usr/share/dejagnu/baseboards/unix.exp as board description file for target.
Using /usr/share/dejagnu/config/unix.exp as generic interface file for target.
Using /build/gcc17/src/gcc-17-20260927/gcc/testsuite/config/default.exp as tool-and-target-specific interface file.
Running /build/gcc17/src/gcc-17-20260927/gcc/testsuite/gcc.c-torture/compile/compile.exp ...
Running /build/gcc17/src/gcc-17-20260927/gcc/testsuite/gcc.c-torture/execute/builtins/builtins.exp ...
Running /build/gcc17/src/gcc-17-20260927/gcc/testsuite/gcc.c-torture/execute/execute.exp ...
Running /build/gcc17/src/gcc-17-20260927/gcc/testsuite/gcc.c-torture/execute/ieee/ieee.exp ...
Running /build/gcc17/src/gcc-17-20260927/gcc/testsuite/gcc.c-torture/unsorted/unsorted.exp ...
Running /build/gcc17/src/gcc-17-20260927/gcc/testsuite/gcc.dg/analyzer/analyzer.exp ...
Running /build/gcc17/src/gcc-17-20260927/gcc/testsuite/gcc.dg/analyzer/torture/analyzer-torture.exp ...
Running /build/gcc17/src/gcc-17-20260927/gcc/testsuite/gcc.dg/asan/asan.exp ...
Running /build/gcc17/src/gcc-17-20260927/gcc/testsuite/gcc.dg/atomic/atomic.exp ...
Running /build/gcc17/src/gcc-17-20260927/gcc/testsuite/gcc.dg/autopar/autopar.exp ...
Running /build/gcc17/src/gcc-17-20260927/gcc/testsuite/gcc.dg/charset/charset.exp ...
Running /build/gcc17/src/gcc-17-20260927/gcc/testsuite/gcc.dg/compat/compat.exp ...
Running /build/gcc17/src/gcc-17-20260927/gcc/testsuite/gcc.dg/compat/struct-layout-1.exp ...
Running /build/gcc17/src/gcc-17-20260927/gcc/testsuite/gcc.dg/cpp/cpp.exp ...
Running /build/gcc17/src/gcc-17-20260927/gcc/testsuite/gcc.dg/cpp/trad/trad.exp ...
Running /build/gcc17/src/gcc-17-20260927/gcc/testsuite/gcc.dg/debug/btf/btf.exp ...
Running /build/gcc17/src/gcc-17-20260927/gcc/testsuite/gcc.dg/debug/codeview/codeview.exp ...
Running /build/gcc17/src/gcc-17-20260927/gcc/testsuite/gcc.dg/debug/ctf/ctf.exp ...
Running /build/gcc17/src/gcc-17-20260927/gcc/testsuite/gcc.dg/debug/debug.exp ...
Running /build/gcc17/src/gcc-17-20260927/gcc/testsuite/gcc.dg/debug/dwarf2/dwarf2.exp ...
Running /build/gcc17/src/gcc-17-20260927/gcc/testsuite/gcc.dg/dfp/dfp.exp ...
Running /build/gcc17/src/gcc-17-20260927/gcc/testsuite/gcc.dg/dg.exp ...
Running /build/gcc17/src/gcc-17-20260927/gcc/testsuite/gcc.dg/fixed-point/fixed-point.exp ...
Running /build/gcc17/src/gcc-17-20260927/gcc/testsuite/gcc.dg/format/format.exp ...
Running /build/gcc17/src/gcc-17-20260927/gcc/testsuite/gcc.dg/goacc-gomp/goacc-gomp.exp ...
Running /build/gcc17/src/gcc-17-20260927/gcc/testsuite/gcc.dg/goacc/goacc.exp ...
Running /build/gcc17/src/gcc-17-20260927/gcc/testsuite/gcc.dg/gomp/gomp.exp ...
Running /build/gcc17/src/gcc-17-20260927/gcc/testsuite/gcc.dg/graphite/graphite.exp ...
Running /build/gcc17/src/gcc-17-20260927/gcc/testsuite/gcc.dg/guality/guality.exp ...
Running /build/gcc17/src/gcc-17-20260927/gcc/testsuite/gcc.dg/html-output/html-output.exp ...
Running /build/gcc17/src/gcc-17-20260927/gcc/testsuite/gcc.dg/hwasan/hwasan.exp ...
Running /build/gcc17/src/gcc-17-20260927/gcc/testsuite/gcc.dg/ipa/ipa.exp ...
Running /build/gcc17/src/gcc-17-20260927/gcc/testsuite/gcc.dg/lto/lto.exp ...
Running /build/gcc17/src/gcc-17-20260927/gcc/testsuite/gcc.dg/noncompile/noncompile.exp ...
Running /build/gcc17/src/gcc-17-20260927/gcc/testsuite/gcc.dg/params/params.exp ...
Running /build/gcc17/src/gcc-17-20260927/gcc/testsuite/gcc.dg/pch/pch.exp ...
Running /build/gcc17/src/gcc-17-20260927/gcc/testsuite/gcc.dg/plugin/plugin.exp ...
Running /build/gcc17/src/gcc-17-20260927/gcc/testsuite/gcc.dg/rtl/rtl.exp ...
Running /build/gcc17/src/gcc-17-20260927/gcc/testsuite/gcc.dg/sancov/sancov.exp ...
Running /build/gcc17/src/gcc-17-20260927/gcc/testsuite/gcc.dg/sarif-output/sarif-output.exp ...
Running /build/gcc17/src/gcc-17-20260927/gcc/testsuite/gcc.dg/simulate-thread/simulate-thread.exp ...
Running /build/gcc17/src/gcc-17-20260927/gcc/testsuite/gcc.dg/special/mips-abi.exp ...
Running /build/gcc17/src/gcc-17-20260927/gcc/testsuite/gcc.dg/special/special.exp ...
Running /build/gcc17/src/gcc-17-20260927/gcc/testsuite/gcc.dg/sso/sso.exp ...
Running /build/gcc17/src/gcc-17-20260927/gcc/testsuite/gcc.dg/tls/tls.exp ...
Running /build/gcc17/src/gcc-17-20260927/gcc/testsuite/gcc.dg/tm/tm.exp ...
Running /build/gcc17/src/gcc-17-20260927/gcc/testsuite/gcc.dg/torture/dg-torture.exp ...
Running /build/gcc17/src/gcc-17-20260927/gcc/testsuite/gcc.dg/torture/stackalign/stackalign.exp ...
Running /build/gcc17/src/gcc-17-20260927/gcc/testsuite/gcc.dg/torture/tls/tls.exp ...
Running /build/gcc17/src/gcc-17-20260927/gcc/testsuite/gcc.dg/tree-prof/tree-prof.exp ...
Running /build/gcc17/src/gcc-17-20260927/gcc/testsuite/gcc.dg/tree-ssa/tree-ssa.exp ...
Running /build/gcc17/src/gcc-17-20260927/gcc/testsuite/gcc.dg/tsan/tsan.exp ...
Running /build/gcc17/src/gcc-17-20260927/gcc/testsuite/gcc.dg/ubsan/ubsan.exp ...
Running /build/gcc17/src/gcc-17-20260927/gcc/testsuite/gcc.dg/vect/complex/complex.exp ...
Running /build/gcc17/src/gcc-17-20260927/gcc/testsuite/gcc.dg/vect/costmodel/i386/i386-costmodel-vect.exp ...
Running /build/gcc17/src/gcc-17-20260927/gcc/testsuite/gcc.dg/vect/costmodel/ppc/ppc-costmodel-vect.exp ...
Running /build/gcc17/src/gcc-17-20260927/gcc/testsuite/gcc.dg/vect/costmodel/riscv/rvv/rvv-costmodel-vect.exp ...
Running /build/gcc17/src/gcc-17-20260927/gcc/testsuite/gcc.dg/vect/costmodel/x86_64/x86_64-costmodel-vect.exp ...
Running /build/gcc17/src/gcc-17-20260927/gcc/testsuite/gcc.dg/vect/vect.exp ...
Running /build/gcc17/src/gcc-17-20260927/gcc/testsuite/gcc.dg/vmx/vmx.exp ...
Running /build/gcc17/src/gcc-17-20260927/gcc/testsuite/gcc.dg/vxworks/vxworks.exp ...
Running /build/gcc17/src/gcc-17-20260927/gcc/testsuite/gcc.dg/weak/weak.exp ...
Running /build/gcc17/src/gcc-17-20260927/gcc/testsuite/gcc.dg-selftests/dg-final.exp ...
Running /build/gcc17/src/gcc-17-20260927/gcc/testsuite/gcc.misc-tests/acker1.exp ...
Running /build/gcc17/src/gcc-17-20260927/gcc/testsuite/gcc.misc-tests/arm-isr.exp ...
Running /build/gcc17/src/gcc-17-20260927/gcc/testsuite/gcc.misc-tests/bprob.exp ...
Running /build/gcc17/src/gcc-17-20260927/gcc/testsuite/gcc.misc-tests/dectest.exp ...
Running /build/gcc17/src/gcc-17-20260927/gcc/testsuite/gcc.misc-tests/dhry.exp ...
Running /build/gcc17/src/gcc-17-20260927/gcc/testsuite/gcc.misc-tests/gcov.exp ...
Running /build/gcc17/src/gcc-17-20260927/gcc/testsuite/gcc.misc-tests/godump.exp ...
Running /build/gcc17/src/gcc-17-20260927/gcc/testsuite/gcc.misc-tests/help.exp ...
Running /build/gcc17/src/gcc-17-20260927/gcc/testsuite/gcc.misc-tests/i386-prefetch.exp ...
Running /build/gcc17/src/gcc-17-20260927/gcc/testsuite/gcc.misc-tests/linkage.exp ...
Running /build/gcc17/src/gcc-17-20260927/gcc/testsuite/gcc.misc-tests/matrix1.exp ...
Running /build/gcc17/src/gcc-17-20260927/gcc/testsuite/gcc.misc-tests/mg-2.exp ...
Running /build/gcc17/src/gcc-17-20260927/gcc/testsuite/gcc.misc-tests/mg.exp ...
Running /build/gcc17/src/gcc-17-20260927/gcc/testsuite/gcc.misc-tests/options.exp ...
Running /build/gcc17/src/gcc-17-20260927/gcc/testsuite/gcc.misc-tests/output.exp ...
Running /build/gcc17/src/gcc-17-20260927/gcc/testsuite/gcc.misc-tests/outputs.exp ...
Running /build/gcc17/src/gcc-17-20260927/gcc/testsuite/gcc.misc-tests/pr111527.exp ...
Running /build/gcc17/src/gcc-17-20260927/gcc/testsuite/gcc.misc-tests/sieve.exp ...
Running /build/gcc17/src/gcc-17-20260927/gcc/testsuite/gcc.misc-tests/sort2.exp ...
Running /build/gcc17/src/gcc-17-20260927/gcc/testsuite/gcc.src/maintainers.exp ...
Running /build/gcc17/src/gcc-17-20260927/gcc/testsuite/gcc.target/aarch64/aapcs64/aapcs64.exp ...
Running /build/gcc17/src/gcc-17-20260927/gcc/testsuite/gcc.target/aarch64/aarch64-json-tunings/aarch64-json-tunings.exp ...
Running /build/gcc17/src/gcc-17-20260927/gcc/testsuite/gcc.target/aarch64/aarch64.exp ...
Running /build/gcc17/src/gcc-17-20260927/gcc/testsuite/gcc.target/aarch64/acle/acle.exp ...
Running /build/gcc17/src/gcc-17-20260927/gcc/testsuite/gcc.target/aarch64/advsimd-intrinsics/advsimd-intrinsics.exp ...
Running /build/gcc17/src/gcc-17-20260927/gcc/testsuite/gcc.target/aarch64/build-attributes/aarch64-build-attributes.exp ...
Running /build/gcc17/src/gcc-17-20260927/gcc/testsuite/gcc.target/aarch64/cpunative/aarch64-cpunative.exp ...
Running /build/gcc17/src/gcc-17-20260927/gcc/testsuite/gcc.target/aarch64/fp16/fp16.exp ...
Running /build/gcc17/src/gcc-17-20260927/gcc/testsuite/gcc.target/aarch64/lto/lto.exp ...
Running /build/gcc17/src/gcc-17-20260927/gcc/testsuite/gcc.target/aarch64/memtag/memtag.exp ...
Running /build/gcc17/src/gcc-17-20260927/gcc/testsuite/gcc.target/aarch64/mingw/mingw.exp ...
Running /build/gcc17/src/gcc-17-20260927/gcc/testsuite/gcc.target/aarch64/neon/aarch64-neon.exp ...
Running /build/gcc17/src/gcc-17-20260927/gcc/testsuite/gcc.target/aarch64/pch/aarch64-pch.exp ...
Running /build/gcc17/src/gcc-17-20260927/gcc/testsuite/gcc.target/aarch64/simd/simd.exp ...
Running /build/gcc17/src/gcc-17-20260927/gcc/testsuite/gcc.target/aarch64/sls-mitigation/sls-mitigation.exp ...
Running /build/gcc17/src/gcc-17-20260927/gcc/testsuite/gcc.target/aarch64/sme/aarch64-sme-acle-asm.exp ...
Running /build/gcc17/src/gcc-17-20260927/gcc/testsuite/gcc.target/aarch64/sme/aarch64-sme.exp ...
Running /build/gcc17/src/gcc-17-20260927/gcc/testsuite/gcc.target/aarch64/sme2/aarch64-sme2-acle-asm.exp ...
Running /build/gcc17/src/gcc-17-20260927/gcc/testsuite/gcc.target/aarch64/sve/aarch64-sve.exp ...
Running /build/gcc17/src/gcc-17-20260927/gcc/testsuite/gcc.target/aarch64/sve/acle/aarch64-sve-acle-asm.exp ...
Running /build/gcc17/src/gcc-17-20260927/gcc/testsuite/gcc.target/aarch64/sve/acle/aarch64-sve-acle.exp ...
Running /build/gcc17/src/gcc-17-20260927/gcc/testsuite/gcc.target/aarch64/sve/gomp/gomp.exp ...
Running /build/gcc17/src/gcc-17-20260927/gcc/testsuite/gcc.target/aarch64/sve/pcs/aarch64-sve-pcs.exp ...
Running /build/gcc17/src/gcc-17-20260927/gcc/testsuite/gcc.target/aarch64/sve2/aarch64-sve2.exp ...
Running /build/gcc17/src/gcc-17-20260927/gcc/testsuite/gcc.target/aarch64/sve2/acle/aarch64-sve2-acle-asm.exp ...
Running /build/gcc17/src/gcc-17-20260927/gcc/testsuite/gcc.target/aarch64/sve2/acle/aarch64-sve2-acle.exp ...
Running /build/gcc17/src/gcc-17-20260927/gcc/testsuite/gcc.target/aarch64/torture/aarch64-torture.exp ...
Running /build/gcc17/src/gcc-17-20260927/gcc/testsuite/gcc.target/alpha/alpha.exp ...
Running /build/gcc17/src/gcc-17-20260927/gcc/testsuite/gcc.target/arc/arc.exp ...
Running /build/gcc17/src/gcc-17-20260927/gcc/testsuite/gcc.target/arm/aapcs/aapcs.exp ...
Running /build/gcc17/src/gcc-17-20260927/gcc/testsuite/gcc.target/arm/acle/acle.exp ...
Running /build/gcc17/src/gcc-17-20260927/gcc/testsuite/gcc.target/arm/arm.exp ...
Running /build/gcc17/src/gcc-17-20260927/gcc/testsuite/gcc.target/arm/cmse/cmse.exp ...
Running /build/gcc17/src/gcc-17-20260927/gcc/testsuite/gcc.target/arm/lto/lto.exp ...
Running /build/gcc17/src/gcc-17-20260927/gcc/testsuite/gcc.target/arm/multilib.exp ...
Running /build/gcc17/src/gcc-17-20260927/gcc/testsuite/gcc.target/arm/mve/mve.exp ...
Running /build/gcc17/src/gcc-17-20260927/gcc/testsuite/gcc.target/arm/pure-code/pure-code.exp ...
Running /build/gcc17/src/gcc-17-20260927/gcc/testsuite/gcc.target/arm/simd/simd.exp ...
Running /build/gcc17/src/gcc-17-20260927/gcc/testsuite/gcc.target/avr/avr.exp ...
Running /build/gcc17/src/gcc-17-20260927/gcc/testsuite/gcc.target/avr/mmcu/avr-mmcu.exp ...
Running /build/gcc17/src/gcc-17-20260927/gcc/testsuite/gcc.target/avr/torture/avr-torture.exp ...
Running /build/gcc17/src/gcc-17-20260927/gcc/testsuite/gcc.target/bfin/bfin.exp ...
Running /build/gcc17/src/gcc-17-20260927/gcc/testsuite/gcc.target/bfin/builtins/bfin-builtins.exp ...
Running /build/gcc17/src/gcc-17-20260927/gcc/testsuite/gcc.target/bpf/bpf.exp ...
Running /build/gcc17/src/gcc-17-20260927/gcc/testsuite/gcc.target/bpf/torture/bpf-torture.exp ...
Running /build/gcc17/src/gcc-17-20260927/gcc/testsuite/gcc.target/cris/cris.exp ...
Running /build/gcc17/src/gcc-17-20260927/gcc/testsuite/gcc.target/cris/torture/cris-torture.exp ...
Running /build/gcc17/src/gcc-17-20260927/gcc/testsuite/gcc.target/csky/csky.exp ...
Running /build/gcc17/src/gcc-17-20260927/gcc/testsuite/gcc.target/csky/fpuv3/fpuv3.exp ...
Running /build/gcc17/src/gcc-17-20260927/gcc/testsuite/gcc.target/epiphany/epiphany.exp ...
Running /build/gcc17/src/gcc-17-20260927/gcc/testsuite/gcc.target/frv/frv.exp ...
Running /build/gcc17/src/gcc-17-20260927/gcc/testsuite/gcc.target/gcn/gcn.exp ...
Running /build/gcc17/src/gcc-17-20260927/gcc/testsuite/gcc.target/h8300/h8300.exp ...
Running /build/gcc17/src/gcc-17-20260927/gcc/testsuite/gcc.target/hppa/hppa.exp ...
Running /build/gcc17/src/gcc-17-20260927/gcc/testsuite/gcc.target/i386/i386.exp ...
Running /build/gcc17/src/gcc-17-20260927/gcc/testsuite/gcc.target/i386/iamcu/abi-iamcu.exp ...
Running /build/gcc17/src/gcc-17-20260927/gcc/testsuite/gcc.target/i386/math-torture/math-torture.exp ...
Running /build/gcc17/src/gcc-17-20260927/gcc/testsuite/gcc.target/i386/stackalign/stackalign.exp ...
Running /build/gcc17/src/gcc-17-20260927/gcc/testsuite/gcc.target/ia64/ia64.exp ...
Running /build/gcc17/src/gcc-17-20260927/gcc/testsuite/gcc.target/loongarch/la32/la32.exp ...
Running /build/gcc17/src/gcc-17-20260927/gcc/testsuite/gcc.target/loongarch/la64/la64.exp ...
Running /build/gcc17/src/gcc-17-20260927/gcc/testsuite/gcc.target/loongarch/loongarch.exp ...
Running /build/gcc17/src/gcc-17-20260927/gcc/testsuite/gcc.target/loongarch/vector/loongarch-vector.exp ...
Running /build/gcc17/src/gcc-17-20260927/gcc/testsuite/gcc.target/m68k/m68k.exp ...
Running /build/gcc17/src/gcc-17-20260927/gcc/testsuite/gcc.target/microblaze/microblaze.exp ...
Running /build/gcc17/src/gcc-17-20260927/gcc/testsuite/gcc.target/mips/inter/mips16-inter.exp ...
Running /build/gcc17/src/gcc-17-20260927/gcc/testsuite/gcc.target/mips/mips-nonpic/mips-nonpic.exp ...
Running /build/gcc17/src/gcc-17-20260927/gcc/testsuite/gcc.target/mips/mips.exp ...
Running /build/gcc17/src/gcc-17-20260927/gcc/testsuite/gcc.target/msp430/msp430.exp ...
Running /build/gcc17/src/gcc-17-20260927/gcc/testsuite/gcc.target/nds32/nds32.exp ...
Running /build/gcc17/src/gcc-17-20260927/gcc/testsuite/gcc.target/nvptx/nvptx.exp ...
Running /build/gcc17/src/gcc-17-20260927/gcc/testsuite/gcc.target/or1k/or1k.exp ...
Running /build/gcc17/src/gcc-17-20260927/gcc/testsuite/gcc.target/pdp11/pdp11.exp ...
Running /build/gcc17/src/gcc-17-20260927/gcc/testsuite/gcc.target/powerpc/bfp/bfp.exp ...
Running /build/gcc17/src/gcc-17-20260927/gcc/testsuite/gcc.target/powerpc/dfp/dfp.exp ...
Running /build/gcc17/src/gcc-17-20260927/gcc/testsuite/gcc.target/powerpc/powerpc.exp ...
Running /build/gcc17/src/gcc-17-20260927/gcc/testsuite/gcc.target/powerpc/ppc-fortran/ppc-fortran.exp ...
Running /build/gcc17/src/gcc-17-20260927/gcc/testsuite/gcc.target/powerpc/vsu/vsu.exp ...
Running /build/gcc17/src/gcc-17-20260927/gcc/testsuite/gcc.target/pru/pru.exp ...
Running /build/gcc17/src/gcc-17-20260927/gcc/testsuite/gcc.target/riscv/amo/amo.exp ...
Running /build/gcc17/src/gcc-17-20260927/gcc/testsuite/gcc.target/riscv/cpunative/riscv-cpunative.exp ...
Running /build/gcc17/src/gcc-17-20260927/gcc/testsuite/gcc.target/riscv/lto/riscv-lto.exp ...
Running /build/gcc17/src/gcc-17-20260927/gcc/testsuite/gcc.target/riscv/multilib.exp ...
Running /build/gcc17/src/gcc-17-20260927/gcc/testsuite/gcc.target/riscv/riscv.exp ...
Running /build/gcc17/src/gcc-17-20260927/gcc/testsuite/gcc.target/riscv/rvv/rvv.exp ...
Running /build/gcc17/src/gcc-17-20260927/gcc/testsuite/gcc.target/riscv/rvv/vls-cc/riscv-vls-cc.exp ...
Running /build/gcc17/src/gcc-17-20260927/gcc/testsuite/gcc.target/rl78/rl78.exp ...
Running /build/gcc17/src/gcc-17-20260927/gcc/testsuite/gcc.target/rx/rx.exp ...
Running /build/gcc17/src/gcc-17-20260927/gcc/testsuite/gcc.target/s390/s390.exp ...
Running /build/gcc17/src/gcc-17-20260927/gcc/testsuite/gcc.target/sh/sh.exp ...
Running /build/gcc17/src/gcc-17-20260927/gcc/testsuite/gcc.target/sh/torture/sh-torture.exp ...
Running /build/gcc17/src/gcc-17-20260927/gcc/testsuite/gcc.target/sparc/sparc.exp ...
Running /build/gcc17/src/gcc-17-20260927/gcc/testsuite/gcc.target/tic6x/builtins/c6x-builtins.exp ...
Running /build/gcc17/src/gcc-17-20260927/gcc/testsuite/gcc.target/tic6x/tic6x.exp ...
Running /build/gcc17/src/gcc-17-20260927/gcc/testsuite/gcc.target/v850/v850.exp ...
Running /build/gcc17/src/gcc-17-20260927/gcc/testsuite/gcc.target/vax/vax.exp ...
Running /build/gcc17/src/gcc-17-20260927/gcc/testsuite/gcc.target/visium/visium.exp ...
Running /build/gcc17/src/gcc-17-20260927/gcc/testsuite/gcc.target/x86_64/abi/abi-x86_64.exp ...
Running /build/gcc17/src/gcc-17-20260927/gcc/testsuite/gcc.target/x86_64/abi/avx/abi-avx.exp ...
Running /build/gcc17/src/gcc-17-20260927/gcc/testsuite/gcc.target/x86_64/abi/avx512f/abi-avx512f.exp ...
Running /build/gcc17/src/gcc-17-20260927/gcc/testsuite/gcc.target/x86_64/abi/avx512fp16/abi-avx512fp16-xmm.exp ...
Running /build/gcc17/src/gcc-17-20260927/gcc/testsuite/gcc.target/x86_64/abi/avx512fp16/m256h/abi-avx512fp16-ymm.exp ...
Running /build/gcc17/src/gcc-17-20260927/gcc/testsuite/gcc.target/x86_64/abi/avx512fp16/m512h/abi-avx512fp16-zmm.exp ...
Running /build/gcc17/src/gcc-17-20260927/gcc/testsuite/gcc.target/x86_64/abi/bf16/abi-bf16.exp ...
Running /build/gcc17/src/gcc-17-20260927/gcc/testsuite/gcc.target/x86_64/abi/bf16/m256bf16/abi-bf16-ymm.exp ...
Running /build/gcc17/src/gcc-17-20260927/gcc/testsuite/gcc.target/x86_64/abi/bf16/m512bf16/abi-bf16-zmm.exp ...
Running /build/gcc17/src/gcc-17-20260927/gcc/testsuite/gcc.target/x86_64/abi/callabi/callabi.exp ...
Running /build/gcc17/src/gcc-17-20260927/gcc/testsuite/gcc.target/x86_64/abi/ms-sysv/ms-sysv.exp ...
Running /build/gcc17/src/gcc-17-20260927/gcc/testsuite/gcc.target/xstormy16/xstormy16.exp ...
Running /build/gcc17/src/gcc-17-20260927/gcc/testsuite/gcc.target/xtensa/xtensa.exp ...
Running /build/gcc17/src/gcc-17-20260927/gcc/testsuite/gcc.test-framework/test-framework.exp ...
skipping test framework tests, CHECK_TEST_FRAMEWORK is not defined

		=== gcc Summary ===

# of expected passes		26278
# of expected failures		180
# of unsupported tests		267
Couldn't determine version of /build/gcc17/src/gcc-build/gcc/xgcc: Using built-in specs.
COLLECT_GCC=/build/gcc17/src/gcc-build/gcc/xgcc
Target: x86_64-pc-linux-gnu
Configured with: ../gcc-17-20260927/configure --enable-languages=c,c++ --enable-bootstrap --prefix=/usr --libdir=/usr/lib --libexecdir=/usr/lib --mandir=/usr/share/man --infodir=/usr/share/info --with-bugurl=https://aur.archlinux.org/packages/gcc17 --with-linker-hash-style=gnu --with-system-zlib --enable-__cxa_atexit --enable-cet=auto --enable-checking=release --enable-clocale=gnu --enable-default-pie --enable-default-ssp --enable-gnu-indirect-function --enable-gnu-unique-object --enable-libstdcxx-backtrace --enable-link-serialization=1 --enable-linker-build-id --enable-lto --with-build-config=bootstrap-lto-lean --disable-multilib --enable-plugin --enable-shared --enable-threads=posix --disable-libssp --disable-libstdcxx-pch --disable-werror --program-suffix=-17 --enable-version-specific-runtime-libs --with-specs='%{!static:-Wl,-rpath,/usr/lib/gcc/x86_64-pc-linux-gnu/17.0.0}'
Thread model: posix
Supported LTO compression algorithms: zlib zstd
gcc version 17.0.0 20260927 (experimental) (GCC) 
[01m[Kxgcc:[m[K [01;31m[Kfatal error: [m[K'[01m[K]8;;https://gcc.gnu.org/onlinedocs/gcc/Optimize-Options.html#index-fuse-linker-plugin-fuse-linker-plugin]8;;[m[K', but liblto_plugin.so not found
compilation terminated.


make[3]: Leaving directory '/build/gcc17/src/gcc-build/gcc'
WARNING: Couldn't find the global config file.
Using /build/gcc17/src/gcc-17-20260927/libstdc++-v3/testsuite/lib/libstdc++.exp as tool init file.
spawn -ignore SIGHUP /build/gcc17/src/gcc-build/gcc/xgcc -B/build/gcc17/src/gcc-build/gcc/ -print-file-name=testsuite/et-static.exp
/build/gcc17/src/gcc-build/gcc/testsuite/et-static.exp
Test run by builduser on Sun Oct  4 12:47:19 2026
Native configuration is x86_64-pc-linux-gnu

		=== libstdc++ tests ===

Schedule of variations:
    unix

Running target unix
Using /usr/share/dejagnu/baseboards/unix.exp as board description file for target.
Using /usr/share/dejagnu/config/unix.exp as generic interface file for target.
Using /build/gcc17/src/gcc-17-20260927/libstdc++-v3/testsuite/config/default.exp as tool-and-target-specific interface file.
Running /build/gcc17/src/gcc-17-20260927/libstdc++-v3/testsuite/libstdc++-abi/abi.exp ...
Running /build/gcc17/src/gcc-17-20260927/libstdc++-v3/testsuite/libstdc++-dg/conformance.exp ...
make[3]: Entering directory '/build/gcc17/src/gcc-build/gcc'
WARNING: Couldn't find the global config file.
Using /build/gcc17/src/gcc-17-20260927/gcc/testsuite/lib/gcc.exp as tool init file.
spawn -ignore SIGHUP /build/gcc17/src/gcc-build/gcc/xgcc -B/build/gcc17/src/gcc-build/gcc/ -print-file-name=testsuite/et-static.exp
/build/gcc17/src/gcc-build/gcc/testsuite/et-static.exp
Test run by builduser on Sun Oct  4 12:24:57 2026
Native configuration is x86_64-pc-linux-gnu

		=== gcc tests ===

Schedule of variations:
    unix

Running target unix
Using /usr/share/dejagnu/baseboards/unix.exp as board description file for target.
Using /usr/share/dejagnu/config/unix.exp as generic interface file for target.
Using /build/gcc17/src/gcc-17-20260927/gcc/testsuite/config/default.exp as tool-and-target-specific interface file.
Running /build/gcc17/src/gcc-17-20260927/gcc/testsuite/gcc.c-torture/compile/compile.exp ...
Running /build/gcc17/src/gcc-17-20260927/gcc/testsuite/gcc.c-torture/execute/builtins/builtins.exp ...
Running /build/gcc17/src/gcc-17-20260927/gcc/testsuite/gcc.c-torture/execute/execute.exp ...
Running /build/gcc17/src/gcc-17-20260927/gcc/testsuite/gcc.c-torture/execute/ieee/ieee.exp ...
Running /build/gcc17/src/gcc-17-20260927/gcc/testsuite/gcc.c-torture/unsorted/unsorted.exp ...
Running /build/gcc17/src/gcc-17-20260927/gcc/testsuite/gcc.dg/analyzer/analyzer.exp ...
Running /build/gcc17/src/gcc-17-20260927/gcc/testsuite/gcc.dg/analyzer/torture/analyzer-torture.exp ...
Running /build/gcc17/src/gcc-17-20260927/gcc/testsuite/gcc.dg/asan/asan.exp ...
Running /build/gcc17/src/gcc-17-20260927/gcc/testsuite/gcc.dg/atomic/atomic.exp ...
Running /build/gcc17/src/gcc-17-20260927/gcc/testsuite/gcc.dg/autopar/autopar.exp ...
Running /build/gcc17/src/gcc-17-20260927/gcc/testsuite/gcc.dg/charset/charset.exp ...
Running /build/gcc17/src/gcc-17-20260927/gcc/testsuite/gcc.dg/compat/compat.exp ...
Running /build/gcc17/src/gcc-17-20260927/gcc/testsuite/gcc.dg/compat/struct-layout-1.exp ...
Running /build/gcc17/src/gcc-17-20260927/gcc/testsuite/gcc.dg/cpp/cpp.exp ...
FAIL: c-c++-common/cpp/has-include-1.c  -Wc++-compat  (test for excess errors)
Running /build/gcc17/src/gcc-17-20260927/gcc/testsuite/gcc.dg/cpp/trad/trad.exp ...
Running /build/gcc17/src/gcc-17-20260927/gcc/testsuite/gcc.dg/debug/btf/btf.exp ...
Running /build/gcc17/src/gcc-17-20260927/gcc/testsuite/gcc.dg/debug/codeview/codeview.exp ...
Running /build/gcc17/src/gcc-17-20260927/gcc/testsuite/gcc.dg/debug/ctf/ctf.exp ...
Running /build/gcc17/src/gcc-17-20260927/gcc/testsuite/gcc.dg/debug/debug.exp ...
Running /build/gcc17/src/gcc-17-20260927/gcc/testsuite/gcc.dg/debug/dwarf2/dwarf2.exp ...
Running /build/gcc17/src/gcc-17-20260927/gcc/testsuite/gcc.dg/dfp/dfp.exp ...
Running /build/gcc17/src/gcc-17-20260927/gcc/testsuite/gcc.dg/dg.exp ...
Running /build/gcc17/src/gcc-17-20260927/gcc/testsuite/gcc.dg/fixed-point/fixed-point.exp ...
Running /build/gcc17/src/gcc-17-20260927/gcc/testsuite/gcc.dg/format/format.exp ...
Running /build/gcc17/src/gcc-17-20260927/gcc/testsuite/gcc.dg/goacc-gomp/goacc-gomp.exp ...
Running /build/gcc17/src/gcc-17-20260927/gcc/testsuite/gcc.dg/goacc/goacc.exp ...
Running /build/gcc17/src/gcc-17-20260927/gcc/testsuite/gcc.dg/gomp/gomp.exp ...
Running /build/gcc17/src/gcc-17-20260927/gcc/testsuite/gcc.dg/graphite/graphite.exp ...
Running /build/gcc17/src/gcc-17-20260927/gcc/testsuite/gcc.dg/guality/guality.exp ...
Running /build/gcc17/src/gcc-17-20260927/gcc/testsuite/gcc.dg/html-output/html-output.exp ...
Running /build/gcc17/src/gcc-17-20260927/gcc/testsuite/gcc.dg/hwasan/hwasan.exp ...
Running /build/gcc17/src/gcc-17-20260927/gcc/testsuite/gcc.dg/ipa/ipa.exp ...
Running /build/gcc17/src/gcc-17-20260927/gcc/testsuite/gcc.dg/lto/lto.exp ...
Running /build/gcc17/src/gcc-17-20260927/gcc/testsuite/gcc.dg/noncompile/noncompile.exp ...
Running /build/gcc17/src/gcc-17-20260927/gcc/testsuite/gcc.dg/params/params.exp ...
Running /build/gcc17/src/gcc-17-20260927/gcc/testsuite/gcc.dg/pch/pch.exp ...
Running /build/gcc17/src/gcc-17-20260927/gcc/testsuite/gcc.dg/plugin/plugin.exp ...
Running /build/gcc17/src/gcc-17-20260927/gcc/testsuite/gcc.dg/rtl/rtl.exp ...
Running /build/gcc17/src/gcc-17-20260927/gcc/testsuite/gcc.dg/sancov/sancov.exp ...
Running /build/gcc17/src/gcc-17-20260927/gcc/testsuite/gcc.dg/sarif-output/sarif-output.exp ...
Running /build/gcc17/src/gcc-17-20260927/gcc/testsuite/gcc.dg/simulate-thread/simulate-thread.exp ...
Running /build/gcc17/src/gcc-17-20260927/gcc/testsuite/gcc.dg/special/mips-abi.exp ...
Running /build/gcc17/src/gcc-17-20260927/gcc/testsuite/gcc.dg/special/special.exp ...
Running /build/gcc17/src/gcc-17-20260927/gcc/testsuite/gcc.dg/sso/sso.exp ...
Running /build/gcc17/src/gcc-17-20260927/gcc/testsuite/gcc.dg/tls/tls.exp ...
Running /build/gcc17/src/gcc-17-20260927/gcc/testsuite/gcc.dg/tm/tm.exp ...
Running /build/gcc17/src/gcc-17-20260927/gcc/testsuite/gcc.dg/torture/dg-torture.exp ...
Running /build/gcc17/src/gcc-17-20260927/gcc/testsuite/gcc.dg/torture/stackalign/stackalign.exp ...
Running /build/gcc17/src/gcc-17-20260927/gcc/testsuite/gcc.dg/torture/tls/tls.exp ...
Running /build/gcc17/src/gcc-17-20260927/gcc/testsuite/gcc.dg/tree-prof/tree-prof.exp ...
Running /build/gcc17/src/gcc-17-20260927/gcc/testsuite/gcc.dg/tree-ssa/tree-ssa.exp ...
Running /build/gcc17/src/gcc-17-20260927/gcc/testsuite/gcc.dg/tsan/tsan.exp ...
Running /build/gcc17/src/gcc-17-20260927/gcc/testsuite/gcc.dg/ubsan/ubsan.exp ...
Running /build/gcc17/src/gcc-17-20260927/gcc/testsuite/gcc.dg/vect/complex/complex.exp ...
Running /build/gcc17/src/gcc-17-20260927/gcc/testsuite/gcc.dg/vect/costmodel/i386/i386-costmodel-vect.exp ...
Running /build/gcc17/src/gcc-17-20260927/gcc/testsuite/gcc.dg/vect/costmodel/ppc/ppc-costmodel-vect.exp ...
Running /build/gcc17/src/gcc-17-20260927/gcc/testsuite/gcc.dg/vect/costmodel/riscv/rvv/rvv-costmodel-vect.exp ...
Running /build/gcc17/src/gcc-17-20260927/gcc/testsuite/gcc.dg/vect/costmodel/x86_64/x86_64-costmodel-vect.exp ...
Running /build/gcc17/src/gcc-17-20260927/gcc/testsuite/gcc.dg/vect/vect.exp ...
Running /build/gcc17/src/gcc-17-20260927/gcc/testsuite/gcc.dg/vmx/vmx.exp ...
Running /build/gcc17/src/gcc-17-20260927/gcc/testsuite/gcc.dg/vxworks/vxworks.exp ...
Running /build/gcc17/src/gcc-17-20260927/gcc/testsuite/gcc.dg/weak/weak.exp ...
Running /build/gcc17/src/gcc-17-20260927/gcc/testsuite/gcc.dg-selftests/dg-final.exp ...
Running /build/gcc17/src/gcc-17-20260927/gcc/testsuite/gcc.misc-tests/acker1.exp ...
Running /build/gcc17/src/gcc-17-20260927/gcc/testsuite/gcc.misc-tests/arm-isr.exp ...
Running /build/gcc17/src/gcc-17-20260927/gcc/testsuite/gcc.misc-tests/bprob.exp ...
Running /build/gcc17/src/gcc-17-20260927/gcc/testsuite/gcc.misc-tests/dectest.exp ...
Running /build/gcc17/src/gcc-17-20260927/gcc/testsuite/gcc.misc-tests/dhry.exp ...
Running /build/gcc17/src/gcc-17-20260927/gcc/testsuite/gcc.misc-tests/gcov.exp ...
Running /build/gcc17/src/gcc-17-20260927/gcc/testsuite/gcc.misc-tests/godump.exp ...
Running /build/gcc17/src/gcc-17-20260927/gcc/testsuite/gcc.misc-tests/help.exp ...
Running /build/gcc17/src/gcc-17-20260927/gcc/testsuite/gcc.misc-tests/i386-prefetch.exp ...
Running /build/gcc17/src/gcc-17-20260927/gcc/testsuite/gcc.misc-tests/linkage.exp ...
Running /build/gcc17/src/gcc-17-20260927/gcc/testsuite/gcc.misc-tests/matrix1.exp ...
Running /build/gcc17/src/gcc-17-20260927/gcc/testsuite/gcc.misc-tests/mg-2.exp ...
Running /build/gcc17/src/gcc-17-20260927/gcc/testsuite/gcc.misc-tests/mg.exp ...
Running /build/gcc17/src/gcc-17-20260927/gcc/testsuite/gcc.misc-tests/options.exp ...
Running /build/gcc17/src/gcc-17-20260927/gcc/testsuite/gcc.misc-tests/output.exp ...
Running /build/gcc17/src/gcc-17-20260927/gcc/testsuite/gcc.misc-tests/outputs.exp ...
Running /build/gcc17/src/gcc-17-20260927/gcc/testsuite/gcc.misc-tests/pr111527.exp ...
Running /build/gcc17/src/gcc-17-20260927/gcc/testsuite/gcc.misc-tests/sieve.exp ...
Running /build/gcc17/src/gcc-17-20260927/gcc/testsuite/gcc.misc-tests/sort2.exp ...
Running /build/gcc17/src/gcc-17-20260927/gcc/testsuite/gcc.src/maintainers.exp ...
Running /build/gcc17/src/gcc-17-20260927/gcc/testsuite/gcc.target/aarch64/aapcs64/aapcs64.exp ...
Running /build/gcc17/src/gcc-17-20260927/gcc/testsuite/gcc.target/aarch64/aarch64-json-tunings/aarch64-json-tunings.exp ...
Running /build/gcc17/src/gcc-17-20260927/gcc/testsuite/gcc.target/aarch64/aarch64.exp ...
Running /build/gcc17/src/gcc-17-20260927/gcc/testsuite/gcc.target/aarch64/acle/acle.exp ...
Running /build/gcc17/src/gcc-17-20260927/gcc/testsuite/gcc.target/aarch64/advsimd-intrinsics/advsimd-intrinsics.exp ...
Running /build/gcc17/src/gcc-17-20260927/gcc/testsuite/gcc.target/aarch64/build-attributes/aarch64-build-attributes.exp ...
Running /build/gcc17/src/gcc-17-20260927/gcc/testsuite/gcc.target/aarch64/cpunative/aarch64-cpunative.exp ...
Running /build/gcc17/src/gcc-17-20260927/gcc/testsuite/gcc.target/aarch64/fp16/fp16.exp ...
Running /build/gcc17/src/gcc-17-20260927/gcc/testsuite/gcc.target/aarch64/lto/lto.exp ...
Running /build/gcc17/src/gcc-17-20260927/gcc/testsuite/gcc.target/aarch64/memtag/memtag.exp ...
Running /build/gcc17/src/gcc-17-20260927/gcc/testsuite/gcc.target/aarch64/mingw/mingw.exp ...
Running /build/gcc17/src/gcc-17-20260927/gcc/testsuite/gcc.target/aarch64/neon/aarch64-neon.exp ...
Running /build/gcc17/src/gcc-17-20260927/gcc/testsuite/gcc.target/aarch64/pch/aarch64-pch.exp ...
Running /build/gcc17/src/gcc-17-20260927/gcc/testsuite/gcc.target/aarch64/simd/simd.exp ...
Running /build/gcc17/src/gcc-17-20260927/gcc/testsuite/gcc.target/aarch64/sls-mitigation/sls-mitigation.exp ...
Running /build/gcc17/src/gcc-17-20260927/gcc/testsuite/gcc.target/aarch64/sme/aarch64-sme-acle-asm.exp ...
Running /build/gcc17/src/gcc-17-20260927/gcc/testsuite/gcc.target/aarch64/sme/aarch64-sme.exp ...
Running /build/gcc17/src/gcc-17-20260927/gcc/testsuite/gcc.target/aarch64/sme2/aarch64-sme2-acle-asm.exp ...
Running /build/gcc17/src/gcc-17-20260927/gcc/testsuite/gcc.target/aarch64/sve/aarch64-sve.exp ...
Running /build/gcc17/src/gcc-17-20260927/gcc/testsuite/gcc.target/aarch64/sve/acle/aarch64-sve-acle-asm.exp ...
Running /build/gcc17/src/gcc-17-20260927/gcc/testsuite/gcc.target/aarch64/sve/acle/aarch64-sve-acle.exp ...
Running /build/gcc17/src/gcc-17-20260927/gcc/testsuite/gcc.target/aarch64/sve/gomp/gomp.exp ...
Running /build/gcc17/src/gcc-17-20260927/gcc/testsuite/gcc.target/aarch64/sve/pcs/aarch64-sve-pcs.exp ...
Running /build/gcc17/src/gcc-17-20260927/gcc/testsuite/gcc.target/aarch64/sve2/aarch64-sve2.exp ...
Running /build/gcc17/src/gcc-17-20260927/gcc/testsuite/gcc.target/aarch64/sve2/acle/aarch64-sve2-acle-asm.exp ...
Running /build/gcc17/src/gcc-17-20260927/gcc/testsuite/gcc.target/aarch64/sve2/acle/aarch64-sve2-acle.exp ...
Running /build/gcc17/src/gcc-17-20260927/gcc/testsuite/gcc.target/aarch64/torture/aarch64-torture.exp ...
Running /build/gcc17/src/gcc-17-20260927/gcc/testsuite/gcc.target/alpha/alpha.exp ...
Running /build/gcc17/src/gcc-17-20260927/gcc/testsuite/gcc.target/arc/arc.exp ...
Running /build/gcc17/src/gcc-17-20260927/gcc/testsuite/gcc.target/arm/aapcs/aapcs.exp ...
Running /build/gcc17/src/gcc-17-20260927/gcc/testsuite/gcc.target/arm/acle/acle.exp ...
Running /build/gcc17/src/gcc-17-20260927/gcc/testsuite/gcc.target/arm/arm.exp ...
Running /build/gcc17/src/gcc-17-20260927/gcc/testsuite/gcc.target/arm/cmse/cmse.exp ...
Running /build/gcc17/src/gcc-17-20260927/gcc/testsuite/gcc.target/arm/lto/lto.exp ...
Running /build/gcc17/src/gcc-17-20260927/gcc/testsuite/gcc.target/arm/multilib.exp ...
Running /build/gcc17/src/gcc-17-20260927/gcc/testsuite/gcc.target/arm/mve/mve.exp ...
Running /build/gcc17/src/gcc-17-20260927/gcc/testsuite/gcc.target/arm/pure-code/pure-code.exp ...
Running /build/gcc17/src/gcc-17-20260927/gcc/testsuite/gcc.target/arm/simd/simd.exp ...
Running /build/gcc17/src/gcc-17-20260927/gcc/testsuite/gcc.target/avr/avr.exp ...
Running /build/gcc17/src/gcc-17-20260927/gcc/testsuite/gcc.target/avr/mmcu/avr-mmcu.exp ...
Running /build/gcc17/src/gcc-17-20260927/gcc/testsuite/gcc.target/avr/torture/avr-torture.exp ...
Running /build/gcc17/src/gcc-17-20260927/gcc/testsuite/gcc.target/bfin/bfin.exp ...
Running /build/gcc17/src/gcc-17-20260927/gcc/testsuite/gcc.target/bfin/builtins/bfin-builtins.exp ...
Running /build/gcc17/src/gcc-17-20260927/gcc/testsuite/gcc.target/bpf/bpf.exp ...
Running /build/gcc17/src/gcc-17-20260927/gcc/testsuite/gcc.target/bpf/torture/bpf-torture.exp ...
Running /build/gcc17/src/gcc-17-20260927/gcc/testsuite/gcc.target/cris/cris.exp ...
Running /build/gcc17/src/gcc-17-20260927/gcc/testsuite/gcc.target/cris/torture/cris-torture.exp ...
Running /build/gcc17/src/gcc-17-20260927/gcc/testsuite/gcc.target/csky/csky.exp ...
Running /build/gcc17/src/gcc-17-20260927/gcc/testsuite/gcc.target/csky/fpuv3/fpuv3.exp ...
Running /build/gcc17/src/gcc-17-20260927/gcc/testsuite/gcc.target/epiphany/epiphany.exp ...
Running /build/gcc17/src/gcc-17-20260927/gcc/testsuite/gcc.target/frv/frv.exp ...
Running /build/gcc17/src/gcc-17-20260927/gcc/testsuite/gcc.target/gcn/gcn.exp ...
Running /build/gcc17/src/gcc-17-20260927/gcc/testsuite/gcc.target/h8300/h8300.exp ...
Running /build/gcc17/src/gcc-17-20260927/gcc/testsuite/gcc.target/hppa/hppa.exp ...
Running /build/gcc17/src/gcc-17-20260927/gcc/testsuite/gcc.target/i386/i386.exp ...
Running /build/gcc17/src/gcc-17-20260927/gcc/testsuite/gcc.target/i386/iamcu/abi-iamcu.exp ...
Running /build/gcc17/src/gcc-17-20260927/gcc/testsuite/gcc.target/i386/math-torture/math-torture.exp ...
Running /build/gcc17/src/gcc-17-20260927/gcc/testsuite/gcc.target/i386/stackalign/stackalign.exp ...
Running /build/gcc17/src/gcc-17-20260927/gcc/testsuite/gcc.target/ia64/ia64.exp ...
Running /build/gcc17/src/gcc-17-20260927/gcc/testsuite/gcc.target/loongarch/la32/la32.exp ...
Running /build/gcc17/src/gcc-17-20260927/gcc/testsuite/gcc.target/loongarch/la64/la64.exp ...
Running /build/gcc17/src/gcc-17-20260927/gcc/testsuite/gcc.target/loongarch/loongarch.exp ...
Running /build/gcc17/src/gcc-17-20260927/gcc/testsuite/gcc.target/loongarch/vector/loongarch-vector.exp ...
Running /build/gcc17/src/gcc-17-20260927/gcc/testsuite/gcc.target/m68k/m68k.exp ...
Running /build/gcc17/src/gcc-17-20260927/gcc/testsuite/gcc.target/microblaze/microblaze.exp ...
Running /build/gcc17/src/gcc-17-20260927/gcc/testsuite/gcc.target/mips/inter/mips16-inter.exp ...
Running /build/gcc17/src/gcc-17-20260927/gcc/testsuite/gcc.target/mips/mips-nonpic/mips-nonpic.exp ...
Running /build/gcc17/src/gcc-17-20260927/gcc/testsuite/gcc.target/mips/mips.exp ...
Running /build/gcc17/src/gcc-17-20260927/gcc/testsuite/gcc.target/msp430/msp430.exp ...
Running /build/gcc17/src/gcc-17-20260927/gcc/testsuite/gcc.target/nds32/nds32.exp ...
Running /build/gcc17/src/gcc-17-20260927/gcc/testsuite/gcc.target/nvptx/nvptx.exp ...
Running /build/gcc17/src/gcc-17-20260927/gcc/testsuite/gcc.target/or1k/or1k.exp ...
Running /build/gcc17/src/gcc-17-20260927/gcc/testsuite/gcc.target/pdp11/pdp11.exp ...
Running /build/gcc17/src/gcc-17-20260927/gcc/testsuite/gcc.target/powerpc/bfp/bfp.exp ...
Running /build/gcc17/src/gcc-17-20260927/gcc/testsuite/gcc.target/powerpc/dfp/dfp.exp ...
Running /build/gcc17/src/gcc-17-20260927/gcc/testsuite/gcc.target/powerpc/powerpc.exp ...
Running /build/gcc17/src/gcc-17-20260927/gcc/testsuite/gcc.target/powerpc/ppc-fortran/ppc-fortran.exp ...
Running /build/gcc17/src/gcc-17-20260927/gcc/testsuite/gcc.target/powerpc/vsu/vsu.exp ...
Running /build/gcc17/src/gcc-17-20260927/gcc/testsuite/gcc.target/pru/pru.exp ...
Running /build/gcc17/src/gcc-17-20260927/gcc/testsuite/gcc.target/riscv/amo/amo.exp ...
Running /build/gcc17/src/gcc-17-20260927/gcc/testsuite/gcc.target/riscv/cpunative/riscv-cpunative.exp ...
Running /build/gcc17/src/gcc-17-20260927/gcc/testsuite/gcc.target/riscv/lto/riscv-lto.exp ...
Running /build/gcc17/src/gcc-17-20260927/gcc/testsuite/gcc.target/riscv/multilib.exp ...
Running /build/gcc17/src/gcc-17-20260927/gcc/testsuite/gcc.target/riscv/riscv.exp ...
Running /build/gcc17/src/gcc-17-20260927/gcc/testsuite/gcc.target/riscv/rvv/rvv.exp ...
Running /build/gcc17/src/gcc-17-20260927/gcc/testsuite/gcc.target/riscv/rvv/vls-cc/riscv-vls-cc.exp ...
Running /build/gcc17/src/gcc-17-20260927/gcc/testsuite/gcc.target/rl78/rl78.exp ...
Running /build/gcc17/src/gcc-17-20260927/gcc/testsuite/gcc.target/rx/rx.exp ...
Running /build/gcc17/src/gcc-17-20260927/gcc/testsuite/gcc.target/s390/s390.exp ...
Running /build/gcc17/src/gcc-17-20260927/gcc/testsuite/gcc.target/sh/sh.exp ...
Running /build/gcc17/src/gcc-17-20260927/gcc/testsuite/gcc.target/sh/torture/sh-torture.exp ...
Running /build/gcc17/src/gcc-17-20260927/gcc/testsuite/gcc.target/sparc/sparc.exp ...
Running /build/gcc17/src/gcc-17-20260927/gcc/testsuite/gcc.target/tic6x/builtins/c6x-builtins.exp ...
Running /build/gcc17/src/gcc-17-20260927/gcc/testsuite/gcc.target/tic6x/tic6x.exp ...
Running /build/gcc17/src/gcc-17-20260927/gcc/testsuite/gcc.target/v850/v850.exp ...
Running /build/gcc17/src/gcc-17-20260927/gcc/testsuite/gcc.target/vax/vax.exp ...
Running /build/gcc17/src/gcc-17-20260927/gcc/testsuite/gcc.target/visium/visium.exp ...
Running /build/gcc17/src/gcc-17-20260927/gcc/testsuite/gcc.target/x86_64/abi/abi-x86_64.exp ...
Running /build/gcc17/src/gcc-17-20260927/gcc/testsuite/gcc.target/x86_64/abi/avx/abi-avx.exp ...
Running /build/gcc17/src/gcc-17-20260927/gcc/testsuite/gcc.target/x86_64/abi/avx512f/abi-avx512f.exp ...
Running /build/gcc17/src/gcc-17-20260927/gcc/testsuite/gcc.target/x86_64/abi/avx512fp16/abi-avx512fp16-xmm.exp ...
Running /build/gcc17/src/gcc-17-20260927/gcc/testsuite/gcc.target/x86_64/abi/avx512fp16/m256h/abi-avx512fp16-ymm.exp ...
Running /build/gcc17/src/gcc-17-20260927/gcc/testsuite/gcc.target/x86_64/abi/avx512fp16/m512h/abi-avx512fp16-zmm.exp ...
Running /build/gcc17/src/gcc-17-20260927/gcc/testsuite/gcc.target/x86_64/abi/bf16/abi-bf16.exp ...
Running /build/gcc17/src/gcc-17-20260927/gcc/testsuite/gcc.target/x86_64/abi/bf16/m256bf16/abi-bf16-ymm.exp ...
Running /build/gcc17/src/gcc-17-20260927/gcc/testsuite/gcc.target/x86_64/abi/bf16/m512bf16/abi-bf16-zmm.exp ...
Running /build/gcc17/src/gcc-17-20260927/gcc/testsuite/gcc.target/x86_64/abi/callabi/callabi.exp ...
Running /build/gcc17/src/gcc-17-20260927/gcc/testsuite/gcc.target/x86_64/abi/ms-sysv/ms-sysv.exp ...
Running /build/gcc17/src/gcc-17-20260927/gcc/testsuite/gcc.target/xstormy16/xstormy16.exp ...
Running /build/gcc17/src/gcc-17-20260927/gcc/testsuite/gcc.target/xtensa/xtensa.exp ...
Running /build/gcc17/src/gcc-17-20260927/gcc/testsuite/gcc.test-framework/test-framework.exp ...
skipping test framework tests, CHECK_TEST_FRAMEWORK is not defined

		=== gcc Summary ===

# of expected passes		30662
# of unexpected failures	1
# of expected failures		204
# of unsupported tests		449
Couldn't determine version of /build/gcc17/src/gcc-build/gcc/xgcc: Using built-in specs.
COLLECT_GCC=/build/gcc17/src/gcc-build/gcc/xgcc
Target: x86_64-pc-linux-gnu
Configured with: ../gcc-17-20260927/configure --enable-languages=c,c++ --enable-bootstrap --prefix=/usr --libdir=/usr/lib --libexecdir=/usr/lib --mandir=/usr/share/man --infodir=/usr/share/info --with-bugurl=https://aur.archlinux.org/packages/gcc17 --with-linker-hash-style=gnu --with-system-zlib --enable-__cxa_atexit --enable-cet=auto --enable-checking=release --enable-clocale=gnu --enable-default-pie --enable-default-ssp --enable-gnu-indirect-function --enable-gnu-unique-object --enable-libstdcxx-backtrace --enable-link-serialization=1 --enable-linker-build-id --enable-lto --with-build-config=bootstrap-lto-lean --disable-multilib --enable-plugin --enable-shared --enable-threads=posix --disable-libssp --disable-libstdcxx-pch --disable-werror --program-suffix=-17 --enable-version-specific-runtime-libs --with-specs='%{!static:-Wl,-rpath,/usr/lib/gcc/x86_64-pc-linux-gnu/17.0.0}'
Thread model: posix
Supported LTO compression algorithms: zlib zstd
gcc version 17.0.0 20260927 (experimental) (GCC) 
[01m[Kxgcc:[m[K [01;31m[Kfatal error: [m[K'[01m[K]8;;https://gcc.gnu.org/onlinedocs/gcc/Optimize-Options.html#index-fuse-linker-plugin-fuse-linker-plugin]8;;[m[K', but liblto_plugin.so not found
compilation terminated.


make[3]: Leaving directory '/build/gcc17/src/gcc-build/gcc'
WARNING: Couldn't find the global config file.
Using /build/gcc17/src/gcc-17-20260927/libstdc++-v3/testsuite/lib/libstdc++.exp as tool init file.
spawn -ignore SIGHUP /build/gcc17/src/gcc-build/gcc/xgcc -B/build/gcc17/src/gcc-build/gcc/ -print-file-name=testsuite/et-static.exp
/build/gcc17/src/gcc-build/gcc/testsuite/et-static.exp
Test run by builduser on Sun Oct  4 12:47:19 2026
Native configuration is x86_64-pc-linux-gnu

		=== libstdc++ tests ===

Schedule of variations:
    unix

Running target unix
Using /usr/share/dejagnu/baseboards/unix.exp as board description file for target.
Using /usr/share/dejagnu/config/unix.exp as generic interface file for target.
Using /build/gcc17/src/gcc-17-20260927/libstdc++-v3/testsuite/config/default.exp as tool-and-target-specific interface file.
Running /build/gcc17/src/gcc-17-20260927/libstdc++-v3/testsuite/libstdc++-abi/abi.exp ...
Running /build/gcc17/src/gcc-17-20260927/libstdc++-v3/testsuite/libstdc++-dg/conformance.exp ...
make[3]: Entering directory '/build/gcc17/src/gcc-build/gcc'
WARNING: Couldn't find the global config file.
Using /build/gcc17/src/gcc-17-20260927/gcc/testsuite/lib/gcc.exp as tool init file.
spawn -ignore SIGHUP /build/gcc17/src/gcc-build/gcc/xgcc -B/build/gcc17/src/gcc-build/gcc/ -print-file-name=testsuite/et-static.exp
/build/gcc17/src/gcc-build/gcc/testsuite/et-static.exp
Test run by builduser on Sun Oct  4 12:24:58 2026
Native configuration is x86_64-pc-linux-gnu

		=== gcc tests ===

Schedule of variations:
    unix

Running target unix
Using /usr/share/dejagnu/baseboards/unix.exp as board description file for target.
Using /usr/share/dejagnu/config/unix.exp as generic interface file for target.
Using /build/gcc17/src/gcc-17-20260927/gcc/testsuite/config/default.exp as tool-and-target-specific interface file.
Running /build/gcc17/src/gcc-17-20260927/gcc/testsuite/gcc.c-torture/compile/compile.exp ...
Running /build/gcc17/src/gcc-17-20260927/gcc/testsuite/gcc.c-torture/execute/builtins/builtins.exp ...
Running /build/gcc17/src/gcc-17-20260927/gcc/testsuite/gcc.c-torture/execute/execute.exp ...
Running /build/gcc17/src/gcc-17-20260927/gcc/testsuite/gcc.c-torture/execute/ieee/ieee.exp ...
Running /build/gcc17/src/gcc-17-20260927/gcc/testsuite/gcc.c-torture/unsorted/unsorted.exp ...
Running /build/gcc17/src/gcc-17-20260927/gcc/testsuite/gcc.dg/analyzer/analyzer.exp ...
Running /build/gcc17/src/gcc-17-20260927/gcc/testsuite/gcc.dg/analyzer/torture/analyzer-torture.exp ...
Running /build/gcc17/src/gcc-17-20260927/gcc/testsuite/gcc.dg/asan/asan.exp ...
Running /build/gcc17/src/gcc-17-20260927/gcc/testsuite/gcc.dg/atomic/atomic.exp ...
Running /build/gcc17/src/gcc-17-20260927/gcc/testsuite/gcc.dg/autopar/autopar.exp ...
Running /build/gcc17/src/gcc-17-20260927/gcc/testsuite/gcc.dg/charset/charset.exp ...
Running /build/gcc17/src/gcc-17-20260927/gcc/testsuite/gcc.dg/compat/compat.exp ...
Running /build/gcc17/src/gcc-17-20260927/gcc/testsuite/gcc.dg/compat/struct-layout-1.exp ...
Running /build/gcc17/src/gcc-17-20260927/gcc/testsuite/gcc.dg/cpp/cpp.exp ...
Running /build/gcc17/src/gcc-17-20260927/gcc/testsuite/gcc.dg/cpp/trad/trad.exp ...
Running /build/gcc17/src/gcc-17-20260927/gcc/testsuite/gcc.dg/debug/btf/btf.exp ...
Running /build/gcc17/src/gcc-17-20260927/gcc/testsuite/gcc.dg/debug/codeview/codeview.exp ...
Running /build/gcc17/src/gcc-17-20260927/gcc/testsuite/gcc.dg/debug/ctf/ctf.exp ...
Running /build/gcc17/src/gcc-17-20260927/gcc/testsuite/gcc.dg/debug/debug.exp ...
Running /build/gcc17/src/gcc-17-20260927/gcc/testsuite/gcc.dg/debug/dwarf2/dwarf2.exp ...
Running /build/gcc17/src/gcc-17-20260927/gcc/testsuite/gcc.dg/dfp/dfp.exp ...
Running /build/gcc17/src/gcc-17-20260927/gcc/testsuite/gcc.dg/dg.exp ...
Running /build/gcc17/src/gcc-17-20260927/gcc/testsuite/gcc.dg/fixed-point/fixed-point.exp ...
Running /build/gcc17/src/gcc-17-20260927/gcc/testsuite/gcc.dg/format/format.exp ...
Running /build/gcc17/src/gcc-17-20260927/gcc/testsuite/gcc.dg/goacc-gomp/goacc-gomp.exp ...
Running /build/gcc17/src/gcc-17-20260927/gcc/testsuite/gcc.dg/goacc/goacc.exp ...
Running /build/gcc17/src/gcc-17-20260927/gcc/testsuite/gcc.dg/gomp/gomp.exp ...
Running /build/gcc17/src/gcc-17-20260927/gcc/testsuite/gcc.dg/graphite/graphite.exp ...
Running /build/gcc17/src/gcc-17-20260927/gcc/testsuite/gcc.dg/guality/guality.exp ...
Running /build/gcc17/src/gcc-17-20260927/gcc/testsuite/gcc.dg/html-output/html-output.exp ...
Running /build/gcc17/src/gcc-17-20260927/gcc/testsuite/gcc.dg/hwasan/hwasan.exp ...
Running /build/gcc17/src/gcc-17-20260927/gcc/testsuite/gcc.dg/ipa/ipa.exp ...
Running /build/gcc17/src/gcc-17-20260927/gcc/testsuite/gcc.dg/lto/lto.exp ...
Running /build/gcc17/src/gcc-17-20260927/gcc/testsuite/gcc.dg/noncompile/noncompile.exp ...
Running /build/gcc17/src/gcc-17-20260927/gcc/testsuite/gcc.dg/params/params.exp ...
Running /build/gcc17/src/gcc-17-20260927/gcc/testsuite/gcc.dg/pch/pch.exp ...
Running /build/gcc17/src/gcc-17-20260927/gcc/testsuite/gcc.dg/plugin/plugin.exp ...
Running /build/gcc17/src/gcc-17-20260927/gcc/testsuite/gcc.dg/rtl/rtl.exp ...
Running /build/gcc17/src/gcc-17-20260927/gcc/testsuite/gcc.dg/sancov/sancov.exp ...
Running /build/gcc17/src/gcc-17-20260927/gcc/testsuite/gcc.dg/sarif-output/sarif-output.exp ...
Running /build/gcc17/src/gcc-17-20260927/gcc/testsuite/gcc.dg/simulate-thread/simulate-thread.exp ...
Running /build/gcc17/src/gcc-17-20260927/gcc/testsuite/gcc.dg/special/mips-abi.exp ...
Running /build/gcc17/src/gcc-17-20260927/gcc/testsuite/gcc.dg/special/special.exp ...
Running /build/gcc17/src/gcc-17-20260927/gcc/testsuite/gcc.dg/sso/sso.exp ...
Running /build/gcc17/src/gcc-17-20260927/gcc/testsuite/gcc.dg/tls/tls.exp ...
Running /build/gcc17/src/gcc-17-20260927/gcc/testsuite/gcc.dg/tm/tm.exp ...
Running /build/gcc17/src/gcc-17-20260927/gcc/testsuite/gcc.dg/torture/dg-torture.exp ...
Running /build/gcc17/src/gcc-17-20260927/gcc/testsuite/gcc.dg/torture/stackalign/stackalign.exp ...
Running /build/gcc17/src/gcc-17-20260927/gcc/testsuite/gcc.dg/torture/tls/tls.exp ...
Running /build/gcc17/src/gcc-17-20260927/gcc/testsuite/gcc.dg/tree-prof/tree-prof.exp ...
Running /build/gcc17/src/gcc-17-20260927/gcc/testsuite/gcc.dg/tree-ssa/tree-ssa.exp ...
Running /build/gcc17/src/gcc-17-20260927/gcc/testsuite/gcc.dg/tsan/tsan.exp ...
Running /build/gcc17/src/gcc-17-20260927/gcc/testsuite/gcc.dg/ubsan/ubsan.exp ...
Running /build/gcc17/src/gcc-17-20260927/gcc/testsuite/gcc.dg/vect/complex/complex.exp ...
Running /build/gcc17/src/gcc-17-20260927/gcc/testsuite/gcc.dg/vect/costmodel/i386/i386-costmodel-vect.exp ...
Running /build/gcc17/src/gcc-17-20260927/gcc/testsuite/gcc.dg/vect/costmodel/ppc/ppc-costmodel-vect.exp ...
Running /build/gcc17/src/gcc-17-20260927/gcc/testsuite/gcc.dg/vect/costmodel/riscv/rvv/rvv-costmodel-vect.exp ...
Running /build/gcc17/src/gcc-17-20260927/gcc/testsuite/gcc.dg/vect/costmodel/x86_64/x86_64-costmodel-vect.exp ...
Running /build/gcc17/src/gcc-17-20260927/gcc/testsuite/gcc.dg/vect/vect.exp ...
Running /build/gcc17/src/gcc-17-20260927/gcc/testsuite/gcc.dg/vmx/vmx.exp ...
Running /build/gcc17/src/gcc-17-20260927/gcc/testsuite/gcc.dg/vxworks/vxworks.exp ...
Running /build/gcc17/src/gcc-17-20260927/gcc/testsuite/gcc.dg/weak/weak.exp ...
Running /build/gcc17/src/gcc-17-20260927/gcc/testsuite/gcc.dg-selftests/dg-final.exp ...
Running /build/gcc17/src/gcc-17-20260927/gcc/testsuite/gcc.misc-tests/acker1.exp ...
Running /build/gcc17/src/gcc-17-20260927/gcc/testsuite/gcc.misc-tests/arm-isr.exp ...
Running /build/gcc17/src/gcc-17-20260927/gcc/testsuite/gcc.misc-tests/bprob.exp ...
Running /build/gcc17/src/gcc-17-20260927/gcc/testsuite/gcc.misc-tests/dectest.exp ...
Running /build/gcc17/src/gcc-17-20260927/gcc/testsuite/gcc.misc-tests/dhry.exp ...
Running /build/gcc17/src/gcc-17-20260927/gcc/testsuite/gcc.misc-tests/gcov.exp ...
Running /build/gcc17/src/gcc-17-20260927/gcc/testsuite/gcc.misc-tests/godump.exp ...
Running /build/gcc17/src/gcc-17-20260927/gcc/testsuite/gcc.misc-tests/help.exp ...
Running /build/gcc17/src/gcc-17-20260927/gcc/testsuite/gcc.misc-tests/i386-prefetch.exp ...
Running /build/gcc17/src/gcc-17-20260927/gcc/testsuite/gcc.misc-tests/linkage.exp ...
Running /build/gcc17/src/gcc-17-20260927/gcc/testsuite/gcc.misc-tests/matrix1.exp ...
Running /build/gcc17/src/gcc-17-20260927/gcc/testsuite/gcc.misc-tests/mg-2.exp ...
Running /build/gcc17/src/gcc-17-20260927/gcc/testsuite/gcc.misc-tests/mg.exp ...
Running /build/gcc17/src/gcc-17-20260927/gcc/testsuite/gcc.misc-tests/options.exp ...
Running /build/gcc17/src/gcc-17-20260927/gcc/testsuite/gcc.misc-tests/output.exp ...
Running /build/gcc17/src/gcc-17-20260927/gcc/testsuite/gcc.misc-tests/outputs.exp ...
Running /build/gcc17/src/gcc-17-20260927/gcc/testsuite/gcc.misc-tests/pr111527.exp ...
Running /build/gcc17/src/gcc-17-20260927/gcc/testsuite/gcc.misc-tests/sieve.exp ...
Running /build/gcc17/src/gcc-17-20260927/gcc/testsuite/gcc.misc-tests/sort2.exp ...
Running /build/gcc17/src/gcc-17-20260927/gcc/testsuite/gcc.src/maintainers.exp ...
Running /build/gcc17/src/gcc-17-20260927/gcc/testsuite/gcc.target/aarch64/aapcs64/aapcs64.exp ...
Running /build/gcc17/src/gcc-17-20260927/gcc/testsuite/gcc.target/aarch64/aarch64-json-tunings/aarch64-json-tunings.exp ...
Running /build/gcc17/src/gcc-17-20260927/gcc/testsuite/gcc.target/aarch64/aarch64.exp ...
Running /build/gcc17/src/gcc-17-20260927/gcc/testsuite/gcc.target/aarch64/acle/acle.exp ...
Running /build/gcc17/src/gcc-17-20260927/gcc/testsuite/gcc.target/aarch64/advsimd-intrinsics/advsimd-intrinsics.exp ...
Running /build/gcc17/src/gcc-17-20260927/gcc/testsuite/gcc.target/aarch64/build-attributes/aarch64-build-attributes.exp ...
Running /build/gcc17/src/gcc-17-20260927/gcc/testsuite/gcc.target/aarch64/cpunative/aarch64-cpunative.exp ...
Running /build/gcc17/src/gcc-17-20260927/gcc/testsuite/gcc.target/aarch64/fp16/fp16.exp ...
Running /build/gcc17/src/gcc-17-20260927/gcc/testsuite/gcc.target/aarch64/lto/lto.exp ...
Running /build/gcc17/src/gcc-17-20260927/gcc/testsuite/gcc.target/aarch64/memtag/memtag.exp ...
Running /build/gcc17/src/gcc-17-20260927/gcc/testsuite/gcc.target/aarch64/mingw/mingw.exp ...
Running /build/gcc17/src/gcc-17-20260927/gcc/testsuite/gcc.target/aarch64/neon/aarch64-neon.exp ...
Running /build/gcc17/src/gcc-17-20260927/gcc/testsuite/gcc.target/aarch64/pch/aarch64-pch.exp ...
Running /build/gcc17/src/gcc-17-20260927/gcc/testsuite/gcc.target/aarch64/simd/simd.exp ...
Running /build/gcc17/src/gcc-17-20260927/gcc/testsuite/gcc.target/aarch64/sls-mitigation/sls-mitigation.exp ...
Running /build/gcc17/src/gcc-17-20260927/gcc/testsuite/gcc.target/aarch64/sme/aarch64-sme-acle-asm.exp ...
Running /build/gcc17/src/gcc-17-20260927/gcc/testsuite/gcc.target/aarch64/sme/aarch64-sme.exp ...
Running /build/gcc17/src/gcc-17-20260927/gcc/testsuite/gcc.target/aarch64/sme2/aarch64-sme2-acle-asm.exp ...
Running /build/gcc17/src/gcc-17-20260927/gcc/testsuite/gcc.target/aarch64/sve/aarch64-sve.exp ...
Running /build/gcc17/src/gcc-17-20260927/gcc/testsuite/gcc.target/aarch64/sve/acle/aarch64-sve-acle-asm.exp ...
Running /build/gcc17/src/gcc-17-20260927/gcc/testsuite/gcc.target/aarch64/sve/acle/aarch64-sve-acle.exp ...
Running /build/gcc17/src/gcc-17-20260927/gcc/testsuite/gcc.target/aarch64/sve/gomp/gomp.exp ...
Running /build/gcc17/src/gcc-17-20260927/gcc/testsuite/gcc.target/aarch64/sve/pcs/aarch64-sve-pcs.exp ...
Running /build/gcc17/src/gcc-17-20260927/gcc/testsuite/gcc.target/aarch64/sve2/aarch64-sve2.exp ...
Running /build/gcc17/src/gcc-17-20260927/gcc/testsuite/gcc.target/aarch64/sve2/acle/aarch64-sve2-acle-asm.exp ...
Running /build/gcc17/src/gcc-17-20260927/gcc/testsuite/gcc.target/aarch64/sve2/acle/aarch64-sve2-acle.exp ...
Running /build/gcc17/src/gcc-17-20260927/gcc/testsuite/gcc.target/aarch64/torture/aarch64-torture.exp ...
Running /build/gcc17/src/gcc-17-20260927/gcc/testsuite/gcc.target/alpha/alpha.exp ...
Running /build/gcc17/src/gcc-17-20260927/gcc/testsuite/gcc.target/arc/arc.exp ...
Running /build/gcc17/src/gcc-17-20260927/gcc/testsuite/gcc.target/arm/aapcs/aapcs.exp ...
Running /build/gcc17/src/gcc-17-20260927/gcc/testsuite/gcc.target/arm/acle/acle.exp ...
Running /build/gcc17/src/gcc-17-20260927/gcc/testsuite/gcc.target/arm/arm.exp ...
Running /build/gcc17/src/gcc-17-20260927/gcc/testsuite/gcc.target/arm/cmse/cmse.exp ...
Running /build/gcc17/src/gcc-17-20260927/gcc/testsuite/gcc.target/arm/lto/lto.exp ...
Running /build/gcc17/src/gcc-17-20260927/gcc/testsuite/gcc.target/arm/multilib.exp ...
Running /build/gcc17/src/gcc-17-20260927/gcc/testsuite/gcc.target/arm/mve/mve.exp ...
Running /build/gcc17/src/gcc-17-20260927/gcc/testsuite/gcc.target/arm/pure-code/pure-code.exp ...
Running /build/gcc17/src/gcc-17-20260927/gcc/testsuite/gcc.target/arm/simd/simd.exp ...
Running /build/gcc17/src/gcc-17-20260927/gcc/testsuite/gcc.target/avr/avr.exp ...
Running /build/gcc17/src/gcc-17-20260927/gcc/testsuite/gcc.target/avr/mmcu/avr-mmcu.exp ...
Running /build/gcc17/src/gcc-17-20260927/gcc/testsuite/gcc.target/avr/torture/avr-torture.exp ...
Running /build/gcc17/src/gcc-17-20260927/gcc/testsuite/gcc.target/bfin/bfin.exp ...
Running /build/gcc17/src/gcc-17-20260927/gcc/testsuite/gcc.target/bfin/builtins/bfin-builtins.exp ...
Running /build/gcc17/src/gcc-17-20260927/gcc/testsuite/gcc.target/bpf/bpf.exp ...
Running /build/gcc17/src/gcc-17-20260927/gcc/testsuite/gcc.target/bpf/torture/bpf-torture.exp ...
Running /build/gcc17/src/gcc-17-20260927/gcc/testsuite/gcc.target/cris/cris.exp ...
Running /build/gcc17/src/gcc-17-20260927/gcc/testsuite/gcc.target/cris/torture/cris-torture.exp ...
Running /build/gcc17/src/gcc-17-20260927/gcc/testsuite/gcc.target/csky/csky.exp ...
Running /build/gcc17/src/gcc-17-20260927/gcc/testsuite/gcc.target/csky/fpuv3/fpuv3.exp ...
Running /build/gcc17/src/gcc-17-20260927/gcc/testsuite/gcc.target/epiphany/epiphany.exp ...
Running /build/gcc17/src/gcc-17-20260927/gcc/testsuite/gcc.target/frv/frv.exp ...
Running /build/gcc17/src/gcc-17-20260927/gcc/testsuite/gcc.target/gcn/gcn.exp ...
Running /build/gcc17/src/gcc-17-20260927/gcc/testsuite/gcc.target/h8300/h8300.exp ...
Running /build/gcc17/src/gcc-17-20260927/gcc/testsuite/gcc.target/hppa/hppa.exp ...
Running /build/gcc17/src/gcc-17-20260927/gcc/testsuite/gcc.target/i386/i386.exp ...
Running /build/gcc17/src/gcc-17-20260927/gcc/testsuite/gcc.target/i386/iamcu/abi-iamcu.exp ...
Running /build/gcc17/src/gcc-17-20260927/gcc/testsuite/gcc.target/i386/math-torture/math-torture.exp ...
Running /build/gcc17/src/gcc-17-20260927/gcc/testsuite/gcc.target/i386/stackalign/stackalign.exp ...
Running /build/gcc17/src/gcc-17-20260927/gcc/testsuite/gcc.target/ia64/ia64.exp ...
Running /build/gcc17/src/gcc-17-20260927/gcc/testsuite/gcc.target/loongarch/la32/la32.exp ...
Running /build/gcc17/src/gcc-17-20260927/gcc/testsuite/gcc.target/loongarch/la64/la64.exp ...
Running /build/gcc17/src/gcc-17-20260927/gcc/testsuite/gcc.target/loongarch/loongarch.exp ...
Running /build/gcc17/src/gcc-17-20260927/gcc/testsuite/gcc.target/loongarch/vector/loongarch-vector.exp ...
Running /build/gcc17/src/gcc-17-20260927/gcc/testsuite/gcc.target/m68k/m68k.exp ...
Running /build/gcc17/src/gcc-17-20260927/gcc/testsuite/gcc.target/microblaze/microblaze.exp ...
Running /build/gcc17/src/gcc-17-20260927/gcc/testsuite/gcc.target/mips/inter/mips16-inter.exp ...
Running /build/gcc17/src/gcc-17-20260927/gcc/testsuite/gcc.target/mips/mips-nonpic/mips-nonpic.exp ...
Running /build/gcc17/src/gcc-17-20260927/gcc/testsuite/gcc.target/mips/mips.exp ...
Running /build/gcc17/src/gcc-17-20260927/gcc/testsuite/gcc.target/msp430/msp430.exp ...
Running /build/gcc17/src/gcc-17-20260927/gcc/testsuite/gcc.target/nds32/nds32.exp ...
Running /build/gcc17/src/gcc-17-20260927/gcc/testsuite/gcc.target/nvptx/nvptx.exp ...
Running /build/gcc17/src/gcc-17-20260927/gcc/testsuite/gcc.target/or1k/or1k.exp ...
Running /build/gcc17/src/gcc-17-20260927/gcc/testsuite/gcc.target/pdp11/pdp11.exp ...
Running /build/gcc17/src/gcc-17-20260927/gcc/testsuite/gcc.target/powerpc/bfp/bfp.exp ...
Running /build/gcc17/src/gcc-17-20260927/gcc/testsuite/gcc.target/powerpc/dfp/dfp.exp ...
Running /build/gcc17/src/gcc-17-20260927/gcc/testsuite/gcc.target/powerpc/powerpc.exp ...
Running /build/gcc17/src/gcc-17-20260927/gcc/testsuite/gcc.target/powerpc/ppc-fortran/ppc-fortran.exp ...
Running /build/gcc17/src/gcc-17-20260927/gcc/testsuite/gcc.target/powerpc/vsu/vsu.exp ...
Running /build/gcc17/src/gcc-17-20260927/gcc/testsuite/gcc.target/pru/pru.exp ...
Running /build/gcc17/src/gcc-17-20260927/gcc/testsuite/gcc.target/riscv/amo/amo.exp ...
Running /build/gcc17/src/gcc-17-20260927/gcc/testsuite/gcc.target/riscv/cpunative/riscv-cpunative.exp ...
Running /build/gcc17/src/gcc-17-20260927/gcc/testsuite/gcc.target/riscv/lto/riscv-lto.exp ...
Running /build/gcc17/src/gcc-17-20260927/gcc/testsuite/gcc.target/riscv/multilib.exp ...
Running /build/gcc17/src/gcc-17-20260927/gcc/testsuite/gcc.target/riscv/riscv.exp ...
Running /build/gcc17/src/gcc-17-20260927/gcc/testsuite/gcc.target/riscv/rvv/rvv.exp ...
Running /build/gcc17/src/gcc-17-20260927/gcc/testsuite/gcc.target/riscv/rvv/vls-cc/riscv-vls-cc.exp ...
Running /build/gcc17/src/gcc-17-20260927/gcc/testsuite/gcc.target/rl78/rl78.exp ...
Running /build/gcc17/src/gcc-17-20260927/gcc/testsuite/gcc.target/rx/rx.exp ...
Running /build/gcc17/src/gcc-17-20260927/gcc/testsuite/gcc.target/s390/s390.exp ...
Running /build/gcc17/src/gcc-17-20260927/gcc/testsuite/gcc.target/sh/sh.exp ...
Running /build/gcc17/src/gcc-17-20260927/gcc/testsuite/gcc.target/sh/torture/sh-torture.exp ...
Running /build/gcc17/src/gcc-17-20260927/gcc/testsuite/gcc.target/sparc/sparc.exp ...
Running /build/gcc17/src/gcc-17-20260927/gcc/testsuite/gcc.target/tic6x/builtins/c6x-builtins.exp ...
Running /build/gcc17/src/gcc-17-20260927/gcc/testsuite/gcc.target/tic6x/tic6x.exp ...
Running /build/gcc17/src/gcc-17-20260927/gcc/testsuite/gcc.target/v850/v850.exp ...
Running /build/gcc17/src/gcc-17-20260927/gcc/testsuite/gcc.target/vax/vax.exp ...
Running /build/gcc17/src/gcc-17-20260927/gcc/testsuite/gcc.target/visium/visium.exp ...
Running /build/gcc17/src/gcc-17-20260927/gcc/testsuite/gcc.target/x86_64/abi/abi-x86_64.exp ...
Running /build/gcc17/src/gcc-17-20260927/gcc/testsuite/gcc.target/x86_64/abi/avx/abi-avx.exp ...
Running /build/gcc17/src/gcc-17-20260927/gcc/testsuite/gcc.target/x86_64/abi/avx512f/abi-avx512f.exp ...
Running /build/gcc17/src/gcc-17-20260927/gcc/testsuite/gcc.target/x86_64/abi/avx512fp16/abi-avx512fp16-xmm.exp ...
Running /build/gcc17/src/gcc-17-20260927/gcc/testsuite/gcc.target/x86_64/abi/avx512fp16/m256h/abi-avx512fp16-ymm.exp ...
Running /build/gcc17/src/gcc-17-20260927/gcc/testsuite/gcc.target/x86_64/abi/avx512fp16/m512h/abi-avx512fp16-zmm.exp ...
Running /build/gcc17/src/gcc-17-20260927/gcc/testsuite/gcc.target/x86_64/abi/bf16/abi-bf16.exp ...
Running /build/gcc17/src/gcc-17-20260927/gcc/testsuite/gcc.target/x86_64/abi/bf16/m256bf16/abi-bf16-ymm.exp ...
Running /build/gcc17/src/gcc-17-20260927/gcc/testsuite/gcc.target/x86_64/abi/bf16/m512bf16/abi-bf16-zmm.exp ...
Running /build/gcc17/src/gcc-17-20260927/gcc/testsuite/gcc.target/x86_64/abi/callabi/callabi.exp ...
Running /build/gcc17/src/gcc-17-20260927/gcc/testsuite/gcc.target/x86_64/abi/ms-sysv/ms-sysv.exp ...
Running /build/gcc17/src/gcc-17-20260927/gcc/testsuite/gcc.target/xstormy16/xstormy16.exp ...
Running /build/gcc17/src/gcc-17-20260927/gcc/testsuite/gcc.target/xtensa/xtensa.exp ...
Running /build/gcc17/src/gcc-17-20260927/gcc/testsuite/gcc.test-framework/test-framework.exp ...
skipping test framework tests, CHECK_TEST_FRAMEWORK is not defined

		=== gcc Summary ===

# of expected passes		29346
# of expected failures		153
# of unsupported tests		643
Couldn't determine version of /build/gcc17/src/gcc-build/gcc/xgcc: Using built-in specs.
COLLECT_GCC=/build/gcc17/src/gcc-build/gcc/xgcc
Target: x86_64-pc-linux-gnu
Configured with: ../gcc-17-20260927/configure --enable-languages=c,c++ --enable-bootstrap --prefix=/usr --libdir=/usr/lib --libexecdir=/usr/lib --mandir=/usr/share/man --infodir=/usr/share/info --with-bugurl=https://aur.archlinux.org/packages/gcc17 --with-linker-hash-style=gnu --with-system-zlib --enable-__cxa_atexit --enable-cet=auto --enable-checking=release --enable-clocale=gnu --enable-default-pie --enable-default-ssp --enable-gnu-indirect-function --enable-gnu-unique-object --enable-libstdcxx-backtrace --enable-link-serialization=1 --enable-linker-build-id --enable-lto --with-build-config=bootstrap-lto-lean --disable-multilib --enable-plugin --enable-shared --enable-threads=posix --disable-libssp --disable-libstdcxx-pch --disable-werror --program-suffix=-17 --enable-version-specific-runtime-libs --with-specs='%{!static:-Wl,-rpath,/usr/lib/gcc/x86_64-pc-linux-gnu/17.0.0}'
Thread model: posix
Supported LTO compression algorithms: zlib zstd
gcc version 17.0.0 20260927 (experimental) (GCC) 
[01m[Kxgcc:[m[K [01;31m[Kfatal error: [m[K'[01m[K]8;;https://gcc.gnu.org/onlinedocs/gcc/Optimize-Options.html#index-fuse-linker-plugin-fuse-linker-plugin]8;;[m[K', but liblto_plugin.so not found
compilation terminated.


make[3]: Leaving directory '/build/gcc17/src/gcc-build/gcc'
WARNING: Couldn't find the global config file.
Using /build/gcc17/src/gcc-17-20260927/libstdc++-v3/testsuite/lib/libstdc++.exp as tool init file.
spawn -ignore SIGHUP /build/gcc17/src/gcc-build/gcc/xgcc -B/build/gcc17/src/gcc-build/gcc/ -print-file-name=testsuite/et-static.exp
/build/gcc17/src/gcc-build/gcc/testsuite/et-static.exp
Test run by builduser on Sun Oct  4 12:47:20 2026
Native configuration is x86_64-pc-linux-gnu

		=== libstdc++ tests ===

Schedule of variations:
    unix

Running target unix
Using /usr/share/dejagnu/baseboards/unix.exp as board description file for target.
Using /usr/share/dejagnu/config/unix.exp as generic interface file for target.
Using /build/gcc17/src/gcc-17-20260927/libstdc++-v3/testsuite/config/default.exp as tool-and-target-specific interface file.
Running /build/gcc17/src/gcc-17-20260927/libstdc++-v3/testsuite/libstdc++-abi/abi.exp ...
Running /build/gcc17/src/gcc-17-20260927/libstdc++-v3/testsuite/libstdc++-dg/conformance.exp ...
make[3]: Entering directory '/build/gcc17/src/gcc-build/gcc'
WARNING: Couldn't find the global config file.
Using /build/gcc17/src/gcc-17-20260927/gcc/testsuite/lib/gcc.exp as tool init file.
spawn -ignore SIGHUP /build/gcc17/src/gcc-build/gcc/xgcc -B/build/gcc17/src/gcc-build/gcc/ -print-file-name=testsuite/et-static.exp
/build/gcc17/src/gcc-build/gcc/testsuite/et-static.exp
Test run by builduser on Sun Oct  4 12:24:58 2026
Native configuration is x86_64-pc-linux-gnu

		=== gcc tests ===

Schedule of variations:
    unix

Running target unix
Using /usr/share/dejagnu/baseboards/unix.exp as board description file for target.
Using /usr/share/dejagnu/config/unix.exp as generic interface file for target.
Using /build/gcc17/src/gcc-17-20260927/gcc/testsuite/config/default.exp as tool-and-target-specific interface file.
Running /build/gcc17/src/gcc-17-20260927/gcc/testsuite/gcc.c-torture/compile/compile.exp ...
Running /build/gcc17/src/gcc-17-20260927/gcc/testsuite/gcc.c-torture/execute/builtins/builtins.exp ...
Running /build/gcc17/src/gcc-17-20260927/gcc/testsuite/gcc.c-torture/execute/execute.exp ...
Running /build/gcc17/src/gcc-17-20260927/gcc/testsuite/gcc.c-torture/execute/ieee/ieee.exp ...
Running /build/gcc17/src/gcc-17-20260927/gcc/testsuite/gcc.c-torture/unsorted/unsorted.exp ...
Running /build/gcc17/src/gcc-17-20260927/gcc/testsuite/gcc.dg/analyzer/analyzer.exp ...
Running /build/gcc17/src/gcc-17-20260927/gcc/testsuite/gcc.dg/analyzer/torture/analyzer-torture.exp ...
Running /build/gcc17/src/gcc-17-20260927/gcc/testsuite/gcc.dg/asan/asan.exp ...
Running /build/gcc17/src/gcc-17-20260927/gcc/testsuite/gcc.dg/atomic/atomic.exp ...
Running /build/gcc17/src/gcc-17-20260927/gcc/testsuite/gcc.dg/autopar/autopar.exp ...
Running /build/gcc17/src/gcc-17-20260927/gcc/testsuite/gcc.dg/charset/charset.exp ...
Running /build/gcc17/src/gcc-17-20260927/gcc/testsuite/gcc.dg/compat/compat.exp ...
Running /build/gcc17/src/gcc-17-20260927/gcc/testsuite/gcc.dg/compat/struct-layout-1.exp ...
Running /build/gcc17/src/gcc-17-20260927/gcc/testsuite/gcc.dg/cpp/cpp.exp ...
Running /build/gcc17/src/gcc-17-20260927/gcc/testsuite/gcc.dg/cpp/trad/trad.exp ...
Running /build/gcc17/src/gcc-17-20260927/gcc/testsuite/gcc.dg/debug/btf/btf.exp ...
Running /build/gcc17/src/gcc-17-20260927/gcc/testsuite/gcc.dg/debug/codeview/codeview.exp ...
Running /build/gcc17/src/gcc-17-20260927/gcc/testsuite/gcc.dg/debug/ctf/ctf.exp ...
Running /build/gcc17/src/gcc-17-20260927/gcc/testsuite/gcc.dg/debug/debug.exp ...
Running /build/gcc17/src/gcc-17-20260927/gcc/testsuite/gcc.dg/debug/dwarf2/dwarf2.exp ...
Running /build/gcc17/src/gcc-17-20260927/gcc/testsuite/gcc.dg/dfp/dfp.exp ...
Running /build/gcc17/src/gcc-17-20260927/gcc/testsuite/gcc.dg/dg.exp ...
Running /build/gcc17/src/gcc-17-20260927/gcc/testsuite/gcc.dg/fixed-point/fixed-point.exp ...
Running /build/gcc17/src/gcc-17-20260927/gcc/testsuite/gcc.dg/format/format.exp ...
Running /build/gcc17/src/gcc-17-20260927/gcc/testsuite/gcc.dg/goacc-gomp/goacc-gomp.exp ...
Running /build/gcc17/src/gcc-17-20260927/gcc/testsuite/gcc.dg/goacc/goacc.exp ...
Running /build/gcc17/src/gcc-17-20260927/gcc/testsuite/gcc.dg/gomp/gomp.exp ...
Running /build/gcc17/src/gcc-17-20260927/gcc/testsuite/gcc.dg/graphite/graphite.exp ...
Running /build/gcc17/src/gcc-17-20260927/gcc/testsuite/gcc.dg/guality/guality.exp ...
Running /build/gcc17/src/gcc-17-20260927/gcc/testsuite/gcc.dg/html-output/html-output.exp ...
Running /build/gcc17/src/gcc-17-20260927/gcc/testsuite/gcc.dg/hwasan/hwasan.exp ...
Running /build/gcc17/src/gcc-17-20260927/gcc/testsuite/gcc.dg/ipa/ipa.exp ...
Running /build/gcc17/src/gcc-17-20260927/gcc/testsuite/gcc.dg/lto/lto.exp ...
Running /build/gcc17/src/gcc-17-20260927/gcc/testsuite/gcc.dg/noncompile/noncompile.exp ...
Running /build/gcc17/src/gcc-17-20260927/gcc/testsuite/gcc.dg/params/params.exp ...
Running /build/gcc17/src/gcc-17-20260927/gcc/testsuite/gcc.dg/pch/pch.exp ...
Running /build/gcc17/src/gcc-17-20260927/gcc/testsuite/gcc.dg/plugin/plugin.exp ...
Running /build/gcc17/src/gcc-17-20260927/gcc/testsuite/gcc.dg/rtl/rtl.exp ...
Running /build/gcc17/src/gcc-17-20260927/gcc/testsuite/gcc.dg/sancov/sancov.exp ...
Running /build/gcc17/src/gcc-17-20260927/gcc/testsuite/gcc.dg/sarif-output/sarif-output.exp ...
Running /build/gcc17/src/gcc-17-20260927/gcc/testsuite/gcc.dg/simulate-thread/simulate-thread.exp ...
Running /build/gcc17/src/gcc-17-20260927/gcc/testsuite/gcc.dg/special/mips-abi.exp ...
Running /build/gcc17/src/gcc-17-20260927/gcc/testsuite/gcc.dg/special/special.exp ...
Running /build/gcc17/src/gcc-17-20260927/gcc/testsuite/gcc.dg/sso/sso.exp ...
Running /build/gcc17/src/gcc-17-20260927/gcc/testsuite/gcc.dg/tls/tls.exp ...
Running /build/gcc17/src/gcc-17-20260927/gcc/testsuite/gcc.dg/tm/tm.exp ...
Running /build/gcc17/src/gcc-17-20260927/gcc/testsuite/gcc.dg/torture/dg-torture.exp ...
Running /build/gcc17/src/gcc-17-20260927/gcc/testsuite/gcc.dg/torture/stackalign/stackalign.exp ...
Running /build/gcc17/src/gcc-17-20260927/gcc/testsuite/gcc.dg/torture/tls/tls.exp ...
Running /build/gcc17/src/gcc-17-20260927/gcc/testsuite/gcc.dg/tree-prof/tree-prof.exp ...
Running /build/gcc17/src/gcc-17-20260927/gcc/testsuite/gcc.dg/tree-ssa/tree-ssa.exp ...
Running /build/gcc17/src/gcc-17-20260927/gcc/testsuite/gcc.dg/tsan/tsan.exp ...
Running /build/gcc17/src/gcc-17-20260927/gcc/testsuite/gcc.dg/ubsan/ubsan.exp ...
Running /build/gcc17/src/gcc-17-20260927/gcc/testsuite/gcc.dg/vect/complex/complex.exp ...
Running /build/gcc17/src/gcc-17-20260927/gcc/testsuite/gcc.dg/vect/costmodel/i386/i386-costmodel-vect.exp ...
Running /build/gcc17/src/gcc-17-20260927/gcc/testsuite/gcc.dg/vect/costmodel/ppc/ppc-costmodel-vect.exp ...
Running /build/gcc17/src/gcc-17-20260927/gcc/testsuite/gcc.dg/vect/costmodel/riscv/rvv/rvv-costmodel-vect.exp ...
Running /build/gcc17/src/gcc-17-20260927/gcc/testsuite/gcc.dg/vect/costmodel/x86_64/x86_64-costmodel-vect.exp ...
Running /build/gcc17/src/gcc-17-20260927/gcc/testsuite/gcc.dg/vect/vect.exp ...
Running /build/gcc17/src/gcc-17-20260927/gcc/testsuite/gcc.dg/vmx/vmx.exp ...
Running /build/gcc17/src/gcc-17-20260927/gcc/testsuite/gcc.dg/vxworks/vxworks.exp ...
Running /build/gcc17/src/gcc-17-20260927/gcc/testsuite/gcc.dg/weak/weak.exp ...
Running /build/gcc17/src/gcc-17-20260927/gcc/testsuite/gcc.dg-selftests/dg-final.exp ...
Running /build/gcc17/src/gcc-17-20260927/gcc/testsuite/gcc.misc-tests/acker1.exp ...
Running /build/gcc17/src/gcc-17-20260927/gcc/testsuite/gcc.misc-tests/arm-isr.exp ...
Running /build/gcc17/src/gcc-17-20260927/gcc/testsuite/gcc.misc-tests/bprob.exp ...
Running /build/gcc17/src/gcc-17-20260927/gcc/testsuite/gcc.misc-tests/dectest.exp ...
Running /build/gcc17/src/gcc-17-20260927/gcc/testsuite/gcc.misc-tests/dhry.exp ...
Running /build/gcc17/src/gcc-17-20260927/gcc/testsuite/gcc.misc-tests/gcov.exp ...
Running /build/gcc17/src/gcc-17-20260927/gcc/testsuite/gcc.misc-tests/godump.exp ...
Running /build/gcc17/src/gcc-17-20260927/gcc/testsuite/gcc.misc-tests/help.exp ...
Running /build/gcc17/src/gcc-17-20260927/gcc/testsuite/gcc.misc-tests/i386-prefetch.exp ...
Running /build/gcc17/src/gcc-17-20260927/gcc/testsuite/gcc.misc-tests/linkage.exp ...
Running /build/gcc17/src/gcc-17-20260927/gcc/testsuite/gcc.misc-tests/matrix1.exp ...
Running /build/gcc17/src/gcc-17-20260927/gcc/testsuite/gcc.misc-tests/mg-2.exp ...
Running /build/gcc17/src/gcc-17-20260927/gcc/testsuite/gcc.misc-tests/mg.exp ...
Running /build/gcc17/src/gcc-17-20260927/gcc/testsuite/gcc.misc-tests/options.exp ...
Running /build/gcc17/src/gcc-17-20260927/gcc/testsuite/gcc.misc-tests/output.exp ...
Running /build/gcc17/src/gcc-17-20260927/gcc/testsuite/gcc.misc-tests/outputs.exp ...
Running /build/gcc17/src/gcc-17-20260927/gcc/testsuite/gcc.misc-tests/pr111527.exp ...
Running /build/gcc17/src/gcc-17-20260927/gcc/testsuite/gcc.misc-tests/sieve.exp ...
Running /build/gcc17/src/gcc-17-20260927/gcc/testsuite/gcc.misc-tests/sort2.exp ...
Running /build/gcc17/src/gcc-17-20260927/gcc/testsuite/gcc.src/maintainers.exp ...
Running /build/gcc17/src/gcc-17-20260927/gcc/testsuite/gcc.target/aarch64/aapcs64/aapcs64.exp ...
Running /build/gcc17/src/gcc-17-20260927/gcc/testsuite/gcc.target/aarch64/aarch64-json-tunings/aarch64-json-tunings.exp ...
Running /build/gcc17/src/gcc-17-20260927/gcc/testsuite/gcc.target/aarch64/aarch64.exp ...
Running /build/gcc17/src/gcc-17-20260927/gcc/testsuite/gcc.target/aarch64/acle/acle.exp ...
Running /build/gcc17/src/gcc-17-20260927/gcc/testsuite/gcc.target/aarch64/advsimd-intrinsics/advsimd-intrinsics.exp ...
Running /build/gcc17/src/gcc-17-20260927/gcc/testsuite/gcc.target/aarch64/build-attributes/aarch64-build-attributes.exp ...
Running /build/gcc17/src/gcc-17-20260927/gcc/testsuite/gcc.target/aarch64/cpunative/aarch64-cpunative.exp ...
Running /build/gcc17/src/gcc-17-20260927/gcc/testsuite/gcc.target/aarch64/fp16/fp16.exp ...
Running /build/gcc17/src/gcc-17-20260927/gcc/testsuite/gcc.target/aarch64/lto/lto.exp ...
Running /build/gcc17/src/gcc-17-20260927/gcc/testsuite/gcc.target/aarch64/memtag/memtag.exp ...
Running /build/gcc17/src/gcc-17-20260927/gcc/testsuite/gcc.target/aarch64/mingw/mingw.exp ...
Running /build/gcc17/src/gcc-17-20260927/gcc/testsuite/gcc.target/aarch64/neon/aarch64-neon.exp ...
Running /build/gcc17/src/gcc-17-20260927/gcc/testsuite/gcc.target/aarch64/pch/aarch64-pch.exp ...
Running /build/gcc17/src/gcc-17-20260927/gcc/testsuite/gcc.target/aarch64/simd/simd.exp ...
Running /build/gcc17/src/gcc-17-20260927/gcc/testsuite/gcc.target/aarch64/sls-mitigation/sls-mitigation.exp ...
Running /build/gcc17/src/gcc-17-20260927/gcc/testsuite/gcc.target/aarch64/sme/aarch64-sme-acle-asm.exp ...
Running /build/gcc17/src/gcc-17-20260927/gcc/testsuite/gcc.target/aarch64/sme/aarch64-sme.exp ...
Running /build/gcc17/src/gcc-17-20260927/gcc/testsuite/gcc.target/aarch64/sme2/aarch64-sme2-acle-asm.exp ...
Running /build/gcc17/src/gcc-17-20260927/gcc/testsuite/gcc.target/aarch64/sve/aarch64-sve.exp ...
Running /build/gcc17/src/gcc-17-20260927/gcc/testsuite/gcc.target/aarch64/sve/acle/aarch64-sve-acle-asm.exp ...
Running /build/gcc17/src/gcc-17-20260927/gcc/testsuite/gcc.target/aarch64/sve/acle/aarch64-sve-acle.exp ...
Running /build/gcc17/src/gcc-17-20260927/gcc/testsuite/gcc.target/aarch64/sve/gomp/gomp.exp ...
Running /build/gcc17/src/gcc-17-20260927/gcc/testsuite/gcc.target/aarch64/sve/pcs/aarch64-sve-pcs.exp ...
Running /build/gcc17/src/gcc-17-20260927/gcc/testsuite/gcc.target/aarch64/sve2/aarch64-sve2.exp ...
Running /build/gcc17/src/gcc-17-20260927/gcc/testsuite/gcc.target/aarch64/sve2/acle/aarch64-sve2-acle-asm.exp ...
Running /build/gcc17/src/gcc-17-20260927/gcc/testsuite/gcc.target/aarch64/sve2/acle/aarch64-sve2-acle.exp ...
Running /build/gcc17/src/gcc-17-20260927/gcc/testsuite/gcc.target/aarch64/torture/aarch64-torture.exp ...
Running /build/gcc17/src/gcc-17-20260927/gcc/testsuite/gcc.target/alpha/alpha.exp ...
Running /build/gcc17/src/gcc-17-20260927/gcc/testsuite/gcc.target/arc/arc.exp ...
Running /build/gcc17/src/gcc-17-20260927/gcc/testsuite/gcc.target/arm/aapcs/aapcs.exp ...
Running /build/gcc17/src/gcc-17-20260927/gcc/testsuite/gcc.target/arm/acle/acle.exp ...
Running /build/gcc17/src/gcc-17-20260927/gcc/testsuite/gcc.target/arm/arm.exp ...
Running /build/gcc17/src/gcc-17-20260927/gcc/testsuite/gcc.target/arm/cmse/cmse.exp ...
Running /build/gcc17/src/gcc-17-20260927/gcc/testsuite/gcc.target/arm/lto/lto.exp ...
Running /build/gcc17/src/gcc-17-20260927/gcc/testsuite/gcc.target/arm/multilib.exp ...
Running /build/gcc17/src/gcc-17-20260927/gcc/testsuite/gcc.target/arm/mve/mve.exp ...
Running /build/gcc17/src/gcc-17-20260927/gcc/testsuite/gcc.target/arm/pure-code/pure-code.exp ...
Running /build/gcc17/src/gcc-17-20260927/gcc/testsuite/gcc.target/arm/simd/simd.exp ...
Running /build/gcc17/src/gcc-17-20260927/gcc/testsuite/gcc.target/avr/avr.exp ...
Running /build/gcc17/src/gcc-17-20260927/gcc/testsuite/gcc.target/avr/mmcu/avr-mmcu.exp ...
Running /build/gcc17/src/gcc-17-20260927/gcc/testsuite/gcc.target/avr/torture/avr-torture.exp ...
Running /build/gcc17/src/gcc-17-20260927/gcc/testsuite/gcc.target/bfin/bfin.exp ...
Running /build/gcc17/src/gcc-17-20260927/gcc/testsuite/gcc.target/bfin/builtins/bfin-builtins.exp ...
Running /build/gcc17/src/gcc-17-20260927/gcc/testsuite/gcc.target/bpf/bpf.exp ...
Running /build/gcc17/src/gcc-17-20260927/gcc/testsuite/gcc.target/bpf/torture/bpf-torture.exp ...
Running /build/gcc17/src/gcc-17-20260927/gcc/testsuite/gcc.target/cris/cris.exp ...
Running /build/gcc17/src/gcc-17-20260927/gcc/testsuite/gcc.target/cris/torture/cris-torture.exp ...
Running /build/gcc17/src/gcc-17-20260927/gcc/testsuite/gcc.target/csky/csky.exp ...
Running /build/gcc17/src/gcc-17-20260927/gcc/testsuite/gcc.target/csky/fpuv3/fpuv3.exp ...
Running /build/gcc17/src/gcc-17-20260927/gcc/testsuite/gcc.target/epiphany/epiphany.exp ...
Running /build/gcc17/src/gcc-17-20260927/gcc/testsuite/gcc.target/frv/frv.exp ...
Running /build/gcc17/src/gcc-17-20260927/gcc/testsuite/gcc.target/gcn/gcn.exp ...
Running /build/gcc17/src/gcc-17-20260927/gcc/testsuite/gcc.target/h8300/h8300.exp ...
Running /build/gcc17/src/gcc-17-20260927/gcc/testsuite/gcc.target/hppa/hppa.exp ...
Running /build/gcc17/src/gcc-17-20260927/gcc/testsuite/gcc.target/i386/i386.exp ...
Running /build/gcc17/src/gcc-17-20260927/gcc/testsuite/gcc.target/i386/iamcu/abi-iamcu.exp ...
Running /build/gcc17/src/gcc-17-20260927/gcc/testsuite/gcc.target/i386/math-torture/math-torture.exp ...
Running /build/gcc17/src/gcc-17-20260927/gcc/testsuite/gcc.target/i386/stackalign/stackalign.exp ...
Running /build/gcc17/src/gcc-17-20260927/gcc/testsuite/gcc.target/ia64/ia64.exp ...
Running /build/gcc17/src/gcc-17-20260927/gcc/testsuite/gcc.target/loongarch/la32/la32.exp ...
Running /build/gcc17/src/gcc-17-20260927/gcc/testsuite/gcc.target/loongarch/la64/la64.exp ...
Running /build/gcc17/src/gcc-17-20260927/gcc/testsuite/gcc.target/loongarch/loongarch.exp ...
Running /build/gcc17/src/gcc-17-20260927/gcc/testsuite/gcc.target/loongarch/vector/loongarch-vector.exp ...
Running /build/gcc17/src/gcc-17-20260927/gcc/testsuite/gcc.target/m68k/m68k.exp ...
Running /build/gcc17/src/gcc-17-20260927/gcc/testsuite/gcc.target/microblaze/microblaze.exp ...
Running /build/gcc17/src/gcc-17-20260927/gcc/testsuite/gcc.target/mips/inter/mips16-inter.exp ...
Running /build/gcc17/src/gcc-17-20260927/gcc/testsuite/gcc.target/mips/mips-nonpic/mips-nonpic.exp ...
Running /build/gcc17/src/gcc-17-20260927/gcc/testsuite/gcc.target/mips/mips.exp ...
Running /build/gcc17/src/gcc-17-20260927/gcc/testsuite/gcc.target/msp430/msp430.exp ...
Running /build/gcc17/src/gcc-17-20260927/gcc/testsuite/gcc.target/nds32/nds32.exp ...
Running /build/gcc17/src/gcc-17-20260927/gcc/testsuite/gcc.target/nvptx/nvptx.exp ...
Running /build/gcc17/src/gcc-17-20260927/gcc/testsuite/gcc.target/or1k/or1k.exp ...
Running /build/gcc17/src/gcc-17-20260927/gcc/testsuite/gcc.target/pdp11/pdp11.exp ...
Running /build/gcc17/src/gcc-17-20260927/gcc/testsuite/gcc.target/powerpc/bfp/bfp.exp ...
Running /build/gcc17/src/gcc-17-20260927/gcc/testsuite/gcc.target/powerpc/dfp/dfp.exp ...
Running /build/gcc17/src/gcc-17-20260927/gcc/testsuite/gcc.target/powerpc/powerpc.exp ...
Running /build/gcc17/src/gcc-17-20260927/gcc/testsuite/gcc.target/powerpc/ppc-fortran/ppc-fortran.exp ...
Running /build/gcc17/src/gcc-17-20260927/gcc/testsuite/gcc.target/powerpc/vsu/vsu.exp ...
Running /build/gcc17/src/gcc-17-20260927/gcc/testsuite/gcc.target/pru/pru.exp ...
Running /build/gcc17/src/gcc-17-20260927/gcc/testsuite/gcc.target/riscv/amo/amo.exp ...
Running /build/gcc17/src/gcc-17-20260927/gcc/testsuite/gcc.target/riscv/cpunative/riscv-cpunative.exp ...
Running /build/gcc17/src/gcc-17-20260927/gcc/testsuite/gcc.target/riscv/lto/riscv-lto.exp ...
Running /build/gcc17/src/gcc-17-20260927/gcc/testsuite/gcc.target/riscv/multilib.exp ...
Running /build/gcc17/src/gcc-17-20260927/gcc/testsuite/gcc.target/riscv/riscv.exp ...
Running /build/gcc17/src/gcc-17-20260927/gcc/testsuite/gcc.target/riscv/rvv/rvv.exp ...
Running /build/gcc17/src/gcc-17-20260927/gcc/testsuite/gcc.target/riscv/rvv/vls-cc/riscv-vls-cc.exp ...
Running /build/gcc17/src/gcc-17-20260927/gcc/testsuite/gcc.target/rl78/rl78.exp ...
Running /build/gcc17/src/gcc-17-20260927/gcc/testsuite/gcc.target/rx/rx.exp ...
Running /build/gcc17/src/gcc-17-20260927/gcc/testsuite/gcc.target/s390/s390.exp ...
Running /build/gcc17/src/gcc-17-20260927/gcc/testsuite/gcc.target/sh/sh.exp ...
Running /build/gcc17/src/gcc-17-20260927/gcc/testsuite/gcc.target/sh/torture/sh-torture.exp ...
Running /build/gcc17/src/gcc-17-20260927/gcc/testsuite/gcc.target/sparc/sparc.exp ...
Running /build/gcc17/src/gcc-17-20260927/gcc/testsuite/gcc.target/tic6x/builtins/c6x-builtins.exp ...
Running /build/gcc17/src/gcc-17-20260927/gcc/testsuite/gcc.target/tic6x/tic6x.exp ...
Running /build/gcc17/src/gcc-17-20260927/gcc/testsuite/gcc.target/v850/v850.exp ...
Running /build/gcc17/src/gcc-17-20260927/gcc/testsuite/gcc.target/vax/vax.exp ...
Running /build/gcc17/src/gcc-17-20260927/gcc/testsuite/gcc.target/visium/visium.exp ...
Running /build/gcc17/src/gcc-17-20260927/gcc/testsuite/gcc.target/x86_64/abi/abi-x86_64.exp ...
Running /build/gcc17/src/gcc-17-20260927/gcc/testsuite/gcc.target/x86_64/abi/avx/abi-avx.exp ...
Running /build/gcc17/src/gcc-17-20260927/gcc/testsuite/gcc.target/x86_64/abi/avx512f/abi-avx512f.exp ...
Running /build/gcc17/src/gcc-17-20260927/gcc/testsuite/gcc.target/x86_64/abi/avx512fp16/abi-avx512fp16-xmm.exp ...
Running /build/gcc17/src/gcc-17-20260927/gcc/testsuite/gcc.target/x86_64/abi/avx512fp16/m256h/abi-avx512fp16-ymm.exp ...
Running /build/gcc17/src/gcc-17-20260927/gcc/testsuite/gcc.target/x86_64/abi/avx512fp16/m512h/abi-avx512fp16-zmm.exp ...
Running /build/gcc17/src/gcc-17-20260927/gcc/testsuite/gcc.target/x86_64/abi/bf16/abi-bf16.exp ...
Running /build/gcc17/src/gcc-17-20260927/gcc/testsuite/gcc.target/x86_64/abi/bf16/m256bf16/abi-bf16-ymm.exp ...
Running /build/gcc17/src/gcc-17-20260927/gcc/testsuite/gcc.target/x86_64/abi/bf16/m512bf16/abi-bf16-zmm.exp ...
Running /build/gcc17/src/gcc-17-20260927/gcc/testsuite/gcc.target/x86_64/abi/callabi/callabi.exp ...
Running /build/gcc17/src/gcc-17-20260927/gcc/testsuite/gcc.target/x86_64/abi/ms-sysv/ms-sysv.exp ...
Running /build/gcc17/src/gcc-17-20260927/gcc/testsuite/gcc.target/xstormy16/xstormy16.exp ...
Running /build/gcc17/src/gcc-17-20260927/gcc/testsuite/gcc.target/xtensa/xtensa.exp ...
Running /build/gcc17/src/gcc-17-20260927/gcc/testsuite/gcc.test-framework/test-framework.exp ...
skipping test framework tests, CHECK_TEST_FRAMEWORK is not defined

		=== gcc Summary ===

# of expected passes		26127
# of expected failures		212
# of unsupported tests		625
Couldn't determine version of /build/gcc17/src/gcc-build/gcc/xgcc: Using built-in specs.
COLLECT_GCC=/build/gcc17/src/gcc-build/gcc/xgcc
Target: x86_64-pc-linux-gnu
Configured with: ../gcc-17-20260927/configure --enable-languages=c,c++ --enable-bootstrap --prefix=/usr --libdir=/usr/lib --libexecdir=/usr/lib --mandir=/usr/share/man --infodir=/usr/share/info --with-bugurl=https://aur.archlinux.org/packages/gcc17 --with-linker-hash-style=gnu --with-system-zlib --enable-__cxa_atexit --enable-cet=auto --enable-checking=release --enable-clocale=gnu --enable-default-pie --enable-default-ssp --enable-gnu-indirect-function --enable-gnu-unique-object --enable-libstdcxx-backtrace --enable-link-serialization=1 --enable-linker-build-id --enable-lto --with-build-config=bootstrap-lto-lean --disable-multilib --enable-plugin --enable-shared --enable-threads=posix --disable-libssp --disable-libstdcxx-pch --disable-werror --program-suffix=-17 --enable-version-specific-runtime-libs --with-specs='%{!static:-Wl,-rpath,/usr/lib/gcc/x86_64-pc-linux-gnu/17.0.0}'
Thread model: posix
Supported LTO compression algorithms: zlib zstd
gcc version 17.0.0 20260927 (experimental) (GCC) 
[01m[Kxgcc:[m[K [01;31m[Kfatal error: [m[K'[01m[K]8;;https://gcc.gnu.org/onlinedocs/gcc/Optimize-Options.html#index-fuse-linker-plugin-fuse-linker-plugin]8;;[m[K', but liblto_plugin.so not found
compilation terminated.


make[3]: Leaving directory '/build/gcc17/src/gcc-build/gcc'
make[1]: Target 'check-host' not remade because of errors.
WARNING: Couldn't find the global config file.
Using /build/gcc17/src/gcc-17-20260927/libstdc++-v3/testsuite/lib/libstdc++.exp as tool init file.
spawn -ignore SIGHUP /build/gcc17/src/gcc-build/gcc/xgcc -B/build/gcc17/src/gcc-build/gcc/ -print-file-name=testsuite/et-static.exp
/build/gcc17/src/gcc-build/gcc/testsuite/et-static.exp
Test run by builduser on Sun Oct  4 12:47:41 2026
Native configuration is x86_64-pc-linux-gnu

		=== libstdc++ tests ===

Schedule of variations:
    unix

Running target unix
Using /usr/share/dejagnu/baseboards/unix.exp as board description file for target.
Using /usr/share/dejagnu/config/unix.exp as generic interface file for target.
Using /build/gcc17/src/gcc-17-20260927/libstdc++-v3/testsuite/config/default.exp as tool-and-target-specific interface file.
Running /build/gcc17/src/gcc-17-20260927/libstdc++-v3/testsuite/libstdc++-abi/abi.exp ...
Running /build/gcc17/src/gcc-17-20260927/libstdc++-v3/testsuite/libstdc++-dg/conformance.exp ...
Running /build/gcc17/src/gcc-17-20260927/libstdc++-v3/testsuite/libstdc++-prettyprinters/prettyprinters.exp ...
Running /build/gcc17/src/gcc-17-20260927/libstdc++-v3/testsuite/libstdc++-prettyprinters/prettyprinters.exp ...
Running /build/gcc17/src/gcc-17-20260927/libstdc++-v3/testsuite/libstdc++-prettyprinters/prettyprinters.exp ...
Running /build/gcc17/src/gcc-17-20260927/libstdc++-v3/testsuite/libstdc++-prettyprinters/prettyprinters.exp ...
Running /build/gcc17/src/gcc-17-20260927/libstdc++-v3/testsuite/libstdc++-prettyprinters/prettyprinters.exp ...
Running /build/gcc17/src/gcc-17-20260927/libstdc++-v3/testsuite/libstdc++-prettyprinters/prettyprinters.exp ...
Running /build/gcc17/src/gcc-17-20260927/libstdc++-v3/testsuite/libstdc++-prettyprinters/prettyprinters.exp ...
Running /build/gcc17/src/gcc-17-20260927/libstdc++-v3/testsuite/libstdc++-prettyprinters/prettyprinters.exp ...
Running /build/gcc17/src/gcc-17-20260927/libstdc++-v3/testsuite/libstdc++-prettyprinters/prettyprinters.exp ...
Running /build/gcc17/src/gcc-17-20260927/libstdc++-v3/testsuite/libstdc++-prettyprinters/prettyprinters.exp ...
Running /build/gcc17/src/gcc-17-20260927/libstdc++-v3/testsuite/libstdc++-prettyprinters/prettyprinters.exp ...
Running /build/gcc17/src/gcc-17-20260927/libstdc++-v3/testsuite/libstdc++-prettyprinters/prettyprinters.exp ...
Running /build/gcc17/src/gcc-17-20260927/libstdc++-v3/testsuite/libstdc++-prettyprinters/prettyprinters.exp ...
Running /build/gcc17/src/gcc-17-20260927/libstdc++-v3/testsuite/libstdc++-xmethods/xmethods.exp ...
Running /build/gcc17/src/gcc-17-20260927/libstdc++-v3/testsuite/libstdc++-xmethods/xmethods.exp ...

		=== libstdc++ Summary ===

# of expected passes		164
Running /build/gcc17/src/gcc-17-20260927/libstdc++-v3/testsuite/libstdc++-xmethods/xmethods.exp ...

		=== libstdc++ Summary ===

# of expected passes		153
Running /build/gcc17/src/gcc-17-20260927/libstdc++-v3/testsuite/libstdc++-xmethods/xmethods.exp ...
Running /build/gcc17/src/gcc-17-20260927/libstdc++-v3/testsuite/libstdc++-xmethods/xmethods.exp ...

		=== libstdc++ Summary ===

# of expected passes		2634
# of expected failures		27
# of unsupported tests		137

		=== libstdc++ Summary ===

# of expected passes		205
# of unsupported tests		2
Running /build/gcc17/src/gcc-17-20260927/libstdc++-v3/testsuite/libstdc++-xmethods/xmethods.exp ...

		=== libstdc++ Summary ===

# of expected passes		2992
# of expected failures		26
# of unsupported tests		89
Running /build/gcc17/src/gcc-17-20260927/libstdc++-v3/testsuite/libstdc++-xmethods/xmethods.exp ...

		=== libstdc++ Summary ===

# of expected passes		2463
# of expected failures		13
# of unsupported tests		100
Running /build/gcc17/src/gcc-17-20260927/libstdc++-v3/testsuite/libstdc++-prettyprinters/prettyprinters.exp ...
Running /build/gcc17/src/gcc-17-20260927/libstdc++-v3/testsuite/libstdc++-xmethods/xmethods.exp ...

		=== libstdc++ Summary ===

# of expected passes		284
# of unsupported tests		1
Running /build/gcc17/src/gcc-17-20260927/libstdc++-v3/testsuite/libstdc++-xmethods/xmethods.exp ...

		=== libstdc++ Summary ===

# of expected passes		151
FAIL: libstdc++-prettyprinters/chrono.cc print hms
FAIL: libstdc++-prettyprinters/chrono.cc print hms_nano
FAIL: libstdc++-prettyprinters/chrono.cc -flto print hms
FAIL: libstdc++-prettyprinters/chrono.cc -flto print hms_nano
Running /build/gcc17/src/gcc-17-20260927/libstdc++-v3/testsuite/libstdc++-xmethods/xmethods.exp ...

		=== libstdc++ Summary ===

# of expected passes		258
# of unsupported tests		1
Running /build/gcc17/src/gcc-17-20260927/libstdc++-v3/testsuite/libstdc++-prettyprinters/prettyprinters.exp ...
Running /build/gcc17/src/gcc-17-20260927/libstdc++-v3/testsuite/libstdc++-xmethods/xmethods.exp ...

		=== libstdc++ Summary ===

# of expected passes		301
# of unexpected failures	2
Running /build/gcc17/src/gcc-17-20260927/libstdc++-v3/testsuite/libstdc++-xmethods/xmethods.exp ...

		=== libstdc++ Summary ===

# of expected passes		2746
# of expected failures		9
# of unsupported tests		78

		=== libstdc++ Summary ===

# of expected passes		367
# of unsupported tests		6
Running /build/gcc17/src/gcc-17-20260927/libstdc++-v3/testsuite/libstdc++-xmethods/xmethods.exp ...

		=== libstdc++ Summary ===

# of expected passes		362
# of unexpected failures	2
# of unsupported tests		2
Running /build/gcc17/src/gcc-17-20260927/libstdc++-v3/testsuite/libstdc++-xmethods/xmethods.exp ...

		=== libstdc++ Summary ===

# of expected passes		3401
# of expected failures		23
# of unsupported tests		158
Running /build/gcc17/src/gcc-17-20260927/libstdc++-v3/testsuite/libstdc++-xmethods/xmethods.exp ...

		=== libstdc++ Summary ===

# of expected passes		2981
# of expected failures		31
# of unsupported tests		216
Running /build/gcc17/src/gcc-17-20260927/libstdc++-v3/testsuite/libstdc++-prettyprinters/prettyprinters.exp ...
Running /build/gcc17/src/gcc-17-20260927/libstdc++-v3/testsuite/libstdc++-prettyprinters/prettyprinters.exp ...
Running /build/gcc17/src/gcc-17-20260927/libstdc++-v3/testsuite/libstdc++-prettyprinters/prettyprinters.exp ...
Running /build/gcc17/src/gcc-17-20260927/libstdc++-v3/testsuite/libstdc++-xmethods/xmethods.exp ...

		=== libstdc++ Summary ===

# of expected passes		92
# of unsupported tests		11
Running /build/gcc17/src/gcc-17-20260927/libstdc++-v3/testsuite/libstdc++-xmethods/xmethods.exp ...

		=== libstdc++ Summary ===

# of expected passes		53
# of unsupported tests		10
Running /build/gcc17/src/gcc-17-20260927/libstdc++-v3/testsuite/libstdc++-xmethods/xmethods.exp ...

		=== libstdc++ Summary ===

# of expected passes		119
# of unsupported tests		14
Running /build/gcc17/src/gcc-17-20260927/libstdc++-v3/testsuite/libstdc++-prettyprinters/prettyprinters.exp ...
Running /build/gcc17/src/gcc-17-20260927/libstdc++-v3/testsuite/libstdc++-xmethods/xmethods.exp ...

		=== libstdc++ Summary ===

# of expected passes		170
# of unsupported tests		6
Running /build/gcc17/src/gcc-17-20260927/libstdc++-v3/testsuite/libstdc++-prettyprinters/prettyprinters.exp ...
Running /build/gcc17/src/gcc-17-20260927/libstdc++-v3/testsuite/libstdc++-xmethods/xmethods.exp ...

		=== libstdc++ Summary ===

# of expected passes		121
Making check in python
make[3]: Nothing to be done for 'check'.
true "AR_FLAGS=rc" "CC_FOR_BUILD=gcc" "CC_FOR_TARGET=/build/gcc17/src/gcc-build/./gcc/xgcc -B/build/gcc17/src/gcc-build/./gcc/" "CFLAGS=-g -O2" "CXXFLAGS=-g -O2 -D_GNU_SOURCE -Wno-aggressive-loop-optimizations" "CFLAGS_FOR_BUILD=-march=x86-64 -mtune=generic -O2 -pipe -fno-plt -fexceptions         -Wp,-D_FORTIFY_SOURCE=3 -Wformat          -fstack-clash-protection -fcf-protection         -fno-omit-frame-pointer -mno-omit-leaf-frame-pointer -g -ffile-prefix-map=/build/gcc17/src=/usr/src/debug/gcc17 -ffile-prefix-map=/build/gcc17/src=/usr/src/debug/gcc17" "CFLAGS_FOR_TARGET=-g -O2" "EXPECT=expect" "INSTALL=/usr/bin/install -c" "INSTALL_DATA=/usr/bin/install -c -m 644" "INSTALL_PROGRAM=/usr/bin/install -c" "INSTALL_SCRIPT=/usr/bin/install -c" "LDFLAGS=" "LIBCFLAGS=-g -O2" "LIBCFLAGS_FOR_TARGET=-g -O2" "MAKE=make" "MAKEINFO=makeinfo --split-size=5000000 --split-size=5000000  " "SHELL=/bin/sh" "RUNTESTFLAGS=" "exec_prefix=/usr" "infodir=/usr/share/info" "libdir=/usr/lib" "includedir=/usr/include" "prefix=/usr" "tooldir=/usr/x86_64-pc-linux-gnu" "gxx_include_dir=/usr/lib/gcc/x86_64-pc-linux-gnu/17.0.0/include/c++" "AR=ar --plugin /usr/lib/gcc/x86_64-pc-linux-gnu/16/liblto_plugin.so " "AS=/build/gcc17/src/gcc-build/./gcc/as" "LD=/build/gcc17/src/gcc-build/./gcc/collect-ld" "RANLIB=ranlib --plugin /usr/lib/gcc/x86_64-pc-linux-gnu/16/liblto_plugin.so " "NM=/build/gcc17/src/gcc-build/./gcc/nm" "NM_FOR_BUILD=" "NM_FOR_TARGET=nm --plugin /usr/lib/gcc/x86_64-pc-linux-gnu/16/liblto_plugin.so " "DESTDIR=" "WERROR=" DO=all multi-do # make
make: *** [Makefile:2710: do-check] Error 2
make: Target 'check' not remade because of errors.
nm: hwasan_setjmp_aarch64.o: no symbols
nm: hwasan_tag_mismatch_aarch64.o: no symbols
Unexpected GCC testsuite result in gcc/testsuite/gcc/gcc.sum:
FAIL: c-c++-common/cpp/has-include-1.c  -Wc++-compat  (test for excess errors)
