--- file
~/guitar/src/Guitar-1.4.0/filetype/file ~/guitar/src/Guitar-1.4.0/filetype
libtoolize: putting auxiliary files in '.'.
libtoolize: copying file './ltmain.sh'
libtoolize: putting macros in AC_CONFIG_MACRO_DIRS, 'm4'.
libtoolize: copying file 'm4/libtool.m4'
libtoolize: copying file 'm4/ltoptions.m4'
libtoolize: copying file 'm4/ltsugar.m4'
libtoolize: copying file 'm4/ltversion.m4'
libtoolize: copying file 'm4/lt~obsolete.m4'
configure.ac:111: installing './compile'
configure.ac:92: installing './config.guess'
configure.ac:92: installing './config.sub'
configure.ac:3: installing './install-sh'
configure.ac:3: installing './missing'
src/Makefile.am: installing './depcomp'
checking for a BSD-compatible install... /usr/bin/install -c
checking whether sleep supports fractional seconds... yes
checking filesystem timestamp resolution... 0.01
checking whether build environment is sane... yes
checking for a race-free mkdir -p... /usr/bin/mkdir -p
checking for gawk... gawk
checking whether make sets $(MAKE)... yes
checking whether make supports nested variables... yes
checking xargs -n works... yes
checking whether UID '1000' is supported by ustar format... yes
checking whether GID '1000' is supported by ustar format... yes
checking how to create a ustar tar archive... gnutar
checking for builtin ELF support... yes
checking for ELF core file support... yes
checking for zlib support... 
checking for bzlib support... 
checking for xzlib support... 
checking for zstdlib support... 
checking for lzlib support... 
checking for lrziplib support... 
checking for libseccomp support... 
checking for Landlock LSM support... 
checking for file formats in man section 5... no
checking build system type... x86_64-pc-linux-gnu
checking host system type... x86_64-pc-linux-gnu
checking for gcc... gcc
checking whether the C compiler works... yes
checking for C compiler default output file name... a.out
checking for suffix of executables... 
checking whether we are cross compiling... no
checking for suffix of object files... o
checking whether the compiler supports GNU C... yes
checking whether gcc accepts -g... yes
checking for gcc option to enable C23 features... none needed
checking whether gcc understands -c and -o together... yes
checking whether make supports the include directive... yes (GNU style)
checking dependency style of gcc... gcc3
checking for stdio.h... yes
checking for stdlib.h... yes
checking for string.h... yes
checking for inttypes.h... yes
checking for stdint.h... yes
checking for strings.h... yes
checking for sys/stat.h... yes
checking for sys/types.h... yes
checking for unistd.h... yes
checking for wchar.h... yes
checking for minix/config.h... no
checking for sys/param.h... yes
checking for vfork.h... no
checking whether it is safe to define __EXTENSIONS__... yes
checking whether _XOPEN_SOURCE should be defined... no
checking whether byte ordering is bigendian... no
checking whether ln -s works... yes
checking how to print strings... printf
checking for a sed that does not truncate output... /usr/bin/sed
checking for grep that handles long lines and -e... /usr/bin/grep
checking for egrep... /usr/bin/grep -E
checking for fgrep... /usr/bin/grep -F
checking for ld used by gcc... /usr/bin/ld
checking if the linker (/usr/bin/ld) is GNU ld... yes
checking for BSD- or MS-compatible name lister (nm)... /usr/bin/nm -B
checking the name lister (/usr/bin/nm -B) interface... BSD nm
checking the maximum length of command line arguments... 1572864
checking how to convert x86_64-pc-linux-gnu file names to x86_64-pc-linux-gnu format... func_convert_file_noop
checking how to convert x86_64-pc-linux-gnu file names to toolchain format... func_convert_file_noop
checking for /usr/bin/ld option to reload object files... -r
checking for file... file
checking for objdump... objdump
checking how to recognize dependent libraries... pass_all
checking for dlltool... no
checking how to associate runtime and link libraries... printf %s\n
checking for ranlib... ranlib
checking for ar... ar
checking for archiver @FILE support... @
checking for strip... strip
checking command to parse /usr/bin/nm -B output from gcc object... ok
checking for sysroot... no
checking for a working dd... /usr/bin/dd
checking how to truncate binary pipes... /usr/bin/dd bs=4096 count=1
checking for mt... no
checking if : is a manifest tool... no
checking for dlfcn.h... yes
checking which variant of shared library versioning to provide... (default) aix
checking for objdir... .libs
checking if gcc supports -fno-rtti -fno-exceptions... no
checking for gcc option to produce PIC... -fPIC -DPIC
checking if gcc PIC flag -fPIC -DPIC works... yes
checking if gcc static flag -static works... yes
checking if gcc supports -c -o file.o... yes
checking if gcc supports -c -o file.o... (cached) yes
checking whether the gcc linker (/usr/bin/ld -m elf_x86_64) supports shared libraries... yes
checking whether -lc should be explicitly linked in... no
checking dynamic linker characteristics... GNU/Linux ld.so
checking how to hardcode library paths into programs... immediate
checking whether stripping libraries is possible... yes
checking if libtool supports shared libraries... yes
checking whether to build shared libraries... yes
checking whether to build static libraries... no
checking whether the -Werror option is usable... yes
checking for simple visibility declarations... yes
checking for sys/mkdev.h... no
checking for sys/sysmacros.h... yes
checking for sys/wait.h that is POSIX.1 compatible... yes
checking for stdint.h... (cached) yes
checking for fcntl.h... yes
checking for inttypes.h... (cached) yes
checking for unistd.h... (cached) yes
checking for byteswap.h... yes
checking for spawn.h... yes
checking for utime.h... yes
checking for wchar.h... (cached) yes
checking for wctype.h... yes
checking for limits.h... yes
checking for getopt.h... yes
checking for err.h... yes
checking for xlocale.h... no
checking for sys/bswap.h... no
checking for sys/mman.h... yes
checking for sys/stat.h... (cached) yes
checking for sys/types.h... (cached) yes
checking for sys/utime.h... no
checking for sys/time.h... yes
checking for sys/sysmacros.h... (cached) yes
checking for sys/ioctl.h... yes
checking for zlib.h... yes
checking for bzlib.h... yes
checking for lzma.h... yes
checking for zstd.h... yes
checking for zstd_errors.h... yes
checking for lzlib.h... no
checking for Lrzip.h... no
checking for sig_t... yes
checking for off_t... yes
checking for size_t... yes
checking for struct stat.st_rdev... yes
checking for struct tm.tm_gmtoff... yes
checking whether struct tm is in sys/time.h or time.h... time.h
checking for gcc options to detect undeclared functions... none needed
checking for gcc options to ignore future-version functions... none needed
checking for struct tm.tm_zone... yes
checking for tm_zone in struct tm... yes
checking whether tzname is declared... yes
checking for tzname... yes
checking for tm_isdst in struct tm... yes
checking whether daylight is declared... yes
checking for daylight... yes
checking for gcc option to support large files... none needed
checking for gcc option to support timestamps after 2038... none needed
checking for declarations of fseeko and ftello... yes
checking for mbstate_t... yes
checking for struct option in getopt... yes
checking for pid_t... yes
checking for uint8_t... yes
checking for uint16_t... yes
checking for uint32_t... yes
checking for int32_t... yes
checking for uint64_t... yes
checking for int64_t... yes
checking for intptr_t... yes
checking for uintptr_t... yes
checking for getpagesize... yes
checking for fork... yes
checking for vfork... yes
checking for working mmap... yes
checking for working fork... yes
checking for working vfork... (cached) yes
checking whether mbrtowc and mbstate_t are properly declared... yes
checking for gcc compiler warnings... yes
checking for strndup... yes
checking for mkstemp... yes
checking for mkostemp... yes
checking for utimes... yes
checking for utime... yes
checking for wcwidth... yes
checking for strtof... yes
checking for newlocale... yes
checking for uselocale... yes
checking for freelocale... yes
checking for memmem... yes
checking for pipe2... yes
checking for posix_spawnp... yes
checking for getopt_long... yes
checking for asprintf... yes
checking for vasprintf... yes
checking for strlcpy... yes
checking for strlcat... yes
checking for getline... yes
checking for ctime_r... yes
checking for asctime_r... yes
checking for localtime_r... yes
checking for gmtime_r... yes
checking for pread... yes
checking for strcasestr... yes
checking for fmtcheck... no
checking for dprintf... yes
checking for gzopen in -lz... yes
checking for BZ2_bzCompressInit in -lbz2... yes
checking for lzma_stream_decoder in -llzma... yes
checking for ZSTD_createDStream in -lzstd... yes
checking for LZ_decompress_open in -llz... no
checking for lrzip_new in -llrzip... no
checking for seccomp_init in -lseccomp... yes
checking for linux/landlock.h... yes
checking that generated files are newer than configure... done
configure: creating ./config.status
config.status: creating Makefile
config.status: creating src/Makefile
config.status: creating magic/Makefile
config.status: creating tests/Makefile
config.status: creating doc/Makefile
config.status: creating python/Makefile
config.status: creating libmagic.pc
config.status: creating config.h
config.status: executing depfiles commands
config.status: executing libtool commands
make  all-recursive
make[1]: Entering directory '/build/guitar/src/Guitar-1.4.0/filetype/file'
Making all in src
make[2]: Entering directory '/build/guitar/src/Guitar-1.4.0/filetype/file/src'
make  all-am
make[3]: Entering directory '/build/guitar/src/Guitar-1.4.0/filetype/file/src'
  CC       file.o
  CC       landlock.o
  CC       seccomp.o
  CC       buffer.lo
  CC       apprentice.lo
  CC       softmagic.lo
  CC       magic.lo
  CC       ascmagic.lo
  CC       encoding.lo
  CC       compress.lo
  CC       is_csv.lo
  CC       is_json.lo
  CC       is_simh.lo
  CC       is_tar.lo
  CC       readelf.lo
  CC       print.lo
  CC       fsmagic.lo
  CC       funcs.lo
  CC       apptype.lo
  CC       der.lo
  CC       cdf.lo
  CC       cdf_time.lo
  CC       readcdf.lo
  CC       swap.lo
  CC       fmtcheck.lo
  CCLD     libmagic.la
  CCLD     file
make[3]: Leaving directory '/build/guitar/src/Guitar-1.4.0/filetype/file/src'
make[2]: Leaving directory '/build/guitar/src/Guitar-1.4.0/filetype/file/src'
Making all in magic
make[2]: Entering directory '/build/guitar/src/Guitar-1.4.0/filetype/file/magic'
../src/file -C -m magic
make[2]: Leaving directory '/build/guitar/src/Guitar-1.4.0/filetype/file/magic'
Making all in tests
make[2]: Entering directory '/build/guitar/src/Guitar-1.4.0/filetype/file/tests'
make[2]: Nothing to be done for 'all'.
make[2]: Leaving directory '/build/guitar/src/Guitar-1.4.0/filetype/file/tests'
Making all in doc
make[2]: Entering directory '/build/guitar/src/Guitar-1.4.0/filetype/file/doc'
sed -e s@__CSECTION__@1@g \
    -e s@__FSECTION__@4@g \
    -e s@__VERSION__@5.47@g \
    -e s@__MAGIC__@/usr/local/share/misc/magic@g ./file.man > file.1
sed -e s@__CSECTION__@1@g \
    -e s@__FSECTION__@4@g \
    -e s@__VERSION__@5.47@g \
    -e s@__MAGIC__@/usr/local/share/misc/magic@g ./magic.man > magic.4
sed -e s@__CSECTION__@1@g \
    -e s@__FSECTION__@4@g \
    -e s@__VERSION__@5.47@g \
    -e s@__MAGIC__@/usr/local/share/misc/magic@g ./libmagic.man > libmagic.3
make[2]: Leaving directory '/build/guitar/src/Guitar-1.4.0/filetype/file/doc'
Making all in python
make[2]: Entering directory '/build/guitar/src/Guitar-1.4.0/filetype/file/python'
make[2]: Nothing to be done for 'all'.
make[2]: Leaving directory '/build/guitar/src/Guitar-1.4.0/filetype/file/python'
make[2]: Entering directory '/build/guitar/src/Guitar-1.4.0/filetype/file'
make[2]: Leaving directory '/build/guitar/src/Guitar-1.4.0/filetype/file'
make[1]: Leaving directory '/build/guitar/src/Guitar-1.4.0/filetype/file'
~/guitar/src/Guitar-1.4.0/filetype
--- oniguruma
~/guitar/src/Guitar-1.4.0/filetype/oniguruma ~/guitar/src/Guitar-1.4.0/filetype
libtoolize: putting auxiliary files in '.'.
libtoolize: copying file './ltmain.sh'
libtoolize: putting macros in AC_CONFIG_MACRO_DIRS, 'm4'.
libtoolize: copying file 'm4/libtool.m4'
libtoolize: copying file 'm4/ltoptions.m4'
libtoolize: copying file 'm4/ltsugar.m4'
libtoolize: copying file 'm4/ltversion.m4'
libtoolize: copying file 'm4/lt~obsolete.m4'
configure.ac:55: installing './compile'
configure.ac:56: installing './config.guess'
configure.ac:56: installing './config.sub'
configure.ac:6: installing './install-sh'
configure.ac:6: installing './missing'
Makefile.am: installing './INSTALL'
sample/Makefile.am: installing './depcomp'
parallel-tests: installing './test-driver'
checking for a BSD-compatible install... /usr/bin/install -c
checking whether sleep supports fractional seconds... yes
checking filesystem timestamp resolution... 0.01
checking whether build environment is sane... yes
checking for a race-free mkdir -p... /usr/bin/mkdir -p
checking for gawk... gawk
checking whether make sets $(MAKE)... yes
checking whether make supports nested variables... yes
checking xargs -n works... yes
checking whether UID '1000' is supported by ustar format... yes
checking whether GID '1000' is supported by ustar format... yes
checking how to create a ustar tar archive... gnutar
checking for gcc... gcc
checking whether the C compiler works... yes
checking for C compiler default output file name... a.out
checking for suffix of executables... 
checking whether we are cross compiling... no
checking for suffix of object files... o
checking whether the compiler supports GNU C... yes
checking whether gcc accepts -g... yes
checking for gcc option to enable C23 features... none needed
checking whether gcc understands -c and -o together... yes
checking whether make supports the include directive... yes (GNU style)
checking dependency style of gcc... gcc3
checking build system type... x86_64-pc-linux-gnu
checking host system type... x86_64-pc-linux-gnu
checking how to print strings... printf
checking for a sed that does not truncate output... /usr/bin/sed
checking for grep that handles long lines and -e... /usr/bin/grep
checking for egrep... /usr/bin/grep -E
checking for fgrep... /usr/bin/grep -F
checking for ld used by gcc... /usr/bin/ld
checking if the linker (/usr/bin/ld) is GNU ld... yes
checking for BSD- or MS-compatible name lister (nm)... /usr/bin/nm -B
checking the name lister (/usr/bin/nm -B) interface... BSD nm
checking whether ln -s works... yes
checking the maximum length of command line arguments... 1572864
checking how to convert x86_64-pc-linux-gnu file names to x86_64-pc-linux-gnu format... func_convert_file_noop
checking how to convert x86_64-pc-linux-gnu file names to toolchain format... func_convert_file_noop
checking for /usr/bin/ld option to reload object files... -r
checking for file... file
checking for objdump... objdump
checking how to recognize dependent libraries... pass_all
checking for dlltool... no
checking how to associate runtime and link libraries... printf %s\n
checking for ranlib... ranlib
checking for ar... ar
checking for archiver @FILE support... @
checking for strip... strip
checking command to parse /usr/bin/nm -B output from gcc object... ok
checking for sysroot... no
checking for a working dd... /usr/bin/dd
checking how to truncate binary pipes... /usr/bin/dd bs=4096 count=1
checking for mt... no
checking if : is a manifest tool... no
checking for stdio.h... yes
checking for stdlib.h... yes
checking for string.h... yes
checking for inttypes.h... yes
checking for stdint.h... yes
checking for strings.h... yes
checking for sys/stat.h... yes
checking for sys/types.h... yes
checking for unistd.h... yes
checking for dlfcn.h... yes
checking which variant of shared library versioning to provide... (default) aix
checking for objdir... .libs
checking if gcc supports -fno-rtti -fno-exceptions... no
checking for gcc option to produce PIC... -fPIC -DPIC
checking if gcc PIC flag -fPIC -DPIC works... yes
checking if gcc static flag -static works... yes
checking if gcc supports -c -o file.o... yes
checking if gcc supports -c -o file.o... (cached) yes
checking whether the gcc linker (/usr/bin/ld -m elf_x86_64) supports shared libraries... yes
checking whether -lc should be explicitly linked in... no
checking dynamic linker characteristics... GNU/Linux ld.so
checking how to hardcode library paths into programs... immediate
checking whether stripping libraries is possible... yes
checking if libtool supports shared libraries... yes
checking whether to build shared libraries... yes
checking whether to build static libraries... yes
checking whether make sets $(MAKE)... (cached) yes
checking for sys/time.h... yes
checking for unistd.h... (cached) yes
checking for sys/times.h... yes
checking for time.h... yes
checking size of int... 4
checking size of intptr_t... 8
checking size of long... 8
checking size of long long... 8
checking size of void*... 8
checking size of time_t... 8
checking for size_t... yes
checking for working alloca.h... yes
checking for alloca... yes
checking for library containing clock_gettime... none required
checking that generated files are newer than configure... done
configure: creating ./config.status
config.status: creating Makefile
config.status: creating src/Makefile
config.status: creating test/Makefile
config.status: creating sample/Makefile
config.status: creating onig-config
config.status: creating src/config.h
config.status: executing depfiles commands
config.status: executing libtool commands
config.status: executing default commands
Making all in src
make[1]: Entering directory '/build/guitar/src/Guitar-1.4.0/filetype/oniguruma/src'
make  all-am
make[2]: Entering directory '/build/guitar/src/Guitar-1.4.0/filetype/oniguruma/src'
/bin/sh ../libtool  --tag=CC   --mode=compile gcc -DHAVE_CONFIG_H -I.  -I..  -Wall   -march=x86-64 -mtune=generic -O2 -pipe -fno-plt -fexceptions         -Wp,-D_FORTIFY_SOURCE=3 -Wformat -Werror=format-security         -fstack-clash-protection -fcf-protection         -fno-omit-frame-pointer -mno-omit-leaf-frame-pointer -g -ffile-prefix-map=/build/guitar/src=/usr/src/debug/guitar -flto=auto -MT regparse.lo -MD -MP -MF .deps/regparse.Tpo -c -o regparse.lo regparse.c
/bin/sh ../libtool  --tag=CC   --mode=compile gcc -DHAVE_CONFIG_H -I.  -I..  -Wall   -march=x86-64 -mtune=generic -O2 -pipe -fno-plt -fexceptions         -Wp,-D_FORTIFY_SOURCE=3 -Wformat -Werror=format-security         -fstack-clash-protection -fcf-protection         -fno-omit-frame-pointer -mno-omit-leaf-frame-pointer -g -ffile-prefix-map=/build/guitar/src=/usr/src/debug/guitar -flto=auto -MT regcomp.lo -MD -MP -MF .deps/regcomp.Tpo -c -o regcomp.lo regcomp.c
/bin/sh ../libtool  --tag=CC   --mode=compile gcc -DHAVE_CONFIG_H -I.  -I..  -Wall   -march=x86-64 -mtune=generic -O2 -pipe -fno-plt -fexceptions         -Wp,-D_FORTIFY_SOURCE=3 -Wformat -Werror=format-security         -fstack-clash-protection -fcf-protection         -fno-omit-frame-pointer -mno-omit-leaf-frame-pointer -g -ffile-prefix-map=/build/guitar/src=/usr/src/debug/guitar -flto=auto -MT regexec.lo -MD -MP -MF .deps/regexec.Tpo -c -o regexec.lo regexec.c
/bin/sh ../libtool  --tag=CC   --mode=compile gcc -DHAVE_CONFIG_H -I.  -I..  -Wall   -march=x86-64 -mtune=generic -O2 -pipe -fno-plt -fexceptions         -Wp,-D_FORTIFY_SOURCE=3 -Wformat -Werror=format-security         -fstack-clash-protection -fcf-protection         -fno-omit-frame-pointer -mno-omit-leaf-frame-pointer -g -ffile-prefix-map=/build/guitar/src=/usr/src/debug/guitar -flto=auto -MT regenc.lo -MD -MP -MF .deps/regenc.Tpo -c -o regenc.lo regenc.c
/bin/sh ../libtool  --tag=CC   --mode=compile gcc -DHAVE_CONFIG_H -I.  -I..  -Wall   -march=x86-64 -mtune=generic -O2 -pipe -fno-plt -fexceptions         -Wp,-D_FORTIFY_SOURCE=3 -Wformat -Werror=format-security         -fstack-clash-protection -fcf-protection         -fno-omit-frame-pointer -mno-omit-leaf-frame-pointer -g -ffile-prefix-map=/build/guitar/src=/usr/src/debug/guitar -flto=auto -MT regerror.lo -MD -MP -MF .deps/regerror.Tpo -c -o regerror.lo regerror.c
/bin/sh ../libtool  --tag=CC   --mode=compile gcc -DHAVE_CONFIG_H -I.  -I..  -Wall   -march=x86-64 -mtune=generic -O2 -pipe -fno-plt -fexceptions         -Wp,-D_FORTIFY_SOURCE=3 -Wformat -Werror=format-security         -fstack-clash-protection -fcf-protection         -fno-omit-frame-pointer -mno-omit-leaf-frame-pointer -g -ffile-prefix-map=/build/guitar/src=/usr/src/debug/guitar -flto=auto -MT regext.lo -MD -MP -MF .deps/regext.Tpo -c -o regext.lo regext.c
/bin/sh ../libtool  --tag=CC   --mode=compile gcc -DHAVE_CONFIG_H -I.  -I..  -Wall   -march=x86-64 -mtune=generic -O2 -pipe -fno-plt -fexceptions         -Wp,-D_FORTIFY_SOURCE=3 -Wformat -Werror=format-security         -fstack-clash-protection -fcf-protection         -fno-omit-frame-pointer -mno-omit-leaf-frame-pointer -g -ffile-prefix-map=/build/guitar/src=/usr/src/debug/guitar -flto=auto -MT regsyntax.lo -MD -MP -MF .deps/regsyntax.Tpo -c -o regsyntax.lo regsyntax.c
/bin/sh ../libtool  --tag=CC   --mode=compile gcc -DHAVE_CONFIG_H -I.  -I..  -Wall   -march=x86-64 -mtune=generic -O2 -pipe -fno-plt -fexceptions         -Wp,-D_FORTIFY_SOURCE=3 -Wformat -Werror=format-security         -fstack-clash-protection -fcf-protection         -fno-omit-frame-pointer -mno-omit-leaf-frame-pointer -g -ffile-prefix-map=/build/guitar/src=/usr/src/debug/guitar -flto=auto -MT regtrav.lo -MD -MP -MF .deps/regtrav.Tpo -c -o regtrav.lo regtrav.c
/bin/sh ../libtool  --tag=CC   --mode=compile gcc -DHAVE_CONFIG_H -I.  -I..  -Wall   -march=x86-64 -mtune=generic -O2 -pipe -fno-plt -fexceptions         -Wp,-D_FORTIFY_SOURCE=3 -Wformat -Werror=format-security         -fstack-clash-protection -fcf-protection         -fno-omit-frame-pointer -mno-omit-leaf-frame-pointer -g -ffile-prefix-map=/build/guitar/src=/usr/src/debug/guitar -flto=auto -MT regversion.lo -MD -MP -MF .deps/regversion.Tpo -c -o regversion.lo regversion.c
/bin/sh ../libtool  --tag=CC   --mode=compile gcc -DHAVE_CONFIG_H -I.  -I..  -Wall   -march=x86-64 -mtune=generic -O2 -pipe -fno-plt -fexceptions         -Wp,-D_FORTIFY_SOURCE=3 -Wformat -Werror=format-security         -fstack-clash-protection -fcf-protection         -fno-omit-frame-pointer -mno-omit-leaf-frame-pointer -g -ffile-prefix-map=/build/guitar/src=/usr/src/debug/guitar -flto=auto -MT st.lo -MD -MP -MF .deps/st.Tpo -c -o st.lo st.c
libtool: compile:  gcc -DHAVE_CONFIG_H -I. -I.. -Wall -march=x86-64 -mtune=generic -O2 -pipe -fno-plt -fexceptions -Wp,-D_FORTIFY_SOURCE=3 -Wformat -Werror=format-security -fstack-clash-protection -fcf-protection -fno-omit-frame-pointer -mno-omit-leaf-frame-pointer -g -ffile-prefix-map=/build/guitar/src=/usr/src/debug/guitar -flto=auto -MT regerror.lo -MD -MP -MF .deps/regerror.Tpo -c regerror.c  -fPIC -DPIC -o .libs/regerror.o
libtool: compile:  gcc -DHAVE_CONFIG_H -I. -I.. -Wall -march=x86-64 -mtune=generic -O2 -pipe -fno-plt -fexceptions -Wp,-D_FORTIFY_SOURCE=3 -Wformat -Werror=format-security -fstack-clash-protection -fcf-protection -fno-omit-frame-pointer -mno-omit-leaf-frame-pointer -g -ffile-prefix-map=/build/guitar/src=/usr/src/debug/guitar -flto=auto -MT regparse.lo -MD -MP -MF .deps/regparse.Tpo -c regparse.c  -fPIC -DPIC -o .libs/regparse.o
libtool: compile:  gcc -DHAVE_CONFIG_H -I. -I.. -Wall -march=x86-64 -mtune=generic -O2 -pipe -fno-plt -fexceptions -Wp,-D_FORTIFY_SOURCE=3 -Wformat -Werror=format-security -fstack-clash-protection -fcf-protection -fno-omit-frame-pointer -mno-omit-leaf-frame-pointer -g -ffile-prefix-map=/build/guitar/src=/usr/src/debug/guitar -flto=auto -MT regversion.lo -MD -MP -MF .deps/regversion.Tpo -c regversion.c  -fPIC -DPIC -o .libs/regversion.o
libtool: compile:  gcc -DHAVE_CONFIG_H -I. -I.. -Wall -march=x86-64 -mtune=generic -O2 -pipe -fno-plt -fexceptions -Wp,-D_FORTIFY_SOURCE=3 -Wformat -Werror=format-security -fstack-clash-protection -fcf-protection -fno-omit-frame-pointer -mno-omit-leaf-frame-pointer -g -ffile-prefix-map=/build/guitar/src=/usr/src/debug/guitar -flto=auto -MT regext.lo -MD -MP -MF .deps/regext.Tpo -c regext.c  -fPIC -DPIC -o .libs/regext.o
libtool: compile:  gcc -DHAVE_CONFIG_H -I. -I.. -Wall -march=x86-64 -mtune=generic -O2 -pipe -fno-plt -fexceptions -Wp,-D_FORTIFY_SOURCE=3 -Wformat -Werror=format-security -fstack-clash-protection -fcf-protection -fno-omit-frame-pointer -mno-omit-leaf-frame-pointer -g -ffile-prefix-map=/build/guitar/src=/usr/src/debug/guitar -flto=auto -MT regsyntax.lo -MD -MP -MF .deps/regsyntax.Tpo -c regsyntax.c  -fPIC -DPIC -o .libs/regsyntax.o
libtool: compile:  gcc -DHAVE_CONFIG_H -I. -I.. -Wall -march=x86-64 -mtune=generic -O2 -pipe -fno-plt -fexceptions -Wp,-D_FORTIFY_SOURCE=3 -Wformat -Werror=format-security -fstack-clash-protection -fcf-protection -fno-omit-frame-pointer -mno-omit-leaf-frame-pointer -g -ffile-prefix-map=/build/guitar/src=/usr/src/debug/guitar -flto=auto -MT regcomp.lo -MD -MP -MF .deps/regcomp.Tpo -c regcomp.c  -fPIC -DPIC -o .libs/regcomp.o
libtool: compile:  gcc -DHAVE_CONFIG_H -I. -I.. -Wall -march=x86-64 -mtune=generic -O2 -pipe -fno-plt -fexceptions -Wp,-D_FORTIFY_SOURCE=3 -Wformat -Werror=format-security -fstack-clash-protection -fcf-protection -fno-omit-frame-pointer -mno-omit-leaf-frame-pointer -g -ffile-prefix-map=/build/guitar/src=/usr/src/debug/guitar -flto=auto -MT regtrav.lo -MD -MP -MF .deps/regtrav.Tpo -c regtrav.c  -fPIC -DPIC -o .libs/regtrav.o
libtool: compile:  gcc -DHAVE_CONFIG_H -I. -I.. -Wall -march=x86-64 -mtune=generic -O2 -pipe -fno-plt -fexceptions -Wp,-D_FORTIFY_SOURCE=3 -Wformat -Werror=format-security -fstack-clash-protection -fcf-protection -fno-omit-frame-pointer -mno-omit-leaf-frame-pointer -g -ffile-prefix-map=/build/guitar/src=/usr/src/debug/guitar -flto=auto -MT regenc.lo -MD -MP -MF .deps/regenc.Tpo -c regenc.c  -fPIC -DPIC -o .libs/regenc.o
libtool: compile:  gcc -DHAVE_CONFIG_H -I. -I.. -Wall -march=x86-64 -mtune=generic -O2 -pipe -fno-plt -fexceptions -Wp,-D_FORTIFY_SOURCE=3 -Wformat -Werror=format-security -fstack-clash-protection -fcf-protection -fno-omit-frame-pointer -mno-omit-leaf-frame-pointer -g -ffile-prefix-map=/build/guitar/src=/usr/src/debug/guitar -flto=auto -MT regexec.lo -MD -MP -MF .deps/regexec.Tpo -c regexec.c  -fPIC -DPIC -o .libs/regexec.o
libtool: compile:  gcc -DHAVE_CONFIG_H -I. -I.. -Wall -march=x86-64 -mtune=generic -O2 -pipe -fno-plt -fexceptions -Wp,-D_FORTIFY_SOURCE=3 -Wformat -Werror=format-security -fstack-clash-protection -fcf-protection -fno-omit-frame-pointer -mno-omit-leaf-frame-pointer -g -ffile-prefix-map=/build/guitar/src=/usr/src/debug/guitar -flto=auto -MT st.lo -MD -MP -MF .deps/st.Tpo -c st.c  -fPIC -DPIC -o .libs/st.o
libtool: compile:  gcc -DHAVE_CONFIG_H -I. -I.. -Wall -march=x86-64 -mtune=generic -O2 -pipe -fno-plt -fexceptions -Wp,-D_FORTIFY_SOURCE=3 -Wformat -Werror=format-security -fstack-clash-protection -fcf-protection -fno-omit-frame-pointer -mno-omit-leaf-frame-pointer -g -ffile-prefix-map=/build/guitar/src=/usr/src/debug/guitar -flto=auto -MT regtrav.lo -MD -MP -MF .deps/regtrav.Tpo -c regtrav.c -o regtrav.o >/dev/null 2>&1
libtool: compile:  gcc -DHAVE_CONFIG_H -I. -I.. -Wall -march=x86-64 -mtune=generic -O2 -pipe -fno-plt -fexceptions -Wp,-D_FORTIFY_SOURCE=3 -Wformat -Werror=format-security -fstack-clash-protection -fcf-protection -fno-omit-frame-pointer -mno-omit-leaf-frame-pointer -g -ffile-prefix-map=/build/guitar/src=/usr/src/debug/guitar -flto=auto -MT regsyntax.lo -MD -MP -MF .deps/regsyntax.Tpo -c regsyntax.c -o regsyntax.o >/dev/null 2>&1
libtool: compile:  gcc -DHAVE_CONFIG_H -I. -I.. -Wall -march=x86-64 -mtune=generic -O2 -pipe -fno-plt -fexceptions -Wp,-D_FORTIFY_SOURCE=3 -Wformat -Werror=format-security -fstack-clash-protection -fcf-protection -fno-omit-frame-pointer -mno-omit-leaf-frame-pointer -g -ffile-prefix-map=/build/guitar/src=/usr/src/debug/guitar -flto=auto -MT regversion.lo -MD -MP -MF .deps/regversion.Tpo -c regversion.c -o regversion.o >/dev/null 2>&1
libtool: compile:  gcc -DHAVE_CONFIG_H -I. -I.. -Wall -march=x86-64 -mtune=generic -O2 -pipe -fno-plt -fexceptions -Wp,-D_FORTIFY_SOURCE=3 -Wformat -Werror=format-security -fstack-clash-protection -fcf-protection -fno-omit-frame-pointer -mno-omit-leaf-frame-pointer -g -ffile-prefix-map=/build/guitar/src=/usr/src/debug/guitar -flto=auto -MT regext.lo -MD -MP -MF .deps/regext.Tpo -c regext.c -o regext.o >/dev/null 2>&1
libtool: compile:  gcc -DHAVE_CONFIG_H -I. -I.. -Wall -march=x86-64 -mtune=generic -O2 -pipe -fno-plt -fexceptions -Wp,-D_FORTIFY_SOURCE=3 -Wformat -Werror=format-security -fstack-clash-protection -fcf-protection -fno-omit-frame-pointer -mno-omit-leaf-frame-pointer -g -ffile-prefix-map=/build/guitar/src=/usr/src/debug/guitar -flto=auto -MT regerror.lo -MD -MP -MF .deps/regerror.Tpo -c regerror.c -o regerror.o >/dev/null 2>&1
libtool: compile:  gcc -DHAVE_CONFIG_H -I. -I.. -Wall -march=x86-64 -mtune=generic -O2 -pipe -fno-plt -fexceptions -Wp,-D_FORTIFY_SOURCE=3 -Wformat -Werror=format-security -fstack-clash-protection -fcf-protection -fno-omit-frame-pointer -mno-omit-leaf-frame-pointer -g -ffile-prefix-map=/build/guitar/src=/usr/src/debug/guitar -flto=auto -MT st.lo -MD -MP -MF .deps/st.Tpo -c st.c -o st.o >/dev/null 2>&1
libtool: compile:  gcc -DHAVE_CONFIG_H -I. -I.. -Wall -march=x86-64 -mtune=generic -O2 -pipe -fno-plt -fexceptions -Wp,-D_FORTIFY_SOURCE=3 -Wformat -Werror=format-security -fstack-clash-protection -fcf-protection -fno-omit-frame-pointer -mno-omit-leaf-frame-pointer -g -ffile-prefix-map=/build/guitar/src=/usr/src/debug/guitar -flto=auto -MT regenc.lo -MD -MP -MF .deps/regenc.Tpo -c regenc.c -o regenc.o >/dev/null 2>&1
mv -f .deps/regtrav.Tpo .deps/regtrav.Plo
mv -f .deps/regsyntax.Tpo .deps/regsyntax.Plo
/bin/sh ../libtool  --tag=CC   --mode=compile gcc -DHAVE_CONFIG_H -I.  -I..  -Wall   -march=x86-64 -mtune=generic -O2 -pipe -fno-plt -fexceptions         -Wp,-D_FORTIFY_SOURCE=3 -Wformat -Werror=format-security         -fstack-clash-protection -fcf-protection         -fno-omit-frame-pointer -mno-omit-leaf-frame-pointer -g -ffile-prefix-map=/build/guitar/src=/usr/src/debug/guitar -flto=auto -MT reggnu.lo -MD -MP -MF .deps/reggnu.Tpo -c -o reggnu.lo reggnu.c
/bin/sh ../libtool  --tag=CC   --mode=compile gcc -DHAVE_CONFIG_H -I.  -I..  -Wall   -march=x86-64 -mtune=generic -O2 -pipe -fno-plt -fexceptions         -Wp,-D_FORTIFY_SOURCE=3 -Wformat -Werror=format-security         -fstack-clash-protection -fcf-protection         -fno-omit-frame-pointer -mno-omit-leaf-frame-pointer -g -ffile-prefix-map=/build/guitar/src=/usr/src/debug/guitar -flto=auto -MT unicode.lo -MD -MP -MF .deps/unicode.Tpo -c -o unicode.lo unicode.c
mv -f .deps/regversion.Tpo .deps/regversion.Plo
/bin/sh ../libtool  --tag=CC   --mode=compile gcc -DHAVE_CONFIG_H -I.  -I..  -Wall   -march=x86-64 -mtune=generic -O2 -pipe -fno-plt -fexceptions         -Wp,-D_FORTIFY_SOURCE=3 -Wformat -Werror=format-security         -fstack-clash-protection -fcf-protection         -fno-omit-frame-pointer -mno-omit-leaf-frame-pointer -g -ffile-prefix-map=/build/guitar/src=/usr/src/debug/guitar -flto=auto -MT unicode_unfold_key.lo -MD -MP -MF .deps/unicode_unfold_key.Tpo -c -o unicode_unfold_key.lo unicode_unfold_key.c
mv -f .deps/regext.Tpo .deps/regext.Plo
/bin/sh ../libtool  --tag=CC   --mode=compile gcc -DHAVE_CONFIG_H -I.  -I..  -Wall   -march=x86-64 -mtune=generic -O2 -pipe -fno-plt -fexceptions         -Wp,-D_FORTIFY_SOURCE=3 -Wformat -Werror=format-security         -fstack-clash-protection -fcf-protection         -fno-omit-frame-pointer -mno-omit-leaf-frame-pointer -g -ffile-prefix-map=/build/guitar/src=/usr/src/debug/guitar -flto=auto -MT unicode_fold1_key.lo -MD -MP -MF .deps/unicode_fold1_key.Tpo -c -o unicode_fold1_key.lo unicode_fold1_key.c
mv -f .deps/regerror.Tpo .deps/regerror.Plo
/bin/sh ../libtool  --tag=CC   --mode=compile gcc -DHAVE_CONFIG_H -I.  -I..  -Wall   -march=x86-64 -mtune=generic -O2 -pipe -fno-plt -fexceptions         -Wp,-D_FORTIFY_SOURCE=3 -Wformat -Werror=format-security         -fstack-clash-protection -fcf-protection         -fno-omit-frame-pointer -mno-omit-leaf-frame-pointer -g -ffile-prefix-map=/build/guitar/src=/usr/src/debug/guitar -flto=auto -MT unicode_fold2_key.lo -MD -MP -MF .deps/unicode_fold2_key.Tpo -c -o unicode_fold2_key.lo unicode_fold2_key.c
libtool: compile:  gcc -DHAVE_CONFIG_H -I. -I.. -Wall -march=x86-64 -mtune=generic -O2 -pipe -fno-plt -fexceptions -Wp,-D_FORTIFY_SOURCE=3 -Wformat -Werror=format-security -fstack-clash-protection -fcf-protection -fno-omit-frame-pointer -mno-omit-leaf-frame-pointer -g -ffile-prefix-map=/build/guitar/src=/usr/src/debug/guitar -flto=auto -MT reggnu.lo -MD -MP -MF .deps/reggnu.Tpo -c reggnu.c  -fPIC -DPIC -o .libs/reggnu.o
libtool: compile:  gcc -DHAVE_CONFIG_H -I. -I.. -Wall -march=x86-64 -mtune=generic -O2 -pipe -fno-plt -fexceptions -Wp,-D_FORTIFY_SOURCE=3 -Wformat -Werror=format-security -fstack-clash-protection -fcf-protection -fno-omit-frame-pointer -mno-omit-leaf-frame-pointer -g -ffile-prefix-map=/build/guitar/src=/usr/src/debug/guitar -flto=auto -MT unicode.lo -MD -MP -MF .deps/unicode.Tpo -c unicode.c  -fPIC -DPIC -o .libs/unicode.o
libtool: compile:  gcc -DHAVE_CONFIG_H -I. -I.. -Wall -march=x86-64 -mtune=generic -O2 -pipe -fno-plt -fexceptions -Wp,-D_FORTIFY_SOURCE=3 -Wformat -Werror=format-security -fstack-clash-protection -fcf-protection -fno-omit-frame-pointer -mno-omit-leaf-frame-pointer -g -ffile-prefix-map=/build/guitar/src=/usr/src/debug/guitar -flto=auto -MT unicode_unfold_key.lo -MD -MP -MF .deps/unicode_unfold_key.Tpo -c unicode_unfold_key.c  -fPIC -DPIC -o .libs/unicode_unfold_key.o
mv -f .deps/st.Tpo .deps/st.Plo
/bin/sh ../libtool  --tag=CC   --mode=compile gcc -DHAVE_CONFIG_H -I.  -I..  -Wall   -march=x86-64 -mtune=generic -O2 -pipe -fno-plt -fexceptions         -Wp,-D_FORTIFY_SOURCE=3 -Wformat -Werror=format-security         -fstack-clash-protection -fcf-protection         -fno-omit-frame-pointer -mno-omit-leaf-frame-pointer -g -ffile-prefix-map=/build/guitar/src=/usr/src/debug/guitar -flto=auto -MT unicode_fold3_key.lo -MD -MP -MF .deps/unicode_fold3_key.Tpo -c -o unicode_fold3_key.lo unicode_fold3_key.c
libtool: compile:  gcc -DHAVE_CONFIG_H -I. -I.. -Wall -march=x86-64 -mtune=generic -O2 -pipe -fno-plt -fexceptions -Wp,-D_FORTIFY_SOURCE=3 -Wformat -Werror=format-security -fstack-clash-protection -fcf-protection -fno-omit-frame-pointer -mno-omit-leaf-frame-pointer -g -ffile-prefix-map=/build/guitar/src=/usr/src/debug/guitar -flto=auto -MT unicode_fold1_key.lo -MD -MP -MF .deps/unicode_fold1_key.Tpo -c unicode_fold1_key.c  -fPIC -DPIC -o .libs/unicode_fold1_key.o
mv -f .deps/regenc.Tpo .deps/regenc.Plo
/bin/sh ../libtool  --tag=CC   --mode=compile gcc -DHAVE_CONFIG_H -I.  -I..  -Wall   -march=x86-64 -mtune=generic -O2 -pipe -fno-plt -fexceptions         -Wp,-D_FORTIFY_SOURCE=3 -Wformat -Werror=format-security         -fstack-clash-protection -fcf-protection         -fno-omit-frame-pointer -mno-omit-leaf-frame-pointer -g -ffile-prefix-map=/build/guitar/src=/usr/src/debug/guitar -flto=auto -MT ascii.lo -MD -MP -MF .deps/ascii.Tpo -c -o ascii.lo ascii.c
libtool: compile:  gcc -DHAVE_CONFIG_H -I. -I.. -Wall -march=x86-64 -mtune=generic -O2 -pipe -fno-plt -fexceptions -Wp,-D_FORTIFY_SOURCE=3 -Wformat -Werror=format-security -fstack-clash-protection -fcf-protection -fno-omit-frame-pointer -mno-omit-leaf-frame-pointer -g -ffile-prefix-map=/build/guitar/src=/usr/src/debug/guitar -flto=auto -MT unicode_fold2_key.lo -MD -MP -MF .deps/unicode_fold2_key.Tpo -c unicode_fold2_key.c  -fPIC -DPIC -o .libs/unicode_fold2_key.o
libtool: compile:  gcc -DHAVE_CONFIG_H -I. -I.. -Wall -march=x86-64 -mtune=generic -O2 -pipe -fno-plt -fexceptions -Wp,-D_FORTIFY_SOURCE=3 -Wformat -Werror=format-security -fstack-clash-protection -fcf-protection -fno-omit-frame-pointer -mno-omit-leaf-frame-pointer -g -ffile-prefix-map=/build/guitar/src=/usr/src/debug/guitar -flto=auto -MT reggnu.lo -MD -MP -MF .deps/reggnu.Tpo -c reggnu.c -o reggnu.o >/dev/null 2>&1
libtool: compile:  gcc -DHAVE_CONFIG_H -I. -I.. -Wall -march=x86-64 -mtune=generic -O2 -pipe -fno-plt -fexceptions -Wp,-D_FORTIFY_SOURCE=3 -Wformat -Werror=format-security -fstack-clash-protection -fcf-protection -fno-omit-frame-pointer -mno-omit-leaf-frame-pointer -g -ffile-prefix-map=/build/guitar/src=/usr/src/debug/guitar -flto=auto -MT unicode_fold3_key.lo -MD -MP -MF .deps/unicode_fold3_key.Tpo -c unicode_fold3_key.c  -fPIC -DPIC -o .libs/unicode_fold3_key.o
libtool: compile:  gcc -DHAVE_CONFIG_H -I. -I.. -Wall -march=x86-64 -mtune=generic -O2 -pipe -fno-plt -fexceptions -Wp,-D_FORTIFY_SOURCE=3 -Wformat -Werror=format-security -fstack-clash-protection -fcf-protection -fno-omit-frame-pointer -mno-omit-leaf-frame-pointer -g -ffile-prefix-map=/build/guitar/src=/usr/src/debug/guitar -flto=auto -MT unicode_fold1_key.lo -MD -MP -MF .deps/unicode_fold1_key.Tpo -c unicode_fold1_key.c -o unicode_fold1_key.o >/dev/null 2>&1
libtool: compile:  gcc -DHAVE_CONFIG_H -I. -I.. -Wall -march=x86-64 -mtune=generic -O2 -pipe -fno-plt -fexceptions -Wp,-D_FORTIFY_SOURCE=3 -Wformat -Werror=format-security -fstack-clash-protection -fcf-protection -fno-omit-frame-pointer -mno-omit-leaf-frame-pointer -g -ffile-prefix-map=/build/guitar/src=/usr/src/debug/guitar -flto=auto -MT unicode_unfold_key.lo -MD -MP -MF .deps/unicode_unfold_key.Tpo -c unicode_unfold_key.c -o unicode_unfold_key.o >/dev/null 2>&1
libtool: compile:  gcc -DHAVE_CONFIG_H -I. -I.. -Wall -march=x86-64 -mtune=generic -O2 -pipe -fno-plt -fexceptions -Wp,-D_FORTIFY_SOURCE=3 -Wformat -Werror=format-security -fstack-clash-protection -fcf-protection -fno-omit-frame-pointer -mno-omit-leaf-frame-pointer -g -ffile-prefix-map=/build/guitar/src=/usr/src/debug/guitar -flto=auto -MT ascii.lo -MD -MP -MF .deps/ascii.Tpo -c ascii.c  -fPIC -DPIC -o .libs/ascii.o
libtool: compile:  gcc -DHAVE_CONFIG_H -I. -I.. -Wall -march=x86-64 -mtune=generic -O2 -pipe -fno-plt -fexceptions -Wp,-D_FORTIFY_SOURCE=3 -Wformat -Werror=format-security -fstack-clash-protection -fcf-protection -fno-omit-frame-pointer -mno-omit-leaf-frame-pointer -g -ffile-prefix-map=/build/guitar/src=/usr/src/debug/guitar -flto=auto -MT unicode_fold2_key.lo -MD -MP -MF .deps/unicode_fold2_key.Tpo -c unicode_fold2_key.c -o unicode_fold2_key.o >/dev/null 2>&1
libtool: compile:  gcc -DHAVE_CONFIG_H -I. -I.. -Wall -march=x86-64 -mtune=generic -O2 -pipe -fno-plt -fexceptions -Wp,-D_FORTIFY_SOURCE=3 -Wformat -Werror=format-security -fstack-clash-protection -fcf-protection -fno-omit-frame-pointer -mno-omit-leaf-frame-pointer -g -ffile-prefix-map=/build/guitar/src=/usr/src/debug/guitar -flto=auto -MT unicode_fold3_key.lo -MD -MP -MF .deps/unicode_fold3_key.Tpo -c unicode_fold3_key.c -o unicode_fold3_key.o >/dev/null 2>&1
mv -f .deps/unicode_fold1_key.Tpo .deps/unicode_fold1_key.Plo
/bin/sh ../libtool  --tag=CC   --mode=compile gcc -DHAVE_CONFIG_H -I.  -I..  -Wall   -march=x86-64 -mtune=generic -O2 -pipe -fno-plt -fexceptions         -Wp,-D_FORTIFY_SOURCE=3 -Wformat -Werror=format-security         -fstack-clash-protection -fcf-protection         -fno-omit-frame-pointer -mno-omit-leaf-frame-pointer -g -ffile-prefix-map=/build/guitar/src=/usr/src/debug/guitar -flto=auto -MT utf8.lo -MD -MP -MF .deps/utf8.Tpo -c -o utf8.lo utf8.c
mv -f .deps/reggnu.Tpo .deps/reggnu.Plo
/bin/sh ../libtool  --tag=CC   --mode=compile gcc -DHAVE_CONFIG_H -I.  -I..  -Wall   -march=x86-64 -mtune=generic -O2 -pipe -fno-plt -fexceptions         -Wp,-D_FORTIFY_SOURCE=3 -Wformat -Werror=format-security         -fstack-clash-protection -fcf-protection         -fno-omit-frame-pointer -mno-omit-leaf-frame-pointer -g -ffile-prefix-map=/build/guitar/src=/usr/src/debug/guitar -flto=auto -MT utf16_be.lo -MD -MP -MF .deps/utf16_be.Tpo -c -o utf16_be.lo utf16_be.c
mv -f .deps/unicode_unfold_key.Tpo .deps/unicode_unfold_key.Plo
/bin/sh ../libtool  --tag=CC   --mode=compile gcc -DHAVE_CONFIG_H -I.  -I..  -Wall   -march=x86-64 -mtune=generic -O2 -pipe -fno-plt -fexceptions         -Wp,-D_FORTIFY_SOURCE=3 -Wformat -Werror=format-security         -fstack-clash-protection -fcf-protection         -fno-omit-frame-pointer -mno-omit-leaf-frame-pointer -g -ffile-prefix-map=/build/guitar/src=/usr/src/debug/guitar -flto=auto -MT utf16_le.lo -MD -MP -MF .deps/utf16_le.Tpo -c -o utf16_le.lo utf16_le.c
libtool: compile:  gcc -DHAVE_CONFIG_H -I. -I.. -Wall -march=x86-64 -mtune=generic -O2 -pipe -fno-plt -fexceptions -Wp,-D_FORTIFY_SOURCE=3 -Wformat -Werror=format-security -fstack-clash-protection -fcf-protection -fno-omit-frame-pointer -mno-omit-leaf-frame-pointer -g -ffile-prefix-map=/build/guitar/src=/usr/src/debug/guitar -flto=auto -MT ascii.lo -MD -MP -MF .deps/ascii.Tpo -c ascii.c -o ascii.o >/dev/null 2>&1
mv -f .deps/unicode_fold2_key.Tpo .deps/unicode_fold2_key.Plo
/bin/sh ../libtool  --tag=CC   --mode=compile gcc -DHAVE_CONFIG_H -I.  -I..  -Wall   -march=x86-64 -mtune=generic -O2 -pipe -fno-plt -fexceptions         -Wp,-D_FORTIFY_SOURCE=3 -Wformat -Werror=format-security         -fstack-clash-protection -fcf-protection         -fno-omit-frame-pointer -mno-omit-leaf-frame-pointer -g -ffile-prefix-map=/build/guitar/src=/usr/src/debug/guitar -flto=auto -MT utf32_be.lo -MD -MP -MF .deps/utf32_be.Tpo -c -o utf32_be.lo utf32_be.c
mv -f .deps/unicode_fold3_key.Tpo .deps/unicode_fold3_key.Plo
/bin/sh ../libtool  --tag=CC   --mode=compile gcc -DHAVE_CONFIG_H -I.  -I..  -Wall   -march=x86-64 -mtune=generic -O2 -pipe -fno-plt -fexceptions         -Wp,-D_FORTIFY_SOURCE=3 -Wformat -Werror=format-security         -fstack-clash-protection -fcf-protection         -fno-omit-frame-pointer -mno-omit-leaf-frame-pointer -g -ffile-prefix-map=/build/guitar/src=/usr/src/debug/guitar -flto=auto -MT utf32_le.lo -MD -MP -MF .deps/utf32_le.Tpo -c -o utf32_le.lo utf32_le.c
libtool: compile:  gcc -DHAVE_CONFIG_H -I. -I.. -Wall -march=x86-64 -mtune=generic -O2 -pipe -fno-plt -fexceptions -Wp,-D_FORTIFY_SOURCE=3 -Wformat -Werror=format-security -fstack-clash-protection -fcf-protection -fno-omit-frame-pointer -mno-omit-leaf-frame-pointer -g -ffile-prefix-map=/build/guitar/src=/usr/src/debug/guitar -flto=auto -MT utf16_be.lo -MD -MP -MF .deps/utf16_be.Tpo -c utf16_be.c  -fPIC -DPIC -o .libs/utf16_be.o
libtool: compile:  gcc -DHAVE_CONFIG_H -I. -I.. -Wall -march=x86-64 -mtune=generic -O2 -pipe -fno-plt -fexceptions -Wp,-D_FORTIFY_SOURCE=3 -Wformat -Werror=format-security -fstack-clash-protection -fcf-protection -fno-omit-frame-pointer -mno-omit-leaf-frame-pointer -g -ffile-prefix-map=/build/guitar/src=/usr/src/debug/guitar -flto=auto -MT utf8.lo -MD -MP -MF .deps/utf8.Tpo -c utf8.c  -fPIC -DPIC -o .libs/utf8.o
libtool: compile:  gcc -DHAVE_CONFIG_H -I. -I.. -Wall -march=x86-64 -mtune=generic -O2 -pipe -fno-plt -fexceptions -Wp,-D_FORTIFY_SOURCE=3 -Wformat -Werror=format-security -fstack-clash-protection -fcf-protection -fno-omit-frame-pointer -mno-omit-leaf-frame-pointer -g -ffile-prefix-map=/build/guitar/src=/usr/src/debug/guitar -flto=auto -MT utf16_le.lo -MD -MP -MF .deps/utf16_le.Tpo -c utf16_le.c  -fPIC -DPIC -o .libs/utf16_le.o
mv -f .deps/ascii.Tpo .deps/ascii.Plo
/bin/sh ../libtool  --tag=CC   --mode=compile gcc -DHAVE_CONFIG_H -I.  -I..  -Wall   -march=x86-64 -mtune=generic -O2 -pipe -fno-plt -fexceptions         -Wp,-D_FORTIFY_SOURCE=3 -Wformat -Werror=format-security         -fstack-clash-protection -fcf-protection         -fno-omit-frame-pointer -mno-omit-leaf-frame-pointer -g -ffile-prefix-map=/build/guitar/src=/usr/src/debug/guitar -flto=auto -MT euc_jp.lo -MD -MP -MF .deps/euc_jp.Tpo -c -o euc_jp.lo euc_jp.c
libtool: compile:  gcc -DHAVE_CONFIG_H -I. -I.. -Wall -march=x86-64 -mtune=generic -O2 -pipe -fno-plt -fexceptions -Wp,-D_FORTIFY_SOURCE=3 -Wformat -Werror=format-security -fstack-clash-protection -fcf-protection -fno-omit-frame-pointer -mno-omit-leaf-frame-pointer -g -ffile-prefix-map=/build/guitar/src=/usr/src/debug/guitar -flto=auto -MT utf32_be.lo -MD -MP -MF .deps/utf32_be.Tpo -c utf32_be.c  -fPIC -DPIC -o .libs/utf32_be.o
libtool: compile:  gcc -DHAVE_CONFIG_H -I. -I.. -Wall -march=x86-64 -mtune=generic -O2 -pipe -fno-plt -fexceptions -Wp,-D_FORTIFY_SOURCE=3 -Wformat -Werror=format-security -fstack-clash-protection -fcf-protection -fno-omit-frame-pointer -mno-omit-leaf-frame-pointer -g -ffile-prefix-map=/build/guitar/src=/usr/src/debug/guitar -flto=auto -MT utf32_le.lo -MD -MP -MF .deps/utf32_le.Tpo -c utf32_le.c  -fPIC -DPIC -o .libs/utf32_le.o
libtool: compile:  gcc -DHAVE_CONFIG_H -I. -I.. -Wall -march=x86-64 -mtune=generic -O2 -pipe -fno-plt -fexceptions -Wp,-D_FORTIFY_SOURCE=3 -Wformat -Werror=format-security -fstack-clash-protection -fcf-protection -fno-omit-frame-pointer -mno-omit-leaf-frame-pointer -g -ffile-prefix-map=/build/guitar/src=/usr/src/debug/guitar -flto=auto -MT utf8.lo -MD -MP -MF .deps/utf8.Tpo -c utf8.c -o utf8.o >/dev/null 2>&1
libtool: compile:  gcc -DHAVE_CONFIG_H -I. -I.. -Wall -march=x86-64 -mtune=generic -O2 -pipe -fno-plt -fexceptions -Wp,-D_FORTIFY_SOURCE=3 -Wformat -Werror=format-security -fstack-clash-protection -fcf-protection -fno-omit-frame-pointer -mno-omit-leaf-frame-pointer -g -ffile-prefix-map=/build/guitar/src=/usr/src/debug/guitar -flto=auto -MT utf32_be.lo -MD -MP -MF .deps/utf32_be.Tpo -c utf32_be.c -o utf32_be.o >/dev/null 2>&1
libtool: compile:  gcc -DHAVE_CONFIG_H -I. -I.. -Wall -march=x86-64 -mtune=generic -O2 -pipe -fno-plt -fexceptions -Wp,-D_FORTIFY_SOURCE=3 -Wformat -Werror=format-security -fstack-clash-protection -fcf-protection -fno-omit-frame-pointer -mno-omit-leaf-frame-pointer -g -ffile-prefix-map=/build/guitar/src=/usr/src/debug/guitar -flto=auto -MT utf16_be.lo -MD -MP -MF .deps/utf16_be.Tpo -c utf16_be.c -o utf16_be.o >/dev/null 2>&1
libtool: compile:  gcc -DHAVE_CONFIG_H -I. -I.. -Wall -march=x86-64 -mtune=generic -O2 -pipe -fno-plt -fexceptions -Wp,-D_FORTIFY_SOURCE=3 -Wformat -Werror=format-security -fstack-clash-protection -fcf-protection -fno-omit-frame-pointer -mno-omit-leaf-frame-pointer -g -ffile-prefix-map=/build/guitar/src=/usr/src/debug/guitar -flto=auto -MT euc_jp.lo -MD -MP -MF .deps/euc_jp.Tpo -c euc_jp.c  -fPIC -DPIC -o .libs/euc_jp.o
libtool: compile:  gcc -DHAVE_CONFIG_H -I. -I.. -Wall -march=x86-64 -mtune=generic -O2 -pipe -fno-plt -fexceptions -Wp,-D_FORTIFY_SOURCE=3 -Wformat -Werror=format-security -fstack-clash-protection -fcf-protection -fno-omit-frame-pointer -mno-omit-leaf-frame-pointer -g -ffile-prefix-map=/build/guitar/src=/usr/src/debug/guitar -flto=auto -MT utf16_le.lo -MD -MP -MF .deps/utf16_le.Tpo -c utf16_le.c -o utf16_le.o >/dev/null 2>&1
libtool: compile:  gcc -DHAVE_CONFIG_H -I. -I.. -Wall -march=x86-64 -mtune=generic -O2 -pipe -fno-plt -fexceptions -Wp,-D_FORTIFY_SOURCE=3 -Wformat -Werror=format-security -fstack-clash-protection -fcf-protection -fno-omit-frame-pointer -mno-omit-leaf-frame-pointer -g -ffile-prefix-map=/build/guitar/src=/usr/src/debug/guitar -flto=auto -MT utf32_le.lo -MD -MP -MF .deps/utf32_le.Tpo -c utf32_le.c -o utf32_le.o >/dev/null 2>&1
mv -f .deps/utf32_be.Tpo .deps/utf32_be.Plo
/bin/sh ../libtool  --tag=CC   --mode=compile gcc -DHAVE_CONFIG_H -I.  -I..  -Wall   -march=x86-64 -mtune=generic -O2 -pipe -fno-plt -fexceptions         -Wp,-D_FORTIFY_SOURCE=3 -Wformat -Werror=format-security         -fstack-clash-protection -fcf-protection         -fno-omit-frame-pointer -mno-omit-leaf-frame-pointer -g -ffile-prefix-map=/build/guitar/src=/usr/src/debug/guitar -flto=auto -MT euc_jp_prop.lo -MD -MP -MF .deps/euc_jp_prop.Tpo -c -o euc_jp_prop.lo euc_jp_prop.c
mv -f .deps/utf8.Tpo .deps/utf8.Plo
/bin/sh ../libtool  --tag=CC   --mode=compile gcc -DHAVE_CONFIG_H -I.  -I..  -Wall   -march=x86-64 -mtune=generic -O2 -pipe -fno-plt -fexceptions         -Wp,-D_FORTIFY_SOURCE=3 -Wformat -Werror=format-security         -fstack-clash-protection -fcf-protection         -fno-omit-frame-pointer -mno-omit-leaf-frame-pointer -g -ffile-prefix-map=/build/guitar/src=/usr/src/debug/guitar -flto=auto -MT sjis.lo -MD -MP -MF .deps/sjis.Tpo -c -o sjis.lo sjis.c
libtool: compile:  gcc -DHAVE_CONFIG_H -I. -I.. -Wall -march=x86-64 -mtune=generic -O2 -pipe -fno-plt -fexceptions -Wp,-D_FORTIFY_SOURCE=3 -Wformat -Werror=format-security -fstack-clash-protection -fcf-protection -fno-omit-frame-pointer -mno-omit-leaf-frame-pointer -g -ffile-prefix-map=/build/guitar/src=/usr/src/debug/guitar -flto=auto -MT regexec.lo -MD -MP -MF .deps/regexec.Tpo -c regexec.c -o regexec.o >/dev/null 2>&1
mv -f .deps/utf32_le.Tpo .deps/utf32_le.Plo
/bin/sh ../libtool  --tag=CC   --mode=compile gcc -DHAVE_CONFIG_H -I.  -I..  -Wall   -march=x86-64 -mtune=generic -O2 -pipe -fno-plt -fexceptions         -Wp,-D_FORTIFY_SOURCE=3 -Wformat -Werror=format-security         -fstack-clash-protection -fcf-protection         -fno-omit-frame-pointer -mno-omit-leaf-frame-pointer -g -ffile-prefix-map=/build/guitar/src=/usr/src/debug/guitar -flto=auto -MT sjis_prop.lo -MD -MP -MF .deps/sjis_prop.Tpo -c -o sjis_prop.lo sjis_prop.c
mv -f .deps/utf16_be.Tpo .deps/utf16_be.Plo
/bin/sh ../libtool  --tag=CC   --mode=compile gcc -DHAVE_CONFIG_H -I.  -I..  -Wall   -march=x86-64 -mtune=generic -O2 -pipe -fno-plt -fexceptions         -Wp,-D_FORTIFY_SOURCE=3 -Wformat -Werror=format-security         -fstack-clash-protection -fcf-protection         -fno-omit-frame-pointer -mno-omit-leaf-frame-pointer -g -ffile-prefix-map=/build/guitar/src=/usr/src/debug/guitar -flto=auto -MT iso8859_1.lo -MD -MP -MF .deps/iso8859_1.Tpo -c -o iso8859_1.lo iso8859_1.c
libtool: compile:  gcc -DHAVE_CONFIG_H -I. -I.. -Wall -march=x86-64 -mtune=generic -O2 -pipe -fno-plt -fexceptions -Wp,-D_FORTIFY_SOURCE=3 -Wformat -Werror=format-security -fstack-clash-protection -fcf-protection -fno-omit-frame-pointer -mno-omit-leaf-frame-pointer -g -ffile-prefix-map=/build/guitar/src=/usr/src/debug/guitar -flto=auto -MT euc_jp.lo -MD -MP -MF .deps/euc_jp.Tpo -c euc_jp.c -o euc_jp.o >/dev/null 2>&1
mv -f .deps/utf16_le.Tpo .deps/utf16_le.Plo
libtool: compile:  gcc -DHAVE_CONFIG_H -I. -I.. -Wall -march=x86-64 -mtune=generic -O2 -pipe -fno-plt -fexceptions -Wp,-D_FORTIFY_SOURCE=3 -Wformat -Werror=format-security -fstack-clash-protection -fcf-protection -fno-omit-frame-pointer -mno-omit-leaf-frame-pointer -g -ffile-prefix-map=/build/guitar/src=/usr/src/debug/guitar -flto=auto -MT euc_jp_prop.lo -MD -MP -MF .deps/euc_jp_prop.Tpo -c euc_jp_prop.c  -fPIC -DPIC -o .libs/euc_jp_prop.o
/bin/sh ../libtool  --tag=CC   --mode=compile gcc -DHAVE_CONFIG_H -I.  -I..  -Wall   -march=x86-64 -mtune=generic -O2 -pipe -fno-plt -fexceptions         -Wp,-D_FORTIFY_SOURCE=3 -Wformat -Werror=format-security         -fstack-clash-protection -fcf-protection         -fno-omit-frame-pointer -mno-omit-leaf-frame-pointer -g -ffile-prefix-map=/build/guitar/src=/usr/src/debug/guitar -flto=auto -MT iso8859_2.lo -MD -MP -MF .deps/iso8859_2.Tpo -c -o iso8859_2.lo iso8859_2.c
libtool: compile:  gcc -DHAVE_CONFIG_H -I. -I.. -Wall -march=x86-64 -mtune=generic -O2 -pipe -fno-plt -fexceptions -Wp,-D_FORTIFY_SOURCE=3 -Wformat -Werror=format-security -fstack-clash-protection -fcf-protection -fno-omit-frame-pointer -mno-omit-leaf-frame-pointer -g -ffile-prefix-map=/build/guitar/src=/usr/src/debug/guitar -flto=auto -MT sjis.lo -MD -MP -MF .deps/sjis.Tpo -c sjis.c  -fPIC -DPIC -o .libs/sjis.o
libtool: compile:  gcc -DHAVE_CONFIG_H -I. -I.. -Wall -march=x86-64 -mtune=generic -O2 -pipe -fno-plt -fexceptions -Wp,-D_FORTIFY_SOURCE=3 -Wformat -Werror=format-security -fstack-clash-protection -fcf-protection -fno-omit-frame-pointer -mno-omit-leaf-frame-pointer -g -ffile-prefix-map=/build/guitar/src=/usr/src/debug/guitar -flto=auto -MT regcomp.lo -MD -MP -MF .deps/regcomp.Tpo -c regcomp.c -o regcomp.o >/dev/null 2>&1
libtool: compile:  gcc -DHAVE_CONFIG_H -I. -I.. -Wall -march=x86-64 -mtune=generic -O2 -pipe -fno-plt -fexceptions -Wp,-D_FORTIFY_SOURCE=3 -Wformat -Werror=format-security -fstack-clash-protection -fcf-protection -fno-omit-frame-pointer -mno-omit-leaf-frame-pointer -g -ffile-prefix-map=/build/guitar/src=/usr/src/debug/guitar -flto=auto -MT sjis_prop.lo -MD -MP -MF .deps/sjis_prop.Tpo -c sjis_prop.c  -fPIC -DPIC -o .libs/sjis_prop.o
libtool: compile:  gcc -DHAVE_CONFIG_H -I. -I.. -Wall -march=x86-64 -mtune=generic -O2 -pipe -fno-plt -fexceptions -Wp,-D_FORTIFY_SOURCE=3 -Wformat -Werror=format-security -fstack-clash-protection -fcf-protection -fno-omit-frame-pointer -mno-omit-leaf-frame-pointer -g -ffile-prefix-map=/build/guitar/src=/usr/src/debug/guitar -flto=auto -MT iso8859_1.lo -MD -MP -MF .deps/iso8859_1.Tpo -c iso8859_1.c  -fPIC -DPIC -o .libs/iso8859_1.o
libtool: compile:  gcc -DHAVE_CONFIG_H -I. -I.. -Wall -march=x86-64 -mtune=generic -O2 -pipe -fno-plt -fexceptions -Wp,-D_FORTIFY_SOURCE=3 -Wformat -Werror=format-security -fstack-clash-protection -fcf-protection -fno-omit-frame-pointer -mno-omit-leaf-frame-pointer -g -ffile-prefix-map=/build/guitar/src=/usr/src/debug/guitar -flto=auto -MT euc_jp_prop.lo -MD -MP -MF .deps/euc_jp_prop.Tpo -c euc_jp_prop.c -o euc_jp_prop.o >/dev/null 2>&1
libtool: compile:  gcc -DHAVE_CONFIG_H -I. -I.. -Wall -march=x86-64 -mtune=generic -O2 -pipe -fno-plt -fexceptions -Wp,-D_FORTIFY_SOURCE=3 -Wformat -Werror=format-security -fstack-clash-protection -fcf-protection -fno-omit-frame-pointer -mno-omit-leaf-frame-pointer -g -ffile-prefix-map=/build/guitar/src=/usr/src/debug/guitar -flto=auto -MT iso8859_2.lo -MD -MP -MF .deps/iso8859_2.Tpo -c iso8859_2.c  -fPIC -DPIC -o .libs/iso8859_2.o
mv -f .deps/euc_jp.Tpo .deps/euc_jp.Plo
/bin/sh ../libtool  --tag=CC   --mode=compile gcc -DHAVE_CONFIG_H -I.  -I..  -Wall   -march=x86-64 -mtune=generic -O2 -pipe -fno-plt -fexceptions         -Wp,-D_FORTIFY_SOURCE=3 -Wformat -Werror=format-security         -fstack-clash-protection -fcf-protection         -fno-omit-frame-pointer -mno-omit-leaf-frame-pointer -g -ffile-prefix-map=/build/guitar/src=/usr/src/debug/guitar -flto=auto -MT iso8859_3.lo -MD -MP -MF .deps/iso8859_3.Tpo -c -o iso8859_3.lo iso8859_3.c
libtool: compile:  gcc -DHAVE_CONFIG_H -I. -I.. -Wall -march=x86-64 -mtune=generic -O2 -pipe -fno-plt -fexceptions -Wp,-D_FORTIFY_SOURCE=3 -Wformat -Werror=format-security -fstack-clash-protection -fcf-protection -fno-omit-frame-pointer -mno-omit-leaf-frame-pointer -g -ffile-prefix-map=/build/guitar/src=/usr/src/debug/guitar -flto=auto -MT sjis.lo -MD -MP -MF .deps/sjis.Tpo -c sjis.c -o sjis.o >/dev/null 2>&1
libtool: compile:  gcc -DHAVE_CONFIG_H -I. -I.. -Wall -march=x86-64 -mtune=generic -O2 -pipe -fno-plt -fexceptions -Wp,-D_FORTIFY_SOURCE=3 -Wformat -Werror=format-security -fstack-clash-protection -fcf-protection -fno-omit-frame-pointer -mno-omit-leaf-frame-pointer -g -ffile-prefix-map=/build/guitar/src=/usr/src/debug/guitar -flto=auto -MT sjis_prop.lo -MD -MP -MF .deps/sjis_prop.Tpo -c sjis_prop.c -o sjis_prop.o >/dev/null 2>&1
libtool: compile:  gcc -DHAVE_CONFIG_H -I. -I.. -Wall -march=x86-64 -mtune=generic -O2 -pipe -fno-plt -fexceptions -Wp,-D_FORTIFY_SOURCE=3 -Wformat -Werror=format-security -fstack-clash-protection -fcf-protection -fno-omit-frame-pointer -mno-omit-leaf-frame-pointer -g -ffile-prefix-map=/build/guitar/src=/usr/src/debug/guitar -flto=auto -MT iso8859_1.lo -MD -MP -MF .deps/iso8859_1.Tpo -c iso8859_1.c -o iso8859_1.o >/dev/null 2>&1
libtool: compile:  gcc -DHAVE_CONFIG_H -I. -I.. -Wall -march=x86-64 -mtune=generic -O2 -pipe -fno-plt -fexceptions -Wp,-D_FORTIFY_SOURCE=3 -Wformat -Werror=format-security -fstack-clash-protection -fcf-protection -fno-omit-frame-pointer -mno-omit-leaf-frame-pointer -g -ffile-prefix-map=/build/guitar/src=/usr/src/debug/guitar -flto=auto -MT iso8859_2.lo -MD -MP -MF .deps/iso8859_2.Tpo -c iso8859_2.c -o iso8859_2.o >/dev/null 2>&1
libtool: compile:  gcc -DHAVE_CONFIG_H -I. -I.. -Wall -march=x86-64 -mtune=generic -O2 -pipe -fno-plt -fexceptions -Wp,-D_FORTIFY_SOURCE=3 -Wformat -Werror=format-security -fstack-clash-protection -fcf-protection -fno-omit-frame-pointer -mno-omit-leaf-frame-pointer -g -ffile-prefix-map=/build/guitar/src=/usr/src/debug/guitar -flto=auto -MT unicode.lo -MD -MP -MF .deps/unicode.Tpo -c unicode.c -o unicode.o >/dev/null 2>&1
mv -f .deps/euc_jp_prop.Tpo .deps/euc_jp_prop.Plo
/bin/sh ../libtool  --tag=CC   --mode=compile gcc -DHAVE_CONFIG_H -I.  -I..  -Wall   -march=x86-64 -mtune=generic -O2 -pipe -fno-plt -fexceptions         -Wp,-D_FORTIFY_SOURCE=3 -Wformat -Werror=format-security         -fstack-clash-protection -fcf-protection         -fno-omit-frame-pointer -mno-omit-leaf-frame-pointer -g -ffile-prefix-map=/build/guitar/src=/usr/src/debug/guitar -flto=auto -MT iso8859_4.lo -MD -MP -MF .deps/iso8859_4.Tpo -c -o iso8859_4.lo iso8859_4.c
mv -f .deps/iso8859_2.Tpo .deps/iso8859_2.Plo
/bin/sh ../libtool  --tag=CC   --mode=compile gcc -DHAVE_CONFIG_H -I.  -I..  -Wall   -march=x86-64 -mtune=generic -O2 -pipe -fno-plt -fexceptions         -Wp,-D_FORTIFY_SOURCE=3 -Wformat -Werror=format-security         -fstack-clash-protection -fcf-protection         -fno-omit-frame-pointer -mno-omit-leaf-frame-pointer -g -ffile-prefix-map=/build/guitar/src=/usr/src/debug/guitar -flto=auto -MT iso8859_5.lo -MD -MP -MF .deps/iso8859_5.Tpo -c -o iso8859_5.lo iso8859_5.c
mv -f .deps/sjis_prop.Tpo .deps/sjis_prop.Plo
libtool: compile:  gcc -DHAVE_CONFIG_H -I. -I.. -Wall -march=x86-64 -mtune=generic -O2 -pipe -fno-plt -fexceptions -Wp,-D_FORTIFY_SOURCE=3 -Wformat -Werror=format-security -fstack-clash-protection -fcf-protection -fno-omit-frame-pointer -mno-omit-leaf-frame-pointer -g -ffile-prefix-map=/build/guitar/src=/usr/src/debug/guitar -flto=auto -MT iso8859_3.lo -MD -MP -MF .deps/iso8859_3.Tpo -c iso8859_3.c  -fPIC -DPIC -o .libs/iso8859_3.o
/bin/sh ../libtool  --tag=CC   --mode=compile gcc -DHAVE_CONFIG_H -I.  -I..  -Wall   -march=x86-64 -mtune=generic -O2 -pipe -fno-plt -fexceptions         -Wp,-D_FORTIFY_SOURCE=3 -Wformat -Werror=format-security         -fstack-clash-protection -fcf-protection         -fno-omit-frame-pointer -mno-omit-leaf-frame-pointer -g -ffile-prefix-map=/build/guitar/src=/usr/src/debug/guitar -flto=auto -MT iso8859_6.lo -MD -MP -MF .deps/iso8859_6.Tpo -c -o iso8859_6.lo iso8859_6.c
mv -f .deps/iso8859_1.Tpo .deps/iso8859_1.Plo
/bin/sh ../libtool  --tag=CC   --mode=compile gcc -DHAVE_CONFIG_H -I.  -I..  -Wall   -march=x86-64 -mtune=generic -O2 -pipe -fno-plt -fexceptions         -Wp,-D_FORTIFY_SOURCE=3 -Wformat -Werror=format-security         -fstack-clash-protection -fcf-protection         -fno-omit-frame-pointer -mno-omit-leaf-frame-pointer -g -ffile-prefix-map=/build/guitar/src=/usr/src/debug/guitar -flto=auto -MT iso8859_7.lo -MD -MP -MF .deps/iso8859_7.Tpo -c -o iso8859_7.lo iso8859_7.c
libtool: compile:  gcc -DHAVE_CONFIG_H -I. -I.. -Wall -march=x86-64 -mtune=generic -O2 -pipe -fno-plt -fexceptions -Wp,-D_FORTIFY_SOURCE=3 -Wformat -Werror=format-security -fstack-clash-protection -fcf-protection -fno-omit-frame-pointer -mno-omit-leaf-frame-pointer -g -ffile-prefix-map=/build/guitar/src=/usr/src/debug/guitar -flto=auto -MT regparse.lo -MD -MP -MF .deps/regparse.Tpo -c regparse.c -o regparse.o >/dev/null 2>&1
mv -f .deps/sjis.Tpo .deps/sjis.Plo
/bin/sh ../libtool  --tag=CC   --mode=compile gcc -DHAVE_CONFIG_H -I.  -I..  -Wall   -march=x86-64 -mtune=generic -O2 -pipe -fno-plt -fexceptions         -Wp,-D_FORTIFY_SOURCE=3 -Wformat -Werror=format-security         -fstack-clash-protection -fcf-protection         -fno-omit-frame-pointer -mno-omit-leaf-frame-pointer -g -ffile-prefix-map=/build/guitar/src=/usr/src/debug/guitar -flto=auto -MT iso8859_8.lo -MD -MP -MF .deps/iso8859_8.Tpo -c -o iso8859_8.lo iso8859_8.c
libtool: compile:  gcc -DHAVE_CONFIG_H -I. -I.. -Wall -march=x86-64 -mtune=generic -O2 -pipe -fno-plt -fexceptions -Wp,-D_FORTIFY_SOURCE=3 -Wformat -Werror=format-security -fstack-clash-protection -fcf-protection -fno-omit-frame-pointer -mno-omit-leaf-frame-pointer -g -ffile-prefix-map=/build/guitar/src=/usr/src/debug/guitar -flto=auto -MT iso8859_3.lo -MD -MP -MF .deps/iso8859_3.Tpo -c iso8859_3.c -o iso8859_3.o >/dev/null 2>&1
libtool: compile:  gcc -DHAVE_CONFIG_H -I. -I.. -Wall -march=x86-64 -mtune=generic -O2 -pipe -fno-plt -fexceptions -Wp,-D_FORTIFY_SOURCE=3 -Wformat -Werror=format-security -fstack-clash-protection -fcf-protection -fno-omit-frame-pointer -mno-omit-leaf-frame-pointer -g -ffile-prefix-map=/build/guitar/src=/usr/src/debug/guitar -flto=auto -MT iso8859_4.lo -MD -MP -MF .deps/iso8859_4.Tpo -c iso8859_4.c  -fPIC -DPIC -o .libs/iso8859_4.o
libtool: compile:  gcc -DHAVE_CONFIG_H -I. -I.. -Wall -march=x86-64 -mtune=generic -O2 -pipe -fno-plt -fexceptions -Wp,-D_FORTIFY_SOURCE=3 -Wformat -Werror=format-security -fstack-clash-protection -fcf-protection -fno-omit-frame-pointer -mno-omit-leaf-frame-pointer -g -ffile-prefix-map=/build/guitar/src=/usr/src/debug/guitar -flto=auto -MT iso8859_6.lo -MD -MP -MF .deps/iso8859_6.Tpo -c iso8859_6.c  -fPIC -DPIC -o .libs/iso8859_6.o
libtool: compile:  gcc -DHAVE_CONFIG_H -I. -I.. -Wall -march=x86-64 -mtune=generic -O2 -pipe -fno-plt -fexceptions -Wp,-D_FORTIFY_SOURCE=3 -Wformat -Werror=format-security -fstack-clash-protection -fcf-protection -fno-omit-frame-pointer -mno-omit-leaf-frame-pointer -g -ffile-prefix-map=/build/guitar/src=/usr/src/debug/guitar -flto=auto -MT iso8859_7.lo -MD -MP -MF .deps/iso8859_7.Tpo -c iso8859_7.c  -fPIC -DPIC -o .libs/iso8859_7.o
libtool: compile:  gcc -DHAVE_CONFIG_H -I. -I.. -Wall -march=x86-64 -mtune=generic -O2 -pipe -fno-plt -fexceptions -Wp,-D_FORTIFY_SOURCE=3 -Wformat -Werror=format-security -fstack-clash-protection -fcf-protection -fno-omit-frame-pointer -mno-omit-leaf-frame-pointer -g -ffile-prefix-map=/build/guitar/src=/usr/src/debug/guitar -flto=auto -MT iso8859_5.lo -MD -MP -MF .deps/iso8859_5.Tpo -c iso8859_5.c  -fPIC -DPIC -o .libs/iso8859_5.o
mv -f .deps/iso8859_3.Tpo .deps/iso8859_3.Plo
/bin/sh ../libtool  --tag=CC   --mode=compile gcc -DHAVE_CONFIG_H -I.  -I..  -Wall   -march=x86-64 -mtune=generic -O2 -pipe -fno-plt -fexceptions         -Wp,-D_FORTIFY_SOURCE=3 -Wformat -Werror=format-security         -fstack-clash-protection -fcf-protection         -fno-omit-frame-pointer -mno-omit-leaf-frame-pointer -g -ffile-prefix-map=/build/guitar/src=/usr/src/debug/guitar -flto=auto -MT iso8859_9.lo -MD -MP -MF .deps/iso8859_9.Tpo -c -o iso8859_9.lo iso8859_9.c
libtool: compile:  gcc -DHAVE_CONFIG_H -I. -I.. -Wall -march=x86-64 -mtune=generic -O2 -pipe -fno-plt -fexceptions -Wp,-D_FORTIFY_SOURCE=3 -Wformat -Werror=format-security -fstack-clash-protection -fcf-protection -fno-omit-frame-pointer -mno-omit-leaf-frame-pointer -g -ffile-prefix-map=/build/guitar/src=/usr/src/debug/guitar -flto=auto -MT iso8859_8.lo -MD -MP -MF .deps/iso8859_8.Tpo -c iso8859_8.c  -fPIC -DPIC -o .libs/iso8859_8.o
libtool: compile:  gcc -DHAVE_CONFIG_H -I. -I.. -Wall -march=x86-64 -mtune=generic -O2 -pipe -fno-plt -fexceptions -Wp,-D_FORTIFY_SOURCE=3 -Wformat -Werror=format-security -fstack-clash-protection -fcf-protection -fno-omit-frame-pointer -mno-omit-leaf-frame-pointer -g -ffile-prefix-map=/build/guitar/src=/usr/src/debug/guitar -flto=auto -MT iso8859_4.lo -MD -MP -MF .deps/iso8859_4.Tpo -c iso8859_4.c -o iso8859_4.o >/dev/null 2>&1
libtool: compile:  gcc -DHAVE_CONFIG_H -I. -I.. -Wall -march=x86-64 -mtune=generic -O2 -pipe -fno-plt -fexceptions -Wp,-D_FORTIFY_SOURCE=3 -Wformat -Werror=format-security -fstack-clash-protection -fcf-protection -fno-omit-frame-pointer -mno-omit-leaf-frame-pointer -g -ffile-prefix-map=/build/guitar/src=/usr/src/debug/guitar -flto=auto -MT iso8859_6.lo -MD -MP -MF .deps/iso8859_6.Tpo -c iso8859_6.c -o iso8859_6.o >/dev/null 2>&1
libtool: compile:  gcc -DHAVE_CONFIG_H -I. -I.. -Wall -march=x86-64 -mtune=generic -O2 -pipe -fno-plt -fexceptions -Wp,-D_FORTIFY_SOURCE=3 -Wformat -Werror=format-security -fstack-clash-protection -fcf-protection -fno-omit-frame-pointer -mno-omit-leaf-frame-pointer -g -ffile-prefix-map=/build/guitar/src=/usr/src/debug/guitar -flto=auto -MT iso8859_7.lo -MD -MP -MF .deps/iso8859_7.Tpo -c iso8859_7.c -o iso8859_7.o >/dev/null 2>&1
libtool: compile:  gcc -DHAVE_CONFIG_H -I. -I.. -Wall -march=x86-64 -mtune=generic -O2 -pipe -fno-plt -fexceptions -Wp,-D_FORTIFY_SOURCE=3 -Wformat -Werror=format-security -fstack-clash-protection -fcf-protection -fno-omit-frame-pointer -mno-omit-leaf-frame-pointer -g -ffile-prefix-map=/build/guitar/src=/usr/src/debug/guitar -flto=auto -MT iso8859_5.lo -MD -MP -MF .deps/iso8859_5.Tpo -c iso8859_5.c -o iso8859_5.o >/dev/null 2>&1
libtool: compile:  gcc -DHAVE_CONFIG_H -I. -I.. -Wall -march=x86-64 -mtune=generic -O2 -pipe -fno-plt -fexceptions -Wp,-D_FORTIFY_SOURCE=3 -Wformat -Werror=format-security -fstack-clash-protection -fcf-protection -fno-omit-frame-pointer -mno-omit-leaf-frame-pointer -g -ffile-prefix-map=/build/guitar/src=/usr/src/debug/guitar -flto=auto -MT iso8859_8.lo -MD -MP -MF .deps/iso8859_8.Tpo -c iso8859_8.c -o iso8859_8.o >/dev/null 2>&1
mv -f .deps/iso8859_4.Tpo .deps/iso8859_4.Plo
/bin/sh ../libtool  --tag=CC   --mode=compile gcc -DHAVE_CONFIG_H -I.  -I..  -Wall   -march=x86-64 -mtune=generic -O2 -pipe -fno-plt -fexceptions         -Wp,-D_FORTIFY_SOURCE=3 -Wformat -Werror=format-security         -fstack-clash-protection -fcf-protection         -fno-omit-frame-pointer -mno-omit-leaf-frame-pointer -g -ffile-prefix-map=/build/guitar/src=/usr/src/debug/guitar -flto=auto -MT iso8859_10.lo -MD -MP -MF .deps/iso8859_10.Tpo -c -o iso8859_10.lo iso8859_10.c
mv -f .deps/iso8859_6.Tpo .deps/iso8859_6.Plo
/bin/sh ../libtool  --tag=CC   --mode=compile gcc -DHAVE_CONFIG_H -I.  -I..  -Wall   -march=x86-64 -mtune=generic -O2 -pipe -fno-plt -fexceptions         -Wp,-D_FORTIFY_SOURCE=3 -Wformat -Werror=format-security         -fstack-clash-protection -fcf-protection         -fno-omit-frame-pointer -mno-omit-leaf-frame-pointer -g -ffile-prefix-map=/build/guitar/src=/usr/src/debug/guitar -flto=auto -MT iso8859_11.lo -MD -MP -MF .deps/iso8859_11.Tpo -c -o iso8859_11.lo iso8859_11.c
mv -f .deps/iso8859_7.Tpo .deps/iso8859_7.Plo
mv -f .deps/iso8859_5.Tpo .deps/iso8859_5.Plo
/bin/sh ../libtool  --tag=CC   --mode=compile gcc -DHAVE_CONFIG_H -I.  -I..  -Wall   -march=x86-64 -mtune=generic -O2 -pipe -fno-plt -fexceptions         -Wp,-D_FORTIFY_SOURCE=3 -Wformat -Werror=format-security         -fstack-clash-protection -fcf-protection         -fno-omit-frame-pointer -mno-omit-leaf-frame-pointer -g -ffile-prefix-map=/build/guitar/src=/usr/src/debug/guitar -flto=auto -MT iso8859_13.lo -MD -MP -MF .deps/iso8859_13.Tpo -c -o iso8859_13.lo iso8859_13.c
/bin/sh ../libtool  --tag=CC   --mode=compile gcc -DHAVE_CONFIG_H -I.  -I..  -Wall   -march=x86-64 -mtune=generic -O2 -pipe -fno-plt -fexceptions         -Wp,-D_FORTIFY_SOURCE=3 -Wformat -Werror=format-security         -fstack-clash-protection -fcf-protection         -fno-omit-frame-pointer -mno-omit-leaf-frame-pointer -g -ffile-prefix-map=/build/guitar/src=/usr/src/debug/guitar -flto=auto -MT iso8859_14.lo -MD -MP -MF .deps/iso8859_14.Tpo -c -o iso8859_14.lo iso8859_14.c
libtool: compile:  gcc -DHAVE_CONFIG_H -I. -I.. -Wall -march=x86-64 -mtune=generic -O2 -pipe -fno-plt -fexceptions -Wp,-D_FORTIFY_SOURCE=3 -Wformat -Werror=format-security -fstack-clash-protection -fcf-protection -fno-omit-frame-pointer -mno-omit-leaf-frame-pointer -g -ffile-prefix-map=/build/guitar/src=/usr/src/debug/guitar -flto=auto -MT iso8859_9.lo -MD -MP -MF .deps/iso8859_9.Tpo -c iso8859_9.c  -fPIC -DPIC -o .libs/iso8859_9.o
mv -f .deps/iso8859_8.Tpo .deps/iso8859_8.Plo
/bin/sh ../libtool  --tag=CC   --mode=compile gcc -DHAVE_CONFIG_H -I.  -I..  -Wall   -march=x86-64 -mtune=generic -O2 -pipe -fno-plt -fexceptions         -Wp,-D_FORTIFY_SOURCE=3 -Wformat -Werror=format-security         -fstack-clash-protection -fcf-protection         -fno-omit-frame-pointer -mno-omit-leaf-frame-pointer -g -ffile-prefix-map=/build/guitar/src=/usr/src/debug/guitar -flto=auto -MT iso8859_15.lo -MD -MP -MF .deps/iso8859_15.Tpo -c -o iso8859_15.lo iso8859_15.c
libtool: compile:  gcc -DHAVE_CONFIG_H -I. -I.. -Wall -march=x86-64 -mtune=generic -O2 -pipe -fno-plt -fexceptions -Wp,-D_FORTIFY_SOURCE=3 -Wformat -Werror=format-security -fstack-clash-protection -fcf-protection -fno-omit-frame-pointer -mno-omit-leaf-frame-pointer -g -ffile-prefix-map=/build/guitar/src=/usr/src/debug/guitar -flto=auto -MT iso8859_9.lo -MD -MP -MF .deps/iso8859_9.Tpo -c iso8859_9.c -o iso8859_9.o >/dev/null 2>&1
libtool: compile:  gcc -DHAVE_CONFIG_H -I. -I.. -Wall -march=x86-64 -mtune=generic -O2 -pipe -fno-plt -fexceptions -Wp,-D_FORTIFY_SOURCE=3 -Wformat -Werror=format-security -fstack-clash-protection -fcf-protection -fno-omit-frame-pointer -mno-omit-leaf-frame-pointer -g -ffile-prefix-map=/build/guitar/src=/usr/src/debug/guitar -flto=auto -MT iso8859_10.lo -MD -MP -MF .deps/iso8859_10.Tpo -c iso8859_10.c  -fPIC -DPIC -o .libs/iso8859_10.o
libtool: compile:  gcc -DHAVE_CONFIG_H -I. -I.. -Wall -march=x86-64 -mtune=generic -O2 -pipe -fno-plt -fexceptions -Wp,-D_FORTIFY_SOURCE=3 -Wformat -Werror=format-security -fstack-clash-protection -fcf-protection -fno-omit-frame-pointer -mno-omit-leaf-frame-pointer -g -ffile-prefix-map=/build/guitar/src=/usr/src/debug/guitar -flto=auto -MT iso8859_11.lo -MD -MP -MF .deps/iso8859_11.Tpo -c iso8859_11.c  -fPIC -DPIC -o .libs/iso8859_11.o
libtool: compile:  gcc -DHAVE_CONFIG_H -I. -I.. -Wall -march=x86-64 -mtune=generic -O2 -pipe -fno-plt -fexceptions -Wp,-D_FORTIFY_SOURCE=3 -Wformat -Werror=format-security -fstack-clash-protection -fcf-protection -fno-omit-frame-pointer -mno-omit-leaf-frame-pointer -g -ffile-prefix-map=/build/guitar/src=/usr/src/debug/guitar -flto=auto -MT iso8859_14.lo -MD -MP -MF .deps/iso8859_14.Tpo -c iso8859_14.c  -fPIC -DPIC -o .libs/iso8859_14.o
libtool: compile:  gcc -DHAVE_CONFIG_H -I. -I.. -Wall -march=x86-64 -mtune=generic -O2 -pipe -fno-plt -fexceptions -Wp,-D_FORTIFY_SOURCE=3 -Wformat -Werror=format-security -fstack-clash-protection -fcf-protection -fno-omit-frame-pointer -mno-omit-leaf-frame-pointer -g -ffile-prefix-map=/build/guitar/src=/usr/src/debug/guitar -flto=auto -MT iso8859_13.lo -MD -MP -MF .deps/iso8859_13.Tpo -c iso8859_13.c  -fPIC -DPIC -o .libs/iso8859_13.o
libtool: compile:  gcc -DHAVE_CONFIG_H -I. -I.. -Wall -march=x86-64 -mtune=generic -O2 -pipe -fno-plt -fexceptions -Wp,-D_FORTIFY_SOURCE=3 -Wformat -Werror=format-security -fstack-clash-protection -fcf-protection -fno-omit-frame-pointer -mno-omit-leaf-frame-pointer -g -ffile-prefix-map=/build/guitar/src=/usr/src/debug/guitar -flto=auto -MT iso8859_15.lo -MD -MP -MF .deps/iso8859_15.Tpo -c iso8859_15.c  -fPIC -DPIC -o .libs/iso8859_15.o
mv -f .deps/iso8859_9.Tpo .deps/iso8859_9.Plo
/bin/sh ../libtool  --tag=CC   --mode=compile gcc -DHAVE_CONFIG_H -I.  -I..  -Wall   -march=x86-64 -mtune=generic -O2 -pipe -fno-plt -fexceptions         -Wp,-D_FORTIFY_SOURCE=3 -Wformat -Werror=format-security         -fstack-clash-protection -fcf-protection         -fno-omit-frame-pointer -mno-omit-leaf-frame-pointer -g -ffile-prefix-map=/build/guitar/src=/usr/src/debug/guitar -flto=auto -MT iso8859_16.lo -MD -MP -MF .deps/iso8859_16.Tpo -c -o iso8859_16.lo iso8859_16.c
libtool: compile:  gcc -DHAVE_CONFIG_H -I. -I.. -Wall -march=x86-64 -mtune=generic -O2 -pipe -fno-plt -fexceptions -Wp,-D_FORTIFY_SOURCE=3 -Wformat -Werror=format-security -fstack-clash-protection -fcf-protection -fno-omit-frame-pointer -mno-omit-leaf-frame-pointer -g -ffile-prefix-map=/build/guitar/src=/usr/src/debug/guitar -flto=auto -MT iso8859_11.lo -MD -MP -MF .deps/iso8859_11.Tpo -c iso8859_11.c -o iso8859_11.o >/dev/null 2>&1
libtool: compile:  gcc -DHAVE_CONFIG_H -I. -I.. -Wall -march=x86-64 -mtune=generic -O2 -pipe -fno-plt -fexceptions -Wp,-D_FORTIFY_SOURCE=3 -Wformat -Werror=format-security -fstack-clash-protection -fcf-protection -fno-omit-frame-pointer -mno-omit-leaf-frame-pointer -g -ffile-prefix-map=/build/guitar/src=/usr/src/debug/guitar -flto=auto -MT iso8859_10.lo -MD -MP -MF .deps/iso8859_10.Tpo -c iso8859_10.c -o iso8859_10.o >/dev/null 2>&1
libtool: compile:  gcc -DHAVE_CONFIG_H -I. -I.. -Wall -march=x86-64 -mtune=generic -O2 -pipe -fno-plt -fexceptions -Wp,-D_FORTIFY_SOURCE=3 -Wformat -Werror=format-security -fstack-clash-protection -fcf-protection -fno-omit-frame-pointer -mno-omit-leaf-frame-pointer -g -ffile-prefix-map=/build/guitar/src=/usr/src/debug/guitar -flto=auto -MT iso8859_14.lo -MD -MP -MF .deps/iso8859_14.Tpo -c iso8859_14.c -o iso8859_14.o >/dev/null 2>&1
libtool: compile:  gcc -DHAVE_CONFIG_H -I. -I.. -Wall -march=x86-64 -mtune=generic -O2 -pipe -fno-plt -fexceptions -Wp,-D_FORTIFY_SOURCE=3 -Wformat -Werror=format-security -fstack-clash-protection -fcf-protection -fno-omit-frame-pointer -mno-omit-leaf-frame-pointer -g -ffile-prefix-map=/build/guitar/src=/usr/src/debug/guitar -flto=auto -MT iso8859_13.lo -MD -MP -MF .deps/iso8859_13.Tpo -c iso8859_13.c -o iso8859_13.o >/dev/null 2>&1
libtool: compile:  gcc -DHAVE_CONFIG_H -I. -I.. -Wall -march=x86-64 -mtune=generic -O2 -pipe -fno-plt -fexceptions -Wp,-D_FORTIFY_SOURCE=3 -Wformat -Werror=format-security -fstack-clash-protection -fcf-protection -fno-omit-frame-pointer -mno-omit-leaf-frame-pointer -g -ffile-prefix-map=/build/guitar/src=/usr/src/debug/guitar -flto=auto -MT iso8859_15.lo -MD -MP -MF .deps/iso8859_15.Tpo -c iso8859_15.c -o iso8859_15.o >/dev/null 2>&1
mv -f .deps/iso8859_11.Tpo .deps/iso8859_11.Plo
/bin/sh ../libtool  --tag=CC   --mode=compile gcc -DHAVE_CONFIG_H -I.  -I..  -Wall   -march=x86-64 -mtune=generic -O2 -pipe -fno-plt -fexceptions         -Wp,-D_FORTIFY_SOURCE=3 -Wformat -Werror=format-security         -fstack-clash-protection -fcf-protection         -fno-omit-frame-pointer -mno-omit-leaf-frame-pointer -g -ffile-prefix-map=/build/guitar/src=/usr/src/debug/guitar -flto=auto -MT euc_tw.lo -MD -MP -MF .deps/euc_tw.Tpo -c -o euc_tw.lo euc_tw.c
mv -f .deps/iso8859_10.Tpo .deps/iso8859_10.Plo
/bin/sh ../libtool  --tag=CC   --mode=compile gcc -DHAVE_CONFIG_H -I.  -I..  -Wall   -march=x86-64 -mtune=generic -O2 -pipe -fno-plt -fexceptions         -Wp,-D_FORTIFY_SOURCE=3 -Wformat -Werror=format-security         -fstack-clash-protection -fcf-protection         -fno-omit-frame-pointer -mno-omit-leaf-frame-pointer -g -ffile-prefix-map=/build/guitar/src=/usr/src/debug/guitar -flto=auto -MT euc_kr.lo -MD -MP -MF .deps/euc_kr.Tpo -c -o euc_kr.lo euc_kr.c
mv -f .deps/iso8859_14.Tpo .deps/iso8859_14.Plo
/bin/sh ../libtool  --tag=CC   --mode=compile gcc -DHAVE_CONFIG_H -I.  -I..  -Wall   -march=x86-64 -mtune=generic -O2 -pipe -fno-plt -fexceptions         -Wp,-D_FORTIFY_SOURCE=3 -Wformat -Werror=format-security         -fstack-clash-protection -fcf-protection         -fno-omit-frame-pointer -mno-omit-leaf-frame-pointer -g -ffile-prefix-map=/build/guitar/src=/usr/src/debug/guitar -flto=auto -MT big5.lo -MD -MP -MF .deps/big5.Tpo -c -o big5.lo big5.c
mv -f .deps/iso8859_13.Tpo .deps/iso8859_13.Plo
/bin/sh ../libtool  --tag=CC   --mode=compile gcc -DHAVE_CONFIG_H -I.  -I..  -Wall   -march=x86-64 -mtune=generic -O2 -pipe -fno-plt -fexceptions         -Wp,-D_FORTIFY_SOURCE=3 -Wformat -Werror=format-security         -fstack-clash-protection -fcf-protection         -fno-omit-frame-pointer -mno-omit-leaf-frame-pointer -g -ffile-prefix-map=/build/guitar/src=/usr/src/debug/guitar -flto=auto -MT gb18030.lo -MD -MP -MF .deps/gb18030.Tpo -c -o gb18030.lo gb18030.c
libtool: compile:  gcc -DHAVE_CONFIG_H -I. -I.. -Wall -march=x86-64 -mtune=generic -O2 -pipe -fno-plt -fexceptions -Wp,-D_FORTIFY_SOURCE=3 -Wformat -Werror=format-security -fstack-clash-protection -fcf-protection -fno-omit-frame-pointer -mno-omit-leaf-frame-pointer -g -ffile-prefix-map=/build/guitar/src=/usr/src/debug/guitar -flto=auto -MT iso8859_16.lo -MD -MP -MF .deps/iso8859_16.Tpo -c iso8859_16.c  -fPIC -DPIC -o .libs/iso8859_16.o
mv -f .deps/iso8859_15.Tpo .deps/iso8859_15.Plo
/bin/sh ../libtool  --tag=CC   --mode=compile gcc -DHAVE_CONFIG_H -I.  -I..  -Wall   -march=x86-64 -mtune=generic -O2 -pipe -fno-plt -fexceptions         -Wp,-D_FORTIFY_SOURCE=3 -Wformat -Werror=format-security         -fstack-clash-protection -fcf-protection         -fno-omit-frame-pointer -mno-omit-leaf-frame-pointer -g -ffile-prefix-map=/build/guitar/src=/usr/src/debug/guitar -flto=auto -MT koi8_r.lo -MD -MP -MF .deps/koi8_r.Tpo -c -o koi8_r.lo koi8_r.c
mv -f .deps/regexec.Tpo .deps/regexec.Plo
/bin/sh ../libtool  --tag=CC   --mode=compile gcc -DHAVE_CONFIG_H -I.  -I..  -Wall   -march=x86-64 -mtune=generic -O2 -pipe -fno-plt -fexceptions         -Wp,-D_FORTIFY_SOURCE=3 -Wformat -Werror=format-security         -fstack-clash-protection -fcf-protection         -fno-omit-frame-pointer -mno-omit-leaf-frame-pointer -g -ffile-prefix-map=/build/guitar/src=/usr/src/debug/guitar -flto=auto -MT cp1251.lo -MD -MP -MF .deps/cp1251.Tpo -c -o cp1251.lo cp1251.c
libtool: compile:  gcc -DHAVE_CONFIG_H -I. -I.. -Wall -march=x86-64 -mtune=generic -O2 -pipe -fno-plt -fexceptions -Wp,-D_FORTIFY_SOURCE=3 -Wformat -Werror=format-security -fstack-clash-protection -fcf-protection -fno-omit-frame-pointer -mno-omit-leaf-frame-pointer -g -ffile-prefix-map=/build/guitar/src=/usr/src/debug/guitar -flto=auto -MT iso8859_16.lo -MD -MP -MF .deps/iso8859_16.Tpo -c iso8859_16.c -o iso8859_16.o >/dev/null 2>&1
libtool: compile:  gcc -DHAVE_CONFIG_H -I. -I.. -Wall -march=x86-64 -mtune=generic -O2 -pipe -fno-plt -fexceptions -Wp,-D_FORTIFY_SOURCE=3 -Wformat -Werror=format-security -fstack-clash-protection -fcf-protection -fno-omit-frame-pointer -mno-omit-leaf-frame-pointer -g -ffile-prefix-map=/build/guitar/src=/usr/src/debug/guitar -flto=auto -MT euc_tw.lo -MD -MP -MF .deps/euc_tw.Tpo -c euc_tw.c  -fPIC -DPIC -o .libs/euc_tw.o
libtool: compile:  gcc -DHAVE_CONFIG_H -I. -I.. -Wall -march=x86-64 -mtune=generic -O2 -pipe -fno-plt -fexceptions -Wp,-D_FORTIFY_SOURCE=3 -Wformat -Werror=format-security -fstack-clash-protection -fcf-protection -fno-omit-frame-pointer -mno-omit-leaf-frame-pointer -g -ffile-prefix-map=/build/guitar/src=/usr/src/debug/guitar -flto=auto -MT euc_kr.lo -MD -MP -MF .deps/euc_kr.Tpo -c euc_kr.c  -fPIC -DPIC -o .libs/euc_kr.o
libtool: compile:  gcc -DHAVE_CONFIG_H -I. -I.. -Wall -march=x86-64 -mtune=generic -O2 -pipe -fno-plt -fexceptions -Wp,-D_FORTIFY_SOURCE=3 -Wformat -Werror=format-security -fstack-clash-protection -fcf-protection -fno-omit-frame-pointer -mno-omit-leaf-frame-pointer -g -ffile-prefix-map=/build/guitar/src=/usr/src/debug/guitar -flto=auto -MT gb18030.lo -MD -MP -MF .deps/gb18030.Tpo -c gb18030.c  -fPIC -DPIC -o .libs/gb18030.o
libtool: compile:  gcc -DHAVE_CONFIG_H -I. -I.. -Wall -march=x86-64 -mtune=generic -O2 -pipe -fno-plt -fexceptions -Wp,-D_FORTIFY_SOURCE=3 -Wformat -Werror=format-security -fstack-clash-protection -fcf-protection -fno-omit-frame-pointer -mno-omit-leaf-frame-pointer -g -ffile-prefix-map=/build/guitar/src=/usr/src/debug/guitar -flto=auto -MT big5.lo -MD -MP -MF .deps/big5.Tpo -c big5.c  -fPIC -DPIC -o .libs/big5.o
libtool: compile:  gcc -DHAVE_CONFIG_H -I. -I.. -Wall -march=x86-64 -mtune=generic -O2 -pipe -fno-plt -fexceptions -Wp,-D_FORTIFY_SOURCE=3 -Wformat -Werror=format-security -fstack-clash-protection -fcf-protection -fno-omit-frame-pointer -mno-omit-leaf-frame-pointer -g -ffile-prefix-map=/build/guitar/src=/usr/src/debug/guitar -flto=auto -MT koi8_r.lo -MD -MP -MF .deps/koi8_r.Tpo -c koi8_r.c  -fPIC -DPIC -o .libs/koi8_r.o
libtool: compile:  gcc -DHAVE_CONFIG_H -I. -I.. -Wall -march=x86-64 -mtune=generic -O2 -pipe -fno-plt -fexceptions -Wp,-D_FORTIFY_SOURCE=3 -Wformat -Werror=format-security -fstack-clash-protection -fcf-protection -fno-omit-frame-pointer -mno-omit-leaf-frame-pointer -g -ffile-prefix-map=/build/guitar/src=/usr/src/debug/guitar -flto=auto -MT euc_tw.lo -MD -MP -MF .deps/euc_tw.Tpo -c euc_tw.c -o euc_tw.o >/dev/null 2>&1
mv -f .deps/iso8859_16.Tpo .deps/iso8859_16.Plo
/bin/sh ../libtool  --tag=CC   --mode=compile gcc -DHAVE_CONFIG_H -I.  -I..  -Wall   -march=x86-64 -mtune=generic -O2 -pipe -fno-plt -fexceptions         -Wp,-D_FORTIFY_SOURCE=3 -Wformat -Werror=format-security         -fstack-clash-protection -fcf-protection         -fno-omit-frame-pointer -mno-omit-leaf-frame-pointer -g -ffile-prefix-map=/build/guitar/src=/usr/src/debug/guitar -flto=auto -MT onig_init.lo -MD -MP -MF .deps/onig_init.Tpo -c -o onig_init.lo onig_init.c
libtool: compile:  gcc -DHAVE_CONFIG_H -I. -I.. -Wall -march=x86-64 -mtune=generic -O2 -pipe -fno-plt -fexceptions -Wp,-D_FORTIFY_SOURCE=3 -Wformat -Werror=format-security -fstack-clash-protection -fcf-protection -fno-omit-frame-pointer -mno-omit-leaf-frame-pointer -g -ffile-prefix-map=/build/guitar/src=/usr/src/debug/guitar -flto=auto -MT euc_kr.lo -MD -MP -MF .deps/euc_kr.Tpo -c euc_kr.c -o euc_kr.o >/dev/null 2>&1
libtool: compile:  gcc -DHAVE_CONFIG_H -I. -I.. -Wall -march=x86-64 -mtune=generic -O2 -pipe -fno-plt -fexceptions -Wp,-D_FORTIFY_SOURCE=3 -Wformat -Werror=format-security -fstack-clash-protection -fcf-protection -fno-omit-frame-pointer -mno-omit-leaf-frame-pointer -g -ffile-prefix-map=/build/guitar/src=/usr/src/debug/guitar -flto=auto -MT cp1251.lo -MD -MP -MF .deps/cp1251.Tpo -c cp1251.c  -fPIC -DPIC -o .libs/cp1251.o
libtool: compile:  gcc -DHAVE_CONFIG_H -I. -I.. -Wall -march=x86-64 -mtune=generic -O2 -pipe -fno-plt -fexceptions -Wp,-D_FORTIFY_SOURCE=3 -Wformat -Werror=format-security -fstack-clash-protection -fcf-protection -fno-omit-frame-pointer -mno-omit-leaf-frame-pointer -g -ffile-prefix-map=/build/guitar/src=/usr/src/debug/guitar -flto=auto -MT big5.lo -MD -MP -MF .deps/big5.Tpo -c big5.c -o big5.o >/dev/null 2>&1
libtool: compile:  gcc -DHAVE_CONFIG_H -I. -I.. -Wall -march=x86-64 -mtune=generic -O2 -pipe -fno-plt -fexceptions -Wp,-D_FORTIFY_SOURCE=3 -Wformat -Werror=format-security -fstack-clash-protection -fcf-protection -fno-omit-frame-pointer -mno-omit-leaf-frame-pointer -g -ffile-prefix-map=/build/guitar/src=/usr/src/debug/guitar -flto=auto -MT gb18030.lo -MD -MP -MF .deps/gb18030.Tpo -c gb18030.c -o gb18030.o >/dev/null 2>&1
libtool: compile:  gcc -DHAVE_CONFIG_H -I. -I.. -Wall -march=x86-64 -mtune=generic -O2 -pipe -fno-plt -fexceptions -Wp,-D_FORTIFY_SOURCE=3 -Wformat -Werror=format-security -fstack-clash-protection -fcf-protection -fno-omit-frame-pointer -mno-omit-leaf-frame-pointer -g -ffile-prefix-map=/build/guitar/src=/usr/src/debug/guitar -flto=auto -MT koi8_r.lo -MD -MP -MF .deps/koi8_r.Tpo -c koi8_r.c -o koi8_r.o >/dev/null 2>&1
mv -f .deps/regcomp.Tpo .deps/regcomp.Plo
mv -f .deps/euc_kr.Tpo .deps/euc_kr.Plo
mv -f .deps/euc_tw.Tpo .deps/euc_tw.Plo
libtool: compile:  gcc -DHAVE_CONFIG_H -I. -I.. -Wall -march=x86-64 -mtune=generic -O2 -pipe -fno-plt -fexceptions -Wp,-D_FORTIFY_SOURCE=3 -Wformat -Werror=format-security -fstack-clash-protection -fcf-protection -fno-omit-frame-pointer -mno-omit-leaf-frame-pointer -g -ffile-prefix-map=/build/guitar/src=/usr/src/debug/guitar -flto=auto -MT cp1251.lo -MD -MP -MF .deps/cp1251.Tpo -c cp1251.c -o cp1251.o >/dev/null 2>&1
mv -f .deps/unicode.Tpo .deps/unicode.Plo
mv -f .deps/big5.Tpo .deps/big5.Plo
mv -f .deps/gb18030.Tpo .deps/gb18030.Plo
mv -f .deps/koi8_r.Tpo .deps/koi8_r.Plo
libtool: compile:  gcc -DHAVE_CONFIG_H -I. -I.. -Wall -march=x86-64 -mtune=generic -O2 -pipe -fno-plt -fexceptions -Wp,-D_FORTIFY_SOURCE=3 -Wformat -Werror=format-security -fstack-clash-protection -fcf-protection -fno-omit-frame-pointer -mno-omit-leaf-frame-pointer -g -ffile-prefix-map=/build/guitar/src=/usr/src/debug/guitar -flto=auto -MT onig_init.lo -MD -MP -MF .deps/onig_init.Tpo -c onig_init.c  -fPIC -DPIC -o .libs/onig_init.o
mv -f .deps/cp1251.Tpo .deps/cp1251.Plo
libtool: compile:  gcc -DHAVE_CONFIG_H -I. -I.. -Wall -march=x86-64 -mtune=generic -O2 -pipe -fno-plt -fexceptions -Wp,-D_FORTIFY_SOURCE=3 -Wformat -Werror=format-security -fstack-clash-protection -fcf-protection -fno-omit-frame-pointer -mno-omit-leaf-frame-pointer -g -ffile-prefix-map=/build/guitar/src=/usr/src/debug/guitar -flto=auto -MT onig_init.lo -MD -MP -MF .deps/onig_init.Tpo -c onig_init.c -o onig_init.o >/dev/null 2>&1
mv -f .deps/onig_init.Tpo .deps/onig_init.Plo
mv -f .deps/regparse.Tpo .deps/regparse.Plo
/bin/sh ../libtool  --tag=CC   --mode=link gcc -Wall   -march=x86-64 -mtune=generic -O2 -pipe -fno-plt -fexceptions         -Wp,-D_FORTIFY_SOURCE=3 -Wformat -Werror=format-security         -fstack-clash-protection -fcf-protection         -fno-omit-frame-pointer -mno-omit-leaf-frame-pointer -g -ffile-prefix-map=/build/guitar/src=/usr/src/debug/guitar -flto=auto  -version-info 10:0:5  -Wl,-O1 -Wl,--sort-common -Wl,--as-needed -Wl,-z,relro -Wl,-z,now          -Wl,-z,pack-relative-relocs -flto=auto -o libonig.la -rpath /usr/local/lib regparse.lo regcomp.lo regexec.lo regenc.lo regerror.lo regext.lo regsyntax.lo regtrav.lo regversion.lo st.lo reggnu.lo  unicode.lo unicode_unfold_key.lo unicode_fold1_key.lo unicode_fold2_key.lo unicode_fold3_key.lo ascii.lo utf8.lo utf16_be.lo utf16_le.lo utf32_be.lo utf32_le.lo euc_jp.lo euc_jp_prop.lo sjis.lo sjis_prop.lo iso8859_1.lo iso8859_2.lo iso8859_3.lo iso8859_4.lo iso8859_5.lo iso8859_6.lo iso8859_7.lo iso8859_8.lo iso8859_9.lo iso8859_10.lo iso8859_11.lo iso8859_13.lo iso8859_14.lo iso8859_15.lo iso8859_16.lo euc_tw.lo euc_kr.lo big5.lo gb18030.lo koi8_r.lo cp1251.lo onig_init.lo  
libtool: link: gcc -shared  -fPIC -DPIC  .libs/regparse.o .libs/regcomp.o .libs/regexec.o .libs/regenc.o .libs/regerror.o .libs/regext.o .libs/regsyntax.o .libs/regtrav.o .libs/regversion.o .libs/st.o .libs/reggnu.o .libs/unicode.o .libs/unicode_unfold_key.o .libs/unicode_fold1_key.o .libs/unicode_fold2_key.o .libs/unicode_fold3_key.o .libs/ascii.o .libs/utf8.o .libs/utf16_be.o .libs/utf16_le.o .libs/utf32_be.o .libs/utf32_le.o .libs/euc_jp.o .libs/euc_jp_prop.o .libs/sjis.o .libs/sjis_prop.o .libs/iso8859_1.o .libs/iso8859_2.o .libs/iso8859_3.o .libs/iso8859_4.o .libs/iso8859_5.o .libs/iso8859_6.o .libs/iso8859_7.o .libs/iso8859_8.o .libs/iso8859_9.o .libs/iso8859_10.o .libs/iso8859_11.o .libs/iso8859_13.o .libs/iso8859_14.o .libs/iso8859_15.o .libs/iso8859_16.o .libs/euc_tw.o .libs/euc_kr.o .libs/big5.o .libs/gb18030.o .libs/koi8_r.o .libs/cp1251.o .libs/onig_init.o   -Wl,--as-needed  -Wall -march=x86-64 -mtune=generic -O2 -Wp,-D_FORTIFY_SOURCE=3 -Wformat -Werror=format-security -mno-omit-leaf-frame-pointer -g -ffile-prefix-map=/build/guitar/src=/usr/src/debug/guitar -flto=auto -Wl,-O1 -Wl,--sort-common -Wl,-z -Wl,relro -Wl,-z -Wl,now -Wl,-z -Wl,pack-relative-relocs -flto=auto   -Wl,-soname -Wl,libonig.so.5 -o .libs/libonig.so.5.5.0
libtool: link: (cd ".libs" && rm -f "libonig.so.5" && ln -s "libonig.so.5.5.0" "libonig.so.5")
libtool: link: (cd ".libs" && rm -f "libonig.so" && ln -s "libonig.so.5.5.0" "libonig.so")
libtool: link: ar cr .libs/libonig.a regparse.o regcomp.o regexec.o regenc.o regerror.o regext.o regsyntax.o regtrav.o regversion.o st.o reggnu.o unicode.o unicode_unfold_key.o unicode_fold1_key.o unicode_fold2_key.o unicode_fold3_key.o ascii.o utf8.o utf16_be.o utf16_le.o utf32_be.o utf32_le.o euc_jp.o euc_jp_prop.o sjis.o sjis_prop.o iso8859_1.o iso8859_2.o iso8859_3.o iso8859_4.o iso8859_5.o iso8859_6.o iso8859_7.o iso8859_8.o iso8859_9.o iso8859_10.o iso8859_11.o iso8859_13.o iso8859_14.o iso8859_15.o iso8859_16.o euc_tw.o euc_kr.o big5.o gb18030.o koi8_r.o cp1251.o onig_init.o
libtool: link: ranlib .libs/libonig.a
libtool: link: ( cd ".libs" && rm -f "libonig.la" && ln -s "../libonig.la" "libonig.la" )
make[2]: Leaving directory '/build/guitar/src/Guitar-1.4.0/filetype/oniguruma/src'
make[1]: Leaving directory '/build/guitar/src/Guitar-1.4.0/filetype/oniguruma/src'
Making all in test
make[1]: Entering directory '/build/guitar/src/Guitar-1.4.0/filetype/oniguruma/test'
make[1]: Nothing to be done for 'all'.
make[1]: Leaving directory '/build/guitar/src/Guitar-1.4.0/filetype/oniguruma/test'
Making all in sample
make[1]: Entering directory '/build/guitar/src/Guitar-1.4.0/filetype/oniguruma/sample'
make[1]: Nothing to be done for 'all'.
make[1]: Leaving directory '/build/guitar/src/Guitar-1.4.0/filetype/oniguruma/sample'
make[1]: Entering directory '/build/guitar/src/Guitar-1.4.0/filetype/oniguruma'
sed -e 's,[@]datadir[@],/usr/local/share,g' -e 's,[@]datarootdir[@],/usr/local/share,g' -e 's,[@]PACKAGE_VERSION[@],6.9.10,g' -e 's,[@]prefix[@],/usr/local,g' -e 's,[@]exec_prefix[@],/usr/local,g' -e 's,[@]libdir[@],/usr/local/lib,g' -e 's,[@]includedir[@],/usr/local/include,g' < ./oniguruma.pc.in > oniguruma.pc
make[1]: Leaving directory '/build/guitar/src/Guitar-1.4.0/filetype/oniguruma'
~/guitar/src/Guitar-1.4.0/filetype
--- libfile release
~/guitar/src/Guitar-1.4.0/filetype/_build ~/guitar/src/Guitar-1.4.0/filetype
Info: creating stash file /build/guitar/src/Guitar-1.4.0/filetype/_build/.qmake.stash
gcc -c -pipe -include config.h -include stdint.h -march=x86-64 -mtune=generic -O2 -pipe -fno-plt -fexceptions -Wp,-D_FORTIFY_SOURCE=3 -Wformat -Werror=format-security -fstack-clash-protection -fcf-protection -fno-omit-frame-pointer -mno-omit-leaf-frame-pointer -g -ffile-prefix-map=/build/guitar/src=/usr/src/debug/guitar -flto=auto -fPIC -Wall -Wextra -DONIG_STATIC=1 -DHAVE_CONFIG_H=1 -I/build/guitar/src/Guitar-1.4.0/filetype -I. -I/build/guitar/src/Guitar-1.4.0/filetype/file-gcc -I/build/guitar/src/Guitar-1.4.0/filetype/file -I/usr/lib/qt6/mkspecs/linux-g++ -o apprentice.o /build/guitar/src/Guitar-1.4.0/filetype/file/src/apprentice.c
gcc -c -pipe -include config.h -include stdint.h -march=x86-64 -mtune=generic -O2 -pipe -fno-plt -fexceptions -Wp,-D_FORTIFY_SOURCE=3 -Wformat -Werror=format-security -fstack-clash-protection -fcf-protection -fno-omit-frame-pointer -mno-omit-leaf-frame-pointer -g -ffile-prefix-map=/build/guitar/src=/usr/src/debug/guitar -flto=auto -fPIC -Wall -Wextra -DONIG_STATIC=1 -DHAVE_CONFIG_H=1 -I/build/guitar/src/Guitar-1.4.0/filetype -I. -I/build/guitar/src/Guitar-1.4.0/filetype/file-gcc -I/build/guitar/src/Guitar-1.4.0/filetype/file -I/usr/lib/qt6/mkspecs/linux-g++ -o apptype.o /build/guitar/src/Guitar-1.4.0/filetype/file/src/apptype.c
gcc -c -pipe -include config.h -include stdint.h -march=x86-64 -mtune=generic -O2 -pipe -fno-plt -fexceptions -Wp,-D_FORTIFY_SOURCE=3 -Wformat -Werror=format-security -fstack-clash-protection -fcf-protection -fno-omit-frame-pointer -mno-omit-leaf-frame-pointer -g -ffile-prefix-map=/build/guitar/src=/usr/src/debug/guitar -flto=auto -fPIC -Wall -Wextra -DONIG_STATIC=1 -DHAVE_CONFIG_H=1 -I/build/guitar/src/Guitar-1.4.0/filetype -I. -I/build/guitar/src/Guitar-1.4.0/filetype/file-gcc -I/build/guitar/src/Guitar-1.4.0/filetype/file -I/usr/lib/qt6/mkspecs/linux-g++ -o ascmagic.o /build/guitar/src/Guitar-1.4.0/filetype/file/src/ascmagic.c
gcc -c -pipe -include config.h -include stdint.h -march=x86-64 -mtune=generic -O2 -pipe -fno-plt -fexceptions -Wp,-D_FORTIFY_SOURCE=3 -Wformat -Werror=format-security -fstack-clash-protection -fcf-protection -fno-omit-frame-pointer -mno-omit-leaf-frame-pointer -g -ffile-prefix-map=/build/guitar/src=/usr/src/debug/guitar -flto=auto -fPIC -Wall -Wextra -DONIG_STATIC=1 -DHAVE_CONFIG_H=1 -I/build/guitar/src/Guitar-1.4.0/filetype -I. -I/build/guitar/src/Guitar-1.4.0/filetype/file-gcc -I/build/guitar/src/Guitar-1.4.0/filetype/file -I/usr/lib/qt6/mkspecs/linux-g++ -o asctime_r.o /build/guitar/src/Guitar-1.4.0/filetype/file/src/asctime_r.c
gcc -c -pipe -include config.h -include stdint.h -march=x86-64 -mtune=generic -O2 -pipe -fno-plt -fexceptions -Wp,-D_FORTIFY_SOURCE=3 -Wformat -Werror=format-security -fstack-clash-protection -fcf-protection -fno-omit-frame-pointer -mno-omit-leaf-frame-pointer -g -ffile-prefix-map=/build/guitar/src=/usr/src/debug/guitar -flto=auto -fPIC -Wall -Wextra -DONIG_STATIC=1 -DHAVE_CONFIG_H=1 -I/build/guitar/src/Guitar-1.4.0/filetype -I. -I/build/guitar/src/Guitar-1.4.0/filetype/file-gcc -I/build/guitar/src/Guitar-1.4.0/filetype/file -I/usr/lib/qt6/mkspecs/linux-g++ -o asprintf.o /build/guitar/src/Guitar-1.4.0/filetype/file/src/asprintf.c
gcc -c -pipe -include config.h -include stdint.h -march=x86-64 -mtune=generic -O2 -pipe -fno-plt -fexceptions -Wp,-D_FORTIFY_SOURCE=3 -Wformat -Werror=format-security -fstack-clash-protection -fcf-protection -fno-omit-frame-pointer -mno-omit-leaf-frame-pointer -g -ffile-prefix-map=/build/guitar/src=/usr/src/debug/guitar -flto=auto -fPIC -Wall -Wextra -DONIG_STATIC=1 -DHAVE_CONFIG_H=1 -I/build/guitar/src/Guitar-1.4.0/filetype -I. -I/build/guitar/src/Guitar-1.4.0/filetype/file-gcc -I/build/guitar/src/Guitar-1.4.0/filetype/file -I/usr/lib/qt6/mkspecs/linux-g++ -o buffer.o /build/guitar/src/Guitar-1.4.0/filetype/file/src/buffer.c
gcc -c -pipe -include config.h -include stdint.h -march=x86-64 -mtune=generic -O2 -pipe -fno-plt -fexceptions -Wp,-D_FORTIFY_SOURCE=3 -Wformat -Werror=format-security -fstack-clash-protection -fcf-protection -fno-omit-frame-pointer -mno-omit-leaf-frame-pointer -g -ffile-prefix-map=/build/guitar/src=/usr/src/debug/guitar -flto=auto -fPIC -Wall -Wextra -DONIG_STATIC=1 -DHAVE_CONFIG_H=1 -I/build/guitar/src/Guitar-1.4.0/filetype -I. -I/build/guitar/src/Guitar-1.4.0/filetype/file-gcc -I/build/guitar/src/Guitar-1.4.0/filetype/file -I/usr/lib/qt6/mkspecs/linux-g++ -o cdf.o /build/guitar/src/Guitar-1.4.0/filetype/file/src/cdf.c
gcc -c -pipe -include config.h -include stdint.h -march=x86-64 -mtune=generic -O2 -pipe -fno-plt -fexceptions -Wp,-D_FORTIFY_SOURCE=3 -Wformat -Werror=format-security -fstack-clash-protection -fcf-protection -fno-omit-frame-pointer -mno-omit-leaf-frame-pointer -g -ffile-prefix-map=/build/guitar/src=/usr/src/debug/guitar -flto=auto -fPIC -Wall -Wextra -DONIG_STATIC=1 -DHAVE_CONFIG_H=1 -I/build/guitar/src/Guitar-1.4.0/filetype -I. -I/build/guitar/src/Guitar-1.4.0/filetype/file-gcc -I/build/guitar/src/Guitar-1.4.0/filetype/file -I/usr/lib/qt6/mkspecs/linux-g++ -o cdf_time.o /build/guitar/src/Guitar-1.4.0/filetype/file/src/cdf_time.c
gcc -c -pipe -include config.h -include stdint.h -march=x86-64 -mtune=generic -O2 -pipe -fno-plt -fexceptions -Wp,-D_FORTIFY_SOURCE=3 -Wformat -Werror=format-security -fstack-clash-protection -fcf-protection -fno-omit-frame-pointer -mno-omit-leaf-frame-pointer -g -ffile-prefix-map=/build/guitar/src=/usr/src/debug/guitar -flto=auto -fPIC -Wall -Wextra -DONIG_STATIC=1 -DHAVE_CONFIG_H=1 -I/build/guitar/src/Guitar-1.4.0/filetype -I. -I/build/guitar/src/Guitar-1.4.0/filetype/file-gcc -I/build/guitar/src/Guitar-1.4.0/filetype/file -I/usr/lib/qt6/mkspecs/linux-g++ -o compress.o /build/guitar/src/Guitar-1.4.0/filetype/file/src/compress.c
gcc -c -pipe -include config.h -include stdint.h -march=x86-64 -mtune=generic -O2 -pipe -fno-plt -fexceptions -Wp,-D_FORTIFY_SOURCE=3 -Wformat -Werror=format-security -fstack-clash-protection -fcf-protection -fno-omit-frame-pointer -mno-omit-leaf-frame-pointer -g -ffile-prefix-map=/build/guitar/src=/usr/src/debug/guitar -flto=auto -fPIC -Wall -Wextra -DONIG_STATIC=1 -DHAVE_CONFIG_H=1 -I/build/guitar/src/Guitar-1.4.0/filetype -I. -I/build/guitar/src/Guitar-1.4.0/filetype/file-gcc -I/build/guitar/src/Guitar-1.4.0/filetype/file -I/usr/lib/qt6/mkspecs/linux-g++ -o ctime_r.o /build/guitar/src/Guitar-1.4.0/filetype/file/src/ctime_r.c
gcc -c -pipe -include config.h -include stdint.h -march=x86-64 -mtune=generic -O2 -pipe -fno-plt -fexceptions -Wp,-D_FORTIFY_SOURCE=3 -Wformat -Werror=format-security -fstack-clash-protection -fcf-protection -fno-omit-frame-pointer -mno-omit-leaf-frame-pointer -g -ffile-prefix-map=/build/guitar/src=/usr/src/debug/guitar -flto=auto -fPIC -Wall -Wextra -DONIG_STATIC=1 -DHAVE_CONFIG_H=1 -I/build/guitar/src/Guitar-1.4.0/filetype -I. -I/build/guitar/src/Guitar-1.4.0/filetype/file-gcc -I/build/guitar/src/Guitar-1.4.0/filetype/file -I/usr/lib/qt6/mkspecs/linux-g++ -o der.o /build/guitar/src/Guitar-1.4.0/filetype/file/src/der.c
gcc -c -pipe -include config.h -include stdint.h -march=x86-64 -mtune=generic -O2 -pipe -fno-plt -fexceptions -Wp,-D_FORTIFY_SOURCE=3 -Wformat -Werror=format-security -fstack-clash-protection -fcf-protection -fno-omit-frame-pointer -mno-omit-leaf-frame-pointer -g -ffile-prefix-map=/build/guitar/src=/usr/src/debug/guitar -flto=auto -fPIC -Wall -Wextra -DONIG_STATIC=1 -DHAVE_CONFIG_H=1 -I/build/guitar/src/Guitar-1.4.0/filetype -I. -I/build/guitar/src/Guitar-1.4.0/filetype/file-gcc -I/build/guitar/src/Guitar-1.4.0/filetype/file -I/usr/lib/qt6/mkspecs/linux-g++ -o dprintf.o /build/guitar/src/Guitar-1.4.0/filetype/file/src/dprintf.c
gcc -c -pipe -include config.h -include stdint.h -march=x86-64 -mtune=generic -O2 -pipe -fno-plt -fexceptions -Wp,-D_FORTIFY_SOURCE=3 -Wformat -Werror=format-security -fstack-clash-protection -fcf-protection -fno-omit-frame-pointer -mno-omit-leaf-frame-pointer -g -ffile-prefix-map=/build/guitar/src=/usr/src/debug/guitar -flto=auto -fPIC -Wall -Wextra -DONIG_STATIC=1 -DHAVE_CONFIG_H=1 -I/build/guitar/src/Guitar-1.4.0/filetype -I. -I/build/guitar/src/Guitar-1.4.0/filetype/file-gcc -I/build/guitar/src/Guitar-1.4.0/filetype/file -I/usr/lib/qt6/mkspecs/linux-g++ -o encoding.o /build/guitar/src/Guitar-1.4.0/filetype/file/src/encoding.c
gcc -c -pipe -include config.h -include stdint.h -march=x86-64 -mtune=generic -O2 -pipe -fno-plt -fexceptions -Wp,-D_FORTIFY_SOURCE=3 -Wformat -Werror=format-security -fstack-clash-protection -fcf-protection -fno-omit-frame-pointer -mno-omit-leaf-frame-pointer -g -ffile-prefix-map=/build/guitar/src=/usr/src/debug/guitar -flto=auto -fPIC -Wall -Wextra -DONIG_STATIC=1 -DHAVE_CONFIG_H=1 -I/build/guitar/src/Guitar-1.4.0/filetype -I. -I/build/guitar/src/Guitar-1.4.0/filetype/file-gcc -I/build/guitar/src/Guitar-1.4.0/filetype/file -I/usr/lib/qt6/mkspecs/linux-g++ -o fmtcheck.o /build/guitar/src/Guitar-1.4.0/filetype/file/src/fmtcheck.c
gcc -c -pipe -include config.h -include stdint.h -march=x86-64 -mtune=generic -O2 -pipe -fno-plt -fexceptions -Wp,-D_FORTIFY_SOURCE=3 -Wformat -Werror=format-security -fstack-clash-protection -fcf-protection -fno-omit-frame-pointer -mno-omit-leaf-frame-pointer -g -ffile-prefix-map=/build/guitar/src=/usr/src/debug/guitar -flto=auto -fPIC -Wall -Wextra -DONIG_STATIC=1 -DHAVE_CONFIG_H=1 -I/build/guitar/src/Guitar-1.4.0/filetype -I. -I/build/guitar/src/Guitar-1.4.0/filetype/file-gcc -I/build/guitar/src/Guitar-1.4.0/filetype/file -I/usr/lib/qt6/mkspecs/linux-g++ -o fsmagic.o /build/guitar/src/Guitar-1.4.0/filetype/file/src/fsmagic.c
gcc -c -pipe -include config.h -include stdint.h -march=x86-64 -mtune=generic -O2 -pipe -fno-plt -fexceptions -Wp,-D_FORTIFY_SOURCE=3 -Wformat -Werror=format-security -fstack-clash-protection -fcf-protection -fno-omit-frame-pointer -mno-omit-leaf-frame-pointer -g -ffile-prefix-map=/build/guitar/src=/usr/src/debug/guitar -flto=auto -fPIC -Wall -Wextra -DONIG_STATIC=1 -DHAVE_CONFIG_H=1 -I/build/guitar/src/Guitar-1.4.0/filetype -I. -I/build/guitar/src/Guitar-1.4.0/filetype/file-gcc -I/build/guitar/src/Guitar-1.4.0/filetype/file -I/usr/lib/qt6/mkspecs/linux-g++ -o funcs.o /build/guitar/src/Guitar-1.4.0/filetype/file/src/funcs.c
gcc -c -pipe -include config.h -include stdint.h -march=x86-64 -mtune=generic -O2 -pipe -fno-plt -fexceptions -Wp,-D_FORTIFY_SOURCE=3 -Wformat -Werror=format-security -fstack-clash-protection -fcf-protection -fno-omit-frame-pointer -mno-omit-leaf-frame-pointer -g -ffile-prefix-map=/build/guitar/src=/usr/src/debug/guitar -flto=auto -fPIC -Wall -Wextra -DONIG_STATIC=1 -DHAVE_CONFIG_H=1 -I/build/guitar/src/Guitar-1.4.0/filetype -I. -I/build/guitar/src/Guitar-1.4.0/filetype/file-gcc -I/build/guitar/src/Guitar-1.4.0/filetype/file -I/usr/lib/qt6/mkspecs/linux-g++ -o getline.o /build/guitar/src/Guitar-1.4.0/filetype/file/src/getline.c
gcc -c -pipe -include config.h -include stdint.h -march=x86-64 -mtune=generic -O2 -pipe -fno-plt -fexceptions -Wp,-D_FORTIFY_SOURCE=3 -Wformat -Werror=format-security -fstack-clash-protection -fcf-protection -fno-omit-frame-pointer -mno-omit-leaf-frame-pointer -g -ffile-prefix-map=/build/guitar/src=/usr/src/debug/guitar -flto=auto -fPIC -Wall -Wextra -DONIG_STATIC=1 -DHAVE_CONFIG_H=1 -I/build/guitar/src/Guitar-1.4.0/filetype -I. -I/build/guitar/src/Guitar-1.4.0/filetype/file-gcc -I/build/guitar/src/Guitar-1.4.0/filetype/file -I/usr/lib/qt6/mkspecs/linux-g++ -o gmtime_r.o /build/guitar/src/Guitar-1.4.0/filetype/file/src/gmtime_r.c
gcc -c -pipe -include config.h -include stdint.h -march=x86-64 -mtune=generic -O2 -pipe -fno-plt -fexceptions -Wp,-D_FORTIFY_SOURCE=3 -Wformat -Werror=format-security -fstack-clash-protection -fcf-protection -fno-omit-frame-pointer -mno-omit-leaf-frame-pointer -g -ffile-prefix-map=/build/guitar/src=/usr/src/debug/guitar -flto=auto -fPIC -Wall -Wextra -DONIG_STATIC=1 -DHAVE_CONFIG_H=1 -I/build/guitar/src/Guitar-1.4.0/filetype -I. -I/build/guitar/src/Guitar-1.4.0/filetype/file-gcc -I/build/guitar/src/Guitar-1.4.0/filetype/file -I/usr/lib/qt6/mkspecs/linux-g++ -o is_csv.o /build/guitar/src/Guitar-1.4.0/filetype/file/src/is_csv.c
gcc -c -pipe -include config.h -include stdint.h -march=x86-64 -mtune=generic -O2 -pipe -fno-plt -fexceptions -Wp,-D_FORTIFY_SOURCE=3 -Wformat -Werror=format-security -fstack-clash-protection -fcf-protection -fno-omit-frame-pointer -mno-omit-leaf-frame-pointer -g -ffile-prefix-map=/build/guitar/src=/usr/src/debug/guitar -flto=auto -fPIC -Wall -Wextra -DONIG_STATIC=1 -DHAVE_CONFIG_H=1 -I/build/guitar/src/Guitar-1.4.0/filetype -I. -I/build/guitar/src/Guitar-1.4.0/filetype/file-gcc -I/build/guitar/src/Guitar-1.4.0/filetype/file -I/usr/lib/qt6/mkspecs/linux-g++ -o is_json.o /build/guitar/src/Guitar-1.4.0/filetype/file/src/is_json.c
gcc -c -pipe -include config.h -include stdint.h -march=x86-64 -mtune=generic -O2 -pipe -fno-plt -fexceptions -Wp,-D_FORTIFY_SOURCE=3 -Wformat -Werror=format-security -fstack-clash-protection -fcf-protection -fno-omit-frame-pointer -mno-omit-leaf-frame-pointer -g -ffile-prefix-map=/build/guitar/src=/usr/src/debug/guitar -flto=auto -fPIC -Wall -Wextra -DONIG_STATIC=1 -DHAVE_CONFIG_H=1 -I/build/guitar/src/Guitar-1.4.0/filetype -I. -I/build/guitar/src/Guitar-1.4.0/filetype/file-gcc -I/build/guitar/src/Guitar-1.4.0/filetype/file -I/usr/lib/qt6/mkspecs/linux-g++ -o is_simh.o /build/guitar/src/Guitar-1.4.0/filetype/file/src/is_simh.c
gcc -c -pipe -include config.h -include stdint.h -march=x86-64 -mtune=generic -O2 -pipe -fno-plt -fexceptions -Wp,-D_FORTIFY_SOURCE=3 -Wformat -Werror=format-security -fstack-clash-protection -fcf-protection -fno-omit-frame-pointer -mno-omit-leaf-frame-pointer -g -ffile-prefix-map=/build/guitar/src=/usr/src/debug/guitar -flto=auto -fPIC -Wall -Wextra -DONIG_STATIC=1 -DHAVE_CONFIG_H=1 -I/build/guitar/src/Guitar-1.4.0/filetype -I. -I/build/guitar/src/Guitar-1.4.0/filetype/file-gcc -I/build/guitar/src/Guitar-1.4.0/filetype/file -I/usr/lib/qt6/mkspecs/linux-g++ -o is_tar.o /build/guitar/src/Guitar-1.4.0/filetype/file/src/is_tar.c
gcc -c -pipe -include config.h -include stdint.h -march=x86-64 -mtune=generic -O2 -pipe -fno-plt -fexceptions -Wp,-D_FORTIFY_SOURCE=3 -Wformat -Werror=format-security -fstack-clash-protection -fcf-protection -fno-omit-frame-pointer -mno-omit-leaf-frame-pointer -g -ffile-prefix-map=/build/guitar/src=/usr/src/debug/guitar -flto=auto -fPIC -Wall -Wextra -DONIG_STATIC=1 -DHAVE_CONFIG_H=1 -I/build/guitar/src/Guitar-1.4.0/filetype -I. -I/build/guitar/src/Guitar-1.4.0/filetype/file-gcc -I/build/guitar/src/Guitar-1.4.0/filetype/file -I/usr/lib/qt6/mkspecs/linux-g++ -o localtime_r.o /build/guitar/src/Guitar-1.4.0/filetype/file/src/localtime_r.c
gcc -c -pipe -include config.h -include stdint.h -march=x86-64 -mtune=generic -O2 -pipe -fno-plt -fexceptions -Wp,-D_FORTIFY_SOURCE=3 -Wformat -Werror=format-security -fstack-clash-protection -fcf-protection -fno-omit-frame-pointer -mno-omit-leaf-frame-pointer -g -ffile-prefix-map=/build/guitar/src=/usr/src/debug/guitar -flto=auto -fPIC -Wall -Wextra -DONIG_STATIC=1 -DHAVE_CONFIG_H=1 -I/build/guitar/src/Guitar-1.4.0/filetype -I. -I/build/guitar/src/Guitar-1.4.0/filetype/file-gcc -I/build/guitar/src/Guitar-1.4.0/filetype/file -I/usr/lib/qt6/mkspecs/linux-g++ -o magic.o /build/guitar/src/Guitar-1.4.0/filetype/file/src/magic.c
gcc -c -pipe -include config.h -include stdint.h -march=x86-64 -mtune=generic -O2 -pipe -fno-plt -fexceptions -Wp,-D_FORTIFY_SOURCE=3 -Wformat -Werror=format-security -fstack-clash-protection -fcf-protection -fno-omit-frame-pointer -mno-omit-leaf-frame-pointer -g -ffile-prefix-map=/build/guitar/src=/usr/src/debug/guitar -flto=auto -fPIC -Wall -Wextra -DONIG_STATIC=1 -DHAVE_CONFIG_H=1 -I/build/guitar/src/Guitar-1.4.0/filetype -I. -I/build/guitar/src/Guitar-1.4.0/filetype/file-gcc -I/build/guitar/src/Guitar-1.4.0/filetype/file -I/usr/lib/qt6/mkspecs/linux-g++ -o print.o /build/guitar/src/Guitar-1.4.0/filetype/file/src/print.c
gcc -c -pipe -include config.h -include stdint.h -march=x86-64 -mtune=generic -O2 -pipe -fno-plt -fexceptions -Wp,-D_FORTIFY_SOURCE=3 -Wformat -Werror=format-security -fstack-clash-protection -fcf-protection -fno-omit-frame-pointer -mno-omit-leaf-frame-pointer -g -ffile-prefix-map=/build/guitar/src=/usr/src/debug/guitar -flto=auto -fPIC -Wall -Wextra -DONIG_STATIC=1 -DHAVE_CONFIG_H=1 -I/build/guitar/src/Guitar-1.4.0/filetype -I. -I/build/guitar/src/Guitar-1.4.0/filetype/file-gcc -I/build/guitar/src/Guitar-1.4.0/filetype/file -I/usr/lib/qt6/mkspecs/linux-g++ -o readcdf.o /build/guitar/src/Guitar-1.4.0/filetype/file/src/readcdf.c
gcc -c -pipe -include config.h -include stdint.h -march=x86-64 -mtune=generic -O2 -pipe -fno-plt -fexceptions -Wp,-D_FORTIFY_SOURCE=3 -Wformat -Werror=format-security -fstack-clash-protection -fcf-protection -fno-omit-frame-pointer -mno-omit-leaf-frame-pointer -g -ffile-prefix-map=/build/guitar/src=/usr/src/debug/guitar -flto=auto -fPIC -Wall -Wextra -DONIG_STATIC=1 -DHAVE_CONFIG_H=1 -I/build/guitar/src/Guitar-1.4.0/filetype -I. -I/build/guitar/src/Guitar-1.4.0/filetype/file-gcc -I/build/guitar/src/Guitar-1.4.0/filetype/file -I/usr/lib/qt6/mkspecs/linux-g++ -o readelf.o /build/guitar/src/Guitar-1.4.0/filetype/file/src/readelf.c
gcc -c -pipe -include config.h -include stdint.h -march=x86-64 -mtune=generic -O2 -pipe -fno-plt -fexceptions -Wp,-D_FORTIFY_SOURCE=3 -Wformat -Werror=format-security -fstack-clash-protection -fcf-protection -fno-omit-frame-pointer -mno-omit-leaf-frame-pointer -g -ffile-prefix-map=/build/guitar/src=/usr/src/debug/guitar -flto=auto -fPIC -Wall -Wextra -DONIG_STATIC=1 -DHAVE_CONFIG_H=1 -I/build/guitar/src/Guitar-1.4.0/filetype -I. -I/build/guitar/src/Guitar-1.4.0/filetype/file-gcc -I/build/guitar/src/Guitar-1.4.0/filetype/file -I/usr/lib/qt6/mkspecs/linux-g++ -o seccomp.o /build/guitar/src/Guitar-1.4.0/filetype/file/src/seccomp.c
gcc -c -pipe -include config.h -include stdint.h -march=x86-64 -mtune=generic -O2 -pipe -fno-plt -fexceptions -Wp,-D_FORTIFY_SOURCE=3 -Wformat -Werror=format-security -fstack-clash-protection -fcf-protection -fno-omit-frame-pointer -mno-omit-leaf-frame-pointer -g -ffile-prefix-map=/build/guitar/src=/usr/src/debug/guitar -flto=auto -fPIC -Wall -Wextra -DONIG_STATIC=1 -DHAVE_CONFIG_H=1 -I/build/guitar/src/Guitar-1.4.0/filetype -I. -I/build/guitar/src/Guitar-1.4.0/filetype/file-gcc -I/build/guitar/src/Guitar-1.4.0/filetype/file -I/usr/lib/qt6/mkspecs/linux-g++ -o softmagic.o /build/guitar/src/Guitar-1.4.0/filetype/file/src/softmagic.c
gcc -c -pipe -include config.h -include stdint.h -march=x86-64 -mtune=generic -O2 -pipe -fno-plt -fexceptions -Wp,-D_FORTIFY_SOURCE=3 -Wformat -Werror=format-security -fstack-clash-protection -fcf-protection -fno-omit-frame-pointer -mno-omit-leaf-frame-pointer -g -ffile-prefix-map=/build/guitar/src=/usr/src/debug/guitar -flto=auto -fPIC -Wall -Wextra -DONIG_STATIC=1 -DHAVE_CONFIG_H=1 -I/build/guitar/src/Guitar-1.4.0/filetype -I. -I/build/guitar/src/Guitar-1.4.0/filetype/file-gcc -I/build/guitar/src/Guitar-1.4.0/filetype/file -I/usr/lib/qt6/mkspecs/linux-g++ -o strcasestr.o /build/guitar/src/Guitar-1.4.0/filetype/file/src/strcasestr.c
gcc -c -pipe -include config.h -include stdint.h -march=x86-64 -mtune=generic -O2 -pipe -fno-plt -fexceptions -Wp,-D_FORTIFY_SOURCE=3 -Wformat -Werror=format-security -fstack-clash-protection -fcf-protection -fno-omit-frame-pointer -mno-omit-leaf-frame-pointer -g -ffile-prefix-map=/build/guitar/src=/usr/src/debug/guitar -flto=auto -fPIC -Wall -Wextra -DONIG_STATIC=1 -DHAVE_CONFIG_H=1 -I/build/guitar/src/Guitar-1.4.0/filetype -I. -I/build/guitar/src/Guitar-1.4.0/filetype/file-gcc -I/build/guitar/src/Guitar-1.4.0/filetype/file -I/usr/lib/qt6/mkspecs/linux-g++ -o swap.o /build/guitar/src/Guitar-1.4.0/filetype/file/src/swap.c
gcc -c -pipe -include config.h -include stdint.h -march=x86-64 -mtune=generic -O2 -pipe -fno-plt -fexceptions -Wp,-D_FORTIFY_SOURCE=3 -Wformat -Werror=format-security -fstack-clash-protection -fcf-protection -fno-omit-frame-pointer -mno-omit-leaf-frame-pointer -g -ffile-prefix-map=/build/guitar/src=/usr/src/debug/guitar -flto=auto -fPIC -Wall -Wextra -DONIG_STATIC=1 -DHAVE_CONFIG_H=1 -I/build/guitar/src/Guitar-1.4.0/filetype -I. -I/build/guitar/src/Guitar-1.4.0/filetype/file-gcc -I/build/guitar/src/Guitar-1.4.0/filetype/file -I/usr/lib/qt6/mkspecs/linux-g++ -o vasprintf.o /build/guitar/src/Guitar-1.4.0/filetype/file/src/vasprintf.c
gcc -c -pipe -include config.h -include stdint.h -march=x86-64 -mtune=generic -O2 -pipe -fno-plt -fexceptions -Wp,-D_FORTIFY_SOURCE=3 -Wformat -Werror=format-security -fstack-clash-protection -fcf-protection -fno-omit-frame-pointer -mno-omit-leaf-frame-pointer -g -ffile-prefix-map=/build/guitar/src=/usr/src/debug/guitar -flto=auto -fPIC -Wall -Wextra -DONIG_STATIC=1 -DHAVE_CONFIG_H=1 -I/build/guitar/src/Guitar-1.4.0/filetype -I. -I/build/guitar/src/Guitar-1.4.0/filetype/file-gcc -I/build/guitar/src/Guitar-1.4.0/filetype/file -I/usr/lib/qt6/mkspecs/linux-g++ -o pread.o /build/guitar/src/Guitar-1.4.0/filetype/file/src/pread.c
gcc -c -pipe -include config.h -include stdint.h -march=x86-64 -mtune=generic -O2 -pipe -fno-plt -fexceptions -Wp,-D_FORTIFY_SOURCE=3 -Wformat -Werror=format-security -fstack-clash-protection -fcf-protection -fno-omit-frame-pointer -mno-omit-leaf-frame-pointer -g -ffile-prefix-map=/build/guitar/src=/usr/src/debug/guitar -flto=auto -fPIC -Wall -Wextra -DONIG_STATIC=1 -DHAVE_CONFIG_H=1 -I/build/guitar/src/Guitar-1.4.0/filetype -I. -I/build/guitar/src/Guitar-1.4.0/filetype/file-gcc -I/build/guitar/src/Guitar-1.4.0/filetype/file -I/usr/lib/qt6/mkspecs/linux-g++ -o strlcat.o /build/guitar/src/Guitar-1.4.0/filetype/file/src/strlcat.c
gcc -c -pipe -include config.h -include stdint.h -march=x86-64 -mtune=generic -O2 -pipe -fno-plt -fexceptions -Wp,-D_FORTIFY_SOURCE=3 -Wformat -Werror=format-security -fstack-clash-protection -fcf-protection -fno-omit-frame-pointer -mno-omit-leaf-frame-pointer -g -ffile-prefix-map=/build/guitar/src=/usr/src/debug/guitar -flto=auto -fPIC -Wall -Wextra -DONIG_STATIC=1 -DHAVE_CONFIG_H=1 -I/build/guitar/src/Guitar-1.4.0/filetype -I. -I/build/guitar/src/Guitar-1.4.0/filetype/file-gcc -I/build/guitar/src/Guitar-1.4.0/filetype/file -I/usr/lib/qt6/mkspecs/linux-g++ -o strlcpy.o /build/guitar/src/Guitar-1.4.0/filetype/file/src/strlcpy.c
rm -f /build/guitar/src/Guitar-1.4.0/filetype/lib/libfile.a
ar cqs /build/guitar/src/Guitar-1.4.0/filetype/lib/libfile.a apprentice.o apptype.o ascmagic.o asctime_r.o asprintf.o buffer.o cdf.o cdf_time.o compress.o ctime_r.o der.o dprintf.o encoding.o fmtcheck.o fsmagic.o funcs.o getline.o gmtime_r.o is_csv.o is_json.o is_simh.o is_tar.o localtime_r.o magic.o print.o readcdf.o readelf.o seccomp.o softmagic.o strcasestr.o swap.o vasprintf.o pread.o strlcat.o strlcpy.o
~/guitar/src/Guitar-1.4.0/filetype
--- libfile debug
~/guitar/src/Guitar-1.4.0/filetype/_build ~/guitar/src/Guitar-1.4.0/filetype
Info: creating stash file /build/guitar/src/Guitar-1.4.0/filetype/_build/.qmake.stash
gcc -c -pipe -include config.h -include stdint.h -g -fPIC -Wall -Wextra -DONIG_STATIC=1 -DHAVE_CONFIG_H=1 -I/build/guitar/src/Guitar-1.4.0/filetype -I. -I/build/guitar/src/Guitar-1.4.0/filetype/file-gcc -I/build/guitar/src/Guitar-1.4.0/filetype/file -I/usr/lib/qt6/mkspecs/linux-g++ -o apprentice.o /build/guitar/src/Guitar-1.4.0/filetype/file/src/apprentice.c
gcc -c -pipe -include config.h -include stdint.h -g -fPIC -Wall -Wextra -DONIG_STATIC=1 -DHAVE_CONFIG_H=1 -I/build/guitar/src/Guitar-1.4.0/filetype -I. -I/build/guitar/src/Guitar-1.4.0/filetype/file-gcc -I/build/guitar/src/Guitar-1.4.0/filetype/file -I/usr/lib/qt6/mkspecs/linux-g++ -o apptype.o /build/guitar/src/Guitar-1.4.0/filetype/file/src/apptype.c
gcc -c -pipe -include config.h -include stdint.h -g -fPIC -Wall -Wextra -DONIG_STATIC=1 -DHAVE_CONFIG_H=1 -I/build/guitar/src/Guitar-1.4.0/filetype -I. -I/build/guitar/src/Guitar-1.4.0/filetype/file-gcc -I/build/guitar/src/Guitar-1.4.0/filetype/file -I/usr/lib/qt6/mkspecs/linux-g++ -o ascmagic.o /build/guitar/src/Guitar-1.4.0/filetype/file/src/ascmagic.c
gcc -c -pipe -include config.h -include stdint.h -g -fPIC -Wall -Wextra -DONIG_STATIC=1 -DHAVE_CONFIG_H=1 -I/build/guitar/src/Guitar-1.4.0/filetype -I. -I/build/guitar/src/Guitar-1.4.0/filetype/file-gcc -I/build/guitar/src/Guitar-1.4.0/filetype/file -I/usr/lib/qt6/mkspecs/linux-g++ -o asctime_r.o /build/guitar/src/Guitar-1.4.0/filetype/file/src/asctime_r.c
gcc -c -pipe -include config.h -include stdint.h -g -fPIC -Wall -Wextra -DONIG_STATIC=1 -DHAVE_CONFIG_H=1 -I/build/guitar/src/Guitar-1.4.0/filetype -I. -I/build/guitar/src/Guitar-1.4.0/filetype/file-gcc -I/build/guitar/src/Guitar-1.4.0/filetype/file -I/usr/lib/qt6/mkspecs/linux-g++ -o asprintf.o /build/guitar/src/Guitar-1.4.0/filetype/file/src/asprintf.c
gcc -c -pipe -include config.h -include stdint.h -g -fPIC -Wall -Wextra -DONIG_STATIC=1 -DHAVE_CONFIG_H=1 -I/build/guitar/src/Guitar-1.4.0/filetype -I. -I/build/guitar/src/Guitar-1.4.0/filetype/file-gcc -I/build/guitar/src/Guitar-1.4.0/filetype/file -I/usr/lib/qt6/mkspecs/linux-g++ -o buffer.o /build/guitar/src/Guitar-1.4.0/filetype/file/src/buffer.c
gcc -c -pipe -include config.h -include stdint.h -g -fPIC -Wall -Wextra -DONIG_STATIC=1 -DHAVE_CONFIG_H=1 -I/build/guitar/src/Guitar-1.4.0/filetype -I. -I/build/guitar/src/Guitar-1.4.0/filetype/file-gcc -I/build/guitar/src/Guitar-1.4.0/filetype/file -I/usr/lib/qt6/mkspecs/linux-g++ -o cdf.o /build/guitar/src/Guitar-1.4.0/filetype/file/src/cdf.c
gcc -c -pipe -include config.h -include stdint.h -g -fPIC -Wall -Wextra -DONIG_STATIC=1 -DHAVE_CONFIG_H=1 -I/build/guitar/src/Guitar-1.4.0/filetype -I. -I/build/guitar/src/Guitar-1.4.0/filetype/file-gcc -I/build/guitar/src/Guitar-1.4.0/filetype/file -I/usr/lib/qt6/mkspecs/linux-g++ -o cdf_time.o /build/guitar/src/Guitar-1.4.0/filetype/file/src/cdf_time.c
gcc -c -pipe -include config.h -include stdint.h -g -fPIC -Wall -Wextra -DONIG_STATIC=1 -DHAVE_CONFIG_H=1 -I/build/guitar/src/Guitar-1.4.0/filetype -I. -I/build/guitar/src/Guitar-1.4.0/filetype/file-gcc -I/build/guitar/src/Guitar-1.4.0/filetype/file -I/usr/lib/qt6/mkspecs/linux-g++ -o compress.o /build/guitar/src/Guitar-1.4.0/filetype/file/src/compress.c
gcc -c -pipe -include config.h -include stdint.h -g -fPIC -Wall -Wextra -DONIG_STATIC=1 -DHAVE_CONFIG_H=1 -I/build/guitar/src/Guitar-1.4.0/filetype -I. -I/build/guitar/src/Guitar-1.4.0/filetype/file-gcc -I/build/guitar/src/Guitar-1.4.0/filetype/file -I/usr/lib/qt6/mkspecs/linux-g++ -o ctime_r.o /build/guitar/src/Guitar-1.4.0/filetype/file/src/ctime_r.c
gcc -c -pipe -include config.h -include stdint.h -g -fPIC -Wall -Wextra -DONIG_STATIC=1 -DHAVE_CONFIG_H=1 -I/build/guitar/src/Guitar-1.4.0/filetype -I. -I/build/guitar/src/Guitar-1.4.0/filetype/file-gcc -I/build/guitar/src/Guitar-1.4.0/filetype/file -I/usr/lib/qt6/mkspecs/linux-g++ -o der.o /build/guitar/src/Guitar-1.4.0/filetype/file/src/der.c
gcc -c -pipe -include config.h -include stdint.h -g -fPIC -Wall -Wextra -DONIG_STATIC=1 -DHAVE_CONFIG_H=1 -I/build/guitar/src/Guitar-1.4.0/filetype -I. -I/build/guitar/src/Guitar-1.4.0/filetype/file-gcc -I/build/guitar/src/Guitar-1.4.0/filetype/file -I/usr/lib/qt6/mkspecs/linux-g++ -o dprintf.o /build/guitar/src/Guitar-1.4.0/filetype/file/src/dprintf.c
gcc -c -pipe -include config.h -include stdint.h -g -fPIC -Wall -Wextra -DONIG_STATIC=1 -DHAVE_CONFIG_H=1 -I/build/guitar/src/Guitar-1.4.0/filetype -I. -I/build/guitar/src/Guitar-1.4.0/filetype/file-gcc -I/build/guitar/src/Guitar-1.4.0/filetype/file -I/usr/lib/qt6/mkspecs/linux-g++ -o encoding.o /build/guitar/src/Guitar-1.4.0/filetype/file/src/encoding.c
gcc -c -pipe -include config.h -include stdint.h -g -fPIC -Wall -Wextra -DONIG_STATIC=1 -DHAVE_CONFIG_H=1 -I/build/guitar/src/Guitar-1.4.0/filetype -I. -I/build/guitar/src/Guitar-1.4.0/filetype/file-gcc -I/build/guitar/src/Guitar-1.4.0/filetype/file -I/usr/lib/qt6/mkspecs/linux-g++ -o fmtcheck.o /build/guitar/src/Guitar-1.4.0/filetype/file/src/fmtcheck.c
gcc -c -pipe -include config.h -include stdint.h -g -fPIC -Wall -Wextra -DONIG_STATIC=1 -DHAVE_CONFIG_H=1 -I/build/guitar/src/Guitar-1.4.0/filetype -I. -I/build/guitar/src/Guitar-1.4.0/filetype/file-gcc -I/build/guitar/src/Guitar-1.4.0/filetype/file -I/usr/lib/qt6/mkspecs/linux-g++ -o fsmagic.o /build/guitar/src/Guitar-1.4.0/filetype/file/src/fsmagic.c
gcc -c -pipe -include config.h -include stdint.h -g -fPIC -Wall -Wextra -DONIG_STATIC=1 -DHAVE_CONFIG_H=1 -I/build/guitar/src/Guitar-1.4.0/filetype -I. -I/build/guitar/src/Guitar-1.4.0/filetype/file-gcc -I/build/guitar/src/Guitar-1.4.0/filetype/file -I/usr/lib/qt6/mkspecs/linux-g++ -o funcs.o /build/guitar/src/Guitar-1.4.0/filetype/file/src/funcs.c
gcc -c -pipe -include config.h -include stdint.h -g -fPIC -Wall -Wextra -DONIG_STATIC=1 -DHAVE_CONFIG_H=1 -I/build/guitar/src/Guitar-1.4.0/filetype -I. -I/build/guitar/src/Guitar-1.4.0/filetype/file-gcc -I/build/guitar/src/Guitar-1.4.0/filetype/file -I/usr/lib/qt6/mkspecs/linux-g++ -o getline.o /build/guitar/src/Guitar-1.4.0/filetype/file/src/getline.c
gcc -c -pipe -include config.h -include stdint.h -g -fPIC -Wall -Wextra -DONIG_STATIC=1 -DHAVE_CONFIG_H=1 -I/build/guitar/src/Guitar-1.4.0/filetype -I. -I/build/guitar/src/Guitar-1.4.0/filetype/file-gcc -I/build/guitar/src/Guitar-1.4.0/filetype/file -I/usr/lib/qt6/mkspecs/linux-g++ -o gmtime_r.o /build/guitar/src/Guitar-1.4.0/filetype/file/src/gmtime_r.c
gcc -c -pipe -include config.h -include stdint.h -g -fPIC -Wall -Wextra -DONIG_STATIC=1 -DHAVE_CONFIG_H=1 -I/build/guitar/src/Guitar-1.4.0/filetype -I. -I/build/guitar/src/Guitar-1.4.0/filetype/file-gcc -I/build/guitar/src/Guitar-1.4.0/filetype/file -I/usr/lib/qt6/mkspecs/linux-g++ -o is_csv.o /build/guitar/src/Guitar-1.4.0/filetype/file/src/is_csv.c
gcc -c -pipe -include config.h -include stdint.h -g -fPIC -Wall -Wextra -DONIG_STATIC=1 -DHAVE_CONFIG_H=1 -I/build/guitar/src/Guitar-1.4.0/filetype -I. -I/build/guitar/src/Guitar-1.4.0/filetype/file-gcc -I/build/guitar/src/Guitar-1.4.0/filetype/file -I/usr/lib/qt6/mkspecs/linux-g++ -o is_json.o /build/guitar/src/Guitar-1.4.0/filetype/file/src/is_json.c
gcc -c -pipe -include config.h -include stdint.h -g -fPIC -Wall -Wextra -DONIG_STATIC=1 -DHAVE_CONFIG_H=1 -I/build/guitar/src/Guitar-1.4.0/filetype -I. -I/build/guitar/src/Guitar-1.4.0/filetype/file-gcc -I/build/guitar/src/Guitar-1.4.0/filetype/file -I/usr/lib/qt6/mkspecs/linux-g++ -o is_simh.o /build/guitar/src/Guitar-1.4.0/filetype/file/src/is_simh.c
gcc -c -pipe -include config.h -include stdint.h -g -fPIC -Wall -Wextra -DONIG_STATIC=1 -DHAVE_CONFIG_H=1 -I/build/guitar/src/Guitar-1.4.0/filetype -I. -I/build/guitar/src/Guitar-1.4.0/filetype/file-gcc -I/build/guitar/src/Guitar-1.4.0/filetype/file -I/usr/lib/qt6/mkspecs/linux-g++ -o is_tar.o /build/guitar/src/Guitar-1.4.0/filetype/file/src/is_tar.c
gcc -c -pipe -include config.h -include stdint.h -g -fPIC -Wall -Wextra -DONIG_STATIC=1 -DHAVE_CONFIG_H=1 -I/build/guitar/src/Guitar-1.4.0/filetype -I. -I/build/guitar/src/Guitar-1.4.0/filetype/file-gcc -I/build/guitar/src/Guitar-1.4.0/filetype/file -I/usr/lib/qt6/mkspecs/linux-g++ -o localtime_r.o /build/guitar/src/Guitar-1.4.0/filetype/file/src/localtime_r.c
gcc -c -pipe -include config.h -include stdint.h -g -fPIC -Wall -Wextra -DONIG_STATIC=1 -DHAVE_CONFIG_H=1 -I/build/guitar/src/Guitar-1.4.0/filetype -I. -I/build/guitar/src/Guitar-1.4.0/filetype/file-gcc -I/build/guitar/src/Guitar-1.4.0/filetype/file -I/usr/lib/qt6/mkspecs/linux-g++ -o magic.o /build/guitar/src/Guitar-1.4.0/filetype/file/src/magic.c
gcc -c -pipe -include config.h -include stdint.h -g -fPIC -Wall -Wextra -DONIG_STATIC=1 -DHAVE_CONFIG_H=1 -I/build/guitar/src/Guitar-1.4.0/filetype -I. -I/build/guitar/src/Guitar-1.4.0/filetype/file-gcc -I/build/guitar/src/Guitar-1.4.0/filetype/file -I/usr/lib/qt6/mkspecs/linux-g++ -o print.o /build/guitar/src/Guitar-1.4.0/filetype/file/src/print.c
gcc -c -pipe -include config.h -include stdint.h -g -fPIC -Wall -Wextra -DONIG_STATIC=1 -DHAVE_CONFIG_H=1 -I/build/guitar/src/Guitar-1.4.0/filetype -I. -I/build/guitar/src/Guitar-1.4.0/filetype/file-gcc -I/build/guitar/src/Guitar-1.4.0/filetype/file -I/usr/lib/qt6/mkspecs/linux-g++ -o readcdf.o /build/guitar/src/Guitar-1.4.0/filetype/file/src/readcdf.c
gcc -c -pipe -include config.h -include stdint.h -g -fPIC -Wall -Wextra -DONIG_STATIC=1 -DHAVE_CONFIG_H=1 -I/build/guitar/src/Guitar-1.4.0/filetype -I. -I/build/guitar/src/Guitar-1.4.0/filetype/file-gcc -I/build/guitar/src/Guitar-1.4.0/filetype/file -I/usr/lib/qt6/mkspecs/linux-g++ -o readelf.o /build/guitar/src/Guitar-1.4.0/filetype/file/src/readelf.c
gcc -c -pipe -include config.h -include stdint.h -g -fPIC -Wall -Wextra -DONIG_STATIC=1 -DHAVE_CONFIG_H=1 -I/build/guitar/src/Guitar-1.4.0/filetype -I. -I/build/guitar/src/Guitar-1.4.0/filetype/file-gcc -I/build/guitar/src/Guitar-1.4.0/filetype/file -I/usr/lib/qt6/mkspecs/linux-g++ -o seccomp.o /build/guitar/src/Guitar-1.4.0/filetype/file/src/seccomp.c
gcc -c -pipe -include config.h -include stdint.h -g -fPIC -Wall -Wextra -DONIG_STATIC=1 -DHAVE_CONFIG_H=1 -I/build/guitar/src/Guitar-1.4.0/filetype -I. -I/build/guitar/src/Guitar-1.4.0/filetype/file-gcc -I/build/guitar/src/Guitar-1.4.0/filetype/file -I/usr/lib/qt6/mkspecs/linux-g++ -o softmagic.o /build/guitar/src/Guitar-1.4.0/filetype/file/src/softmagic.c
gcc -c -pipe -include config.h -include stdint.h -g -fPIC -Wall -Wextra -DONIG_STATIC=1 -DHAVE_CONFIG_H=1 -I/build/guitar/src/Guitar-1.4.0/filetype -I. -I/build/guitar/src/Guitar-1.4.0/filetype/file-gcc -I/build/guitar/src/Guitar-1.4.0/filetype/file -I/usr/lib/qt6/mkspecs/linux-g++ -o strcasestr.o /build/guitar/src/Guitar-1.4.0/filetype/file/src/strcasestr.c
gcc -c -pipe -include config.h -include stdint.h -g -fPIC -Wall -Wextra -DONIG_STATIC=1 -DHAVE_CONFIG_H=1 -I/build/guitar/src/Guitar-1.4.0/filetype -I. -I/build/guitar/src/Guitar-1.4.0/filetype/file-gcc -I/build/guitar/src/Guitar-1.4.0/filetype/file -I/usr/lib/qt6/mkspecs/linux-g++ -o swap.o /build/guitar/src/Guitar-1.4.0/filetype/file/src/swap.c
gcc -c -pipe -include config.h -include stdint.h -g -fPIC -Wall -Wextra -DONIG_STATIC=1 -DHAVE_CONFIG_H=1 -I/build/guitar/src/Guitar-1.4.0/filetype -I. -I/build/guitar/src/Guitar-1.4.0/filetype/file-gcc -I/build/guitar/src/Guitar-1.4.0/filetype/file -I/usr/lib/qt6/mkspecs/linux-g++ -o vasprintf.o /build/guitar/src/Guitar-1.4.0/filetype/file/src/vasprintf.c
gcc -c -pipe -include config.h -include stdint.h -g -fPIC -Wall -Wextra -DONIG_STATIC=1 -DHAVE_CONFIG_H=1 -I/build/guitar/src/Guitar-1.4.0/filetype -I. -I/build/guitar/src/Guitar-1.4.0/filetype/file-gcc -I/build/guitar/src/Guitar-1.4.0/filetype/file -I/usr/lib/qt6/mkspecs/linux-g++ -o pread.o /build/guitar/src/Guitar-1.4.0/filetype/file/src/pread.c
gcc -c -pipe -include config.h -include stdint.h -g -fPIC -Wall -Wextra -DONIG_STATIC=1 -DHAVE_CONFIG_H=1 -I/build/guitar/src/Guitar-1.4.0/filetype -I. -I/build/guitar/src/Guitar-1.4.0/filetype/file-gcc -I/build/guitar/src/Guitar-1.4.0/filetype/file -I/usr/lib/qt6/mkspecs/linux-g++ -o strlcat.o /build/guitar/src/Guitar-1.4.0/filetype/file/src/strlcat.c
gcc -c -pipe -include config.h -include stdint.h -g -fPIC -Wall -Wextra -DONIG_STATIC=1 -DHAVE_CONFIG_H=1 -I/build/guitar/src/Guitar-1.4.0/filetype -I. -I/build/guitar/src/Guitar-1.4.0/filetype/file-gcc -I/build/guitar/src/Guitar-1.4.0/filetype/file -I/usr/lib/qt6/mkspecs/linux-g++ -o strlcpy.o /build/guitar/src/Guitar-1.4.0/filetype/file/src/strlcpy.c
rm -f /build/guitar/src/Guitar-1.4.0/filetype/lib/libfiled.a
ar cqs /build/guitar/src/Guitar-1.4.0/filetype/lib/libfiled.a apprentice.o apptype.o ascmagic.o asctime_r.o asprintf.o buffer.o cdf.o cdf_time.o compress.o ctime_r.o der.o dprintf.o encoding.o fmtcheck.o fsmagic.o funcs.o getline.o gmtime_r.o is_csv.o is_json.o is_simh.o is_tar.o localtime_r.o magic.o print.o readcdf.o readelf.o seccomp.o softmagic.o strcasestr.o swap.o vasprintf.o pread.o strlcat.o strlcpy.o
~/guitar/src/Guitar-1.4.0/filetype
--- liboniguruma release
~/guitar/src/Guitar-1.4.0/filetype/_build ~/guitar/src/Guitar-1.4.0/filetype
Info: creating stash file /build/guitar/src/Guitar-1.4.0/filetype/_build/.qmake.stash
gcc -c -pipe -march=x86-64 -mtune=generic -O2 -pipe -fno-plt -fexceptions -Wp,-D_FORTIFY_SOURCE=3 -Wformat -Werror=format-security -fstack-clash-protection -fcf-protection -fno-omit-frame-pointer -mno-omit-leaf-frame-pointer -g -ffile-prefix-map=/build/guitar/src=/usr/src/debug/guitar -flto=auto -fPIC -Wall -Wextra -DONIG_STATIC=1 -DUSE_POSIX_API=1 -DHAVE_CONFIG_H=1 -I/build/guitar/src/Guitar-1.4.0/filetype -I. -I/usr/lib/qt6/mkspecs/linux-g++ -o ascii.o /build/guitar/src/Guitar-1.4.0/filetype/oniguruma/src/ascii.c
gcc -c -pipe -march=x86-64 -mtune=generic -O2 -pipe -fno-plt -fexceptions -Wp,-D_FORTIFY_SOURCE=3 -Wformat -Werror=format-security -fstack-clash-protection -fcf-protection -fno-omit-frame-pointer -mno-omit-leaf-frame-pointer -g -ffile-prefix-map=/build/guitar/src=/usr/src/debug/guitar -flto=auto -fPIC -Wall -Wextra -DONIG_STATIC=1 -DUSE_POSIX_API=1 -DHAVE_CONFIG_H=1 -I/build/guitar/src/Guitar-1.4.0/filetype -I. -I/usr/lib/qt6/mkspecs/linux-g++ -o big5.o /build/guitar/src/Guitar-1.4.0/filetype/oniguruma/src/big5.c
gcc -c -pipe -march=x86-64 -mtune=generic -O2 -pipe -fno-plt -fexceptions -Wp,-D_FORTIFY_SOURCE=3 -Wformat -Werror=format-security -fstack-clash-protection -fcf-protection -fno-omit-frame-pointer -mno-omit-leaf-frame-pointer -g -ffile-prefix-map=/build/guitar/src=/usr/src/debug/guitar -flto=auto -fPIC -Wall -Wextra -DONIG_STATIC=1 -DUSE_POSIX_API=1 -DHAVE_CONFIG_H=1 -I/build/guitar/src/Guitar-1.4.0/filetype -I. -I/usr/lib/qt6/mkspecs/linux-g++ -o cp1251.o /build/guitar/src/Guitar-1.4.0/filetype/oniguruma/src/cp1251.c
gcc -c -pipe -march=x86-64 -mtune=generic -O2 -pipe -fno-plt -fexceptions -Wp,-D_FORTIFY_SOURCE=3 -Wformat -Werror=format-security -fstack-clash-protection -fcf-protection -fno-omit-frame-pointer -mno-omit-leaf-frame-pointer -g -ffile-prefix-map=/build/guitar/src=/usr/src/debug/guitar -flto=auto -fPIC -Wall -Wextra -DONIG_STATIC=1 -DUSE_POSIX_API=1 -DHAVE_CONFIG_H=1 -I/build/guitar/src/Guitar-1.4.0/filetype -I. -I/usr/lib/qt6/mkspecs/linux-g++ -o euc_jp.o /build/guitar/src/Guitar-1.4.0/filetype/oniguruma/src/euc_jp.c
gcc -c -pipe -march=x86-64 -mtune=generic -O2 -pipe -fno-plt -fexceptions -Wp,-D_FORTIFY_SOURCE=3 -Wformat -Werror=format-security -fstack-clash-protection -fcf-protection -fno-omit-frame-pointer -mno-omit-leaf-frame-pointer -g -ffile-prefix-map=/build/guitar/src=/usr/src/debug/guitar -flto=auto -fPIC -Wall -Wextra -DONIG_STATIC=1 -DUSE_POSIX_API=1 -DHAVE_CONFIG_H=1 -I/build/guitar/src/Guitar-1.4.0/filetype -I. -I/usr/lib/qt6/mkspecs/linux-g++ -o euc_jp_prop.o /build/guitar/src/Guitar-1.4.0/filetype/oniguruma/src/euc_jp_prop.c
gcc -c -pipe -march=x86-64 -mtune=generic -O2 -pipe -fno-plt -fexceptions -Wp,-D_FORTIFY_SOURCE=3 -Wformat -Werror=format-security -fstack-clash-protection -fcf-protection -fno-omit-frame-pointer -mno-omit-leaf-frame-pointer -g -ffile-prefix-map=/build/guitar/src=/usr/src/debug/guitar -flto=auto -fPIC -Wall -Wextra -DONIG_STATIC=1 -DUSE_POSIX_API=1 -DHAVE_CONFIG_H=1 -I/build/guitar/src/Guitar-1.4.0/filetype -I. -I/usr/lib/qt6/mkspecs/linux-g++ -o euc_kr.o /build/guitar/src/Guitar-1.4.0/filetype/oniguruma/src/euc_kr.c
gcc -c -pipe -march=x86-64 -mtune=generic -O2 -pipe -fno-plt -fexceptions -Wp,-D_FORTIFY_SOURCE=3 -Wformat -Werror=format-security -fstack-clash-protection -fcf-protection -fno-omit-frame-pointer -mno-omit-leaf-frame-pointer -g -ffile-prefix-map=/build/guitar/src=/usr/src/debug/guitar -flto=auto -fPIC -Wall -Wextra -DONIG_STATIC=1 -DUSE_POSIX_API=1 -DHAVE_CONFIG_H=1 -I/build/guitar/src/Guitar-1.4.0/filetype -I. -I/usr/lib/qt6/mkspecs/linux-g++ -o euc_tw.o /build/guitar/src/Guitar-1.4.0/filetype/oniguruma/src/euc_tw.c
gcc -c -pipe -march=x86-64 -mtune=generic -O2 -pipe -fno-plt -fexceptions -Wp,-D_FORTIFY_SOURCE=3 -Wformat -Werror=format-security -fstack-clash-protection -fcf-protection -fno-omit-frame-pointer -mno-omit-leaf-frame-pointer -g -ffile-prefix-map=/build/guitar/src=/usr/src/debug/guitar -flto=auto -fPIC -Wall -Wextra -DONIG_STATIC=1 -DUSE_POSIX_API=1 -DHAVE_CONFIG_H=1 -I/build/guitar/src/Guitar-1.4.0/filetype -I. -I/usr/lib/qt6/mkspecs/linux-g++ -o gb18030.o /build/guitar/src/Guitar-1.4.0/filetype/oniguruma/src/gb18030.c
gcc -c -pipe -march=x86-64 -mtune=generic -O2 -pipe -fno-plt -fexceptions -Wp,-D_FORTIFY_SOURCE=3 -Wformat -Werror=format-security -fstack-clash-protection -fcf-protection -fno-omit-frame-pointer -mno-omit-leaf-frame-pointer -g -ffile-prefix-map=/build/guitar/src=/usr/src/debug/guitar -flto=auto -fPIC -Wall -Wextra -DONIG_STATIC=1 -DUSE_POSIX_API=1 -DHAVE_CONFIG_H=1 -I/build/guitar/src/Guitar-1.4.0/filetype -I. -I/usr/lib/qt6/mkspecs/linux-g++ -o iso8859_1.o /build/guitar/src/Guitar-1.4.0/filetype/oniguruma/src/iso8859_1.c
gcc -c -pipe -march=x86-64 -mtune=generic -O2 -pipe -fno-plt -fexceptions -Wp,-D_FORTIFY_SOURCE=3 -Wformat -Werror=format-security -fstack-clash-protection -fcf-protection -fno-omit-frame-pointer -mno-omit-leaf-frame-pointer -g -ffile-prefix-map=/build/guitar/src=/usr/src/debug/guitar -flto=auto -fPIC -Wall -Wextra -DONIG_STATIC=1 -DUSE_POSIX_API=1 -DHAVE_CONFIG_H=1 -I/build/guitar/src/Guitar-1.4.0/filetype -I. -I/usr/lib/qt6/mkspecs/linux-g++ -o iso8859_10.o /build/guitar/src/Guitar-1.4.0/filetype/oniguruma/src/iso8859_10.c
gcc -c -pipe -march=x86-64 -mtune=generic -O2 -pipe -fno-plt -fexceptions -Wp,-D_FORTIFY_SOURCE=3 -Wformat -Werror=format-security -fstack-clash-protection -fcf-protection -fno-omit-frame-pointer -mno-omit-leaf-frame-pointer -g -ffile-prefix-map=/build/guitar/src=/usr/src/debug/guitar -flto=auto -fPIC -Wall -Wextra -DONIG_STATIC=1 -DUSE_POSIX_API=1 -DHAVE_CONFIG_H=1 -I/build/guitar/src/Guitar-1.4.0/filetype -I. -I/usr/lib/qt6/mkspecs/linux-g++ -o iso8859_11.o /build/guitar/src/Guitar-1.4.0/filetype/oniguruma/src/iso8859_11.c
gcc -c -pipe -march=x86-64 -mtune=generic -O2 -pipe -fno-plt -fexceptions -Wp,-D_FORTIFY_SOURCE=3 -Wformat -Werror=format-security -fstack-clash-protection -fcf-protection -fno-omit-frame-pointer -mno-omit-leaf-frame-pointer -g -ffile-prefix-map=/build/guitar/src=/usr/src/debug/guitar -flto=auto -fPIC -Wall -Wextra -DONIG_STATIC=1 -DUSE_POSIX_API=1 -DHAVE_CONFIG_H=1 -I/build/guitar/src/Guitar-1.4.0/filetype -I. -I/usr/lib/qt6/mkspecs/linux-g++ -o iso8859_13.o /build/guitar/src/Guitar-1.4.0/filetype/oniguruma/src/iso8859_13.c
gcc -c -pipe -march=x86-64 -mtune=generic -O2 -pipe -fno-plt -fexceptions -Wp,-D_FORTIFY_SOURCE=3 -Wformat -Werror=format-security -fstack-clash-protection -fcf-protection -fno-omit-frame-pointer -mno-omit-leaf-frame-pointer -g -ffile-prefix-map=/build/guitar/src=/usr/src/debug/guitar -flto=auto -fPIC -Wall -Wextra -DONIG_STATIC=1 -DUSE_POSIX_API=1 -DHAVE_CONFIG_H=1 -I/build/guitar/src/Guitar-1.4.0/filetype -I. -I/usr/lib/qt6/mkspecs/linux-g++ -o iso8859_14.o /build/guitar/src/Guitar-1.4.0/filetype/oniguruma/src/iso8859_14.c
gcc -c -pipe -march=x86-64 -mtune=generic -O2 -pipe -fno-plt -fexceptions -Wp,-D_FORTIFY_SOURCE=3 -Wformat -Werror=format-security -fstack-clash-protection -fcf-protection -fno-omit-frame-pointer -mno-omit-leaf-frame-pointer -g -ffile-prefix-map=/build/guitar/src=/usr/src/debug/guitar -flto=auto -fPIC -Wall -Wextra -DONIG_STATIC=1 -DUSE_POSIX_API=1 -DHAVE_CONFIG_H=1 -I/build/guitar/src/Guitar-1.4.0/filetype -I. -I/usr/lib/qt6/mkspecs/linux-g++ -o iso8859_15.o /build/guitar/src/Guitar-1.4.0/filetype/oniguruma/src/iso8859_15.c
gcc -c -pipe -march=x86-64 -mtune=generic -O2 -pipe -fno-plt -fexceptions -Wp,-D_FORTIFY_SOURCE=3 -Wformat -Werror=format-security -fstack-clash-protection -fcf-protection -fno-omit-frame-pointer -mno-omit-leaf-frame-pointer -g -ffile-prefix-map=/build/guitar/src=/usr/src/debug/guitar -flto=auto -fPIC -Wall -Wextra -DONIG_STATIC=1 -DUSE_POSIX_API=1 -DHAVE_CONFIG_H=1 -I/build/guitar/src/Guitar-1.4.0/filetype -I. -I/usr/lib/qt6/mkspecs/linux-g++ -o iso8859_16.o /build/guitar/src/Guitar-1.4.0/filetype/oniguruma/src/iso8859_16.c
gcc -c -pipe -march=x86-64 -mtune=generic -O2 -pipe -fno-plt -fexceptions -Wp,-D_FORTIFY_SOURCE=3 -Wformat -Werror=format-security -fstack-clash-protection -fcf-protection -fno-omit-frame-pointer -mno-omit-leaf-frame-pointer -g -ffile-prefix-map=/build/guitar/src=/usr/src/debug/guitar -flto=auto -fPIC -Wall -Wextra -DONIG_STATIC=1 -DUSE_POSIX_API=1 -DHAVE_CONFIG_H=1 -I/build/guitar/src/Guitar-1.4.0/filetype -I. -I/usr/lib/qt6/mkspecs/linux-g++ -o iso8859_2.o /build/guitar/src/Guitar-1.4.0/filetype/oniguruma/src/iso8859_2.c
gcc -c -pipe -march=x86-64 -mtune=generic -O2 -pipe -fno-plt -fexceptions -Wp,-D_FORTIFY_SOURCE=3 -Wformat -Werror=format-security -fstack-clash-protection -fcf-protection -fno-omit-frame-pointer -mno-omit-leaf-frame-pointer -g -ffile-prefix-map=/build/guitar/src=/usr/src/debug/guitar -flto=auto -fPIC -Wall -Wextra -DONIG_STATIC=1 -DUSE_POSIX_API=1 -DHAVE_CONFIG_H=1 -I/build/guitar/src/Guitar-1.4.0/filetype -I. -I/usr/lib/qt6/mkspecs/linux-g++ -o iso8859_3.o /build/guitar/src/Guitar-1.4.0/filetype/oniguruma/src/iso8859_3.c
gcc -c -pipe -march=x86-64 -mtune=generic -O2 -pipe -fno-plt -fexceptions -Wp,-D_FORTIFY_SOURCE=3 -Wformat -Werror=format-security -fstack-clash-protection -fcf-protection -fno-omit-frame-pointer -mno-omit-leaf-frame-pointer -g -ffile-prefix-map=/build/guitar/src=/usr/src/debug/guitar -flto=auto -fPIC -Wall -Wextra -DONIG_STATIC=1 -DUSE_POSIX_API=1 -DHAVE_CONFIG_H=1 -I/build/guitar/src/Guitar-1.4.0/filetype -I. -I/usr/lib/qt6/mkspecs/linux-g++ -o iso8859_4.o /build/guitar/src/Guitar-1.4.0/filetype/oniguruma/src/iso8859_4.c
gcc -c -pipe -march=x86-64 -mtune=generic -O2 -pipe -fno-plt -fexceptions -Wp,-D_FORTIFY_SOURCE=3 -Wformat -Werror=format-security -fstack-clash-protection -fcf-protection -fno-omit-frame-pointer -mno-omit-leaf-frame-pointer -g -ffile-prefix-map=/build/guitar/src=/usr/src/debug/guitar -flto=auto -fPIC -Wall -Wextra -DONIG_STATIC=1 -DUSE_POSIX_API=1 -DHAVE_CONFIG_H=1 -I/build/guitar/src/Guitar-1.4.0/filetype -I. -I/usr/lib/qt6/mkspecs/linux-g++ -o iso8859_5.o /build/guitar/src/Guitar-1.4.0/filetype/oniguruma/src/iso8859_5.c
/build/guitar/src/Guitar-1.4.0/filetype/oniguruma/src/euc_jp.c: In function ‘property_name_to_ctype’:
/build/guitar/src/Guitar-1.4.0/filetype/oniguruma/src/euc_jp.c:232:11: warning: comparison of integer expressions of different signedness: ‘int’ and ‘long unsigned int’ [-Wsign-compare]
  232 |   if (len < sizeof(q) - 1) {
      |           ^
/build/guitar/src/Guitar-1.4.0/filetype/oniguruma/src/euc_jp.c:226:37: warning: unused parameter ‘enc’ [-Wunused-parameter]
  226 | property_name_to_ctype(OnigEncoding enc, UChar* p, UChar* end)
      |                        ~~~~~~~~~~~~~^~~
gcc -c -pipe -march=x86-64 -mtune=generic -O2 -pipe -fno-plt -fexceptions -Wp,-D_FORTIFY_SOURCE=3 -Wformat -Werror=format-security -fstack-clash-protection -fcf-protection -fno-omit-frame-pointer -mno-omit-leaf-frame-pointer -g -ffile-prefix-map=/build/guitar/src=/usr/src/debug/guitar -flto=auto -fPIC -Wall -Wextra -DONIG_STATIC=1 -DUSE_POSIX_API=1 -DHAVE_CONFIG_H=1 -I/build/guitar/src/Guitar-1.4.0/filetype -I. -I/usr/lib/qt6/mkspecs/linux-g++ -o iso8859_6.o /build/guitar/src/Guitar-1.4.0/filetype/oniguruma/src/iso8859_6.c
gcc -c -pipe -march=x86-64 -mtune=generic -O2 -pipe -fno-plt -fexceptions -Wp,-D_FORTIFY_SOURCE=3 -Wformat -Werror=format-security -fstack-clash-protection -fcf-protection -fno-omit-frame-pointer -mno-omit-leaf-frame-pointer -g -ffile-prefix-map=/build/guitar/src=/usr/src/debug/guitar -flto=auto -fPIC -Wall -Wextra -DONIG_STATIC=1 -DUSE_POSIX_API=1 -DHAVE_CONFIG_H=1 -I/build/guitar/src/Guitar-1.4.0/filetype -I. -I/usr/lib/qt6/mkspecs/linux-g++ -o iso8859_7.o /build/guitar/src/Guitar-1.4.0/filetype/oniguruma/src/iso8859_7.c
gcc -c -pipe -march=x86-64 -mtune=generic -O2 -pipe -fno-plt -fexceptions -Wp,-D_FORTIFY_SOURCE=3 -Wformat -Werror=format-security -fstack-clash-protection -fcf-protection -fno-omit-frame-pointer -mno-omit-leaf-frame-pointer -g -ffile-prefix-map=/build/guitar/src=/usr/src/debug/guitar -flto=auto -fPIC -Wall -Wextra -DONIG_STATIC=1 -DUSE_POSIX_API=1 -DHAVE_CONFIG_H=1 -I/build/guitar/src/Guitar-1.4.0/filetype -I. -I/usr/lib/qt6/mkspecs/linux-g++ -o iso8859_8.o /build/guitar/src/Guitar-1.4.0/filetype/oniguruma/src/iso8859_8.c
gcc -c -pipe -march=x86-64 -mtune=generic -O2 -pipe -fno-plt -fexceptions -Wp,-D_FORTIFY_SOURCE=3 -Wformat -Werror=format-security -fstack-clash-protection -fcf-protection -fno-omit-frame-pointer -mno-omit-leaf-frame-pointer -g -ffile-prefix-map=/build/guitar/src=/usr/src/debug/guitar -flto=auto -fPIC -Wall -Wextra -DONIG_STATIC=1 -DUSE_POSIX_API=1 -DHAVE_CONFIG_H=1 -I/build/guitar/src/Guitar-1.4.0/filetype -I. -I/usr/lib/qt6/mkspecs/linux-g++ -o iso8859_9.o /build/guitar/src/Guitar-1.4.0/filetype/oniguruma/src/iso8859_9.c
gcc -c -pipe -march=x86-64 -mtune=generic -O2 -pipe -fno-plt -fexceptions -Wp,-D_FORTIFY_SOURCE=3 -Wformat -Werror=format-security -fstack-clash-protection -fcf-protection -fno-omit-frame-pointer -mno-omit-leaf-frame-pointer -g -ffile-prefix-map=/build/guitar/src=/usr/src/debug/guitar -flto=auto -fPIC -Wall -Wextra -DONIG_STATIC=1 -DUSE_POSIX_API=1 -DHAVE_CONFIG_H=1 -I/build/guitar/src/Guitar-1.4.0/filetype -I. -I/usr/lib/qt6/mkspecs/linux-g++ -o koi8.o /build/guitar/src/Guitar-1.4.0/filetype/oniguruma/src/koi8.c
gcc -c -pipe -march=x86-64 -mtune=generic -O2 -pipe -fno-plt -fexceptions -Wp,-D_FORTIFY_SOURCE=3 -Wformat -Werror=format-security -fstack-clash-protection -fcf-protection -fno-omit-frame-pointer -mno-omit-leaf-frame-pointer -g -ffile-prefix-map=/build/guitar/src=/usr/src/debug/guitar -flto=auto -fPIC -Wall -Wextra -DONIG_STATIC=1 -DUSE_POSIX_API=1 -DHAVE_CONFIG_H=1 -I/build/guitar/src/Guitar-1.4.0/filetype -I. -I/usr/lib/qt6/mkspecs/linux-g++ -o koi8_r.o /build/guitar/src/Guitar-1.4.0/filetype/oniguruma/src/koi8_r.c
gcc -c -pipe -march=x86-64 -mtune=generic -O2 -pipe -fno-plt -fexceptions -Wp,-D_FORTIFY_SOURCE=3 -Wformat -Werror=format-security -fstack-clash-protection -fcf-protection -fno-omit-frame-pointer -mno-omit-leaf-frame-pointer -g -ffile-prefix-map=/build/guitar/src=/usr/src/debug/guitar -flto=auto -fPIC -Wall -Wextra -DONIG_STATIC=1 -DUSE_POSIX_API=1 -DHAVE_CONFIG_H=1 -I/build/guitar/src/Guitar-1.4.0/filetype -I. -I/usr/lib/qt6/mkspecs/linux-g++ -o onig_init.o /build/guitar/src/Guitar-1.4.0/filetype/oniguruma/src/onig_init.c
gcc -c -pipe -march=x86-64 -mtune=generic -O2 -pipe -fno-plt -fexceptions -Wp,-D_FORTIFY_SOURCE=3 -Wformat -Werror=format-security -fstack-clash-protection -fcf-protection -fno-omit-frame-pointer -mno-omit-leaf-frame-pointer -g -ffile-prefix-map=/build/guitar/src=/usr/src/debug/guitar -flto=auto -fPIC -Wall -Wextra -DONIG_STATIC=1 -DUSE_POSIX_API=1 -DHAVE_CONFIG_H=1 -I/build/guitar/src/Guitar-1.4.0/filetype -I. -I/usr/lib/qt6/mkspecs/linux-g++ -o regcomp.o /build/guitar/src/Guitar-1.4.0/filetype/oniguruma/src/regcomp.c
gcc -c -pipe -march=x86-64 -mtune=generic -O2 -pipe -fno-plt -fexceptions -Wp,-D_FORTIFY_SOURCE=3 -Wformat -Werror=format-security -fstack-clash-protection -fcf-protection -fno-omit-frame-pointer -mno-omit-leaf-frame-pointer -g -ffile-prefix-map=/build/guitar/src=/usr/src/debug/guitar -flto=auto -fPIC -Wall -Wextra -DONIG_STATIC=1 -DUSE_POSIX_API=1 -DHAVE_CONFIG_H=1 -I/build/guitar/src/Guitar-1.4.0/filetype -I. -I/usr/lib/qt6/mkspecs/linux-g++ -o regenc.o /build/guitar/src/Guitar-1.4.0/filetype/oniguruma/src/regenc.c
gcc -c -pipe -march=x86-64 -mtune=generic -O2 -pipe -fno-plt -fexceptions -Wp,-D_FORTIFY_SOURCE=3 -Wformat -Werror=format-security -fstack-clash-protection -fcf-protection -fno-omit-frame-pointer -mno-omit-leaf-frame-pointer -g -ffile-prefix-map=/build/guitar/src=/usr/src/debug/guitar -flto=auto -fPIC -Wall -Wextra -DONIG_STATIC=1 -DUSE_POSIX_API=1 -DHAVE_CONFIG_H=1 -I/build/guitar/src/Guitar-1.4.0/filetype -I. -I/usr/lib/qt6/mkspecs/linux-g++ -o regerror.o /build/guitar/src/Guitar-1.4.0/filetype/oniguruma/src/regerror.c
gcc -c -pipe -march=x86-64 -mtune=generic -O2 -pipe -fno-plt -fexceptions -Wp,-D_FORTIFY_SOURCE=3 -Wformat -Werror=format-security -fstack-clash-protection -fcf-protection -fno-omit-frame-pointer -mno-omit-leaf-frame-pointer -g -ffile-prefix-map=/build/guitar/src=/usr/src/debug/guitar -flto=auto -fPIC -Wall -Wextra -DONIG_STATIC=1 -DUSE_POSIX_API=1 -DHAVE_CONFIG_H=1 -I/build/guitar/src/Guitar-1.4.0/filetype -I. -I/usr/lib/qt6/mkspecs/linux-g++ -o regexec.o /build/guitar/src/Guitar-1.4.0/filetype/oniguruma/src/regexec.c
gcc -c -pipe -march=x86-64 -mtune=generic -O2 -pipe -fno-plt -fexceptions -Wp,-D_FORTIFY_SOURCE=3 -Wformat -Werror=format-security -fstack-clash-protection -fcf-protection -fno-omit-frame-pointer -mno-omit-leaf-frame-pointer -g -ffile-prefix-map=/build/guitar/src=/usr/src/debug/guitar -flto=auto -fPIC -Wall -Wextra -DONIG_STATIC=1 -DUSE_POSIX_API=1 -DHAVE_CONFIG_H=1 -I/build/guitar/src/Guitar-1.4.0/filetype -I. -I/usr/lib/qt6/mkspecs/linux-g++ -o regext.o /build/guitar/src/Guitar-1.4.0/filetype/oniguruma/src/regext.c
gcc -c -pipe -march=x86-64 -mtune=generic -O2 -pipe -fno-plt -fexceptions -Wp,-D_FORTIFY_SOURCE=3 -Wformat -Werror=format-security -fstack-clash-protection -fcf-protection -fno-omit-frame-pointer -mno-omit-leaf-frame-pointer -g -ffile-prefix-map=/build/guitar/src=/usr/src/debug/guitar -flto=auto -fPIC -Wall -Wextra -DONIG_STATIC=1 -DUSE_POSIX_API=1 -DHAVE_CONFIG_H=1 -I/build/guitar/src/Guitar-1.4.0/filetype -I. -I/usr/lib/qt6/mkspecs/linux-g++ -o reggnu.o /build/guitar/src/Guitar-1.4.0/filetype/oniguruma/src/reggnu.c
gcc -c -pipe -march=x86-64 -mtune=generic -O2 -pipe -fno-plt -fexceptions -Wp,-D_FORTIFY_SOURCE=3 -Wformat -Werror=format-security -fstack-clash-protection -fcf-protection -fno-omit-frame-pointer -mno-omit-leaf-frame-pointer -g -ffile-prefix-map=/build/guitar/src=/usr/src/debug/guitar -flto=auto -fPIC -Wall -Wextra -DONIG_STATIC=1 -DUSE_POSIX_API=1 -DHAVE_CONFIG_H=1 -I/build/guitar/src/Guitar-1.4.0/filetype -I. -I/usr/lib/qt6/mkspecs/linux-g++ -o regparse.o /build/guitar/src/Guitar-1.4.0/filetype/oniguruma/src/regparse.c
gcc -c -pipe -march=x86-64 -mtune=generic -O2 -pipe -fno-plt -fexceptions -Wp,-D_FORTIFY_SOURCE=3 -Wformat -Werror=format-security -fstack-clash-protection -fcf-protection -fno-omit-frame-pointer -mno-omit-leaf-frame-pointer -g -ffile-prefix-map=/build/guitar/src=/usr/src/debug/guitar -flto=auto -fPIC -Wall -Wextra -DONIG_STATIC=1 -DUSE_POSIX_API=1 -DHAVE_CONFIG_H=1 -I/build/guitar/src/Guitar-1.4.0/filetype -I. -I/usr/lib/qt6/mkspecs/linux-g++ -o regposerr.o /build/guitar/src/Guitar-1.4.0/filetype/oniguruma/src/regposerr.c
gcc -c -pipe -march=x86-64 -mtune=generic -O2 -pipe -fno-plt -fexceptions -Wp,-D_FORTIFY_SOURCE=3 -Wformat -Werror=format-security -fstack-clash-protection -fcf-protection -fno-omit-frame-pointer -mno-omit-leaf-frame-pointer -g -ffile-prefix-map=/build/guitar/src=/usr/src/debug/guitar -flto=auto -fPIC -Wall -Wextra -DONIG_STATIC=1 -DUSE_POSIX_API=1 -DHAVE_CONFIG_H=1 -I/build/guitar/src/Guitar-1.4.0/filetype -I. -I/usr/lib/qt6/mkspecs/linux-g++ -o regposix.o /build/guitar/src/Guitar-1.4.0/filetype/oniguruma/src/regposix.c
/build/guitar/src/Guitar-1.4.0/filetype/oniguruma/src/regcomp.c: In function ‘ops_resize’:
/build/guitar/src/Guitar-1.4.0/filetype/oniguruma/src/regcomp.c:91:9: warning: comparison of integer expressions of different signedness: ‘int’ and ‘unsigned int’ [-Wsign-compare]
   91 |   if (n == reg->ops_alloc) return ONIG_NORMAL;
      |         ^~
/build/guitar/src/Guitar-1.4.0/filetype/oniguruma/src/regcomp.c: In function ‘add_compile_string_length’:
gcc -c -pipe -march=x86-64 -mtune=generic -O2 -pipe -fno-plt -fexceptions -Wp,-D_FORTIFY_SOURCE=3 -Wformat -Werror=format-security -fstack-clash-protection -fcf-protection -fno-omit-frame-pointer -mno-omit-leaf-frame-pointer -g -ffile-prefix-map=/build/guitar/src=/usr/src/debug/guitar -flto=auto -fPIC -Wall -Wextra -DONIG_STATIC=1 -DUSE_POSIX_API=1 -DHAVE_CONFIG_H=1 -I/build/guitar/src/Guitar-1.4.0/filetype -I. -I/usr/lib/qt6/mkspecs/linux-g++ -o regsyntax.o /build/guitar/src/Guitar-1.4.0/filetype/oniguruma/src/regsyntax.c
/build/guitar/src/Guitar-1.4.0/filetype/oniguruma/src/regcomp.c:1040:52: warning: unused parameter ‘mb_len’ [-Wunused-parameter]
 1040 | add_compile_string_length(UChar* s ARG_UNUSED, int mb_len, int str_len,
      |                                                ~~~~^~~~~~
/build/guitar/src/Guitar-1.4.0/filetype/oniguruma/src/regcomp.c:1040:64: warning: unused parameter ‘str_len’ [-Wunused-parameter]
 1040 | add_compile_string_length(UChar* s ARG_UNUSED, int mb_len, int str_len,
      |                                                            ~~~~^~~~~~~
/build/guitar/src/Guitar-1.4.0/filetype/oniguruma/src/regcomp.c: In function ‘set_multi_byte_cclass’:
/build/guitar/src/Guitar-1.4.0/filetype/oniguruma/src/regcomp.c:1181:44: warning: unused parameter ‘reg’ [-Wunused-parameter]
 1181 | set_multi_byte_cclass(BBuf* mbuf, regex_t* reg)
      |                                   ~~~~~~~~~^~~
/build/guitar/src/Guitar-1.4.0/filetype/oniguruma/src/regcomp.c: In function ‘compile_length_cclass_node’:
/build/guitar/src/Guitar-1.4.0/filetype/oniguruma/src/regcomp.c:1195:40: warning: unused parameter ‘cc’ [-Wunused-parameter]
 1195 | compile_length_cclass_node(CClassNode* cc, regex_t* reg)
      |                            ~~~~~~~~~~~~^~
/build/guitar/src/Guitar-1.4.0/filetype/oniguruma/src/regcomp.c:1195:53: warning: unused parameter ‘reg’ [-Wunused-parameter]
 1195 | compile_length_cclass_node(CClassNode* cc, regex_t* reg)
      |                                            ~~~~~~~~~^~~
/build/guitar/src/Guitar-1.4.0/filetype/oniguruma/src/regcomp.c: In function ‘compile_range_repeat_node’:
/build/guitar/src/Guitar-1.4.0/filetype/oniguruma/src/regcomp.c:1285:62: warning: unused parameter ‘emptiness’ [-Wunused-parameter]
 1285 | compile_range_repeat_node(QuantNode* qn, int target_len, int emptiness,
      |                                                          ~~~~^~~~~~~~~
gcc -c -pipe -march=x86-64 -mtune=generic -O2 -pipe -fno-plt -fexceptions -Wp,-D_FORTIFY_SOURCE=3 -Wformat -Werror=format-security -fstack-clash-protection -fcf-protection -fno-omit-frame-pointer -mno-omit-leaf-frame-pointer -g -ffile-prefix-map=/build/guitar/src=/usr/src/debug/guitar -flto=auto -fPIC -Wall -Wextra -DONIG_STATIC=1 -DUSE_POSIX_API=1 -DHAVE_CONFIG_H=1 -I/build/guitar/src/Guitar-1.4.0/filetype -I. -I/usr/lib/qt6/mkspecs/linux-g++ -o regtrav.o /build/guitar/src/Guitar-1.4.0/filetype/oniguruma/src/regtrav.c
/build/guitar/src/Guitar-1.4.0/filetype/oniguruma/src/regcomp.c: In function ‘compile_length_gimmick_node’:
/build/guitar/src/Guitar-1.4.0/filetype/oniguruma/src/regcomp.c:2437:57: warning: unused parameter ‘reg’ [-Wunused-parameter]
 2437 | compile_length_gimmick_node(GimmickNode* node, regex_t* reg)
      |                                                ~~~~~~~~~^~~
gcc -c -pipe -march=x86-64 -mtune=generic -O2 -pipe -fno-plt -fexceptions -Wp,-D_FORTIFY_SOURCE=3 -Wformat -Werror=format-security -fstack-clash-protection -fcf-protection -fno-omit-frame-pointer -mno-omit-leaf-frame-pointer -g -ffile-prefix-map=/build/guitar/src=/usr/src/debug/guitar -flto=auto -fPIC -Wall -Wextra -DONIG_STATIC=1 -DUSE_POSIX_API=1 -DHAVE_CONFIG_H=1 -I/build/guitar/src/Guitar-1.4.0/filetype -I. -I/usr/lib/qt6/mkspecs/linux-g++ -o regversion.o /build/guitar/src/Guitar-1.4.0/filetype/oniguruma/src/regversion.c
/build/guitar/src/Guitar-1.4.0/filetype/oniguruma/src/regexec.c: In function ‘onig_set_time_limit_of_match_param’:
/build/guitar/src/Guitar-1.4.0/filetype/oniguruma/src/regexec.c:239:52: warning: unused parameter ‘param’ [-Wunused-parameter]
  239 | onig_set_time_limit_of_match_param(OnigMatchParam* param,
      |                                    ~~~~~~~~~~~~~~~~^~~~~
/build/guitar/src/Guitar-1.4.0/filetype/oniguruma/src/regexec.c:240:20: warning: unused parameter ‘limit’ [-Wunused-parameter]
  240 |      unsigned long limit /* msec. */)
      |      ~~~~~~~~~~~~~~^~~~~
/build/guitar/src/Guitar-1.4.0/filetype/oniguruma/src/regexec.c: In function ‘onig_set_time_limit’:
/build/guitar/src/Guitar-1.4.0/filetype/oniguruma/src/regexec.c:1642:35: warning: unused parameter ‘n’ [-Wunused-parameter]
 1642 | onig_set_time_limit(unsigned long n)
      |                     ~~~~~~~~~~~~~~^
/build/guitar/src/Guitar-1.4.0/filetype/oniguruma/src/regcomp.c: In function ‘alt_reduce_in_look_behind’:
/build/guitar/src/Guitar-1.4.0/filetype/oniguruma/src/regcomp.c:4578:48: warning: unused parameter ‘reg’ [-Wunused-parameter]
 4578 | alt_reduce_in_look_behind(Node* node, regex_t* reg, ParseEnv* env)
      |                                       ~~~~~~~~~^~~
/build/guitar/src/Guitar-1.4.0/filetype/oniguruma/src/regexec.c: In function ‘onig_get_callout_data_dont_clear_old’:
/build/guitar/src/Guitar-1.4.0/filetype/oniguruma/src/regexec.c:1790:47: warning: unused parameter ‘reg’ [-Wunused-parameter]
 1790 | onig_get_callout_data_dont_clear_old(regex_t* reg, OnigMatchParam* mp,
      |                                      ~~~~~~~~~^~~
/build/guitar/src/Guitar-1.4.0/filetype/oniguruma/src/regexec.c: In function ‘onig_get_callout_data’:
/build/guitar/src/Guitar-1.4.0/filetype/oniguruma/src/regexec.c:1829:32: warning: unused parameter ‘reg’ [-Wunused-parameter]
 1829 | onig_get_callout_data(regex_t* reg, OnigMatchParam* mp,
      |                       ~~~~~~~~~^~~
/build/guitar/src/Guitar-1.4.0/filetype/oniguruma/src/regexec.c: In function ‘onig_set_callout_data’:
/build/guitar/src/Guitar-1.4.0/filetype/oniguruma/src/regexec.c:1882:32: warning: unused parameter ‘reg’ [-Wunused-parameter]
 1882 | onig_set_callout_data(regex_t* reg, OnigMatchParam* mp,
      |                       ~~~~~~~~~^~~
/build/guitar/src/Guitar-1.4.0/filetype/oniguruma/src/regcomp.c:4578:63: warning: unused parameter ‘env’ [-Wunused-parameter]
 4578 | alt_reduce_in_look_behind(Node* node, regex_t* reg, ParseEnv* env)
      |                                                     ~~~~~~~~~~^~~
/build/guitar/src/Guitar-1.4.0/filetype/oniguruma/src/regexec.c: In function ‘backref_check_at_nested_level’:
/build/guitar/src/Guitar-1.4.0/filetype/oniguruma/src/regcomp.c: In function ‘unravel_cf_string_alt_or_cc_add’:
/build/guitar/src/Guitar-1.4.0/filetype/oniguruma/src/regcomp.c:4862:30: warning: unused parameter ‘case_fold_flag’ [-Wunused-parameter]
 4862 |             OnigCaseFoldType case_fold_flag, UChar* s, UChar* end)
      |             ~~~~~~~~~~~~~~~~~^~~~~~~~~~~~~~
/build/guitar/src/Guitar-1.4.0/filetype/oniguruma/src/regcomp.c: In function ‘unravel_cf_look_behind_add’:
/build/guitar/src/Guitar-1.4.0/filetype/oniguruma/src/regcomp.c:4925:24: warning: comparison of integer expressions of different signedness: ‘int’ and ‘OnigLen’ {aka ‘unsigned int’} [-Wsign-compare]
 4925 |     if (item->byte_len == one_len) {
      |                        ^~
/build/guitar/src/Guitar-1.4.0/filetype/oniguruma/src/regcomp.c:4944:26: warning: comparison of integer expressions of different signedness: ‘int’ and ‘OnigLen’ {aka ‘unsigned int’} [-Wsign-compare]
 4944 |       if (item->byte_len == one_len) {
      |                          ^~
/build/guitar/src/Guitar-1.4.0/filetype/oniguruma/src/regcomp.c: In function ‘unravel_case_fold_string’:
/build/guitar/src/Guitar-1.4.0/filetype/oniguruma/src/regcomp.c:5004:31: warning: comparison of integer expressions of different signedness: ‘int’ and ‘OnigLen’ {aka ‘unsigned int’} [-Wsign-compare]
 5004 |         if (items[0].byte_len != one_len) {
      |                               ^~
/build/guitar/src/Guitar-1.4.0/filetype/oniguruma/src/regexec.c:2843:40: warning: unused parameter ‘reg’ [-Wunused-parameter]
 2843 | backref_check_at_nested_level(regex_t* reg,
      |                               ~~~~~~~~~^~~
/build/guitar/src/Guitar-1.4.0/filetype/oniguruma/src/regcomp.c: In function ‘check_call_reference’:
/build/guitar/src/Guitar-1.4.0/filetype/oniguruma/src/regcomp.c:5146:55: warning: unused parameter ‘state’ [-Wunused-parameter]
 5146 | check_call_reference(CallNode* cn, ParseEnv* env, int state)
      |                                                   ~~~~^~~~~
/build/guitar/src/Guitar-1.4.0/filetype/oniguruma/src/regexec.c: In function ‘match_at’:
/build/guitar/src/Guitar-1.4.0/filetype/oniguruma/src/regexec.c:3235:19: warning: comparison of integer expressions of different signedness: ‘int’ and ‘unsigned int’ [-Wsign-compare]
 3235 |     for (i = 0; i < reg->ops_used; i++) {
      |                   ^
gcc -c -pipe -march=x86-64 -mtune=generic -O2 -pipe -fno-plt -fexceptions -Wp,-D_FORTIFY_SOURCE=3 -Wformat -Werror=format-security -fstack-clash-protection -fcf-protection -fno-omit-frame-pointer -mno-omit-leaf-frame-pointer -g -ffile-prefix-map=/build/guitar/src=/usr/src/debug/guitar -flto=auto -fPIC -Wall -Wextra -DONIG_STATIC=1 -DUSE_POSIX_API=1 -DHAVE_CONFIG_H=1 -I/build/guitar/src/Guitar-1.4.0/filetype -I. -I/usr/lib/qt6/mkspecs/linux-g++ -o sjis.o /build/guitar/src/Guitar-1.4.0/filetype/oniguruma/src/sjis.c
gcc -c -pipe -march=x86-64 -mtune=generic -O2 -pipe -fno-plt -fexceptions -Wp,-D_FORTIFY_SOURCE=3 -Wformat -Werror=format-security -fstack-clash-protection -fcf-protection -fno-omit-frame-pointer -mno-omit-leaf-frame-pointer -g -ffile-prefix-map=/build/guitar/src=/usr/src/debug/guitar -flto=auto -fPIC -Wall -Wextra -DONIG_STATIC=1 -DUSE_POSIX_API=1 -DHAVE_CONFIG_H=1 -I/build/guitar/src/Guitar-1.4.0/filetype -I. -I/usr/lib/qt6/mkspecs/linux-g++ -o sjis_prop.o /build/guitar/src/Guitar-1.4.0/filetype/oniguruma/src/sjis_prop.c
gcc -c -pipe -march=x86-64 -mtune=generic -O2 -pipe -fno-plt -fexceptions -Wp,-D_FORTIFY_SOURCE=3 -Wformat -Werror=format-security -fstack-clash-protection -fcf-protection -fno-omit-frame-pointer -mno-omit-leaf-frame-pointer -g -ffile-prefix-map=/build/guitar/src=/usr/src/debug/guitar -flto=auto -fPIC -Wall -Wextra -DONIG_STATIC=1 -DUSE_POSIX_API=1 -DHAVE_CONFIG_H=1 -I/build/guitar/src/Guitar-1.4.0/filetype -I. -I/usr/lib/qt6/mkspecs/linux-g++ -o st.o /build/guitar/src/Guitar-1.4.0/filetype/oniguruma/src/st.c
/build/guitar/src/Guitar-1.4.0/filetype/oniguruma/src/regexec.c:4426:36: warning: comparison of integer expressions of different signedness: ‘long unsigned int’ and ‘int’ [-Wsign-compare]
 4426 |       if (subexp_call_nest_counter == SubexpCallMaxNestLevel)
      |                                    ^~
/build/guitar/src/Guitar-1.4.0/filetype/oniguruma/src/regexec.c:4497:16: warning: comparison of integer expressions of different signedness: ‘LengthType’ {aka ‘int’} and ‘unsigned int’ [-Wsign-compare]
 4497 |       if (tlen != INFINITE_LEN) tlen--;
      |                ^~
/build/guitar/src/Guitar-1.4.0/filetype/oniguruma/src/regcomp.c: In function ‘reduce_string_list’:
/build/guitar/src/Guitar-1.4.0/filetype/oniguruma/src/regcomp.c:4446:8: warning: this statement may fall through [-Wimplicit-fallthrough=]
 4446 |     if (IS_NULL(ND_BODY(node)))
      |        ^
/build/guitar/src/Guitar-1.4.0/filetype/oniguruma/src/regcomp.c:4449:3: note: here
 4449 |   case ND_QUANT:
      |   ^~~~
/build/guitar/src/Guitar-1.4.0/filetype/oniguruma/src/regparse.c: In function ‘node_new_no_newline’:
/build/guitar/src/Guitar-1.4.0/filetype/oniguruma/src/regparse.c:2413:44: warning: unused parameter ‘env’ [-Wunused-parameter]
 2413 | node_new_no_newline(Node** node, ParseEnv* env)
      |                                  ~~~~~~~~~~^~~
/build/guitar/src/Guitar-1.4.0/filetype/oniguruma/src/regcomp.c: In function ‘numbered_ref_check’:
/build/guitar/src/Guitar-1.4.0/filetype/oniguruma/src/regcomp.c:2927:8: warning: this statement may fall through [-Wimplicit-fallthrough=]
 2927 |     if (IS_NULL(ND_BODY(node)))
      |        ^
/build/guitar/src/Guitar-1.4.0/filetype/oniguruma/src/regcomp.c:2930:3: note: here
 2930 |   case ND_QUANT:
      |   ^~~~
/build/guitar/src/Guitar-1.4.0/filetype/oniguruma/src/regcomp.c: In function ‘check_backrefs’:
/build/guitar/src/Guitar-1.4.0/filetype/oniguruma/src/regcomp.c:3758:8: warning: this statement may fall through [-Wimplicit-fallthrough=]
 3758 |     if (! ANCHOR_HAS_BODY(ANCHOR_(node))) {
      |        ^
/build/guitar/src/Guitar-1.4.0/filetype/oniguruma/src/regcomp.c:3763:3: note: here
 3763 |   case ND_QUANT:
      |   ^~~~
/build/guitar/src/Guitar-1.4.0/filetype/oniguruma/src/regparse.c: In function ‘node_new_fail’:
/build/guitar/src/Guitar-1.4.0/filetype/oniguruma/src/regcomp.c: In function ‘recursive_call_check’:
/build/guitar/src/Guitar-1.4.0/filetype/oniguruma/src/regcomp.c:4212:8: warning: this statement may fall through [-Wimplicit-fallthrough=]
 4212 |     if (! ANCHOR_HAS_BODY(ANCHOR_(node))) {
      |        ^
/build/guitar/src/Guitar-1.4.0/filetype/oniguruma/src/regcomp.c:4217:3: note: here
 4217 |   case ND_QUANT:
      |   ^~~~
/build/guitar/src/Guitar-1.4.0/filetype/oniguruma/src/regcomp.c: In function ‘infinite_recursive_call_check_trav’:
/build/guitar/src/Guitar-1.4.0/filetype/oniguruma/src/regcomp.c:4147:8: warning: this statement may fall through [-Wimplicit-fallthrough=]
 4147 |     if (! ANCHOR_HAS_BODY(ANCHOR_(node))) {
      |        ^
/build/guitar/src/Guitar-1.4.0/filetype/oniguruma/src/regcomp.c:4152:3: note: here
 4152 |   case ND_QUANT:
      |   ^~~~
/build/guitar/src/Guitar-1.4.0/filetype/oniguruma/src/regparse.c:2769:38: warning: unused parameter ‘env’ [-Wunused-parameter]
 2769 | node_new_fail(Node** node, ParseEnv* env)
      |                            ~~~~~~~~~~^~~
/build/guitar/src/Guitar-1.4.0/filetype/oniguruma/src/regcomp.c: In function ‘infinite_recursive_call_check’:
/build/guitar/src/Guitar-1.4.0/filetype/oniguruma/src/regcomp.c:4069:8: warning: this statement may fall through [-Wimplicit-fallthrough=]
 4069 |     if (! ANCHOR_HAS_BODY(ANCHOR_(node)))
      |        ^
/build/guitar/src/Guitar-1.4.0/filetype/oniguruma/src/regparse.c: In function ‘node_new_update_var_gimmick’:
/build/guitar/src/Guitar-1.4.0/filetype/oniguruma/src/regparse.c:2804:47: warning: unused parameter ‘env’ [-Wunused-parameter]
 2804 |                             int id, ParseEnv* env)
      |                                     ~~~~~~~~~~^~~
/build/guitar/src/Guitar-1.4.0/filetype/oniguruma/src/regcomp.c:4072:3: note: here
 4072 |   case ND_CALL:
      |   ^~~~
/build/guitar/src/Guitar-1.4.0/filetype/oniguruma/src/regparse.c: In function ‘node_new_callout’:
/build/guitar/src/Guitar-1.4.0/filetype/oniguruma/src/regparse.c:2924:28: warning: unused parameter ‘env’ [-Wunused-parameter]
 2924 |                  ParseEnv* env)
      |                  ~~~~~~~~~~^~~
/build/guitar/src/Guitar-1.4.0/filetype/oniguruma/src/regexec.c: In function ‘regset_search_body_position_lead’:
/build/guitar/src/Guitar-1.4.0/filetype/oniguruma/src/regexec.c:4755:27: warning: unused parameter ‘option’ [-Wunused-parameter]
 4755 |            OnigOptionType option, MatchArg* msas, int* rmatch_pos)
      |            ~~~~~~~~~~~~~~~^~~~~~
/build/guitar/src/Guitar-1.4.0/filetype/oniguruma/src/regcomp.c: In function ‘tune_called_state’:
/build/guitar/src/Guitar-1.4.0/filetype/oniguruma/src/regcomp.c:5566:28: warning: this statement may fall through [-Wimplicit-fallthrough=]
 5566 |         en->m.called_state |= state;
      |         ~~~~~~~~~~~~~~~~~~~^~~~~~~~
/build/guitar/src/Guitar-1.4.0/filetype/oniguruma/src/regcomp.c:5568:7: note: here
 5568 |       case BAG_OPTION:
      |       ^~~~
/build/guitar/src/Guitar-1.4.0/filetype/oniguruma/src/regcomp.c:5538:11: warning: this statement may fall through [-Wimplicit-fallthrough=]
 5538 |     state |= IN_ALT;
      |           ^
/build/guitar/src/Guitar-1.4.0/filetype/oniguruma/src/regcomp.c:5540:3: note: here
 5540 |   case ND_LIST:
      |   ^~~~
/build/guitar/src/Guitar-1.4.0/filetype/oniguruma/src/regcomp.c: In function ‘tune_called_state_call’:
/build/guitar/src/Guitar-1.4.0/filetype/oniguruma/src/regcomp.c:5442:11: warning: this statement may fall through [-Wimplicit-fallthrough=]
 5442 |     state |= IN_ALT;
      |           ^
/build/guitar/src/Guitar-1.4.0/filetype/oniguruma/src/regcomp.c:5444:3: note: here
 5444 |   case ND_LIST:
      |   ^~~~
/build/guitar/src/Guitar-1.4.0/filetype/oniguruma/src/regcomp.c: In function ‘get_tree_head_literal’:
/build/guitar/src/Guitar-1.4.0/filetype/oniguruma/src/regcomp.c:3250:8: warning: this statement may fall through [-Wimplicit-fallthrough=]
 3250 |     if (CTYPE_(node)->ctype == CTYPE_ANYCHAR)
      |        ^
/build/guitar/src/Guitar-1.4.0/filetype/oniguruma/src/regcomp.c:3253:3: note: here
 3253 |   case ND_CCLASS:
      |   ^~~~
gcc -c -pipe -march=x86-64 -mtune=generic -O2 -pipe -fno-plt -fexceptions -Wp,-D_FORTIFY_SOURCE=3 -Wformat -Werror=format-security -fstack-clash-protection -fcf-protection -fno-omit-frame-pointer -mno-omit-leaf-frame-pointer -g -ffile-prefix-map=/build/guitar/src=/usr/src/debug/guitar -flto=auto -fPIC -Wall -Wextra -DONIG_STATIC=1 -DUSE_POSIX_API=1 -DHAVE_CONFIG_H=1 -I/build/guitar/src/Guitar-1.4.0/filetype -I. -I/usr/lib/qt6/mkspecs/linux-g++ -o unicode.o /build/guitar/src/Guitar-1.4.0/filetype/oniguruma/src/unicode.c
/build/guitar/src/Guitar-1.4.0/filetype/oniguruma/src/regcomp.c: In function ‘get_tree_tail_literal’:
/build/guitar/src/Guitar-1.4.0/filetype/oniguruma/src/regcomp.c:3354:8: warning: this statement may fall through [-Wimplicit-fallthrough=]
 3354 |     if (CTYPE_(node)->ctype == CTYPE_ANYCHAR) {
      |        ^
/build/guitar/src/Guitar-1.4.0/filetype/oniguruma/src/regcomp.c:3359:3: note: here
 3359 |   case ND_CCLASS:
      |   ^~~~
/build/guitar/src/Guitar-1.4.0/filetype/oniguruma/src/regparse.c: In function ‘add_code_range_to_buf’:
/build/guitar/src/Guitar-1.4.0/filetype/oniguruma/src/regparse.c:3962:45: warning: operand of ‘?:’ changes signedness from ‘int’ to ‘OnigCodePoint’ {aka ‘unsigned int’} due to unsignedness of other operand [-Wsign-compare]
 3962 |   high = (to == ~((OnigCodePoint )0)) ? n : low;
      |                                             ^~~
/build/guitar/src/Guitar-1.4.0/filetype/oniguruma/src/regexec.c: In function ‘onig_builtin_monitor’:
/build/guitar/src/Guitar-1.4.0/filetype/oniguruma/src/regexec.c:6908:51: warning: unused parameter ‘user_data’ [-Wunused-parameter]
 6908 | onig_builtin_monitor(OnigCalloutArgs* args, void* user_data)
      |                                             ~~~~~~^~~~~~~~~
gcc -c -pipe -march=x86-64 -mtune=generic -O2 -pipe -fno-plt -fexceptions -Wp,-D_FORTIFY_SOURCE=3 -Wformat -Werror=format-security -fstack-clash-protection -fcf-protection -fno-omit-frame-pointer -mno-omit-leaf-frame-pointer -g -ffile-prefix-map=/build/guitar/src=/usr/src/debug/guitar -flto=auto -fPIC -Wall -Wextra -DONIG_STATIC=1 -DUSE_POSIX_API=1 -DHAVE_CONFIG_H=1 -I/build/guitar/src/Guitar-1.4.0/filetype -I. -I/usr/lib/qt6/mkspecs/linux-g++ -o unicode_fold1_key.o /build/guitar/src/Guitar-1.4.0/filetype/oniguruma/src/unicode_fold1_key.c
/build/guitar/src/Guitar-1.4.0/filetype/oniguruma/src/regcomp.c: In function ‘mostly_just_anychar’:
/build/guitar/src/Guitar-1.4.0/filetype/oniguruma/src/regcomp.c:7997:8: warning: this statement may fall through [-Wimplicit-fallthrough=]
 7997 |     if (ND_STRING_LEN(node) == 0) {
      |        ^
/build/guitar/src/Guitar-1.4.0/filetype/oniguruma/src/regcomp.c:8002:3: note: here
 8002 |   case ND_CCLASS:
      |   ^~~~
gcc -c -pipe -march=x86-64 -mtune=generic -O2 -pipe -fno-plt -fexceptions -Wp,-D_FORTIFY_SOURCE=3 -Wformat -Werror=format-security -fstack-clash-protection -fcf-protection -fno-omit-frame-pointer -mno-omit-leaf-frame-pointer -g -ffile-prefix-map=/build/guitar/src=/usr/src/debug/guitar -flto=auto -fPIC -Wall -Wextra -DONIG_STATIC=1 -DUSE_POSIX_API=1 -DHAVE_CONFIG_H=1 -I/build/guitar/src/Guitar-1.4.0/filetype -I. -I/usr/lib/qt6/mkspecs/linux-g++ -o unicode_fold2_key.o /build/guitar/src/Guitar-1.4.0/filetype/oniguruma/src/unicode_fold2_key.c
/build/guitar/src/Guitar-1.4.0/filetype/oniguruma/src/sjis.c: In function ‘property_name_to_ctype’:
/build/guitar/src/Guitar-1.4.0/filetype/oniguruma/src/sjis.c:237:11: warning: comparison of integer expressions of different signedness: ‘int’ and ‘long unsigned int’ [-Wsign-compare]
  237 |   if (len < sizeof(q) - 1) {
      |           ^
/build/guitar/src/Guitar-1.4.0/filetype/oniguruma/src/sjis.c:231:37: warning: unused parameter ‘enc’ [-Wunused-parameter]
  231 | property_name_to_ctype(OnigEncoding enc, UChar* p, UChar* end)
      |                        ~~~~~~~~~~~~~^~~
gcc -c -pipe -march=x86-64 -mtune=generic -O2 -pipe -fno-plt -fexceptions -Wp,-D_FORTIFY_SOURCE=3 -Wformat -Werror=format-security -fstack-clash-protection -fcf-protection -fno-omit-frame-pointer -mno-omit-leaf-frame-pointer -g -ffile-prefix-map=/build/guitar/src=/usr/src/debug/guitar -flto=auto -fPIC -Wall -Wextra -DONIG_STATIC=1 -DUSE_POSIX_API=1 -DHAVE_CONFIG_H=1 -I/build/guitar/src/Guitar-1.4.0/filetype -I. -I/usr/lib/qt6/mkspecs/linux-g++ -o unicode_fold3_key.o /build/guitar/src/Guitar-1.4.0/filetype/oniguruma/src/unicode_fold3_key.c
/build/guitar/src/Guitar-1.4.0/filetype/oniguruma/src/regparse.c: In function ‘prs_callout_of_contents’:
/build/guitar/src/Guitar-1.4.0/filetype/oniguruma/src/regparse.c:7422:9: warning: comparison of integer expressions of different signedness: ‘OnigCodePoint’ {aka ‘unsigned int’} and ‘int’ [-Wsign-compare]
 7422 |   if (c != cterm)
      |         ^~
/build/guitar/src/Guitar-1.4.0/filetype/oniguruma/src/regparse.c: In function ‘prs_callout_args’:
/build/guitar/src/Guitar-1.4.0/filetype/oniguruma/src/regparse.c:7559:28: warning: comparison of integer expressions of different signedness: ‘OnigCodePoint’ {aka ‘unsigned int’} and ‘int’ [-Wsign-compare]
 7559 |         if (c == '\\' || c == cterm || c == ',') {
      |                            ^~
/build/guitar/src/Guitar-1.4.0/filetype/oniguruma/src/regparse.c:7573:20: warning: comparison of integer expressions of different signedness: ‘OnigCodePoint’ {aka ‘unsigned int’} and ‘int’ [-Wsign-compare]
 7573 |         else if (c == cterm || c == ',')
      |                    ^~
/build/guitar/src/Guitar-1.4.0/filetype/oniguruma/src/regparse.c:7666:11: warning: comparison of integer expressions of different signedness: ‘OnigCodePoint’ {aka ‘unsigned int’} and ‘int’ [-Wsign-compare]
 7666 |     if (c == cterm) break;
      |           ^~
/build/guitar/src/Guitar-1.4.0/filetype/oniguruma/src/regparse.c:7669:9: warning: comparison of integer expressions of different signedness: ‘OnigCodePoint’ {aka ‘unsigned int’} and ‘int’ [-Wsign-compare]
 7669 |   if (c != cterm) {
      |         ^~
/build/guitar/src/Guitar-1.4.0/filetype/oniguruma/src/regparse.c: In function ‘prs_callout_of_name’:
/build/guitar/src/Guitar-1.4.0/filetype/oniguruma/src/regparse.c:7719:11: warning: comparison of integer expressions of different signedness: ‘OnigCodePoint’ {aka ‘unsigned int’} and ‘int’ [-Wsign-compare]
 7719 |     if (c == cterm || c == '[' || c == '{') break;
      |           ^~
/build/guitar/src/Guitar-1.4.0/filetype/oniguruma/src/regparse.c:7795:9: warning: comparison of integer expressions of different signedness: ‘OnigCodePoint’ {aka ‘unsigned int’} and ‘int’ [-Wsign-compare]
 7795 |   if (c != cterm) {
      |         ^~
gcc -c -pipe -march=x86-64 -mtune=generic -O2 -pipe -fno-plt -fexceptions -Wp,-D_FORTIFY_SOURCE=3 -Wformat -Werror=format-security -fstack-clash-protection -fcf-protection -fno-omit-frame-pointer -mno-omit-leaf-frame-pointer -g -ffile-prefix-map=/build/guitar/src=/usr/src/debug/guitar -flto=auto -fPIC -Wall -Wextra -DONIG_STATIC=1 -DUSE_POSIX_API=1 -DHAVE_CONFIG_H=1 -I/build/guitar/src/Guitar-1.4.0/filetype -I. -I/usr/lib/qt6/mkspecs/linux-g++ -o unicode_unfold_key.o /build/guitar/src/Guitar-1.4.0/filetype/oniguruma/src/unicode_unfold_key.c
gcc -c -pipe -march=x86-64 -mtune=generic -O2 -pipe -fno-plt -fexceptions -Wp,-D_FORTIFY_SOURCE=3 -Wformat -Werror=format-security -fstack-clash-protection -fcf-protection -fno-omit-frame-pointer -mno-omit-leaf-frame-pointer -g -ffile-prefix-map=/build/guitar/src=/usr/src/debug/guitar -flto=auto -fPIC -Wall -Wextra -DONIG_STATIC=1 -DUSE_POSIX_API=1 -DHAVE_CONFIG_H=1 -I/build/guitar/src/Guitar-1.4.0/filetype -I. -I/usr/lib/qt6/mkspecs/linux-g++ -o utf16_be.o /build/guitar/src/Guitar-1.4.0/filetype/oniguruma/src/utf16_be.c
gcc -c -pipe -march=x86-64 -mtune=generic -O2 -pipe -fno-plt -fexceptions -Wp,-D_FORTIFY_SOURCE=3 -Wformat -Werror=format-security -fstack-clash-protection -fcf-protection -fno-omit-frame-pointer -mno-omit-leaf-frame-pointer -g -ffile-prefix-map=/build/guitar/src=/usr/src/debug/guitar -flto=auto -fPIC -Wall -Wextra -DONIG_STATIC=1 -DUSE_POSIX_API=1 -DHAVE_CONFIG_H=1 -I/build/guitar/src/Guitar-1.4.0/filetype -I. -I/usr/lib/qt6/mkspecs/linux-g++ -o utf16_le.o /build/guitar/src/Guitar-1.4.0/filetype/oniguruma/src/utf16_le.c
gcc -c -pipe -march=x86-64 -mtune=generic -O2 -pipe -fno-plt -fexceptions -Wp,-D_FORTIFY_SOURCE=3 -Wformat -Werror=format-security -fstack-clash-protection -fcf-protection -fno-omit-frame-pointer -mno-omit-leaf-frame-pointer -g -ffile-prefix-map=/build/guitar/src=/usr/src/debug/guitar -flto=auto -fPIC -Wall -Wextra -DONIG_STATIC=1 -DUSE_POSIX_API=1 -DHAVE_CONFIG_H=1 -I/build/guitar/src/Guitar-1.4.0/filetype -I. -I/usr/lib/qt6/mkspecs/linux-g++ -o utf32_be.o /build/guitar/src/Guitar-1.4.0/filetype/oniguruma/src/utf32_be.c
gcc -c -pipe -march=x86-64 -mtune=generic -O2 -pipe -fno-plt -fexceptions -Wp,-D_FORTIFY_SOURCE=3 -Wformat -Werror=format-security -fstack-clash-protection -fcf-protection -fno-omit-frame-pointer -mno-omit-leaf-frame-pointer -g -ffile-prefix-map=/build/guitar/src=/usr/src/debug/guitar -flto=auto -fPIC -Wall -Wextra -DONIG_STATIC=1 -DUSE_POSIX_API=1 -DHAVE_CONFIG_H=1 -I/build/guitar/src/Guitar-1.4.0/filetype -I. -I/usr/lib/qt6/mkspecs/linux-g++ -o utf32_le.o /build/guitar/src/Guitar-1.4.0/filetype/oniguruma/src/utf32_le.c
gcc -c -pipe -march=x86-64 -mtune=generic -O2 -pipe -fno-plt -fexceptions -Wp,-D_FORTIFY_SOURCE=3 -Wformat -Werror=format-security -fstack-clash-protection -fcf-protection -fno-omit-frame-pointer -mno-omit-leaf-frame-pointer -g -ffile-prefix-map=/build/guitar/src=/usr/src/debug/guitar -flto=auto -fPIC -Wall -Wextra -DONIG_STATIC=1 -DUSE_POSIX_API=1 -DHAVE_CONFIG_H=1 -I/build/guitar/src/Guitar-1.4.0/filetype -I. -I/usr/lib/qt6/mkspecs/linux-g++ -o utf8.o /build/guitar/src/Guitar-1.4.0/filetype/oniguruma/src/utf8.c
/build/guitar/src/Guitar-1.4.0/filetype/oniguruma/src/regparse.c: In function ‘prs_bag’:
/build/guitar/src/Guitar-1.4.0/filetype/oniguruma/src/regparse.c:8316:10: warning: this statement may fall through [-Wimplicit-fallthrough=]
 8316 |       if (IS_SYNTAX_OP2(env->syntax, ONIG_SYN_OP2_QMARK_CAPITAL_P_NAME)) {
      |          ^
/build/guitar/src/Guitar-1.4.0/filetype/oniguruma/src/regparse.c:8324:5: note: here
 8324 |     case 'W': case 'D': case 'S':
      |     ^~~~
/build/guitar/src/Guitar-1.4.0/filetype/oniguruma/src/regparse.c:8326:10: warning: this statement may fall through [-Wimplicit-fallthrough=]
 8326 |       if (! IS_SYNTAX_OP2(env->syntax, ONIG_SYN_OP2_OPTION_ONIGURUMA))
      |          ^
/build/guitar/src/Guitar-1.4.0/filetype/oniguruma/src/regparse.c:8333:5: note: here
 8333 |     case 'a':
      |     ^~~~
rm -f /build/guitar/src/Guitar-1.4.0/filetype/lib/liboniguruma.a
ar cqs /build/guitar/src/Guitar-1.4.0/filetype/lib/liboniguruma.a ascii.o big5.o cp1251.o euc_jp.o euc_jp_prop.o euc_kr.o euc_tw.o gb18030.o iso8859_1.o iso8859_10.o iso8859_11.o iso8859_13.o iso8859_14.o iso8859_15.o iso8859_16.o iso8859_2.o iso8859_3.o iso8859_4.o iso8859_5.o iso8859_6.o iso8859_7.o iso8859_8.o iso8859_9.o koi8.o koi8_r.o onig_init.o regcomp.o regenc.o regerror.o regexec.o regext.o reggnu.o regparse.o regposerr.o regposix.o regsyntax.o regtrav.o regversion.o sjis.o sjis_prop.o st.o unicode.o unicode_fold1_key.o unicode_fold2_key.o unicode_fold3_key.o unicode_unfold_key.o utf16_be.o utf16_le.o utf32_be.o utf32_le.o utf8.o
~/guitar/src/Guitar-1.4.0/filetype
--- liboniguruma debug
~/guitar/src/Guitar-1.4.0/filetype/_build ~/guitar/src/Guitar-1.4.0/filetype
Info: creating stash file /build/guitar/src/Guitar-1.4.0/filetype/_build/.qmake.stash
gcc -c -pipe -g -fPIC -Wall -Wextra -DONIG_STATIC=1 -DUSE_POSIX_API=1 -DHAVE_CONFIG_H=1 -I/build/guitar/src/Guitar-1.4.0/filetype -I. -I/usr/lib/qt6/mkspecs/linux-g++ -o ascii.o /build/guitar/src/Guitar-1.4.0/filetype/oniguruma/src/ascii.c
gcc -c -pipe -g -fPIC -Wall -Wextra -DONIG_STATIC=1 -DUSE_POSIX_API=1 -DHAVE_CONFIG_H=1 -I/build/guitar/src/Guitar-1.4.0/filetype -I. -I/usr/lib/qt6/mkspecs/linux-g++ -o big5.o /build/guitar/src/Guitar-1.4.0/filetype/oniguruma/src/big5.c
gcc -c -pipe -g -fPIC -Wall -Wextra -DONIG_STATIC=1 -DUSE_POSIX_API=1 -DHAVE_CONFIG_H=1 -I/build/guitar/src/Guitar-1.4.0/filetype -I. -I/usr/lib/qt6/mkspecs/linux-g++ -o cp1251.o /build/guitar/src/Guitar-1.4.0/filetype/oniguruma/src/cp1251.c
gcc -c -pipe -g -fPIC -Wall -Wextra -DONIG_STATIC=1 -DUSE_POSIX_API=1 -DHAVE_CONFIG_H=1 -I/build/guitar/src/Guitar-1.4.0/filetype -I. -I/usr/lib/qt6/mkspecs/linux-g++ -o euc_jp.o /build/guitar/src/Guitar-1.4.0/filetype/oniguruma/src/euc_jp.c
gcc -c -pipe -g -fPIC -Wall -Wextra -DONIG_STATIC=1 -DUSE_POSIX_API=1 -DHAVE_CONFIG_H=1 -I/build/guitar/src/Guitar-1.4.0/filetype -I. -I/usr/lib/qt6/mkspecs/linux-g++ -o euc_jp_prop.o /build/guitar/src/Guitar-1.4.0/filetype/oniguruma/src/euc_jp_prop.c
gcc -c -pipe -g -fPIC -Wall -Wextra -DONIG_STATIC=1 -DUSE_POSIX_API=1 -DHAVE_CONFIG_H=1 -I/build/guitar/src/Guitar-1.4.0/filetype -I. -I/usr/lib/qt6/mkspecs/linux-g++ -o euc_kr.o /build/guitar/src/Guitar-1.4.0/filetype/oniguruma/src/euc_kr.c
gcc -c -pipe -g -fPIC -Wall -Wextra -DONIG_STATIC=1 -DUSE_POSIX_API=1 -DHAVE_CONFIG_H=1 -I/build/guitar/src/Guitar-1.4.0/filetype -I. -I/usr/lib/qt6/mkspecs/linux-g++ -o euc_tw.o /build/guitar/src/Guitar-1.4.0/filetype/oniguruma/src/euc_tw.c
gcc -c -pipe -g -fPIC -Wall -Wextra -DONIG_STATIC=1 -DUSE_POSIX_API=1 -DHAVE_CONFIG_H=1 -I/build/guitar/src/Guitar-1.4.0/filetype -I. -I/usr/lib/qt6/mkspecs/linux-g++ -o gb18030.o /build/guitar/src/Guitar-1.4.0/filetype/oniguruma/src/gb18030.c
gcc -c -pipe -g -fPIC -Wall -Wextra -DONIG_STATIC=1 -DUSE_POSIX_API=1 -DHAVE_CONFIG_H=1 -I/build/guitar/src/Guitar-1.4.0/filetype -I. -I/usr/lib/qt6/mkspecs/linux-g++ -o iso8859_1.o /build/guitar/src/Guitar-1.4.0/filetype/oniguruma/src/iso8859_1.c
gcc -c -pipe -g -fPIC -Wall -Wextra -DONIG_STATIC=1 -DUSE_POSIX_API=1 -DHAVE_CONFIG_H=1 -I/build/guitar/src/Guitar-1.4.0/filetype -I. -I/usr/lib/qt6/mkspecs/linux-g++ -o iso8859_10.o /build/guitar/src/Guitar-1.4.0/filetype/oniguruma/src/iso8859_10.c
gcc -c -pipe -g -fPIC -Wall -Wextra -DONIG_STATIC=1 -DUSE_POSIX_API=1 -DHAVE_CONFIG_H=1 -I/build/guitar/src/Guitar-1.4.0/filetype -I. -I/usr/lib/qt6/mkspecs/linux-g++ -o iso8859_11.o /build/guitar/src/Guitar-1.4.0/filetype/oniguruma/src/iso8859_11.c
/build/guitar/src/Guitar-1.4.0/filetype/oniguruma/src/euc_jp.c: In function ‘property_name_to_ctype’:
/build/guitar/src/Guitar-1.4.0/filetype/oniguruma/src/euc_jp.c:232:11: warning: comparison of integer expressions of different signedness: ‘int’ and ‘long unsigned int’ [-Wsign-compare]
  232 |   if (len < sizeof(q) - 1) {
      |           ^
/build/guitar/src/Guitar-1.4.0/filetype/oniguruma/src/euc_jp.c:226:37: warning: unused parameter ‘enc’ [-Wunused-parameter]
  226 | property_name_to_ctype(OnigEncoding enc, UChar* p, UChar* end)
      |                        ~~~~~~~~~~~~~^~~
gcc -c -pipe -g -fPIC -Wall -Wextra -DONIG_STATIC=1 -DUSE_POSIX_API=1 -DHAVE_CONFIG_H=1 -I/build/guitar/src/Guitar-1.4.0/filetype -I. -I/usr/lib/qt6/mkspecs/linux-g++ -o iso8859_13.o /build/guitar/src/Guitar-1.4.0/filetype/oniguruma/src/iso8859_13.c
gcc -c -pipe -g -fPIC -Wall -Wextra -DONIG_STATIC=1 -DUSE_POSIX_API=1 -DHAVE_CONFIG_H=1 -I/build/guitar/src/Guitar-1.4.0/filetype -I. -I/usr/lib/qt6/mkspecs/linux-g++ -o iso8859_14.o /build/guitar/src/Guitar-1.4.0/filetype/oniguruma/src/iso8859_14.c
gcc -c -pipe -g -fPIC -Wall -Wextra -DONIG_STATIC=1 -DUSE_POSIX_API=1 -DHAVE_CONFIG_H=1 -I/build/guitar/src/Guitar-1.4.0/filetype -I. -I/usr/lib/qt6/mkspecs/linux-g++ -o iso8859_15.o /build/guitar/src/Guitar-1.4.0/filetype/oniguruma/src/iso8859_15.c
gcc -c -pipe -g -fPIC -Wall -Wextra -DONIG_STATIC=1 -DUSE_POSIX_API=1 -DHAVE_CONFIG_H=1 -I/build/guitar/src/Guitar-1.4.0/filetype -I. -I/usr/lib/qt6/mkspecs/linux-g++ -o iso8859_16.o /build/guitar/src/Guitar-1.4.0/filetype/oniguruma/src/iso8859_16.c
gcc -c -pipe -g -fPIC -Wall -Wextra -DONIG_STATIC=1 -DUSE_POSIX_API=1 -DHAVE_CONFIG_H=1 -I/build/guitar/src/Guitar-1.4.0/filetype -I. -I/usr/lib/qt6/mkspecs/linux-g++ -o iso8859_2.o /build/guitar/src/Guitar-1.4.0/filetype/oniguruma/src/iso8859_2.c
gcc -c -pipe -g -fPIC -Wall -Wextra -DONIG_STATIC=1 -DUSE_POSIX_API=1 -DHAVE_CONFIG_H=1 -I/build/guitar/src/Guitar-1.4.0/filetype -I. -I/usr/lib/qt6/mkspecs/linux-g++ -o iso8859_3.o /build/guitar/src/Guitar-1.4.0/filetype/oniguruma/src/iso8859_3.c
gcc -c -pipe -g -fPIC -Wall -Wextra -DONIG_STATIC=1 -DUSE_POSIX_API=1 -DHAVE_CONFIG_H=1 -I/build/guitar/src/Guitar-1.4.0/filetype -I. -I/usr/lib/qt6/mkspecs/linux-g++ -o iso8859_4.o /build/guitar/src/Guitar-1.4.0/filetype/oniguruma/src/iso8859_4.c
gcc -c -pipe -g -fPIC -Wall -Wextra -DONIG_STATIC=1 -DUSE_POSIX_API=1 -DHAVE_CONFIG_H=1 -I/build/guitar/src/Guitar-1.4.0/filetype -I. -I/usr/lib/qt6/mkspecs/linux-g++ -o iso8859_5.o /build/guitar/src/Guitar-1.4.0/filetype/oniguruma/src/iso8859_5.c
gcc -c -pipe -g -fPIC -Wall -Wextra -DONIG_STATIC=1 -DUSE_POSIX_API=1 -DHAVE_CONFIG_H=1 -I/build/guitar/src/Guitar-1.4.0/filetype -I. -I/usr/lib/qt6/mkspecs/linux-g++ -o iso8859_6.o /build/guitar/src/Guitar-1.4.0/filetype/oniguruma/src/iso8859_6.c
gcc -c -pipe -g -fPIC -Wall -Wextra -DONIG_STATIC=1 -DUSE_POSIX_API=1 -DHAVE_CONFIG_H=1 -I/build/guitar/src/Guitar-1.4.0/filetype -I. -I/usr/lib/qt6/mkspecs/linux-g++ -o iso8859_7.o /build/guitar/src/Guitar-1.4.0/filetype/oniguruma/src/iso8859_7.c
gcc -c -pipe -g -fPIC -Wall -Wextra -DONIG_STATIC=1 -DUSE_POSIX_API=1 -DHAVE_CONFIG_H=1 -I/build/guitar/src/Guitar-1.4.0/filetype -I. -I/usr/lib/qt6/mkspecs/linux-g++ -o iso8859_8.o /build/guitar/src/Guitar-1.4.0/filetype/oniguruma/src/iso8859_8.c
gcc -c -pipe -g -fPIC -Wall -Wextra -DONIG_STATIC=1 -DUSE_POSIX_API=1 -DHAVE_CONFIG_H=1 -I/build/guitar/src/Guitar-1.4.0/filetype -I. -I/usr/lib/qt6/mkspecs/linux-g++ -o iso8859_9.o /build/guitar/src/Guitar-1.4.0/filetype/oniguruma/src/iso8859_9.c
gcc -c -pipe -g -fPIC -Wall -Wextra -DONIG_STATIC=1 -DUSE_POSIX_API=1 -DHAVE_CONFIG_H=1 -I/build/guitar/src/Guitar-1.4.0/filetype -I. -I/usr/lib/qt6/mkspecs/linux-g++ -o koi8.o /build/guitar/src/Guitar-1.4.0/filetype/oniguruma/src/koi8.c
gcc -c -pipe -g -fPIC -Wall -Wextra -DONIG_STATIC=1 -DUSE_POSIX_API=1 -DHAVE_CONFIG_H=1 -I/build/guitar/src/Guitar-1.4.0/filetype -I. -I/usr/lib/qt6/mkspecs/linux-g++ -o koi8_r.o /build/guitar/src/Guitar-1.4.0/filetype/oniguruma/src/koi8_r.c
gcc -c -pipe -g -fPIC -Wall -Wextra -DONIG_STATIC=1 -DUSE_POSIX_API=1 -DHAVE_CONFIG_H=1 -I/build/guitar/src/Guitar-1.4.0/filetype -I. -I/usr/lib/qt6/mkspecs/linux-g++ -o onig_init.o /build/guitar/src/Guitar-1.4.0/filetype/oniguruma/src/onig_init.c
gcc -c -pipe -g -fPIC -Wall -Wextra -DONIG_STATIC=1 -DUSE_POSIX_API=1 -DHAVE_CONFIG_H=1 -I/build/guitar/src/Guitar-1.4.0/filetype -I. -I/usr/lib/qt6/mkspecs/linux-g++ -o regcomp.o /build/guitar/src/Guitar-1.4.0/filetype/oniguruma/src/regcomp.c
gcc -c -pipe -g -fPIC -Wall -Wextra -DONIG_STATIC=1 -DUSE_POSIX_API=1 -DHAVE_CONFIG_H=1 -I/build/guitar/src/Guitar-1.4.0/filetype -I. -I/usr/lib/qt6/mkspecs/linux-g++ -o regenc.o /build/guitar/src/Guitar-1.4.0/filetype/oniguruma/src/regenc.c
gcc -c -pipe -g -fPIC -Wall -Wextra -DONIG_STATIC=1 -DUSE_POSIX_API=1 -DHAVE_CONFIG_H=1 -I/build/guitar/src/Guitar-1.4.0/filetype -I. -I/usr/lib/qt6/mkspecs/linux-g++ -o regerror.o /build/guitar/src/Guitar-1.4.0/filetype/oniguruma/src/regerror.c
gcc -c -pipe -g -fPIC -Wall -Wextra -DONIG_STATIC=1 -DUSE_POSIX_API=1 -DHAVE_CONFIG_H=1 -I/build/guitar/src/Guitar-1.4.0/filetype -I. -I/usr/lib/qt6/mkspecs/linux-g++ -o regexec.o /build/guitar/src/Guitar-1.4.0/filetype/oniguruma/src/regexec.c
gcc -c -pipe -g -fPIC -Wall -Wextra -DONIG_STATIC=1 -DUSE_POSIX_API=1 -DHAVE_CONFIG_H=1 -I/build/guitar/src/Guitar-1.4.0/filetype -I. -I/usr/lib/qt6/mkspecs/linux-g++ -o regext.o /build/guitar/src/Guitar-1.4.0/filetype/oniguruma/src/regext.c
gcc -c -pipe -g -fPIC -Wall -Wextra -DONIG_STATIC=1 -DUSE_POSIX_API=1 -DHAVE_CONFIG_H=1 -I/build/guitar/src/Guitar-1.4.0/filetype -I. -I/usr/lib/qt6/mkspecs/linux-g++ -o reggnu.o /build/guitar/src/Guitar-1.4.0/filetype/oniguruma/src/reggnu.c
gcc -c -pipe -g -fPIC -Wall -Wextra -DONIG_STATIC=1 -DUSE_POSIX_API=1 -DHAVE_CONFIG_H=1 -I/build/guitar/src/Guitar-1.4.0/filetype -I. -I/usr/lib/qt6/mkspecs/linux-g++ -o regparse.o /build/guitar/src/Guitar-1.4.0/filetype/oniguruma/src/regparse.c
gcc -c -pipe -g -fPIC -Wall -Wextra -DONIG_STATIC=1 -DUSE_POSIX_API=1 -DHAVE_CONFIG_H=1 -I/build/guitar/src/Guitar-1.4.0/filetype -I. -I/usr/lib/qt6/mkspecs/linux-g++ -o regposerr.o /build/guitar/src/Guitar-1.4.0/filetype/oniguruma/src/regposerr.c
/build/guitar/src/Guitar-1.4.0/filetype/oniguruma/src/regexec.c: In function ‘onig_set_time_limit_of_match_param’:
/build/guitar/src/Guitar-1.4.0/filetype/oniguruma/src/regexec.c:239:52: warning: unused parameter ‘param’ [-Wunused-parameter]
  239 | onig_set_time_limit_of_match_param(OnigMatchParam* param,
      |                                    ~~~~~~~~~~~~~~~~^~~~~
/build/guitar/src/Guitar-1.4.0/filetype/oniguruma/src/regexec.c:240:20: warning: unused parameter ‘limit’ [-Wunused-parameter]
  240 |      unsigned long limit /* msec. */)
      |      ~~~~~~~~~~~~~~^~~~~
gcc -c -pipe -g -fPIC -Wall -Wextra -DONIG_STATIC=1 -DUSE_POSIX_API=1 -DHAVE_CONFIG_H=1 -I/build/guitar/src/Guitar-1.4.0/filetype -I. -I/usr/lib/qt6/mkspecs/linux-g++ -o regposix.o /build/guitar/src/Guitar-1.4.0/filetype/oniguruma/src/regposix.c
/build/guitar/src/Guitar-1.4.0/filetype/oniguruma/src/regexec.c: In function ‘onig_set_time_limit’:
/build/guitar/src/Guitar-1.4.0/filetype/oniguruma/src/regexec.c:1642:35: warning: unused parameter ‘n’ [-Wunused-parameter]
 1642 | onig_set_time_limit(unsigned long n)
      |                     ~~~~~~~~~~~~~~^
/build/guitar/src/Guitar-1.4.0/filetype/oniguruma/src/regexec.c: In function ‘onig_get_callout_data_dont_clear_old’:
/build/guitar/src/Guitar-1.4.0/filetype/oniguruma/src/regexec.c:1790:47: warning: unused parameter ‘reg’ [-Wunused-parameter]
 1790 | onig_get_callout_data_dont_clear_old(regex_t* reg, OnigMatchParam* mp,
      |                                      ~~~~~~~~~^~~
/build/guitar/src/Guitar-1.4.0/filetype/oniguruma/src/regexec.c: In function ‘onig_get_callout_data’:
/build/guitar/src/Guitar-1.4.0/filetype/oniguruma/src/regexec.c:1829:32: warning: unused parameter ‘reg’ [-Wunused-parameter]
 1829 | onig_get_callout_data(regex_t* reg, OnigMatchParam* mp,
      |                       ~~~~~~~~~^~~
/build/guitar/src/Guitar-1.4.0/filetype/oniguruma/src/regexec.c: In function ‘onig_set_callout_data’:
/build/guitar/src/Guitar-1.4.0/filetype/oniguruma/src/regexec.c:1882:32: warning: unused parameter ‘reg’ [-Wunused-parameter]
 1882 | onig_set_callout_data(regex_t* reg, OnigMatchParam* mp,
      |                       ~~~~~~~~~^~~
/build/guitar/src/Guitar-1.4.0/filetype/oniguruma/src/regexec.c: In function ‘backref_check_at_nested_level’:
/build/guitar/src/Guitar-1.4.0/filetype/oniguruma/src/regexec.c:2843:40: warning: unused parameter ‘reg’ [-Wunused-parameter]
 2843 | backref_check_at_nested_level(regex_t* reg,
      |                               ~~~~~~~~~^~~
/build/guitar/src/Guitar-1.4.0/filetype/oniguruma/src/regcomp.c: In function ‘ops_resize’:
/build/guitar/src/Guitar-1.4.0/filetype/oniguruma/src/regcomp.c:91:9: warning: comparison of integer expressions of different signedness: ‘int’ and ‘unsigned int’ [-Wsign-compare]
   91 |   if (n == reg->ops_alloc) return ONIG_NORMAL;
      |         ^~
gcc -c -pipe -g -fPIC -Wall -Wextra -DONIG_STATIC=1 -DUSE_POSIX_API=1 -DHAVE_CONFIG_H=1 -I/build/guitar/src/Guitar-1.4.0/filetype -I. -I/usr/lib/qt6/mkspecs/linux-g++ -o regsyntax.o /build/guitar/src/Guitar-1.4.0/filetype/oniguruma/src/regsyntax.c
/build/guitar/src/Guitar-1.4.0/filetype/oniguruma/src/regexec.c: In function ‘match_at’:
/build/guitar/src/Guitar-1.4.0/filetype/oniguruma/src/regexec.c:3235:19: warning: comparison of integer expressions of different signedness: ‘int’ and ‘unsigned int’ [-Wsign-compare]
 3235 |     for (i = 0; i < reg->ops_used; i++) {
      |                   ^
/build/guitar/src/Guitar-1.4.0/filetype/oniguruma/src/regcomp.c: In function ‘add_compile_string_length’:
/build/guitar/src/Guitar-1.4.0/filetype/oniguruma/src/regcomp.c:1040:52: warning: unused parameter ‘mb_len’ [-Wunused-parameter]
 1040 | add_compile_string_length(UChar* s ARG_UNUSED, int mb_len, int str_len,
      |                                                ~~~~^~~~~~
/build/guitar/src/Guitar-1.4.0/filetype/oniguruma/src/regcomp.c:1040:64: warning: unused parameter ‘str_len’ [-Wunused-parameter]
 1040 | add_compile_string_length(UChar* s ARG_UNUSED, int mb_len, int str_len,
      |                                                            ~~~~^~~~~~~
/build/guitar/src/Guitar-1.4.0/filetype/oniguruma/src/regcomp.c: In function ‘set_multi_byte_cclass’:
/build/guitar/src/Guitar-1.4.0/filetype/oniguruma/src/regcomp.c:1181:44: warning: unused parameter ‘reg’ [-Wunused-parameter]
 1181 | set_multi_byte_cclass(BBuf* mbuf, regex_t* reg)
      |                                   ~~~~~~~~~^~~
/build/guitar/src/Guitar-1.4.0/filetype/oniguruma/src/regcomp.c: In function ‘compile_length_cclass_node’:
/build/guitar/src/Guitar-1.4.0/filetype/oniguruma/src/regcomp.c:1195:40: warning: unused parameter ‘cc’ [-Wunused-parameter]
 1195 | compile_length_cclass_node(CClassNode* cc, regex_t* reg)
      |                            ~~~~~~~~~~~~^~
/build/guitar/src/Guitar-1.4.0/filetype/oniguruma/src/regcomp.c:1195:53: warning: unused parameter ‘reg’ [-Wunused-parameter]
 1195 | compile_length_cclass_node(CClassNode* cc, regex_t* reg)
      |                                            ~~~~~~~~~^~~
/build/guitar/src/Guitar-1.4.0/filetype/oniguruma/src/regcomp.c: In function ‘compile_range_repeat_node’:
/build/guitar/src/Guitar-1.4.0/filetype/oniguruma/src/regcomp.c:1285:62: warning: unused parameter ‘emptiness’ [-Wunused-parameter]
 1285 | compile_range_repeat_node(QuantNode* qn, int target_len, int emptiness,
      |                                                          ~~~~^~~~~~~~~
/build/guitar/src/Guitar-1.4.0/filetype/oniguruma/src/regexec.c:4426:36: warning: comparison of integer expressions of different signedness: ‘long unsigned int’ and ‘int’ [-Wsign-compare]
 4426 |       if (subexp_call_nest_counter == SubexpCallMaxNestLevel)
      |                                    ^~
/build/guitar/src/Guitar-1.4.0/filetype/oniguruma/src/regcomp.c: In function ‘compile_length_gimmick_node’:
/build/guitar/src/Guitar-1.4.0/filetype/oniguruma/src/regcomp.c:2437:57: warning: unused parameter ‘reg’ [-Wunused-parameter]
 2437 | compile_length_gimmick_node(GimmickNode* node, regex_t* reg)
      |                                                ~~~~~~~~~^~~
/build/guitar/src/Guitar-1.4.0/filetype/oniguruma/src/regexec.c:4497:16: warning: comparison of integer expressions of different signedness: ‘LengthType’ {aka ‘int’} and ‘unsigned int’ [-Wsign-compare]
 4497 |       if (tlen != INFINITE_LEN) tlen--;
      |                ^~
/build/guitar/src/Guitar-1.4.0/filetype/oniguruma/src/regexec.c: In function ‘regset_search_body_position_lead’:
/build/guitar/src/Guitar-1.4.0/filetype/oniguruma/src/regexec.c:4755:27: warning: unused parameter ‘option’ [-Wunused-parameter]
 4755 |            OnigOptionType option, MatchArg* msas, int* rmatch_pos)
      |            ~~~~~~~~~~~~~~~^~~~~~
/build/guitar/src/Guitar-1.4.0/filetype/oniguruma/src/regcomp.c: In function ‘alt_reduce_in_look_behind’:
/build/guitar/src/Guitar-1.4.0/filetype/oniguruma/src/regcomp.c:4578:48: warning: unused parameter ‘reg’ [-Wunused-parameter]
 4578 | alt_reduce_in_look_behind(Node* node, regex_t* reg, ParseEnv* env)
      |                                       ~~~~~~~~~^~~
/build/guitar/src/Guitar-1.4.0/filetype/oniguruma/src/regcomp.c:4578:63: warning: unused parameter ‘env’ [-Wunused-parameter]
 4578 | alt_reduce_in_look_behind(Node* node, regex_t* reg, ParseEnv* env)
      |                                                     ~~~~~~~~~~^~~
/build/guitar/src/Guitar-1.4.0/filetype/oniguruma/src/regcomp.c: In function ‘unravel_cf_string_alt_or_cc_add’:
/build/guitar/src/Guitar-1.4.0/filetype/oniguruma/src/regcomp.c:4862:30: warning: unused parameter ‘case_fold_flag’ [-Wunused-parameter]
 4862 |             OnigCaseFoldType case_fold_flag, UChar* s, UChar* end)
      |             ~~~~~~~~~~~~~~~~~^~~~~~~~~~~~~~
/build/guitar/src/Guitar-1.4.0/filetype/oniguruma/src/regcomp.c: In function ‘unravel_cf_look_behind_add’:
/build/guitar/src/Guitar-1.4.0/filetype/oniguruma/src/regcomp.c:4925:24: warning: comparison of integer expressions of different signedness: ‘int’ and ‘OnigLen’ {aka ‘unsigned int’} [-Wsign-compare]
 4925 |     if (item->byte_len == one_len) {
      |                        ^~
/build/guitar/src/Guitar-1.4.0/filetype/oniguruma/src/regcomp.c:4944:26: warning: comparison of integer expressions of different signedness: ‘int’ and ‘OnigLen’ {aka ‘unsigned int’} [-Wsign-compare]
 4944 |       if (item->byte_len == one_len) {
      |                          ^~
/build/guitar/src/Guitar-1.4.0/filetype/oniguruma/src/regcomp.c: In function ‘unravel_case_fold_string’:
/build/guitar/src/Guitar-1.4.0/filetype/oniguruma/src/regcomp.c:5004:31: warning: comparison of integer expressions of different signedness: ‘int’ and ‘OnigLen’ {aka ‘unsigned int’} [-Wsign-compare]
 5004 |         if (items[0].byte_len != one_len) {
      |                               ^~
gcc -c -pipe -g -fPIC -Wall -Wextra -DONIG_STATIC=1 -DUSE_POSIX_API=1 -DHAVE_CONFIG_H=1 -I/build/guitar/src/Guitar-1.4.0/filetype -I. -I/usr/lib/qt6/mkspecs/linux-g++ -o regtrav.o /build/guitar/src/Guitar-1.4.0/filetype/oniguruma/src/regtrav.c
/build/guitar/src/Guitar-1.4.0/filetype/oniguruma/src/regcomp.c: In function ‘check_call_reference’:
/build/guitar/src/Guitar-1.4.0/filetype/oniguruma/src/regcomp.c:5146:55: warning: unused parameter ‘state’ [-Wunused-parameter]
 5146 | check_call_reference(CallNode* cn, ParseEnv* env, int state)
      |                                                   ~~~~^~~~~
/build/guitar/src/Guitar-1.4.0/filetype/oniguruma/src/regexec.c: In function ‘onig_builtin_monitor’:
/build/guitar/src/Guitar-1.4.0/filetype/oniguruma/src/regexec.c:6908:51: warning: unused parameter ‘user_data’ [-Wunused-parameter]
 6908 | onig_builtin_monitor(OnigCalloutArgs* args, void* user_data)
      |                                             ~~~~~~^~~~~~~~~
/build/guitar/src/Guitar-1.4.0/filetype/oniguruma/src/regparse.c: In function ‘node_new_no_newline’:
/build/guitar/src/Guitar-1.4.0/filetype/oniguruma/src/regparse.c:2413:44: warning: unused parameter ‘env’ [-Wunused-parameter]
 2413 | node_new_no_newline(Node** node, ParseEnv* env)
      |                                  ~~~~~~~~~~^~~
/build/guitar/src/Guitar-1.4.0/filetype/oniguruma/src/regparse.c: In function ‘node_new_fail’:
/build/guitar/src/Guitar-1.4.0/filetype/oniguruma/src/regparse.c:2769:38: warning: unused parameter ‘env’ [-Wunused-parameter]
 2769 | node_new_fail(Node** node, ParseEnv* env)
      |                            ~~~~~~~~~~^~~
/build/guitar/src/Guitar-1.4.0/filetype/oniguruma/src/regparse.c: In function ‘node_new_update_var_gimmick’:
/build/guitar/src/Guitar-1.4.0/filetype/oniguruma/src/regparse.c:2804:47: warning: unused parameter ‘env’ [-Wunused-parameter]
 2804 |                             int id, ParseEnv* env)
      |                                     ~~~~~~~~~~^~~
gcc -c -pipe -g -fPIC -Wall -Wextra -DONIG_STATIC=1 -DUSE_POSIX_API=1 -DHAVE_CONFIG_H=1 -I/build/guitar/src/Guitar-1.4.0/filetype -I. -I/usr/lib/qt6/mkspecs/linux-g++ -o regversion.o /build/guitar/src/Guitar-1.4.0/filetype/oniguruma/src/regversion.c
/build/guitar/src/Guitar-1.4.0/filetype/oniguruma/src/regparse.c: In function ‘node_new_callout’:
/build/guitar/src/Guitar-1.4.0/filetype/oniguruma/src/regparse.c:2924:28: warning: unused parameter ‘env’ [-Wunused-parameter]
 2924 |                  ParseEnv* env)
      |                  ~~~~~~~~~~^~~
/build/guitar/src/Guitar-1.4.0/filetype/oniguruma/src/regparse.c: In function ‘add_code_range_to_buf’:
/build/guitar/src/Guitar-1.4.0/filetype/oniguruma/src/regparse.c:3962:45: warning: operand of ‘?:’ changes signedness from ‘int’ to ‘OnigCodePoint’ {aka ‘unsigned int’} due to unsignedness of other operand [-Wsign-compare]
 3962 |   high = (to == ~((OnigCodePoint )0)) ? n : low;
      |                                             ^~~
/build/guitar/src/Guitar-1.4.0/filetype/oniguruma/src/regcomp.c: In function ‘numbered_ref_check’:
/build/guitar/src/Guitar-1.4.0/filetype/oniguruma/src/regcomp.c:2927:8: warning: this statement may fall through [-Wimplicit-fallthrough=]
 2927 |     if (IS_NULL(ND_BODY(node)))
      |        ^
/build/guitar/src/Guitar-1.4.0/filetype/oniguruma/src/regcomp.c:2930:3: note: here
 2930 |   case ND_QUANT:
      |   ^~~~
/build/guitar/src/Guitar-1.4.0/filetype/oniguruma/src/regcomp.c: In function ‘get_tree_head_literal’:
/build/guitar/src/Guitar-1.4.0/filetype/oniguruma/src/regcomp.c:3250:8: warning: this statement may fall through [-Wimplicit-fallthrough=]
 3250 |     if (CTYPE_(node)->ctype == CTYPE_ANYCHAR)
      |        ^
/build/guitar/src/Guitar-1.4.0/filetype/oniguruma/src/regcomp.c:3253:3: note: here
 3253 |   case ND_CCLASS:
      |   ^~~~
/build/guitar/src/Guitar-1.4.0/filetype/oniguruma/src/regcomp.c: In function ‘get_tree_tail_literal’:
/build/guitar/src/Guitar-1.4.0/filetype/oniguruma/src/regcomp.c:3354:8: warning: this statement may fall through [-Wimplicit-fallthrough=]
 3354 |     if (CTYPE_(node)->ctype == CTYPE_ANYCHAR) {
      |        ^
/build/guitar/src/Guitar-1.4.0/filetype/oniguruma/src/regcomp.c:3359:3: note: here
 3359 |   case ND_CCLASS:
      |   ^~~~
/build/guitar/src/Guitar-1.4.0/filetype/oniguruma/src/regcomp.c: In function ‘check_backrefs’:
gcc -c -pipe -g -fPIC -Wall -Wextra -DONIG_STATIC=1 -DUSE_POSIX_API=1 -DHAVE_CONFIG_H=1 -I/build/guitar/src/Guitar-1.4.0/filetype -I. -I/usr/lib/qt6/mkspecs/linux-g++ -o sjis.o /build/guitar/src/Guitar-1.4.0/filetype/oniguruma/src/sjis.c
/build/guitar/src/Guitar-1.4.0/filetype/oniguruma/src/regcomp.c:3758:8: warning: this statement may fall through [-Wimplicit-fallthrough=]
 3758 |     if (! ANCHOR_HAS_BODY(ANCHOR_(node))) {
      |        ^
/build/guitar/src/Guitar-1.4.0/filetype/oniguruma/src/regcomp.c:3763:3: note: here
 3763 |   case ND_QUANT:
      |   ^~~~
gcc -c -pipe -g -fPIC -Wall -Wextra -DONIG_STATIC=1 -DUSE_POSIX_API=1 -DHAVE_CONFIG_H=1 -I/build/guitar/src/Guitar-1.4.0/filetype -I. -I/usr/lib/qt6/mkspecs/linux-g++ -o sjis_prop.o /build/guitar/src/Guitar-1.4.0/filetype/oniguruma/src/sjis_prop.c
/build/guitar/src/Guitar-1.4.0/filetype/oniguruma/src/regcomp.c: In function ‘infinite_recursive_call_check’:
/build/guitar/src/Guitar-1.4.0/filetype/oniguruma/src/regcomp.c:4069:8: warning: this statement may fall through [-Wimplicit-fallthrough=]
 4069 |     if (! ANCHOR_HAS_BODY(ANCHOR_(node)))
      |        ^
/build/guitar/src/Guitar-1.4.0/filetype/oniguruma/src/regcomp.c:4072:3: note: here
 4072 |   case ND_CALL:
      |   ^~~~
/build/guitar/src/Guitar-1.4.0/filetype/oniguruma/src/regcomp.c: In function ‘infinite_recursive_call_check_trav’:
/build/guitar/src/Guitar-1.4.0/filetype/oniguruma/src/regcomp.c:4147:8: warning: this statement may fall through [-Wimplicit-fallthrough=]
 4147 |     if (! ANCHOR_HAS_BODY(ANCHOR_(node))) {
      |        ^
/build/guitar/src/Guitar-1.4.0/filetype/oniguruma/src/regcomp.c:4152:3: note: here
 4152 |   case ND_QUANT:
      |   ^~~~
/build/guitar/src/Guitar-1.4.0/filetype/oniguruma/src/regcomp.c: In function ‘recursive_call_check’:
/build/guitar/src/Guitar-1.4.0/filetype/oniguruma/src/regcomp.c:4212:8: warning: this statement may fall through [-Wimplicit-fallthrough=]
 4212 |     if (! ANCHOR_HAS_BODY(ANCHOR_(node))) {
      |        ^
/build/guitar/src/Guitar-1.4.0/filetype/oniguruma/src/regcomp.c:4217:3: note: here
 4217 |   case ND_QUANT:
      |   ^~~~
/build/guitar/src/Guitar-1.4.0/filetype/oniguruma/src/regcomp.c: In function ‘reduce_string_list’:
/build/guitar/src/Guitar-1.4.0/filetype/oniguruma/src/regcomp.c:4446:8: warning: this statement may fall through [-Wimplicit-fallthrough=]
 4446 |     if (IS_NULL(ND_BODY(node)))
      |        ^
/build/guitar/src/Guitar-1.4.0/filetype/oniguruma/src/regcomp.c:4449:3: note: here
 4449 |   case ND_QUANT:
      |   ^~~~
/build/guitar/src/Guitar-1.4.0/filetype/oniguruma/src/regcomp.c: In function ‘tune_called_state_call’:
/build/guitar/src/Guitar-1.4.0/filetype/oniguruma/src/regcomp.c:5442:11: warning: this statement may fall through [-Wimplicit-fallthrough=]
 5442 |     state |= IN_ALT;
      |           ^
/build/guitar/src/Guitar-1.4.0/filetype/oniguruma/src/regcomp.c:5444:3: note: here
 5444 |   case ND_LIST:
      |   ^~~~
/build/guitar/src/Guitar-1.4.0/filetype/oniguruma/src/regcomp.c: In function ‘tune_called_state’:
/build/guitar/src/Guitar-1.4.0/filetype/oniguruma/src/regcomp.c:5566:28: warning: this statement may fall through [-Wimplicit-fallthrough=]
 5566 |         en->m.called_state |= state;
      |         ~~~~~~~~~~~~~~~~~~~^~~~~~~~
/build/guitar/src/Guitar-1.4.0/filetype/oniguruma/src/regcomp.c:5568:7: note: here
 5568 |       case BAG_OPTION:
      |       ^~~~
/build/guitar/src/Guitar-1.4.0/filetype/oniguruma/src/regcomp.c:5538:11: warning: this statement may fall through [-Wimplicit-fallthrough=]
 5538 |     state |= IN_ALT;
      |           ^
/build/guitar/src/Guitar-1.4.0/filetype/oniguruma/src/regcomp.c:5540:3: note: here
 5540 |   case ND_LIST:
      |   ^~~~
gcc -c -pipe -g -fPIC -Wall -Wextra -DONIG_STATIC=1 -DUSE_POSIX_API=1 -DHAVE_CONFIG_H=1 -I/build/guitar/src/Guitar-1.4.0/filetype -I. -I/usr/lib/qt6/mkspecs/linux-g++ -o st.o /build/guitar/src/Guitar-1.4.0/filetype/oniguruma/src/st.c
/build/guitar/src/Guitar-1.4.0/filetype/oniguruma/src/regparse.c: In function ‘prs_callout_of_contents’:
/build/guitar/src/Guitar-1.4.0/filetype/oniguruma/src/regparse.c:7422:9: warning: comparison of integer expressions of different signedness: ‘OnigCodePoint’ {aka ‘unsigned int’} and ‘int’ [-Wsign-compare]
 7422 |   if (c != cterm)
      |         ^~
/build/guitar/src/Guitar-1.4.0/filetype/oniguruma/src/regcomp.c: In function ‘mostly_just_anychar’:
/build/guitar/src/Guitar-1.4.0/filetype/oniguruma/src/regcomp.c:7997:8: warning: this statement may fall through [-Wimplicit-fallthrough=]
 7997 |     if (ND_STRING_LEN(node) == 0) {
      |        ^
/build/guitar/src/Guitar-1.4.0/filetype/oniguruma/src/regcomp.c:8002:3: note: here
 8002 |   case ND_CCLASS:
      |   ^~~~
/build/guitar/src/Guitar-1.4.0/filetype/oniguruma/src/regparse.c: In function ‘prs_callout_args’:
/build/guitar/src/Guitar-1.4.0/filetype/oniguruma/src/regparse.c:7559:28: warning: comparison of integer expressions of different signedness: ‘OnigCodePoint’ {aka ‘unsigned int’} and ‘int’ [-Wsign-compare]
 7559 |         if (c == '\\' || c == cterm || c == ',') {
      |                            ^~
/build/guitar/src/Guitar-1.4.0/filetype/oniguruma/src/regparse.c:7573:20: warning: comparison of integer expressions of different signedness: ‘OnigCodePoint’ {aka ‘unsigned int’} and ‘int’ [-Wsign-compare]
 7573 |         else if (c == cterm || c == ',')
      |                    ^~
/build/guitar/src/Guitar-1.4.0/filetype/oniguruma/src/regparse.c:7666:11: warning: comparison of integer expressions of different signedness: ‘OnigCodePoint’ {aka ‘unsigned int’} and ‘int’ [-Wsign-compare]
 7666 |     if (c == cterm) break;
      |           ^~
/build/guitar/src/Guitar-1.4.0/filetype/oniguruma/src/regparse.c:7669:9: warning: comparison of integer expressions of different signedness: ‘OnigCodePoint’ {aka ‘unsigned int’} and ‘int’ [-Wsign-compare]
 7669 |   if (c != cterm) {
      |         ^~
/build/guitar/src/Guitar-1.4.0/filetype/oniguruma/src/regparse.c: In function ‘prs_callout_of_name’:
/build/guitar/src/Guitar-1.4.0/filetype/oniguruma/src/regparse.c:7719:11: warning: comparison of integer expressions of different signedness: ‘OnigCodePoint’ {aka ‘unsigned int’} and ‘int’ [-Wsign-compare]
 7719 |     if (c == cterm || c == '[' || c == '{') break;
      |           ^~
/build/guitar/src/Guitar-1.4.0/filetype/oniguruma/src/regparse.c:7795:9: warning: comparison of integer expressions of different signedness: ‘OnigCodePoint’ {aka ‘unsigned int’} and ‘int’ [-Wsign-compare]
 7795 |   if (c != cterm) {
      |         ^~
gcc -c -pipe -g -fPIC -Wall -Wextra -DONIG_STATIC=1 -DUSE_POSIX_API=1 -DHAVE_CONFIG_H=1 -I/build/guitar/src/Guitar-1.4.0/filetype -I. -I/usr/lib/qt6/mkspecs/linux-g++ -o unicode.o /build/guitar/src/Guitar-1.4.0/filetype/oniguruma/src/unicode.c
/build/guitar/src/Guitar-1.4.0/filetype/oniguruma/src/sjis.c: In function ‘property_name_to_ctype’:
/build/guitar/src/Guitar-1.4.0/filetype/oniguruma/src/sjis.c:237:11: warning: comparison of integer expressions of different signedness: ‘int’ and ‘long unsigned int’ [-Wsign-compare]
  237 |   if (len < sizeof(q) - 1) {
      |           ^
/build/guitar/src/Guitar-1.4.0/filetype/oniguruma/src/sjis.c:231:37: warning: unused parameter ‘enc’ [-Wunused-parameter]
  231 | property_name_to_ctype(OnigEncoding enc, UChar* p, UChar* end)
      |                        ~~~~~~~~~~~~~^~~
gcc -c -pipe -g -fPIC -Wall -Wextra -DONIG_STATIC=1 -DUSE_POSIX_API=1 -DHAVE_CONFIG_H=1 -I/build/guitar/src/Guitar-1.4.0/filetype -I. -I/usr/lib/qt6/mkspecs/linux-g++ -o unicode_fold1_key.o /build/guitar/src/Guitar-1.4.0/filetype/oniguruma/src/unicode_fold1_key.c
gcc -c -pipe -g -fPIC -Wall -Wextra -DONIG_STATIC=1 -DUSE_POSIX_API=1 -DHAVE_CONFIG_H=1 -I/build/guitar/src/Guitar-1.4.0/filetype -I. -I/usr/lib/qt6/mkspecs/linux-g++ -o unicode_fold2_key.o /build/guitar/src/Guitar-1.4.0/filetype/oniguruma/src/unicode_fold2_key.c
/build/guitar/src/Guitar-1.4.0/filetype/oniguruma/src/regparse.c: In function ‘prs_bag’:
/build/guitar/src/Guitar-1.4.0/filetype/oniguruma/src/regparse.c:8316:10: warning: this statement may fall through [-Wimplicit-fallthrough=]
 8316 |       if (IS_SYNTAX_OP2(env->syntax, ONIG_SYN_OP2_QMARK_CAPITAL_P_NAME)) {
      |          ^
/build/guitar/src/Guitar-1.4.0/filetype/oniguruma/src/regparse.c:8324:5: note: here
 8324 |     case 'W': case 'D': case 'S':
      |     ^~~~
/build/guitar/src/Guitar-1.4.0/filetype/oniguruma/src/regparse.c:8326:10: warning: this statement may fall through [-Wimplicit-fallthrough=]
 8326 |       if (! IS_SYNTAX_OP2(env->syntax, ONIG_SYN_OP2_OPTION_ONIGURUMA))
      |          ^
/build/guitar/src/Guitar-1.4.0/filetype/oniguruma/src/regparse.c:8333:5: note: here
 8333 |     case 'a':
      |     ^~~~
gcc -c -pipe -g -fPIC -Wall -Wextra -DONIG_STATIC=1 -DUSE_POSIX_API=1 -DHAVE_CONFIG_H=1 -I/build/guitar/src/Guitar-1.4.0/filetype -I. -I/usr/lib/qt6/mkspecs/linux-g++ -o unicode_fold3_key.o /build/guitar/src/Guitar-1.4.0/filetype/oniguruma/src/unicode_fold3_key.c
gcc -c -pipe -g -fPIC -Wall -Wextra -DONIG_STATIC=1 -DUSE_POSIX_API=1 -DHAVE_CONFIG_H=1 -I/build/guitar/src/Guitar-1.4.0/filetype -I. -I/usr/lib/qt6/mkspecs/linux-g++ -o unicode_unfold_key.o /build/guitar/src/Guitar-1.4.0/filetype/oniguruma/src/unicode_unfold_key.c
gcc -c -pipe -g -fPIC -Wall -Wextra -DONIG_STATIC=1 -DUSE_POSIX_API=1 -DHAVE_CONFIG_H=1 -I/build/guitar/src/Guitar-1.4.0/filetype -I. -I/usr/lib/qt6/mkspecs/linux-g++ -o utf16_be.o /build/guitar/src/Guitar-1.4.0/filetype/oniguruma/src/utf16_be.c
gcc -c -pipe -g -fPIC -Wall -Wextra -DONIG_STATIC=1 -DUSE_POSIX_API=1 -DHAVE_CONFIG_H=1 -I/build/guitar/src/Guitar-1.4.0/filetype -I. -I/usr/lib/qt6/mkspecs/linux-g++ -o utf16_le.o /build/guitar/src/Guitar-1.4.0/filetype/oniguruma/src/utf16_le.c
gcc -c -pipe -g -fPIC -Wall -Wextra -DONIG_STATIC=1 -DUSE_POSIX_API=1 -DHAVE_CONFIG_H=1 -I/build/guitar/src/Guitar-1.4.0/filetype -I. -I/usr/lib/qt6/mkspecs/linux-g++ -o utf32_be.o /build/guitar/src/Guitar-1.4.0/filetype/oniguruma/src/utf32_be.c
gcc -c -pipe -g -fPIC -Wall -Wextra -DONIG_STATIC=1 -DUSE_POSIX_API=1 -DHAVE_CONFIG_H=1 -I/build/guitar/src/Guitar-1.4.0/filetype -I. -I/usr/lib/qt6/mkspecs/linux-g++ -o utf32_le.o /build/guitar/src/Guitar-1.4.0/filetype/oniguruma/src/utf32_le.c
gcc -c -pipe -g -fPIC -Wall -Wextra -DONIG_STATIC=1 -DUSE_POSIX_API=1 -DHAVE_CONFIG_H=1 -I/build/guitar/src/Guitar-1.4.0/filetype -I. -I/usr/lib/qt6/mkspecs/linux-g++ -o utf8.o /build/guitar/src/Guitar-1.4.0/filetype/oniguruma/src/utf8.c
rm -f /build/guitar/src/Guitar-1.4.0/filetype/lib/libonigurumad.a
ar cqs /build/guitar/src/Guitar-1.4.0/filetype/lib/libonigurumad.a ascii.o big5.o cp1251.o euc_jp.o euc_jp_prop.o euc_kr.o euc_tw.o gb18030.o iso8859_1.o iso8859_10.o iso8859_11.o iso8859_13.o iso8859_14.o iso8859_15.o iso8859_16.o iso8859_2.o iso8859_3.o iso8859_4.o iso8859_5.o iso8859_6.o iso8859_7.o iso8859_8.o iso8859_9.o koi8.o koi8_r.o onig_init.o regcomp.o regenc.o regerror.o regexec.o regext.o reggnu.o regparse.o regposerr.o regposix.o regsyntax.o regtrav.o regversion.o sjis.o sjis_prop.o st.o unicode.o unicode_fold1_key.o unicode_fold2_key.o unicode_fold3_key.o unicode_unfold_key.o utf16_be.o utf16_le.o utf32_be.o utf32_le.o utf8.o
~/guitar/src/Guitar-1.4.0/filetype
--- libfiletype release
~/guitar/src/Guitar-1.4.0/filetype/_build ~/guitar/src/Guitar-1.4.0/filetype
Info: creating stash file /build/guitar/src/Guitar-1.4.0/filetype/_build/.qmake.stash
gcc -c -pipe -march=x86-64 -mtune=generic -O2 -pipe -fno-plt -fexceptions -Wp,-D_FORTIFY_SOURCE=3 -Wformat -Werror=format-security -fstack-clash-protection -fcf-protection -fno-omit-frame-pointer -mno-omit-leaf-frame-pointer -g -ffile-prefix-map=/build/guitar/src=/usr/src/debug/guitar -flto=auto -fPIC -Wall -Wextra -DONIG_STATIC=1 -DHAVE_CONFIG_H=1 -I/build/guitar/src/Guitar-1.4.0/filetype -I. -I/build/guitar/src/Guitar-1.4.0/filetype/file-gcc -I/build/guitar/src/Guitar-1.4.0/filetype/file -I/usr/lib/qt6/mkspecs/linux-g++ -o magic_mgc_gz.o /build/guitar/src/Guitar-1.4.0/filetype/lib/magic_mgc_gz.c
g++ -c -pipe -march=x86-64 -mtune=generic -O2 -pipe -fno-plt -fexceptions -Wp,-D_FORTIFY_SOURCE=3 -Wformat -Werror=format-security -fstack-clash-protection -fcf-protection -fno-omit-frame-pointer -mno-omit-leaf-frame-pointer -Wp,-D_GLIBCXX_ASSERTIONS -g -ffile-prefix-map=/build/guitar/src=/usr/src/debug/guitar -flto=auto -fPIC -Wall -Wextra -DONIG_STATIC=1 -DHAVE_CONFIG_H=1 -I/build/guitar/src/Guitar-1.4.0/filetype -I. -I/build/guitar/src/Guitar-1.4.0/filetype/file-gcc -I/build/guitar/src/Guitar-1.4.0/filetype/file -I/usr/lib/qt6/mkspecs/linux-g++ -o AbstractSimpleIO.o /build/guitar/src/Guitar-1.4.0/filetype/src/AbstractSimpleIO.cpp
g++ -c -pipe -march=x86-64 -mtune=generic -O2 -pipe -fno-plt -fexceptions -Wp,-D_FORTIFY_SOURCE=3 -Wformat -Werror=format-security -fstack-clash-protection -fcf-protection -fno-omit-frame-pointer -mno-omit-leaf-frame-pointer -Wp,-D_GLIBCXX_ASSERTIONS -g -ffile-prefix-map=/build/guitar/src=/usr/src/debug/guitar -flto=auto -fPIC -Wall -Wextra -DONIG_STATIC=1 -DHAVE_CONFIG_H=1 -I/build/guitar/src/Guitar-1.4.0/filetype -I. -I/build/guitar/src/Guitar-1.4.0/filetype/file-gcc -I/build/guitar/src/Guitar-1.4.0/filetype/file -I/usr/lib/qt6/mkspecs/linux-g++ -o FileType.o /build/guitar/src/Guitar-1.4.0/filetype/src/FileType.cpp
g++ -c -pipe -march=x86-64 -mtune=generic -O2 -pipe -fno-plt -fexceptions -Wp,-D_FORTIFY_SOURCE=3 -Wformat -Werror=format-security -fstack-clash-protection -fcf-protection -fno-omit-frame-pointer -mno-omit-leaf-frame-pointer -Wp,-D_GLIBCXX_ASSERTIONS -g -ffile-prefix-map=/build/guitar/src=/usr/src/debug/guitar -flto=auto -fPIC -Wall -Wextra -DONIG_STATIC=1 -DHAVE_CONFIG_H=1 -I/build/guitar/src/Guitar-1.4.0/filetype -I. -I/build/guitar/src/Guitar-1.4.0/filetype/file-gcc -I/build/guitar/src/Guitar-1.4.0/filetype/file -I/usr/lib/qt6/mkspecs/linux-g++ -o gzip.o /build/guitar/src/Guitar-1.4.0/filetype/src/gzip.cpp
g++ -c -pipe -march=x86-64 -mtune=generic -O2 -pipe -fno-plt -fexceptions -Wp,-D_FORTIFY_SOURCE=3 -Wformat -Werror=format-security -fstack-clash-protection -fcf-protection -fno-omit-frame-pointer -mno-omit-leaf-frame-pointer -Wp,-D_GLIBCXX_ASSERTIONS -g -ffile-prefix-map=/build/guitar/src=/usr/src/debug/guitar -flto=auto -fPIC -Wall -Wextra -DONIG_STATIC=1 -DHAVE_CONFIG_H=1 -I/build/guitar/src/Guitar-1.4.0/filetype -I. -I/build/guitar/src/Guitar-1.4.0/filetype/file-gcc -I/build/guitar/src/Guitar-1.4.0/filetype/file -I/usr/lib/qt6/mkspecs/linux-g++ -o zs.o /build/guitar/src/Guitar-1.4.0/filetype/src/zs.cpp
gcc -c -pipe -march=x86-64 -mtune=generic -O2 -pipe -fno-plt -fexceptions -Wp,-D_FORTIFY_SOURCE=3 -Wformat -Werror=format-security -fstack-clash-protection -fcf-protection -fno-omit-frame-pointer -mno-omit-leaf-frame-pointer -g -ffile-prefix-map=/build/guitar/src=/usr/src/debug/guitar -flto=auto -fPIC -Wall -Wextra -DONIG_STATIC=1 -DHAVE_CONFIG_H=1 -I/build/guitar/src/Guitar-1.4.0/filetype -I. -I/build/guitar/src/Guitar-1.4.0/filetype/file-gcc -I/build/guitar/src/Guitar-1.4.0/filetype/file -I/usr/lib/qt6/mkspecs/linux-g++ -o magic_mgc_zst.o /build/guitar/src/Guitar-1.4.0/filetype/lib/magic_mgc_zst.c
rm -f /build/guitar/src/Guitar-1.4.0/filetype/lib/libfiletype.a
ar cqs /build/guitar/src/Guitar-1.4.0/filetype/lib/libfiletype.a magic_mgc_gz.o AbstractSimpleIO.o FileType.o gzip.o zs.o magic_mgc_zst.o
~/guitar/src/Guitar-1.4.0/filetype
--- libfiletype debug
~/guitar/src/Guitar-1.4.0/filetype/_build ~/guitar/src/Guitar-1.4.0/filetype
Info: creating stash file /build/guitar/src/Guitar-1.4.0/filetype/_build/.qmake.stash
gcc -c -pipe -g -fPIC -Wall -Wextra -DONIG_STATIC=1 -DHAVE_CONFIG_H=1 -I/build/guitar/src/Guitar-1.4.0/filetype -I. -I/build/guitar/src/Guitar-1.4.0/filetype/file-gcc -I/build/guitar/src/Guitar-1.4.0/filetype/file -I/usr/lib/qt6/mkspecs/linux-g++ -o magic_mgc_gz.o /build/guitar/src/Guitar-1.4.0/filetype/lib/magic_mgc_gz.c
g++ -c -pipe -g -fPIC -Wall -Wextra -DONIG_STATIC=1 -DHAVE_CONFIG_H=1 -I/build/guitar/src/Guitar-1.4.0/filetype -I. -I/build/guitar/src/Guitar-1.4.0/filetype/file-gcc -I/build/guitar/src/Guitar-1.4.0/filetype/file -I/usr/lib/qt6/mkspecs/linux-g++ -o AbstractSimpleIO.o /build/guitar/src/Guitar-1.4.0/filetype/src/AbstractSimpleIO.cpp
g++ -c -pipe -g -fPIC -Wall -Wextra -DONIG_STATIC=1 -DHAVE_CONFIG_H=1 -I/build/guitar/src/Guitar-1.4.0/filetype -I. -I/build/guitar/src/Guitar-1.4.0/filetype/file-gcc -I/build/guitar/src/Guitar-1.4.0/filetype/file -I/usr/lib/qt6/mkspecs/linux-g++ -o FileType.o /build/guitar/src/Guitar-1.4.0/filetype/src/FileType.cpp
g++ -c -pipe -g -fPIC -Wall -Wextra -DONIG_STATIC=1 -DHAVE_CONFIG_H=1 -I/build/guitar/src/Guitar-1.4.0/filetype -I. -I/build/guitar/src/Guitar-1.4.0/filetype/file-gcc -I/build/guitar/src/Guitar-1.4.0/filetype/file -I/usr/lib/qt6/mkspecs/linux-g++ -o gzip.o /build/guitar/src/Guitar-1.4.0/filetype/src/gzip.cpp
g++ -c -pipe -g -fPIC -Wall -Wextra -DONIG_STATIC=1 -DHAVE_CONFIG_H=1 -I/build/guitar/src/Guitar-1.4.0/filetype -I. -I/build/guitar/src/Guitar-1.4.0/filetype/file-gcc -I/build/guitar/src/Guitar-1.4.0/filetype/file -I/usr/lib/qt6/mkspecs/linux-g++ -o zs.o /build/guitar/src/Guitar-1.4.0/filetype/src/zs.cpp
gcc -c -pipe -g -fPIC -Wall -Wextra -DONIG_STATIC=1 -DHAVE_CONFIG_H=1 -I/build/guitar/src/Guitar-1.4.0/filetype -I. -I/build/guitar/src/Guitar-1.4.0/filetype/file-gcc -I/build/guitar/src/Guitar-1.4.0/filetype/file -I/usr/lib/qt6/mkspecs/linux-g++ -o magic_mgc_zst.o /build/guitar/src/Guitar-1.4.0/filetype/lib/magic_mgc_zst.c
rm -f /build/guitar/src/Guitar-1.4.0/filetype/lib/libfiletyped.a
ar cqs /build/guitar/src/Guitar-1.4.0/filetype/lib/libfiletyped.a magic_mgc_gz.o AbstractSimpleIO.o FileType.o gzip.o zs.o magic_mgc_zst.o
~/guitar/src/Guitar-1.4.0/filetype
Info: creating stash file /build/guitar/src/Guitar-1.4.0/.qmake.stash
cd /build/guitar/src/Guitar-1.4.0 && ruby -W0 prepare.rb
/usr/lib/qt6/uic src/AboutDialog.ui -o ui_AboutDialog.h
/usr/lib/qt6/uic src/AddRepositoriesCollectivelyDialog.ui -o ui_AddRepositoriesCollectivelyDialog.h
/usr/lib/qt6/uic src/AddRepositoryDialog.ui -o ui_AddRepositoryDialog.h
/usr/lib/qt6/uic src/AreYouSureYouWantToContinueConnectingDialog.ui -o ui_AreYouSureYouWantToContinueConnectingDialog.h
/usr/lib/qt6/uic src/BigDiffWindow.ui -o ui_BigDiffWindow.h
/usr/lib/qt6/uic src/BlameWindow.ui -o ui_BlameWindow.h
/usr/lib/qt6/uic src/CheckoutDialog.ui -o ui_CheckoutDialog.h
/usr/lib/qt6/uic src/CherryPickDialog.ui -o ui_CherryPickDialog.h
/usr/lib/qt6/uic src/CleanSubModuleDialog.ui -o ui_CleanSubModuleDialog.h
/usr/lib/qt6/uic src/CloneFromGitHubDialog.ui -o ui_CloneFromGitHubDialog.h
/usr/lib/qt6/uic src/CommitDialog.ui -o ui_CommitDialog.h
/usr/lib/qt6/uic src/CommitExploreWindow.ui -o ui_CommitExploreWindow.h
/usr/lib/qt6/uic src/CommitPropertyDialog.ui -o ui_CommitPropertyDialog.h
/usr/lib/qt6/uic src/CommitViewWindow.ui -o ui_CommitViewWindow.h
/usr/lib/qt6/uic src/ConfigCredentialHelperDialog.ui -o ui_ConfigCredentialHelperDialog.h
/usr/lib/qt6/uic src/ConfigSigningDialog.ui -o ui_ConfigSigningDialog.h
/usr/lib/qt6/uic src/ConfigUserDialog.ui -o ui_ConfigUserDialog.h
/usr/lib/qt6/uic src/CreateRepositoryDialog.ui -o ui_CreateRepositoryDialog.h
/usr/lib/qt6/uic src/DeleteBranchDialog.ui -o ui_DeleteBranchDialog.h
/usr/lib/qt6/uic src/DeleteTagsDialog.ui -o ui_DeleteTagsDialog.h
/usr/lib/qt6/uic src/DoYouWantToInitDialog.ui -o ui_DoYouWantToInitDialog.h
/usr/lib/qt6/uic src/EditGitIgnoreDialog.ui -o ui_EditGitIgnoreDialog.h
/usr/lib/qt6/uic src/EditProfilesDialog.ui -o ui_EditProfilesDialog.h
/usr/lib/qt6/uic src/EditRemoteDialog.ui -o ui_EditRemoteDialog.h
/usr/lib/qt6/uic src/EditTagsDialog.ui -o ui_EditTagsDialog.h
/usr/lib/qt6/uic src/ExperimentDialog.ui -o ui_ExperimentDialog.h
/usr/lib/qt6/uic src/FileDiffWidget.ui -o ui_FileDiffWidget.h
/usr/lib/qt6/uic src/FileHistoryWindow.ui -o ui_FileHistoryWindow.h
/usr/lib/qt6/uic src/FilePropertyDialog.ui -o ui_FilePropertyDialog.h
/usr/lib/qt6/uic src/FindCommitDialog.ui -o ui_FindCommitDialog.h
/usr/lib/qt6/uic src/GenerateCommitMessageDialog.ui -o ui_GenerateCommitMessageDialog.h
/usr/lib/qt6/uic src/GitConfigGlobalAddSafeDirectoryDialog.ui -o ui_GitConfigGlobalAddSafeDirectoryDialog.h
/usr/lib/qt6/uic src/InputNewTagDialog.ui -o ui_InputNewTagDialog.h
/usr/lib/qt6/uic src/JumpDialog.ui -o ui_JumpDialog.h
/usr/lib/qt6/uic src/LineEditDialog.ui -o ui_LineEditDialog.h
/usr/lib/qt6/uic src/MainWindow.ui -o ui_MainWindow.h
/usr/lib/qt6/uic src/ManageWorkingFolderDialog.ui -o ui_ManageWorkingFolderDialog.h
/usr/lib/qt6/uic src/MergeDialog.ui -o ui_MergeDialog.h
/usr/lib/qt6/uic src/ProgressWidget.ui -o ui_ProgressWidget.h
/usr/lib/qt6/uic src/PushDialog.ui -o ui_PushDialog.h
/usr/lib/qt6/uic src/ReflogWindow.ui -o ui_ReflogWindow.h
/usr/lib/qt6/uic src/RemoteAdvancedOptionWidget.ui -o ui_RemoteAdvancedOptionWidget.h
/usr/lib/qt6/uic src/RepositoryPropertyDialog.ui -o ui_RepositoryPropertyDialog.h
/usr/lib/qt6/uic src/SearchFromGitHubDialog.ui -o ui_SearchFromGitHubDialog.h
/usr/lib/qt6/uic src/SelectCommandDialog.ui -o ui_SelectCommandDialog.h
/usr/lib/qt6/uic src/SelectGpgKeyDialog.ui -o ui_SelectGpgKeyDialog.h
/usr/lib/qt6/uic src/SelectItemDialog.ui -o ui_SelectItemDialog.h
/usr/lib/qt6/uic src/SetGlobalUserDialog.ui -o ui_SetGlobalUserDialog.h
/usr/lib/qt6/uic src/SetGpgSigningDialog.ui -o ui_SetGpgSigningDialog.h
/usr/lib/qt6/uic src/SettingAiForm.ui -o ui_SettingAiForm.h
/usr/lib/qt6/uic src/SettingBehaviorForm.ui -o ui_SettingBehaviorForm.h
/usr/lib/qt6/uic src/SettingExampleForm.ui -o ui_SettingExampleForm.h
/usr/lib/qt6/uic src/SettingGeneralForm.ui -o ui_SettingGeneralForm.h
/usr/lib/qt6/uic src/SettingLoggingForm.ui -o ui_SettingLoggingForm.h
/usr/lib/qt6/uic src/SettingNetworkForm.ui -o ui_SettingNetworkForm.h
/usr/lib/qt6/uic src/SettingOptionsForm.ui -o ui_SettingOptionsForm.h
/usr/lib/qt6/uic src/SettingPrograms2Form.ui -o ui_SettingPrograms2Form.h
/usr/lib/qt6/uic src/SettingProgramsForm.ui -o ui_SettingProgramsForm.h
/usr/lib/qt6/uic src/SettingVisualForm.ui -o ui_SettingVisualForm.h
/usr/lib/qt6/uic src/SettingWorkingFolderForm.ui -o ui_SettingWorkingFolderForm.h
/usr/lib/qt6/uic src/SettingsDialog.ui -o ui_SettingsDialog.h
/usr/lib/qt6/uic src/SubmoduleAddDialog.ui -o ui_SubmoduleAddDialog.h
/usr/lib/qt6/uic src/SubmoduleUpdateDialog.ui -o ui_SubmoduleUpdateDialog.h
/usr/lib/qt6/uic src/SubmodulesDialog.ui -o ui_SubmodulesDialog.h
/usr/lib/qt6/uic src/TextEditDialog.ui -o ui_TextEditDialog.h
/usr/lib/qt6/uic src/WelcomeWizardDialog.ui -o ui_WelcomeWizardDialog.h
/usr/lib/qt6/uic src/coloredit/ColorDialog.ui -o ui_ColorDialog.h
/usr/lib/qt6/uic src/coloredit/ColorEditWidget.ui -o ui_ColorEditWidget.h
g++ -c -pipe -std=c++20 -Wall -Wextra -include /build/guitar/src/Guitar-1.4.0/pragma.h -march=x86-64 -mtune=generic -O2 -pipe -fno-plt -fexceptions -Wp,-D_FORTIFY_SOURCE=3 -Wformat -Werror=format-security -fstack-clash-protection -fcf-protection -fno-omit-frame-pointer -mno-omit-leaf-frame-pointer -Wp,-D_GLIBCXX_ASSERTIONS -g -ffile-prefix-map=/build/guitar/src=/usr/src/debug/guitar -flto=auto -Wall -Wextra -mno-direct-extern-access -D_REENTRANT -DUSE_QT -DAPP_GUITAR -DHAVE_POSIX_OPENPT -DQT_NO_DEBUG -DQT_WIDGETS_LIB -DQT_SVG_LIB -DQT_GUI_LIB -DQT_NETWORK_LIB -DQT_CORE_LIB -I. -Isrc -Isrc/common -Isrc/coloredit -Isrc/texteditor -Ifiletype/src -Isubprojects/IncrementalSearchPlugin/src -I/usr/include/qt6 -I/usr/include/qt6/QtWidgets -I/usr/include/qt6/QtSvg -I/usr/include/qt6/QtGui -I/usr/include/qt6/QtNetwork -I/usr/include/qt6/QtCore -I. -I. -I/usr/lib/qt6/mkspecs/linux-g++ -o IncrementalSearchHelper.o src/IncrementalSearchHelper.cpp
g++ -c -pipe -std=c++20 -Wall -Wextra -include /build/guitar/src/Guitar-1.4.0/pragma.h -march=x86-64 -mtune=generic -O2 -pipe -fno-plt -fexceptions -Wp,-D_FORTIFY_SOURCE=3 -Wformat -Werror=format-security -fstack-clash-protection -fcf-protection -fno-omit-frame-pointer -mno-omit-leaf-frame-pointer -Wp,-D_GLIBCXX_ASSERTIONS -g -ffile-prefix-map=/build/guitar/src=/usr/src/debug/guitar -flto=auto -Wall -Wextra -mno-direct-extern-access -D_REENTRANT -DUSE_QT -DAPP_GUITAR -DHAVE_POSIX_OPENPT -DQT_NO_DEBUG -DQT_WIDGETS_LIB -DQT_SVG_LIB -DQT_GUI_LIB -DQT_NETWORK_LIB -DQT_CORE_LIB -I. -Isrc -Isrc/common -Isrc/coloredit -Isrc/texteditor -Ifiletype/src -Isubprojects/IncrementalSearchPlugin/src -I/usr/include/qt6 -I/usr/include/qt6/QtWidgets -I/usr/include/qt6/QtSvg -I/usr/include/qt6/QtGui -I/usr/include/qt6/QtNetwork -I/usr/include/qt6/QtCore -I. -I. -I/usr/lib/qt6/mkspecs/linux-g++ -o AboutDialog.o src/AboutDialog.cpp
g++ -c -pipe -std=c++20 -Wall -Wextra -include /build/guitar/src/Guitar-1.4.0/pragma.h -march=x86-64 -mtune=generic -O2 -pipe -fno-plt -fexceptions -Wp,-D_FORTIFY_SOURCE=3 -Wformat -Werror=format-security -fstack-clash-protection -fcf-protection -fno-omit-frame-pointer -mno-omit-leaf-frame-pointer -Wp,-D_GLIBCXX_ASSERTIONS -g -ffile-prefix-map=/build/guitar/src=/usr/src/debug/guitar -flto=auto -Wall -Wextra -mno-direct-extern-access -D_REENTRANT -DUSE_QT -DAPP_GUITAR -DHAVE_POSIX_OPENPT -DQT_NO_DEBUG -DQT_WIDGETS_LIB -DQT_SVG_LIB -DQT_GUI_LIB -DQT_NETWORK_LIB -DQT_CORE_LIB -I. -Isrc -Isrc/common -Isrc/coloredit -Isrc/texteditor -Ifiletype/src -Isubprojects/IncrementalSearchPlugin/src -I/usr/include/qt6 -I/usr/include/qt6/QtWidgets -I/usr/include/qt6/QtSvg -I/usr/include/qt6/QtGui -I/usr/include/qt6/QtNetwork -I/usr/include/qt6/QtCore -I. -I. -I/usr/lib/qt6/mkspecs/linux-g++ -o AbstractGitSession.o src/AbstractGitSession.cpp
g++ -c -pipe -std=c++20 -Wall -Wextra -include /build/guitar/src/Guitar-1.4.0/pragma.h -march=x86-64 -mtune=generic -O2 -pipe -fno-plt -fexceptions -Wp,-D_FORTIFY_SOURCE=3 -Wformat -Werror=format-security -fstack-clash-protection -fcf-protection -fno-omit-frame-pointer -mno-omit-leaf-frame-pointer -Wp,-D_GLIBCXX_ASSERTIONS -g -ffile-prefix-map=/build/guitar/src=/usr/src/debug/guitar -flto=auto -Wall -Wextra -mno-direct-extern-access -D_REENTRANT -DUSE_QT -DAPP_GUITAR -DHAVE_POSIX_OPENPT -DQT_NO_DEBUG -DQT_WIDGETS_LIB -DQT_SVG_LIB -DQT_GUI_LIB -DQT_NETWORK_LIB -DQT_CORE_LIB -I. -Isrc -Isrc/common -Isrc/coloredit -Isrc/texteditor -Ifiletype/src -Isubprojects/IncrementalSearchPlugin/src -I/usr/include/qt6 -I/usr/include/qt6/QtWidgets -I/usr/include/qt6/QtSvg -I/usr/include/qt6/QtGui -I/usr/include/qt6/QtNetwork -I/usr/include/qt6/QtCore -I. -I. -I/usr/lib/qt6/mkspecs/linux-g++ -o AbstractProcess.o src/AbstractProcess.cpp
g++ -c -pipe -std=c++20 -Wall -Wextra -include /build/guitar/src/Guitar-1.4.0/pragma.h -march=x86-64 -mtune=generic -O2 -pipe -fno-plt -fexceptions -Wp,-D_FORTIFY_SOURCE=3 -Wformat -Werror=format-security -fstack-clash-protection -fcf-protection -fno-omit-frame-pointer -mno-omit-leaf-frame-pointer -Wp,-D_GLIBCXX_ASSERTIONS -g -ffile-prefix-map=/build/guitar/src=/usr/src/debug/guitar -flto=auto -Wall -Wextra -mno-direct-extern-access -D_REENTRANT -DUSE_QT -DAPP_GUITAR -DHAVE_POSIX_OPENPT -DQT_NO_DEBUG -DQT_WIDGETS_LIB -DQT_SVG_LIB -DQT_GUI_LIB -DQT_NETWORK_LIB -DQT_CORE_LIB -I. -Isrc -Isrc/common -Isrc/coloredit -Isrc/texteditor -Ifiletype/src -Isubprojects/IncrementalSearchPlugin/src -I/usr/include/qt6 -I/usr/include/qt6/QtWidgets -I/usr/include/qt6/QtSvg -I/usr/include/qt6/QtGui -I/usr/include/qt6/QtNetwork -I/usr/include/qt6/QtCore -I. -I. -I/usr/lib/qt6/mkspecs/linux-g++ -o AbstractSettingForm.o src/AbstractSettingForm.cpp
g++ -c -pipe -std=c++20 -Wall -Wextra -include /build/guitar/src/Guitar-1.4.0/pragma.h -march=x86-64 -mtune=generic -O2 -pipe -fno-plt -fexceptions -Wp,-D_FORTIFY_SOURCE=3 -Wformat -Werror=format-security -fstack-clash-protection -fcf-protection -fno-omit-frame-pointer -mno-omit-leaf-frame-pointer -Wp,-D_GLIBCXX_ASSERTIONS -g -ffile-prefix-map=/build/guitar/src=/usr/src/debug/guitar -flto=auto -Wall -Wextra -mno-direct-extern-access -D_REENTRANT -DUSE_QT -DAPP_GUITAR -DHAVE_POSIX_OPENPT -DQT_NO_DEBUG -DQT_WIDGETS_LIB -DQT_SVG_LIB -DQT_GUI_LIB -DQT_NETWORK_LIB -DQT_CORE_LIB -I. -Isrc -Isrc/common -Isrc/coloredit -Isrc/texteditor -Ifiletype/src -Isubprojects/IncrementalSearchPlugin/src -I/usr/include/qt6 -I/usr/include/qt6/QtWidgets -I/usr/include/qt6/QtSvg -I/usr/include/qt6/QtGui -I/usr/include/qt6/QtNetwork -I/usr/include/qt6/QtCore -I. -I. -I/usr/lib/qt6/mkspecs/linux-g++ -o AddRepositoriesCollectivelyDialog.o src/AddRepositoriesCollectivelyDialog.cpp
g++ -c -pipe -std=c++20 -Wall -Wextra -include /build/guitar/src/Guitar-1.4.0/pragma.h -march=x86-64 -mtune=generic -O2 -pipe -fno-plt -fexceptions -Wp,-D_FORTIFY_SOURCE=3 -Wformat -Werror=format-security -fstack-clash-protection -fcf-protection -fno-omit-frame-pointer -mno-omit-leaf-frame-pointer -Wp,-D_GLIBCXX_ASSERTIONS -g -ffile-prefix-map=/build/guitar/src=/usr/src/debug/guitar -flto=auto -Wall -Wextra -mno-direct-extern-access -D_REENTRANT -DUSE_QT -DAPP_GUITAR -DHAVE_POSIX_OPENPT -DQT_NO_DEBUG -DQT_WIDGETS_LIB -DQT_SVG_LIB -DQT_GUI_LIB -DQT_NETWORK_LIB -DQT_CORE_LIB -I. -Isrc -Isrc/common -Isrc/coloredit -Isrc/texteditor -Ifiletype/src -Isubprojects/IncrementalSearchPlugin/src -I/usr/include/qt6 -I/usr/include/qt6/QtWidgets -I/usr/include/qt6/QtSvg -I/usr/include/qt6/QtGui -I/usr/include/qt6/QtNetwork -I/usr/include/qt6/QtCore -I. -I. -I/usr/lib/qt6/mkspecs/linux-g++ -o AddRepositoryDialog.o src/AddRepositoryDialog.cpp
g++ -c -pipe -std=c++20 -Wall -Wextra -include /build/guitar/src/Guitar-1.4.0/pragma.h -march=x86-64 -mtune=generic -O2 -pipe -fno-plt -fexceptions -Wp,-D_FORTIFY_SOURCE=3 -Wformat -Werror=format-security -fstack-clash-protection -fcf-protection -fno-omit-frame-pointer -mno-omit-leaf-frame-pointer -Wp,-D_GLIBCXX_ASSERTIONS -g -ffile-prefix-map=/build/guitar/src=/usr/src/debug/guitar -flto=auto -Wall -Wextra -mno-direct-extern-access -D_REENTRANT -DUSE_QT -DAPP_GUITAR -DHAVE_POSIX_OPENPT -DQT_NO_DEBUG -DQT_WIDGETS_LIB -DQT_SVG_LIB -DQT_GUI_LIB -DQT_NETWORK_LIB -DQT_CORE_LIB -I. -Isrc -Isrc/common -Isrc/coloredit -Isrc/texteditor -Ifiletype/src -Isubprojects/IncrementalSearchPlugin/src -I/usr/include/qt6 -I/usr/include/qt6/QtWidgets -I/usr/include/qt6/QtSvg -I/usr/include/qt6/QtGui -I/usr/include/qt6/QtNetwork -I/usr/include/qt6/QtCore -I. -I. -I/usr/lib/qt6/mkspecs/linux-g++ -o ApplicationGlobal.o src/ApplicationGlobal.cpp
g++ -c -pipe -std=c++20 -Wall -Wextra -include /build/guitar/src/Guitar-1.4.0/pragma.h -march=x86-64 -mtune=generic -O2 -pipe -fno-plt -fexceptions -Wp,-D_FORTIFY_SOURCE=3 -Wformat -Werror=format-security -fstack-clash-protection -fcf-protection -fno-omit-frame-pointer -mno-omit-leaf-frame-pointer -Wp,-D_GLIBCXX_ASSERTIONS -g -ffile-prefix-map=/build/guitar/src=/usr/src/debug/guitar -flto=auto -Wall -Wextra -mno-direct-extern-access -D_REENTRANT -DUSE_QT -DAPP_GUITAR -DHAVE_POSIX_OPENPT -DQT_NO_DEBUG -DQT_WIDGETS_LIB -DQT_SVG_LIB -DQT_GUI_LIB -DQT_NETWORK_LIB -DQT_CORE_LIB -I. -Isrc -Isrc/common -Isrc/coloredit -Isrc/texteditor -Ifiletype/src -Isubprojects/IncrementalSearchPlugin/src -I/usr/include/qt6 -I/usr/include/qt6/QtWidgets -I/usr/include/qt6/QtSvg -I/usr/include/qt6/QtGui -I/usr/include/qt6/QtNetwork -I/usr/include/qt6/QtCore -I. -I. -I/usr/lib/qt6/mkspecs/linux-g++ -o ApplicationSettings.o src/ApplicationSettings.cpp
g++ -c -pipe -std=c++20 -Wall -Wextra -include /build/guitar/src/Guitar-1.4.0/pragma.h -march=x86-64 -mtune=generic -O2 -pipe -fno-plt -fexceptions -Wp,-D_FORTIFY_SOURCE=3 -Wformat -Werror=format-security -fstack-clash-protection -fcf-protection -fno-omit-frame-pointer -mno-omit-leaf-frame-pointer -Wp,-D_GLIBCXX_ASSERTIONS -g -ffile-prefix-map=/build/guitar/src=/usr/src/debug/guitar -flto=auto -Wall -Wextra -mno-direct-extern-access -D_REENTRANT -DUSE_QT -DAPP_GUITAR -DHAVE_POSIX_OPENPT -DQT_NO_DEBUG -DQT_WIDGETS_LIB -DQT_SVG_LIB -DQT_GUI_LIB -DQT_NETWORK_LIB -DQT_CORE_LIB -I. -Isrc -Isrc/common -Isrc/coloredit -Isrc/texteditor -Ifiletype/src -Isubprojects/IncrementalSearchPlugin/src -I/usr/include/qt6 -I/usr/include/qt6/QtWidgets -I/usr/include/qt6/QtSvg -I/usr/include/qt6/QtGui -I/usr/include/qt6/QtNetwork -I/usr/include/qt6/QtCore -I. -I. -I/usr/lib/qt6/mkspecs/linux-g++ -o AreYouSureYouWantToContinueConnectingDialog.o src/AreYouSureYouWantToContinueConnectingDialog.cpp
g++ -c -pipe -std=c++20 -Wall -Wextra -include /build/guitar/src/Guitar-1.4.0/pragma.h -march=x86-64 -mtune=generic -O2 -pipe -fno-plt -fexceptions -Wp,-D_FORTIFY_SOURCE=3 -Wformat -Werror=format-security -fstack-clash-protection -fcf-protection -fno-omit-frame-pointer -mno-omit-leaf-frame-pointer -Wp,-D_GLIBCXX_ASSERTIONS -g -ffile-prefix-map=/build/guitar/src=/usr/src/debug/guitar -flto=auto -Wall -Wextra -mno-direct-extern-access -D_REENTRANT -DUSE_QT -DAPP_GUITAR -DHAVE_POSIX_OPENPT -DQT_NO_DEBUG -DQT_WIDGETS_LIB -DQT_SVG_LIB -DQT_GUI_LIB -DQT_NETWORK_LIB -DQT_CORE_LIB -I. -Isrc -Isrc/common -Isrc/coloredit -Isrc/texteditor -Ifiletype/src -Isubprojects/IncrementalSearchPlugin/src -I/usr/include/qt6 -I/usr/include/qt6/QtWidgets -I/usr/include/qt6/QtSvg -I/usr/include/qt6/QtGui -I/usr/include/qt6/QtNetwork -I/usr/include/qt6/QtCore -I. -I. -I/usr/lib/qt6/mkspecs/linux-g++ -o AvatarLoader.o src/AvatarLoader.cpp
g++ -c -pipe -std=c++20 -Wall -Wextra -include /build/guitar/src/Guitar-1.4.0/pragma.h -march=x86-64 -mtune=generic -O2 -pipe -fno-plt -fexceptions -Wp,-D_FORTIFY_SOURCE=3 -Wformat -Werror=format-security -fstack-clash-protection -fcf-protection -fno-omit-frame-pointer -mno-omit-leaf-frame-pointer -Wp,-D_GLIBCXX_ASSERTIONS -g -ffile-prefix-map=/build/guitar/src=/usr/src/debug/guitar -flto=auto -Wall -Wextra -mno-direct-extern-access -D_REENTRANT -DUSE_QT -DAPP_GUITAR -DHAVE_POSIX_OPENPT -DQT_NO_DEBUG -DQT_WIDGETS_LIB -DQT_SVG_LIB -DQT_GUI_LIB -DQT_NETWORK_LIB -DQT_CORE_LIB -I. -Isrc -Isrc/common -Isrc/coloredit -Isrc/texteditor -Ifiletype/src -Isubprojects/IncrementalSearchPlugin/src -I/usr/include/qt6 -I/usr/include/qt6/QtWidgets -I/usr/include/qt6/QtSvg -I/usr/include/qt6/QtGui -I/usr/include/qt6/QtNetwork -I/usr/include/qt6/QtCore -I. -I. -I/usr/lib/qt6/mkspecs/linux-g++ -o BigDiffWindow.o src/BigDiffWindow.cpp
g++ -c -pipe -std=c++20 -Wall -Wextra -include /build/guitar/src/Guitar-1.4.0/pragma.h -march=x86-64 -mtune=generic -O2 -pipe -fno-plt -fexceptions -Wp,-D_FORTIFY_SOURCE=3 -Wformat -Werror=format-security -fstack-clash-protection -fcf-protection -fno-omit-frame-pointer -mno-omit-leaf-frame-pointer -Wp,-D_GLIBCXX_ASSERTIONS -g -ffile-prefix-map=/build/guitar/src=/usr/src/debug/guitar -flto=auto -Wall -Wextra -mno-direct-extern-access -D_REENTRANT -DUSE_QT -DAPP_GUITAR -DHAVE_POSIX_OPENPT -DQT_NO_DEBUG -DQT_WIDGETS_LIB -DQT_SVG_LIB -DQT_GUI_LIB -DQT_NETWORK_LIB -DQT_CORE_LIB -I. -Isrc -Isrc/common -Isrc/coloredit -Isrc/texteditor -Ifiletype/src -Isubprojects/IncrementalSearchPlugin/src -I/usr/include/qt6 -I/usr/include/qt6/QtWidgets -I/usr/include/qt6/QtSvg -I/usr/include/qt6/QtGui -I/usr/include/qt6/QtNetwork -I/usr/include/qt6/QtCore -I. -I. -I/usr/lib/qt6/mkspecs/linux-g++ -o BlameWindow.o src/BlameWindow.cpp
g++ -c -pipe -std=c++20 -Wall -Wextra -include /build/guitar/src/Guitar-1.4.0/pragma.h -march=x86-64 -mtune=generic -O2 -pipe -fno-plt -fexceptions -Wp,-D_FORTIFY_SOURCE=3 -Wformat -Werror=format-security -fstack-clash-protection -fcf-protection -fno-omit-frame-pointer -mno-omit-leaf-frame-pointer -Wp,-D_GLIBCXX_ASSERTIONS -g -ffile-prefix-map=/build/guitar/src=/usr/src/debug/guitar -flto=auto -Wall -Wextra -mno-direct-extern-access -D_REENTRANT -DUSE_QT -DAPP_GUITAR -DHAVE_POSIX_OPENPT -DQT_NO_DEBUG -DQT_WIDGETS_LIB -DQT_SVG_LIB -DQT_GUI_LIB -DQT_NETWORK_LIB -DQT_CORE_LIB -I. -Isrc -Isrc/common -Isrc/coloredit -Isrc/texteditor -Ifiletype/src -Isubprojects/IncrementalSearchPlugin/src -I/usr/include/qt6 -I/usr/include/qt6/QtWidgets -I/usr/include/qt6/QtSvg -I/usr/include/qt6/QtGui -I/usr/include/qt6/QtNetwork -I/usr/include/qt6/QtCore -I. -I. -I/usr/lib/qt6/mkspecs/linux-g++ -o BlockSignals.o src/BlockSignals.cpp
g++ -c -pipe -std=c++20 -Wall -Wextra -include /build/guitar/src/Guitar-1.4.0/pragma.h -march=x86-64 -mtune=generic -O2 -pipe -fno-plt -fexceptions -Wp,-D_FORTIFY_SOURCE=3 -Wformat -Werror=format-security -fstack-clash-protection -fcf-protection -fno-omit-frame-pointer -mno-omit-leaf-frame-pointer -Wp,-D_GLIBCXX_ASSERTIONS -g -ffile-prefix-map=/build/guitar/src=/usr/src/debug/guitar -flto=auto -Wall -Wextra -mno-direct-extern-access -D_REENTRANT -DUSE_QT -DAPP_GUITAR -DHAVE_POSIX_OPENPT -DQT_NO_DEBUG -DQT_WIDGETS_LIB -DQT_SVG_LIB -DQT_GUI_LIB -DQT_NETWORK_LIB -DQT_CORE_LIB -I. -Isrc -Isrc/common -Isrc/coloredit -Isrc/texteditor -Ifiletype/src -Isubprojects/IncrementalSearchPlugin/src -I/usr/include/qt6 -I/usr/include/qt6/QtWidgets -I/usr/include/qt6/QtSvg -I/usr/include/qt6/QtGui -I/usr/include/qt6/QtNetwork -I/usr/include/qt6/QtCore -I. -I. -I/usr/lib/qt6/mkspecs/linux-g++ -o BranchLabel.o src/BranchLabel.cpp
g++ -c -pipe -std=c++20 -Wall -Wextra -include /build/guitar/src/Guitar-1.4.0/pragma.h -march=x86-64 -mtune=generic -O2 -pipe -fno-plt -fexceptions -Wp,-D_FORTIFY_SOURCE=3 -Wformat -Werror=format-security -fstack-clash-protection -fcf-protection -fno-omit-frame-pointer -mno-omit-leaf-frame-pointer -Wp,-D_GLIBCXX_ASSERTIONS -g -ffile-prefix-map=/build/guitar/src=/usr/src/debug/guitar -flto=auto -Wall -Wextra -mno-direct-extern-access -D_REENTRANT -DUSE_QT -DAPP_GUITAR -DHAVE_POSIX_OPENPT -DQT_NO_DEBUG -DQT_WIDGETS_LIB -DQT_SVG_LIB -DQT_GUI_LIB -DQT_NETWORK_LIB -DQT_CORE_LIB -I. -Isrc -Isrc/common -Isrc/coloredit -Isrc/texteditor -Ifiletype/src -Isubprojects/IncrementalSearchPlugin/src -I/usr/include/qt6 -I/usr/include/qt6/QtWidgets -I/usr/include/qt6/QtSvg -I/usr/include/qt6/QtGui -I/usr/include/qt6/QtNetwork -I/usr/include/qt6/QtCore -I. -I. -I/usr/lib/qt6/mkspecs/linux-g++ -o CheckoutDialog.o src/CheckoutDialog.cpp
g++ -c -pipe -std=c++20 -Wall -Wextra -include /build/guitar/src/Guitar-1.4.0/pragma.h -march=x86-64 -mtune=generic -O2 -pipe -fno-plt -fexceptions -Wp,-D_FORTIFY_SOURCE=3 -Wformat -Werror=format-security -fstack-clash-protection -fcf-protection -fno-omit-frame-pointer -mno-omit-leaf-frame-pointer -Wp,-D_GLIBCXX_ASSERTIONS -g -ffile-prefix-map=/build/guitar/src=/usr/src/debug/guitar -flto=auto -Wall -Wextra -mno-direct-extern-access -D_REENTRANT -DUSE_QT -DAPP_GUITAR -DHAVE_POSIX_OPENPT -DQT_NO_DEBUG -DQT_WIDGETS_LIB -DQT_SVG_LIB -DQT_GUI_LIB -DQT_NETWORK_LIB -DQT_CORE_LIB -I. -Isrc -Isrc/common -Isrc/coloredit -Isrc/texteditor -Ifiletype/src -Isubprojects/IncrementalSearchPlugin/src -I/usr/include/qt6 -I/usr/include/qt6/QtWidgets -I/usr/include/qt6/QtSvg -I/usr/include/qt6/QtGui -I/usr/include/qt6/QtNetwork -I/usr/include/qt6/QtCore -I. -I. -I/usr/lib/qt6/mkspecs/linux-g++ -o CherryPickDialog.o src/CherryPickDialog.cpp
g++ -c -pipe -std=c++20 -Wall -Wextra -include /build/guitar/src/Guitar-1.4.0/pragma.h -march=x86-64 -mtune=generic -O2 -pipe -fno-plt -fexceptions -Wp,-D_FORTIFY_SOURCE=3 -Wformat -Werror=format-security -fstack-clash-protection -fcf-protection -fno-omit-frame-pointer -mno-omit-leaf-frame-pointer -Wp,-D_GLIBCXX_ASSERTIONS -g -ffile-prefix-map=/build/guitar/src=/usr/src/debug/guitar -flto=auto -Wall -Wextra -mno-direct-extern-access -D_REENTRANT -DUSE_QT -DAPP_GUITAR -DHAVE_POSIX_OPENPT -DQT_NO_DEBUG -DQT_WIDGETS_LIB -DQT_SVG_LIB -DQT_GUI_LIB -DQT_NETWORK_LIB -DQT_CORE_LIB -I. -Isrc -Isrc/common -Isrc/coloredit -Isrc/texteditor -Ifiletype/src -Isubprojects/IncrementalSearchPlugin/src -I/usr/include/qt6 -I/usr/include/qt6/QtWidgets -I/usr/include/qt6/QtSvg -I/usr/include/qt6/QtGui -I/usr/include/qt6/QtNetwork -I/usr/include/qt6/QtCore -I. -I. -I/usr/lib/qt6/mkspecs/linux-g++ -o CleanSubModuleDialog.o src/CleanSubModuleDialog.cpp
g++ -c -pipe -std=c++20 -Wall -Wextra -include /build/guitar/src/Guitar-1.4.0/pragma.h -march=x86-64 -mtune=generic -O2 -pipe -fno-plt -fexceptions -Wp,-D_FORTIFY_SOURCE=3 -Wformat -Werror=format-security -fstack-clash-protection -fcf-protection -fno-omit-frame-pointer -mno-omit-leaf-frame-pointer -Wp,-D_GLIBCXX_ASSERTIONS -g -ffile-prefix-map=/build/guitar/src=/usr/src/debug/guitar -flto=auto -Wall -Wextra -mno-direct-extern-access -D_REENTRANT -DUSE_QT -DAPP_GUITAR -DHAVE_POSIX_OPENPT -DQT_NO_DEBUG -DQT_WIDGETS_LIB -DQT_SVG_LIB -DQT_GUI_LIB -DQT_NETWORK_LIB -DQT_CORE_LIB -I. -Isrc -Isrc/common -Isrc/coloredit -Isrc/texteditor -Ifiletype/src -Isubprojects/IncrementalSearchPlugin/src -I/usr/include/qt6 -I/usr/include/qt6/QtWidgets -I/usr/include/qt6/QtSvg -I/usr/include/qt6/QtGui -I/usr/include/qt6/QtNetwork -I/usr/include/qt6/QtCore -I. -I. -I/usr/lib/qt6/mkspecs/linux-g++ -o ClearButton.o src/ClearButton.cpp
g++ -c -pipe -std=c++20 -Wall -Wextra -include /build/guitar/src/Guitar-1.4.0/pragma.h -march=x86-64 -mtune=generic -O2 -pipe -fno-plt -fexceptions -Wp,-D_FORTIFY_SOURCE=3 -Wformat -Werror=format-security -fstack-clash-protection -fcf-protection -fno-omit-frame-pointer -mno-omit-leaf-frame-pointer -Wp,-D_GLIBCXX_ASSERTIONS -g -ffile-prefix-map=/build/guitar/src=/usr/src/debug/guitar -flto=auto -Wall -Wextra -mno-direct-extern-access -D_REENTRANT -DUSE_QT -DAPP_GUITAR -DHAVE_POSIX_OPENPT -DQT_NO_DEBUG -DQT_WIDGETS_LIB -DQT_SVG_LIB -DQT_GUI_LIB -DQT_NETWORK_LIB -DQT_CORE_LIB -I. -Isrc -Isrc/common -Isrc/coloredit -Isrc/texteditor -Ifiletype/src -Isubprojects/IncrementalSearchPlugin/src -I/usr/include/qt6 -I/usr/include/qt6/QtWidgets -I/usr/include/qt6/QtSvg -I/usr/include/qt6/QtGui -I/usr/include/qt6/QtNetwork -I/usr/include/qt6/QtCore -I. -I. -I/usr/lib/qt6/mkspecs/linux-g++ -o CloneFromGitHubDialog.o src/CloneFromGitHubDialog.cpp
g++ -c -pipe -std=c++20 -Wall -Wextra -include /build/guitar/src/Guitar-1.4.0/pragma.h -march=x86-64 -mtune=generic -O2 -pipe -fno-plt -fexceptions -Wp,-D_FORTIFY_SOURCE=3 -Wformat -Werror=format-security -fstack-clash-protection -fcf-protection -fno-omit-frame-pointer -mno-omit-leaf-frame-pointer -Wp,-D_GLIBCXX_ASSERTIONS -g -ffile-prefix-map=/build/guitar/src=/usr/src/debug/guitar -flto=auto -Wall -Wextra -mno-direct-extern-access -D_REENTRANT -DUSE_QT -DAPP_GUITAR -DHAVE_POSIX_OPENPT -DQT_NO_DEBUG -DQT_WIDGETS_LIB -DQT_SVG_LIB -DQT_GUI_LIB -DQT_NETWORK_LIB -DQT_CORE_LIB -I. -Isrc -Isrc/common -Isrc/coloredit -Isrc/texteditor -Ifiletype/src -Isubprojects/IncrementalSearchPlugin/src -I/usr/include/qt6 -I/usr/include/qt6/QtWidgets -I/usr/include/qt6/QtSvg -I/usr/include/qt6/QtGui -I/usr/include/qt6/QtNetwork -I/usr/include/qt6/QtCore -I. -I. -I/usr/lib/qt6/mkspecs/linux-g++ -o ColorButton.o src/ColorButton.cpp
g++ -c -pipe -std=c++20 -Wall -Wextra -include /build/guitar/src/Guitar-1.4.0/pragma.h -march=x86-64 -mtune=generic -O2 -pipe -fno-plt -fexceptions -Wp,-D_FORTIFY_SOURCE=3 -Wformat -Werror=format-security -fstack-clash-protection -fcf-protection -fno-omit-frame-pointer -mno-omit-leaf-frame-pointer -Wp,-D_GLIBCXX_ASSERTIONS -g -ffile-prefix-map=/build/guitar/src=/usr/src/debug/guitar -flto=auto -Wall -Wextra -mno-direct-extern-access -D_REENTRANT -DUSE_QT -DAPP_GUITAR -DHAVE_POSIX_OPENPT -DQT_NO_DEBUG -DQT_WIDGETS_LIB -DQT_SVG_LIB -DQT_GUI_LIB -DQT_NETWORK_LIB -DQT_CORE_LIB -I. -Isrc -Isrc/common -Isrc/coloredit -Isrc/texteditor -Ifiletype/src -Isubprojects/IncrementalSearchPlugin/src -I/usr/include/qt6 -I/usr/include/qt6/QtWidgets -I/usr/include/qt6/QtSvg -I/usr/include/qt6/QtGui -I/usr/include/qt6/QtNetwork -I/usr/include/qt6/QtCore -I. -I. -I/usr/lib/qt6/mkspecs/linux-g++ -o CommitDetailGetter.o src/CommitDetailGetter.cpp
g++ -c -pipe -std=c++20 -Wall -Wextra -include /build/guitar/src/Guitar-1.4.0/pragma.h -march=x86-64 -mtune=generic -O2 -pipe -fno-plt -fexceptions -Wp,-D_FORTIFY_SOURCE=3 -Wformat -Werror=format-security -fstack-clash-protection -fcf-protection -fno-omit-frame-pointer -mno-omit-leaf-frame-pointer -Wp,-D_GLIBCXX_ASSERTIONS -g -ffile-prefix-map=/build/guitar/src=/usr/src/debug/guitar -flto=auto -Wall -Wextra -mno-direct-extern-access -D_REENTRANT -DUSE_QT -DAPP_GUITAR -DHAVE_POSIX_OPENPT -DQT_NO_DEBUG -DQT_WIDGETS_LIB -DQT_SVG_LIB -DQT_GUI_LIB -DQT_NETWORK_LIB -DQT_CORE_LIB -I. -Isrc -Isrc/common -Isrc/coloredit -Isrc/texteditor -Ifiletype/src -Isubprojects/IncrementalSearchPlugin/src -I/usr/include/qt6 -I/usr/include/qt6/QtWidgets -I/usr/include/qt6/QtSvg -I/usr/include/qt6/QtGui -I/usr/include/qt6/QtNetwork -I/usr/include/qt6/QtCore -I. -I. -I/usr/lib/qt6/mkspecs/linux-g++ -o CommitDialog.o src/CommitDialog.cpp
g++ -c -pipe -std=c++20 -Wall -Wextra -include /build/guitar/src/Guitar-1.4.0/pragma.h -march=x86-64 -mtune=generic -O2 -pipe -fno-plt -fexceptions -Wp,-D_FORTIFY_SOURCE=3 -Wformat -Werror=format-security -fstack-clash-protection -fcf-protection -fno-omit-frame-pointer -mno-omit-leaf-frame-pointer -Wp,-D_GLIBCXX_ASSERTIONS -g -ffile-prefix-map=/build/guitar/src=/usr/src/debug/guitar -flto=auto -Wall -Wextra -mno-direct-extern-access -D_REENTRANT -DUSE_QT -DAPP_GUITAR -DHAVE_POSIX_OPENPT -DQT_NO_DEBUG -DQT_WIDGETS_LIB -DQT_SVG_LIB -DQT_GUI_LIB -DQT_NETWORK_LIB -DQT_CORE_LIB -I. -Isrc -Isrc/common -Isrc/coloredit -Isrc/texteditor -Ifiletype/src -Isubprojects/IncrementalSearchPlugin/src -I/usr/include/qt6 -I/usr/include/qt6/QtWidgets -I/usr/include/qt6/QtSvg -I/usr/include/qt6/QtGui -I/usr/include/qt6/QtNetwork -I/usr/include/qt6/QtCore -I. -I. -I/usr/lib/qt6/mkspecs/linux-g++ -o CommitExploreWindow.o src/CommitExploreWindow.cpp
g++ -c -pipe -std=c++20 -Wall -Wextra -include /build/guitar/src/Guitar-1.4.0/pragma.h -march=x86-64 -mtune=generic -O2 -pipe -fno-plt -fexceptions -Wp,-D_FORTIFY_SOURCE=3 -Wformat -Werror=format-security -fstack-clash-protection -fcf-protection -fno-omit-frame-pointer -mno-omit-leaf-frame-pointer -Wp,-D_GLIBCXX_ASSERTIONS -g -ffile-prefix-map=/build/guitar/src=/usr/src/debug/guitar -flto=auto -Wall -Wextra -mno-direct-extern-access -D_REENTRANT -DUSE_QT -DAPP_GUITAR -DHAVE_POSIX_OPENPT -DQT_NO_DEBUG -DQT_WIDGETS_LIB -DQT_SVG_LIB -DQT_GUI_LIB -DQT_NETWORK_LIB -DQT_CORE_LIB -I. -Isrc -Isrc/common -Isrc/coloredit -Isrc/texteditor -Ifiletype/src -Isubprojects/IncrementalSearchPlugin/src -I/usr/include/qt6 -I/usr/include/qt6/QtWidgets -I/usr/include/qt6/QtSvg -I/usr/include/qt6/QtGui -I/usr/include/qt6/QtNetwork -I/usr/include/qt6/QtCore -I. -I. -I/usr/lib/qt6/mkspecs/linux-g++ -o CommitLogTableWidget.o src/CommitLogTableWidget.cpp
g++ -c -pipe -std=c++20 -Wall -Wextra -include /build/guitar/src/Guitar-1.4.0/pragma.h -march=x86-64 -mtune=generic -O2 -pipe -fno-plt -fexceptions -Wp,-D_FORTIFY_SOURCE=3 -Wformat -Werror=format-security -fstack-clash-protection -fcf-protection -fno-omit-frame-pointer -mno-omit-leaf-frame-pointer -Wp,-D_GLIBCXX_ASSERTIONS -g -ffile-prefix-map=/build/guitar/src=/usr/src/debug/guitar -flto=auto -Wall -Wextra -mno-direct-extern-access -D_REENTRANT -DUSE_QT -DAPP_GUITAR -DHAVE_POSIX_OPENPT -DQT_NO_DEBUG -DQT_WIDGETS_LIB -DQT_SVG_LIB -DQT_GUI_LIB -DQT_NETWORK_LIB -DQT_CORE_LIB -I. -Isrc -Isrc/common -Isrc/coloredit -Isrc/texteditor -Ifiletype/src -Isubprojects/IncrementalSearchPlugin/src -I/usr/include/qt6 -I/usr/include/qt6/QtWidgets -I/usr/include/qt6/QtSvg -I/usr/include/qt6/QtGui -I/usr/include/qt6/QtNetwork -I/usr/include/qt6/QtCore -I. -I. -I/usr/lib/qt6/mkspecs/linux-g++ -o CommitPropertyDialog.o src/CommitPropertyDialog.cpp
g++ -c -pipe -std=c++20 -Wall -Wextra -include /build/guitar/src/Guitar-1.4.0/pragma.h -march=x86-64 -mtune=generic -O2 -pipe -fno-plt -fexceptions -Wp,-D_FORTIFY_SOURCE=3 -Wformat -Werror=format-security -fstack-clash-protection -fcf-protection -fno-omit-frame-pointer -mno-omit-leaf-frame-pointer -Wp,-D_GLIBCXX_ASSERTIONS -g -ffile-prefix-map=/build/guitar/src=/usr/src/debug/guitar -flto=auto -Wall -Wextra -mno-direct-extern-access -D_REENTRANT -DUSE_QT -DAPP_GUITAR -DHAVE_POSIX_OPENPT -DQT_NO_DEBUG -DQT_WIDGETS_LIB -DQT_SVG_LIB -DQT_GUI_LIB -DQT_NETWORK_LIB -DQT_CORE_LIB -I. -Isrc -Isrc/common -Isrc/coloredit -Isrc/texteditor -Ifiletype/src -Isubprojects/IncrementalSearchPlugin/src -I/usr/include/qt6 -I/usr/include/qt6/QtWidgets -I/usr/include/qt6/QtSvg -I/usr/include/qt6/QtGui -I/usr/include/qt6/QtNetwork -I/usr/include/qt6/QtCore -I. -I. -I/usr/lib/qt6/mkspecs/linux-g++ -o CommitViewWindow.o src/CommitViewWindow.cpp
g++ -c -pipe -std=c++20 -Wall -Wextra -include /build/guitar/src/Guitar-1.4.0/pragma.h -march=x86-64 -mtune=generic -O2 -pipe -fno-plt -fexceptions -Wp,-D_FORTIFY_SOURCE=3 -Wformat -Werror=format-security -fstack-clash-protection -fcf-protection -fno-omit-frame-pointer -mno-omit-leaf-frame-pointer -Wp,-D_GLIBCXX_ASSERTIONS -g -ffile-prefix-map=/build/guitar/src=/usr/src/debug/guitar -flto=auto -Wall -Wextra -mno-direct-extern-access -D_REENTRANT -DUSE_QT -DAPP_GUITAR -DHAVE_POSIX_OPENPT -DQT_NO_DEBUG -DQT_WIDGETS_LIB -DQT_SVG_LIB -DQT_GUI_LIB -DQT_NETWORK_LIB -DQT_CORE_LIB -I. -Isrc -Isrc/common -Isrc/coloredit -Isrc/texteditor -Ifiletype/src -Isubprojects/IncrementalSearchPlugin/src -I/usr/include/qt6 -I/usr/include/qt6/QtWidgets -I/usr/include/qt6/QtSvg -I/usr/include/qt6/QtGui -I/usr/include/qt6/QtNetwork -I/usr/include/qt6/QtCore -I. -I. -I/usr/lib/qt6/mkspecs/linux-g++ -o ConfigCredentialHelperDialog.o src/ConfigCredentialHelperDialog.cpp
g++ -c -pipe -std=c++20 -Wall -Wextra -include /build/guitar/src/Guitar-1.4.0/pragma.h -march=x86-64 -mtune=generic -O2 -pipe -fno-plt -fexceptions -Wp,-D_FORTIFY_SOURCE=3 -Wformat -Werror=format-security -fstack-clash-protection -fcf-protection -fno-omit-frame-pointer -mno-omit-leaf-frame-pointer -Wp,-D_GLIBCXX_ASSERTIONS -g -ffile-prefix-map=/build/guitar/src=/usr/src/debug/guitar -flto=auto -Wall -Wextra -mno-direct-extern-access -D_REENTRANT -DUSE_QT -DAPP_GUITAR -DHAVE_POSIX_OPENPT -DQT_NO_DEBUG -DQT_WIDGETS_LIB -DQT_SVG_LIB -DQT_GUI_LIB -DQT_NETWORK_LIB -DQT_CORE_LIB -I. -Isrc -Isrc/common -Isrc/coloredit -Isrc/texteditor -Ifiletype/src -Isubprojects/IncrementalSearchPlugin/src -I/usr/include/qt6 -I/usr/include/qt6/QtWidgets -I/usr/include/qt6/QtSvg -I/usr/include/qt6/QtGui -I/usr/include/qt6/QtNetwork -I/usr/include/qt6/QtCore -I. -I. -I/usr/lib/qt6/mkspecs/linux-g++ -o ConfigSigningDialog.o src/ConfigSigningDialog.cpp
g++ -c -pipe -std=c++20 -Wall -Wextra -include /build/guitar/src/Guitar-1.4.0/pragma.h -march=x86-64 -mtune=generic -O2 -pipe -fno-plt -fexceptions -Wp,-D_FORTIFY_SOURCE=3 -Wformat -Werror=format-security -fstack-clash-protection -fcf-protection -fno-omit-frame-pointer -mno-omit-leaf-frame-pointer -Wp,-D_GLIBCXX_ASSERTIONS -g -ffile-prefix-map=/build/guitar/src=/usr/src/debug/guitar -flto=auto -Wall -Wextra -mno-direct-extern-access -D_REENTRANT -DUSE_QT -DAPP_GUITAR -DHAVE_POSIX_OPENPT -DQT_NO_DEBUG -DQT_WIDGETS_LIB -DQT_SVG_LIB -DQT_GUI_LIB -DQT_NETWORK_LIB -DQT_CORE_LIB -I. -Isrc -Isrc/common -Isrc/coloredit -Isrc/texteditor -Ifiletype/src -Isubprojects/IncrementalSearchPlugin/src -I/usr/include/qt6 -I/usr/include/qt6/QtWidgets -I/usr/include/qt6/QtSvg -I/usr/include/qt6/QtGui -I/usr/include/qt6/QtNetwork -I/usr/include/qt6/QtCore -I. -I. -I/usr/lib/qt6/mkspecs/linux-g++ -o ConfigUserDialog.o src/ConfigUserDialog.cpp
g++ -c -pipe -std=c++20 -Wall -Wextra -include /build/guitar/src/Guitar-1.4.0/pragma.h -march=x86-64 -mtune=generic -O2 -pipe -fno-plt -fexceptions -Wp,-D_FORTIFY_SOURCE=3 -Wformat -Werror=format-security -fstack-clash-protection -fcf-protection -fno-omit-frame-pointer -mno-omit-leaf-frame-pointer -Wp,-D_GLIBCXX_ASSERTIONS -g -ffile-prefix-map=/build/guitar/src=/usr/src/debug/guitar -flto=auto -Wall -Wextra -mno-direct-extern-access -D_REENTRANT -DUSE_QT -DAPP_GUITAR -DHAVE_POSIX_OPENPT -DQT_NO_DEBUG -DQT_WIDGETS_LIB -DQT_SVG_LIB -DQT_GUI_LIB -DQT_NETWORK_LIB -DQT_CORE_LIB -I. -Isrc -Isrc/common -Isrc/coloredit -Isrc/texteditor -Ifiletype/src -Isubprojects/IncrementalSearchPlugin/src -I/usr/include/qt6 -I/usr/include/qt6/QtWidgets -I/usr/include/qt6/QtSvg -I/usr/include/qt6/QtGui -I/usr/include/qt6/QtNetwork -I/usr/include/qt6/QtCore -I. -I. -I/usr/lib/qt6/mkspecs/linux-g++ -o CreateRepositoryDialog.o src/CreateRepositoryDialog.cpp
g++ -c -pipe -std=c++20 -Wall -Wextra -include /build/guitar/src/Guitar-1.4.0/pragma.h -march=x86-64 -mtune=generic -O2 -pipe -fno-plt -fexceptions -Wp,-D_FORTIFY_SOURCE=3 -Wformat -Werror=format-security -fstack-clash-protection -fcf-protection -fno-omit-frame-pointer -mno-omit-leaf-frame-pointer -Wp,-D_GLIBCXX_ASSERTIONS -g -ffile-prefix-map=/build/guitar/src=/usr/src/debug/guitar -flto=auto -Wall -Wextra -mno-direct-extern-access -D_REENTRANT -DUSE_QT -DAPP_GUITAR -DHAVE_POSIX_OPENPT -DQT_NO_DEBUG -DQT_WIDGETS_LIB -DQT_SVG_LIB -DQT_GUI_LIB -DQT_NETWORK_LIB -DQT_CORE_LIB -I. -Isrc -Isrc/common -Isrc/coloredit -Isrc/texteditor -Ifiletype/src -Isubprojects/IncrementalSearchPlugin/src -I/usr/include/qt6 -I/usr/include/qt6/QtWidgets -I/usr/include/qt6/QtSvg -I/usr/include/qt6/QtGui -I/usr/include/qt6/QtNetwork -I/usr/include/qt6/QtCore -I. -I. -I/usr/lib/qt6/mkspecs/linux-g++ -o DeleteBranchDialog.o src/DeleteBranchDialog.cpp
g++ -c -pipe -std=c++20 -Wall -Wextra -include /build/guitar/src/Guitar-1.4.0/pragma.h -march=x86-64 -mtune=generic -O2 -pipe -fno-plt -fexceptions -Wp,-D_FORTIFY_SOURCE=3 -Wformat -Werror=format-security -fstack-clash-protection -fcf-protection -fno-omit-frame-pointer -mno-omit-leaf-frame-pointer -Wp,-D_GLIBCXX_ASSERTIONS -g -ffile-prefix-map=/build/guitar/src=/usr/src/debug/guitar -flto=auto -Wall -Wextra -mno-direct-extern-access -D_REENTRANT -DUSE_QT -DAPP_GUITAR -DHAVE_POSIX_OPENPT -DQT_NO_DEBUG -DQT_WIDGETS_LIB -DQT_SVG_LIB -DQT_GUI_LIB -DQT_NETWORK_LIB -DQT_CORE_LIB -I. -Isrc -Isrc/common -Isrc/coloredit -Isrc/texteditor -Ifiletype/src -Isubprojects/IncrementalSearchPlugin/src -I/usr/include/qt6 -I/usr/include/qt6/QtWidgets -I/usr/include/qt6/QtSvg -I/usr/include/qt6/QtGui -I/usr/include/qt6/QtNetwork -I/usr/include/qt6/QtCore -I. -I. -I/usr/lib/qt6/mkspecs/linux-g++ -o DeleteTagsDialog.o src/DeleteTagsDialog.cpp
g++ -c -pipe -std=c++20 -Wall -Wextra -include /build/guitar/src/Guitar-1.4.0/pragma.h -march=x86-64 -mtune=generic -O2 -pipe -fno-plt -fexceptions -Wp,-D_FORTIFY_SOURCE=3 -Wformat -Werror=format-security -fstack-clash-protection -fcf-protection -fno-omit-frame-pointer -mno-omit-leaf-frame-pointer -Wp,-D_GLIBCXX_ASSERTIONS -g -ffile-prefix-map=/build/guitar/src=/usr/src/debug/guitar -flto=auto -Wall -Wextra -mno-direct-extern-access -D_REENTRANT -DUSE_QT -DAPP_GUITAR -DHAVE_POSIX_OPENPT -DQT_NO_DEBUG -DQT_WIDGETS_LIB -DQT_SVG_LIB -DQT_GUI_LIB -DQT_NETWORK_LIB -DQT_CORE_LIB -I. -Isrc -Isrc/common -Isrc/coloredit -Isrc/texteditor -Ifiletype/src -Isubprojects/IncrementalSearchPlugin/src -I/usr/include/qt6 -I/usr/include/qt6/QtWidgets -I/usr/include/qt6/QtSvg -I/usr/include/qt6/QtGui -I/usr/include/qt6/QtNetwork -I/usr/include/qt6/QtCore -I. -I. -I/usr/lib/qt6/mkspecs/linux-g++ -o DialogHeaderFrame.o src/DialogHeaderFrame.cpp
g++ -c -pipe -std=c++20 -Wall -Wextra -include /build/guitar/src/Guitar-1.4.0/pragma.h -march=x86-64 -mtune=generic -O2 -pipe -fno-plt -fexceptions -Wp,-D_FORTIFY_SOURCE=3 -Wformat -Werror=format-security -fstack-clash-protection -fcf-protection -fno-omit-frame-pointer -mno-omit-leaf-frame-pointer -Wp,-D_GLIBCXX_ASSERTIONS -g -ffile-prefix-map=/build/guitar/src=/usr/src/debug/guitar -flto=auto -Wall -Wextra -mno-direct-extern-access -D_REENTRANT -DUSE_QT -DAPP_GUITAR -DHAVE_POSIX_OPENPT -DQT_NO_DEBUG -DQT_WIDGETS_LIB -DQT_SVG_LIB -DQT_GUI_LIB -DQT_NETWORK_LIB -DQT_CORE_LIB -I. -Isrc -Isrc/common -Isrc/coloredit -Isrc/texteditor -Ifiletype/src -Isubprojects/IncrementalSearchPlugin/src -I/usr/include/qt6 -I/usr/include/qt6/QtWidgets -I/usr/include/qt6/QtSvg -I/usr/include/qt6/QtGui -I/usr/include/qt6/QtNetwork -I/usr/include/qt6/QtCore -I. -I. -I/usr/lib/qt6/mkspecs/linux-g++ -o DoYouWantToInitDialog.o src/DoYouWantToInitDialog.cpp
g++ -c -pipe -std=c++20 -Wall -Wextra -include /build/guitar/src/Guitar-1.4.0/pragma.h -march=x86-64 -mtune=generic -O2 -pipe -fno-plt -fexceptions -Wp,-D_FORTIFY_SOURCE=3 -Wformat -Werror=format-security -fstack-clash-protection -fcf-protection -fno-omit-frame-pointer -mno-omit-leaf-frame-pointer -Wp,-D_GLIBCXX_ASSERTIONS -g -ffile-prefix-map=/build/guitar/src=/usr/src/debug/guitar -flto=auto -Wall -Wextra -mno-direct-extern-access -D_REENTRANT -DUSE_QT -DAPP_GUITAR -DHAVE_POSIX_OPENPT -DQT_NO_DEBUG -DQT_WIDGETS_LIB -DQT_SVG_LIB -DQT_GUI_LIB -DQT_NETWORK_LIB -DQT_CORE_LIB -I. -Isrc -Isrc/common -Isrc/coloredit -Isrc/texteditor -Ifiletype/src -Isubprojects/IncrementalSearchPlugin/src -I/usr/include/qt6 -I/usr/include/qt6/QtWidgets -I/usr/include/qt6/QtSvg -I/usr/include/qt6/QtGui -I/usr/include/qt6/QtNetwork -I/usr/include/qt6/QtCore -I. -I. -I/usr/lib/qt6/mkspecs/linux-g++ -o DropDownListFrame.o src/DropDownListFrame.cpp
g++ -c -pipe -std=c++20 -Wall -Wextra -include /build/guitar/src/Guitar-1.4.0/pragma.h -march=x86-64 -mtune=generic -O2 -pipe -fno-plt -fexceptions -Wp,-D_FORTIFY_SOURCE=3 -Wformat -Werror=format-security -fstack-clash-protection -fcf-protection -fno-omit-frame-pointer -mno-omit-leaf-frame-pointer -Wp,-D_GLIBCXX_ASSERTIONS -g -ffile-prefix-map=/build/guitar/src=/usr/src/debug/guitar -flto=auto -Wall -Wextra -mno-direct-extern-access -D_REENTRANT -DUSE_QT -DAPP_GUITAR -DHAVE_POSIX_OPENPT -DQT_NO_DEBUG -DQT_WIDGETS_LIB -DQT_SVG_LIB -DQT_GUI_LIB -DQT_NETWORK_LIB -DQT_CORE_LIB -I. -Isrc -Isrc/common -Isrc/coloredit -Isrc/texteditor -Ifiletype/src -Isubprojects/IncrementalSearchPlugin/src -I/usr/include/qt6 -I/usr/include/qt6/QtWidgets -I/usr/include/qt6/QtSvg -I/usr/include/qt6/QtGui -I/usr/include/qt6/QtNetwork -I/usr/include/qt6/QtCore -I. -I. -I/usr/lib/qt6/mkspecs/linux-g++ -o EditGitIgnoreDialog.o src/EditGitIgnoreDialog.cpp
g++ -c -pipe -std=c++20 -Wall -Wextra -include /build/guitar/src/Guitar-1.4.0/pragma.h -march=x86-64 -mtune=generic -O2 -pipe -fno-plt -fexceptions -Wp,-D_FORTIFY_SOURCE=3 -Wformat -Werror=format-security -fstack-clash-protection -fcf-protection -fno-omit-frame-pointer -mno-omit-leaf-frame-pointer -Wp,-D_GLIBCXX_ASSERTIONS -g -ffile-prefix-map=/build/guitar/src=/usr/src/debug/guitar -flto=auto -Wall -Wextra -mno-direct-extern-access -D_REENTRANT -DUSE_QT -DAPP_GUITAR -DHAVE_POSIX_OPENPT -DQT_NO_DEBUG -DQT_WIDGETS_LIB -DQT_SVG_LIB -DQT_GUI_LIB -DQT_NETWORK_LIB -DQT_CORE_LIB -I. -Isrc -Isrc/common -Isrc/coloredit -Isrc/texteditor -Ifiletype/src -Isubprojects/IncrementalSearchPlugin/src -I/usr/include/qt6 -I/usr/include/qt6/QtWidgets -I/usr/include/qt6/QtSvg -I/usr/include/qt6/QtGui -I/usr/include/qt6/QtNetwork -I/usr/include/qt6/QtCore -I. -I. -I/usr/lib/qt6/mkspecs/linux-g++ -o EditProfilesDialog.o src/EditProfilesDialog.cpp
g++ -c -pipe -std=c++20 -Wall -Wextra -include /build/guitar/src/Guitar-1.4.0/pragma.h -march=x86-64 -mtune=generic -O2 -pipe -fno-plt -fexceptions -Wp,-D_FORTIFY_SOURCE=3 -Wformat -Werror=format-security -fstack-clash-protection -fcf-protection -fno-omit-frame-pointer -mno-omit-leaf-frame-pointer -Wp,-D_GLIBCXX_ASSERTIONS -g -ffile-prefix-map=/build/guitar/src=/usr/src/debug/guitar -flto=auto -Wall -Wextra -mno-direct-extern-access -D_REENTRANT -DUSE_QT -DAPP_GUITAR -DHAVE_POSIX_OPENPT -DQT_NO_DEBUG -DQT_WIDGETS_LIB -DQT_SVG_LIB -DQT_GUI_LIB -DQT_NETWORK_LIB -DQT_CORE_LIB -I. -Isrc -Isrc/common -Isrc/coloredit -Isrc/texteditor -Ifiletype/src -Isubprojects/IncrementalSearchPlugin/src -I/usr/include/qt6 -I/usr/include/qt6/QtWidgets -I/usr/include/qt6/QtSvg -I/usr/include/qt6/QtGui -I/usr/include/qt6/QtNetwork -I/usr/include/qt6/QtCore -I. -I. -I/usr/lib/qt6/mkspecs/linux-g++ -o EditRemoteDialog.o src/EditRemoteDialog.cpp
g++ -c -pipe -std=c++20 -Wall -Wextra -include /build/guitar/src/Guitar-1.4.0/pragma.h -march=x86-64 -mtune=generic -O2 -pipe -fno-plt -fexceptions -Wp,-D_FORTIFY_SOURCE=3 -Wformat -Werror=format-security -fstack-clash-protection -fcf-protection -fno-omit-frame-pointer -mno-omit-leaf-frame-pointer -Wp,-D_GLIBCXX_ASSERTIONS -g -ffile-prefix-map=/build/guitar/src=/usr/src/debug/guitar -flto=auto -Wall -Wextra -mno-direct-extern-access -D_REENTRANT -DUSE_QT -DAPP_GUITAR -DHAVE_POSIX_OPENPT -DQT_NO_DEBUG -DQT_WIDGETS_LIB -DQT_SVG_LIB -DQT_GUI_LIB -DQT_NETWORK_LIB -DQT_CORE_LIB -I. -Isrc -Isrc/common -Isrc/coloredit -Isrc/texteditor -Ifiletype/src -Isubprojects/IncrementalSearchPlugin/src -I/usr/include/qt6 -I/usr/include/qt6/QtWidgets -I/usr/include/qt6/QtSvg -I/usr/include/qt6/QtGui -I/usr/include/qt6/QtNetwork -I/usr/include/qt6/QtCore -I. -I. -I/usr/lib/qt6/mkspecs/linux-g++ -o EditTagsDialog.o src/EditTagsDialog.cpp
g++ -c -pipe -std=c++20 -Wall -Wextra -include /build/guitar/src/Guitar-1.4.0/pragma.h -march=x86-64 -mtune=generic -O2 -pipe -fno-plt -fexceptions -Wp,-D_FORTIFY_SOURCE=3 -Wformat -Werror=format-security -fstack-clash-protection -fcf-protection -fno-omit-frame-pointer -mno-omit-leaf-frame-pointer -Wp,-D_GLIBCXX_ASSERTIONS -g -ffile-prefix-map=/build/guitar/src=/usr/src/debug/guitar -flto=auto -Wall -Wextra -mno-direct-extern-access -D_REENTRANT -DUSE_QT -DAPP_GUITAR -DHAVE_POSIX_OPENPT -DQT_NO_DEBUG -DQT_WIDGETS_LIB -DQT_SVG_LIB -DQT_GUI_LIB -DQT_NETWORK_LIB -DQT_CORE_LIB -I. -Isrc -Isrc/common -Isrc/coloredit -Isrc/texteditor -Ifiletype/src -Isubprojects/IncrementalSearchPlugin/src -I/usr/include/qt6 -I/usr/include/qt6/QtWidgets -I/usr/include/qt6/QtSvg -I/usr/include/qt6/QtGui -I/usr/include/qt6/QtNetwork -I/usr/include/qt6/QtCore -I. -I. -I/usr/lib/qt6/mkspecs/linux-g++ -o ExperimentDialog.o src/ExperimentDialog.cpp
g++ -c -pipe -std=c++20 -Wall -Wextra -include /build/guitar/src/Guitar-1.4.0/pragma.h -march=x86-64 -mtune=generic -O2 -pipe -fno-plt -fexceptions -Wp,-D_FORTIFY_SOURCE=3 -Wformat -Werror=format-security -fstack-clash-protection -fcf-protection -fno-omit-frame-pointer -mno-omit-leaf-frame-pointer -Wp,-D_GLIBCXX_ASSERTIONS -g -ffile-prefix-map=/build/guitar/src=/usr/src/debug/guitar -flto=auto -Wall -Wextra -mno-direct-extern-access -D_REENTRANT -DUSE_QT -DAPP_GUITAR -DHAVE_POSIX_OPENPT -DQT_NO_DEBUG -DQT_WIDGETS_LIB -DQT_SVG_LIB -DQT_GUI_LIB -DQT_NETWORK_LIB -DQT_CORE_LIB -I. -Isrc -Isrc/common -Isrc/coloredit -Isrc/texteditor -Ifiletype/src -Isubprojects/IncrementalSearchPlugin/src -I/usr/include/qt6 -I/usr/include/qt6/QtWidgets -I/usr/include/qt6/QtSvg -I/usr/include/qt6/QtGui -I/usr/include/qt6/QtNetwork -I/usr/include/qt6/QtCore -I. -I. -I/usr/lib/qt6/mkspecs/linux-g++ -o FileDiffSliderWidget.o src/FileDiffSliderWidget.cpp
g++ -c -pipe -std=c++20 -Wall -Wextra -include /build/guitar/src/Guitar-1.4.0/pragma.h -march=x86-64 -mtune=generic -O2 -pipe -fno-plt -fexceptions -Wp,-D_FORTIFY_SOURCE=3 -Wformat -Werror=format-security -fstack-clash-protection -fcf-protection -fno-omit-frame-pointer -mno-omit-leaf-frame-pointer -Wp,-D_GLIBCXX_ASSERTIONS -g -ffile-prefix-map=/build/guitar/src=/usr/src/debug/guitar -flto=auto -Wall -Wextra -mno-direct-extern-access -D_REENTRANT -DUSE_QT -DAPP_GUITAR -DHAVE_POSIX_OPENPT -DQT_NO_DEBUG -DQT_WIDGETS_LIB -DQT_SVG_LIB -DQT_GUI_LIB -DQT_NETWORK_LIB -DQT_CORE_LIB -I. -Isrc -Isrc/common -Isrc/coloredit -Isrc/texteditor -Ifiletype/src -Isubprojects/IncrementalSearchPlugin/src -I/usr/include/qt6 -I/usr/include/qt6/QtWidgets -I/usr/include/qt6/QtSvg -I/usr/include/qt6/QtGui -I/usr/include/qt6/QtNetwork -I/usr/include/qt6/QtCore -I. -I. -I/usr/lib/qt6/mkspecs/linux-g++ -o FileDiffWidget.o src/FileDiffWidget.cpp
g++ -c -pipe -std=c++20 -Wall -Wextra -include /build/guitar/src/Guitar-1.4.0/pragma.h -march=x86-64 -mtune=generic -O2 -pipe -fno-plt -fexceptions -Wp,-D_FORTIFY_SOURCE=3 -Wformat -Werror=format-security -fstack-clash-protection -fcf-protection -fno-omit-frame-pointer -mno-omit-leaf-frame-pointer -Wp,-D_GLIBCXX_ASSERTIONS -g -ffile-prefix-map=/build/guitar/src=/usr/src/debug/guitar -flto=auto -Wall -Wextra -mno-direct-extern-access -D_REENTRANT -DUSE_QT -DAPP_GUITAR -DHAVE_POSIX_OPENPT -DQT_NO_DEBUG -DQT_WIDGETS_LIB -DQT_SVG_LIB -DQT_GUI_LIB -DQT_NETWORK_LIB -DQT_CORE_LIB -I. -Isrc -Isrc/common -Isrc/coloredit -Isrc/texteditor -Ifiletype/src -Isubprojects/IncrementalSearchPlugin/src -I/usr/include/qt6 -I/usr/include/qt6/QtWidgets -I/usr/include/qt6/QtSvg -I/usr/include/qt6/QtGui -I/usr/include/qt6/QtNetwork -I/usr/include/qt6/QtCore -I. -I. -I/usr/lib/qt6/mkspecs/linux-g++ -o FileHistoryWindow.o src/FileHistoryWindow.cpp
g++ -c -pipe -std=c++20 -Wall -Wextra -include /build/guitar/src/Guitar-1.4.0/pragma.h -march=x86-64 -mtune=generic -O2 -pipe -fno-plt -fexceptions -Wp,-D_FORTIFY_SOURCE=3 -Wformat -Werror=format-security -fstack-clash-protection -fcf-protection -fno-omit-frame-pointer -mno-omit-leaf-frame-pointer -Wp,-D_GLIBCXX_ASSERTIONS -g -ffile-prefix-map=/build/guitar/src=/usr/src/debug/guitar -flto=auto -Wall -Wextra -mno-direct-extern-access -D_REENTRANT -DUSE_QT -DAPP_GUITAR -DHAVE_POSIX_OPENPT -DQT_NO_DEBUG -DQT_WIDGETS_LIB -DQT_SVG_LIB -DQT_GUI_LIB -DQT_NETWORK_LIB -DQT_CORE_LIB -I. -Isrc -Isrc/common -Isrc/coloredit -Isrc/texteditor -Ifiletype/src -Isubprojects/IncrementalSearchPlugin/src -I/usr/include/qt6 -I/usr/include/qt6/QtWidgets -I/usr/include/qt6/QtSvg -I/usr/include/qt6/QtGui -I/usr/include/qt6/QtNetwork -I/usr/include/qt6/QtCore -I. -I. -I/usr/lib/qt6/mkspecs/linux-g++ -o FileListWidget.o src/FileListWidget.cpp
g++ -c -pipe -std=c++20 -Wall -Wextra -include /build/guitar/src/Guitar-1.4.0/pragma.h -march=x86-64 -mtune=generic -O2 -pipe -fno-plt -fexceptions -Wp,-D_FORTIFY_SOURCE=3 -Wformat -Werror=format-security -fstack-clash-protection -fcf-protection -fno-omit-frame-pointer -mno-omit-leaf-frame-pointer -Wp,-D_GLIBCXX_ASSERTIONS -g -ffile-prefix-map=/build/guitar/src=/usr/src/debug/guitar -flto=auto -Wall -Wextra -mno-direct-extern-access -D_REENTRANT -DUSE_QT -DAPP_GUITAR -DHAVE_POSIX_OPENPT -DQT_NO_DEBUG -DQT_WIDGETS_LIB -DQT_SVG_LIB -DQT_GUI_LIB -DQT_NETWORK_LIB -DQT_CORE_LIB -I. -Isrc -Isrc/common -Isrc/coloredit -Isrc/texteditor -Ifiletype/src -Isubprojects/IncrementalSearchPlugin/src -I/usr/include/qt6 -I/usr/include/qt6/QtWidgets -I/usr/include/qt6/QtSvg -I/usr/include/qt6/QtGui -I/usr/include/qt6/QtNetwork -I/usr/include/qt6/QtCore -I. -I. -I/usr/lib/qt6/mkspecs/linux-g++ -o FilePropertyDialog.o src/FilePropertyDialog.cpp
g++ -c -pipe -std=c++20 -Wall -Wextra -include /build/guitar/src/Guitar-1.4.0/pragma.h -march=x86-64 -mtune=generic -O2 -pipe -fno-plt -fexceptions -Wp,-D_FORTIFY_SOURCE=3 -Wformat -Werror=format-security -fstack-clash-protection -fcf-protection -fno-omit-frame-pointer -mno-omit-leaf-frame-pointer -Wp,-D_GLIBCXX_ASSERTIONS -g -ffile-prefix-map=/build/guitar/src=/usr/src/debug/guitar -flto=auto -Wall -Wextra -mno-direct-extern-access -D_REENTRANT -DUSE_QT -DAPP_GUITAR -DHAVE_POSIX_OPENPT -DQT_NO_DEBUG -DQT_WIDGETS_LIB -DQT_SVG_LIB -DQT_GUI_LIB -DQT_NETWORK_LIB -DQT_CORE_LIB -I. -Isrc -Isrc/common -Isrc/coloredit -Isrc/texteditor -Ifiletype/src -Isubprojects/IncrementalSearchPlugin/src -I/usr/include/qt6 -I/usr/include/qt6/QtWidgets -I/usr/include/qt6/QtSvg -I/usr/include/qt6/QtGui -I/usr/include/qt6/QtNetwork -I/usr/include/qt6/QtCore -I. -I. -I/usr/lib/qt6/mkspecs/linux-g++ -o FileTypeDetector.o src/FileTypeDetector.cpp
g++ -c -pipe -std=c++20 -Wall -Wextra -include /build/guitar/src/Guitar-1.4.0/pragma.h -march=x86-64 -mtune=generic -O2 -pipe -fno-plt -fexceptions -Wp,-D_FORTIFY_SOURCE=3 -Wformat -Werror=format-security -fstack-clash-protection -fcf-protection -fno-omit-frame-pointer -mno-omit-leaf-frame-pointer -Wp,-D_GLIBCXX_ASSERTIONS -g -ffile-prefix-map=/build/guitar/src=/usr/src/debug/guitar -flto=auto -Wall -Wextra -mno-direct-extern-access -D_REENTRANT -DUSE_QT -DAPP_GUITAR -DHAVE_POSIX_OPENPT -DQT_NO_DEBUG -DQT_WIDGETS_LIB -DQT_SVG_LIB -DQT_GUI_LIB -DQT_NETWORK_LIB -DQT_CORE_LIB -I. -Isrc -Isrc/common -Isrc/coloredit -Isrc/texteditor -Ifiletype/src -Isubprojects/IncrementalSearchPlugin/src -I/usr/include/qt6 -I/usr/include/qt6/QtWidgets -I/usr/include/qt6/QtSvg -I/usr/include/qt6/QtGui -I/usr/include/qt6/QtNetwork -I/usr/include/qt6/QtCore -I. -I. -I/usr/lib/qt6/mkspecs/linux-g++ -o FileUtil.o src/FileUtil.cpp
g++ -c -pipe -std=c++20 -Wall -Wextra -include /build/guitar/src/Guitar-1.4.0/pragma.h -march=x86-64 -mtune=generic -O2 -pipe -fno-plt -fexceptions -Wp,-D_FORTIFY_SOURCE=3 -Wformat -Werror=format-security -fstack-clash-protection -fcf-protection -fno-omit-frame-pointer -mno-omit-leaf-frame-pointer -Wp,-D_GLIBCXX_ASSERTIONS -g -ffile-prefix-map=/build/guitar/src=/usr/src/debug/guitar -flto=auto -Wall -Wextra -mno-direct-extern-access -D_REENTRANT -DUSE_QT -DAPP_GUITAR -DHAVE_POSIX_OPENPT -DQT_NO_DEBUG -DQT_WIDGETS_LIB -DQT_SVG_LIB -DQT_GUI_LIB -DQT_NETWORK_LIB -DQT_CORE_LIB -I. -Isrc -Isrc/common -Isrc/coloredit -Isrc/texteditor -Ifiletype/src -Isubprojects/IncrementalSearchPlugin/src -I/usr/include/qt6 -I/usr/include/qt6/QtWidgets -I/usr/include/qt6/QtSvg -I/usr/include/qt6/QtGui -I/usr/include/qt6/QtNetwork -I/usr/include/qt6/QtCore -I. -I. -I/usr/lib/qt6/mkspecs/linux-g++ -o FileViewWidget.o src/FileViewWidget.cpp
g++ -c -pipe -std=c++20 -Wall -Wextra -include /build/guitar/src/Guitar-1.4.0/pragma.h -march=x86-64 -mtune=generic -O2 -pipe -fno-plt -fexceptions -Wp,-D_FORTIFY_SOURCE=3 -Wformat -Werror=format-security -fstack-clash-protection -fcf-protection -fno-omit-frame-pointer -mno-omit-leaf-frame-pointer -Wp,-D_GLIBCXX_ASSERTIONS -g -ffile-prefix-map=/build/guitar/src=/usr/src/debug/guitar -flto=auto -Wall -Wextra -mno-direct-extern-access -D_REENTRANT -DUSE_QT -DAPP_GUITAR -DHAVE_POSIX_OPENPT -DQT_NO_DEBUG -DQT_WIDGETS_LIB -DQT_SVG_LIB -DQT_GUI_LIB -DQT_NETWORK_LIB -DQT_CORE_LIB -I. -Isrc -Isrc/common -Isrc/coloredit -Isrc/texteditor -Ifiletype/src -Isubprojects/IncrementalSearchPlugin/src -I/usr/include/qt6 -I/usr/include/qt6/QtWidgets -I/usr/include/qt6/QtSvg -I/usr/include/qt6/QtGui -I/usr/include/qt6/QtNetwork -I/usr/include/qt6/QtCore -I. -I. -I/usr/lib/qt6/mkspecs/linux-g++ -o FindCommitDialog.o src/FindCommitDialog.cpp
g++ -c -pipe -std=c++20 -Wall -Wextra -include /build/guitar/src/Guitar-1.4.0/pragma.h -march=x86-64 -mtune=generic -O2 -pipe -fno-plt -fexceptions -Wp,-D_FORTIFY_SOURCE=3 -Wformat -Werror=format-security -fstack-clash-protection -fcf-protection -fno-omit-frame-pointer -mno-omit-leaf-frame-pointer -Wp,-D_GLIBCXX_ASSERTIONS -g -ffile-prefix-map=/build/guitar/src=/usr/src/debug/guitar -flto=auto -Wall -Wextra -mno-direct-extern-access -D_REENTRANT -DUSE_QT -DAPP_GUITAR -DHAVE_POSIX_OPENPT -DQT_NO_DEBUG -DQT_WIDGETS_LIB -DQT_SVG_LIB -DQT_GUI_LIB -DQT_NETWORK_LIB -DQT_CORE_LIB -I. -Isrc -Isrc/common -Isrc/coloredit -Isrc/texteditor -Ifiletype/src -Isubprojects/IncrementalSearchPlugin/src -I/usr/include/qt6 -I/usr/include/qt6/QtWidgets -I/usr/include/qt6/QtSvg -I/usr/include/qt6/QtGui -I/usr/include/qt6/QtNetwork -I/usr/include/qt6/QtCore -I. -I. -I/usr/lib/qt6/mkspecs/linux-g++ -o GenerateCommitMessageDialog.o src/GenerateCommitMessageDialog.cpp
g++ -c -pipe -std=c++20 -Wall -Wextra -include /build/guitar/src/Guitar-1.4.0/pragma.h -march=x86-64 -mtune=generic -O2 -pipe -fno-plt -fexceptions -Wp,-D_FORTIFY_SOURCE=3 -Wformat -Werror=format-security -fstack-clash-protection -fcf-protection -fno-omit-frame-pointer -mno-omit-leaf-frame-pointer -Wp,-D_GLIBCXX_ASSERTIONS -g -ffile-prefix-map=/build/guitar/src=/usr/src/debug/guitar -flto=auto -Wall -Wextra -mno-direct-extern-access -D_REENTRANT -DUSE_QT -DAPP_GUITAR -DHAVE_POSIX_OPENPT -DQT_NO_DEBUG -DQT_WIDGETS_LIB -DQT_SVG_LIB -DQT_GUI_LIB -DQT_NETWORK_LIB -DQT_CORE_LIB -I. -Isrc -Isrc/common -Isrc/coloredit -Isrc/texteditor -Ifiletype/src -Isubprojects/IncrementalSearchPlugin/src -I/usr/include/qt6 -I/usr/include/qt6/QtWidgets -I/usr/include/qt6/QtSvg -I/usr/include/qt6/QtGui -I/usr/include/qt6/QtNetwork -I/usr/include/qt6/QtCore -I. -I. -I/usr/lib/qt6/mkspecs/linux-g++ -o GenerateCommitMessageThread.o src/GenerateCommitMessageThread.cpp
g++ -c -pipe -std=c++20 -Wall -Wextra -include /build/guitar/src/Guitar-1.4.0/pragma.h -march=x86-64 -mtune=generic -O2 -pipe -fno-plt -fexceptions -Wp,-D_FORTIFY_SOURCE=3 -Wformat -Werror=format-security -fstack-clash-protection -fcf-protection -fno-omit-frame-pointer -mno-omit-leaf-frame-pointer -Wp,-D_GLIBCXX_ASSERTIONS -g -ffile-prefix-map=/build/guitar/src=/usr/src/debug/guitar -flto=auto -Wall -Wextra -mno-direct-extern-access -D_REENTRANT -DUSE_QT -DAPP_GUITAR -DHAVE_POSIX_OPENPT -DQT_NO_DEBUG -DQT_WIDGETS_LIB -DQT_SVG_LIB -DQT_GUI_LIB -DQT_NETWORK_LIB -DQT_CORE_LIB -I. -Isrc -Isrc/common -Isrc/coloredit -Isrc/texteditor -Ifiletype/src -Isubprojects/IncrementalSearchPlugin/src -I/usr/include/qt6 -I/usr/include/qt6/QtWidgets -I/usr/include/qt6/QtSvg -I/usr/include/qt6/QtGui -I/usr/include/qt6/QtNetwork -I/usr/include/qt6/QtCore -I. -I. -I/usr/lib/qt6/mkspecs/linux-g++ -o GeneratedCommitMessage.o src/GeneratedCommitMessage.cpp
g++ -c -pipe -std=c++20 -Wall -Wextra -include /build/guitar/src/Guitar-1.4.0/pragma.h -march=x86-64 -mtune=generic -O2 -pipe -fno-plt -fexceptions -Wp,-D_FORTIFY_SOURCE=3 -Wformat -Werror=format-security -fstack-clash-protection -fcf-protection -fno-omit-frame-pointer -mno-omit-leaf-frame-pointer -Wp,-D_GLIBCXX_ASSERTIONS -g -ffile-prefix-map=/build/guitar/src=/usr/src/debug/guitar -flto=auto -Wall -Wextra -mno-direct-extern-access -D_REENTRANT -DUSE_QT -DAPP_GUITAR -DHAVE_POSIX_OPENPT -DQT_NO_DEBUG -DQT_WIDGETS_LIB -DQT_SVG_LIB -DQT_GUI_LIB -DQT_NETWORK_LIB -DQT_CORE_LIB -I. -Isrc -Isrc/common -Isrc/coloredit -Isrc/texteditor -Ifiletype/src -Isubprojects/IncrementalSearchPlugin/src -I/usr/include/qt6 -I/usr/include/qt6/QtWidgets -I/usr/include/qt6/QtSvg -I/usr/include/qt6/QtGui -I/usr/include/qt6/QtNetwork -I/usr/include/qt6/QtCore -I. -I. -I/usr/lib/qt6/mkspecs/linux-g++ -o Git.o src/Git.cpp
g++ -c -pipe -std=c++20 -Wall -Wextra -include /build/guitar/src/Guitar-1.4.0/pragma.h -march=x86-64 -mtune=generic -O2 -pipe -fno-plt -fexceptions -Wp,-D_FORTIFY_SOURCE=3 -Wformat -Werror=format-security -fstack-clash-protection -fcf-protection -fno-omit-frame-pointer -mno-omit-leaf-frame-pointer -Wp,-D_GLIBCXX_ASSERTIONS -g -ffile-prefix-map=/build/guitar/src=/usr/src/debug/guitar -flto=auto -Wall -Wextra -mno-direct-extern-access -D_REENTRANT -DUSE_QT -DAPP_GUITAR -DHAVE_POSIX_OPENPT -DQT_NO_DEBUG -DQT_WIDGETS_LIB -DQT_SVG_LIB -DQT_GUI_LIB -DQT_NETWORK_LIB -DQT_CORE_LIB -I. -Isrc -Isrc/common -Isrc/coloredit -Isrc/texteditor -Ifiletype/src -Isubprojects/IncrementalSearchPlugin/src -I/usr/include/qt6 -I/usr/include/qt6/QtWidgets -I/usr/include/qt6/QtSvg -I/usr/include/qt6/QtGui -I/usr/include/qt6/QtNetwork -I/usr/include/qt6/QtCore -I. -I. -I/usr/lib/qt6/mkspecs/linux-g++ -o GitBasicSession.o src/GitBasicSession.cpp
g++ -c -pipe -std=c++20 -Wall -Wextra -include /build/guitar/src/Guitar-1.4.0/pragma.h -march=x86-64 -mtune=generic -O2 -pipe -fno-plt -fexceptions -Wp,-D_FORTIFY_SOURCE=3 -Wformat -Werror=format-security -fstack-clash-protection -fcf-protection -fno-omit-frame-pointer -mno-omit-leaf-frame-pointer -Wp,-D_GLIBCXX_ASSERTIONS -g -ffile-prefix-map=/build/guitar/src=/usr/src/debug/guitar -flto=auto -Wall -Wextra -mno-direct-extern-access -D_REENTRANT -DUSE_QT -DAPP_GUITAR -DHAVE_POSIX_OPENPT -DQT_NO_DEBUG -DQT_WIDGETS_LIB -DQT_SVG_LIB -DQT_GUI_LIB -DQT_NETWORK_LIB -DQT_CORE_LIB -I. -Isrc -Isrc/common -Isrc/coloredit -Isrc/texteditor -Ifiletype/src -Isubprojects/IncrementalSearchPlugin/src -I/usr/include/qt6 -I/usr/include/qt6/QtWidgets -I/usr/include/qt6/QtSvg -I/usr/include/qt6/QtGui -I/usr/include/qt6/QtNetwork -I/usr/include/qt6/QtCore -I. -I. -I/usr/lib/qt6/mkspecs/linux-g++ -o GitCommandCache.o src/GitCommandCache.cpp
g++ -c -pipe -std=c++20 -Wall -Wextra -include /build/guitar/src/Guitar-1.4.0/pragma.h -march=x86-64 -mtune=generic -O2 -pipe -fno-plt -fexceptions -Wp,-D_FORTIFY_SOURCE=3 -Wformat -Werror=format-security -fstack-clash-protection -fcf-protection -fno-omit-frame-pointer -mno-omit-leaf-frame-pointer -Wp,-D_GLIBCXX_ASSERTIONS -g -ffile-prefix-map=/build/guitar/src=/usr/src/debug/guitar -flto=auto -Wall -Wextra -mno-direct-extern-access -D_REENTRANT -DUSE_QT -DAPP_GUITAR -DHAVE_POSIX_OPENPT -DQT_NO_DEBUG -DQT_WIDGETS_LIB -DQT_SVG_LIB -DQT_GUI_LIB -DQT_NETWORK_LIB -DQT_CORE_LIB -I. -Isrc -Isrc/common -Isrc/coloredit -Isrc/texteditor -Ifiletype/src -Isubprojects/IncrementalSearchPlugin/src -I/usr/include/qt6 -I/usr/include/qt6/QtWidgets -I/usr/include/qt6/QtSvg -I/usr/include/qt6/QtGui -I/usr/include/qt6/QtNetwork -I/usr/include/qt6/QtCore -I. -I. -I/usr/lib/qt6/mkspecs/linux-g++ -o GitCommandRunner.o src/GitCommandRunner.cpp
g++ -c -pipe -std=c++20 -Wall -Wextra -include /build/guitar/src/Guitar-1.4.0/pragma.h -march=x86-64 -mtune=generic -O2 -pipe -fno-plt -fexceptions -Wp,-D_FORTIFY_SOURCE=3 -Wformat -Werror=format-security -fstack-clash-protection -fcf-protection -fno-omit-frame-pointer -mno-omit-leaf-frame-pointer -Wp,-D_GLIBCXX_ASSERTIONS -g -ffile-prefix-map=/build/guitar/src=/usr/src/debug/guitar -flto=auto -Wall -Wextra -mno-direct-extern-access -D_REENTRANT -DUSE_QT -DAPP_GUITAR -DHAVE_POSIX_OPENPT -DQT_NO_DEBUG -DQT_WIDGETS_LIB -DQT_SVG_LIB -DQT_GUI_LIB -DQT_NETWORK_LIB -DQT_CORE_LIB -I. -Isrc -Isrc/common -Isrc/coloredit -Isrc/texteditor -Ifiletype/src -Isubprojects/IncrementalSearchPlugin/src -I/usr/include/qt6 -I/usr/include/qt6/QtWidgets -I/usr/include/qt6/QtSvg -I/usr/include/qt6/QtGui -I/usr/include/qt6/QtNetwork -I/usr/include/qt6/QtCore -I. -I. -I/usr/lib/qt6/mkspecs/linux-g++ -o GitConfigGlobalAddSafeDirectoryDialog.o src/GitConfigGlobalAddSafeDirectoryDialog.cpp
g++ -c -pipe -std=c++20 -Wall -Wextra -include /build/guitar/src/Guitar-1.4.0/pragma.h -march=x86-64 -mtune=generic -O2 -pipe -fno-plt -fexceptions -Wp,-D_FORTIFY_SOURCE=3 -Wformat -Werror=format-security -fstack-clash-protection -fcf-protection -fno-omit-frame-pointer -mno-omit-leaf-frame-pointer -Wp,-D_GLIBCXX_ASSERTIONS -g -ffile-prefix-map=/build/guitar/src=/usr/src/debug/guitar -flto=auto -Wall -Wextra -mno-direct-extern-access -D_REENTRANT -DUSE_QT -DAPP_GUITAR -DHAVE_POSIX_OPENPT -DQT_NO_DEBUG -DQT_WIDGETS_LIB -DQT_SVG_LIB -DQT_GUI_LIB -DQT_NETWORK_LIB -DQT_CORE_LIB -I. -Isrc -Isrc/common -Isrc/coloredit -Isrc/texteditor -Ifiletype/src -Isubprojects/IncrementalSearchPlugin/src -I/usr/include/qt6 -I/usr/include/qt6/QtWidgets -I/usr/include/qt6/QtSvg -I/usr/include/qt6/QtGui -I/usr/include/qt6/QtNetwork -I/usr/include/qt6/QtCore -I. -I. -I/usr/lib/qt6/mkspecs/linux-g++ -o GitDiffManager.o src/GitDiffManager.cpp
g++ -c -pipe -std=c++20 -Wall -Wextra -include /build/guitar/src/Guitar-1.4.0/pragma.h -march=x86-64 -mtune=generic -O2 -pipe -fno-plt -fexceptions -Wp,-D_FORTIFY_SOURCE=3 -Wformat -Werror=format-security -fstack-clash-protection -fcf-protection -fno-omit-frame-pointer -mno-omit-leaf-frame-pointer -Wp,-D_GLIBCXX_ASSERTIONS -g -ffile-prefix-map=/build/guitar/src=/usr/src/debug/guitar -flto=auto -Wall -Wextra -mno-direct-extern-access -D_REENTRANT -DUSE_QT -DAPP_GUITAR -DHAVE_POSIX_OPENPT -DQT_NO_DEBUG -DQT_WIDGETS_LIB -DQT_SVG_LIB -DQT_GUI_LIB -DQT_NETWORK_LIB -DQT_CORE_LIB -I. -Isrc -Isrc/common -Isrc/coloredit -Isrc/texteditor -Ifiletype/src -Isubprojects/IncrementalSearchPlugin/src -I/usr/include/qt6 -I/usr/include/qt6/QtWidgets -I/usr/include/qt6/QtSvg -I/usr/include/qt6/QtGui -I/usr/include/qt6/QtNetwork -I/usr/include/qt6/QtCore -I. -I. -I/usr/lib/qt6/mkspecs/linux-g++ -o GitHubAPI.o src/GitHubAPI.cpp
g++ -c -pipe -std=c++20 -Wall -Wextra -include /build/guitar/src/Guitar-1.4.0/pragma.h -march=x86-64 -mtune=generic -O2 -pipe -fno-plt -fexceptions -Wp,-D_FORTIFY_SOURCE=3 -Wformat -Werror=format-security -fstack-clash-protection -fcf-protection -fno-omit-frame-pointer -mno-omit-leaf-frame-pointer -Wp,-D_GLIBCXX_ASSERTIONS -g -ffile-prefix-map=/build/guitar/src=/usr/src/debug/guitar -flto=auto -Wall -Wextra -mno-direct-extern-access -D_REENTRANT -DUSE_QT -DAPP_GUITAR -DHAVE_POSIX_OPENPT -DQT_NO_DEBUG -DQT_WIDGETS_LIB -DQT_SVG_LIB -DQT_GUI_LIB -DQT_NETWORK_LIB -DQT_CORE_LIB -I. -Isrc -Isrc/common -Isrc/coloredit -Isrc/texteditor -Ifiletype/src -Isubprojects/IncrementalSearchPlugin/src -I/usr/include/qt6 -I/usr/include/qt6/QtWidgets -I/usr/include/qt6/QtSvg -I/usr/include/qt6/QtGui -I/usr/include/qt6/QtNetwork -I/usr/include/qt6/QtCore -I. -I. -I/usr/lib/qt6/mkspecs/linux-g++ -o GitObjectManager.o src/GitObjectManager.cpp
g++ -c -pipe -std=c++20 -Wall -Wextra -include /build/guitar/src/Guitar-1.4.0/pragma.h -march=x86-64 -mtune=generic -O2 -pipe -fno-plt -fexceptions -Wp,-D_FORTIFY_SOURCE=3 -Wformat -Werror=format-security -fstack-clash-protection -fcf-protection -fno-omit-frame-pointer -mno-omit-leaf-frame-pointer -Wp,-D_GLIBCXX_ASSERTIONS -g -ffile-prefix-map=/build/guitar/src=/usr/src/debug/guitar -flto=auto -Wall -Wextra -mno-direct-extern-access -D_REENTRANT -DUSE_QT -DAPP_GUITAR -DHAVE_POSIX_OPENPT -DQT_NO_DEBUG -DQT_WIDGETS_LIB -DQT_SVG_LIB -DQT_GUI_LIB -DQT_NETWORK_LIB -DQT_CORE_LIB -I. -Isrc -Isrc/common -Isrc/coloredit -Isrc/texteditor -Ifiletype/src -Isubprojects/IncrementalSearchPlugin/src -I/usr/include/qt6 -I/usr/include/qt6/QtWidgets -I/usr/include/qt6/QtSvg -I/usr/include/qt6/QtGui -I/usr/include/qt6/QtNetwork -I/usr/include/qt6/QtCore -I. -I. -I/usr/lib/qt6/mkspecs/linux-g++ -o GitPack.o src/GitPack.cpp
g++ -c -pipe -std=c++20 -Wall -Wextra -include /build/guitar/src/Guitar-1.4.0/pragma.h -march=x86-64 -mtune=generic -O2 -pipe -fno-plt -fexceptions -Wp,-D_FORTIFY_SOURCE=3 -Wformat -Werror=format-security -fstack-clash-protection -fcf-protection -fno-omit-frame-pointer -mno-omit-leaf-frame-pointer -Wp,-D_GLIBCXX_ASSERTIONS -g -ffile-prefix-map=/build/guitar/src=/usr/src/debug/guitar -flto=auto -Wall -Wextra -mno-direct-extern-access -D_REENTRANT -DUSE_QT -DAPP_GUITAR -DHAVE_POSIX_OPENPT -DQT_NO_DEBUG -DQT_WIDGETS_LIB -DQT_SVG_LIB -DQT_GUI_LIB -DQT_NETWORK_LIB -DQT_CORE_LIB -I. -Isrc -Isrc/common -Isrc/coloredit -Isrc/texteditor -Ifiletype/src -Isubprojects/IncrementalSearchPlugin/src -I/usr/include/qt6 -I/usr/include/qt6/QtWidgets -I/usr/include/qt6/QtSvg -I/usr/include/qt6/QtGui -I/usr/include/qt6/QtNetwork -I/usr/include/qt6/QtCore -I. -I. -I/usr/lib/qt6/mkspecs/linux-g++ -o GitPackIdxV2.o src/GitPackIdxV2.cpp
g++ -c -pipe -std=c++20 -Wall -Wextra -include /build/guitar/src/Guitar-1.4.0/pragma.h -march=x86-64 -mtune=generic -O2 -pipe -fno-plt -fexceptions -Wp,-D_FORTIFY_SOURCE=3 -Wformat -Werror=format-security -fstack-clash-protection -fcf-protection -fno-omit-frame-pointer -mno-omit-leaf-frame-pointer -Wp,-D_GLIBCXX_ASSERTIONS -g -ffile-prefix-map=/build/guitar/src=/usr/src/debug/guitar -flto=auto -Wall -Wextra -mno-direct-extern-access -D_REENTRANT -DUSE_QT -DAPP_GUITAR -DHAVE_POSIX_OPENPT -DQT_NO_DEBUG -DQT_WIDGETS_LIB -DQT_SVG_LIB -DQT_GUI_LIB -DQT_NETWORK_LIB -DQT_CORE_LIB -I. -Isrc -Isrc/common -Isrc/coloredit -Isrc/texteditor -Ifiletype/src -Isubprojects/IncrementalSearchPlugin/src -I/usr/include/qt6 -I/usr/include/qt6/QtWidgets -I/usr/include/qt6/QtSvg -I/usr/include/qt6/QtGui -I/usr/include/qt6/QtNetwork -I/usr/include/qt6/QtCore -I. -I. -I/usr/lib/qt6/mkspecs/linux-g++ -o GitProcessThread.o src/GitProcessThread.cpp
g++ -c -pipe -std=c++20 -Wall -Wextra -include /build/guitar/src/Guitar-1.4.0/pragma.h -march=x86-64 -mtune=generic -O2 -pipe -fno-plt -fexceptions -Wp,-D_FORTIFY_SOURCE=3 -Wformat -Werror=format-security -fstack-clash-protection -fcf-protection -fno-omit-frame-pointer -mno-omit-leaf-frame-pointer -Wp,-D_GLIBCXX_ASSERTIONS -g -ffile-prefix-map=/build/guitar/src=/usr/src/debug/guitar -flto=auto -Wall -Wextra -mno-direct-extern-access -D_REENTRANT -DUSE_QT -DAPP_GUITAR -DHAVE_POSIX_OPENPT -DQT_NO_DEBUG -DQT_WIDGETS_LIB -DQT_SVG_LIB -DQT_GUI_LIB -DQT_NETWORK_LIB -DQT_CORE_LIB -I. -Isrc -Isrc/common -Isrc/coloredit -Isrc/texteditor -Ifiletype/src -Isubprojects/IncrementalSearchPlugin/src -I/usr/include/qt6 -I/usr/include/qt6/QtWidgets -I/usr/include/qt6/QtSvg -I/usr/include/qt6/QtGui -I/usr/include/qt6/QtNetwork -I/usr/include/qt6/QtCore -I. -I. -I/usr/lib/qt6/mkspecs/linux-g++ -o GitRunner.o src/GitRunner.cpp
g++ -c -pipe -std=c++20 -Wall -Wextra -include /build/guitar/src/Guitar-1.4.0/pragma.h -march=x86-64 -mtune=generic -O2 -pipe -fno-plt -fexceptions -Wp,-D_FORTIFY_SOURCE=3 -Wformat -Werror=format-security -fstack-clash-protection -fcf-protection -fno-omit-frame-pointer -mno-omit-leaf-frame-pointer -Wp,-D_GLIBCXX_ASSERTIONS -g -ffile-prefix-map=/build/guitar/src=/usr/src/debug/guitar -flto=auto -Wall -Wextra -mno-direct-extern-access -D_REENTRANT -DUSE_QT -DAPP_GUITAR -DHAVE_POSIX_OPENPT -DQT_NO_DEBUG -DQT_WIDGETS_LIB -DQT_SVG_LIB -DQT_GUI_LIB -DQT_NETWORK_LIB -DQT_CORE_LIB -I. -Isrc -Isrc/common -Isrc/coloredit -Isrc/texteditor -Ifiletype/src -Isubprojects/IncrementalSearchPlugin/src -I/usr/include/qt6 -I/usr/include/qt6/QtWidgets -I/usr/include/qt6/QtSvg -I/usr/include/qt6/QtGui -I/usr/include/qt6/QtNetwork -I/usr/include/qt6/QtCore -I. -I. -I/usr/lib/qt6/mkspecs/linux-g++ -o GitTypes.o src/GitTypes.cpp
g++ -c -pipe -std=c++20 -Wall -Wextra -include /build/guitar/src/Guitar-1.4.0/pragma.h -march=x86-64 -mtune=generic -O2 -pipe -fno-plt -fexceptions -Wp,-D_FORTIFY_SOURCE=3 -Wformat -Werror=format-security -fstack-clash-protection -fcf-protection -fno-omit-frame-pointer -mno-omit-leaf-frame-pointer -Wp,-D_GLIBCXX_ASSERTIONS -g -ffile-prefix-map=/build/guitar/src=/usr/src/debug/guitar -flto=auto -Wall -Wextra -mno-direct-extern-access -D_REENTRANT -DUSE_QT -DAPP_GUITAR -DHAVE_POSIX_OPENPT -DQT_NO_DEBUG -DQT_WIDGETS_LIB -DQT_SVG_LIB -DQT_GUI_LIB -DQT_NETWORK_LIB -DQT_CORE_LIB -I. -Isrc -Isrc/common -Isrc/coloredit -Isrc/texteditor -Ifiletype/src -Isubprojects/IncrementalSearchPlugin/src -I/usr/include/qt6 -I/usr/include/qt6/QtWidgets -I/usr/include/qt6/QtSvg -I/usr/include/qt6/QtGui -I/usr/include/qt6/QtNetwork -I/usr/include/qt6/QtCore -I. -I. -I/usr/lib/qt6/mkspecs/linux-g++ -o HyperLinkLabel.o src/HyperLinkLabel.cpp
g++ -c -pipe -std=c++20 -Wall -Wextra -include /build/guitar/src/Guitar-1.4.0/pragma.h -march=x86-64 -mtune=generic -O2 -pipe -fno-plt -fexceptions -Wp,-D_FORTIFY_SOURCE=3 -Wformat -Werror=format-security -fstack-clash-protection -fcf-protection -fno-omit-frame-pointer -mno-omit-leaf-frame-pointer -Wp,-D_GLIBCXX_ASSERTIONS -g -ffile-prefix-map=/build/guitar/src=/usr/src/debug/guitar -flto=auto -Wall -Wextra -mno-direct-extern-access -D_REENTRANT -DUSE_QT -DAPP_GUITAR -DHAVE_POSIX_OPENPT -DQT_NO_DEBUG -DQT_WIDGETS_LIB -DQT_SVG_LIB -DQT_GUI_LIB -DQT_NETWORK_LIB -DQT_CORE_LIB -I. -Isrc -Isrc/common -Isrc/coloredit -Isrc/texteditor -Ifiletype/src -Isubprojects/IncrementalSearchPlugin/src -I/usr/include/qt6 -I/usr/include/qt6/QtWidgets -I/usr/include/qt6/QtSvg -I/usr/include/qt6/QtGui -I/usr/include/qt6/QtNetwork -I/usr/include/qt6/QtCore -I. -I. -I/usr/lib/qt6/mkspecs/linux-g++ -o ImageViewWidget.o src/ImageViewWidget.cpp
g++ -c -pipe -std=c++20 -Wall -Wextra -include /build/guitar/src/Guitar-1.4.0/pragma.h -march=x86-64 -mtune=generic -O2 -pipe -fno-plt -fexceptions -Wp,-D_FORTIFY_SOURCE=3 -Wformat -Werror=format-security -fstack-clash-protection -fcf-protection -fno-omit-frame-pointer -mno-omit-leaf-frame-pointer -Wp,-D_GLIBCXX_ASSERTIONS -g -ffile-prefix-map=/build/guitar/src=/usr/src/debug/guitar -flto=auto -Wall -Wextra -mno-direct-extern-access -D_REENTRANT -DUSE_QT -DAPP_GUITAR -DHAVE_POSIX_OPENPT -DQT_NO_DEBUG -DQT_WIDGETS_LIB -DQT_SVG_LIB -DQT_GUI_LIB -DQT_NETWORK_LIB -DQT_CORE_LIB -I. -Isrc -Isrc/common -Isrc/coloredit -Isrc/texteditor -Ifiletype/src -Isubprojects/IncrementalSearchPlugin/src -I/usr/include/qt6 -I/usr/include/qt6/QtWidgets -I/usr/include/qt6/QtSvg -I/usr/include/qt6/QtGui -I/usr/include/qt6/QtNetwork -I/usr/include/qt6/QtCore -I. -I. -I/usr/lib/qt6/mkspecs/linux-g++ -o InputNewTagDialog.o src/InputNewTagDialog.cpp
g++ -c -pipe -std=c++20 -Wall -Wextra -include /build/guitar/src/Guitar-1.4.0/pragma.h -march=x86-64 -mtune=generic -O2 -pipe -fno-plt -fexceptions -Wp,-D_FORTIFY_SOURCE=3 -Wformat -Werror=format-security -fstack-clash-protection -fcf-protection -fno-omit-frame-pointer -mno-omit-leaf-frame-pointer -Wp,-D_GLIBCXX_ASSERTIONS -g -ffile-prefix-map=/build/guitar/src=/usr/src/debug/guitar -flto=auto -Wall -Wextra -mno-direct-extern-access -D_REENTRANT -DUSE_QT -DAPP_GUITAR -DHAVE_POSIX_OPENPT -DQT_NO_DEBUG -DQT_WIDGETS_LIB -DQT_SVG_LIB -DQT_GUI_LIB -DQT_NETWORK_LIB -DQT_CORE_LIB -I. -Isrc -Isrc/common -Isrc/coloredit -Isrc/texteditor -Ifiletype/src -Isubprojects/IncrementalSearchPlugin/src -I/usr/include/qt6 -I/usr/include/qt6/QtWidgets -I/usr/include/qt6/QtSvg -I/usr/include/qt6/QtGui -I/usr/include/qt6/QtNetwork -I/usr/include/qt6/QtCore -I. -I. -I/usr/lib/qt6/mkspecs/linux-g++ -o JumpDialog.o src/JumpDialog.cpp
g++ -c -pipe -std=c++20 -Wall -Wextra -include /build/guitar/src/Guitar-1.4.0/pragma.h -march=x86-64 -mtune=generic -O2 -pipe -fno-plt -fexceptions -Wp,-D_FORTIFY_SOURCE=3 -Wformat -Werror=format-security -fstack-clash-protection -fcf-protection -fno-omit-frame-pointer -mno-omit-leaf-frame-pointer -Wp,-D_GLIBCXX_ASSERTIONS -g -ffile-prefix-map=/build/guitar/src=/usr/src/debug/guitar -flto=auto -Wall -Wextra -mno-direct-extern-access -D_REENTRANT -DUSE_QT -DAPP_GUITAR -DHAVE_POSIX_OPENPT -DQT_NO_DEBUG -DQT_WIDGETS_LIB -DQT_SVG_LIB -DQT_GUI_LIB -DQT_NETWORK_LIB -DQT_CORE_LIB -I. -Isrc -Isrc/common -Isrc/coloredit -Isrc/texteditor -Ifiletype/src -Isubprojects/IncrementalSearchPlugin/src -I/usr/include/qt6 -I/usr/include/qt6/QtWidgets -I/usr/include/qt6/QtSvg -I/usr/include/qt6/QtGui -I/usr/include/qt6/QtNetwork -I/usr/include/qt6/QtCore -I. -I. -I/usr/lib/qt6/mkspecs/linux-g++ -o Languages.o src/Languages.cpp
g++ -c -pipe -std=c++20 -Wall -Wextra -include /build/guitar/src/Guitar-1.4.0/pragma.h -march=x86-64 -mtune=generic -O2 -pipe -fno-plt -fexceptions -Wp,-D_FORTIFY_SOURCE=3 -Wformat -Werror=format-security -fstack-clash-protection -fcf-protection -fno-omit-frame-pointer -mno-omit-leaf-frame-pointer -Wp,-D_GLIBCXX_ASSERTIONS -g -ffile-prefix-map=/build/guitar/src=/usr/src/debug/guitar -flto=auto -Wall -Wextra -mno-direct-extern-access -D_REENTRANT -DUSE_QT -DAPP_GUITAR -DHAVE_POSIX_OPENPT -DQT_NO_DEBUG -DQT_WIDGETS_LIB -DQT_SVG_LIB -DQT_GUI_LIB -DQT_NETWORK_LIB -DQT_CORE_LIB -I. -Isrc -Isrc/common -Isrc/coloredit -Isrc/texteditor -Ifiletype/src -Isubprojects/IncrementalSearchPlugin/src -I/usr/include/qt6 -I/usr/include/qt6/QtWidgets -I/usr/include/qt6/QtSvg -I/usr/include/qt6/QtGui -I/usr/include/qt6/QtNetwork -I/usr/include/qt6/QtCore -I. -I. -I/usr/lib/qt6/mkspecs/linux-g++ -o LineEditDialog.o src/LineEditDialog.cpp
g++ -c -pipe -std=c++20 -Wall -Wextra -include /build/guitar/src/Guitar-1.4.0/pragma.h -march=x86-64 -mtune=generic -O2 -pipe -fno-plt -fexceptions -Wp,-D_FORTIFY_SOURCE=3 -Wformat -Werror=format-security -fstack-clash-protection -fcf-protection -fno-omit-frame-pointer -mno-omit-leaf-frame-pointer -Wp,-D_GLIBCXX_ASSERTIONS -g -ffile-prefix-map=/build/guitar/src=/usr/src/debug/guitar -flto=auto -Wall -Wextra -mno-direct-extern-access -D_REENTRANT -DUSE_QT -DAPP_GUITAR -DHAVE_POSIX_OPENPT -DQT_NO_DEBUG -DQT_WIDGETS_LIB -DQT_SVG_LIB -DQT_GUI_LIB -DQT_NETWORK_LIB -DQT_CORE_LIB -I. -Isrc -Isrc/common -Isrc/coloredit -Isrc/texteditor -Ifiletype/src -Isubprojects/IncrementalSearchPlugin/src -I/usr/include/qt6 -I/usr/include/qt6/QtWidgets -I/usr/include/qt6/QtSvg -I/usr/include/qt6/QtGui -I/usr/include/qt6/QtNetwork -I/usr/include/qt6/QtCore -I. -I. -I/usr/lib/qt6/mkspecs/linux-g++ -o LocalSocketReader.o src/LocalSocketReader.cpp
g++ -c -pipe -std=c++20 -Wall -Wextra -include /build/guitar/src/Guitar-1.4.0/pragma.h -march=x86-64 -mtune=generic -O2 -pipe -fno-plt -fexceptions -Wp,-D_FORTIFY_SOURCE=3 -Wformat -Werror=format-security -fstack-clash-protection -fcf-protection -fno-omit-frame-pointer -mno-omit-leaf-frame-pointer -Wp,-D_GLIBCXX_ASSERTIONS -g -ffile-prefix-map=/build/guitar/src=/usr/src/debug/guitar -flto=auto -Wall -Wextra -mno-direct-extern-access -D_REENTRANT -DUSE_QT -DAPP_GUITAR -DHAVE_POSIX_OPENPT -DQT_NO_DEBUG -DQT_WIDGETS_LIB -DQT_SVG_LIB -DQT_GUI_LIB -DQT_NETWORK_LIB -DQT_CORE_LIB -I. -Isrc -Isrc/common -Isrc/coloredit -Isrc/texteditor -Ifiletype/src -Isubprojects/IncrementalSearchPlugin/src -I/usr/include/qt6 -I/usr/include/qt6/QtWidgets -I/usr/include/qt6/QtSvg -I/usr/include/qt6/QtGui -I/usr/include/qt6/QtNetwork -I/usr/include/qt6/QtCore -I. -I. -I/usr/lib/qt6/mkspecs/linux-g++ -o Logger.o src/Logger.cpp
g++ -c -pipe -std=c++20 -Wall -Wextra -include /build/guitar/src/Guitar-1.4.0/pragma.h -march=x86-64 -mtune=generic -O2 -pipe -fno-plt -fexceptions -Wp,-D_FORTIFY_SOURCE=3 -Wformat -Werror=format-security -fstack-clash-protection -fcf-protection -fno-omit-frame-pointer -mno-omit-leaf-frame-pointer -Wp,-D_GLIBCXX_ASSERTIONS -g -ffile-prefix-map=/build/guitar/src=/usr/src/debug/guitar -flto=auto -Wall -Wextra -mno-direct-extern-access -D_REENTRANT -DUSE_QT -DAPP_GUITAR -DHAVE_POSIX_OPENPT -DQT_NO_DEBUG -DQT_WIDGETS_LIB -DQT_SVG_LIB -DQT_GUI_LIB -DQT_NETWORK_LIB -DQT_CORE_LIB -I. -Isrc -Isrc/common -Isrc/coloredit -Isrc/texteditor -Ifiletype/src -Isubprojects/IncrementalSearchPlugin/src -I/usr/include/qt6 -I/usr/include/qt6/QtWidgets -I/usr/include/qt6/QtSvg -I/usr/include/qt6/QtGui -I/usr/include/qt6/QtNetwork -I/usr/include/qt6/QtCore -I. -I. -I/usr/lib/qt6/mkspecs/linux-g++ -o MainWindow.o src/MainWindow.cpp
g++ -c -pipe -std=c++20 -Wall -Wextra -include /build/guitar/src/Guitar-1.4.0/pragma.h -march=x86-64 -mtune=generic -O2 -pipe -fno-plt -fexceptions -Wp,-D_FORTIFY_SOURCE=3 -Wformat -Werror=format-security -fstack-clash-protection -fcf-protection -fno-omit-frame-pointer -mno-omit-leaf-frame-pointer -Wp,-D_GLIBCXX_ASSERTIONS -g -ffile-prefix-map=/build/guitar/src=/usr/src/debug/guitar -flto=auto -Wall -Wextra -mno-direct-extern-access -D_REENTRANT -DUSE_QT -DAPP_GUITAR -DHAVE_POSIX_OPENPT -DQT_NO_DEBUG -DQT_WIDGETS_LIB -DQT_SVG_LIB -DQT_GUI_LIB -DQT_NETWORK_LIB -DQT_CORE_LIB -I. -Isrc -Isrc/common -Isrc/coloredit -Isrc/texteditor -Ifiletype/src -Isubprojects/IncrementalSearchPlugin/src -I/usr/include/qt6 -I/usr/include/qt6/QtWidgets -I/usr/include/qt6/QtSvg -I/usr/include/qt6/QtGui -I/usr/include/qt6/QtNetwork -I/usr/include/qt6/QtCore -I. -I. -I/usr/lib/qt6/mkspecs/linux-g++ -o ManageWorkingFolderDialog.o src/ManageWorkingFolderDialog.cpp
g++ -c -pipe -std=c++20 -Wall -Wextra -include /build/guitar/src/Guitar-1.4.0/pragma.h -march=x86-64 -mtune=generic -O2 -pipe -fno-plt -fexceptions -Wp,-D_FORTIFY_SOURCE=3 -Wformat -Werror=format-security -fstack-clash-protection -fcf-protection -fno-omit-frame-pointer -mno-omit-leaf-frame-pointer -Wp,-D_GLIBCXX_ASSERTIONS -g -ffile-prefix-map=/build/guitar/src=/usr/src/debug/guitar -flto=auto -Wall -Wextra -mno-direct-extern-access -D_REENTRANT -DUSE_QT -DAPP_GUITAR -DHAVE_POSIX_OPENPT -DQT_NO_DEBUG -DQT_WIDGETS_LIB -DQT_SVG_LIB -DQT_GUI_LIB -DQT_NETWORK_LIB -DQT_CORE_LIB -I. -Isrc -Isrc/common -Isrc/coloredit -Isrc/texteditor -Ifiletype/src -Isubprojects/IncrementalSearchPlugin/src -I/usr/include/qt6 -I/usr/include/qt6/QtWidgets -I/usr/include/qt6/QtSvg -I/usr/include/qt6/QtGui -I/usr/include/qt6/QtNetwork -I/usr/include/qt6/QtCore -I. -I. -I/usr/lib/qt6/mkspecs/linux-g++ -o MaximizeButton.o src/MaximizeButton.cpp
g++ -c -pipe -std=c++20 -Wall -Wextra -include /build/guitar/src/Guitar-1.4.0/pragma.h -march=x86-64 -mtune=generic -O2 -pipe -fno-plt -fexceptions -Wp,-D_FORTIFY_SOURCE=3 -Wformat -Werror=format-security -fstack-clash-protection -fcf-protection -fno-omit-frame-pointer -mno-omit-leaf-frame-pointer -Wp,-D_GLIBCXX_ASSERTIONS -g -ffile-prefix-map=/build/guitar/src=/usr/src/debug/guitar -flto=auto -Wall -Wextra -mno-direct-extern-access -D_REENTRANT -DUSE_QT -DAPP_GUITAR -DHAVE_POSIX_OPENPT -DQT_NO_DEBUG -DQT_WIDGETS_LIB -DQT_SVG_LIB -DQT_GUI_LIB -DQT_NETWORK_LIB -DQT_CORE_LIB -I. -Isrc -Isrc/common -Isrc/coloredit -Isrc/texteditor -Ifiletype/src -Isubprojects/IncrementalSearchPlugin/src -I/usr/include/qt6 -I/usr/include/qt6/QtWidgets -I/usr/include/qt6/QtSvg -I/usr/include/qt6/QtGui -I/usr/include/qt6/QtNetwork -I/usr/include/qt6/QtCore -I. -I. -I/usr/lib/qt6/mkspecs/linux-g++ -o MemoryReader.o src/MemoryReader.cpp
g++ -c -pipe -std=c++20 -Wall -Wextra -include /build/guitar/src/Guitar-1.4.0/pragma.h -march=x86-64 -mtune=generic -O2 -pipe -fno-plt -fexceptions -Wp,-D_FORTIFY_SOURCE=3 -Wformat -Werror=format-security -fstack-clash-protection -fcf-protection -fno-omit-frame-pointer -mno-omit-leaf-frame-pointer -Wp,-D_GLIBCXX_ASSERTIONS -g -ffile-prefix-map=/build/guitar/src=/usr/src/debug/guitar -flto=auto -Wall -Wextra -mno-direct-extern-access -D_REENTRANT -DUSE_QT -DAPP_GUITAR -DHAVE_POSIX_OPENPT -DQT_NO_DEBUG -DQT_WIDGETS_LIB -DQT_SVG_LIB -DQT_GUI_LIB -DQT_NETWORK_LIB -DQT_CORE_LIB -I. -Isrc -Isrc/common -Isrc/coloredit -Isrc/texteditor -Ifiletype/src -Isubprojects/IncrementalSearchPlugin/src -I/usr/include/qt6 -I/usr/include/qt6/QtWidgets -I/usr/include/qt6/QtSvg -I/usr/include/qt6/QtGui -I/usr/include/qt6/QtNetwork -I/usr/include/qt6/QtCore -I. -I. -I/usr/lib/qt6/mkspecs/linux-g++ -o MenuButton.o src/MenuButton.cpp
src/Logger.cpp: In member function ‘void Logger::write(const char*, size_t)’:
src/Logger.cpp:67:24: warning: ignoring return value of ‘ssize_t write(int, const void*, size_t)’ declared with attribute ‘warn_unused_result’ [-Wunused-result]
   67 |                 ::write(m->fd_log, ptr, (int)len);
      |                 ~~~~~~~^~~~~~~~~~~~~~~~~~~~~~~~~~
src/Logger.cpp:69:24: warning: ignoring return value of ‘ssize_t write(int, const void*, size_t)’ declared with attribute ‘warn_unused_result’ [-Wunused-result]
   69 |                 ::write(fileno(stderr), ptr, (int)len);
      |                 ~~~~~~~^~~~~~~~~~~~~~~~~~~~~~~~~~~~~~~
src/Logger.cpp: In member function ‘void Logger::rotate()’:
src/Logger.cpp:145:18: warning: ignoring return value of ‘int ftruncate(int, __off_t)’ declared with attribute ‘warn_unused_result’ [-Wunused-result]
  145 |         ftruncate(m->fd_log, 0);
      |         ~~~~~~~~~^~~~~~~~~~~~~~
g++ -c -pipe -std=c++20 -Wall -Wextra -include /build/guitar/src/Guitar-1.4.0/pragma.h -march=x86-64 -mtune=generic -O2 -pipe -fno-plt -fexceptions -Wp,-D_FORTIFY_SOURCE=3 -Wformat -Werror=format-security -fstack-clash-protection -fcf-protection -fno-omit-frame-pointer -mno-omit-leaf-frame-pointer -Wp,-D_GLIBCXX_ASSERTIONS -g -ffile-prefix-map=/build/guitar/src=/usr/src/debug/guitar -flto=auto -Wall -Wextra -mno-direct-extern-access -D_REENTRANT -DUSE_QT -DAPP_GUITAR -DHAVE_POSIX_OPENPT -DQT_NO_DEBUG -DQT_WIDGETS_LIB -DQT_SVG_LIB -DQT_GUI_LIB -DQT_NETWORK_LIB -DQT_CORE_LIB -I. -Isrc -Isrc/common -Isrc/coloredit -Isrc/texteditor -Ifiletype/src -Isubprojects/IncrementalSearchPlugin/src -I/usr/include/qt6 -I/usr/include/qt6/QtWidgets -I/usr/include/qt6/QtSvg -I/usr/include/qt6/QtGui -I/usr/include/qt6/QtNetwork -I/usr/include/qt6/QtCore -I. -I. -I/usr/lib/qt6/mkspecs/linux-g++ -o MergeDialog.o src/MergeDialog.cpp
g++ -c -pipe -std=c++20 -Wall -Wextra -include /build/guitar/src/Guitar-1.4.0/pragma.h -march=x86-64 -mtune=generic -O2 -pipe -fno-plt -fexceptions -Wp,-D_FORTIFY_SOURCE=3 -Wformat -Werror=format-security -fstack-clash-protection -fcf-protection -fno-omit-frame-pointer -mno-omit-leaf-frame-pointer -Wp,-D_GLIBCXX_ASSERTIONS -g -ffile-prefix-map=/build/guitar/src=/usr/src/debug/guitar -flto=auto -Wall -Wextra -mno-direct-extern-access -D_REENTRANT -DUSE_QT -DAPP_GUITAR -DHAVE_POSIX_OPENPT -DQT_NO_DEBUG -DQT_WIDGETS_LIB -DQT_SVG_LIB -DQT_GUI_LIB -DQT_NETWORK_LIB -DQT_CORE_LIB -I. -Isrc -Isrc/common -Isrc/coloredit -Isrc/texteditor -Ifiletype/src -Isubprojects/IncrementalSearchPlugin/src -I/usr/include/qt6 -I/usr/include/qt6/QtWidgets -I/usr/include/qt6/QtSvg -I/usr/include/qt6/QtGui -I/usr/include/qt6/QtNetwork -I/usr/include/qt6/QtCore -I. -I. -I/usr/lib/qt6/mkspecs/linux-g++ -o MyImageViewWidget.o src/MyImageViewWidget.cpp
g++ -c -pipe -std=c++20 -Wall -Wextra -include /build/guitar/src/Guitar-1.4.0/pragma.h -march=x86-64 -mtune=generic -O2 -pipe -fno-plt -fexceptions -Wp,-D_FORTIFY_SOURCE=3 -Wformat -Werror=format-security -fstack-clash-protection -fcf-protection -fno-omit-frame-pointer -mno-omit-leaf-frame-pointer -Wp,-D_GLIBCXX_ASSERTIONS -g -ffile-prefix-map=/build/guitar/src=/usr/src/debug/guitar -flto=auto -Wall -Wextra -mno-direct-extern-access -D_REENTRANT -DUSE_QT -DAPP_GUITAR -DHAVE_POSIX_OPENPT -DQT_NO_DEBUG -DQT_WIDGETS_LIB -DQT_SVG_LIB -DQT_GUI_LIB -DQT_NETWORK_LIB -DQT_CORE_LIB -I. -Isrc -Isrc/common -Isrc/coloredit -Isrc/texteditor -Ifiletype/src -Isubprojects/IncrementalSearchPlugin/src -I/usr/include/qt6 -I/usr/include/qt6/QtWidgets -I/usr/include/qt6/QtSvg -I/usr/include/qt6/QtGui -I/usr/include/qt6/QtNetwork -I/usr/include/qt6/QtCore -I. -I. -I/usr/lib/qt6/mkspecs/linux-g++ -o MyObjectViewBase.o src/MyObjectViewBase.cpp
g++ -c -pipe -std=c++20 -Wall -Wextra -include /build/guitar/src/Guitar-1.4.0/pragma.h -march=x86-64 -mtune=generic -O2 -pipe -fno-plt -fexceptions -Wp,-D_FORTIFY_SOURCE=3 -Wformat -Werror=format-security -fstack-clash-protection -fcf-protection -fno-omit-frame-pointer -mno-omit-leaf-frame-pointer -Wp,-D_GLIBCXX_ASSERTIONS -g -ffile-prefix-map=/build/guitar/src=/usr/src/debug/guitar -flto=auto -Wall -Wextra -mno-direct-extern-access -D_REENTRANT -DUSE_QT -DAPP_GUITAR -DHAVE_POSIX_OPENPT -DQT_NO_DEBUG -DQT_WIDGETS_LIB -DQT_SVG_LIB -DQT_GUI_LIB -DQT_NETWORK_LIB -DQT_CORE_LIB -I. -Isrc -Isrc/common -Isrc/coloredit -Isrc/texteditor -Ifiletype/src -Isubprojects/IncrementalSearchPlugin/src -I/usr/include/qt6 -I/usr/include/qt6/QtWidgets -I/usr/include/qt6/QtSvg -I/usr/include/qt6/QtGui -I/usr/include/qt6/QtNetwork -I/usr/include/qt6/QtCore -I. -I. -I/usr/lib/qt6/mkspecs/linux-g++ -o MyProcess.o src/MyProcess.cpp
g++ -c -pipe -std=c++20 -Wall -Wextra -include /build/guitar/src/Guitar-1.4.0/pragma.h -march=x86-64 -mtune=generic -O2 -pipe -fno-plt -fexceptions -Wp,-D_FORTIFY_SOURCE=3 -Wformat -Werror=format-security -fstack-clash-protection -fcf-protection -fno-omit-frame-pointer -mno-omit-leaf-frame-pointer -Wp,-D_GLIBCXX_ASSERTIONS -g -ffile-prefix-map=/build/guitar/src=/usr/src/debug/guitar -flto=auto -Wall -Wextra -mno-direct-extern-access -D_REENTRANT -DUSE_QT -DAPP_GUITAR -DHAVE_POSIX_OPENPT -DQT_NO_DEBUG -DQT_WIDGETS_LIB -DQT_SVG_LIB -DQT_GUI_LIB -DQT_NETWORK_LIB -DQT_CORE_LIB -I. -Isrc -Isrc/common -Isrc/coloredit -Isrc/texteditor -Ifiletype/src -Isubprojects/IncrementalSearchPlugin/src -I/usr/include/qt6 -I/usr/include/qt6/QtWidgets -I/usr/include/qt6/QtSvg -I/usr/include/qt6/QtGui -I/usr/include/qt6/QtNetwork -I/usr/include/qt6/QtCore -I. -I. -I/usr/lib/qt6/mkspecs/linux-g++ -o MySettings.o src/MySettings.cpp
g++ -c -pipe -std=c++20 -Wall -Wextra -include /build/guitar/src/Guitar-1.4.0/pragma.h -march=x86-64 -mtune=generic -O2 -pipe -fno-plt -fexceptions -Wp,-D_FORTIFY_SOURCE=3 -Wformat -Werror=format-security -fstack-clash-protection -fcf-protection -fno-omit-frame-pointer -mno-omit-leaf-frame-pointer -Wp,-D_GLIBCXX_ASSERTIONS -g -ffile-prefix-map=/build/guitar/src=/usr/src/debug/guitar -flto=auto -Wall -Wextra -mno-direct-extern-access -D_REENTRANT -DUSE_QT -DAPP_GUITAR -DHAVE_POSIX_OPENPT -DQT_NO_DEBUG -DQT_WIDGETS_LIB -DQT_SVG_LIB -DQT_GUI_LIB -DQT_NETWORK_LIB -DQT_CORE_LIB -I. -Isrc -Isrc/common -Isrc/coloredit -Isrc/texteditor -Ifiletype/src -Isubprojects/IncrementalSearchPlugin/src -I/usr/include/qt6 -I/usr/include/qt6/QtWidgets -I/usr/include/qt6/QtSvg -I/usr/include/qt6/QtGui -I/usr/include/qt6/QtNetwork -I/usr/include/qt6/QtCore -I. -I. -I/usr/lib/qt6/mkspecs/linux-g++ -o MyTableWidgetDelegate.o src/MyTableWidgetDelegate.cpp
src/JumpDialog.cpp: In member function ‘virtual bool JumpDialog::eventFilter(QObject*, QEvent*)’:
src/JumpDialog.cpp:210:36: warning: unused variable ‘mods’ [-Wunused-variable]
  210 |                         const bool mods = alt || ctrl || shift; //(e->modifiers() & Qt::KeyboardModifierMask);
      |                                    ^~~~
g++ -c -pipe -std=c++20 -Wall -Wextra -include /build/guitar/src/Guitar-1.4.0/pragma.h -march=x86-64 -mtune=generic -O2 -pipe -fno-plt -fexceptions -Wp,-D_FORTIFY_SOURCE=3 -Wformat -Werror=format-security -fstack-clash-protection -fcf-protection -fno-omit-frame-pointer -mno-omit-leaf-frame-pointer -Wp,-D_GLIBCXX_ASSERTIONS -g -ffile-prefix-map=/build/guitar/src=/usr/src/debug/guitar -flto=auto -Wall -Wextra -mno-direct-extern-access -D_REENTRANT -DUSE_QT -DAPP_GUITAR -DHAVE_POSIX_OPENPT -DQT_NO_DEBUG -DQT_WIDGETS_LIB -DQT_SVG_LIB -DQT_GUI_LIB -DQT_NETWORK_LIB -DQT_CORE_LIB -I. -Isrc -Isrc/common -Isrc/coloredit -Isrc/texteditor -Ifiletype/src -Isubprojects/IncrementalSearchPlugin/src -I/usr/include/qt6 -I/usr/include/qt6/QtWidgets -I/usr/include/qt6/QtSvg -I/usr/include/qt6/QtGui -I/usr/include/qt6/QtNetwork -I/usr/include/qt6/QtCore -I. -I. -I/usr/lib/qt6/mkspecs/linux-g++ -o MyTextEditorWidget.o src/MyTextEditorWidget.cpp
g++ -c -pipe -std=c++20 -Wall -Wextra -include /build/guitar/src/Guitar-1.4.0/pragma.h -march=x86-64 -mtune=generic -O2 -pipe -fno-plt -fexceptions -Wp,-D_FORTIFY_SOURCE=3 -Wformat -Werror=format-security -fstack-clash-protection -fcf-protection -fno-omit-frame-pointer -mno-omit-leaf-frame-pointer -Wp,-D_GLIBCXX_ASSERTIONS -g -ffile-prefix-map=/build/guitar/src=/usr/src/debug/guitar -flto=auto -Wall -Wextra -mno-direct-extern-access -D_REENTRANT -DUSE_QT -DAPP_GUITAR -DHAVE_POSIX_OPENPT -DQT_NO_DEBUG -DQT_WIDGETS_LIB -DQT_SVG_LIB -DQT_GUI_LIB -DQT_NETWORK_LIB -DQT_CORE_LIB -I. -Isrc -Isrc/common -Isrc/coloredit -Isrc/texteditor -Ifiletype/src -Isubprojects/IncrementalSearchPlugin/src -I/usr/include/qt6 -I/usr/include/qt6/QtWidgets -I/usr/include/qt6/QtSvg -I/usr/include/qt6/QtGui -I/usr/include/qt6/QtNetwork -I/usr/include/qt6/QtCore -I. -I. -I/usr/lib/qt6/mkspecs/linux-g++ -o MyToolButton.o src/MyToolButton.cpp
g++ -c -pipe -std=c++20 -Wall -Wextra -include /build/guitar/src/Guitar-1.4.0/pragma.h -march=x86-64 -mtune=generic -O2 -pipe -fno-plt -fexceptions -Wp,-D_FORTIFY_SOURCE=3 -Wformat -Werror=format-security -fstack-clash-protection -fcf-protection -fno-omit-frame-pointer -mno-omit-leaf-frame-pointer -Wp,-D_GLIBCXX_ASSERTIONS -g -ffile-prefix-map=/build/guitar/src=/usr/src/debug/guitar -flto=auto -Wall -Wextra -mno-direct-extern-access -D_REENTRANT -DUSE_QT -DAPP_GUITAR -DHAVE_POSIX_OPENPT -DQT_NO_DEBUG -DQT_WIDGETS_LIB -DQT_SVG_LIB -DQT_GUI_LIB -DQT_NETWORK_LIB -DQT_CORE_LIB -I. -Isrc -Isrc/common -Isrc/coloredit -Isrc/texteditor -Ifiletype/src -Isubprojects/IncrementalSearchPlugin/src -I/usr/include/qt6 -I/usr/include/qt6/QtWidgets -I/usr/include/qt6/QtSvg -I/usr/include/qt6/QtGui -I/usr/include/qt6/QtNetwork -I/usr/include/qt6/QtCore -I. -I. -I/usr/lib/qt6/mkspecs/linux-g++ -o OverrideWaitCursor.o src/OverrideWaitCursor.cpp
g++ -c -pipe -std=c++20 -Wall -Wextra -include /build/guitar/src/Guitar-1.4.0/pragma.h -march=x86-64 -mtune=generic -O2 -pipe -fno-plt -fexceptions -Wp,-D_FORTIFY_SOURCE=3 -Wformat -Werror=format-security -fstack-clash-protection -fcf-protection -fno-omit-frame-pointer -mno-omit-leaf-frame-pointer -Wp,-D_GLIBCXX_ASSERTIONS -g -ffile-prefix-map=/build/guitar/src=/usr/src/debug/guitar -flto=auto -Wall -Wextra -mno-direct-extern-access -D_REENTRANT -DUSE_QT -DAPP_GUITAR -DHAVE_POSIX_OPENPT -DQT_NO_DEBUG -DQT_WIDGETS_LIB -DQT_SVG_LIB -DQT_GUI_LIB -DQT_NETWORK_LIB -DQT_CORE_LIB -I. -Isrc -Isrc/common -Isrc/coloredit -Isrc/texteditor -Ifiletype/src -Isubprojects/IncrementalSearchPlugin/src -I/usr/include/qt6 -I/usr/include/qt6/QtWidgets -I/usr/include/qt6/QtSvg -I/usr/include/qt6/QtGui -I/usr/include/qt6/QtNetwork -I/usr/include/qt6/QtCore -I. -I. -I/usr/lib/qt6/mkspecs/linux-g++ -o Photoshop.o src/Photoshop.cpp
g++ -c -pipe -std=c++20 -Wall -Wextra -include /build/guitar/src/Guitar-1.4.0/pragma.h -march=x86-64 -mtune=generic -O2 -pipe -fno-plt -fexceptions -Wp,-D_FORTIFY_SOURCE=3 -Wformat -Werror=format-security -fstack-clash-protection -fcf-protection -fno-omit-frame-pointer -mno-omit-leaf-frame-pointer -Wp,-D_GLIBCXX_ASSERTIONS -g -ffile-prefix-map=/build/guitar/src=/usr/src/debug/guitar -flto=auto -Wall -Wextra -mno-direct-extern-access -D_REENTRANT -DUSE_QT -DAPP_GUITAR -DHAVE_POSIX_OPENPT -DQT_NO_DEBUG -DQT_WIDGETS_LIB -DQT_SVG_LIB -DQT_GUI_LIB -DQT_NETWORK_LIB -DQT_CORE_LIB -I. -Isrc -Isrc/common -Isrc/coloredit -Isrc/texteditor -Ifiletype/src -Isubprojects/IncrementalSearchPlugin/src -I/usr/include/qt6 -I/usr/include/qt6/QtWidgets -I/usr/include/qt6/QtSvg -I/usr/include/qt6/QtGui -I/usr/include/qt6/QtNetwork -I/usr/include/qt6/QtCore -I. -I. -I/usr/lib/qt6/mkspecs/linux-g++ -o Profile.o src/Profile.cpp
g++ -c -pipe -std=c++20 -Wall -Wextra -include /build/guitar/src/Guitar-1.4.0/pragma.h -march=x86-64 -mtune=generic -O2 -pipe -fno-plt -fexceptions -Wp,-D_FORTIFY_SOURCE=3 -Wformat -Werror=format-security -fstack-clash-protection -fcf-protection -fno-omit-frame-pointer -mno-omit-leaf-frame-pointer -Wp,-D_GLIBCXX_ASSERTIONS -g -ffile-prefix-map=/build/guitar/src=/usr/src/debug/guitar -flto=auto -Wall -Wextra -mno-direct-extern-access -D_REENTRANT -DUSE_QT -DAPP_GUITAR -DHAVE_POSIX_OPENPT -DQT_NO_DEBUG -DQT_WIDGETS_LIB -DQT_SVG_LIB -DQT_GUI_LIB -DQT_NETWORK_LIB -DQT_CORE_LIB -I. -Isrc -Isrc/common -Isrc/coloredit -Isrc/texteditor -Ifiletype/src -Isubprojects/IncrementalSearchPlugin/src -I/usr/include/qt6 -I/usr/include/qt6/QtWidgets -I/usr/include/qt6/QtSvg -I/usr/include/qt6/QtGui -I/usr/include/qt6/QtNetwork -I/usr/include/qt6/QtCore -I. -I. -I/usr/lib/qt6/mkspecs/linux-g++ -o ProgressTextLabel.o src/ProgressTextLabel.cpp
g++ -c -pipe -std=c++20 -Wall -Wextra -include /build/guitar/src/Guitar-1.4.0/pragma.h -march=x86-64 -mtune=generic -O2 -pipe -fno-plt -fexceptions -Wp,-D_FORTIFY_SOURCE=3 -Wformat -Werror=format-security -fstack-clash-protection -fcf-protection -fno-omit-frame-pointer -mno-omit-leaf-frame-pointer -Wp,-D_GLIBCXX_ASSERTIONS -g -ffile-prefix-map=/build/guitar/src=/usr/src/debug/guitar -flto=auto -Wall -Wextra -mno-direct-extern-access -D_REENTRANT -DUSE_QT -DAPP_GUITAR -DHAVE_POSIX_OPENPT -DQT_NO_DEBUG -DQT_WIDGETS_LIB -DQT_SVG_LIB -DQT_GUI_LIB -DQT_NETWORK_LIB -DQT_CORE_LIB -I. -Isrc -Isrc/common -Isrc/coloredit -Isrc/texteditor -Ifiletype/src -Isubprojects/IncrementalSearchPlugin/src -I/usr/include/qt6 -I/usr/include/qt6/QtWidgets -I/usr/include/qt6/QtSvg -I/usr/include/qt6/QtGui -I/usr/include/qt6/QtNetwork -I/usr/include/qt6/QtCore -I. -I. -I/usr/lib/qt6/mkspecs/linux-g++ -o ProgressWidget.o src/ProgressWidget.cpp
g++ -c -pipe -std=c++20 -Wall -Wextra -include /build/guitar/src/Guitar-1.4.0/pragma.h -march=x86-64 -mtune=generic -O2 -pipe -fno-plt -fexceptions -Wp,-D_FORTIFY_SOURCE=3 -Wformat -Werror=format-security -fstack-clash-protection -fcf-protection -fno-omit-frame-pointer -mno-omit-leaf-frame-pointer -Wp,-D_GLIBCXX_ASSERTIONS -g -ffile-prefix-map=/build/guitar/src=/usr/src/debug/guitar -flto=auto -Wall -Wextra -mno-direct-extern-access -D_REENTRANT -DUSE_QT -DAPP_GUITAR -DHAVE_POSIX_OPENPT -DQT_NO_DEBUG -DQT_WIDGETS_LIB -DQT_SVG_LIB -DQT_GUI_LIB -DQT_NETWORK_LIB -DQT_CORE_LIB -I. -Isrc -Isrc/common -Isrc/coloredit -Isrc/texteditor -Ifiletype/src -Isubprojects/IncrementalSearchPlugin/src -I/usr/include/qt6 -I/usr/include/qt6/QtWidgets -I/usr/include/qt6/QtSvg -I/usr/include/qt6/QtGui -I/usr/include/qt6/QtNetwork -I/usr/include/qt6/QtCore -I. -I. -I/usr/lib/qt6/mkspecs/linux-g++ -o PushDialog.o src/PushDialog.cpp
g++ -c -pipe -std=c++20 -Wall -Wextra -include /build/guitar/src/Guitar-1.4.0/pragma.h -march=x86-64 -mtune=generic -O2 -pipe -fno-plt -fexceptions -Wp,-D_FORTIFY_SOURCE=3 -Wformat -Werror=format-security -fstack-clash-protection -fcf-protection -fno-omit-frame-pointer -mno-omit-leaf-frame-pointer -Wp,-D_GLIBCXX_ASSERTIONS -g -ffile-prefix-map=/build/guitar/src=/usr/src/debug/guitar -flto=auto -Wall -Wextra -mno-direct-extern-access -D_REENTRANT -DUSE_QT -DAPP_GUITAR -DHAVE_POSIX_OPENPT -DQT_NO_DEBUG -DQT_WIDGETS_LIB -DQT_SVG_LIB -DQT_GUI_LIB -DQT_NETWORK_LIB -DQT_CORE_LIB -I. -Isrc -Isrc/common -Isrc/coloredit -Isrc/texteditor -Ifiletype/src -Isubprojects/IncrementalSearchPlugin/src -I/usr/include/qt6 -I/usr/include/qt6/QtWidgets -I/usr/include/qt6/QtSvg -I/usr/include/qt6/QtGui -I/usr/include/qt6/QtNetwork -I/usr/include/qt6/QtCore -I. -I. -I/usr/lib/qt6/mkspecs/linux-g++ -o ReadOnlyLineEdit.o src/ReadOnlyLineEdit.cpp
g++ -c -pipe -std=c++20 -Wall -Wextra -include /build/guitar/src/Guitar-1.4.0/pragma.h -march=x86-64 -mtune=generic -O2 -pipe -fno-plt -fexceptions -Wp,-D_FORTIFY_SOURCE=3 -Wformat -Werror=format-security -fstack-clash-protection -fcf-protection -fno-omit-frame-pointer -mno-omit-leaf-frame-pointer -Wp,-D_GLIBCXX_ASSERTIONS -g -ffile-prefix-map=/build/guitar/src=/usr/src/debug/guitar -flto=auto -Wall -Wextra -mno-direct-extern-access -D_REENTRANT -DUSE_QT -DAPP_GUITAR -DHAVE_POSIX_OPENPT -DQT_NO_DEBUG -DQT_WIDGETS_LIB -DQT_SVG_LIB -DQT_GUI_LIB -DQT_NETWORK_LIB -DQT_CORE_LIB -I. -Isrc -Isrc/common -Isrc/coloredit -Isrc/texteditor -Ifiletype/src -Isubprojects/IncrementalSearchPlugin/src -I/usr/include/qt6 -I/usr/include/qt6/QtWidgets -I/usr/include/qt6/QtSvg -I/usr/include/qt6/QtGui -I/usr/include/qt6/QtNetwork -I/usr/include/qt6/QtCore -I. -I. -I/usr/lib/qt6/mkspecs/linux-g++ -o ReadOnlyPlainTextEdit.o src/ReadOnlyPlainTextEdit.cpp
src/MainWindow.cpp: In member function ‘virtual bool MainWindow::eventFilter(QObject*, QEvent*)’:
src/MainWindow.cpp:707:36: warning: unused variable ‘mods’ [-Wunused-variable]
  707 |                         const bool mods = alt || ctrl || shift; //(e->modifiers() & Qt::KeyboardModifierMask);
      |                                    ^~~~
g++ -c -pipe -std=c++20 -Wall -Wextra -include /build/guitar/src/Guitar-1.4.0/pragma.h -march=x86-64 -mtune=generic -O2 -pipe -fno-plt -fexceptions -Wp,-D_FORTIFY_SOURCE=3 -Wformat -Werror=format-security -fstack-clash-protection -fcf-protection -fno-omit-frame-pointer -mno-omit-leaf-frame-pointer -Wp,-D_GLIBCXX_ASSERTIONS -g -ffile-prefix-map=/build/guitar/src=/usr/src/debug/guitar -flto=auto -Wall -Wextra -mno-direct-extern-access -D_REENTRANT -DUSE_QT -DAPP_GUITAR -DHAVE_POSIX_OPENPT -DQT_NO_DEBUG -DQT_WIDGETS_LIB -DQT_SVG_LIB -DQT_GUI_LIB -DQT_NETWORK_LIB -DQT_CORE_LIB -I. -Isrc -Isrc/common -Isrc/coloredit -Isrc/texteditor -Ifiletype/src -Isubprojects/IncrementalSearchPlugin/src -I/usr/include/qt6 -I/usr/include/qt6/QtWidgets -I/usr/include/qt6/QtSvg -I/usr/include/qt6/QtGui -I/usr/include/qt6/QtNetwork -I/usr/include/qt6/QtCore -I. -I. -I/usr/lib/qt6/mkspecs/linux-g++ -o ReflogWindow.o src/ReflogWindow.cpp
g++ -c -pipe -std=c++20 -Wall -Wextra -include /build/guitar/src/Guitar-1.4.0/pragma.h -march=x86-64 -mtune=generic -O2 -pipe -fno-plt -fexceptions -Wp,-D_FORTIFY_SOURCE=3 -Wformat -Werror=format-security -fstack-clash-protection -fcf-protection -fno-omit-frame-pointer -mno-omit-leaf-frame-pointer -Wp,-D_GLIBCXX_ASSERTIONS -g -ffile-prefix-map=/build/guitar/src=/usr/src/debug/guitar -flto=auto -Wall -Wextra -mno-direct-extern-access -D_REENTRANT -DUSE_QT -DAPP_GUITAR -DHAVE_POSIX_OPENPT -DQT_NO_DEBUG -DQT_WIDGETS_LIB -DQT_SVG_LIB -DQT_GUI_LIB -DQT_NETWORK_LIB -DQT_CORE_LIB -I. -Isrc -Isrc/common -Isrc/coloredit -Isrc/texteditor -Ifiletype/src -Isubprojects/IncrementalSearchPlugin/src -I/usr/include/qt6 -I/usr/include/qt6/QtWidgets -I/usr/include/qt6/QtSvg -I/usr/include/qt6/QtGui -I/usr/include/qt6/QtNetwork -I/usr/include/qt6/QtCore -I. -I. -I/usr/lib/qt6/mkspecs/linux-g++ -o RemoteAdvancedOptionWidget.o src/RemoteAdvancedOptionWidget.cpp
g++ -c -pipe -std=c++20 -Wall -Wextra -include /build/guitar/src/Guitar-1.4.0/pragma.h -march=x86-64 -mtune=generic -O2 -pipe -fno-plt -fexceptions -Wp,-D_FORTIFY_SOURCE=3 -Wformat -Werror=format-security -fstack-clash-protection -fcf-protection -fno-omit-frame-pointer -mno-omit-leaf-frame-pointer -Wp,-D_GLIBCXX_ASSERTIONS -g -ffile-prefix-map=/build/guitar/src=/usr/src/debug/guitar -flto=auto -Wall -Wextra -mno-direct-extern-access -D_REENTRANT -DUSE_QT -DAPP_GUITAR -DHAVE_POSIX_OPENPT -DQT_NO_DEBUG -DQT_WIDGETS_LIB -DQT_SVG_LIB -DQT_GUI_LIB -DQT_NETWORK_LIB -DQT_CORE_LIB -I. -Isrc -Isrc/common -Isrc/coloredit -Isrc/texteditor -Ifiletype/src -Isubprojects/IncrementalSearchPlugin/src -I/usr/include/qt6 -I/usr/include/qt6/QtWidgets -I/usr/include/qt6/QtSvg -I/usr/include/qt6/QtGui -I/usr/include/qt6/QtNetwork -I/usr/include/qt6/QtCore -I. -I. -I/usr/lib/qt6/mkspecs/linux-g++ -o RemoteRepositoriesTableWidget.o src/RemoteRepositoriesTableWidget.cpp
g++ -c -pipe -std=c++20 -Wall -Wextra -include /build/guitar/src/Guitar-1.4.0/pragma.h -march=x86-64 -mtune=generic -O2 -pipe -fno-plt -fexceptions -Wp,-D_FORTIFY_SOURCE=3 -Wformat -Werror=format-security -fstack-clash-protection -fcf-protection -fno-omit-frame-pointer -mno-omit-leaf-frame-pointer -Wp,-D_GLIBCXX_ASSERTIONS -g -ffile-prefix-map=/build/guitar/src=/usr/src/debug/guitar -flto=auto -Wall -Wextra -mno-direct-extern-access -D_REENTRANT -DUSE_QT -DAPP_GUITAR -DHAVE_POSIX_OPENPT -DQT_NO_DEBUG -DQT_WIDGETS_LIB -DQT_SVG_LIB -DQT_GUI_LIB -DQT_NETWORK_LIB -DQT_CORE_LIB -I. -Isrc -Isrc/common -Isrc/coloredit -Isrc/texteditor -Ifiletype/src -Isubprojects/IncrementalSearchPlugin/src -I/usr/include/qt6 -I/usr/include/qt6/QtWidgets -I/usr/include/qt6/QtSvg -I/usr/include/qt6/QtGui -I/usr/include/qt6/QtNetwork -I/usr/include/qt6/QtCore -I. -I. -I/usr/lib/qt6/mkspecs/linux-g++ -o RepositoryInfoFrame.o src/RepositoryInfoFrame.cpp
g++ -c -pipe -std=c++20 -Wall -Wextra -include /build/guitar/src/Guitar-1.4.0/pragma.h -march=x86-64 -mtune=generic -O2 -pipe -fno-plt -fexceptions -Wp,-D_FORTIFY_SOURCE=3 -Wformat -Werror=format-security -fstack-clash-protection -fcf-protection -fno-omit-frame-pointer -mno-omit-leaf-frame-pointer -Wp,-D_GLIBCXX_ASSERTIONS -g -ffile-prefix-map=/build/guitar/src=/usr/src/debug/guitar -flto=auto -Wall -Wextra -mno-direct-extern-access -D_REENTRANT -DUSE_QT -DAPP_GUITAR -DHAVE_POSIX_OPENPT -DQT_NO_DEBUG -DQT_WIDGETS_LIB -DQT_SVG_LIB -DQT_GUI_LIB -DQT_NETWORK_LIB -DQT_CORE_LIB -I. -Isrc -Isrc/common -Isrc/coloredit -Isrc/texteditor -Ifiletype/src -Isubprojects/IncrementalSearchPlugin/src -I/usr/include/qt6 -I/usr/include/qt6/QtWidgets -I/usr/include/qt6/QtSvg -I/usr/include/qt6/QtGui -I/usr/include/qt6/QtNetwork -I/usr/include/qt6/QtCore -I. -I. -I/usr/lib/qt6/mkspecs/linux-g++ -o RepositoryModel.o src/RepositoryModel.cpp
g++ -c -pipe -std=c++20 -Wall -Wextra -include /build/guitar/src/Guitar-1.4.0/pragma.h -march=x86-64 -mtune=generic -O2 -pipe -fno-plt -fexceptions -Wp,-D_FORTIFY_SOURCE=3 -Wformat -Werror=format-security -fstack-clash-protection -fcf-protection -fno-omit-frame-pointer -mno-omit-leaf-frame-pointer -Wp,-D_GLIBCXX_ASSERTIONS -g -ffile-prefix-map=/build/guitar/src=/usr/src/debug/guitar -flto=auto -Wall -Wextra -mno-direct-extern-access -D_REENTRANT -DUSE_QT -DAPP_GUITAR -DHAVE_POSIX_OPENPT -DQT_NO_DEBUG -DQT_WIDGETS_LIB -DQT_SVG_LIB -DQT_GUI_LIB -DQT_NETWORK_LIB -DQT_CORE_LIB -I. -Isrc -Isrc/common -Isrc/coloredit -Isrc/texteditor -Ifiletype/src -Isubprojects/IncrementalSearchPlugin/src -I/usr/include/qt6 -I/usr/include/qt6/QtWidgets -I/usr/include/qt6/QtSvg -I/usr/include/qt6/QtGui -I/usr/include/qt6/QtNetwork -I/usr/include/qt6/QtCore -I. -I. -I/usr/lib/qt6/mkspecs/linux-g++ -o RepositoryPropertyDialog.o src/RepositoryPropertyDialog.cpp
g++ -c -pipe -std=c++20 -Wall -Wextra -include /build/guitar/src/Guitar-1.4.0/pragma.h -march=x86-64 -mtune=generic -O2 -pipe -fno-plt -fexceptions -Wp,-D_FORTIFY_SOURCE=3 -Wformat -Werror=format-security -fstack-clash-protection -fcf-protection -fno-omit-frame-pointer -mno-omit-leaf-frame-pointer -Wp,-D_GLIBCXX_ASSERTIONS -g -ffile-prefix-map=/build/guitar/src=/usr/src/debug/guitar -flto=auto -Wall -Wextra -mno-direct-extern-access -D_REENTRANT -DUSE_QT -DAPP_GUITAR -DHAVE_POSIX_OPENPT -DQT_NO_DEBUG -DQT_WIDGETS_LIB -DQT_SVG_LIB -DQT_GUI_LIB -DQT_NETWORK_LIB -DQT_CORE_LIB -I. -Isrc -Isrc/common -Isrc/coloredit -Isrc/texteditor -Ifiletype/src -Isubprojects/IncrementalSearchPlugin/src -I/usr/include/qt6 -I/usr/include/qt6/QtWidgets -I/usr/include/qt6/QtSvg -I/usr/include/qt6/QtGui -I/usr/include/qt6/QtNetwork -I/usr/include/qt6/QtCore -I. -I. -I/usr/lib/qt6/mkspecs/linux-g++ -o RepositoryTreeWidget.o src/RepositoryTreeWidget.cpp
g++ -c -pipe -std=c++20 -Wall -Wextra -include /build/guitar/src/Guitar-1.4.0/pragma.h -march=x86-64 -mtune=generic -O2 -pipe -fno-plt -fexceptions -Wp,-D_FORTIFY_SOURCE=3 -Wformat -Werror=format-security -fstack-clash-protection -fcf-protection -fno-omit-frame-pointer -mno-omit-leaf-frame-pointer -Wp,-D_GLIBCXX_ASSERTIONS -g -ffile-prefix-map=/build/guitar/src=/usr/src/debug/guitar -flto=auto -Wall -Wextra -mno-direct-extern-access -D_REENTRANT -DUSE_QT -DAPP_GUITAR -DHAVE_POSIX_OPENPT -DQT_NO_DEBUG -DQT_WIDGETS_LIB -DQT_SVG_LIB -DQT_GUI_LIB -DQT_NETWORK_LIB -DQT_CORE_LIB -I. -Isrc -Isrc/common -Isrc/coloredit -Isrc/texteditor -Ifiletype/src -Isubprojects/IncrementalSearchPlugin/src -I/usr/include/qt6 -I/usr/include/qt6/QtWidgets -I/usr/include/qt6/QtSvg -I/usr/include/qt6/QtGui -I/usr/include/qt6/QtNetwork -I/usr/include/qt6/QtCore -I. -I. -I/usr/lib/qt6/mkspecs/linux-g++ -o RepositoryUrlLineEdit.o src/RepositoryUrlLineEdit.cpp
g++ -c -pipe -std=c++20 -Wall -Wextra -include /build/guitar/src/Guitar-1.4.0/pragma.h -march=x86-64 -mtune=generic -O2 -pipe -fno-plt -fexceptions -Wp,-D_FORTIFY_SOURCE=3 -Wformat -Werror=format-security -fstack-clash-protection -fcf-protection -fno-omit-frame-pointer -mno-omit-leaf-frame-pointer -Wp,-D_GLIBCXX_ASSERTIONS -g -ffile-prefix-map=/build/guitar/src=/usr/src/debug/guitar -flto=auto -Wall -Wextra -mno-direct-extern-access -D_REENTRANT -DUSE_QT -DAPP_GUITAR -DHAVE_POSIX_OPENPT -DQT_NO_DEBUG -DQT_WIDGETS_LIB -DQT_SVG_LIB -DQT_GUI_LIB -DQT_NETWORK_LIB -DQT_CORE_LIB -I. -Isrc -Isrc/common -Isrc/coloredit -Isrc/texteditor -Ifiletype/src -Isubprojects/IncrementalSearchPlugin/src -I/usr/include/qt6 -I/usr/include/qt6/QtWidgets -I/usr/include/qt6/QtSvg -I/usr/include/qt6/QtGui -I/usr/include/qt6/QtNetwork -I/usr/include/qt6/QtCore -I. -I. -I/usr/lib/qt6/mkspecs/linux-g++ -o SearchFromGitHubDialog.o src/SearchFromGitHubDialog.cpp
g++ -c -pipe -std=c++20 -Wall -Wextra -include /build/guitar/src/Guitar-1.4.0/pragma.h -march=x86-64 -mtune=generic -O2 -pipe -fno-plt -fexceptions -Wp,-D_FORTIFY_SOURCE=3 -Wformat -Werror=format-security -fstack-clash-protection -fcf-protection -fno-omit-frame-pointer -mno-omit-leaf-frame-pointer -Wp,-D_GLIBCXX_ASSERTIONS -g -ffile-prefix-map=/build/guitar/src=/usr/src/debug/guitar -flto=auto -Wall -Wextra -mno-direct-extern-access -D_REENTRANT -DUSE_QT -DAPP_GUITAR -DHAVE_POSIX_OPENPT -DQT_NO_DEBUG -DQT_WIDGETS_LIB -DQT_SVG_LIB -DQT_GUI_LIB -DQT_NETWORK_LIB -DQT_CORE_LIB -I. -Isrc -Isrc/common -Isrc/coloredit -Isrc/texteditor -Ifiletype/src -Isubprojects/IncrementalSearchPlugin/src -I/usr/include/qt6 -I/usr/include/qt6/QtWidgets -I/usr/include/qt6/QtSvg -I/usr/include/qt6/QtGui -I/usr/include/qt6/QtNetwork -I/usr/include/qt6/QtCore -I. -I. -I/usr/lib/qt6/mkspecs/linux-g++ -o SelectCommandDialog.o src/SelectCommandDialog.cpp
g++ -c -pipe -std=c++20 -Wall -Wextra -include /build/guitar/src/Guitar-1.4.0/pragma.h -march=x86-64 -mtune=generic -O2 -pipe -fno-plt -fexceptions -Wp,-D_FORTIFY_SOURCE=3 -Wformat -Werror=format-security -fstack-clash-protection -fcf-protection -fno-omit-frame-pointer -mno-omit-leaf-frame-pointer -Wp,-D_GLIBCXX_ASSERTIONS -g -ffile-prefix-map=/build/guitar/src=/usr/src/debug/guitar -flto=auto -Wall -Wextra -mno-direct-extern-access -D_REENTRANT -DUSE_QT -DAPP_GUITAR -DHAVE_POSIX_OPENPT -DQT_NO_DEBUG -DQT_WIDGETS_LIB -DQT_SVG_LIB -DQT_GUI_LIB -DQT_NETWORK_LIB -DQT_CORE_LIB -I. -Isrc -Isrc/common -Isrc/coloredit -Isrc/texteditor -Ifiletype/src -Isubprojects/IncrementalSearchPlugin/src -I/usr/include/qt6 -I/usr/include/qt6/QtWidgets -I/usr/include/qt6/QtSvg -I/usr/include/qt6/QtGui -I/usr/include/qt6/QtNetwork -I/usr/include/qt6/QtCore -I. -I. -I/usr/lib/qt6/mkspecs/linux-g++ -o SelectGpgKeyDialog.o src/SelectGpgKeyDialog.cpp
g++ -c -pipe -std=c++20 -Wall -Wextra -include /build/guitar/src/Guitar-1.4.0/pragma.h -march=x86-64 -mtune=generic -O2 -pipe -fno-plt -fexceptions -Wp,-D_FORTIFY_SOURCE=3 -Wformat -Werror=format-security -fstack-clash-protection -fcf-protection -fno-omit-frame-pointer -mno-omit-leaf-frame-pointer -Wp,-D_GLIBCXX_ASSERTIONS -g -ffile-prefix-map=/build/guitar/src=/usr/src/debug/guitar -flto=auto -Wall -Wextra -mno-direct-extern-access -D_REENTRANT -DUSE_QT -DAPP_GUITAR -DHAVE_POSIX_OPENPT -DQT_NO_DEBUG -DQT_WIDGETS_LIB -DQT_SVG_LIB -DQT_GUI_LIB -DQT_NETWORK_LIB -DQT_CORE_LIB -I. -Isrc -Isrc/common -Isrc/coloredit -Isrc/texteditor -Ifiletype/src -Isubprojects/IncrementalSearchPlugin/src -I/usr/include/qt6 -I/usr/include/qt6/QtWidgets -I/usr/include/qt6/QtSvg -I/usr/include/qt6/QtGui -I/usr/include/qt6/QtNetwork -I/usr/include/qt6/QtCore -I. -I. -I/usr/lib/qt6/mkspecs/linux-g++ -o SelectItemDialog.o src/SelectItemDialog.cpp
g++ -c -pipe -std=c++20 -Wall -Wextra -include /build/guitar/src/Guitar-1.4.0/pragma.h -march=x86-64 -mtune=generic -O2 -pipe -fno-plt -fexceptions -Wp,-D_FORTIFY_SOURCE=3 -Wformat -Werror=format-security -fstack-clash-protection -fcf-protection -fno-omit-frame-pointer -mno-omit-leaf-frame-pointer -Wp,-D_GLIBCXX_ASSERTIONS -g -ffile-prefix-map=/build/guitar/src=/usr/src/debug/guitar -flto=auto -Wall -Wextra -mno-direct-extern-access -D_REENTRANT -DUSE_QT -DAPP_GUITAR -DHAVE_POSIX_OPENPT -DQT_NO_DEBUG -DQT_WIDGETS_LIB -DQT_SVG_LIB -DQT_GUI_LIB -DQT_NETWORK_LIB -DQT_CORE_LIB -I. -Isrc -Isrc/common -Isrc/coloredit -Isrc/texteditor -Ifiletype/src -Isubprojects/IncrementalSearchPlugin/src -I/usr/include/qt6 -I/usr/include/qt6/QtWidgets -I/usr/include/qt6/QtSvg -I/usr/include/qt6/QtGui -I/usr/include/qt6/QtNetwork -I/usr/include/qt6/QtCore -I. -I. -I/usr/lib/qt6/mkspecs/linux-g++ -o SetGlobalUserDialog.o src/SetGlobalUserDialog.cpp
g++ -c -pipe -std=c++20 -Wall -Wextra -include /build/guitar/src/Guitar-1.4.0/pragma.h -march=x86-64 -mtune=generic -O2 -pipe -fno-plt -fexceptions -Wp,-D_FORTIFY_SOURCE=3 -Wformat -Werror=format-security -fstack-clash-protection -fcf-protection -fno-omit-frame-pointer -mno-omit-leaf-frame-pointer -Wp,-D_GLIBCXX_ASSERTIONS -g -ffile-prefix-map=/build/guitar/src=/usr/src/debug/guitar -flto=auto -Wall -Wextra -mno-direct-extern-access -D_REENTRANT -DUSE_QT -DAPP_GUITAR -DHAVE_POSIX_OPENPT -DQT_NO_DEBUG -DQT_WIDGETS_LIB -DQT_SVG_LIB -DQT_GUI_LIB -DQT_NETWORK_LIB -DQT_CORE_LIB -I. -Isrc -Isrc/common -Isrc/coloredit -Isrc/texteditor -Ifiletype/src -Isubprojects/IncrementalSearchPlugin/src -I/usr/include/qt6 -I/usr/include/qt6/QtWidgets -I/usr/include/qt6/QtSvg -I/usr/include/qt6/QtGui -I/usr/include/qt6/QtNetwork -I/usr/include/qt6/QtCore -I. -I. -I/usr/lib/qt6/mkspecs/linux-g++ -o SetGpgSigningDialog.o src/SetGpgSigningDialog.cpp
g++ -c -pipe -std=c++20 -Wall -Wextra -include /build/guitar/src/Guitar-1.4.0/pragma.h -march=x86-64 -mtune=generic -O2 -pipe -fno-plt -fexceptions -Wp,-D_FORTIFY_SOURCE=3 -Wformat -Werror=format-security -fstack-clash-protection -fcf-protection -fno-omit-frame-pointer -mno-omit-leaf-frame-pointer -Wp,-D_GLIBCXX_ASSERTIONS -g -ffile-prefix-map=/build/guitar/src=/usr/src/debug/guitar -flto=auto -Wall -Wextra -mno-direct-extern-access -D_REENTRANT -DUSE_QT -DAPP_GUITAR -DHAVE_POSIX_OPENPT -DQT_NO_DEBUG -DQT_WIDGETS_LIB -DQT_SVG_LIB -DQT_GUI_LIB -DQT_NETWORK_LIB -DQT_CORE_LIB -I. -Isrc -Isrc/common -Isrc/coloredit -Isrc/texteditor -Ifiletype/src -Isubprojects/IncrementalSearchPlugin/src -I/usr/include/qt6 -I/usr/include/qt6/QtWidgets -I/usr/include/qt6/QtSvg -I/usr/include/qt6/QtGui -I/usr/include/qt6/QtNetwork -I/usr/include/qt6/QtCore -I. -I. -I/usr/lib/qt6/mkspecs/linux-g++ -o SettingAiForm.o src/SettingAiForm.cpp
g++ -c -pipe -std=c++20 -Wall -Wextra -include /build/guitar/src/Guitar-1.4.0/pragma.h -march=x86-64 -mtune=generic -O2 -pipe -fno-plt -fexceptions -Wp,-D_FORTIFY_SOURCE=3 -Wformat -Werror=format-security -fstack-clash-protection -fcf-protection -fno-omit-frame-pointer -mno-omit-leaf-frame-pointer -Wp,-D_GLIBCXX_ASSERTIONS -g -ffile-prefix-map=/build/guitar/src=/usr/src/debug/guitar -flto=auto -Wall -Wextra -mno-direct-extern-access -D_REENTRANT -DUSE_QT -DAPP_GUITAR -DHAVE_POSIX_OPENPT -DQT_NO_DEBUG -DQT_WIDGETS_LIB -DQT_SVG_LIB -DQT_GUI_LIB -DQT_NETWORK_LIB -DQT_CORE_LIB -I. -Isrc -Isrc/common -Isrc/coloredit -Isrc/texteditor -Ifiletype/src -Isubprojects/IncrementalSearchPlugin/src -I/usr/include/qt6 -I/usr/include/qt6/QtWidgets -I/usr/include/qt6/QtSvg -I/usr/include/qt6/QtGui -I/usr/include/qt6/QtNetwork -I/usr/include/qt6/QtCore -I. -I. -I/usr/lib/qt6/mkspecs/linux-g++ -o SettingBehaviorForm.o src/SettingBehaviorForm.cpp
g++ -c -pipe -std=c++20 -Wall -Wextra -include /build/guitar/src/Guitar-1.4.0/pragma.h -march=x86-64 -mtune=generic -O2 -pipe -fno-plt -fexceptions -Wp,-D_FORTIFY_SOURCE=3 -Wformat -Werror=format-security -fstack-clash-protection -fcf-protection -fno-omit-frame-pointer -mno-omit-leaf-frame-pointer -Wp,-D_GLIBCXX_ASSERTIONS -g -ffile-prefix-map=/build/guitar/src=/usr/src/debug/guitar -flto=auto -Wall -Wextra -mno-direct-extern-access -D_REENTRANT -DUSE_QT -DAPP_GUITAR -DHAVE_POSIX_OPENPT -DQT_NO_DEBUG -DQT_WIDGETS_LIB -DQT_SVG_LIB -DQT_GUI_LIB -DQT_NETWORK_LIB -DQT_CORE_LIB -I. -Isrc -Isrc/common -Isrc/coloredit -Isrc/texteditor -Ifiletype/src -Isubprojects/IncrementalSearchPlugin/src -I/usr/include/qt6 -I/usr/include/qt6/QtWidgets -I/usr/include/qt6/QtSvg -I/usr/include/qt6/QtGui -I/usr/include/qt6/QtNetwork -I/usr/include/qt6/QtCore -I. -I. -I/usr/lib/qt6/mkspecs/linux-g++ -o SettingExampleForm.o src/SettingExampleForm.cpp
g++ -c -pipe -std=c++20 -Wall -Wextra -include /build/guitar/src/Guitar-1.4.0/pragma.h -march=x86-64 -mtune=generic -O2 -pipe -fno-plt -fexceptions -Wp,-D_FORTIFY_SOURCE=3 -Wformat -Werror=format-security -fstack-clash-protection -fcf-protection -fno-omit-frame-pointer -mno-omit-leaf-frame-pointer -Wp,-D_GLIBCXX_ASSERTIONS -g -ffile-prefix-map=/build/guitar/src=/usr/src/debug/guitar -flto=auto -Wall -Wextra -mno-direct-extern-access -D_REENTRANT -DUSE_QT -DAPP_GUITAR -DHAVE_POSIX_OPENPT -DQT_NO_DEBUG -DQT_WIDGETS_LIB -DQT_SVG_LIB -DQT_GUI_LIB -DQT_NETWORK_LIB -DQT_CORE_LIB -I. -Isrc -Isrc/common -Isrc/coloredit -Isrc/texteditor -Ifiletype/src -Isubprojects/IncrementalSearchPlugin/src -I/usr/include/qt6 -I/usr/include/qt6/QtWidgets -I/usr/include/qt6/QtSvg -I/usr/include/qt6/QtGui -I/usr/include/qt6/QtNetwork -I/usr/include/qt6/QtCore -I. -I. -I/usr/lib/qt6/mkspecs/linux-g++ -o SettingGeneralForm.o src/SettingGeneralForm.cpp
g++ -c -pipe -std=c++20 -Wall -Wextra -include /build/guitar/src/Guitar-1.4.0/pragma.h -march=x86-64 -mtune=generic -O2 -pipe -fno-plt -fexceptions -Wp,-D_FORTIFY_SOURCE=3 -Wformat -Werror=format-security -fstack-clash-protection -fcf-protection -fno-omit-frame-pointer -mno-omit-leaf-frame-pointer -Wp,-D_GLIBCXX_ASSERTIONS -g -ffile-prefix-map=/build/guitar/src=/usr/src/debug/guitar -flto=auto -Wall -Wextra -mno-direct-extern-access -D_REENTRANT -DUSE_QT -DAPP_GUITAR -DHAVE_POSIX_OPENPT -DQT_NO_DEBUG -DQT_WIDGETS_LIB -DQT_SVG_LIB -DQT_GUI_LIB -DQT_NETWORK_LIB -DQT_CORE_LIB -I. -Isrc -Isrc/common -Isrc/coloredit -Isrc/texteditor -Ifiletype/src -Isubprojects/IncrementalSearchPlugin/src -I/usr/include/qt6 -I/usr/include/qt6/QtWidgets -I/usr/include/qt6/QtSvg -I/usr/include/qt6/QtGui -I/usr/include/qt6/QtNetwork -I/usr/include/qt6/QtCore -I. -I. -I/usr/lib/qt6/mkspecs/linux-g++ -o SettingLoggingForm.o src/SettingLoggingForm.cpp
g++ -c -pipe -std=c++20 -Wall -Wextra -include /build/guitar/src/Guitar-1.4.0/pragma.h -march=x86-64 -mtune=generic -O2 -pipe -fno-plt -fexceptions -Wp,-D_FORTIFY_SOURCE=3 -Wformat -Werror=format-security -fstack-clash-protection -fcf-protection -fno-omit-frame-pointer -mno-omit-leaf-frame-pointer -Wp,-D_GLIBCXX_ASSERTIONS -g -ffile-prefix-map=/build/guitar/src=/usr/src/debug/guitar -flto=auto -Wall -Wextra -mno-direct-extern-access -D_REENTRANT -DUSE_QT -DAPP_GUITAR -DHAVE_POSIX_OPENPT -DQT_NO_DEBUG -DQT_WIDGETS_LIB -DQT_SVG_LIB -DQT_GUI_LIB -DQT_NETWORK_LIB -DQT_CORE_LIB -I. -Isrc -Isrc/common -Isrc/coloredit -Isrc/texteditor -Ifiletype/src -Isubprojects/IncrementalSearchPlugin/src -I/usr/include/qt6 -I/usr/include/qt6/QtWidgets -I/usr/include/qt6/QtSvg -I/usr/include/qt6/QtGui -I/usr/include/qt6/QtNetwork -I/usr/include/qt6/QtCore -I. -I. -I/usr/lib/qt6/mkspecs/linux-g++ -o SettingNetworkForm.o src/SettingNetworkForm.cpp
g++ -c -pipe -std=c++20 -Wall -Wextra -include /build/guitar/src/Guitar-1.4.0/pragma.h -march=x86-64 -mtune=generic -O2 -pipe -fno-plt -fexceptions -Wp,-D_FORTIFY_SOURCE=3 -Wformat -Werror=format-security -fstack-clash-protection -fcf-protection -fno-omit-frame-pointer -mno-omit-leaf-frame-pointer -Wp,-D_GLIBCXX_ASSERTIONS -g -ffile-prefix-map=/build/guitar/src=/usr/src/debug/guitar -flto=auto -Wall -Wextra -mno-direct-extern-access -D_REENTRANT -DUSE_QT -DAPP_GUITAR -DHAVE_POSIX_OPENPT -DQT_NO_DEBUG -DQT_WIDGETS_LIB -DQT_SVG_LIB -DQT_GUI_LIB -DQT_NETWORK_LIB -DQT_CORE_LIB -I. -Isrc -Isrc/common -Isrc/coloredit -Isrc/texteditor -Ifiletype/src -Isubprojects/IncrementalSearchPlugin/src -I/usr/include/qt6 -I/usr/include/qt6/QtWidgets -I/usr/include/qt6/QtSvg -I/usr/include/qt6/QtGui -I/usr/include/qt6/QtNetwork -I/usr/include/qt6/QtCore -I. -I. -I/usr/lib/qt6/mkspecs/linux-g++ -o SettingOptionsForm.o src/SettingOptionsForm.cpp
g++ -c -pipe -std=c++20 -Wall -Wextra -include /build/guitar/src/Guitar-1.4.0/pragma.h -march=x86-64 -mtune=generic -O2 -pipe -fno-plt -fexceptions -Wp,-D_FORTIFY_SOURCE=3 -Wformat -Werror=format-security -fstack-clash-protection -fcf-protection -fno-omit-frame-pointer -mno-omit-leaf-frame-pointer -Wp,-D_GLIBCXX_ASSERTIONS -g -ffile-prefix-map=/build/guitar/src=/usr/src/debug/guitar -flto=auto -Wall -Wextra -mno-direct-extern-access -D_REENTRANT -DUSE_QT -DAPP_GUITAR -DHAVE_POSIX_OPENPT -DQT_NO_DEBUG -DQT_WIDGETS_LIB -DQT_SVG_LIB -DQT_GUI_LIB -DQT_NETWORK_LIB -DQT_CORE_LIB -I. -Isrc -Isrc/common -Isrc/coloredit -Isrc/texteditor -Ifiletype/src -Isubprojects/IncrementalSearchPlugin/src -I/usr/include/qt6 -I/usr/include/qt6/QtWidgets -I/usr/include/qt6/QtSvg -I/usr/include/qt6/QtGui -I/usr/include/qt6/QtNetwork -I/usr/include/qt6/QtCore -I. -I. -I/usr/lib/qt6/mkspecs/linux-g++ -o SettingPrograms2Form.o src/SettingPrograms2Form.cpp
g++ -c -pipe -std=c++20 -Wall -Wextra -include /build/guitar/src/Guitar-1.4.0/pragma.h -march=x86-64 -mtune=generic -O2 -pipe -fno-plt -fexceptions -Wp,-D_FORTIFY_SOURCE=3 -Wformat -Werror=format-security -fstack-clash-protection -fcf-protection -fno-omit-frame-pointer -mno-omit-leaf-frame-pointer -Wp,-D_GLIBCXX_ASSERTIONS -g -ffile-prefix-map=/build/guitar/src=/usr/src/debug/guitar -flto=auto -Wall -Wextra -mno-direct-extern-access -D_REENTRANT -DUSE_QT -DAPP_GUITAR -DHAVE_POSIX_OPENPT -DQT_NO_DEBUG -DQT_WIDGETS_LIB -DQT_SVG_LIB -DQT_GUI_LIB -DQT_NETWORK_LIB -DQT_CORE_LIB -I. -Isrc -Isrc/common -Isrc/coloredit -Isrc/texteditor -Ifiletype/src -Isubprojects/IncrementalSearchPlugin/src -I/usr/include/qt6 -I/usr/include/qt6/QtWidgets -I/usr/include/qt6/QtSvg -I/usr/include/qt6/QtGui -I/usr/include/qt6/QtNetwork -I/usr/include/qt6/QtCore -I. -I. -I/usr/lib/qt6/mkspecs/linux-g++ -o SettingProgramsForm.o src/SettingProgramsForm.cpp
g++ -c -pipe -std=c++20 -Wall -Wextra -include /build/guitar/src/Guitar-1.4.0/pragma.h -march=x86-64 -mtune=generic -O2 -pipe -fno-plt -fexceptions -Wp,-D_FORTIFY_SOURCE=3 -Wformat -Werror=format-security -fstack-clash-protection -fcf-protection -fno-omit-frame-pointer -mno-omit-leaf-frame-pointer -Wp,-D_GLIBCXX_ASSERTIONS -g -ffile-prefix-map=/build/guitar/src=/usr/src/debug/guitar -flto=auto -Wall -Wextra -mno-direct-extern-access -D_REENTRANT -DUSE_QT -DAPP_GUITAR -DHAVE_POSIX_OPENPT -DQT_NO_DEBUG -DQT_WIDGETS_LIB -DQT_SVG_LIB -DQT_GUI_LIB -DQT_NETWORK_LIB -DQT_CORE_LIB -I. -Isrc -Isrc/common -Isrc/coloredit -Isrc/texteditor -Ifiletype/src -Isubprojects/IncrementalSearchPlugin/src -I/usr/include/qt6 -I/usr/include/qt6/QtWidgets -I/usr/include/qt6/QtSvg -I/usr/include/qt6/QtGui -I/usr/include/qt6/QtNetwork -I/usr/include/qt6/QtCore -I. -I. -I/usr/lib/qt6/mkspecs/linux-g++ -o SettingVisualForm.o src/SettingVisualForm.cpp
g++ -c -pipe -std=c++20 -Wall -Wextra -include /build/guitar/src/Guitar-1.4.0/pragma.h -march=x86-64 -mtune=generic -O2 -pipe -fno-plt -fexceptions -Wp,-D_FORTIFY_SOURCE=3 -Wformat -Werror=format-security -fstack-clash-protection -fcf-protection -fno-omit-frame-pointer -mno-omit-leaf-frame-pointer -Wp,-D_GLIBCXX_ASSERTIONS -g -ffile-prefix-map=/build/guitar/src=/usr/src/debug/guitar -flto=auto -Wall -Wextra -mno-direct-extern-access -D_REENTRANT -DUSE_QT -DAPP_GUITAR -DHAVE_POSIX_OPENPT -DQT_NO_DEBUG -DQT_WIDGETS_LIB -DQT_SVG_LIB -DQT_GUI_LIB -DQT_NETWORK_LIB -DQT_CORE_LIB -I. -Isrc -Isrc/common -Isrc/coloredit -Isrc/texteditor -Ifiletype/src -Isubprojects/IncrementalSearchPlugin/src -I/usr/include/qt6 -I/usr/include/qt6/QtWidgets -I/usr/include/qt6/QtSvg -I/usr/include/qt6/QtGui -I/usr/include/qt6/QtNetwork -I/usr/include/qt6/QtCore -I. -I. -I/usr/lib/qt6/mkspecs/linux-g++ -o SettingWorkingFolderForm.o src/SettingWorkingFolderForm.cpp
g++ -c -pipe -std=c++20 -Wall -Wextra -include /build/guitar/src/Guitar-1.4.0/pragma.h -march=x86-64 -mtune=generic -O2 -pipe -fno-plt -fexceptions -Wp,-D_FORTIFY_SOURCE=3 -Wformat -Werror=format-security -fstack-clash-protection -fcf-protection -fno-omit-frame-pointer -mno-omit-leaf-frame-pointer -Wp,-D_GLIBCXX_ASSERTIONS -g -ffile-prefix-map=/build/guitar/src=/usr/src/debug/guitar -flto=auto -Wall -Wextra -mno-direct-extern-access -D_REENTRANT -DUSE_QT -DAPP_GUITAR -DHAVE_POSIX_OPENPT -DQT_NO_DEBUG -DQT_WIDGETS_LIB -DQT_SVG_LIB -DQT_GUI_LIB -DQT_NETWORK_LIB -DQT_CORE_LIB -I. -Isrc -Isrc/common -Isrc/coloredit -Isrc/texteditor -Ifiletype/src -Isubprojects/IncrementalSearchPlugin/src -I/usr/include/qt6 -I/usr/include/qt6/QtWidgets -I/usr/include/qt6/QtSvg -I/usr/include/qt6/QtGui -I/usr/include/qt6/QtNetwork -I/usr/include/qt6/QtCore -I. -I. -I/usr/lib/qt6/mkspecs/linux-g++ -o SettingsDialog.o src/SettingsDialog.cpp
g++ -c -pipe -std=c++20 -Wall -Wextra -include /build/guitar/src/Guitar-1.4.0/pragma.h -march=x86-64 -mtune=generic -O2 -pipe -fno-plt -fexceptions -Wp,-D_FORTIFY_SOURCE=3 -Wformat -Werror=format-security -fstack-clash-protection -fcf-protection -fno-omit-frame-pointer -mno-omit-leaf-frame-pointer -Wp,-D_GLIBCXX_ASSERTIONS -g -ffile-prefix-map=/build/guitar/src=/usr/src/debug/guitar -flto=auto -Wall -Wextra -mno-direct-extern-access -D_REENTRANT -DUSE_QT -DAPP_GUITAR -DHAVE_POSIX_OPENPT -DQT_NO_DEBUG -DQT_WIDGETS_LIB -DQT_SVG_LIB -DQT_GUI_LIB -DQT_NETWORK_LIB -DQT_CORE_LIB -I. -Isrc -Isrc/common -Isrc/coloredit -Isrc/texteditor -Ifiletype/src -Isubprojects/IncrementalSearchPlugin/src -I/usr/include/qt6 -I/usr/include/qt6/QtWidgets -I/usr/include/qt6/QtSvg -I/usr/include/qt6/QtGui -I/usr/include/qt6/QtNetwork -I/usr/include/qt6/QtCore -I. -I. -I/usr/lib/qt6/mkspecs/linux-g++ -o SimpleImageWidget.o src/SimpleImageWidget.cpp
g++ -c -pipe -std=c++20 -Wall -Wextra -include /build/guitar/src/Guitar-1.4.0/pragma.h -march=x86-64 -mtune=generic -O2 -pipe -fno-plt -fexceptions -Wp,-D_FORTIFY_SOURCE=3 -Wformat -Werror=format-security -fstack-clash-protection -fcf-protection -fno-omit-frame-pointer -mno-omit-leaf-frame-pointer -Wp,-D_GLIBCXX_ASSERTIONS -g -ffile-prefix-map=/build/guitar/src=/usr/src/debug/guitar -flto=auto -Wall -Wextra -mno-direct-extern-access -D_REENTRANT -DUSE_QT -DAPP_GUITAR -DHAVE_POSIX_OPENPT -DQT_NO_DEBUG -DQT_WIDGETS_LIB -DQT_SVG_LIB -DQT_GUI_LIB -DQT_NETWORK_LIB -DQT_CORE_LIB -I. -Isrc -Isrc/common -Isrc/coloredit -Isrc/texteditor -Ifiletype/src -Isubprojects/IncrementalSearchPlugin/src -I/usr/include/qt6 -I/usr/include/qt6/QtWidgets -I/usr/include/qt6/QtSvg -I/usr/include/qt6/QtGui -I/usr/include/qt6/QtNetwork -I/usr/include/qt6/QtCore -I. -I. -I/usr/lib/qt6/mkspecs/linux-g++ -o SimpleQtIO.o src/SimpleQtIO.cpp
g++ -c -pipe -std=c++20 -Wall -Wextra -include /build/guitar/src/Guitar-1.4.0/pragma.h -march=x86-64 -mtune=generic -O2 -pipe -fno-plt -fexceptions -Wp,-D_FORTIFY_SOURCE=3 -Wformat -Werror=format-security -fstack-clash-protection -fcf-protection -fno-omit-frame-pointer -mno-omit-leaf-frame-pointer -Wp,-D_GLIBCXX_ASSERTIONS -g -ffile-prefix-map=/build/guitar/src=/usr/src/debug/guitar -flto=auto -Wall -Wextra -mno-direct-extern-access -D_REENTRANT -DUSE_QT -DAPP_GUITAR -DHAVE_POSIX_OPENPT -DQT_NO_DEBUG -DQT_WIDGETS_LIB -DQT_SVG_LIB -DQT_GUI_LIB -DQT_NETWORK_LIB -DQT_CORE_LIB -I. -Isrc -Isrc/common -Isrc/coloredit -Isrc/texteditor -Ifiletype/src -Isubprojects/IncrementalSearchPlugin/src -I/usr/include/qt6 -I/usr/include/qt6/QtWidgets -I/usr/include/qt6/QtSvg -I/usr/include/qt6/QtGui -I/usr/include/qt6/QtNetwork -I/usr/include/qt6/QtCore -I. -I. -I/usr/lib/qt6/mkspecs/linux-g++ -o StatusInfo.o src/StatusInfo.cpp
g++ -c -pipe -std=c++20 -Wall -Wextra -include /build/guitar/src/Guitar-1.4.0/pragma.h -march=x86-64 -mtune=generic -O2 -pipe -fno-plt -fexceptions -Wp,-D_FORTIFY_SOURCE=3 -Wformat -Werror=format-security -fstack-clash-protection -fcf-protection -fno-omit-frame-pointer -mno-omit-leaf-frame-pointer -Wp,-D_GLIBCXX_ASSERTIONS -g -ffile-prefix-map=/build/guitar/src=/usr/src/debug/guitar -flto=auto -Wall -Wextra -mno-direct-extern-access -D_REENTRANT -DUSE_QT -DAPP_GUITAR -DHAVE_POSIX_OPENPT -DQT_NO_DEBUG -DQT_WIDGETS_LIB -DQT_SVG_LIB -DQT_GUI_LIB -DQT_NETWORK_LIB -DQT_CORE_LIB -I. -Isrc -Isrc/common -Isrc/coloredit -Isrc/texteditor -Ifiletype/src -Isubprojects/IncrementalSearchPlugin/src -I/usr/include/qt6 -I/usr/include/qt6/QtWidgets -I/usr/include/qt6/QtSvg -I/usr/include/qt6/QtGui -I/usr/include/qt6/QtNetwork -I/usr/include/qt6/QtCore -I. -I. -I/usr/lib/qt6/mkspecs/linux-g++ -o StatusLabel.o src/StatusLabel.cpp
g++ -c -pipe -std=c++20 -Wall -Wextra -include /build/guitar/src/Guitar-1.4.0/pragma.h -march=x86-64 -mtune=generic -O2 -pipe -fno-plt -fexceptions -Wp,-D_FORTIFY_SOURCE=3 -Wformat -Werror=format-security -fstack-clash-protection -fcf-protection -fno-omit-frame-pointer -mno-omit-leaf-frame-pointer -Wp,-D_GLIBCXX_ASSERTIONS -g -ffile-prefix-map=/build/guitar/src=/usr/src/debug/guitar -flto=auto -Wall -Wextra -mno-direct-extern-access -D_REENTRANT -DUSE_QT -DAPP_GUITAR -DHAVE_POSIX_OPENPT -DQT_NO_DEBUG -DQT_WIDGETS_LIB -DQT_SVG_LIB -DQT_GUI_LIB -DQT_NETWORK_LIB -DQT_CORE_LIB -I. -Isrc -Isrc/common -Isrc/coloredit -Isrc/texteditor -Ifiletype/src -Isubprojects/IncrementalSearchPlugin/src -I/usr/include/qt6 -I/usr/include/qt6/QtWidgets -I/usr/include/qt6/QtSvg -I/usr/include/qt6/QtGui -I/usr/include/qt6/QtNetwork -I/usr/include/qt6/QtCore -I. -I. -I/usr/lib/qt6/mkspecs/linux-g++ -o SubmoduleAddDialog.o src/SubmoduleAddDialog.cpp
g++ -c -pipe -std=c++20 -Wall -Wextra -include /build/guitar/src/Guitar-1.4.0/pragma.h -march=x86-64 -mtune=generic -O2 -pipe -fno-plt -fexceptions -Wp,-D_FORTIFY_SOURCE=3 -Wformat -Werror=format-security -fstack-clash-protection -fcf-protection -fno-omit-frame-pointer -mno-omit-leaf-frame-pointer -Wp,-D_GLIBCXX_ASSERTIONS -g -ffile-prefix-map=/build/guitar/src=/usr/src/debug/guitar -flto=auto -Wall -Wextra -mno-direct-extern-access -D_REENTRANT -DUSE_QT -DAPP_GUITAR -DHAVE_POSIX_OPENPT -DQT_NO_DEBUG -DQT_WIDGETS_LIB -DQT_SVG_LIB -DQT_GUI_LIB -DQT_NETWORK_LIB -DQT_CORE_LIB -I. -Isrc -Isrc/common -Isrc/coloredit -Isrc/texteditor -Ifiletype/src -Isubprojects/IncrementalSearchPlugin/src -I/usr/include/qt6 -I/usr/include/qt6/QtWidgets -I/usr/include/qt6/QtSvg -I/usr/include/qt6/QtGui -I/usr/include/qt6/QtNetwork -I/usr/include/qt6/QtCore -I. -I. -I/usr/lib/qt6/mkspecs/linux-g++ -o SubmoduleUpdateDialog.o src/SubmoduleUpdateDialog.cpp
g++ -c -pipe -std=c++20 -Wall -Wextra -include /build/guitar/src/Guitar-1.4.0/pragma.h -march=x86-64 -mtune=generic -O2 -pipe -fno-plt -fexceptions -Wp,-D_FORTIFY_SOURCE=3 -Wformat -Werror=format-security -fstack-clash-protection -fcf-protection -fno-omit-frame-pointer -mno-omit-leaf-frame-pointer -Wp,-D_GLIBCXX_ASSERTIONS -g -ffile-prefix-map=/build/guitar/src=/usr/src/debug/guitar -flto=auto -Wall -Wextra -mno-direct-extern-access -D_REENTRANT -DUSE_QT -DAPP_GUITAR -DHAVE_POSIX_OPENPT -DQT_NO_DEBUG -DQT_WIDGETS_LIB -DQT_SVG_LIB -DQT_GUI_LIB -DQT_NETWORK_LIB -DQT_CORE_LIB -I. -Isrc -Isrc/common -Isrc/coloredit -Isrc/texteditor -Ifiletype/src -Isubprojects/IncrementalSearchPlugin/src -I/usr/include/qt6 -I/usr/include/qt6/QtWidgets -I/usr/include/qt6/QtSvg -I/usr/include/qt6/QtGui -I/usr/include/qt6/QtNetwork -I/usr/include/qt6/QtCore -I. -I. -I/usr/lib/qt6/mkspecs/linux-g++ -o SubmodulesDialog.o src/SubmodulesDialog.cpp
g++ -c -pipe -std=c++20 -Wall -Wextra -include /build/guitar/src/Guitar-1.4.0/pragma.h -march=x86-64 -mtune=generic -O2 -pipe -fno-plt -fexceptions -Wp,-D_FORTIFY_SOURCE=3 -Wformat -Werror=format-security -fstack-clash-protection -fcf-protection -fno-omit-frame-pointer -mno-omit-leaf-frame-pointer -Wp,-D_GLIBCXX_ASSERTIONS -g -ffile-prefix-map=/build/guitar/src=/usr/src/debug/guitar -flto=auto -Wall -Wextra -mno-direct-extern-access -D_REENTRANT -DUSE_QT -DAPP_GUITAR -DHAVE_POSIX_OPENPT -DQT_NO_DEBUG -DQT_WIDGETS_LIB -DQT_SVG_LIB -DQT_GUI_LIB -DQT_NETWORK_LIB -DQT_CORE_LIB -I. -Isrc -Isrc/common -Isrc/coloredit -Isrc/texteditor -Ifiletype/src -Isubprojects/IncrementalSearchPlugin/src -I/usr/include/qt6 -I/usr/include/qt6/QtWidgets -I/usr/include/qt6/QtSvg -I/usr/include/qt6/QtGui -I/usr/include/qt6/QtNetwork -I/usr/include/qt6/QtCore -I. -I. -I/usr/lib/qt6/mkspecs/linux-g++ -o Terminal.o src/Terminal.cpp
In file included from /usr/include/qt6/QtCore/qdatastream.h:9,
                 from /usr/include/qt6/QtCore/qmetatype.h:14,
                 from /usr/include/qt6/QtCore/QMetaType:1,
                 from src/StatusInfo.h:4,
                 from src/StatusInfo.cpp:1:
/usr/include/qt6/QtCore/qchar.h:48:31: warning: defining ‘QChar’, which previously failed to be complete in a SFINAE context [-Wsfinae-incomplete=]
   48 | class QT6_ONLY(Q_CORE_EXPORT) QChar {
      |                               ^~~~~
In file included from /usr/include/c++/16/unordered_map:44,
                 from /usr/include/c++/16/functional:80,
                 from /usr/include/qt6/QtCore/qcomparehelpers.h:29,
                 from /usr/include/qt6/QtCore/qcompare.h:661,
                 from /usr/include/qt6/QtCore/qnamespace.h:14,
                 from /usr/include/qt6/QtCore/qbytearray.h:10,
                 from /usr/include/qt6/QtCore/qmetatype.h:12:
/usr/include/c++/16/bits/range_access.h:325:24: note: here.  Use ‘-Wsfinae-incomplete=2’ for a diagnostic at that point
  325 |     -> decltype(__cont.data())
      |                 ~~~~~~~^~~~
g++ -c -pipe -std=c++20 -Wall -Wextra -include /build/guitar/src/Guitar-1.4.0/pragma.h -march=x86-64 -mtune=generic -O2 -pipe -fno-plt -fexceptions -Wp,-D_FORTIFY_SOURCE=3 -Wformat -Werror=format-security -fstack-clash-protection -fcf-protection -fno-omit-frame-pointer -mno-omit-leaf-frame-pointer -Wp,-D_GLIBCXX_ASSERTIONS -g -ffile-prefix-map=/build/guitar/src=/usr/src/debug/guitar -flto=auto -Wall -Wextra -mno-direct-extern-access -D_REENTRANT -DUSE_QT -DAPP_GUITAR -DHAVE_POSIX_OPENPT -DQT_NO_DEBUG -DQT_WIDGETS_LIB -DQT_SVG_LIB -DQT_GUI_LIB -DQT_NETWORK_LIB -DQT_CORE_LIB -I. -Isrc -Isrc/common -Isrc/coloredit -Isrc/texteditor -Ifiletype/src -Isubprojects/IncrementalSearchPlugin/src -I/usr/include/qt6 -I/usr/include/qt6/QtWidgets -I/usr/include/qt6/QtSvg -I/usr/include/qt6/QtGui -I/usr/include/qt6/QtNetwork -I/usr/include/qt6/QtCore -I. -I. -I/usr/lib/qt6/mkspecs/linux-g++ -o TextEditDialog.o src/TextEditDialog.cpp
g++ -c -pipe -std=c++20 -Wall -Wextra -include /build/guitar/src/Guitar-1.4.0/pragma.h -march=x86-64 -mtune=generic -O2 -pipe -fno-plt -fexceptions -Wp,-D_FORTIFY_SOURCE=3 -Wformat -Werror=format-security -fstack-clash-protection -fcf-protection -fno-omit-frame-pointer -mno-omit-leaf-frame-pointer -Wp,-D_GLIBCXX_ASSERTIONS -g -ffile-prefix-map=/build/guitar/src=/usr/src/debug/guitar -flto=auto -Wall -Wextra -mno-direct-extern-access -D_REENTRANT -DUSE_QT -DAPP_GUITAR -DHAVE_POSIX_OPENPT -DQT_NO_DEBUG -DQT_WIDGETS_LIB -DQT_SVG_LIB -DQT_GUI_LIB -DQT_NETWORK_LIB -DQT_CORE_LIB -I. -Isrc -Isrc/common -Isrc/coloredit -Isrc/texteditor -Ifiletype/src -Isubprojects/IncrementalSearchPlugin/src -I/usr/include/qt6 -I/usr/include/qt6/QtWidgets -I/usr/include/qt6/QtSvg -I/usr/include/qt6/QtGui -I/usr/include/qt6/QtNetwork -I/usr/include/qt6/QtCore -I. -I. -I/usr/lib/qt6/mkspecs/linux-g++ -o Theme.o src/Theme.cpp
g++ -c -pipe -std=c++20 -Wall -Wextra -include /build/guitar/src/Guitar-1.4.0/pragma.h -march=x86-64 -mtune=generic -O2 -pipe -fno-plt -fexceptions -Wp,-D_FORTIFY_SOURCE=3 -Wformat -Werror=format-security -fstack-clash-protection -fcf-protection -fno-omit-frame-pointer -mno-omit-leaf-frame-pointer -Wp,-D_GLIBCXX_ASSERTIONS -g -ffile-prefix-map=/build/guitar/src=/usr/src/debug/guitar -flto=auto -Wall -Wextra -mno-direct-extern-access -D_REENTRANT -DUSE_QT -DAPP_GUITAR -DHAVE_POSIX_OPENPT -DQT_NO_DEBUG -DQT_WIDGETS_LIB -DQT_SVG_LIB -DQT_GUI_LIB -DQT_NETWORK_LIB -DQT_CORE_LIB -I. -Isrc -Isrc/common -Isrc/coloredit -Isrc/texteditor -Ifiletype/src -Isubprojects/IncrementalSearchPlugin/src -I/usr/include/qt6 -I/usr/include/qt6/QtWidgets -I/usr/include/qt6/QtSvg -I/usr/include/qt6/QtGui -I/usr/include/qt6/QtNetwork -I/usr/include/qt6/QtCore -I. -I. -I/usr/lib/qt6/mkspecs/linux-g++ -o TraceEventWriter.o src/TraceEventWriter.cpp
g++ -c -pipe -std=c++20 -Wall -Wextra -include /build/guitar/src/Guitar-1.4.0/pragma.h -march=x86-64 -mtune=generic -O2 -pipe -fno-plt -fexceptions -Wp,-D_FORTIFY_SOURCE=3 -Wformat -Werror=format-security -fstack-clash-protection -fcf-protection -fno-omit-frame-pointer -mno-omit-leaf-frame-pointer -Wp,-D_GLIBCXX_ASSERTIONS -g -ffile-prefix-map=/build/guitar/src=/usr/src/debug/guitar -flto=auto -Wall -Wextra -mno-direct-extern-access -D_REENTRANT -DUSE_QT -DAPP_GUITAR -DHAVE_POSIX_OPENPT -DQT_NO_DEBUG -DQT_WIDGETS_LIB -DQT_SVG_LIB -DQT_GUI_LIB -DQT_NETWORK_LIB -DQT_CORE_LIB -I. -Isrc -Isrc/common -Isrc/coloredit -Isrc/texteditor -Ifiletype/src -Isubprojects/IncrementalSearchPlugin/src -I/usr/include/qt6 -I/usr/include/qt6/QtWidgets -I/usr/include/qt6/QtSvg -I/usr/include/qt6/QtGui -I/usr/include/qt6/QtNetwork -I/usr/include/qt6/QtCore -I. -I. -I/usr/lib/qt6/mkspecs/linux-g++ -o TraceLogger.o src/TraceLogger.cpp
g++ -c -pipe -std=c++20 -Wall -Wextra -include /build/guitar/src/Guitar-1.4.0/pragma.h -march=x86-64 -mtune=generic -O2 -pipe -fno-plt -fexceptions -Wp,-D_FORTIFY_SOURCE=3 -Wformat -Werror=format-security -fstack-clash-protection -fcf-protection -fno-omit-frame-pointer -mno-omit-leaf-frame-pointer -Wp,-D_GLIBCXX_ASSERTIONS -g -ffile-prefix-map=/build/guitar/src=/usr/src/debug/guitar -flto=auto -Wall -Wextra -mno-direct-extern-access -D_REENTRANT -DUSE_QT -DAPP_GUITAR -DHAVE_POSIX_OPENPT -DQT_NO_DEBUG -DQT_WIDGETS_LIB -DQT_SVG_LIB -DQT_GUI_LIB -DQT_NETWORK_LIB -DQT_CORE_LIB -I. -Isrc -Isrc/common -Isrc/coloredit -Isrc/texteditor -Ifiletype/src -Isubprojects/IncrementalSearchPlugin/src -I/usr/include/qt6 -I/usr/include/qt6/QtWidgets -I/usr/include/qt6/QtSvg -I/usr/include/qt6/QtGui -I/usr/include/qt6/QtNetwork -I/usr/include/qt6/QtCore -I. -I. -I/usr/lib/qt6/mkspecs/linux-g++ -o UserEvent.o src/UserEvent.cpp
g++ -c -pipe -std=c++20 -Wall -Wextra -include /build/guitar/src/Guitar-1.4.0/pragma.h -march=x86-64 -mtune=generic -O2 -pipe -fno-plt -fexceptions -Wp,-D_FORTIFY_SOURCE=3 -Wformat -Werror=format-security -fstack-clash-protection -fcf-protection -fno-omit-frame-pointer -mno-omit-leaf-frame-pointer -Wp,-D_GLIBCXX_ASSERTIONS -g -ffile-prefix-map=/build/guitar/src=/usr/src/debug/guitar -flto=auto -Wall -Wextra -mno-direct-extern-access -D_REENTRANT -DUSE_QT -DAPP_GUITAR -DHAVE_POSIX_OPENPT -DQT_NO_DEBUG -DQT_WIDGETS_LIB -DQT_SVG_LIB -DQT_GUI_LIB -DQT_NETWORK_LIB -DQT_CORE_LIB -I. -Isrc -Isrc/common -Isrc/coloredit -Isrc/texteditor -Ifiletype/src -Isubprojects/IncrementalSearchPlugin/src -I/usr/include/qt6 -I/usr/include/qt6/QtWidgets -I/usr/include/qt6/QtSvg -I/usr/include/qt6/QtGui -I/usr/include/qt6/QtNetwork -I/usr/include/qt6/QtCore -I. -I. -I/usr/lib/qt6/mkspecs/linux-g++ -o Util.o src/Util.cpp
g++ -c -pipe -std=c++20 -Wall -Wextra -include /build/guitar/src/Guitar-1.4.0/pragma.h -march=x86-64 -mtune=generic -O2 -pipe -fno-plt -fexceptions -Wp,-D_FORTIFY_SOURCE=3 -Wformat -Werror=format-security -fstack-clash-protection -fcf-protection -fno-omit-frame-pointer -mno-omit-leaf-frame-pointer -Wp,-D_GLIBCXX_ASSERTIONS -g -ffile-prefix-map=/build/guitar/src=/usr/src/debug/guitar -flto=auto -Wall -Wextra -mno-direct-extern-access -D_REENTRANT -DUSE_QT -DAPP_GUITAR -DHAVE_POSIX_OPENPT -DQT_NO_DEBUG -DQT_WIDGETS_LIB -DQT_SVG_LIB -DQT_GUI_LIB -DQT_NETWORK_LIB -DQT_CORE_LIB -I. -Isrc -Isrc/common -Isrc/coloredit -Isrc/texteditor -Ifiletype/src -Isubprojects/IncrementalSearchPlugin/src -I/usr/include/qt6 -I/usr/include/qt6/QtWidgets -I/usr/include/qt6/QtSvg -I/usr/include/qt6/QtGui -I/usr/include/qt6/QtNetwork -I/usr/include/qt6/QtCore -I. -I. -I/usr/lib/qt6/mkspecs/linux-g++ -o WelcomeWizardDialog.o src/WelcomeWizardDialog.cpp
g++ -c -pipe -std=c++20 -Wall -Wextra -include /build/guitar/src/Guitar-1.4.0/pragma.h -march=x86-64 -mtune=generic -O2 -pipe -fno-plt -fexceptions -Wp,-D_FORTIFY_SOURCE=3 -Wformat -Werror=format-security -fstack-clash-protection -fcf-protection -fno-omit-frame-pointer -mno-omit-leaf-frame-pointer -Wp,-D_GLIBCXX_ASSERTIONS -g -ffile-prefix-map=/build/guitar/src=/usr/src/debug/guitar -flto=auto -Wall -Wextra -mno-direct-extern-access -D_REENTRANT -DUSE_QT -DAPP_GUITAR -DHAVE_POSIX_OPENPT -DQT_NO_DEBUG -DQT_WIDGETS_LIB -DQT_SVG_LIB -DQT_GUI_LIB -DQT_NETWORK_LIB -DQT_CORE_LIB -I. -Isrc -Isrc/common -Isrc/coloredit -Isrc/texteditor -Ifiletype/src -Isubprojects/IncrementalSearchPlugin/src -I/usr/include/qt6 -I/usr/include/qt6/QtWidgets -I/usr/include/qt6/QtSvg -I/usr/include/qt6/QtGui -I/usr/include/qt6/QtNetwork -I/usr/include/qt6/QtCore -I. -I. -I/usr/lib/qt6/mkspecs/linux-g++ -o WorkingDirLineEdit.o src/WorkingDirLineEdit.cpp
g++ -c -pipe -std=c++20 -Wall -Wextra -include /build/guitar/src/Guitar-1.4.0/pragma.h -march=x86-64 -mtune=generic -O2 -pipe -fno-plt -fexceptions -Wp,-D_FORTIFY_SOURCE=3 -Wformat -Werror=format-security -fstack-clash-protection -fcf-protection -fno-omit-frame-pointer -mno-omit-leaf-frame-pointer -Wp,-D_GLIBCXX_ASSERTIONS -g -ffile-prefix-map=/build/guitar/src=/usr/src/debug/guitar -flto=auto -Wall -Wextra -mno-direct-extern-access -D_REENTRANT -DUSE_QT -DAPP_GUITAR -DHAVE_POSIX_OPENPT -DQT_NO_DEBUG -DQT_WIDGETS_LIB -DQT_SVG_LIB -DQT_GUI_LIB -DQT_NETWORK_LIB -DQT_CORE_LIB -I. -Isrc -Isrc/common -Isrc/coloredit -Isrc/texteditor -Ifiletype/src -Isubprojects/IncrementalSearchPlugin/src -I/usr/include/qt6 -I/usr/include/qt6/QtWidgets -I/usr/include/qt6/QtSvg -I/usr/include/qt6/QtGui -I/usr/include/qt6/QtNetwork -I/usr/include/qt6/QtCore -I. -I. -I/usr/lib/qt6/mkspecs/linux-g++ -o XmlTagState.o src/XmlTagState.cpp
g++ -c -pipe -std=c++20 -Wall -Wextra -include /build/guitar/src/Guitar-1.4.0/pragma.h -march=x86-64 -mtune=generic -O2 -pipe -fno-plt -fexceptions -Wp,-D_FORTIFY_SOURCE=3 -Wformat -Werror=format-security -fstack-clash-protection -fcf-protection -fno-omit-frame-pointer -mno-omit-leaf-frame-pointer -Wp,-D_GLIBCXX_ASSERTIONS -g -ffile-prefix-map=/build/guitar/src=/usr/src/debug/guitar -flto=auto -Wall -Wextra -mno-direct-extern-access -D_REENTRANT -DUSE_QT -DAPP_GUITAR -DHAVE_POSIX_OPENPT -DQT_NO_DEBUG -DQT_WIDGETS_LIB -DQT_SVG_LIB -DQT_GUI_LIB -DQT_NETWORK_LIB -DQT_CORE_LIB -I. -Isrc -Isrc/common -Isrc/coloredit -Isrc/texteditor -Ifiletype/src -Isubprojects/IncrementalSearchPlugin/src -I/usr/include/qt6 -I/usr/include/qt6/QtWidgets -I/usr/include/qt6/QtSvg -I/usr/include/qt6/QtGui -I/usr/include/qt6/QtNetwork -I/usr/include/qt6/QtCore -I. -I. -I/usr/lib/qt6/mkspecs/linux-g++ -o AiApiBridge.o src/ai/AiApiBridge.cpp
g++ -c -pipe -std=c++20 -Wall -Wextra -include /build/guitar/src/Guitar-1.4.0/pragma.h -march=x86-64 -mtune=generic -O2 -pipe -fno-plt -fexceptions -Wp,-D_FORTIFY_SOURCE=3 -Wformat -Werror=format-security -fstack-clash-protection -fcf-protection -fno-omit-frame-pointer -mno-omit-leaf-frame-pointer -Wp,-D_GLIBCXX_ASSERTIONS -g -ffile-prefix-map=/build/guitar/src=/usr/src/debug/guitar -flto=auto -Wall -Wextra -mno-direct-extern-access -D_REENTRANT -DUSE_QT -DAPP_GUITAR -DHAVE_POSIX_OPENPT -DQT_NO_DEBUG -DQT_WIDGETS_LIB -DQT_SVG_LIB -DQT_GUI_LIB -DQT_NETWORK_LIB -DQT_CORE_LIB -I. -Isrc -Isrc/common -Isrc/coloredit -Isrc/texteditor -Ifiletype/src -Isubprojects/IncrementalSearchPlugin/src -I/usr/include/qt6 -I/usr/include/qt6/QtWidgets -I/usr/include/qt6/QtSvg -I/usr/include/qt6/QtGui -I/usr/include/qt6/QtNetwork -I/usr/include/qt6/QtCore -I. -I. -I/usr/lib/qt6/mkspecs/linux-g++ -o CommitMessageGenerator.o src/ai/CommitMessageGenerator.cpp
g++ -c -pipe -std=c++20 -Wall -Wextra -include /build/guitar/src/Guitar-1.4.0/pragma.h -march=x86-64 -mtune=generic -O2 -pipe -fno-plt -fexceptions -Wp,-D_FORTIFY_SOURCE=3 -Wformat -Werror=format-security -fstack-clash-protection -fcf-protection -fno-omit-frame-pointer -mno-omit-leaf-frame-pointer -Wp,-D_GLIBCXX_ASSERTIONS -g -ffile-prefix-map=/build/guitar/src=/usr/src/debug/guitar -flto=auto -Wall -Wextra -mno-direct-extern-access -D_REENTRANT -DUSE_QT -DAPP_GUITAR -DHAVE_POSIX_OPENPT -DQT_NO_DEBUG -DQT_WIDGETS_LIB -DQT_SVG_LIB -DQT_GUI_LIB -DQT_NETWORK_LIB -DQT_CORE_LIB -I. -Isrc -Isrc/common -Isrc/coloredit -Isrc/texteditor -Ifiletype/src -Isubprojects/IncrementalSearchPlugin/src -I/usr/include/qt6 -I/usr/include/qt6/QtWidgets -I/usr/include/qt6/QtSvg -I/usr/include/qt6/QtGui -I/usr/include/qt6/QtNetwork -I/usr/include/qt6/QtCore -I. -I. -I/usr/lib/qt6/mkspecs/linux-g++ -o GenerativeAI.o src/ai/GenerativeAI.cpp
g++ -c -pipe -std=c++20 -Wall -Wextra -include /build/guitar/src/Guitar-1.4.0/pragma.h -march=x86-64 -mtune=generic -O2 -pipe -fno-plt -fexceptions -Wp,-D_FORTIFY_SOURCE=3 -Wformat -Werror=format-security -fstack-clash-protection -fcf-protection -fno-omit-frame-pointer -mno-omit-leaf-frame-pointer -Wp,-D_GLIBCXX_ASSERTIONS -g -ffile-prefix-map=/build/guitar/src=/usr/src/debug/guitar -flto=auto -Wall -Wextra -mno-direct-extern-access -D_REENTRANT -DUSE_QT -DAPP_GUITAR -DHAVE_POSIX_OPENPT -DQT_NO_DEBUG -DQT_WIDGETS_LIB -DQT_SVG_LIB -DQT_GUI_LIB -DQT_NETWORK_LIB -DQT_CORE_LIB -I. -Isrc -Isrc/common -Isrc/coloredit -Isrc/texteditor -Ifiletype/src -Isubprojects/IncrementalSearchPlugin/src -I/usr/include/qt6 -I/usr/include/qt6/QtWidgets -I/usr/include/qt6/QtSvg -I/usr/include/qt6/QtGui -I/usr/include/qt6/QtNetwork -I/usr/include/qt6/QtCore -I. -I. -I/usr/lib/qt6/mkspecs/linux-g++ -o ColorDialog.o src/coloredit/ColorDialog.cpp
g++ -c -pipe -std=c++20 -Wall -Wextra -include /build/guitar/src/Guitar-1.4.0/pragma.h -march=x86-64 -mtune=generic -O2 -pipe -fno-plt -fexceptions -Wp,-D_FORTIFY_SOURCE=3 -Wformat -Werror=format-security -fstack-clash-protection -fcf-protection -fno-omit-frame-pointer -mno-omit-leaf-frame-pointer -Wp,-D_GLIBCXX_ASSERTIONS -g -ffile-prefix-map=/build/guitar/src=/usr/src/debug/guitar -flto=auto -Wall -Wextra -mno-direct-extern-access -D_REENTRANT -DUSE_QT -DAPP_GUITAR -DHAVE_POSIX_OPENPT -DQT_NO_DEBUG -DQT_WIDGETS_LIB -DQT_SVG_LIB -DQT_GUI_LIB -DQT_NETWORK_LIB -DQT_CORE_LIB -I. -Isrc -Isrc/common -Isrc/coloredit -Isrc/texteditor -Ifiletype/src -Isubprojects/IncrementalSearchPlugin/src -I/usr/include/qt6 -I/usr/include/qt6/QtWidgets -I/usr/include/qt6/QtSvg -I/usr/include/qt6/QtGui -I/usr/include/qt6/QtNetwork -I/usr/include/qt6/QtCore -I. -I. -I/usr/lib/qt6/mkspecs/linux-g++ -o ColorEditWidget.o src/coloredit/ColorEditWidget.cpp
g++ -c -pipe -std=c++20 -Wall -Wextra -include /build/guitar/src/Guitar-1.4.0/pragma.h -march=x86-64 -mtune=generic -O2 -pipe -fno-plt -fexceptions -Wp,-D_FORTIFY_SOURCE=3 -Wformat -Werror=format-security -fstack-clash-protection -fcf-protection -fno-omit-frame-pointer -mno-omit-leaf-frame-pointer -Wp,-D_GLIBCXX_ASSERTIONS -g -ffile-prefix-map=/build/guitar/src=/usr/src/debug/guitar -flto=auto -Wall -Wextra -mno-direct-extern-access -D_REENTRANT -DUSE_QT -DAPP_GUITAR -DHAVE_POSIX_OPENPT -DQT_NO_DEBUG -DQT_WIDGETS_LIB -DQT_SVG_LIB -DQT_GUI_LIB -DQT_NETWORK_LIB -DQT_CORE_LIB -I. -Isrc -Isrc/common -Isrc/coloredit -Isrc/texteditor -Ifiletype/src -Isubprojects/IncrementalSearchPlugin/src -I/usr/include/qt6 -I/usr/include/qt6/QtWidgets -I/usr/include/qt6/QtSvg -I/usr/include/qt6/QtGui -I/usr/include/qt6/QtNetwork -I/usr/include/qt6/QtCore -I. -I. -I/usr/lib/qt6/mkspecs/linux-g++ -o ColorPreviewWidget.o src/coloredit/ColorPreviewWidget.cpp
g++ -c -pipe -std=c++20 -Wall -Wextra -include /build/guitar/src/Guitar-1.4.0/pragma.h -march=x86-64 -mtune=generic -O2 -pipe -fno-plt -fexceptions -Wp,-D_FORTIFY_SOURCE=3 -Wformat -Werror=format-security -fstack-clash-protection -fcf-protection -fno-omit-frame-pointer -mno-omit-leaf-frame-pointer -Wp,-D_GLIBCXX_ASSERTIONS -g -ffile-prefix-map=/build/guitar/src=/usr/src/debug/guitar -flto=auto -Wall -Wextra -mno-direct-extern-access -D_REENTRANT -DUSE_QT -DAPP_GUITAR -DHAVE_POSIX_OPENPT -DQT_NO_DEBUG -DQT_WIDGETS_LIB -DQT_SVG_LIB -DQT_GUI_LIB -DQT_NETWORK_LIB -DQT_CORE_LIB -I. -Isrc -Isrc/common -Isrc/coloredit -Isrc/texteditor -Ifiletype/src -Isubprojects/IncrementalSearchPlugin/src -I/usr/include/qt6 -I/usr/include/qt6/QtWidgets -I/usr/include/qt6/QtSvg -I/usr/include/qt6/QtGui -I/usr/include/qt6/QtNetwork -I/usr/include/qt6/QtCore -I. -I. -I/usr/lib/qt6/mkspecs/linux-g++ -o ColorSlider.o src/coloredit/ColorSlider.cpp
g++ -c -pipe -std=c++20 -Wall -Wextra -include /build/guitar/src/Guitar-1.4.0/pragma.h -march=x86-64 -mtune=generic -O2 -pipe -fno-plt -fexceptions -Wp,-D_FORTIFY_SOURCE=3 -Wformat -Werror=format-security -fstack-clash-protection -fcf-protection -fno-omit-frame-pointer -mno-omit-leaf-frame-pointer -Wp,-D_GLIBCXX_ASSERTIONS -g -ffile-prefix-map=/build/guitar/src=/usr/src/debug/guitar -flto=auto -Wall -Wextra -mno-direct-extern-access -D_REENTRANT -DUSE_QT -DAPP_GUITAR -DHAVE_POSIX_OPENPT -DQT_NO_DEBUG -DQT_WIDGETS_LIB -DQT_SVG_LIB -DQT_GUI_LIB -DQT_NETWORK_LIB -DQT_CORE_LIB -I. -Isrc -Isrc/common -Isrc/coloredit -Isrc/texteditor -Ifiletype/src -Isubprojects/IncrementalSearchPlugin/src -I/usr/include/qt6 -I/usr/include/qt6/QtWidgets -I/usr/include/qt6/QtSvg -I/usr/include/qt6/QtGui -I/usr/include/qt6/QtNetwork -I/usr/include/qt6/QtCore -I. -I. -I/usr/lib/qt6/mkspecs/linux-g++ -o ColorSquareWidget.o src/coloredit/ColorSquareWidget.cpp
g++ -c -pipe -std=c++20 -Wall -Wextra -include /build/guitar/src/Guitar-1.4.0/pragma.h -march=x86-64 -mtune=generic -O2 -pipe -fno-plt -fexceptions -Wp,-D_FORTIFY_SOURCE=3 -Wformat -Werror=format-security -fstack-clash-protection -fcf-protection -fno-omit-frame-pointer -mno-omit-leaf-frame-pointer -Wp,-D_GLIBCXX_ASSERTIONS -g -ffile-prefix-map=/build/guitar/src=/usr/src/debug/guitar -flto=auto -Wall -Wextra -mno-direct-extern-access -D_REENTRANT -DUSE_QT -DAPP_GUITAR -DHAVE_POSIX_OPENPT -DQT_NO_DEBUG -DQT_WIDGETS_LIB -DQT_SVG_LIB -DQT_GUI_LIB -DQT_NETWORK_LIB -DQT_CORE_LIB -I. -Isrc -Isrc/common -Isrc/coloredit -Isrc/texteditor -Ifiletype/src -Isubprojects/IncrementalSearchPlugin/src -I/usr/include/qt6 -I/usr/include/qt6/QtWidgets -I/usr/include/qt6/QtSvg -I/usr/include/qt6/QtGui -I/usr/include/qt6/QtNetwork -I/usr/include/qt6/QtCore -I. -I. -I/usr/lib/qt6/mkspecs/linux-g++ -o RingSlider.o src/coloredit/RingSlider.cpp
g++ -c -pipe -std=c++20 -Wall -Wextra -include /build/guitar/src/Guitar-1.4.0/pragma.h -march=x86-64 -mtune=generic -O2 -pipe -fno-plt -fexceptions -Wp,-D_FORTIFY_SOURCE=3 -Wformat -Werror=format-security -fstack-clash-protection -fcf-protection -fno-omit-frame-pointer -mno-omit-leaf-frame-pointer -Wp,-D_GLIBCXX_ASSERTIONS -g -ffile-prefix-map=/build/guitar/src=/usr/src/debug/guitar -flto=auto -Wall -Wextra -mno-direct-extern-access -D_REENTRANT -DUSE_QT -DAPP_GUITAR -DHAVE_POSIX_OPENPT -DQT_NO_DEBUG -DQT_WIDGETS_LIB -DQT_SVG_LIB -DQT_GUI_LIB -DQT_NETWORK_LIB -DQT_CORE_LIB -I. -Isrc -Isrc/common -Isrc/coloredit -Isrc/texteditor -Ifiletype/src -Isubprojects/IncrementalSearchPlugin/src -I/usr/include/qt6 -I/usr/include/qt6/QtWidgets -I/usr/include/qt6/QtSvg -I/usr/include/qt6/QtGui -I/usr/include/qt6/QtNetwork -I/usr/include/qt6/QtCore -I. -I. -I/usr/lib/qt6/mkspecs/linux-g++ -o AbstractSimpleIO.o src/common/AbstractSimpleIO.cpp
g++ -c -pipe -std=c++20 -Wall -Wextra -include /build/guitar/src/Guitar-1.4.0/pragma.h -march=x86-64 -mtune=generic -O2 -pipe -fno-plt -fexceptions -Wp,-D_FORTIFY_SOURCE=3 -Wformat -Werror=format-security -fstack-clash-protection -fcf-protection -fno-omit-frame-pointer -mno-omit-leaf-frame-pointer -Wp,-D_GLIBCXX_ASSERTIONS -g -ffile-prefix-map=/build/guitar/src=/usr/src/debug/guitar -flto=auto -Wall -Wextra -mno-direct-extern-access -D_REENTRANT -DUSE_QT -DAPP_GUITAR -DHAVE_POSIX_OPENPT -DQT_NO_DEBUG -DQT_WIDGETS_LIB -DQT_SVG_LIB -DQT_GUI_LIB -DQT_NETWORK_LIB -DQT_CORE_LIB -I. -Isrc -Isrc/common -Isrc/coloredit -Isrc/texteditor -Ifiletype/src -Isubprojects/IncrementalSearchPlugin/src -I/usr/include/qt6 -I/usr/include/qt6/QtWidgets -I/usr/include/qt6/QtSvg -I/usr/include/qt6/QtGui -I/usr/include/qt6/QtNetwork -I/usr/include/qt6/QtCore -I. -I. -I/usr/lib/qt6/mkspecs/linux-g++ -o misc.o src/common/misc.cpp
g++ -c -pipe -std=c++20 -Wall -Wextra -include /build/guitar/src/Guitar-1.4.0/pragma.h -march=x86-64 -mtune=generic -O2 -pipe -fno-plt -fexceptions -Wp,-D_FORTIFY_SOURCE=3 -Wformat -Werror=format-security -fstack-clash-protection -fcf-protection -fno-omit-frame-pointer -mno-omit-leaf-frame-pointer -Wp,-D_GLIBCXX_ASSERTIONS -g -ffile-prefix-map=/build/guitar/src=/usr/src/debug/guitar -flto=auto -Wall -Wextra -mno-direct-extern-access -D_REENTRANT -DUSE_QT -DAPP_GUITAR -DHAVE_POSIX_OPENPT -DQT_NO_DEBUG -DQT_WIDGETS_LIB -DQT_SVG_LIB -DQT_GUI_LIB -DQT_NETWORK_LIB -DQT_CORE_LIB -I. -Isrc -Isrc/common -Isrc/coloredit -Isrc/texteditor -Ifiletype/src -Isubprojects/IncrementalSearchPlugin/src -I/usr/include/qt6 -I/usr/include/qt6/QtWidgets -I/usr/include/qt6/QtSvg -I/usr/include/qt6/QtGui -I/usr/include/qt6/QtNetwork -I/usr/include/qt6/QtCore -I. -I. -I/usr/lib/qt6/mkspecs/linux-g++ -o npos.o src/common/npos.cpp
g++ -c -pipe -std=c++20 -Wall -Wextra -include /build/guitar/src/Guitar-1.4.0/pragma.h -march=x86-64 -mtune=generic -O2 -pipe -fno-plt -fexceptions -Wp,-D_FORTIFY_SOURCE=3 -Wformat -Werror=format-security -fstack-clash-protection -fcf-protection -fno-omit-frame-pointer -mno-omit-leaf-frame-pointer -Wp,-D_GLIBCXX_ASSERTIONS -g -ffile-prefix-map=/build/guitar/src=/usr/src/debug/guitar -flto=auto -Wall -Wextra -mno-direct-extern-access -D_REENTRANT -DUSE_QT -DAPP_GUITAR -DHAVE_POSIX_OPENPT -DQT_NO_DEBUG -DQT_WIDGETS_LIB -DQT_SVG_LIB -DQT_GUI_LIB -DQT_NETWORK_LIB -DQT_CORE_LIB -I. -Isrc -Isrc/common -Isrc/coloredit -Isrc/texteditor -Ifiletype/src -Isubprojects/IncrementalSearchPlugin/src -I/usr/include/qt6 -I/usr/include/qt6/QtWidgets -I/usr/include/qt6/QtSvg -I/usr/include/qt6/QtGui -I/usr/include/qt6/QtNetwork -I/usr/include/qt6/QtCore -I. -I. -I/usr/lib/qt6/mkspecs/linux-g++ -o DateTime.o src/common/q/DateTime.cpp
g++ -c -pipe -std=c++20 -Wall -Wextra -include /build/guitar/src/Guitar-1.4.0/pragma.h -march=x86-64 -mtune=generic -O2 -pipe -fno-plt -fexceptions -Wp,-D_FORTIFY_SOURCE=3 -Wformat -Werror=format-security -fstack-clash-protection -fcf-protection -fno-omit-frame-pointer -mno-omit-leaf-frame-pointer -Wp,-D_GLIBCXX_ASSERTIONS -g -ffile-prefix-map=/build/guitar/src=/usr/src/debug/guitar -flto=auto -Wall -Wextra -mno-direct-extern-access -D_REENTRANT -DUSE_QT -DAPP_GUITAR -DHAVE_POSIX_OPENPT -DQT_NO_DEBUG -DQT_WIDGETS_LIB -DQT_SVG_LIB -DQT_GUI_LIB -DQT_NETWORK_LIB -DQT_CORE_LIB -I. -Isrc -Isrc/common -Isrc/coloredit -Isrc/texteditor -Ifiletype/src -Isubprojects/IncrementalSearchPlugin/src -I/usr/include/qt6 -I/usr/include/qt6/QtWidgets -I/usr/include/qt6/QtSvg -I/usr/include/qt6/QtGui -I/usr/include/qt6/QtNetwork -I/usr/include/qt6/QtCore -I. -I. -I/usr/lib/qt6/mkspecs/linux-g++ -o Dir.o src/common/q/Dir.cpp
g++ -c -pipe -std=c++20 -Wall -Wextra -include /build/guitar/src/Guitar-1.4.0/pragma.h -march=x86-64 -mtune=generic -O2 -pipe -fno-plt -fexceptions -Wp,-D_FORTIFY_SOURCE=3 -Wformat -Werror=format-security -fstack-clash-protection -fcf-protection -fno-omit-frame-pointer -mno-omit-leaf-frame-pointer -Wp,-D_GLIBCXX_ASSERTIONS -g -ffile-prefix-map=/build/guitar/src=/usr/src/debug/guitar -flto=auto -Wall -Wextra -mno-direct-extern-access -D_REENTRANT -DUSE_QT -DAPP_GUITAR -DHAVE_POSIX_OPENPT -DQT_NO_DEBUG -DQT_WIDGETS_LIB -DQT_SVG_LIB -DQT_GUI_LIB -DQT_NETWORK_LIB -DQT_CORE_LIB -I. -Isrc -Isrc/common -Isrc/coloredit -Isrc/texteditor -Ifiletype/src -Isubprojects/IncrementalSearchPlugin/src -I/usr/include/qt6 -I/usr/include/qt6/QtWidgets -I/usr/include/qt6/QtSvg -I/usr/include/qt6/QtGui -I/usr/include/qt6/QtNetwork -I/usr/include/qt6/QtCore -I. -I. -I/usr/lib/qt6/mkspecs/linux-g++ -o DirIterator.o src/common/q/DirIterator.cpp
g++ -c -pipe -std=c++20 -Wall -Wextra -include /build/guitar/src/Guitar-1.4.0/pragma.h -march=x86-64 -mtune=generic -O2 -pipe -fno-plt -fexceptions -Wp,-D_FORTIFY_SOURCE=3 -Wformat -Werror=format-security -fstack-clash-protection -fcf-protection -fno-omit-frame-pointer -mno-omit-leaf-frame-pointer -Wp,-D_GLIBCXX_ASSERTIONS -g -ffile-prefix-map=/build/guitar/src=/usr/src/debug/guitar -flto=auto -Wall -Wextra -mno-direct-extern-access -D_REENTRANT -DUSE_QT -DAPP_GUITAR -DHAVE_POSIX_OPENPT -DQT_NO_DEBUG -DQT_WIDGETS_LIB -DQT_SVG_LIB -DQT_GUI_LIB -DQT_NETWORK_LIB -DQT_CORE_LIB -I. -Isrc -Isrc/common -Isrc/coloredit -Isrc/texteditor -Ifiletype/src -Isubprojects/IncrementalSearchPlugin/src -I/usr/include/qt6 -I/usr/include/qt6/QtWidgets -I/usr/include/qt6/QtSvg -I/usr/include/qt6/QtGui -I/usr/include/qt6/QtNetwork -I/usr/include/qt6/QtCore -I. -I. -I/usr/lib/qt6/mkspecs/linux-g++ -o FileInfo.o src/common/q/FileInfo.cpp
g++ -c -pipe -std=c++20 -Wall -Wextra -include /build/guitar/src/Guitar-1.4.0/pragma.h -march=x86-64 -mtune=generic -O2 -pipe -fno-plt -fexceptions -Wp,-D_FORTIFY_SOURCE=3 -Wformat -Werror=format-security -fstack-clash-protection -fcf-protection -fno-omit-frame-pointer -mno-omit-leaf-frame-pointer -Wp,-D_GLIBCXX_ASSERTIONS -g -ffile-prefix-map=/build/guitar/src=/usr/src/debug/guitar -flto=auto -Wall -Wextra -mno-direct-extern-access -D_REENTRANT -DUSE_QT -DAPP_GUITAR -DHAVE_POSIX_OPENPT -DQT_NO_DEBUG -DQT_WIDGETS_LIB -DQT_SVG_LIB -DQT_GUI_LIB -DQT_NETWORK_LIB -DQT_CORE_LIB -I. -Isrc -Isrc/common -Isrc/coloredit -Isrc/texteditor -Ifiletype/src -Isubprojects/IncrementalSearchPlugin/src -I/usr/include/qt6 -I/usr/include/qt6/QtWidgets -I/usr/include/qt6/QtSvg -I/usr/include/qt6/QtGui -I/usr/include/qt6/QtNetwork -I/usr/include/qt6/QtCore -I. -I. -I/usr/lib/qt6/mkspecs/linux-g++ -o qmisc.o src/common/qmisc.cpp
g++ -c -pipe -std=c++20 -Wall -Wextra -include /build/guitar/src/Guitar-1.4.0/pragma.h -march=x86-64 -mtune=generic -O2 -pipe -fno-plt -fexceptions -Wp,-D_FORTIFY_SOURCE=3 -Wformat -Werror=format-security -fstack-clash-protection -fcf-protection -fno-omit-frame-pointer -mno-omit-leaf-frame-pointer -Wp,-D_GLIBCXX_ASSERTIONS -g -ffile-prefix-map=/build/guitar/src=/usr/src/debug/guitar -flto=auto -Wall -Wextra -mno-direct-extern-access -D_REENTRANT -DUSE_QT -DAPP_GUITAR -DHAVE_POSIX_OPENPT -DQT_NO_DEBUG -DQT_WIDGETS_LIB -DQT_SVG_LIB -DQT_GUI_LIB -DQT_NETWORK_LIB -DQT_CORE_LIB -I. -Isrc -Isrc/common -Isrc/coloredit -Isrc/texteditor -Ifiletype/src -Isubprojects/IncrementalSearchPlugin/src -I/usr/include/qt6 -I/usr/include/qt6/QtWidgets -I/usr/include/qt6/QtSvg -I/usr/include/qt6/QtGui -I/usr/include/qt6/QtNetwork -I/usr/include/qt6/QtCore -I. -I. -I/usr/lib/qt6/mkspecs/linux-g++ -o realpath.o src/common/realpath.cpp
g++ -c -pipe -std=c++20 -Wall -Wextra -include /build/guitar/src/Guitar-1.4.0/pragma.h -march=x86-64 -mtune=generic -O2 -pipe -fno-plt -fexceptions -Wp,-D_FORTIFY_SOURCE=3 -Wformat -Werror=format-security -fstack-clash-protection -fcf-protection -fno-omit-frame-pointer -mno-omit-leaf-frame-pointer -Wp,-D_GLIBCXX_ASSERTIONS -g -ffile-prefix-map=/build/guitar/src=/usr/src/debug/guitar -flto=auto -Wall -Wextra -mno-direct-extern-access -D_REENTRANT -DUSE_QT -DAPP_GUITAR -DHAVE_POSIX_OPENPT -DQT_NO_DEBUG -DQT_WIDGETS_LIB -DQT_SVG_LIB -DQT_GUI_LIB -DQT_NETWORK_LIB -DQT_CORE_LIB -I. -Isrc -Isrc/common -Isrc/coloredit -Isrc/texteditor -Ifiletype/src -Isubprojects/IncrementalSearchPlugin/src -I/usr/include/qt6 -I/usr/include/qt6/QtWidgets -I/usr/include/qt6/QtSvg -I/usr/include/qt6/QtGui -I/usr/include/qt6/QtNetwork -I/usr/include/qt6/QtCore -I. -I. -I/usr/lib/qt6/mkspecs/linux-g++ -o unicode_conversion.o src/common/unicode_conversion.cpp
g++ -c -pipe -std=c++20 -Wall -Wextra -include /build/guitar/src/Guitar-1.4.0/pragma.h -march=x86-64 -mtune=generic -O2 -pipe -fno-plt -fexceptions -Wp,-D_FORTIFY_SOURCE=3 -Wformat -Werror=format-security -fstack-clash-protection -fcf-protection -fno-omit-frame-pointer -mno-omit-leaf-frame-pointer -Wp,-D_GLIBCXX_ASSERTIONS -g -ffile-prefix-map=/build/guitar/src=/usr/src/debug/guitar -flto=auto -Wall -Wextra -mno-direct-extern-access -D_REENTRANT -DUSE_QT -DAPP_GUITAR -DHAVE_POSIX_OPENPT -DQT_NO_DEBUG -DQT_WIDGETS_LIB -DQT_SVG_LIB -DQT_GUI_LIB -DQT_NETWORK_LIB -DQT_CORE_LIB -I. -Isrc -Isrc/common -Isrc/coloredit -Isrc/texteditor -Ifiletype/src -Isubprojects/IncrementalSearchPlugin/src -I/usr/include/qt6 -I/usr/include/qt6/QtWidgets -I/usr/include/qt6/QtSvg -I/usr/include/qt6/QtGui -I/usr/include/qt6/QtNetwork -I/usr/include/qt6/QtCore -I. -I. -I/usr/lib/qt6/mkspecs/linux-g++ -o urlencode.o src/common/urlencode.cpp
g++ -c -pipe -std=c++20 -Wall -Wextra -include /build/guitar/src/Guitar-1.4.0/pragma.h -march=x86-64 -mtune=generic -O2 -pipe -fno-plt -fexceptions -Wp,-D_FORTIFY_SOURCE=3 -Wformat -Werror=format-security -fstack-clash-protection -fcf-protection -fno-omit-frame-pointer -mno-omit-leaf-frame-pointer -Wp,-D_GLIBCXX_ASSERTIONS -g -ffile-prefix-map=/build/guitar/src=/usr/src/debug/guitar -flto=auto -Wall -Wextra -mno-direct-extern-access -D_REENTRANT -DUSE_QT -DAPP_GUITAR -DHAVE_POSIX_OPENPT -DQT_NO_DEBUG -DQT_WIDGETS_LIB -DQT_SVG_LIB -DQT_GUI_LIB -DQT_NETWORK_LIB -DQT_CORE_LIB -I. -Isrc -Isrc/common -Isrc/coloredit -Isrc/texteditor -Ifiletype/src -Isubprojects/IncrementalSearchPlugin/src -I/usr/include/qt6 -I/usr/include/qt6/QtWidgets -I/usr/include/qt6/QtSvg -I/usr/include/qt6/QtGui -I/usr/include/qt6/QtNetwork -I/usr/include/qt6/QtCore -I. -I. -I/usr/lib/qt6/mkspecs/linux-g++ -o DarkStyle.o src/darktheme/DarkStyle.cpp
g++ -c -pipe -std=c++20 -Wall -Wextra -include /build/guitar/src/Guitar-1.4.0/pragma.h -march=x86-64 -mtune=generic -O2 -pipe -fno-plt -fexceptions -Wp,-D_FORTIFY_SOURCE=3 -Wformat -Werror=format-security -fstack-clash-protection -fcf-protection -fno-omit-frame-pointer -mno-omit-leaf-frame-pointer -Wp,-D_GLIBCXX_ASSERTIONS -g -ffile-prefix-map=/build/guitar/src=/usr/src/debug/guitar -flto=auto -Wall -Wextra -mno-direct-extern-access -D_REENTRANT -DUSE_QT -DAPP_GUITAR -DHAVE_POSIX_OPENPT -DQT_NO_DEBUG -DQT_WIDGETS_LIB -DQT_SVG_LIB -DQT_GUI_LIB -DQT_NETWORK_LIB -DQT_CORE_LIB -I. -Isrc -Isrc/common -Isrc/coloredit -Isrc/texteditor -Ifiletype/src -Isubprojects/IncrementalSearchPlugin/src -I/usr/include/qt6 -I/usr/include/qt6/QtWidgets -I/usr/include/qt6/QtSvg -I/usr/include/qt6/QtGui -I/usr/include/qt6/QtNetwork -I/usr/include/qt6/QtCore -I. -I. -I/usr/lib/qt6/mkspecs/linux-g++ -o LightStyle.o src/darktheme/LightStyle.cpp
g++ -c -pipe -std=c++20 -Wall -Wextra -include /build/guitar/src/Guitar-1.4.0/pragma.h -march=x86-64 -mtune=generic -O2 -pipe -fno-plt -fexceptions -Wp,-D_FORTIFY_SOURCE=3 -Wformat -Werror=format-security -fstack-clash-protection -fcf-protection -fno-omit-frame-pointer -mno-omit-leaf-frame-pointer -Wp,-D_GLIBCXX_ASSERTIONS -g -ffile-prefix-map=/build/guitar/src=/usr/src/debug/guitar -flto=auto -Wall -Wextra -mno-direct-extern-access -D_REENTRANT -DUSE_QT -DAPP_GUITAR -DHAVE_POSIX_OPENPT -DQT_NO_DEBUG -DQT_WIDGETS_LIB -DQT_SVG_LIB -DQT_GUI_LIB -DQT_NETWORK_LIB -DQT_CORE_LIB -I. -Isrc -Isrc/common -Isrc/coloredit -Isrc/texteditor -Ifiletype/src -Isubprojects/IncrementalSearchPlugin/src -I/usr/include/qt6 -I/usr/include/qt6/QtWidgets -I/usr/include/qt6/QtSvg -I/usr/include/qt6/QtGui -I/usr/include/qt6/QtNetwork -I/usr/include/qt6/QtCore -I. -I. -I/usr/lib/qt6/mkspecs/linux-g++ -o MyCommonStyle.o src/darktheme/MyCommonStyle.cpp
g++ -c -pipe -std=c++20 -Wall -Wextra -include /build/guitar/src/Guitar-1.4.0/pragma.h -march=x86-64 -mtune=generic -O2 -pipe -fno-plt -fexceptions -Wp,-D_FORTIFY_SOURCE=3 -Wformat -Werror=format-security -fstack-clash-protection -fcf-protection -fno-omit-frame-pointer -mno-omit-leaf-frame-pointer -Wp,-D_GLIBCXX_ASSERTIONS -g -ffile-prefix-map=/build/guitar/src=/usr/src/debug/guitar -flto=auto -Wall -Wextra -mno-direct-extern-access -D_REENTRANT -DUSE_QT -DAPP_GUITAR -DHAVE_POSIX_OPENPT -DQT_NO_DEBUG -DQT_WIDGETS_LIB -DQT_SVG_LIB -DQT_GUI_LIB -DQT_NETWORK_LIB -DQT_CORE_LIB -I. -Isrc -Isrc/common -Isrc/coloredit -Isrc/texteditor -Ifiletype/src -Isubprojects/IncrementalSearchPlugin/src -I/usr/include/qt6 -I/usr/include/qt6/QtWidgets -I/usr/include/qt6/QtSvg -I/usr/include/qt6/QtGui -I/usr/include/qt6/QtNetwork -I/usr/include/qt6/QtCore -I. -I. -I/usr/lib/qt6/mkspecs/linux-g++ -o NinePatch.o src/darktheme/NinePatch.cpp
g++ -c -pipe -std=c++20 -Wall -Wextra -include /build/guitar/src/Guitar-1.4.0/pragma.h -march=x86-64 -mtune=generic -O2 -pipe -fno-plt -fexceptions -Wp,-D_FORTIFY_SOURCE=3 -Wformat -Werror=format-security -fstack-clash-protection -fcf-protection -fno-omit-frame-pointer -mno-omit-leaf-frame-pointer -Wp,-D_GLIBCXX_ASSERTIONS -g -ffile-prefix-map=/build/guitar/src=/usr/src/debug/guitar -flto=auto -Wall -Wextra -mno-direct-extern-access -D_REENTRANT -DUSE_QT -DAPP_GUITAR -DHAVE_POSIX_OPENPT -DQT_NO_DEBUG -DQT_WIDGETS_LIB -DQT_SVG_LIB -DQT_GUI_LIB -DQT_NETWORK_LIB -DQT_CORE_LIB -I. -Isrc -Isrc/common -Isrc/coloredit -Isrc/texteditor -Ifiletype/src -Isubprojects/IncrementalSearchPlugin/src -I/usr/include/qt6 -I/usr/include/qt6/QtWidgets -I/usr/include/qt6/QtSvg -I/usr/include/qt6/QtGui -I/usr/include/qt6/QtNetwork -I/usr/include/qt6/QtCore -I. -I. -I/usr/lib/qt6/mkspecs/linux-g++ -o TraditionalWindowsStyleTreeControl.o src/darktheme/TraditionalWindowsStyleTreeControl.cpp
g++ -c -pipe -std=c++20 -Wall -Wextra -include /build/guitar/src/Guitar-1.4.0/pragma.h -march=x86-64 -mtune=generic -O2 -pipe -fno-plt -fexceptions -Wp,-D_FORTIFY_SOURCE=3 -Wformat -Werror=format-security -fstack-clash-protection -fcf-protection -fno-omit-frame-pointer -mno-omit-leaf-frame-pointer -Wp,-D_GLIBCXX_ASSERTIONS -g -ffile-prefix-map=/build/guitar/src=/usr/src/debug/guitar -flto=auto -Wall -Wextra -mno-direct-extern-access -D_REENTRANT -DUSE_QT -DAPP_GUITAR -DHAVE_POSIX_OPENPT -DQT_NO_DEBUG -DQT_WIDGETS_LIB -DQT_SVG_LIB -DQT_GUI_LIB -DQT_NETWORK_LIB -DQT_CORE_LIB -I. -Isrc -Isrc/common -Isrc/coloredit -Isrc/texteditor -Ifiletype/src -Isubprojects/IncrementalSearchPlugin/src -I/usr/include/qt6 -I/usr/include/qt6/QtWidgets -I/usr/include/qt6/QtSvg -I/usr/include/qt6/QtGui -I/usr/include/qt6/QtNetwork -I/usr/include/qt6/QtCore -I. -I. -I/usr/lib/qt6/mkspecs/linux-g++ -o gpg.o src/gpg.cpp
g++ -c -pipe -std=c++20 -Wall -Wextra -include /build/guitar/src/Guitar-1.4.0/pragma.h -march=x86-64 -mtune=generic -O2 -pipe -fno-plt -fexceptions -Wp,-D_FORTIFY_SOURCE=3 -Wformat -Werror=format-security -fstack-clash-protection -fcf-protection -fno-omit-frame-pointer -mno-omit-leaf-frame-pointer -Wp,-D_GLIBCXX_ASSERTIONS -g -ffile-prefix-map=/build/guitar/src=/usr/src/debug/guitar -flto=auto -Wall -Wextra -mno-direct-extern-access -D_REENTRANT -DUSE_QT -DAPP_GUITAR -DHAVE_POSIX_OPENPT -DQT_NO_DEBUG -DQT_WIDGETS_LIB -DQT_SVG_LIB -DQT_GUI_LIB -DQT_NETWORK_LIB -DQT_CORE_LIB -I. -Isrc -Isrc/common -Isrc/coloredit -Isrc/texteditor -Ifiletype/src -Isubprojects/IncrementalSearchPlugin/src -I/usr/include/qt6 -I/usr/include/qt6/QtWidgets -I/usr/include/qt6/QtSvg -I/usr/include/qt6/QtGui -I/usr/include/qt6/QtNetwork -I/usr/include/qt6/QtCore -I. -I. -I/usr/lib/qt6/mkspecs/linux-g++ -o gzip.o src/gzip.cpp
g++ -c -pipe -std=c++20 -Wall -Wextra -include /build/guitar/src/Guitar-1.4.0/pragma.h -march=x86-64 -mtune=generic -O2 -pipe -fno-plt -fexceptions -Wp,-D_FORTIFY_SOURCE=3 -Wformat -Werror=format-security -fstack-clash-protection -fcf-protection -fno-omit-frame-pointer -mno-omit-leaf-frame-pointer -Wp,-D_GLIBCXX_ASSERTIONS -g -ffile-prefix-map=/build/guitar/src=/usr/src/debug/guitar -flto=auto -Wall -Wextra -mno-direct-extern-access -D_REENTRANT -DUSE_QT -DAPP_GUITAR -DHAVE_POSIX_OPENPT -DQT_NO_DEBUG -DQT_WIDGETS_LIB -DQT_SVG_LIB -DQT_GUI_LIB -DQT_NETWORK_LIB -DQT_CORE_LIB -I. -Isrc -Isrc/common -Isrc/coloredit -Isrc/texteditor -Ifiletype/src -Isubprojects/IncrementalSearchPlugin/src -I/usr/include/qt6 -I/usr/include/qt6/QtWidgets -I/usr/include/qt6/QtSvg -I/usr/include/qt6/QtGui -I/usr/include/qt6/QtNetwork -I/usr/include/qt6/QtCore -I. -I. -I/usr/lib/qt6/mkspecs/linux-g++ -o inetclient.o src/inet/inetclient.cpp
g++ -c -pipe -std=c++20 -Wall -Wextra -include /build/guitar/src/Guitar-1.4.0/pragma.h -march=x86-64 -mtune=generic -O2 -pipe -fno-plt -fexceptions -Wp,-D_FORTIFY_SOURCE=3 -Wformat -Werror=format-security -fstack-clash-protection -fcf-protection -fno-omit-frame-pointer -mno-omit-leaf-frame-pointer -Wp,-D_GLIBCXX_ASSERTIONS -g -ffile-prefix-map=/build/guitar/src=/usr/src/debug/guitar -flto=auto -Wall -Wextra -mno-direct-extern-access -D_REENTRANT -DUSE_QT -DAPP_GUITAR -DHAVE_POSIX_OPENPT -DQT_NO_DEBUG -DQT_WIDGETS_LIB -DQT_SVG_LIB -DQT_GUI_LIB -DQT_NETWORK_LIB -DQT_CORE_LIB -I. -Isrc -Isrc/common -Isrc/coloredit -Isrc/texteditor -Ifiletype/src -Isubprojects/IncrementalSearchPlugin/src -I/usr/include/qt6 -I/usr/include/qt6/QtWidgets -I/usr/include/qt6/QtSvg -I/usr/include/qt6/QtGui -I/usr/include/qt6/QtNetwork -I/usr/include/qt6/QtCore -I. -I. -I/usr/lib/qt6/mkspecs/linux-g++ -o inetresolver.o src/inet/inetresolver.cpp
g++ -c -pipe -std=c++20 -Wall -Wextra -include /build/guitar/src/Guitar-1.4.0/pragma.h -march=x86-64 -mtune=generic -O2 -pipe -fno-plt -fexceptions -Wp,-D_FORTIFY_SOURCE=3 -Wformat -Werror=format-security -fstack-clash-protection -fcf-protection -fno-omit-frame-pointer -mno-omit-leaf-frame-pointer -Wp,-D_GLIBCXX_ASSERTIONS -g -ffile-prefix-map=/build/guitar/src=/usr/src/debug/guitar -flto=auto -Wall -Wextra -mno-direct-extern-access -D_REENTRANT -DUSE_QT -DAPP_GUITAR -DHAVE_POSIX_OPENPT -DQT_NO_DEBUG -DQT_WIDGETS_LIB -DQT_SVG_LIB -DQT_GUI_LIB -DQT_NETWORK_LIB -DQT_CORE_LIB -I. -Isrc -Isrc/common -Isrc/coloredit -Isrc/texteditor -Ifiletype/src -Isubprojects/IncrementalSearchPlugin/src -I/usr/include/qt6 -I/usr/include/qt6/QtWidgets -I/usr/include/qt6/QtSvg -I/usr/include/qt6/QtGui -I/usr/include/qt6/QtNetwork -I/usr/include/qt6/QtCore -I. -I. -I/usr/lib/qt6/mkspecs/linux-g++ -o webclient.o src/inet/webclient.cpp
g++ -c -pipe -std=c++20 -Wall -Wextra -include /build/guitar/src/Guitar-1.4.0/pragma.h -march=x86-64 -mtune=generic -O2 -pipe -fno-plt -fexceptions -Wp,-D_FORTIFY_SOURCE=3 -Wformat -Werror=format-security -fstack-clash-protection -fcf-protection -fno-omit-frame-pointer -mno-omit-leaf-frame-pointer -Wp,-D_GLIBCXX_ASSERTIONS -g -ffile-prefix-map=/build/guitar/src=/usr/src/debug/guitar -flto=auto -Wall -Wextra -mno-direct-extern-access -D_REENTRANT -DUSE_QT -DAPP_GUITAR -DHAVE_POSIX_OPENPT -DQT_NO_DEBUG -DQT_WIDGETS_LIB -DQT_SVG_LIB -DQT_GUI_LIB -DQT_NETWORK_LIB -DQT_CORE_LIB -I. -Isrc -Isrc/common -Isrc/coloredit -Isrc/texteditor -Ifiletype/src -Isubprojects/IncrementalSearchPlugin/src -I/usr/include/qt6 -I/usr/include/qt6/QtWidgets -I/usr/include/qt6/QtSvg -I/usr/include/qt6/QtGui -I/usr/include/qt6/QtNetwork -I/usr/include/qt6/QtCore -I. -I. -I/usr/lib/qt6/mkspecs/linux-g++ -o main.o src/main.cpp
g++ -c -pipe -std=c++20 -Wall -Wextra -include /build/guitar/src/Guitar-1.4.0/pragma.h -march=x86-64 -mtune=generic -O2 -pipe -fno-plt -fexceptions -Wp,-D_FORTIFY_SOURCE=3 -Wformat -Werror=format-security -fstack-clash-protection -fcf-protection -fno-omit-frame-pointer -mno-omit-leaf-frame-pointer -Wp,-D_GLIBCXX_ASSERTIONS -g -ffile-prefix-map=/build/guitar/src=/usr/src/debug/guitar -flto=auto -Wall -Wextra -mno-direct-extern-access -D_REENTRANT -DUSE_QT -DAPP_GUITAR -DHAVE_POSIX_OPENPT -DQT_NO_DEBUG -DQT_WIDGETS_LIB -DQT_SVG_LIB -DQT_GUI_LIB -DQT_NETWORK_LIB -DQT_CORE_LIB -I. -Isrc -Isrc/common -Isrc/coloredit -Isrc/texteditor -Ifiletype/src -Isubprojects/IncrementalSearchPlugin/src -I/usr/include/qt6 -I/usr/include/qt6/QtWidgets -I/usr/include/qt6/QtSvg -I/usr/include/qt6/QtGui -I/usr/include/qt6/QtNetwork -I/usr/include/qt6/QtCore -I. -I. -I/usr/lib/qt6/mkspecs/linux-g++ -o platform.o src/platform.cpp
g++ -c -pipe -std=c++20 -Wall -Wextra -include /build/guitar/src/Guitar-1.4.0/pragma.h -march=x86-64 -mtune=generic -O2 -pipe -fno-plt -fexceptions -Wp,-D_FORTIFY_SOURCE=3 -Wformat -Werror=format-security -fstack-clash-protection -fcf-protection -fno-omit-frame-pointer -mno-omit-leaf-frame-pointer -Wp,-D_GLIBCXX_ASSERTIONS -g -ffile-prefix-map=/build/guitar/src=/usr/src/debug/guitar -flto=auto -Wall -Wextra -mno-direct-extern-access -D_REENTRANT -DUSE_QT -DAPP_GUITAR -DHAVE_POSIX_OPENPT -DQT_NO_DEBUG -DQT_WIDGETS_LIB -DQT_SVG_LIB -DQT_GUI_LIB -DQT_NETWORK_LIB -DQT_CORE_LIB -I. -Isrc -Isrc/common -Isrc/coloredit -Isrc/texteditor -Ifiletype/src -Isubprojects/IncrementalSearchPlugin/src -I/usr/include/qt6 -I/usr/include/qt6/QtWidgets -I/usr/include/qt6/QtSvg -I/usr/include/qt6/QtGui -I/usr/include/qt6/QtNetwork -I/usr/include/qt6/QtCore -I. -I. -I/usr/lib/qt6/mkspecs/linux-g++ -o AbstractCharacterBasedApplication.o src/texteditor/AbstractCharacterBasedApplication.cpp
g++ -c -pipe -std=c++20 -Wall -Wextra -include /build/guitar/src/Guitar-1.4.0/pragma.h -march=x86-64 -mtune=generic -O2 -pipe -fno-plt -fexceptions -Wp,-D_FORTIFY_SOURCE=3 -Wformat -Werror=format-security -fstack-clash-protection -fcf-protection -fno-omit-frame-pointer -mno-omit-leaf-frame-pointer -Wp,-D_GLIBCXX_ASSERTIONS -g -ffile-prefix-map=/build/guitar/src=/usr/src/debug/guitar -flto=auto -Wall -Wextra -mno-direct-extern-access -D_REENTRANT -DUSE_QT -DAPP_GUITAR -DHAVE_POSIX_OPENPT -DQT_NO_DEBUG -DQT_WIDGETS_LIB -DQT_SVG_LIB -DQT_GUI_LIB -DQT_NETWORK_LIB -DQT_CORE_LIB -I. -Isrc -Isrc/common -Isrc/coloredit -Isrc/texteditor -Ifiletype/src -Isubprojects/IncrementalSearchPlugin/src -I/usr/include/qt6 -I/usr/include/qt6/QtWidgets -I/usr/include/qt6/QtSvg -I/usr/include/qt6/QtGui -I/usr/include/qt6/QtNetwork -I/usr/include/qt6/QtCore -I. -I. -I/usr/lib/qt6/mkspecs/linux-g++ -o InputMethodPopup.o src/texteditor/InputMethodPopup.cpp
g++ -c -pipe -std=c++20 -Wall -Wextra -include /build/guitar/src/Guitar-1.4.0/pragma.h -march=x86-64 -mtune=generic -O2 -pipe -fno-plt -fexceptions -Wp,-D_FORTIFY_SOURCE=3 -Wformat -Werror=format-security -fstack-clash-protection -fcf-protection -fno-omit-frame-pointer -mno-omit-leaf-frame-pointer -Wp,-D_GLIBCXX_ASSERTIONS -g -ffile-prefix-map=/build/guitar/src=/usr/src/debug/guitar -flto=auto -Wall -Wextra -mno-direct-extern-access -D_REENTRANT -DUSE_QT -DAPP_GUITAR -DHAVE_POSIX_OPENPT -DQT_NO_DEBUG -DQT_WIDGETS_LIB -DQT_SVG_LIB -DQT_GUI_LIB -DQT_NETWORK_LIB -DQT_CORE_LIB -I. -Isrc -Isrc/common -Isrc/coloredit -Isrc/texteditor -Ifiletype/src -Isubprojects/IncrementalSearchPlugin/src -I/usr/include/qt6 -I/usr/include/qt6/QtWidgets -I/usr/include/qt6/QtSvg -I/usr/include/qt6/QtGui -I/usr/include/qt6/QtNetwork -I/usr/include/qt6/QtCore -I. -I. -I/usr/lib/qt6/mkspecs/linux-g++ -o TextEditorTheme.o src/texteditor/TextEditorTheme.cpp
g++ -c -pipe -std=c++20 -Wall -Wextra -include /build/guitar/src/Guitar-1.4.0/pragma.h -march=x86-64 -mtune=generic -O2 -pipe -fno-plt -fexceptions -Wp,-D_FORTIFY_SOURCE=3 -Wformat -Werror=format-security -fstack-clash-protection -fcf-protection -fno-omit-frame-pointer -mno-omit-leaf-frame-pointer -Wp,-D_GLIBCXX_ASSERTIONS -g -ffile-prefix-map=/build/guitar/src=/usr/src/debug/guitar -flto=auto -Wall -Wextra -mno-direct-extern-access -D_REENTRANT -DUSE_QT -DAPP_GUITAR -DHAVE_POSIX_OPENPT -DQT_NO_DEBUG -DQT_WIDGETS_LIB -DQT_SVG_LIB -DQT_GUI_LIB -DQT_NETWORK_LIB -DQT_CORE_LIB -I. -Isrc -Isrc/common -Isrc/coloredit -Isrc/texteditor -Ifiletype/src -Isubprojects/IncrementalSearchPlugin/src -I/usr/include/qt6 -I/usr/include/qt6/QtWidgets -I/usr/include/qt6/QtSvg -I/usr/include/qt6/QtGui -I/usr/include/qt6/QtNetwork -I/usr/include/qt6/QtCore -I. -I. -I/usr/lib/qt6/mkspecs/linux-g++ -o TextEditorView.o src/texteditor/TextEditorView.cpp
g++ -c -pipe -std=c++20 -Wall -Wextra -include /build/guitar/src/Guitar-1.4.0/pragma.h -march=x86-64 -mtune=generic -O2 -pipe -fno-plt -fexceptions -Wp,-D_FORTIFY_SOURCE=3 -Wformat -Werror=format-security -fstack-clash-protection -fcf-protection -fno-omit-frame-pointer -mno-omit-leaf-frame-pointer -Wp,-D_GLIBCXX_ASSERTIONS -g -ffile-prefix-map=/build/guitar/src=/usr/src/debug/guitar -flto=auto -Wall -Wextra -mno-direct-extern-access -D_REENTRANT -DUSE_QT -DAPP_GUITAR -DHAVE_POSIX_OPENPT -DQT_NO_DEBUG -DQT_WIDGETS_LIB -DQT_SVG_LIB -DQT_GUI_LIB -DQT_NETWORK_LIB -DQT_CORE_LIB -I. -Isrc -Isrc/common -Isrc/coloredit -Isrc/texteditor -Ifiletype/src -Isubprojects/IncrementalSearchPlugin/src -I/usr/include/qt6 -I/usr/include/qt6/QtWidgets -I/usr/include/qt6/QtSvg -I/usr/include/qt6/QtGui -I/usr/include/qt6/QtNetwork -I/usr/include/qt6/QtCore -I. -I. -I/usr/lib/qt6/mkspecs/linux-g++ -o TextEditorWidget.o src/texteditor/TextEditorWidget.cpp
src/darktheme/DarkStyle.cpp: In member function ‘virtual int DarkStyle::pixelMetric(QStyle::PixelMetric, const QStyleOption*, const QWidget*) const’:
src/darktheme/DarkStyle.cpp:664:14: warning: ‘QStyle::PM_DialogButtonsSeparator’ is deprecated: Not used and no effect since Qt 4 [-Wdeprecated-declarations]
  664 |         case PM_DialogButtonsSeparator: // deprecated
      |              ^~~~~~~~~~~~~~~~~~~~~~~~~
In file included from /usr/include/qt6/QtWidgets/QStyle:1,
                 from src/darktheme/MyCommonStyle.h:5,
                 from src/darktheme/DarkStyle.h:4,
                 from src/darktheme/DarkStyle.cpp:1:
/usr/include/qt6/QtWidgets/qstyle.h:471:9: note: declared here
  471 |         PM_DialogButtonsSeparator Q_DECL_ENUMERATOR_DEPRECATED_X("Not used and no effect since Qt 4"),
      |         ^~~~~~~~~~~~~~~~~~~~~~~~~
In file included from /usr/include/qt6/QtCore/qdatastream.h:9,
                 from /usr/include/qt6/QtCore/qmetatype.h:14,
                 from /usr/include/qt6/QtCore/qvariant.h:11,
                 from /usr/include/qt6/QtCore/qlocale.h:8,
                 from /usr/include/qt6/QtCore/qcalendar.h:11,
                 from /usr/include/qt6/QtCore/qdatetime.h:9,
                 from /usr/include/qt6/QtCore/QDateTime:1,
                 from src/gpg.h:4,
                 from src/gpg.cpp:1:
/usr/include/qt6/QtCore/qchar.h:48:31: warning: defining ‘QChar’, which previously failed to be complete in a SFINAE context [-Wsfinae-incomplete=]
   48 | class QT6_ONLY(Q_CORE_EXPORT) QChar {
      |                               ^~~~~
In file included from /usr/include/c++/16/unordered_map:44,
                 from /usr/include/c++/16/functional:80,
                 from /usr/include/qt6/QtCore/qcomparehelpers.h:29,
                 from /usr/include/qt6/QtCore/qcompare.h:661,
                 from /usr/include/qt6/QtCore/qvariant.h:9:
/usr/include/c++/16/bits/range_access.h:325:24: note: here.  Use ‘-Wsfinae-incomplete=2’ for a diagnostic at that point
  325 |     -> decltype(__cont.data())
      |                 ~~~~~~~^~~~
src/darktheme/DarkStyle.cpp: In member function ‘virtual void DarkStyle::drawControl(QStyle::ControlElement, const QStyleOption*, QPainter*, const QWidget*) const’:
src/darktheme/DarkStyle.cpp:2163:56: warning: ‘QStyle::State_Editing’ is deprecated: Not used and no effect since Qt 5 [-Wdeprecated-declarations]
 2163 |                                 if (o->state & QStyle::State_Editing) { // deprecated
      |                                                        ^~~~~~~~~~~~~
/usr/include/qt6/QtWidgets/qstyle.h:91:9: note: declared here
   91 |         State_Editing Q_DECL_ENUMERATOR_DEPRECATED_X("Not used and no effect since Qt 5") =  0x00400000,
      |         ^~~~~~~~~~~~~
g++ -c -pipe -std=c++20 -Wall -Wextra -include /build/guitar/src/Guitar-1.4.0/pragma.h -march=x86-64 -mtune=generic -O2 -pipe -fno-plt -fexceptions -Wp,-D_FORTIFY_SOURCE=3 -Wformat -Werror=format-security -fstack-clash-protection -fcf-protection -fno-omit-frame-pointer -mno-omit-leaf-frame-pointer -Wp,-D_GLIBCXX_ASSERTIONS -g -ffile-prefix-map=/build/guitar/src=/usr/src/debug/guitar -flto=auto -Wall -Wextra -mno-direct-extern-access -D_REENTRANT -DUSE_QT -DAPP_GUITAR -DHAVE_POSIX_OPENPT -DQT_NO_DEBUG -DQT_WIDGETS_LIB -DQT_SVG_LIB -DQT_GUI_LIB -DQT_NETWORK_LIB -DQT_CORE_LIB -I. -Isrc -Isrc/common -Isrc/coloredit -Isrc/texteditor -Ifiletype/src -Isubprojects/IncrementalSearchPlugin/src -I/usr/include/qt6 -I/usr/include/qt6/QtWidgets -I/usr/include/qt6/QtSvg -I/usr/include/qt6/QtGui -I/usr/include/qt6/QtNetwork -I/usr/include/qt6/QtCore -I. -I. -I/usr/lib/qt6/mkspecs/linux-g++ -o UnicodeWidth.o src/texteditor/UnicodeWidth.cpp
g++ -c -pipe -std=c++20 -Wall -Wextra -include /build/guitar/src/Guitar-1.4.0/pragma.h -march=x86-64 -mtune=generic -O2 -pipe -fno-plt -fexceptions -Wp,-D_FORTIFY_SOURCE=3 -Wformat -Werror=format-security -fstack-clash-protection -fcf-protection -fno-omit-frame-pointer -mno-omit-leaf-frame-pointer -Wp,-D_GLIBCXX_ASSERTIONS -g -ffile-prefix-map=/build/guitar/src=/usr/src/debug/guitar -flto=auto -Wall -Wextra -mno-direct-extern-access -D_REENTRANT -DUSE_QT -DAPP_GUITAR -DHAVE_POSIX_OPENPT -DQT_NO_DEBUG -DQT_WIDGETS_LIB -DQT_SVG_LIB -DQT_GUI_LIB -DQT_NETWORK_LIB -DQT_CORE_LIB -I. -Isrc -Isrc/common -Isrc/coloredit -Isrc/texteditor -Ifiletype/src -Isubprojects/IncrementalSearchPlugin/src -I/usr/include/qt6 -I/usr/include/qt6/QtWidgets -I/usr/include/qt6/QtSvg -I/usr/include/qt6/QtGui -I/usr/include/qt6/QtNetwork -I/usr/include/qt6/QtCore -I. -I. -I/usr/lib/qt6/mkspecs/linux-g++ -o unicode.o src/texteditor/unicode.cpp
g++ -c -pipe -std=c++20 -Wall -Wextra -include /build/guitar/src/Guitar-1.4.0/pragma.h -march=x86-64 -mtune=generic -O2 -pipe -fno-plt -fexceptions -Wp,-D_FORTIFY_SOURCE=3 -Wformat -Werror=format-security -fstack-clash-protection -fcf-protection -fno-omit-frame-pointer -mno-omit-leaf-frame-pointer -Wp,-D_GLIBCXX_ASSERTIONS -g -ffile-prefix-map=/build/guitar/src=/usr/src/debug/guitar -flto=auto -Wall -Wextra -mno-direct-extern-access -D_REENTRANT -DUSE_QT -DAPP_GUITAR -DHAVE_POSIX_OPENPT -DQT_NO_DEBUG -DQT_WIDGETS_LIB -DQT_SVG_LIB -DQT_GUI_LIB -DQT_NETWORK_LIB -DQT_CORE_LIB -I. -Isrc -Isrc/common -Isrc/coloredit -Isrc/texteditor -Ifiletype/src -Isubprojects/IncrementalSearchPlugin/src -I/usr/include/qt6 -I/usr/include/qt6/QtWidgets -I/usr/include/qt6/QtSvg -I/usr/include/qt6/QtGui -I/usr/include/qt6/QtNetwork -I/usr/include/qt6/QtCore -I. -I. -I/usr/lib/qt6/mkspecs/linux-g++ -o zip.o src/zip/zip.cpp
g++ -c -pipe -std=c++20 -Wall -Wextra -include /build/guitar/src/Guitar-1.4.0/pragma.h -march=x86-64 -mtune=generic -O2 -pipe -fno-plt -fexceptions -Wp,-D_FORTIFY_SOURCE=3 -Wformat -Werror=format-security -fstack-clash-protection -fcf-protection -fno-omit-frame-pointer -mno-omit-leaf-frame-pointer -Wp,-D_GLIBCXX_ASSERTIONS -g -ffile-prefix-map=/build/guitar/src=/usr/src/debug/guitar -flto=auto -Wall -Wextra -mno-direct-extern-access -D_REENTRANT -DUSE_QT -DAPP_GUITAR -DHAVE_POSIX_OPENPT -DQT_NO_DEBUG -DQT_WIDGETS_LIB -DQT_SVG_LIB -DQT_GUI_LIB -DQT_NETWORK_LIB -DQT_CORE_LIB -I. -Isrc -Isrc/common -Isrc/coloredit -Isrc/texteditor -Ifiletype/src -Isubprojects/IncrementalSearchPlugin/src -I/usr/include/qt6 -I/usr/include/qt6/QtWidgets -I/usr/include/qt6/QtSvg -I/usr/include/qt6/QtGui -I/usr/include/qt6/QtNetwork -I/usr/include/qt6/QtCore -I. -I. -I/usr/lib/qt6/mkspecs/linux-g++ -o ziparchive.o src/zip/ziparchive.cpp
g++ -c -pipe -std=c++20 -Wall -Wextra -include /build/guitar/src/Guitar-1.4.0/pragma.h -march=x86-64 -mtune=generic -O2 -pipe -fno-plt -fexceptions -Wp,-D_FORTIFY_SOURCE=3 -Wformat -Werror=format-security -fstack-clash-protection -fcf-protection -fno-omit-frame-pointer -mno-omit-leaf-frame-pointer -Wp,-D_GLIBCXX_ASSERTIONS -g -ffile-prefix-map=/build/guitar/src=/usr/src/debug/guitar -flto=auto -Wall -Wextra -mno-direct-extern-access -D_REENTRANT -DUSE_QT -DAPP_GUITAR -DHAVE_POSIX_OPENPT -DQT_NO_DEBUG -DQT_WIDGETS_LIB -DQT_SVG_LIB -DQT_GUI_LIB -DQT_NETWORK_LIB -DQT_CORE_LIB -I. -Isrc -Isrc/common -Isrc/coloredit -Isrc/texteditor -Ifiletype/src -Isubprojects/IncrementalSearchPlugin/src -I/usr/include/qt6 -I/usr/include/qt6/QtWidgets -I/usr/include/qt6/QtSvg -I/usr/include/qt6/QtGui -I/usr/include/qt6/QtNetwork -I/usr/include/qt6/QtCore -I. -I. -I/usr/lib/qt6/mkspecs/linux-g++ -o zipextract.o src/zip/zipextract.cpp
g++ -c -pipe -std=c++20 -Wall -Wextra -include /build/guitar/src/Guitar-1.4.0/pragma.h -march=x86-64 -mtune=generic -O2 -pipe -fno-plt -fexceptions -Wp,-D_FORTIFY_SOURCE=3 -Wformat -Werror=format-security -fstack-clash-protection -fcf-protection -fno-omit-frame-pointer -mno-omit-leaf-frame-pointer -Wp,-D_GLIBCXX_ASSERTIONS -g -ffile-prefix-map=/build/guitar/src=/usr/src/debug/guitar -flto=auto -Wall -Wextra -mno-direct-extern-access -D_REENTRANT -DUSE_QT -DAPP_GUITAR -DHAVE_POSIX_OPENPT -DQT_NO_DEBUG -DQT_WIDGETS_LIB -DQT_SVG_LIB -DQT_GUI_LIB -DQT_NETWORK_LIB -DQT_CORE_LIB -I. -Isrc -Isrc/common -Isrc/coloredit -Isrc/texteditor -Ifiletype/src -Isubprojects/IncrementalSearchPlugin/src -I/usr/include/qt6 -I/usr/include/qt6/QtWidgets -I/usr/include/qt6/QtSvg -I/usr/include/qt6/QtGui -I/usr/include/qt6/QtNetwork -I/usr/include/qt6/QtCore -I. -I. -I/usr/lib/qt6/mkspecs/linux-g++ -o ProcessPosix.o src/process/ProcessPosix.cpp
g++ -c -pipe -std=c++20 -Wall -Wextra -include /build/guitar/src/Guitar-1.4.0/pragma.h -march=x86-64 -mtune=generic -O2 -pipe -fno-plt -fexceptions -Wp,-D_FORTIFY_SOURCE=3 -Wformat -Werror=format-security -fstack-clash-protection -fcf-protection -fno-omit-frame-pointer -mno-omit-leaf-frame-pointer -Wp,-D_GLIBCXX_ASSERTIONS -g -ffile-prefix-map=/build/guitar/src=/usr/src/debug/guitar -flto=auto -Wall -Wextra -mno-direct-extern-access -D_REENTRANT -DUSE_QT -DAPP_GUITAR -DHAVE_POSIX_OPENPT -DQT_NO_DEBUG -DQT_WIDGETS_LIB -DQT_SVG_LIB -DQT_GUI_LIB -DQT_NETWORK_LIB -DQT_CORE_LIB -I. -Isrc -Isrc/common -Isrc/coloredit -Isrc/texteditor -Ifiletype/src -Isubprojects/IncrementalSearchPlugin/src -I/usr/include/qt6 -I/usr/include/qt6/QtWidgets -I/usr/include/qt6/QtSvg -I/usr/include/qt6/QtGui -I/usr/include/qt6/QtNetwork -I/usr/include/qt6/QtCore -I. -I. -I/usr/lib/qt6/mkspecs/linux-g++ -o MyProcess2.o src/process/MyProcess2.cpp
g++ -c -pipe -std=c++20 -Wall -Wextra -include /build/guitar/src/Guitar-1.4.0/pragma.h -march=x86-64 -mtune=generic -O2 -pipe -fno-plt -fexceptions -Wp,-D_FORTIFY_SOURCE=3 -Wformat -Werror=format-security -fstack-clash-protection -fcf-protection -fno-omit-frame-pointer -mno-omit-leaf-frame-pointer -Wp,-D_GLIBCXX_ASSERTIONS -g -ffile-prefix-map=/build/guitar/src=/usr/src/debug/guitar -flto=auto -Wall -Wextra -mno-direct-extern-access -D_REENTRANT -DUSE_QT -DAPP_GUITAR -DHAVE_POSIX_OPENPT -DQT_NO_DEBUG -DQT_WIDGETS_LIB -DQT_SVG_LIB -DQT_GUI_LIB -DQT_NETWORK_LIB -DQT_CORE_LIB -I. -Isrc -Isrc/common -Isrc/coloredit -Isrc/texteditor -Ifiletype/src -Isubprojects/IncrementalSearchPlugin/src -I/usr/include/qt6 -I/usr/include/qt6/QtWidgets -I/usr/include/qt6/QtSvg -I/usr/include/qt6/QtGui -I/usr/include/qt6/QtNetwork -I/usr/include/qt6/QtCore -I. -I. -I/usr/lib/qt6/mkspecs/linux-g++ -o UnixUtil.o src/unix/UnixUtil.cpp
g++ -c -pipe -std=c++20 -Wall -Wextra -include /build/guitar/src/Guitar-1.4.0/pragma.h -march=x86-64 -mtune=generic -O2 -pipe -fno-plt -fexceptions -Wp,-D_FORTIFY_SOURCE=3 -Wformat -Werror=format-security -fstack-clash-protection -fcf-protection -fno-omit-frame-pointer -mno-omit-leaf-frame-pointer -Wp,-D_GLIBCXX_ASSERTIONS -g -ffile-prefix-map=/build/guitar/src=/usr/src/debug/guitar -flto=auto -Wall -Wextra -mno-direct-extern-access -D_REENTRANT -DUSE_QT -DAPP_GUITAR -DHAVE_POSIX_OPENPT -DQT_NO_DEBUG -DQT_WIDGETS_LIB -DQT_SVG_LIB -DQT_GUI_LIB -DQT_NETWORK_LIB -DQT_CORE_LIB -I. -Isrc -Isrc/common -Isrc/coloredit -Isrc/texteditor -Ifiletype/src -Isubprojects/IncrementalSearchPlugin/src -I/usr/include/qt6 -I/usr/include/qt6/QtWidgets -I/usr/include/qt6/QtSvg -I/usr/include/qt6/QtGui -I/usr/include/qt6/QtNetwork -I/usr/include/qt6/QtCore -I. -I. -I/usr/lib/qt6/mkspecs/linux-g++ -o UnixProcess.o src/unix/UnixProcess.cpp
src/darktheme/LightStyle.cpp: In member function ‘virtual void LightStyle::drawControl(QStyle::ControlElement, const QStyleOption*, QPainter*, const QWidget*) const’:
src/darktheme/LightStyle.cpp:316:56: warning: ‘QStyle::State_Editing’ is deprecated: Not used and no effect since Qt 5 [-Wdeprecated-declarations]
  316 |                                 if (o->state & QStyle::State_Editing) { // deprecated
      |                                                        ^~~~~~~~~~~~~
In file included from /usr/include/qt6/QtWidgets/QStyle:1,
                 from src/darktheme/MyCommonStyle.h:5,
                 from src/darktheme/LightStyle.h:4,
                 from src/darktheme/LightStyle.cpp:1:
/usr/include/qt6/QtWidgets/qstyle.h:91:9: note: declared here
   91 |         State_Editing Q_DECL_ENUMERATOR_DEPRECATED_X("Not used and no effect since Qt 5") =  0x00400000,
      |         ^~~~~~~~~~~~~
g++ -c -pipe -std=c++20 -Wall -Wextra -include /build/guitar/src/Guitar-1.4.0/pragma.h -march=x86-64 -mtune=generic -O2 -pipe -fno-plt -fexceptions -Wp,-D_FORTIFY_SOURCE=3 -Wformat -Werror=format-security -fstack-clash-protection -fcf-protection -fno-omit-frame-pointer -mno-omit-leaf-frame-pointer -Wp,-D_GLIBCXX_ASSERTIONS -g -ffile-prefix-map=/build/guitar/src=/usr/src/debug/guitar -flto=auto -Wall -Wextra -mno-direct-extern-access -D_REENTRANT -DUSE_QT -DAPP_GUITAR -DHAVE_POSIX_OPENPT -DQT_NO_DEBUG -DQT_WIDGETS_LIB -DQT_SVG_LIB -DQT_GUI_LIB -DQT_NETWORK_LIB -DQT_CORE_LIB -I. -Isrc -Isrc/common -Isrc/coloredit -Isrc/texteditor -Ifiletype/src -Isubprojects/IncrementalSearchPlugin/src -I/usr/include/qt6 -I/usr/include/qt6/QtWidgets -I/usr/include/qt6/QtSvg -I/usr/include/qt6/QtGui -I/usr/include/qt6/QtNetwork -I/usr/include/qt6/QtCore -I. -I. -I/usr/lib/qt6/mkspecs/linux-g++ -o UnixPtyProcess.o src/unix/UnixPtyProcess.cpp
src/zip/ziparchive.cpp: In function ‘void zip::loadfile(const char*, std::vector<unsigned char>*)’:
src/zip/ziparchive.cpp:41:29: warning: ignoring return value of ‘ssize_t read(int, void*, size_t)’ declared with attribute ‘warn_unused_result’ [-Wunused-result]
   41 |                         read(fd, &out->at(0), st.st_size);
      |                         ~~~~^~~~~~~~~~~~~~~~~~~~~~~~~~~~~
/usr/lib/qt6/rcc -name resources src/resources/resources.qrc -o qrc_resources.cpp
In file included from /usr/include/qt6/QtCore/qdatastream.h:9,
                 from /usr/include/qt6/QtCore/qmetatype.h:14,
                 from /usr/include/qt6/QtCore/qvariant.h:11,
                 from /usr/include/qt6/QtCore/qlocale.h:8,
                 from /usr/include/qt6/QtCore/qcalendar.h:11,
                 from /usr/include/qt6/QtCore/qdatetime.h:9,
                 from /usr/include/qt6/QtCore/QDateTime:1,
                 from src/zip/zip.cpp:5:
/usr/include/qt6/QtCore/qchar.h:48:31: warning: defining ‘QChar’, which previously failed to be complete in a SFINAE context [-Wsfinae-incomplete=]
   48 | class QT6_ONLY(Q_CORE_EXPORT) QChar {
      |                               ^~~~~
In file included from /usr/include/c++/16/string:56,
                 from src/common/joinpath.h:5,
                 from src/zip/zip.cpp:2:
/usr/include/c++/16/bits/range_access.h:325:24: note: here.  Use ‘-Wsfinae-incomplete=2’ for a diagnostic at that point
  325 |     -> decltype(__cont.data())
      |                 ~~~~~~~^~~~
g++ -pipe -std=c++20 -Wall -Wextra -include /build/guitar/src/Guitar-1.4.0/pragma.h -march=x86-64 -mtune=generic -O2 -pipe -fno-plt -fexceptions -Wp,-D_FORTIFY_SOURCE=3 -Wformat -Werror=format-security -fstack-clash-protection -fcf-protection -fno-omit-frame-pointer -mno-omit-leaf-frame-pointer -Wp,-D_GLIBCXX_ASSERTIONS -g -ffile-prefix-map=/build/guitar/src=/usr/src/debug/guitar -flto=auto -Wall -Wextra -dM -E -o moc_predefs.h /usr/lib/qt6/mkspecs/features/data/dummy.cpp
/usr/lib/qt6/moc -DUSE_QT -DAPP_GUITAR -DHAVE_POSIX_OPENPT -DQT_NO_DEBUG -DQT_WIDGETS_LIB -DQT_SVG_LIB -DQT_GUI_LIB -DQT_NETWORK_LIB -DQT_CORE_LIB --include /build/guitar/src/Guitar-1.4.0/moc_predefs.h -I/usr/lib/qt6/mkspecs/linux-g++ -I/build/guitar/src/Guitar-1.4.0 -I/build/guitar/src/Guitar-1.4.0/src -I/build/guitar/src/Guitar-1.4.0/src/common -I/build/guitar/src/Guitar-1.4.0/src/coloredit -I/build/guitar/src/Guitar-1.4.0/src/texteditor -I/build/guitar/src/Guitar-1.4.0/filetype/src -I/build/guitar/src/Guitar-1.4.0/subprojects/IncrementalSearchPlugin/src -I/usr/include/qt6 -I/usr/include/qt6/QtWidgets -I/usr/include/qt6/QtSvg -I/usr/include/qt6/QtGui -I/usr/include/qt6/QtNetwork -I/usr/include/qt6/QtCore -I/usr/include/c++/16 -I/usr/include/c++/16/x86_64-pc-linux-gnu -I/usr/include/c++/16/backward -I/usr/lib/gcc/x86_64-pc-linux-gnu/16/include -I/usr/local/include -I/usr/include src/AboutDialog.h -o moc_AboutDialog.cpp
/usr/lib/qt6/moc -DUSE_QT -DAPP_GUITAR -DHAVE_POSIX_OPENPT -DQT_NO_DEBUG -DQT_WIDGETS_LIB -DQT_SVG_LIB -DQT_GUI_LIB -DQT_NETWORK_LIB -DQT_CORE_LIB --include /build/guitar/src/Guitar-1.4.0/moc_predefs.h -I/usr/lib/qt6/mkspecs/linux-g++ -I/build/guitar/src/Guitar-1.4.0 -I/build/guitar/src/Guitar-1.4.0/src -I/build/guitar/src/Guitar-1.4.0/src/common -I/build/guitar/src/Guitar-1.4.0/src/coloredit -I/build/guitar/src/Guitar-1.4.0/src/texteditor -I/build/guitar/src/Guitar-1.4.0/filetype/src -I/build/guitar/src/Guitar-1.4.0/subprojects/IncrementalSearchPlugin/src -I/usr/include/qt6 -I/usr/include/qt6/QtWidgets -I/usr/include/qt6/QtSvg -I/usr/include/qt6/QtGui -I/usr/include/qt6/QtNetwork -I/usr/include/qt6/QtCore -I/usr/include/c++/16 -I/usr/include/c++/16/x86_64-pc-linux-gnu -I/usr/include/c++/16/backward -I/usr/lib/gcc/x86_64-pc-linux-gnu/16/include -I/usr/local/include -I/usr/include src/AbstractSettingForm.h -o moc_AbstractSettingForm.cpp
/usr/lib/qt6/moc -DUSE_QT -DAPP_GUITAR -DHAVE_POSIX_OPENPT -DQT_NO_DEBUG -DQT_WIDGETS_LIB -DQT_SVG_LIB -DQT_GUI_LIB -DQT_NETWORK_LIB -DQT_CORE_LIB --include /build/guitar/src/Guitar-1.4.0/moc_predefs.h -I/usr/lib/qt6/mkspecs/linux-g++ -I/build/guitar/src/Guitar-1.4.0 -I/build/guitar/src/Guitar-1.4.0/src -I/build/guitar/src/Guitar-1.4.0/src/common -I/build/guitar/src/Guitar-1.4.0/src/coloredit -I/build/guitar/src/Guitar-1.4.0/src/texteditor -I/build/guitar/src/Guitar-1.4.0/filetype/src -I/build/guitar/src/Guitar-1.4.0/subprojects/IncrementalSearchPlugin/src -I/usr/include/qt6 -I/usr/include/qt6/QtWidgets -I/usr/include/qt6/QtSvg -I/usr/include/qt6/QtGui -I/usr/include/qt6/QtNetwork -I/usr/include/qt6/QtCore -I/usr/include/c++/16 -I/usr/include/c++/16/x86_64-pc-linux-gnu -I/usr/include/c++/16/backward -I/usr/lib/gcc/x86_64-pc-linux-gnu/16/include -I/usr/local/include -I/usr/include src/AddRepositoriesCollectivelyDialog.h -o moc_AddRepositoriesCollectivelyDialog.cpp
/usr/lib/qt6/moc -DUSE_QT -DAPP_GUITAR -DHAVE_POSIX_OPENPT -DQT_NO_DEBUG -DQT_WIDGETS_LIB -DQT_SVG_LIB -DQT_GUI_LIB -DQT_NETWORK_LIB -DQT_CORE_LIB --include /build/guitar/src/Guitar-1.4.0/moc_predefs.h -I/usr/lib/qt6/mkspecs/linux-g++ -I/build/guitar/src/Guitar-1.4.0 -I/build/guitar/src/Guitar-1.4.0/src -I/build/guitar/src/Guitar-1.4.0/src/common -I/build/guitar/src/Guitar-1.4.0/src/coloredit -I/build/guitar/src/Guitar-1.4.0/src/texteditor -I/build/guitar/src/Guitar-1.4.0/filetype/src -I/build/guitar/src/Guitar-1.4.0/subprojects/IncrementalSearchPlugin/src -I/usr/include/qt6 -I/usr/include/qt6/QtWidgets -I/usr/include/qt6/QtSvg -I/usr/include/qt6/QtGui -I/usr/include/qt6/QtNetwork -I/usr/include/qt6/QtCore -I/usr/include/c++/16 -I/usr/include/c++/16/x86_64-pc-linux-gnu -I/usr/include/c++/16/backward -I/usr/lib/gcc/x86_64-pc-linux-gnu/16/include -I/usr/local/include -I/usr/include src/AddRepositoryDialog.h -o moc_AddRepositoryDialog.cpp
/usr/lib/qt6/moc -DUSE_QT -DAPP_GUITAR -DHAVE_POSIX_OPENPT -DQT_NO_DEBUG -DQT_WIDGETS_LIB -DQT_SVG_LIB -DQT_GUI_LIB -DQT_NETWORK_LIB -DQT_CORE_LIB --include /build/guitar/src/Guitar-1.4.0/moc_predefs.h -I/usr/lib/qt6/mkspecs/linux-g++ -I/build/guitar/src/Guitar-1.4.0 -I/build/guitar/src/Guitar-1.4.0/src -I/build/guitar/src/Guitar-1.4.0/src/common -I/build/guitar/src/Guitar-1.4.0/src/coloredit -I/build/guitar/src/Guitar-1.4.0/src/texteditor -I/build/guitar/src/Guitar-1.4.0/filetype/src -I/build/guitar/src/Guitar-1.4.0/subprojects/IncrementalSearchPlugin/src -I/usr/include/qt6 -I/usr/include/qt6/QtWidgets -I/usr/include/qt6/QtSvg -I/usr/include/qt6/QtGui -I/usr/include/qt6/QtNetwork -I/usr/include/qt6/QtCore -I/usr/include/c++/16 -I/usr/include/c++/16/x86_64-pc-linux-gnu -I/usr/include/c++/16/backward -I/usr/lib/gcc/x86_64-pc-linux-gnu/16/include -I/usr/local/include -I/usr/include src/AreYouSureYouWantToContinueConnectingDialog.h -o moc_AreYouSureYouWantToContinueConnectingDialog.cpp
/usr/lib/qt6/moc -DUSE_QT -DAPP_GUITAR -DHAVE_POSIX_OPENPT -DQT_NO_DEBUG -DQT_WIDGETS_LIB -DQT_SVG_LIB -DQT_GUI_LIB -DQT_NETWORK_LIB -DQT_CORE_LIB --include /build/guitar/src/Guitar-1.4.0/moc_predefs.h -I/usr/lib/qt6/mkspecs/linux-g++ -I/build/guitar/src/Guitar-1.4.0 -I/build/guitar/src/Guitar-1.4.0/src -I/build/guitar/src/Guitar-1.4.0/src/common -I/build/guitar/src/Guitar-1.4.0/src/coloredit -I/build/guitar/src/Guitar-1.4.0/src/texteditor -I/build/guitar/src/Guitar-1.4.0/filetype/src -I/build/guitar/src/Guitar-1.4.0/subprojects/IncrementalSearchPlugin/src -I/usr/include/qt6 -I/usr/include/qt6/QtWidgets -I/usr/include/qt6/QtSvg -I/usr/include/qt6/QtGui -I/usr/include/qt6/QtNetwork -I/usr/include/qt6/QtCore -I/usr/include/c++/16 -I/usr/include/c++/16/x86_64-pc-linux-gnu -I/usr/include/c++/16/backward -I/usr/lib/gcc/x86_64-pc-linux-gnu/16/include -I/usr/local/include -I/usr/include src/AvatarLoader.h -o moc_AvatarLoader.cpp
/usr/lib/qt6/moc -DUSE_QT -DAPP_GUITAR -DHAVE_POSIX_OPENPT -DQT_NO_DEBUG -DQT_WIDGETS_LIB -DQT_SVG_LIB -DQT_GUI_LIB -DQT_NETWORK_LIB -DQT_CORE_LIB --include /build/guitar/src/Guitar-1.4.0/moc_predefs.h -I/usr/lib/qt6/mkspecs/linux-g++ -I/build/guitar/src/Guitar-1.4.0 -I/build/guitar/src/Guitar-1.4.0/src -I/build/guitar/src/Guitar-1.4.0/src/common -I/build/guitar/src/Guitar-1.4.0/src/coloredit -I/build/guitar/src/Guitar-1.4.0/src/texteditor -I/build/guitar/src/Guitar-1.4.0/filetype/src -I/build/guitar/src/Guitar-1.4.0/subprojects/IncrementalSearchPlugin/src -I/usr/include/qt6 -I/usr/include/qt6/QtWidgets -I/usr/include/qt6/QtSvg -I/usr/include/qt6/QtGui -I/usr/include/qt6/QtNetwork -I/usr/include/qt6/QtCore -I/usr/include/c++/16 -I/usr/include/c++/16/x86_64-pc-linux-gnu -I/usr/include/c++/16/backward -I/usr/lib/gcc/x86_64-pc-linux-gnu/16/include -I/usr/local/include -I/usr/include src/BigDiffWindow.h -o moc_BigDiffWindow.cpp
/usr/lib/qt6/moc -DUSE_QT -DAPP_GUITAR -DHAVE_POSIX_OPENPT -DQT_NO_DEBUG -DQT_WIDGETS_LIB -DQT_SVG_LIB -DQT_GUI_LIB -DQT_NETWORK_LIB -DQT_CORE_LIB --include /build/guitar/src/Guitar-1.4.0/moc_predefs.h -I/usr/lib/qt6/mkspecs/linux-g++ -I/build/guitar/src/Guitar-1.4.0 -I/build/guitar/src/Guitar-1.4.0/src -I/build/guitar/src/Guitar-1.4.0/src/common -I/build/guitar/src/Guitar-1.4.0/src/coloredit -I/build/guitar/src/Guitar-1.4.0/src/texteditor -I/build/guitar/src/Guitar-1.4.0/filetype/src -I/build/guitar/src/Guitar-1.4.0/subprojects/IncrementalSearchPlugin/src -I/usr/include/qt6 -I/usr/include/qt6/QtWidgets -I/usr/include/qt6/QtSvg -I/usr/include/qt6/QtGui -I/usr/include/qt6/QtNetwork -I/usr/include/qt6/QtCore -I/usr/include/c++/16 -I/usr/include/c++/16/x86_64-pc-linux-gnu -I/usr/include/c++/16/backward -I/usr/lib/gcc/x86_64-pc-linux-gnu/16/include -I/usr/local/include -I/usr/include src/BlameWindow.h -o moc_BlameWindow.cpp
/usr/lib/qt6/moc -DUSE_QT -DAPP_GUITAR -DHAVE_POSIX_OPENPT -DQT_NO_DEBUG -DQT_WIDGETS_LIB -DQT_SVG_LIB -DQT_GUI_LIB -DQT_NETWORK_LIB -DQT_CORE_LIB --include /build/guitar/src/Guitar-1.4.0/moc_predefs.h -I/usr/lib/qt6/mkspecs/linux-g++ -I/build/guitar/src/Guitar-1.4.0 -I/build/guitar/src/Guitar-1.4.0/src -I/build/guitar/src/Guitar-1.4.0/src/common -I/build/guitar/src/Guitar-1.4.0/src/coloredit -I/build/guitar/src/Guitar-1.4.0/src/texteditor -I/build/guitar/src/Guitar-1.4.0/filetype/src -I/build/guitar/src/Guitar-1.4.0/subprojects/IncrementalSearchPlugin/src -I/usr/include/qt6 -I/usr/include/qt6/QtWidgets -I/usr/include/qt6/QtSvg -I/usr/include/qt6/QtGui -I/usr/include/qt6/QtNetwork -I/usr/include/qt6/QtCore -I/usr/include/c++/16 -I/usr/include/c++/16/x86_64-pc-linux-gnu -I/usr/include/c++/16/backward -I/usr/lib/gcc/x86_64-pc-linux-gnu/16/include -I/usr/local/include -I/usr/include src/CheckoutDialog.h -o moc_CheckoutDialog.cpp
/usr/lib/qt6/moc -DUSE_QT -DAPP_GUITAR -DHAVE_POSIX_OPENPT -DQT_NO_DEBUG -DQT_WIDGETS_LIB -DQT_SVG_LIB -DQT_GUI_LIB -DQT_NETWORK_LIB -DQT_CORE_LIB --include /build/guitar/src/Guitar-1.4.0/moc_predefs.h -I/usr/lib/qt6/mkspecs/linux-g++ -I/build/guitar/src/Guitar-1.4.0 -I/build/guitar/src/Guitar-1.4.0/src -I/build/guitar/src/Guitar-1.4.0/src/common -I/build/guitar/src/Guitar-1.4.0/src/coloredit -I/build/guitar/src/Guitar-1.4.0/src/texteditor -I/build/guitar/src/Guitar-1.4.0/filetype/src -I/build/guitar/src/Guitar-1.4.0/subprojects/IncrementalSearchPlugin/src -I/usr/include/qt6 -I/usr/include/qt6/QtWidgets -I/usr/include/qt6/QtSvg -I/usr/include/qt6/QtGui -I/usr/include/qt6/QtNetwork -I/usr/include/qt6/QtCore -I/usr/include/c++/16 -I/usr/include/c++/16/x86_64-pc-linux-gnu -I/usr/include/c++/16/backward -I/usr/lib/gcc/x86_64-pc-linux-gnu/16/include -I/usr/local/include -I/usr/include src/CherryPickDialog.h -o moc_CherryPickDialog.cpp
/usr/lib/qt6/moc -DUSE_QT -DAPP_GUITAR -DHAVE_POSIX_OPENPT -DQT_NO_DEBUG -DQT_WIDGETS_LIB -DQT_SVG_LIB -DQT_GUI_LIB -DQT_NETWORK_LIB -DQT_CORE_LIB --include /build/guitar/src/Guitar-1.4.0/moc_predefs.h -I/usr/lib/qt6/mkspecs/linux-g++ -I/build/guitar/src/Guitar-1.4.0 -I/build/guitar/src/Guitar-1.4.0/src -I/build/guitar/src/Guitar-1.4.0/src/common -I/build/guitar/src/Guitar-1.4.0/src/coloredit -I/build/guitar/src/Guitar-1.4.0/src/texteditor -I/build/guitar/src/Guitar-1.4.0/filetype/src -I/build/guitar/src/Guitar-1.4.0/subprojects/IncrementalSearchPlugin/src -I/usr/include/qt6 -I/usr/include/qt6/QtWidgets -I/usr/include/qt6/QtSvg -I/usr/include/qt6/QtGui -I/usr/include/qt6/QtNetwork -I/usr/include/qt6/QtCore -I/usr/include/c++/16 -I/usr/include/c++/16/x86_64-pc-linux-gnu -I/usr/include/c++/16/backward -I/usr/lib/gcc/x86_64-pc-linux-gnu/16/include -I/usr/local/include -I/usr/include src/CleanSubModuleDialog.h -o moc_CleanSubModuleDialog.cpp
/usr/lib/qt6/moc -DUSE_QT -DAPP_GUITAR -DHAVE_POSIX_OPENPT -DQT_NO_DEBUG -DQT_WIDGETS_LIB -DQT_SVG_LIB -DQT_GUI_LIB -DQT_NETWORK_LIB -DQT_CORE_LIB --include /build/guitar/src/Guitar-1.4.0/moc_predefs.h -I/usr/lib/qt6/mkspecs/linux-g++ -I/build/guitar/src/Guitar-1.4.0 -I/build/guitar/src/Guitar-1.4.0/src -I/build/guitar/src/Guitar-1.4.0/src/common -I/build/guitar/src/Guitar-1.4.0/src/coloredit -I/build/guitar/src/Guitar-1.4.0/src/texteditor -I/build/guitar/src/Guitar-1.4.0/filetype/src -I/build/guitar/src/Guitar-1.4.0/subprojects/IncrementalSearchPlugin/src -I/usr/include/qt6 -I/usr/include/qt6/QtWidgets -I/usr/include/qt6/QtSvg -I/usr/include/qt6/QtGui -I/usr/include/qt6/QtNetwork -I/usr/include/qt6/QtCore -I/usr/include/c++/16 -I/usr/include/c++/16/x86_64-pc-linux-gnu -I/usr/include/c++/16/backward -I/usr/lib/gcc/x86_64-pc-linux-gnu/16/include -I/usr/local/include -I/usr/include src/ClearButton.h -o moc_ClearButton.cpp
/usr/lib/qt6/moc -DUSE_QT -DAPP_GUITAR -DHAVE_POSIX_OPENPT -DQT_NO_DEBUG -DQT_WIDGETS_LIB -DQT_SVG_LIB -DQT_GUI_LIB -DQT_NETWORK_LIB -DQT_CORE_LIB --include /build/guitar/src/Guitar-1.4.0/moc_predefs.h -I/usr/lib/qt6/mkspecs/linux-g++ -I/build/guitar/src/Guitar-1.4.0 -I/build/guitar/src/Guitar-1.4.0/src -I/build/guitar/src/Guitar-1.4.0/src/common -I/build/guitar/src/Guitar-1.4.0/src/coloredit -I/build/guitar/src/Guitar-1.4.0/src/texteditor -I/build/guitar/src/Guitar-1.4.0/filetype/src -I/build/guitar/src/Guitar-1.4.0/subprojects/IncrementalSearchPlugin/src -I/usr/include/qt6 -I/usr/include/qt6/QtWidgets -I/usr/include/qt6/QtSvg -I/usr/include/qt6/QtGui -I/usr/include/qt6/QtNetwork -I/usr/include/qt6/QtCore -I/usr/include/c++/16 -I/usr/include/c++/16/x86_64-pc-linux-gnu -I/usr/include/c++/16/backward -I/usr/lib/gcc/x86_64-pc-linux-gnu/16/include -I/usr/local/include -I/usr/include src/CloneFromGitHubDialog.h -o moc_CloneFromGitHubDialog.cpp
/usr/lib/qt6/moc -DUSE_QT -DAPP_GUITAR -DHAVE_POSIX_OPENPT -DQT_NO_DEBUG -DQT_WIDGETS_LIB -DQT_SVG_LIB -DQT_GUI_LIB -DQT_NETWORK_LIB -DQT_CORE_LIB --include /build/guitar/src/Guitar-1.4.0/moc_predefs.h -I/usr/lib/qt6/mkspecs/linux-g++ -I/build/guitar/src/Guitar-1.4.0 -I/build/guitar/src/Guitar-1.4.0/src -I/build/guitar/src/Guitar-1.4.0/src/common -I/build/guitar/src/Guitar-1.4.0/src/coloredit -I/build/guitar/src/Guitar-1.4.0/src/texteditor -I/build/guitar/src/Guitar-1.4.0/filetype/src -I/build/guitar/src/Guitar-1.4.0/subprojects/IncrementalSearchPlugin/src -I/usr/include/qt6 -I/usr/include/qt6/QtWidgets -I/usr/include/qt6/QtSvg -I/usr/include/qt6/QtGui -I/usr/include/qt6/QtNetwork -I/usr/include/qt6/QtCore -I/usr/include/c++/16 -I/usr/include/c++/16/x86_64-pc-linux-gnu -I/usr/include/c++/16/backward -I/usr/lib/gcc/x86_64-pc-linux-gnu/16/include -I/usr/local/include -I/usr/include src/ColorButton.h -o moc_ColorButton.cpp
/usr/lib/qt6/moc -DUSE_QT -DAPP_GUITAR -DHAVE_POSIX_OPENPT -DQT_NO_DEBUG -DQT_WIDGETS_LIB -DQT_SVG_LIB -DQT_GUI_LIB -DQT_NETWORK_LIB -DQT_CORE_LIB --include /build/guitar/src/Guitar-1.4.0/moc_predefs.h -I/usr/lib/qt6/mkspecs/linux-g++ -I/build/guitar/src/Guitar-1.4.0 -I/build/guitar/src/Guitar-1.4.0/src -I/build/guitar/src/Guitar-1.4.0/src/common -I/build/guitar/src/Guitar-1.4.0/src/coloredit -I/build/guitar/src/Guitar-1.4.0/src/texteditor -I/build/guitar/src/Guitar-1.4.0/filetype/src -I/build/guitar/src/Guitar-1.4.0/subprojects/IncrementalSearchPlugin/src -I/usr/include/qt6 -I/usr/include/qt6/QtWidgets -I/usr/include/qt6/QtSvg -I/usr/include/qt6/QtGui -I/usr/include/qt6/QtNetwork -I/usr/include/qt6/QtCore -I/usr/include/c++/16 -I/usr/include/c++/16/x86_64-pc-linux-gnu -I/usr/include/c++/16/backward -I/usr/lib/gcc/x86_64-pc-linux-gnu/16/include -I/usr/local/include -I/usr/include src/CommitDetailGetter.h -o moc_CommitDetailGetter.cpp
/usr/lib/qt6/moc -DUSE_QT -DAPP_GUITAR -DHAVE_POSIX_OPENPT -DQT_NO_DEBUG -DQT_WIDGETS_LIB -DQT_SVG_LIB -DQT_GUI_LIB -DQT_NETWORK_LIB -DQT_CORE_LIB --include /build/guitar/src/Guitar-1.4.0/moc_predefs.h -I/usr/lib/qt6/mkspecs/linux-g++ -I/build/guitar/src/Guitar-1.4.0 -I/build/guitar/src/Guitar-1.4.0/src -I/build/guitar/src/Guitar-1.4.0/src/common -I/build/guitar/src/Guitar-1.4.0/src/coloredit -I/build/guitar/src/Guitar-1.4.0/src/texteditor -I/build/guitar/src/Guitar-1.4.0/filetype/src -I/build/guitar/src/Guitar-1.4.0/subprojects/IncrementalSearchPlugin/src -I/usr/include/qt6 -I/usr/include/qt6/QtWidgets -I/usr/include/qt6/QtSvg -I/usr/include/qt6/QtGui -I/usr/include/qt6/QtNetwork -I/usr/include/qt6/QtCore -I/usr/include/c++/16 -I/usr/include/c++/16/x86_64-pc-linux-gnu -I/usr/include/c++/16/backward -I/usr/lib/gcc/x86_64-pc-linux-gnu/16/include -I/usr/local/include -I/usr/include src/CommitDialog.h -o moc_CommitDialog.cpp
/usr/lib/qt6/moc -DUSE_QT -DAPP_GUITAR -DHAVE_POSIX_OPENPT -DQT_NO_DEBUG -DQT_WIDGETS_LIB -DQT_SVG_LIB -DQT_GUI_LIB -DQT_NETWORK_LIB -DQT_CORE_LIB --include /build/guitar/src/Guitar-1.4.0/moc_predefs.h -I/usr/lib/qt6/mkspecs/linux-g++ -I/build/guitar/src/Guitar-1.4.0 -I/build/guitar/src/Guitar-1.4.0/src -I/build/guitar/src/Guitar-1.4.0/src/common -I/build/guitar/src/Guitar-1.4.0/src/coloredit -I/build/guitar/src/Guitar-1.4.0/src/texteditor -I/build/guitar/src/Guitar-1.4.0/filetype/src -I/build/guitar/src/Guitar-1.4.0/subprojects/IncrementalSearchPlugin/src -I/usr/include/qt6 -I/usr/include/qt6/QtWidgets -I/usr/include/qt6/QtSvg -I/usr/include/qt6/QtGui -I/usr/include/qt6/QtNetwork -I/usr/include/qt6/QtCore -I/usr/include/c++/16 -I/usr/include/c++/16/x86_64-pc-linux-gnu -I/usr/include/c++/16/backward -I/usr/lib/gcc/x86_64-pc-linux-gnu/16/include -I/usr/local/include -I/usr/include src/CommitExploreWindow.h -o moc_CommitExploreWindow.cpp
/usr/lib/qt6/moc -DUSE_QT -DAPP_GUITAR -DHAVE_POSIX_OPENPT -DQT_NO_DEBUG -DQT_WIDGETS_LIB -DQT_SVG_LIB -DQT_GUI_LIB -DQT_NETWORK_LIB -DQT_CORE_LIB --include /build/guitar/src/Guitar-1.4.0/moc_predefs.h -I/usr/lib/qt6/mkspecs/linux-g++ -I/build/guitar/src/Guitar-1.4.0 -I/build/guitar/src/Guitar-1.4.0/src -I/build/guitar/src/Guitar-1.4.0/src/common -I/build/guitar/src/Guitar-1.4.0/src/coloredit -I/build/guitar/src/Guitar-1.4.0/src/texteditor -I/build/guitar/src/Guitar-1.4.0/filetype/src -I/build/guitar/src/Guitar-1.4.0/subprojects/IncrementalSearchPlugin/src -I/usr/include/qt6 -I/usr/include/qt6/QtWidgets -I/usr/include/qt6/QtSvg -I/usr/include/qt6/QtGui -I/usr/include/qt6/QtNetwork -I/usr/include/qt6/QtCore -I/usr/include/c++/16 -I/usr/include/c++/16/x86_64-pc-linux-gnu -I/usr/include/c++/16/backward -I/usr/lib/gcc/x86_64-pc-linux-gnu/16/include -I/usr/local/include -I/usr/include src/CommitLogTableWidget.h -o moc_CommitLogTableWidget.cpp
/usr/lib/qt6/moc -DUSE_QT -DAPP_GUITAR -DHAVE_POSIX_OPENPT -DQT_NO_DEBUG -DQT_WIDGETS_LIB -DQT_SVG_LIB -DQT_GUI_LIB -DQT_NETWORK_LIB -DQT_CORE_LIB --include /build/guitar/src/Guitar-1.4.0/moc_predefs.h -I/usr/lib/qt6/mkspecs/linux-g++ -I/build/guitar/src/Guitar-1.4.0 -I/build/guitar/src/Guitar-1.4.0/src -I/build/guitar/src/Guitar-1.4.0/src/common -I/build/guitar/src/Guitar-1.4.0/src/coloredit -I/build/guitar/src/Guitar-1.4.0/src/texteditor -I/build/guitar/src/Guitar-1.4.0/filetype/src -I/build/guitar/src/Guitar-1.4.0/subprojects/IncrementalSearchPlugin/src -I/usr/include/qt6 -I/usr/include/qt6/QtWidgets -I/usr/include/qt6/QtSvg -I/usr/include/qt6/QtGui -I/usr/include/qt6/QtNetwork -I/usr/include/qt6/QtCore -I/usr/include/c++/16 -I/usr/include/c++/16/x86_64-pc-linux-gnu -I/usr/include/c++/16/backward -I/usr/lib/gcc/x86_64-pc-linux-gnu/16/include -I/usr/local/include -I/usr/include src/CommitPropertyDialog.h -o moc_CommitPropertyDialog.cpp
/usr/lib/qt6/moc -DUSE_QT -DAPP_GUITAR -DHAVE_POSIX_OPENPT -DQT_NO_DEBUG -DQT_WIDGETS_LIB -DQT_SVG_LIB -DQT_GUI_LIB -DQT_NETWORK_LIB -DQT_CORE_LIB --include /build/guitar/src/Guitar-1.4.0/moc_predefs.h -I/usr/lib/qt6/mkspecs/linux-g++ -I/build/guitar/src/Guitar-1.4.0 -I/build/guitar/src/Guitar-1.4.0/src -I/build/guitar/src/Guitar-1.4.0/src/common -I/build/guitar/src/Guitar-1.4.0/src/coloredit -I/build/guitar/src/Guitar-1.4.0/src/texteditor -I/build/guitar/src/Guitar-1.4.0/filetype/src -I/build/guitar/src/Guitar-1.4.0/subprojects/IncrementalSearchPlugin/src -I/usr/include/qt6 -I/usr/include/qt6/QtWidgets -I/usr/include/qt6/QtSvg -I/usr/include/qt6/QtGui -I/usr/include/qt6/QtNetwork -I/usr/include/qt6/QtCore -I/usr/include/c++/16 -I/usr/include/c++/16/x86_64-pc-linux-gnu -I/usr/include/c++/16/backward -I/usr/lib/gcc/x86_64-pc-linux-gnu/16/include -I/usr/local/include -I/usr/include src/CommitViewWindow.h -o moc_CommitViewWindow.cpp
/usr/lib/qt6/moc -DUSE_QT -DAPP_GUITAR -DHAVE_POSIX_OPENPT -DQT_NO_DEBUG -DQT_WIDGETS_LIB -DQT_SVG_LIB -DQT_GUI_LIB -DQT_NETWORK_LIB -DQT_CORE_LIB --include /build/guitar/src/Guitar-1.4.0/moc_predefs.h -I/usr/lib/qt6/mkspecs/linux-g++ -I/build/guitar/src/Guitar-1.4.0 -I/build/guitar/src/Guitar-1.4.0/src -I/build/guitar/src/Guitar-1.4.0/src/common -I/build/guitar/src/Guitar-1.4.0/src/coloredit -I/build/guitar/src/Guitar-1.4.0/src/texteditor -I/build/guitar/src/Guitar-1.4.0/filetype/src -I/build/guitar/src/Guitar-1.4.0/subprojects/IncrementalSearchPlugin/src -I/usr/include/qt6 -I/usr/include/qt6/QtWidgets -I/usr/include/qt6/QtSvg -I/usr/include/qt6/QtGui -I/usr/include/qt6/QtNetwork -I/usr/include/qt6/QtCore -I/usr/include/c++/16 -I/usr/include/c++/16/x86_64-pc-linux-gnu -I/usr/include/c++/16/backward -I/usr/lib/gcc/x86_64-pc-linux-gnu/16/include -I/usr/local/include -I/usr/include src/ConfigCredentialHelperDialog.h -o moc_ConfigCredentialHelperDialog.cpp
/usr/lib/qt6/moc -DUSE_QT -DAPP_GUITAR -DHAVE_POSIX_OPENPT -DQT_NO_DEBUG -DQT_WIDGETS_LIB -DQT_SVG_LIB -DQT_GUI_LIB -DQT_NETWORK_LIB -DQT_CORE_LIB --include /build/guitar/src/Guitar-1.4.0/moc_predefs.h -I/usr/lib/qt6/mkspecs/linux-g++ -I/build/guitar/src/Guitar-1.4.0 -I/build/guitar/src/Guitar-1.4.0/src -I/build/guitar/src/Guitar-1.4.0/src/common -I/build/guitar/src/Guitar-1.4.0/src/coloredit -I/build/guitar/src/Guitar-1.4.0/src/texteditor -I/build/guitar/src/Guitar-1.4.0/filetype/src -I/build/guitar/src/Guitar-1.4.0/subprojects/IncrementalSearchPlugin/src -I/usr/include/qt6 -I/usr/include/qt6/QtWidgets -I/usr/include/qt6/QtSvg -I/usr/include/qt6/QtGui -I/usr/include/qt6/QtNetwork -I/usr/include/qt6/QtCore -I/usr/include/c++/16 -I/usr/include/c++/16/x86_64-pc-linux-gnu -I/usr/include/c++/16/backward -I/usr/lib/gcc/x86_64-pc-linux-gnu/16/include -I/usr/local/include -I/usr/include src/ConfigSigningDialog.h -o moc_ConfigSigningDialog.cpp
/usr/lib/qt6/moc -DUSE_QT -DAPP_GUITAR -DHAVE_POSIX_OPENPT -DQT_NO_DEBUG -DQT_WIDGETS_LIB -DQT_SVG_LIB -DQT_GUI_LIB -DQT_NETWORK_LIB -DQT_CORE_LIB --include /build/guitar/src/Guitar-1.4.0/moc_predefs.h -I/usr/lib/qt6/mkspecs/linux-g++ -I/build/guitar/src/Guitar-1.4.0 -I/build/guitar/src/Guitar-1.4.0/src -I/build/guitar/src/Guitar-1.4.0/src/common -I/build/guitar/src/Guitar-1.4.0/src/coloredit -I/build/guitar/src/Guitar-1.4.0/src/texteditor -I/build/guitar/src/Guitar-1.4.0/filetype/src -I/build/guitar/src/Guitar-1.4.0/subprojects/IncrementalSearchPlugin/src -I/usr/include/qt6 -I/usr/include/qt6/QtWidgets -I/usr/include/qt6/QtSvg -I/usr/include/qt6/QtGui -I/usr/include/qt6/QtNetwork -I/usr/include/qt6/QtCore -I/usr/include/c++/16 -I/usr/include/c++/16/x86_64-pc-linux-gnu -I/usr/include/c++/16/backward -I/usr/lib/gcc/x86_64-pc-linux-gnu/16/include -I/usr/local/include -I/usr/include src/ConfigUserDialog.h -o moc_ConfigUserDialog.cpp
/usr/lib/qt6/moc -DUSE_QT -DAPP_GUITAR -DHAVE_POSIX_OPENPT -DQT_NO_DEBUG -DQT_WIDGETS_LIB -DQT_SVG_LIB -DQT_GUI_LIB -DQT_NETWORK_LIB -DQT_CORE_LIB --include /build/guitar/src/Guitar-1.4.0/moc_predefs.h -I/usr/lib/qt6/mkspecs/linux-g++ -I/build/guitar/src/Guitar-1.4.0 -I/build/guitar/src/Guitar-1.4.0/src -I/build/guitar/src/Guitar-1.4.0/src/common -I/build/guitar/src/Guitar-1.4.0/src/coloredit -I/build/guitar/src/Guitar-1.4.0/src/texteditor -I/build/guitar/src/Guitar-1.4.0/filetype/src -I/build/guitar/src/Guitar-1.4.0/subprojects/IncrementalSearchPlugin/src -I/usr/include/qt6 -I/usr/include/qt6/QtWidgets -I/usr/include/qt6/QtSvg -I/usr/include/qt6/QtGui -I/usr/include/qt6/QtNetwork -I/usr/include/qt6/QtCore -I/usr/include/c++/16 -I/usr/include/c++/16/x86_64-pc-linux-gnu -I/usr/include/c++/16/backward -I/usr/lib/gcc/x86_64-pc-linux-gnu/16/include -I/usr/local/include -I/usr/include src/CreateRepositoryDialog.h -o moc_CreateRepositoryDialog.cpp
/usr/lib/qt6/moc -DUSE_QT -DAPP_GUITAR -DHAVE_POSIX_OPENPT -DQT_NO_DEBUG -DQT_WIDGETS_LIB -DQT_SVG_LIB -DQT_GUI_LIB -DQT_NETWORK_LIB -DQT_CORE_LIB --include /build/guitar/src/Guitar-1.4.0/moc_predefs.h -I/usr/lib/qt6/mkspecs/linux-g++ -I/build/guitar/src/Guitar-1.4.0 -I/build/guitar/src/Guitar-1.4.0/src -I/build/guitar/src/Guitar-1.4.0/src/common -I/build/guitar/src/Guitar-1.4.0/src/coloredit -I/build/guitar/src/Guitar-1.4.0/src/texteditor -I/build/guitar/src/Guitar-1.4.0/filetype/src -I/build/guitar/src/Guitar-1.4.0/subprojects/IncrementalSearchPlugin/src -I/usr/include/qt6 -I/usr/include/qt6/QtWidgets -I/usr/include/qt6/QtSvg -I/usr/include/qt6/QtGui -I/usr/include/qt6/QtNetwork -I/usr/include/qt6/QtCore -I/usr/include/c++/16 -I/usr/include/c++/16/x86_64-pc-linux-gnu -I/usr/include/c++/16/backward -I/usr/lib/gcc/x86_64-pc-linux-gnu/16/include -I/usr/local/include -I/usr/include src/DeleteBranchDialog.h -o moc_DeleteBranchDialog.cpp
/usr/lib/qt6/moc -DUSE_QT -DAPP_GUITAR -DHAVE_POSIX_OPENPT -DQT_NO_DEBUG -DQT_WIDGETS_LIB -DQT_SVG_LIB -DQT_GUI_LIB -DQT_NETWORK_LIB -DQT_CORE_LIB --include /build/guitar/src/Guitar-1.4.0/moc_predefs.h -I/usr/lib/qt6/mkspecs/linux-g++ -I/build/guitar/src/Guitar-1.4.0 -I/build/guitar/src/Guitar-1.4.0/src -I/build/guitar/src/Guitar-1.4.0/src/common -I/build/guitar/src/Guitar-1.4.0/src/coloredit -I/build/guitar/src/Guitar-1.4.0/src/texteditor -I/build/guitar/src/Guitar-1.4.0/filetype/src -I/build/guitar/src/Guitar-1.4.0/subprojects/IncrementalSearchPlugin/src -I/usr/include/qt6 -I/usr/include/qt6/QtWidgets -I/usr/include/qt6/QtSvg -I/usr/include/qt6/QtGui -I/usr/include/qt6/QtNetwork -I/usr/include/qt6/QtCore -I/usr/include/c++/16 -I/usr/include/c++/16/x86_64-pc-linux-gnu -I/usr/include/c++/16/backward -I/usr/lib/gcc/x86_64-pc-linux-gnu/16/include -I/usr/local/include -I/usr/include src/DeleteTagsDialog.h -o moc_DeleteTagsDialog.cpp
/usr/lib/qt6/moc -DUSE_QT -DAPP_GUITAR -DHAVE_POSIX_OPENPT -DQT_NO_DEBUG -DQT_WIDGETS_LIB -DQT_SVG_LIB -DQT_GUI_LIB -DQT_NETWORK_LIB -DQT_CORE_LIB --include /build/guitar/src/Guitar-1.4.0/moc_predefs.h -I/usr/lib/qt6/mkspecs/linux-g++ -I/build/guitar/src/Guitar-1.4.0 -I/build/guitar/src/Guitar-1.4.0/src -I/build/guitar/src/Guitar-1.4.0/src/common -I/build/guitar/src/Guitar-1.4.0/src/coloredit -I/build/guitar/src/Guitar-1.4.0/src/texteditor -I/build/guitar/src/Guitar-1.4.0/filetype/src -I/build/guitar/src/Guitar-1.4.0/subprojects/IncrementalSearchPlugin/src -I/usr/include/qt6 -I/usr/include/qt6/QtWidgets -I/usr/include/qt6/QtSvg -I/usr/include/qt6/QtGui -I/usr/include/qt6/QtNetwork -I/usr/include/qt6/QtCore -I/usr/include/c++/16 -I/usr/include/c++/16/x86_64-pc-linux-gnu -I/usr/include/c++/16/backward -I/usr/lib/gcc/x86_64-pc-linux-gnu/16/include -I/usr/local/include -I/usr/include src/DialogHeaderFrame.h -o moc_DialogHeaderFrame.cpp
/usr/lib/qt6/moc -DUSE_QT -DAPP_GUITAR -DHAVE_POSIX_OPENPT -DQT_NO_DEBUG -DQT_WIDGETS_LIB -DQT_SVG_LIB -DQT_GUI_LIB -DQT_NETWORK_LIB -DQT_CORE_LIB --include /build/guitar/src/Guitar-1.4.0/moc_predefs.h -I/usr/lib/qt6/mkspecs/linux-g++ -I/build/guitar/src/Guitar-1.4.0 -I/build/guitar/src/Guitar-1.4.0/src -I/build/guitar/src/Guitar-1.4.0/src/common -I/build/guitar/src/Guitar-1.4.0/src/coloredit -I/build/guitar/src/Guitar-1.4.0/src/texteditor -I/build/guitar/src/Guitar-1.4.0/filetype/src -I/build/guitar/src/Guitar-1.4.0/subprojects/IncrementalSearchPlugin/src -I/usr/include/qt6 -I/usr/include/qt6/QtWidgets -I/usr/include/qt6/QtSvg -I/usr/include/qt6/QtGui -I/usr/include/qt6/QtNetwork -I/usr/include/qt6/QtCore -I/usr/include/c++/16 -I/usr/include/c++/16/x86_64-pc-linux-gnu -I/usr/include/c++/16/backward -I/usr/lib/gcc/x86_64-pc-linux-gnu/16/include -I/usr/local/include -I/usr/include src/DoYouWantToInitDialog.h -o moc_DoYouWantToInitDialog.cpp
/usr/lib/qt6/moc -DUSE_QT -DAPP_GUITAR -DHAVE_POSIX_OPENPT -DQT_NO_DEBUG -DQT_WIDGETS_LIB -DQT_SVG_LIB -DQT_GUI_LIB -DQT_NETWORK_LIB -DQT_CORE_LIB --include /build/guitar/src/Guitar-1.4.0/moc_predefs.h -I/usr/lib/qt6/mkspecs/linux-g++ -I/build/guitar/src/Guitar-1.4.0 -I/build/guitar/src/Guitar-1.4.0/src -I/build/guitar/src/Guitar-1.4.0/src/common -I/build/guitar/src/Guitar-1.4.0/src/coloredit -I/build/guitar/src/Guitar-1.4.0/src/texteditor -I/build/guitar/src/Guitar-1.4.0/filetype/src -I/build/guitar/src/Guitar-1.4.0/subprojects/IncrementalSearchPlugin/src -I/usr/include/qt6 -I/usr/include/qt6/QtWidgets -I/usr/include/qt6/QtSvg -I/usr/include/qt6/QtGui -I/usr/include/qt6/QtNetwork -I/usr/include/qt6/QtCore -I/usr/include/c++/16 -I/usr/include/c++/16/x86_64-pc-linux-gnu -I/usr/include/c++/16/backward -I/usr/lib/gcc/x86_64-pc-linux-gnu/16/include -I/usr/local/include -I/usr/include src/DropDownListFrame.h -o moc_DropDownListFrame.cpp
/usr/lib/qt6/moc -DUSE_QT -DAPP_GUITAR -DHAVE_POSIX_OPENPT -DQT_NO_DEBUG -DQT_WIDGETS_LIB -DQT_SVG_LIB -DQT_GUI_LIB -DQT_NETWORK_LIB -DQT_CORE_LIB --include /build/guitar/src/Guitar-1.4.0/moc_predefs.h -I/usr/lib/qt6/mkspecs/linux-g++ -I/build/guitar/src/Guitar-1.4.0 -I/build/guitar/src/Guitar-1.4.0/src -I/build/guitar/src/Guitar-1.4.0/src/common -I/build/guitar/src/Guitar-1.4.0/src/coloredit -I/build/guitar/src/Guitar-1.4.0/src/texteditor -I/build/guitar/src/Guitar-1.4.0/filetype/src -I/build/guitar/src/Guitar-1.4.0/subprojects/IncrementalSearchPlugin/src -I/usr/include/qt6 -I/usr/include/qt6/QtWidgets -I/usr/include/qt6/QtSvg -I/usr/include/qt6/QtGui -I/usr/include/qt6/QtNetwork -I/usr/include/qt6/QtCore -I/usr/include/c++/16 -I/usr/include/c++/16/x86_64-pc-linux-gnu -I/usr/include/c++/16/backward -I/usr/lib/gcc/x86_64-pc-linux-gnu/16/include -I/usr/local/include -I/usr/include src/EditGitIgnoreDialog.h -o moc_EditGitIgnoreDialog.cpp
/usr/lib/qt6/moc -DUSE_QT -DAPP_GUITAR -DHAVE_POSIX_OPENPT -DQT_NO_DEBUG -DQT_WIDGETS_LIB -DQT_SVG_LIB -DQT_GUI_LIB -DQT_NETWORK_LIB -DQT_CORE_LIB --include /build/guitar/src/Guitar-1.4.0/moc_predefs.h -I/usr/lib/qt6/mkspecs/linux-g++ -I/build/guitar/src/Guitar-1.4.0 -I/build/guitar/src/Guitar-1.4.0/src -I/build/guitar/src/Guitar-1.4.0/src/common -I/build/guitar/src/Guitar-1.4.0/src/coloredit -I/build/guitar/src/Guitar-1.4.0/src/texteditor -I/build/guitar/src/Guitar-1.4.0/filetype/src -I/build/guitar/src/Guitar-1.4.0/subprojects/IncrementalSearchPlugin/src -I/usr/include/qt6 -I/usr/include/qt6/QtWidgets -I/usr/include/qt6/QtSvg -I/usr/include/qt6/QtGui -I/usr/include/qt6/QtNetwork -I/usr/include/qt6/QtCore -I/usr/include/c++/16 -I/usr/include/c++/16/x86_64-pc-linux-gnu -I/usr/include/c++/16/backward -I/usr/lib/gcc/x86_64-pc-linux-gnu/16/include -I/usr/local/include -I/usr/include src/EditProfilesDialog.h -o moc_EditProfilesDialog.cpp
/usr/lib/qt6/moc -DUSE_QT -DAPP_GUITAR -DHAVE_POSIX_OPENPT -DQT_NO_DEBUG -DQT_WIDGETS_LIB -DQT_SVG_LIB -DQT_GUI_LIB -DQT_NETWORK_LIB -DQT_CORE_LIB --include /build/guitar/src/Guitar-1.4.0/moc_predefs.h -I/usr/lib/qt6/mkspecs/linux-g++ -I/build/guitar/src/Guitar-1.4.0 -I/build/guitar/src/Guitar-1.4.0/src -I/build/guitar/src/Guitar-1.4.0/src/common -I/build/guitar/src/Guitar-1.4.0/src/coloredit -I/build/guitar/src/Guitar-1.4.0/src/texteditor -I/build/guitar/src/Guitar-1.4.0/filetype/src -I/build/guitar/src/Guitar-1.4.0/subprojects/IncrementalSearchPlugin/src -I/usr/include/qt6 -I/usr/include/qt6/QtWidgets -I/usr/include/qt6/QtSvg -I/usr/include/qt6/QtGui -I/usr/include/qt6/QtNetwork -I/usr/include/qt6/QtCore -I/usr/include/c++/16 -I/usr/include/c++/16/x86_64-pc-linux-gnu -I/usr/include/c++/16/backward -I/usr/lib/gcc/x86_64-pc-linux-gnu/16/include -I/usr/local/include -I/usr/include src/EditRemoteDialog.h -o moc_EditRemoteDialog.cpp
src/process/ProcessPosix.cpp: In member function ‘virtual void ProcessPosix::writeInput(const char*, int)’:
src/process/ProcessPosix.cpp:194:16: warning: ignoring return value of ‘ssize_t write(int, const void*, size_t)’ declared with attribute ‘warn_unused_result’ [-Wunused-result]
  194 |         ::write(m->input_fd, ptr, len);
      |         ~~~~~~~^~~~~~~~~~~~~~~~~~~~~~~
src/process/ProcessPosix.cpp: In member function ‘virtual void ProcessPosixPty::writeInput(const char*, int)’:
src/process/ProcessPosix.cpp:383:24: warning: ignoring return value of ‘ssize_t write(int, const void*, size_t)’ declared with attribute ‘warn_unused_result’ [-Wunused-result]
  383 |                 ::write(fd, ptr, len);
      |                 ~~~~~~~^~~~~~~~~~~~~~
src/process/ProcessPosix.cpp: In member function ‘void ProcessPosixPty::closeInput()’:
src/process/ProcessPosix.cpp:396:24: warning: ignoring return value of ‘ssize_t write(int, const void*, size_t)’ declared with attribute ‘warn_unused_result’ [-Wunused-result]
  396 |                 ::write(fd, &eof_char, 1);
      |                 ~~~~~~~^~~~~~~~~~~~~~~~~~
/usr/lib/qt6/moc -DUSE_QT -DAPP_GUITAR -DHAVE_POSIX_OPENPT -DQT_NO_DEBUG -DQT_WIDGETS_LIB -DQT_SVG_LIB -DQT_GUI_LIB -DQT_NETWORK_LIB -DQT_CORE_LIB --include /build/guitar/src/Guitar-1.4.0/moc_predefs.h -I/usr/lib/qt6/mkspecs/linux-g++ -I/build/guitar/src/Guitar-1.4.0 -I/build/guitar/src/Guitar-1.4.0/src -I/build/guitar/src/Guitar-1.4.0/src/common -I/build/guitar/src/Guitar-1.4.0/src/coloredit -I/build/guitar/src/Guitar-1.4.0/src/texteditor -I/build/guitar/src/Guitar-1.4.0/filetype/src -I/build/guitar/src/Guitar-1.4.0/subprojects/IncrementalSearchPlugin/src -I/usr/include/qt6 -I/usr/include/qt6/QtWidgets -I/usr/include/qt6/QtSvg -I/usr/include/qt6/QtGui -I/usr/include/qt6/QtNetwork -I/usr/include/qt6/QtCore -I/usr/include/c++/16 -I/usr/include/c++/16/x86_64-pc-linux-gnu -I/usr/include/c++/16/backward -I/usr/lib/gcc/x86_64-pc-linux-gnu/16/include -I/usr/local/include -I/usr/include src/EditTagsDialog.h -o moc_EditTagsDialog.cpp
/usr/lib/qt6/moc -DUSE_QT -DAPP_GUITAR -DHAVE_POSIX_OPENPT -DQT_NO_DEBUG -DQT_WIDGETS_LIB -DQT_SVG_LIB -DQT_GUI_LIB -DQT_NETWORK_LIB -DQT_CORE_LIB --include /build/guitar/src/Guitar-1.4.0/moc_predefs.h -I/usr/lib/qt6/mkspecs/linux-g++ -I/build/guitar/src/Guitar-1.4.0 -I/build/guitar/src/Guitar-1.4.0/src -I/build/guitar/src/Guitar-1.4.0/src/common -I/build/guitar/src/Guitar-1.4.0/src/coloredit -I/build/guitar/src/Guitar-1.4.0/src/texteditor -I/build/guitar/src/Guitar-1.4.0/filetype/src -I/build/guitar/src/Guitar-1.4.0/subprojects/IncrementalSearchPlugin/src -I/usr/include/qt6 -I/usr/include/qt6/QtWidgets -I/usr/include/qt6/QtSvg -I/usr/include/qt6/QtGui -I/usr/include/qt6/QtNetwork -I/usr/include/qt6/QtCore -I/usr/include/c++/16 -I/usr/include/c++/16/x86_64-pc-linux-gnu -I/usr/include/c++/16/backward -I/usr/lib/gcc/x86_64-pc-linux-gnu/16/include -I/usr/local/include -I/usr/include src/ExperimentDialog.h -o moc_ExperimentDialog.cpp
src/zip/zip.cpp: In static member function ‘static bool zip::Zip::extract_from_data(const char*, size_t, const std::string&)’:
src/zip/zip.cpp:65:38: warning: ignoring return value of ‘ssize_t write(int, const void*, size_t)’ declared with attribute ‘warn_unused_result’ [-Wunused-result]
   65 |                                 write(fd, &out[0], (unsigned int)out.size());
      |                                 ~~~~~^~~~~~~~~~~~~~~~~~~~~~~~~~~~~~~~~~~~~~~
src/zip/zip.cpp: In static member function ‘static bool zip::Zip::extract(const std::string&, const std::string&)’:
src/zip/zip.cpp:98:13: warning: ignoring return value of ‘ssize_t read(int, void*, size_t)’ declared with attribute ‘warn_unused_result’ [-Wunused-result]
   98 |         read(fd, data.data(), (int)data.size());
      |         ~~~~^~~~~~~~~~~~~~~~~~~~~~~~~~~~~~~~~~~
/usr/lib/qt6/moc -DUSE_QT -DAPP_GUITAR -DHAVE_POSIX_OPENPT -DQT_NO_DEBUG -DQT_WIDGETS_LIB -DQT_SVG_LIB -DQT_GUI_LIB -DQT_NETWORK_LIB -DQT_CORE_LIB --include /build/guitar/src/Guitar-1.4.0/moc_predefs.h -I/usr/lib/qt6/mkspecs/linux-g++ -I/build/guitar/src/Guitar-1.4.0 -I/build/guitar/src/Guitar-1.4.0/src -I/build/guitar/src/Guitar-1.4.0/src/common -I/build/guitar/src/Guitar-1.4.0/src/coloredit -I/build/guitar/src/Guitar-1.4.0/src/texteditor -I/build/guitar/src/Guitar-1.4.0/filetype/src -I/build/guitar/src/Guitar-1.4.0/subprojects/IncrementalSearchPlugin/src -I/usr/include/qt6 -I/usr/include/qt6/QtWidgets -I/usr/include/qt6/QtSvg -I/usr/include/qt6/QtGui -I/usr/include/qt6/QtNetwork -I/usr/include/qt6/QtCore -I/usr/include/c++/16 -I/usr/include/c++/16/x86_64-pc-linux-gnu -I/usr/include/c++/16/backward -I/usr/lib/gcc/x86_64-pc-linux-gnu/16/include -I/usr/local/include -I/usr/include src/FileDiffSliderWidget.h -o moc_FileDiffSliderWidget.cpp
/usr/lib/qt6/moc -DUSE_QT -DAPP_GUITAR -DHAVE_POSIX_OPENPT -DQT_NO_DEBUG -DQT_WIDGETS_LIB -DQT_SVG_LIB -DQT_GUI_LIB -DQT_NETWORK_LIB -DQT_CORE_LIB --include /build/guitar/src/Guitar-1.4.0/moc_predefs.h -I/usr/lib/qt6/mkspecs/linux-g++ -I/build/guitar/src/Guitar-1.4.0 -I/build/guitar/src/Guitar-1.4.0/src -I/build/guitar/src/Guitar-1.4.0/src/common -I/build/guitar/src/Guitar-1.4.0/src/coloredit -I/build/guitar/src/Guitar-1.4.0/src/texteditor -I/build/guitar/src/Guitar-1.4.0/filetype/src -I/build/guitar/src/Guitar-1.4.0/subprojects/IncrementalSearchPlugin/src -I/usr/include/qt6 -I/usr/include/qt6/QtWidgets -I/usr/include/qt6/QtSvg -I/usr/include/qt6/QtGui -I/usr/include/qt6/QtNetwork -I/usr/include/qt6/QtCore -I/usr/include/c++/16 -I/usr/include/c++/16/x86_64-pc-linux-gnu -I/usr/include/c++/16/backward -I/usr/lib/gcc/x86_64-pc-linux-gnu/16/include -I/usr/local/include -I/usr/include src/FileDiffWidget.h -o moc_FileDiffWidget.cpp
/usr/lib/qt6/moc -DUSE_QT -DAPP_GUITAR -DHAVE_POSIX_OPENPT -DQT_NO_DEBUG -DQT_WIDGETS_LIB -DQT_SVG_LIB -DQT_GUI_LIB -DQT_NETWORK_LIB -DQT_CORE_LIB --include /build/guitar/src/Guitar-1.4.0/moc_predefs.h -I/usr/lib/qt6/mkspecs/linux-g++ -I/build/guitar/src/Guitar-1.4.0 -I/build/guitar/src/Guitar-1.4.0/src -I/build/guitar/src/Guitar-1.4.0/src/common -I/build/guitar/src/Guitar-1.4.0/src/coloredit -I/build/guitar/src/Guitar-1.4.0/src/texteditor -I/build/guitar/src/Guitar-1.4.0/filetype/src -I/build/guitar/src/Guitar-1.4.0/subprojects/IncrementalSearchPlugin/src -I/usr/include/qt6 -I/usr/include/qt6/QtWidgets -I/usr/include/qt6/QtSvg -I/usr/include/qt6/QtGui -I/usr/include/qt6/QtNetwork -I/usr/include/qt6/QtCore -I/usr/include/c++/16 -I/usr/include/c++/16/x86_64-pc-linux-gnu -I/usr/include/c++/16/backward -I/usr/lib/gcc/x86_64-pc-linux-gnu/16/include -I/usr/local/include -I/usr/include src/FileHistoryWindow.h -o moc_FileHistoryWindow.cpp
/usr/lib/qt6/moc -DUSE_QT -DAPP_GUITAR -DHAVE_POSIX_OPENPT -DQT_NO_DEBUG -DQT_WIDGETS_LIB -DQT_SVG_LIB -DQT_GUI_LIB -DQT_NETWORK_LIB -DQT_CORE_LIB --include /build/guitar/src/Guitar-1.4.0/moc_predefs.h -I/usr/lib/qt6/mkspecs/linux-g++ -I/build/guitar/src/Guitar-1.4.0 -I/build/guitar/src/Guitar-1.4.0/src -I/build/guitar/src/Guitar-1.4.0/src/common -I/build/guitar/src/Guitar-1.4.0/src/coloredit -I/build/guitar/src/Guitar-1.4.0/src/texteditor -I/build/guitar/src/Guitar-1.4.0/filetype/src -I/build/guitar/src/Guitar-1.4.0/subprojects/IncrementalSearchPlugin/src -I/usr/include/qt6 -I/usr/include/qt6/QtWidgets -I/usr/include/qt6/QtSvg -I/usr/include/qt6/QtGui -I/usr/include/qt6/QtNetwork -I/usr/include/qt6/QtCore -I/usr/include/c++/16 -I/usr/include/c++/16/x86_64-pc-linux-gnu -I/usr/include/c++/16/backward -I/usr/lib/gcc/x86_64-pc-linux-gnu/16/include -I/usr/local/include -I/usr/include src/FileListWidget.h -o moc_FileListWidget.cpp
/usr/lib/qt6/moc -DUSE_QT -DAPP_GUITAR -DHAVE_POSIX_OPENPT -DQT_NO_DEBUG -DQT_WIDGETS_LIB -DQT_SVG_LIB -DQT_GUI_LIB -DQT_NETWORK_LIB -DQT_CORE_LIB --include /build/guitar/src/Guitar-1.4.0/moc_predefs.h -I/usr/lib/qt6/mkspecs/linux-g++ -I/build/guitar/src/Guitar-1.4.0 -I/build/guitar/src/Guitar-1.4.0/src -I/build/guitar/src/Guitar-1.4.0/src/common -I/build/guitar/src/Guitar-1.4.0/src/coloredit -I/build/guitar/src/Guitar-1.4.0/src/texteditor -I/build/guitar/src/Guitar-1.4.0/filetype/src -I/build/guitar/src/Guitar-1.4.0/subprojects/IncrementalSearchPlugin/src -I/usr/include/qt6 -I/usr/include/qt6/QtWidgets -I/usr/include/qt6/QtSvg -I/usr/include/qt6/QtGui -I/usr/include/qt6/QtNetwork -I/usr/include/qt6/QtCore -I/usr/include/c++/16 -I/usr/include/c++/16/x86_64-pc-linux-gnu -I/usr/include/c++/16/backward -I/usr/lib/gcc/x86_64-pc-linux-gnu/16/include -I/usr/local/include -I/usr/include src/FilePropertyDialog.h -o moc_FilePropertyDialog.cpp
/usr/lib/qt6/moc -DUSE_QT -DAPP_GUITAR -DHAVE_POSIX_OPENPT -DQT_NO_DEBUG -DQT_WIDGETS_LIB -DQT_SVG_LIB -DQT_GUI_LIB -DQT_NETWORK_LIB -DQT_CORE_LIB --include /build/guitar/src/Guitar-1.4.0/moc_predefs.h -I/usr/lib/qt6/mkspecs/linux-g++ -I/build/guitar/src/Guitar-1.4.0 -I/build/guitar/src/Guitar-1.4.0/src -I/build/guitar/src/Guitar-1.4.0/src/common -I/build/guitar/src/Guitar-1.4.0/src/coloredit -I/build/guitar/src/Guitar-1.4.0/src/texteditor -I/build/guitar/src/Guitar-1.4.0/filetype/src -I/build/guitar/src/Guitar-1.4.0/subprojects/IncrementalSearchPlugin/src -I/usr/include/qt6 -I/usr/include/qt6/QtWidgets -I/usr/include/qt6/QtSvg -I/usr/include/qt6/QtGui -I/usr/include/qt6/QtNetwork -I/usr/include/qt6/QtCore -I/usr/include/c++/16 -I/usr/include/c++/16/x86_64-pc-linux-gnu -I/usr/include/c++/16/backward -I/usr/lib/gcc/x86_64-pc-linux-gnu/16/include -I/usr/local/include -I/usr/include src/FindCommitDialog.h -o moc_FindCommitDialog.cpp
/usr/lib/qt6/moc -DUSE_QT -DAPP_GUITAR -DHAVE_POSIX_OPENPT -DQT_NO_DEBUG -DQT_WIDGETS_LIB -DQT_SVG_LIB -DQT_GUI_LIB -DQT_NETWORK_LIB -DQT_CORE_LIB --include /build/guitar/src/Guitar-1.4.0/moc_predefs.h -I/usr/lib/qt6/mkspecs/linux-g++ -I/build/guitar/src/Guitar-1.4.0 -I/build/guitar/src/Guitar-1.4.0/src -I/build/guitar/src/Guitar-1.4.0/src/common -I/build/guitar/src/Guitar-1.4.0/src/coloredit -I/build/guitar/src/Guitar-1.4.0/src/texteditor -I/build/guitar/src/Guitar-1.4.0/filetype/src -I/build/guitar/src/Guitar-1.4.0/subprojects/IncrementalSearchPlugin/src -I/usr/include/qt6 -I/usr/include/qt6/QtWidgets -I/usr/include/qt6/QtSvg -I/usr/include/qt6/QtGui -I/usr/include/qt6/QtNetwork -I/usr/include/qt6/QtCore -I/usr/include/c++/16 -I/usr/include/c++/16/x86_64-pc-linux-gnu -I/usr/include/c++/16/backward -I/usr/lib/gcc/x86_64-pc-linux-gnu/16/include -I/usr/local/include -I/usr/include src/GenerateCommitMessageDialog.h -o moc_GenerateCommitMessageDialog.cpp
/usr/lib/qt6/moc -DUSE_QT -DAPP_GUITAR -DHAVE_POSIX_OPENPT -DQT_NO_DEBUG -DQT_WIDGETS_LIB -DQT_SVG_LIB -DQT_GUI_LIB -DQT_NETWORK_LIB -DQT_CORE_LIB --include /build/guitar/src/Guitar-1.4.0/moc_predefs.h -I/usr/lib/qt6/mkspecs/linux-g++ -I/build/guitar/src/Guitar-1.4.0 -I/build/guitar/src/Guitar-1.4.0/src -I/build/guitar/src/Guitar-1.4.0/src/common -I/build/guitar/src/Guitar-1.4.0/src/coloredit -I/build/guitar/src/Guitar-1.4.0/src/texteditor -I/build/guitar/src/Guitar-1.4.0/filetype/src -I/build/guitar/src/Guitar-1.4.0/subprojects/IncrementalSearchPlugin/src -I/usr/include/qt6 -I/usr/include/qt6/QtWidgets -I/usr/include/qt6/QtSvg -I/usr/include/qt6/QtGui -I/usr/include/qt6/QtNetwork -I/usr/include/qt6/QtCore -I/usr/include/c++/16 -I/usr/include/c++/16/x86_64-pc-linux-gnu -I/usr/include/c++/16/backward -I/usr/lib/gcc/x86_64-pc-linux-gnu/16/include -I/usr/local/include -I/usr/include src/GenerateCommitMessageThread.h -o moc_GenerateCommitMessageThread.cpp
/usr/lib/qt6/moc -DUSE_QT -DAPP_GUITAR -DHAVE_POSIX_OPENPT -DQT_NO_DEBUG -DQT_WIDGETS_LIB -DQT_SVG_LIB -DQT_GUI_LIB -DQT_NETWORK_LIB -DQT_CORE_LIB --include /build/guitar/src/Guitar-1.4.0/moc_predefs.h -I/usr/lib/qt6/mkspecs/linux-g++ -I/build/guitar/src/Guitar-1.4.0 -I/build/guitar/src/Guitar-1.4.0/src -I/build/guitar/src/Guitar-1.4.0/src/common -I/build/guitar/src/Guitar-1.4.0/src/coloredit -I/build/guitar/src/Guitar-1.4.0/src/texteditor -I/build/guitar/src/Guitar-1.4.0/filetype/src -I/build/guitar/src/Guitar-1.4.0/subprojects/IncrementalSearchPlugin/src -I/usr/include/qt6 -I/usr/include/qt6/QtWidgets -I/usr/include/qt6/QtSvg -I/usr/include/qt6/QtGui -I/usr/include/qt6/QtNetwork -I/usr/include/qt6/QtCore -I/usr/include/c++/16 -I/usr/include/c++/16/x86_64-pc-linux-gnu -I/usr/include/c++/16/backward -I/usr/lib/gcc/x86_64-pc-linux-gnu/16/include -I/usr/local/include -I/usr/include src/GitConfigGlobalAddSafeDirectoryDialog.h -o moc_GitConfigGlobalAddSafeDirectoryDialog.cpp
/usr/lib/qt6/moc -DUSE_QT -DAPP_GUITAR -DHAVE_POSIX_OPENPT -DQT_NO_DEBUG -DQT_WIDGETS_LIB -DQT_SVG_LIB -DQT_GUI_LIB -DQT_NETWORK_LIB -DQT_CORE_LIB --include /build/guitar/src/Guitar-1.4.0/moc_predefs.h -I/usr/lib/qt6/mkspecs/linux-g++ -I/build/guitar/src/Guitar-1.4.0 -I/build/guitar/src/Guitar-1.4.0/src -I/build/guitar/src/Guitar-1.4.0/src/common -I/build/guitar/src/Guitar-1.4.0/src/coloredit -I/build/guitar/src/Guitar-1.4.0/src/texteditor -I/build/guitar/src/Guitar-1.4.0/filetype/src -I/build/guitar/src/Guitar-1.4.0/subprojects/IncrementalSearchPlugin/src -I/usr/include/qt6 -I/usr/include/qt6/QtWidgets -I/usr/include/qt6/QtSvg -I/usr/include/qt6/QtGui -I/usr/include/qt6/QtNetwork -I/usr/include/qt6/QtCore -I/usr/include/c++/16 -I/usr/include/c++/16/x86_64-pc-linux-gnu -I/usr/include/c++/16/backward -I/usr/lib/gcc/x86_64-pc-linux-gnu/16/include -I/usr/local/include -I/usr/include src/GitProcessThread.h -o moc_GitProcessThread.cpp
/usr/lib/qt6/moc -DUSE_QT -DAPP_GUITAR -DHAVE_POSIX_OPENPT -DQT_NO_DEBUG -DQT_WIDGETS_LIB -DQT_SVG_LIB -DQT_GUI_LIB -DQT_NETWORK_LIB -DQT_CORE_LIB --include /build/guitar/src/Guitar-1.4.0/moc_predefs.h -I/usr/lib/qt6/mkspecs/linux-g++ -I/build/guitar/src/Guitar-1.4.0 -I/build/guitar/src/Guitar-1.4.0/src -I/build/guitar/src/Guitar-1.4.0/src/common -I/build/guitar/src/Guitar-1.4.0/src/coloredit -I/build/guitar/src/Guitar-1.4.0/src/texteditor -I/build/guitar/src/Guitar-1.4.0/filetype/src -I/build/guitar/src/Guitar-1.4.0/subprojects/IncrementalSearchPlugin/src -I/usr/include/qt6 -I/usr/include/qt6/QtWidgets -I/usr/include/qt6/QtSvg -I/usr/include/qt6/QtGui -I/usr/include/qt6/QtNetwork -I/usr/include/qt6/QtCore -I/usr/include/c++/16 -I/usr/include/c++/16/x86_64-pc-linux-gnu -I/usr/include/c++/16/backward -I/usr/lib/gcc/x86_64-pc-linux-gnu/16/include -I/usr/local/include -I/usr/include src/HyperLinkLabel.h -o moc_HyperLinkLabel.cpp
/usr/lib/qt6/moc -DUSE_QT -DAPP_GUITAR -DHAVE_POSIX_OPENPT -DQT_NO_DEBUG -DQT_WIDGETS_LIB -DQT_SVG_LIB -DQT_GUI_LIB -DQT_NETWORK_LIB -DQT_CORE_LIB --include /build/guitar/src/Guitar-1.4.0/moc_predefs.h -I/usr/lib/qt6/mkspecs/linux-g++ -I/build/guitar/src/Guitar-1.4.0 -I/build/guitar/src/Guitar-1.4.0/src -I/build/guitar/src/Guitar-1.4.0/src/common -I/build/guitar/src/Guitar-1.4.0/src/coloredit -I/build/guitar/src/Guitar-1.4.0/src/texteditor -I/build/guitar/src/Guitar-1.4.0/filetype/src -I/build/guitar/src/Guitar-1.4.0/subprojects/IncrementalSearchPlugin/src -I/usr/include/qt6 -I/usr/include/qt6/QtWidgets -I/usr/include/qt6/QtSvg -I/usr/include/qt6/QtGui -I/usr/include/qt6/QtNetwork -I/usr/include/qt6/QtCore -I/usr/include/c++/16 -I/usr/include/c++/16/x86_64-pc-linux-gnu -I/usr/include/c++/16/backward -I/usr/lib/gcc/x86_64-pc-linux-gnu/16/include -I/usr/local/include -I/usr/include src/ImageViewWidget.h -o moc_ImageViewWidget.cpp
/usr/lib/qt6/moc -DUSE_QT -DAPP_GUITAR -DHAVE_POSIX_OPENPT -DQT_NO_DEBUG -DQT_WIDGETS_LIB -DQT_SVG_LIB -DQT_GUI_LIB -DQT_NETWORK_LIB -DQT_CORE_LIB --include /build/guitar/src/Guitar-1.4.0/moc_predefs.h -I/usr/lib/qt6/mkspecs/linux-g++ -I/build/guitar/src/Guitar-1.4.0 -I/build/guitar/src/Guitar-1.4.0/src -I/build/guitar/src/Guitar-1.4.0/src/common -I/build/guitar/src/Guitar-1.4.0/src/coloredit -I/build/guitar/src/Guitar-1.4.0/src/texteditor -I/build/guitar/src/Guitar-1.4.0/filetype/src -I/build/guitar/src/Guitar-1.4.0/subprojects/IncrementalSearchPlugin/src -I/usr/include/qt6 -I/usr/include/qt6/QtWidgets -I/usr/include/qt6/QtSvg -I/usr/include/qt6/QtGui -I/usr/include/qt6/QtNetwork -I/usr/include/qt6/QtCore -I/usr/include/c++/16 -I/usr/include/c++/16/x86_64-pc-linux-gnu -I/usr/include/c++/16/backward -I/usr/lib/gcc/x86_64-pc-linux-gnu/16/include -I/usr/local/include -I/usr/include src/InputNewTagDialog.h -o moc_InputNewTagDialog.cpp
/usr/lib/qt6/moc -DUSE_QT -DAPP_GUITAR -DHAVE_POSIX_OPENPT -DQT_NO_DEBUG -DQT_WIDGETS_LIB -DQT_SVG_LIB -DQT_GUI_LIB -DQT_NETWORK_LIB -DQT_CORE_LIB --include /build/guitar/src/Guitar-1.4.0/moc_predefs.h -I/usr/lib/qt6/mkspecs/linux-g++ -I/build/guitar/src/Guitar-1.4.0 -I/build/guitar/src/Guitar-1.4.0/src -I/build/guitar/src/Guitar-1.4.0/src/common -I/build/guitar/src/Guitar-1.4.0/src/coloredit -I/build/guitar/src/Guitar-1.4.0/src/texteditor -I/build/guitar/src/Guitar-1.4.0/filetype/src -I/build/guitar/src/Guitar-1.4.0/subprojects/IncrementalSearchPlugin/src -I/usr/include/qt6 -I/usr/include/qt6/QtWidgets -I/usr/include/qt6/QtSvg -I/usr/include/qt6/QtGui -I/usr/include/qt6/QtNetwork -I/usr/include/qt6/QtCore -I/usr/include/c++/16 -I/usr/include/c++/16/x86_64-pc-linux-gnu -I/usr/include/c++/16/backward -I/usr/lib/gcc/x86_64-pc-linux-gnu/16/include -I/usr/local/include -I/usr/include src/JumpDialog.h -o moc_JumpDialog.cpp
/usr/lib/qt6/moc -DUSE_QT -DAPP_GUITAR -DHAVE_POSIX_OPENPT -DQT_NO_DEBUG -DQT_WIDGETS_LIB -DQT_SVG_LIB -DQT_GUI_LIB -DQT_NETWORK_LIB -DQT_CORE_LIB --include /build/guitar/src/Guitar-1.4.0/moc_predefs.h -I/usr/lib/qt6/mkspecs/linux-g++ -I/build/guitar/src/Guitar-1.4.0 -I/build/guitar/src/Guitar-1.4.0/src -I/build/guitar/src/Guitar-1.4.0/src/common -I/build/guitar/src/Guitar-1.4.0/src/coloredit -I/build/guitar/src/Guitar-1.4.0/src/texteditor -I/build/guitar/src/Guitar-1.4.0/filetype/src -I/build/guitar/src/Guitar-1.4.0/subprojects/IncrementalSearchPlugin/src -I/usr/include/qt6 -I/usr/include/qt6/QtWidgets -I/usr/include/qt6/QtSvg -I/usr/include/qt6/QtGui -I/usr/include/qt6/QtNetwork -I/usr/include/qt6/QtCore -I/usr/include/c++/16 -I/usr/include/c++/16/x86_64-pc-linux-gnu -I/usr/include/c++/16/backward -I/usr/lib/gcc/x86_64-pc-linux-gnu/16/include -I/usr/local/include -I/usr/include src/Languages.h -o moc_Languages.cpp
/usr/lib/qt6/moc -DUSE_QT -DAPP_GUITAR -DHAVE_POSIX_OPENPT -DQT_NO_DEBUG -DQT_WIDGETS_LIB -DQT_SVG_LIB -DQT_GUI_LIB -DQT_NETWORK_LIB -DQT_CORE_LIB --include /build/guitar/src/Guitar-1.4.0/moc_predefs.h -I/usr/lib/qt6/mkspecs/linux-g++ -I/build/guitar/src/Guitar-1.4.0 -I/build/guitar/src/Guitar-1.4.0/src -I/build/guitar/src/Guitar-1.4.0/src/common -I/build/guitar/src/Guitar-1.4.0/src/coloredit -I/build/guitar/src/Guitar-1.4.0/src/texteditor -I/build/guitar/src/Guitar-1.4.0/filetype/src -I/build/guitar/src/Guitar-1.4.0/subprojects/IncrementalSearchPlugin/src -I/usr/include/qt6 -I/usr/include/qt6/QtWidgets -I/usr/include/qt6/QtSvg -I/usr/include/qt6/QtGui -I/usr/include/qt6/QtNetwork -I/usr/include/qt6/QtCore -I/usr/include/c++/16 -I/usr/include/c++/16/x86_64-pc-linux-gnu -I/usr/include/c++/16/backward -I/usr/lib/gcc/x86_64-pc-linux-gnu/16/include -I/usr/local/include -I/usr/include src/LineEditDialog.h -o moc_LineEditDialog.cpp
/usr/lib/qt6/moc -DUSE_QT -DAPP_GUITAR -DHAVE_POSIX_OPENPT -DQT_NO_DEBUG -DQT_WIDGETS_LIB -DQT_SVG_LIB -DQT_GUI_LIB -DQT_NETWORK_LIB -DQT_CORE_LIB --include /build/guitar/src/Guitar-1.4.0/moc_predefs.h -I/usr/lib/qt6/mkspecs/linux-g++ -I/build/guitar/src/Guitar-1.4.0 -I/build/guitar/src/Guitar-1.4.0/src -I/build/guitar/src/Guitar-1.4.0/src/common -I/build/guitar/src/Guitar-1.4.0/src/coloredit -I/build/guitar/src/Guitar-1.4.0/src/texteditor -I/build/guitar/src/Guitar-1.4.0/filetype/src -I/build/guitar/src/Guitar-1.4.0/subprojects/IncrementalSearchPlugin/src -I/usr/include/qt6 -I/usr/include/qt6/QtWidgets -I/usr/include/qt6/QtSvg -I/usr/include/qt6/QtGui -I/usr/include/qt6/QtNetwork -I/usr/include/qt6/QtCore -I/usr/include/c++/16 -I/usr/include/c++/16/x86_64-pc-linux-gnu -I/usr/include/c++/16/backward -I/usr/lib/gcc/x86_64-pc-linux-gnu/16/include -I/usr/local/include -I/usr/include src/LocalSocketReader.h -o moc_LocalSocketReader.cpp
/usr/lib/qt6/moc -DUSE_QT -DAPP_GUITAR -DHAVE_POSIX_OPENPT -DQT_NO_DEBUG -DQT_WIDGETS_LIB -DQT_SVG_LIB -DQT_GUI_LIB -DQT_NETWORK_LIB -DQT_CORE_LIB --include /build/guitar/src/Guitar-1.4.0/moc_predefs.h -I/usr/lib/qt6/mkspecs/linux-g++ -I/build/guitar/src/Guitar-1.4.0 -I/build/guitar/src/Guitar-1.4.0/src -I/build/guitar/src/Guitar-1.4.0/src/common -I/build/guitar/src/Guitar-1.4.0/src/coloredit -I/build/guitar/src/Guitar-1.4.0/src/texteditor -I/build/guitar/src/Guitar-1.4.0/filetype/src -I/build/guitar/src/Guitar-1.4.0/subprojects/IncrementalSearchPlugin/src -I/usr/include/qt6 -I/usr/include/qt6/QtWidgets -I/usr/include/qt6/QtSvg -I/usr/include/qt6/QtGui -I/usr/include/qt6/QtNetwork -I/usr/include/qt6/QtCore -I/usr/include/c++/16 -I/usr/include/c++/16/x86_64-pc-linux-gnu -I/usr/include/c++/16/backward -I/usr/lib/gcc/x86_64-pc-linux-gnu/16/include -I/usr/local/include -I/usr/include src/MainWindow.h -o moc_MainWindow.cpp
/usr/lib/qt6/moc -DUSE_QT -DAPP_GUITAR -DHAVE_POSIX_OPENPT -DQT_NO_DEBUG -DQT_WIDGETS_LIB -DQT_SVG_LIB -DQT_GUI_LIB -DQT_NETWORK_LIB -DQT_CORE_LIB --include /build/guitar/src/Guitar-1.4.0/moc_predefs.h -I/usr/lib/qt6/mkspecs/linux-g++ -I/build/guitar/src/Guitar-1.4.0 -I/build/guitar/src/Guitar-1.4.0/src -I/build/guitar/src/Guitar-1.4.0/src/common -I/build/guitar/src/Guitar-1.4.0/src/coloredit -I/build/guitar/src/Guitar-1.4.0/src/texteditor -I/build/guitar/src/Guitar-1.4.0/filetype/src -I/build/guitar/src/Guitar-1.4.0/subprojects/IncrementalSearchPlugin/src -I/usr/include/qt6 -I/usr/include/qt6/QtWidgets -I/usr/include/qt6/QtSvg -I/usr/include/qt6/QtGui -I/usr/include/qt6/QtNetwork -I/usr/include/qt6/QtCore -I/usr/include/c++/16 -I/usr/include/c++/16/x86_64-pc-linux-gnu -I/usr/include/c++/16/backward -I/usr/lib/gcc/x86_64-pc-linux-gnu/16/include -I/usr/local/include -I/usr/include src/ManageWorkingFolderDialog.h -o moc_ManageWorkingFolderDialog.cpp
/usr/lib/qt6/moc -DUSE_QT -DAPP_GUITAR -DHAVE_POSIX_OPENPT -DQT_NO_DEBUG -DQT_WIDGETS_LIB -DQT_SVG_LIB -DQT_GUI_LIB -DQT_NETWORK_LIB -DQT_CORE_LIB --include /build/guitar/src/Guitar-1.4.0/moc_predefs.h -I/usr/lib/qt6/mkspecs/linux-g++ -I/build/guitar/src/Guitar-1.4.0 -I/build/guitar/src/Guitar-1.4.0/src -I/build/guitar/src/Guitar-1.4.0/src/common -I/build/guitar/src/Guitar-1.4.0/src/coloredit -I/build/guitar/src/Guitar-1.4.0/src/texteditor -I/build/guitar/src/Guitar-1.4.0/filetype/src -I/build/guitar/src/Guitar-1.4.0/subprojects/IncrementalSearchPlugin/src -I/usr/include/qt6 -I/usr/include/qt6/QtWidgets -I/usr/include/qt6/QtSvg -I/usr/include/qt6/QtGui -I/usr/include/qt6/QtNetwork -I/usr/include/qt6/QtCore -I/usr/include/c++/16 -I/usr/include/c++/16/x86_64-pc-linux-gnu -I/usr/include/c++/16/backward -I/usr/lib/gcc/x86_64-pc-linux-gnu/16/include -I/usr/local/include -I/usr/include src/MaximizeButton.h -o moc_MaximizeButton.cpp
/usr/lib/qt6/moc -DUSE_QT -DAPP_GUITAR -DHAVE_POSIX_OPENPT -DQT_NO_DEBUG -DQT_WIDGETS_LIB -DQT_SVG_LIB -DQT_GUI_LIB -DQT_NETWORK_LIB -DQT_CORE_LIB --include /build/guitar/src/Guitar-1.4.0/moc_predefs.h -I/usr/lib/qt6/mkspecs/linux-g++ -I/build/guitar/src/Guitar-1.4.0 -I/build/guitar/src/Guitar-1.4.0/src -I/build/guitar/src/Guitar-1.4.0/src/common -I/build/guitar/src/Guitar-1.4.0/src/coloredit -I/build/guitar/src/Guitar-1.4.0/src/texteditor -I/build/guitar/src/Guitar-1.4.0/filetype/src -I/build/guitar/src/Guitar-1.4.0/subprojects/IncrementalSearchPlugin/src -I/usr/include/qt6 -I/usr/include/qt6/QtWidgets -I/usr/include/qt6/QtSvg -I/usr/include/qt6/QtGui -I/usr/include/qt6/QtNetwork -I/usr/include/qt6/QtCore -I/usr/include/c++/16 -I/usr/include/c++/16/x86_64-pc-linux-gnu -I/usr/include/c++/16/backward -I/usr/lib/gcc/x86_64-pc-linux-gnu/16/include -I/usr/local/include -I/usr/include src/MenuButton.h -o moc_MenuButton.cpp
/usr/lib/qt6/moc -DUSE_QT -DAPP_GUITAR -DHAVE_POSIX_OPENPT -DQT_NO_DEBUG -DQT_WIDGETS_LIB -DQT_SVG_LIB -DQT_GUI_LIB -DQT_NETWORK_LIB -DQT_CORE_LIB --include /build/guitar/src/Guitar-1.4.0/moc_predefs.h -I/usr/lib/qt6/mkspecs/linux-g++ -I/build/guitar/src/Guitar-1.4.0 -I/build/guitar/src/Guitar-1.4.0/src -I/build/guitar/src/Guitar-1.4.0/src/common -I/build/guitar/src/Guitar-1.4.0/src/coloredit -I/build/guitar/src/Guitar-1.4.0/src/texteditor -I/build/guitar/src/Guitar-1.4.0/filetype/src -I/build/guitar/src/Guitar-1.4.0/subprojects/IncrementalSearchPlugin/src -I/usr/include/qt6 -I/usr/include/qt6/QtWidgets -I/usr/include/qt6/QtSvg -I/usr/include/qt6/QtGui -I/usr/include/qt6/QtNetwork -I/usr/include/qt6/QtCore -I/usr/include/c++/16 -I/usr/include/c++/16/x86_64-pc-linux-gnu -I/usr/include/c++/16/backward -I/usr/lib/gcc/x86_64-pc-linux-gnu/16/include -I/usr/local/include -I/usr/include src/MergeDialog.h -o moc_MergeDialog.cpp
/usr/lib/qt6/moc -DUSE_QT -DAPP_GUITAR -DHAVE_POSIX_OPENPT -DQT_NO_DEBUG -DQT_WIDGETS_LIB -DQT_SVG_LIB -DQT_GUI_LIB -DQT_NETWORK_LIB -DQT_CORE_LIB --include /build/guitar/src/Guitar-1.4.0/moc_predefs.h -I/usr/lib/qt6/mkspecs/linux-g++ -I/build/guitar/src/Guitar-1.4.0 -I/build/guitar/src/Guitar-1.4.0/src -I/build/guitar/src/Guitar-1.4.0/src/common -I/build/guitar/src/Guitar-1.4.0/src/coloredit -I/build/guitar/src/Guitar-1.4.0/src/texteditor -I/build/guitar/src/Guitar-1.4.0/filetype/src -I/build/guitar/src/Guitar-1.4.0/subprojects/IncrementalSearchPlugin/src -I/usr/include/qt6 -I/usr/include/qt6/QtWidgets -I/usr/include/qt6/QtSvg -I/usr/include/qt6/QtGui -I/usr/include/qt6/QtNetwork -I/usr/include/qt6/QtCore -I/usr/include/c++/16 -I/usr/include/c++/16/x86_64-pc-linux-gnu -I/usr/include/c++/16/backward -I/usr/lib/gcc/x86_64-pc-linux-gnu/16/include -I/usr/local/include -I/usr/include src/MySettings.h -o moc_MySettings.cpp
/usr/lib/qt6/moc -DUSE_QT -DAPP_GUITAR -DHAVE_POSIX_OPENPT -DQT_NO_DEBUG -DQT_WIDGETS_LIB -DQT_SVG_LIB -DQT_GUI_LIB -DQT_NETWORK_LIB -DQT_CORE_LIB --include /build/guitar/src/Guitar-1.4.0/moc_predefs.h -I/usr/lib/qt6/mkspecs/linux-g++ -I/build/guitar/src/Guitar-1.4.0 -I/build/guitar/src/Guitar-1.4.0/src -I/build/guitar/src/Guitar-1.4.0/src/common -I/build/guitar/src/Guitar-1.4.0/src/coloredit -I/build/guitar/src/Guitar-1.4.0/src/texteditor -I/build/guitar/src/Guitar-1.4.0/filetype/src -I/build/guitar/src/Guitar-1.4.0/subprojects/IncrementalSearchPlugin/src -I/usr/include/qt6 -I/usr/include/qt6/QtWidgets -I/usr/include/qt6/QtSvg -I/usr/include/qt6/QtGui -I/usr/include/qt6/QtNetwork -I/usr/include/qt6/QtCore -I/usr/include/c++/16 -I/usr/include/c++/16/x86_64-pc-linux-gnu -I/usr/include/c++/16/backward -I/usr/lib/gcc/x86_64-pc-linux-gnu/16/include -I/usr/local/include -I/usr/include src/MyToolButton.h -o moc_MyToolButton.cpp
/usr/lib/qt6/moc -DUSE_QT -DAPP_GUITAR -DHAVE_POSIX_OPENPT -DQT_NO_DEBUG -DQT_WIDGETS_LIB -DQT_SVG_LIB -DQT_GUI_LIB -DQT_NETWORK_LIB -DQT_CORE_LIB --include /build/guitar/src/Guitar-1.4.0/moc_predefs.h -I/usr/lib/qt6/mkspecs/linux-g++ -I/build/guitar/src/Guitar-1.4.0 -I/build/guitar/src/Guitar-1.4.0/src -I/build/guitar/src/Guitar-1.4.0/src/common -I/build/guitar/src/Guitar-1.4.0/src/coloredit -I/build/guitar/src/Guitar-1.4.0/src/texteditor -I/build/guitar/src/Guitar-1.4.0/filetype/src -I/build/guitar/src/Guitar-1.4.0/subprojects/IncrementalSearchPlugin/src -I/usr/include/qt6 -I/usr/include/qt6/QtWidgets -I/usr/include/qt6/QtSvg -I/usr/include/qt6/QtGui -I/usr/include/qt6/QtNetwork -I/usr/include/qt6/QtCore -I/usr/include/c++/16 -I/usr/include/c++/16/x86_64-pc-linux-gnu -I/usr/include/c++/16/backward -I/usr/lib/gcc/x86_64-pc-linux-gnu/16/include -I/usr/local/include -I/usr/include src/ProgressTextLabel.h -o moc_ProgressTextLabel.cpp
/usr/lib/qt6/moc -DUSE_QT -DAPP_GUITAR -DHAVE_POSIX_OPENPT -DQT_NO_DEBUG -DQT_WIDGETS_LIB -DQT_SVG_LIB -DQT_GUI_LIB -DQT_NETWORK_LIB -DQT_CORE_LIB --include /build/guitar/src/Guitar-1.4.0/moc_predefs.h -I/usr/lib/qt6/mkspecs/linux-g++ -I/build/guitar/src/Guitar-1.4.0 -I/build/guitar/src/Guitar-1.4.0/src -I/build/guitar/src/Guitar-1.4.0/src/common -I/build/guitar/src/Guitar-1.4.0/src/coloredit -I/build/guitar/src/Guitar-1.4.0/src/texteditor -I/build/guitar/src/Guitar-1.4.0/filetype/src -I/build/guitar/src/Guitar-1.4.0/subprojects/IncrementalSearchPlugin/src -I/usr/include/qt6 -I/usr/include/qt6/QtWidgets -I/usr/include/qt6/QtSvg -I/usr/include/qt6/QtGui -I/usr/include/qt6/QtNetwork -I/usr/include/qt6/QtCore -I/usr/include/c++/16 -I/usr/include/c++/16/x86_64-pc-linux-gnu -I/usr/include/c++/16/backward -I/usr/lib/gcc/x86_64-pc-linux-gnu/16/include -I/usr/local/include -I/usr/include src/ProgressWidget.h -o moc_ProgressWidget.cpp
/usr/lib/qt6/moc -DUSE_QT -DAPP_GUITAR -DHAVE_POSIX_OPENPT -DQT_NO_DEBUG -DQT_WIDGETS_LIB -DQT_SVG_LIB -DQT_GUI_LIB -DQT_NETWORK_LIB -DQT_CORE_LIB --include /build/guitar/src/Guitar-1.4.0/moc_predefs.h -I/usr/lib/qt6/mkspecs/linux-g++ -I/build/guitar/src/Guitar-1.4.0 -I/build/guitar/src/Guitar-1.4.0/src -I/build/guitar/src/Guitar-1.4.0/src/common -I/build/guitar/src/Guitar-1.4.0/src/coloredit -I/build/guitar/src/Guitar-1.4.0/src/texteditor -I/build/guitar/src/Guitar-1.4.0/filetype/src -I/build/guitar/src/Guitar-1.4.0/subprojects/IncrementalSearchPlugin/src -I/usr/include/qt6 -I/usr/include/qt6/QtWidgets -I/usr/include/qt6/QtSvg -I/usr/include/qt6/QtGui -I/usr/include/qt6/QtNetwork -I/usr/include/qt6/QtCore -I/usr/include/c++/16 -I/usr/include/c++/16/x86_64-pc-linux-gnu -I/usr/include/c++/16/backward -I/usr/lib/gcc/x86_64-pc-linux-gnu/16/include -I/usr/local/include -I/usr/include src/PushDialog.h -o moc_PushDialog.cpp
/usr/lib/qt6/moc -DUSE_QT -DAPP_GUITAR -DHAVE_POSIX_OPENPT -DQT_NO_DEBUG -DQT_WIDGETS_LIB -DQT_SVG_LIB -DQT_GUI_LIB -DQT_NETWORK_LIB -DQT_CORE_LIB --include /build/guitar/src/Guitar-1.4.0/moc_predefs.h -I/usr/lib/qt6/mkspecs/linux-g++ -I/build/guitar/src/Guitar-1.4.0 -I/build/guitar/src/Guitar-1.4.0/src -I/build/guitar/src/Guitar-1.4.0/src/common -I/build/guitar/src/Guitar-1.4.0/src/coloredit -I/build/guitar/src/Guitar-1.4.0/src/texteditor -I/build/guitar/src/Guitar-1.4.0/filetype/src -I/build/guitar/src/Guitar-1.4.0/subprojects/IncrementalSearchPlugin/src -I/usr/include/qt6 -I/usr/include/qt6/QtWidgets -I/usr/include/qt6/QtSvg -I/usr/include/qt6/QtGui -I/usr/include/qt6/QtNetwork -I/usr/include/qt6/QtCore -I/usr/include/c++/16 -I/usr/include/c++/16/x86_64-pc-linux-gnu -I/usr/include/c++/16/backward -I/usr/lib/gcc/x86_64-pc-linux-gnu/16/include -I/usr/local/include -I/usr/include src/ReadOnlyPlainTextEdit.h -o moc_ReadOnlyPlainTextEdit.cpp
/usr/lib/qt6/moc -DUSE_QT -DAPP_GUITAR -DHAVE_POSIX_OPENPT -DQT_NO_DEBUG -DQT_WIDGETS_LIB -DQT_SVG_LIB -DQT_GUI_LIB -DQT_NETWORK_LIB -DQT_CORE_LIB --include /build/guitar/src/Guitar-1.4.0/moc_predefs.h -I/usr/lib/qt6/mkspecs/linux-g++ -I/build/guitar/src/Guitar-1.4.0 -I/build/guitar/src/Guitar-1.4.0/src -I/build/guitar/src/Guitar-1.4.0/src/common -I/build/guitar/src/Guitar-1.4.0/src/coloredit -I/build/guitar/src/Guitar-1.4.0/src/texteditor -I/build/guitar/src/Guitar-1.4.0/filetype/src -I/build/guitar/src/Guitar-1.4.0/subprojects/IncrementalSearchPlugin/src -I/usr/include/qt6 -I/usr/include/qt6/QtWidgets -I/usr/include/qt6/QtSvg -I/usr/include/qt6/QtGui -I/usr/include/qt6/QtNetwork -I/usr/include/qt6/QtCore -I/usr/include/c++/16 -I/usr/include/c++/16/x86_64-pc-linux-gnu -I/usr/include/c++/16/backward -I/usr/lib/gcc/x86_64-pc-linux-gnu/16/include -I/usr/local/include -I/usr/include src/ReflogWindow.h -o moc_ReflogWindow.cpp
/usr/lib/qt6/moc -DUSE_QT -DAPP_GUITAR -DHAVE_POSIX_OPENPT -DQT_NO_DEBUG -DQT_WIDGETS_LIB -DQT_SVG_LIB -DQT_GUI_LIB -DQT_NETWORK_LIB -DQT_CORE_LIB --include /build/guitar/src/Guitar-1.4.0/moc_predefs.h -I/usr/lib/qt6/mkspecs/linux-g++ -I/build/guitar/src/Guitar-1.4.0 -I/build/guitar/src/Guitar-1.4.0/src -I/build/guitar/src/Guitar-1.4.0/src/common -I/build/guitar/src/Guitar-1.4.0/src/coloredit -I/build/guitar/src/Guitar-1.4.0/src/texteditor -I/build/guitar/src/Guitar-1.4.0/filetype/src -I/build/guitar/src/Guitar-1.4.0/subprojects/IncrementalSearchPlugin/src -I/usr/include/qt6 -I/usr/include/qt6/QtWidgets -I/usr/include/qt6/QtSvg -I/usr/include/qt6/QtGui -I/usr/include/qt6/QtNetwork -I/usr/include/qt6/QtCore -I/usr/include/c++/16 -I/usr/include/c++/16/x86_64-pc-linux-gnu -I/usr/include/c++/16/backward -I/usr/lib/gcc/x86_64-pc-linux-gnu/16/include -I/usr/local/include -I/usr/include src/RemoteAdvancedOptionWidget.h -o moc_RemoteAdvancedOptionWidget.cpp
/usr/lib/qt6/moc -DUSE_QT -DAPP_GUITAR -DHAVE_POSIX_OPENPT -DQT_NO_DEBUG -DQT_WIDGETS_LIB -DQT_SVG_LIB -DQT_GUI_LIB -DQT_NETWORK_LIB -DQT_CORE_LIB --include /build/guitar/src/Guitar-1.4.0/moc_predefs.h -I/usr/lib/qt6/mkspecs/linux-g++ -I/build/guitar/src/Guitar-1.4.0 -I/build/guitar/src/Guitar-1.4.0/src -I/build/guitar/src/Guitar-1.4.0/src/common -I/build/guitar/src/Guitar-1.4.0/src/coloredit -I/build/guitar/src/Guitar-1.4.0/src/texteditor -I/build/guitar/src/Guitar-1.4.0/filetype/src -I/build/guitar/src/Guitar-1.4.0/subprojects/IncrementalSearchPlugin/src -I/usr/include/qt6 -I/usr/include/qt6/QtWidgets -I/usr/include/qt6/QtSvg -I/usr/include/qt6/QtGui -I/usr/include/qt6/QtNetwork -I/usr/include/qt6/QtCore -I/usr/include/c++/16 -I/usr/include/c++/16/x86_64-pc-linux-gnu -I/usr/include/c++/16/backward -I/usr/lib/gcc/x86_64-pc-linux-gnu/16/include -I/usr/local/include -I/usr/include src/RepositoryInfoFrame.h -o moc_RepositoryInfoFrame.cpp
/usr/lib/qt6/moc -DUSE_QT -DAPP_GUITAR -DHAVE_POSIX_OPENPT -DQT_NO_DEBUG -DQT_WIDGETS_LIB -DQT_SVG_LIB -DQT_GUI_LIB -DQT_NETWORK_LIB -DQT_CORE_LIB --include /build/guitar/src/Guitar-1.4.0/moc_predefs.h -I/usr/lib/qt6/mkspecs/linux-g++ -I/build/guitar/src/Guitar-1.4.0 -I/build/guitar/src/Guitar-1.4.0/src -I/build/guitar/src/Guitar-1.4.0/src/common -I/build/guitar/src/Guitar-1.4.0/src/coloredit -I/build/guitar/src/Guitar-1.4.0/src/texteditor -I/build/guitar/src/Guitar-1.4.0/filetype/src -I/build/guitar/src/Guitar-1.4.0/subprojects/IncrementalSearchPlugin/src -I/usr/include/qt6 -I/usr/include/qt6/QtWidgets -I/usr/include/qt6/QtSvg -I/usr/include/qt6/QtGui -I/usr/include/qt6/QtNetwork -I/usr/include/qt6/QtCore -I/usr/include/c++/16 -I/usr/include/c++/16/x86_64-pc-linux-gnu -I/usr/include/c++/16/backward -I/usr/lib/gcc/x86_64-pc-linux-gnu/16/include -I/usr/local/include -I/usr/include src/RepositoryPropertyDialog.h -o moc_RepositoryPropertyDialog.cpp
/usr/lib/qt6/moc -DUSE_QT -DAPP_GUITAR -DHAVE_POSIX_OPENPT -DQT_NO_DEBUG -DQT_WIDGETS_LIB -DQT_SVG_LIB -DQT_GUI_LIB -DQT_NETWORK_LIB -DQT_CORE_LIB --include /build/guitar/src/Guitar-1.4.0/moc_predefs.h -I/usr/lib/qt6/mkspecs/linux-g++ -I/build/guitar/src/Guitar-1.4.0 -I/build/guitar/src/Guitar-1.4.0/src -I/build/guitar/src/Guitar-1.4.0/src/common -I/build/guitar/src/Guitar-1.4.0/src/coloredit -I/build/guitar/src/Guitar-1.4.0/src/texteditor -I/build/guitar/src/Guitar-1.4.0/filetype/src -I/build/guitar/src/Guitar-1.4.0/subprojects/IncrementalSearchPlugin/src -I/usr/include/qt6 -I/usr/include/qt6/QtWidgets -I/usr/include/qt6/QtSvg -I/usr/include/qt6/QtGui -I/usr/include/qt6/QtNetwork -I/usr/include/qt6/QtCore -I/usr/include/c++/16 -I/usr/include/c++/16/x86_64-pc-linux-gnu -I/usr/include/c++/16/backward -I/usr/lib/gcc/x86_64-pc-linux-gnu/16/include -I/usr/local/include -I/usr/include src/RepositoryTreeWidget.h -o moc_RepositoryTreeWidget.cpp
/usr/lib/qt6/moc -DUSE_QT -DAPP_GUITAR -DHAVE_POSIX_OPENPT -DQT_NO_DEBUG -DQT_WIDGETS_LIB -DQT_SVG_LIB -DQT_GUI_LIB -DQT_NETWORK_LIB -DQT_CORE_LIB --include /build/guitar/src/Guitar-1.4.0/moc_predefs.h -I/usr/lib/qt6/mkspecs/linux-g++ -I/build/guitar/src/Guitar-1.4.0 -I/build/guitar/src/Guitar-1.4.0/src -I/build/guitar/src/Guitar-1.4.0/src/common -I/build/guitar/src/Guitar-1.4.0/src/coloredit -I/build/guitar/src/Guitar-1.4.0/src/texteditor -I/build/guitar/src/Guitar-1.4.0/filetype/src -I/build/guitar/src/Guitar-1.4.0/subprojects/IncrementalSearchPlugin/src -I/usr/include/qt6 -I/usr/include/qt6/QtWidgets -I/usr/include/qt6/QtSvg -I/usr/include/qt6/QtGui -I/usr/include/qt6/QtNetwork -I/usr/include/qt6/QtCore -I/usr/include/c++/16 -I/usr/include/c++/16/x86_64-pc-linux-gnu -I/usr/include/c++/16/backward -I/usr/lib/gcc/x86_64-pc-linux-gnu/16/include -I/usr/local/include -I/usr/include src/RepositoryUrlLineEdit.h -o moc_RepositoryUrlLineEdit.cpp
/usr/lib/qt6/moc -DUSE_QT -DAPP_GUITAR -DHAVE_POSIX_OPENPT -DQT_NO_DEBUG -DQT_WIDGETS_LIB -DQT_SVG_LIB -DQT_GUI_LIB -DQT_NETWORK_LIB -DQT_CORE_LIB --include /build/guitar/src/Guitar-1.4.0/moc_predefs.h -I/usr/lib/qt6/mkspecs/linux-g++ -I/build/guitar/src/Guitar-1.4.0 -I/build/guitar/src/Guitar-1.4.0/src -I/build/guitar/src/Guitar-1.4.0/src/common -I/build/guitar/src/Guitar-1.4.0/src/coloredit -I/build/guitar/src/Guitar-1.4.0/src/texteditor -I/build/guitar/src/Guitar-1.4.0/filetype/src -I/build/guitar/src/Guitar-1.4.0/subprojects/IncrementalSearchPlugin/src -I/usr/include/qt6 -I/usr/include/qt6/QtWidgets -I/usr/include/qt6/QtSvg -I/usr/include/qt6/QtGui -I/usr/include/qt6/QtNetwork -I/usr/include/qt6/QtCore -I/usr/include/c++/16 -I/usr/include/c++/16/x86_64-pc-linux-gnu -I/usr/include/c++/16/backward -I/usr/lib/gcc/x86_64-pc-linux-gnu/16/include -I/usr/local/include -I/usr/include src/SearchFromGitHubDialog.h -o moc_SearchFromGitHubDialog.cpp
/usr/lib/qt6/moc -DUSE_QT -DAPP_GUITAR -DHAVE_POSIX_OPENPT -DQT_NO_DEBUG -DQT_WIDGETS_LIB -DQT_SVG_LIB -DQT_GUI_LIB -DQT_NETWORK_LIB -DQT_CORE_LIB --include /build/guitar/src/Guitar-1.4.0/moc_predefs.h -I/usr/lib/qt6/mkspecs/linux-g++ -I/build/guitar/src/Guitar-1.4.0 -I/build/guitar/src/Guitar-1.4.0/src -I/build/guitar/src/Guitar-1.4.0/src/common -I/build/guitar/src/Guitar-1.4.0/src/coloredit -I/build/guitar/src/Guitar-1.4.0/src/texteditor -I/build/guitar/src/Guitar-1.4.0/filetype/src -I/build/guitar/src/Guitar-1.4.0/subprojects/IncrementalSearchPlugin/src -I/usr/include/qt6 -I/usr/include/qt6/QtWidgets -I/usr/include/qt6/QtSvg -I/usr/include/qt6/QtGui -I/usr/include/qt6/QtNetwork -I/usr/include/qt6/QtCore -I/usr/include/c++/16 -I/usr/include/c++/16/x86_64-pc-linux-gnu -I/usr/include/c++/16/backward -I/usr/lib/gcc/x86_64-pc-linux-gnu/16/include -I/usr/local/include -I/usr/include src/SelectCommandDialog.h -o moc_SelectCommandDialog.cpp
/usr/lib/qt6/moc -DUSE_QT -DAPP_GUITAR -DHAVE_POSIX_OPENPT -DQT_NO_DEBUG -DQT_WIDGETS_LIB -DQT_SVG_LIB -DQT_GUI_LIB -DQT_NETWORK_LIB -DQT_CORE_LIB --include /build/guitar/src/Guitar-1.4.0/moc_predefs.h -I/usr/lib/qt6/mkspecs/linux-g++ -I/build/guitar/src/Guitar-1.4.0 -I/build/guitar/src/Guitar-1.4.0/src -I/build/guitar/src/Guitar-1.4.0/src/common -I/build/guitar/src/Guitar-1.4.0/src/coloredit -I/build/guitar/src/Guitar-1.4.0/src/texteditor -I/build/guitar/src/Guitar-1.4.0/filetype/src -I/build/guitar/src/Guitar-1.4.0/subprojects/IncrementalSearchPlugin/src -I/usr/include/qt6 -I/usr/include/qt6/QtWidgets -I/usr/include/qt6/QtSvg -I/usr/include/qt6/QtGui -I/usr/include/qt6/QtNetwork -I/usr/include/qt6/QtCore -I/usr/include/c++/16 -I/usr/include/c++/16/x86_64-pc-linux-gnu -I/usr/include/c++/16/backward -I/usr/lib/gcc/x86_64-pc-linux-gnu/16/include -I/usr/local/include -I/usr/include src/SelectGpgKeyDialog.h -o moc_SelectGpgKeyDialog.cpp
/usr/lib/qt6/moc -DUSE_QT -DAPP_GUITAR -DHAVE_POSIX_OPENPT -DQT_NO_DEBUG -DQT_WIDGETS_LIB -DQT_SVG_LIB -DQT_GUI_LIB -DQT_NETWORK_LIB -DQT_CORE_LIB --include /build/guitar/src/Guitar-1.4.0/moc_predefs.h -I/usr/lib/qt6/mkspecs/linux-g++ -I/build/guitar/src/Guitar-1.4.0 -I/build/guitar/src/Guitar-1.4.0/src -I/build/guitar/src/Guitar-1.4.0/src/common -I/build/guitar/src/Guitar-1.4.0/src/coloredit -I/build/guitar/src/Guitar-1.4.0/src/texteditor -I/build/guitar/src/Guitar-1.4.0/filetype/src -I/build/guitar/src/Guitar-1.4.0/subprojects/IncrementalSearchPlugin/src -I/usr/include/qt6 -I/usr/include/qt6/QtWidgets -I/usr/include/qt6/QtSvg -I/usr/include/qt6/QtGui -I/usr/include/qt6/QtNetwork -I/usr/include/qt6/QtCore -I/usr/include/c++/16 -I/usr/include/c++/16/x86_64-pc-linux-gnu -I/usr/include/c++/16/backward -I/usr/lib/gcc/x86_64-pc-linux-gnu/16/include -I/usr/local/include -I/usr/include src/SelectItemDialog.h -o moc_SelectItemDialog.cpp
/usr/lib/qt6/moc -DUSE_QT -DAPP_GUITAR -DHAVE_POSIX_OPENPT -DQT_NO_DEBUG -DQT_WIDGETS_LIB -DQT_SVG_LIB -DQT_GUI_LIB -DQT_NETWORK_LIB -DQT_CORE_LIB --include /build/guitar/src/Guitar-1.4.0/moc_predefs.h -I/usr/lib/qt6/mkspecs/linux-g++ -I/build/guitar/src/Guitar-1.4.0 -I/build/guitar/src/Guitar-1.4.0/src -I/build/guitar/src/Guitar-1.4.0/src/common -I/build/guitar/src/Guitar-1.4.0/src/coloredit -I/build/guitar/src/Guitar-1.4.0/src/texteditor -I/build/guitar/src/Guitar-1.4.0/filetype/src -I/build/guitar/src/Guitar-1.4.0/subprojects/IncrementalSearchPlugin/src -I/usr/include/qt6 -I/usr/include/qt6/QtWidgets -I/usr/include/qt6/QtSvg -I/usr/include/qt6/QtGui -I/usr/include/qt6/QtNetwork -I/usr/include/qt6/QtCore -I/usr/include/c++/16 -I/usr/include/c++/16/x86_64-pc-linux-gnu -I/usr/include/c++/16/backward -I/usr/lib/gcc/x86_64-pc-linux-gnu/16/include -I/usr/local/include -I/usr/include src/SetGlobalUserDialog.h -o moc_SetGlobalUserDialog.cpp
/usr/lib/qt6/moc -DUSE_QT -DAPP_GUITAR -DHAVE_POSIX_OPENPT -DQT_NO_DEBUG -DQT_WIDGETS_LIB -DQT_SVG_LIB -DQT_GUI_LIB -DQT_NETWORK_LIB -DQT_CORE_LIB --include /build/guitar/src/Guitar-1.4.0/moc_predefs.h -I/usr/lib/qt6/mkspecs/linux-g++ -I/build/guitar/src/Guitar-1.4.0 -I/build/guitar/src/Guitar-1.4.0/src -I/build/guitar/src/Guitar-1.4.0/src/common -I/build/guitar/src/Guitar-1.4.0/src/coloredit -I/build/guitar/src/Guitar-1.4.0/src/texteditor -I/build/guitar/src/Guitar-1.4.0/filetype/src -I/build/guitar/src/Guitar-1.4.0/subprojects/IncrementalSearchPlugin/src -I/usr/include/qt6 -I/usr/include/qt6/QtWidgets -I/usr/include/qt6/QtSvg -I/usr/include/qt6/QtGui -I/usr/include/qt6/QtNetwork -I/usr/include/qt6/QtCore -I/usr/include/c++/16 -I/usr/include/c++/16/x86_64-pc-linux-gnu -I/usr/include/c++/16/backward -I/usr/lib/gcc/x86_64-pc-linux-gnu/16/include -I/usr/local/include -I/usr/include src/SetGpgSigningDialog.h -o moc_SetGpgSigningDialog.cpp
/usr/lib/qt6/moc -DUSE_QT -DAPP_GUITAR -DHAVE_POSIX_OPENPT -DQT_NO_DEBUG -DQT_WIDGETS_LIB -DQT_SVG_LIB -DQT_GUI_LIB -DQT_NETWORK_LIB -DQT_CORE_LIB --include /build/guitar/src/Guitar-1.4.0/moc_predefs.h -I/usr/lib/qt6/mkspecs/linux-g++ -I/build/guitar/src/Guitar-1.4.0 -I/build/guitar/src/Guitar-1.4.0/src -I/build/guitar/src/Guitar-1.4.0/src/common -I/build/guitar/src/Guitar-1.4.0/src/coloredit -I/build/guitar/src/Guitar-1.4.0/src/texteditor -I/build/guitar/src/Guitar-1.4.0/filetype/src -I/build/guitar/src/Guitar-1.4.0/subprojects/IncrementalSearchPlugin/src -I/usr/include/qt6 -I/usr/include/qt6/QtWidgets -I/usr/include/qt6/QtSvg -I/usr/include/qt6/QtGui -I/usr/include/qt6/QtNetwork -I/usr/include/qt6/QtCore -I/usr/include/c++/16 -I/usr/include/c++/16/x86_64-pc-linux-gnu -I/usr/include/c++/16/backward -I/usr/lib/gcc/x86_64-pc-linux-gnu/16/include -I/usr/local/include -I/usr/include src/SettingAiForm.h -o moc_SettingAiForm.cpp
/usr/lib/qt6/moc -DUSE_QT -DAPP_GUITAR -DHAVE_POSIX_OPENPT -DQT_NO_DEBUG -DQT_WIDGETS_LIB -DQT_SVG_LIB -DQT_GUI_LIB -DQT_NETWORK_LIB -DQT_CORE_LIB --include /build/guitar/src/Guitar-1.4.0/moc_predefs.h -I/usr/lib/qt6/mkspecs/linux-g++ -I/build/guitar/src/Guitar-1.4.0 -I/build/guitar/src/Guitar-1.4.0/src -I/build/guitar/src/Guitar-1.4.0/src/common -I/build/guitar/src/Guitar-1.4.0/src/coloredit -I/build/guitar/src/Guitar-1.4.0/src/texteditor -I/build/guitar/src/Guitar-1.4.0/filetype/src -I/build/guitar/src/Guitar-1.4.0/subprojects/IncrementalSearchPlugin/src -I/usr/include/qt6 -I/usr/include/qt6/QtWidgets -I/usr/include/qt6/QtSvg -I/usr/include/qt6/QtGui -I/usr/include/qt6/QtNetwork -I/usr/include/qt6/QtCore -I/usr/include/c++/16 -I/usr/include/c++/16/x86_64-pc-linux-gnu -I/usr/include/c++/16/backward -I/usr/lib/gcc/x86_64-pc-linux-gnu/16/include -I/usr/local/include -I/usr/include src/SettingBehaviorForm.h -o moc_SettingBehaviorForm.cpp
/usr/lib/qt6/moc -DUSE_QT -DAPP_GUITAR -DHAVE_POSIX_OPENPT -DQT_NO_DEBUG -DQT_WIDGETS_LIB -DQT_SVG_LIB -DQT_GUI_LIB -DQT_NETWORK_LIB -DQT_CORE_LIB --include /build/guitar/src/Guitar-1.4.0/moc_predefs.h -I/usr/lib/qt6/mkspecs/linux-g++ -I/build/guitar/src/Guitar-1.4.0 -I/build/guitar/src/Guitar-1.4.0/src -I/build/guitar/src/Guitar-1.4.0/src/common -I/build/guitar/src/Guitar-1.4.0/src/coloredit -I/build/guitar/src/Guitar-1.4.0/src/texteditor -I/build/guitar/src/Guitar-1.4.0/filetype/src -I/build/guitar/src/Guitar-1.4.0/subprojects/IncrementalSearchPlugin/src -I/usr/include/qt6 -I/usr/include/qt6/QtWidgets -I/usr/include/qt6/QtSvg -I/usr/include/qt6/QtGui -I/usr/include/qt6/QtNetwork -I/usr/include/qt6/QtCore -I/usr/include/c++/16 -I/usr/include/c++/16/x86_64-pc-linux-gnu -I/usr/include/c++/16/backward -I/usr/lib/gcc/x86_64-pc-linux-gnu/16/include -I/usr/local/include -I/usr/include src/SettingExampleForm.h -o moc_SettingExampleForm.cpp
/usr/lib/qt6/moc -DUSE_QT -DAPP_GUITAR -DHAVE_POSIX_OPENPT -DQT_NO_DEBUG -DQT_WIDGETS_LIB -DQT_SVG_LIB -DQT_GUI_LIB -DQT_NETWORK_LIB -DQT_CORE_LIB --include /build/guitar/src/Guitar-1.4.0/moc_predefs.h -I/usr/lib/qt6/mkspecs/linux-g++ -I/build/guitar/src/Guitar-1.4.0 -I/build/guitar/src/Guitar-1.4.0/src -I/build/guitar/src/Guitar-1.4.0/src/common -I/build/guitar/src/Guitar-1.4.0/src/coloredit -I/build/guitar/src/Guitar-1.4.0/src/texteditor -I/build/guitar/src/Guitar-1.4.0/filetype/src -I/build/guitar/src/Guitar-1.4.0/subprojects/IncrementalSearchPlugin/src -I/usr/include/qt6 -I/usr/include/qt6/QtWidgets -I/usr/include/qt6/QtSvg -I/usr/include/qt6/QtGui -I/usr/include/qt6/QtNetwork -I/usr/include/qt6/QtCore -I/usr/include/c++/16 -I/usr/include/c++/16/x86_64-pc-linux-gnu -I/usr/include/c++/16/backward -I/usr/lib/gcc/x86_64-pc-linux-gnu/16/include -I/usr/local/include -I/usr/include src/SettingGeneralForm.h -o moc_SettingGeneralForm.cpp
/usr/lib/qt6/moc -DUSE_QT -DAPP_GUITAR -DHAVE_POSIX_OPENPT -DQT_NO_DEBUG -DQT_WIDGETS_LIB -DQT_SVG_LIB -DQT_GUI_LIB -DQT_NETWORK_LIB -DQT_CORE_LIB --include /build/guitar/src/Guitar-1.4.0/moc_predefs.h -I/usr/lib/qt6/mkspecs/linux-g++ -I/build/guitar/src/Guitar-1.4.0 -I/build/guitar/src/Guitar-1.4.0/src -I/build/guitar/src/Guitar-1.4.0/src/common -I/build/guitar/src/Guitar-1.4.0/src/coloredit -I/build/guitar/src/Guitar-1.4.0/src/texteditor -I/build/guitar/src/Guitar-1.4.0/filetype/src -I/build/guitar/src/Guitar-1.4.0/subprojects/IncrementalSearchPlugin/src -I/usr/include/qt6 -I/usr/include/qt6/QtWidgets -I/usr/include/qt6/QtSvg -I/usr/include/qt6/QtGui -I/usr/include/qt6/QtNetwork -I/usr/include/qt6/QtCore -I/usr/include/c++/16 -I/usr/include/c++/16/x86_64-pc-linux-gnu -I/usr/include/c++/16/backward -I/usr/lib/gcc/x86_64-pc-linux-gnu/16/include -I/usr/local/include -I/usr/include src/SettingLoggingForm.h -o moc_SettingLoggingForm.cpp
/usr/lib/qt6/moc -DUSE_QT -DAPP_GUITAR -DHAVE_POSIX_OPENPT -DQT_NO_DEBUG -DQT_WIDGETS_LIB -DQT_SVG_LIB -DQT_GUI_LIB -DQT_NETWORK_LIB -DQT_CORE_LIB --include /build/guitar/src/Guitar-1.4.0/moc_predefs.h -I/usr/lib/qt6/mkspecs/linux-g++ -I/build/guitar/src/Guitar-1.4.0 -I/build/guitar/src/Guitar-1.4.0/src -I/build/guitar/src/Guitar-1.4.0/src/common -I/build/guitar/src/Guitar-1.4.0/src/coloredit -I/build/guitar/src/Guitar-1.4.0/src/texteditor -I/build/guitar/src/Guitar-1.4.0/filetype/src -I/build/guitar/src/Guitar-1.4.0/subprojects/IncrementalSearchPlugin/src -I/usr/include/qt6 -I/usr/include/qt6/QtWidgets -I/usr/include/qt6/QtSvg -I/usr/include/qt6/QtGui -I/usr/include/qt6/QtNetwork -I/usr/include/qt6/QtCore -I/usr/include/c++/16 -I/usr/include/c++/16/x86_64-pc-linux-gnu -I/usr/include/c++/16/backward -I/usr/lib/gcc/x86_64-pc-linux-gnu/16/include -I/usr/local/include -I/usr/include src/SettingNetworkForm.h -o moc_SettingNetworkForm.cpp
/usr/lib/qt6/moc -DUSE_QT -DAPP_GUITAR -DHAVE_POSIX_OPENPT -DQT_NO_DEBUG -DQT_WIDGETS_LIB -DQT_SVG_LIB -DQT_GUI_LIB -DQT_NETWORK_LIB -DQT_CORE_LIB --include /build/guitar/src/Guitar-1.4.0/moc_predefs.h -I/usr/lib/qt6/mkspecs/linux-g++ -I/build/guitar/src/Guitar-1.4.0 -I/build/guitar/src/Guitar-1.4.0/src -I/build/guitar/src/Guitar-1.4.0/src/common -I/build/guitar/src/Guitar-1.4.0/src/coloredit -I/build/guitar/src/Guitar-1.4.0/src/texteditor -I/build/guitar/src/Guitar-1.4.0/filetype/src -I/build/guitar/src/Guitar-1.4.0/subprojects/IncrementalSearchPlugin/src -I/usr/include/qt6 -I/usr/include/qt6/QtWidgets -I/usr/include/qt6/QtSvg -I/usr/include/qt6/QtGui -I/usr/include/qt6/QtNetwork -I/usr/include/qt6/QtCore -I/usr/include/c++/16 -I/usr/include/c++/16/x86_64-pc-linux-gnu -I/usr/include/c++/16/backward -I/usr/lib/gcc/x86_64-pc-linux-gnu/16/include -I/usr/local/include -I/usr/include src/SettingOptionsForm.h -o moc_SettingOptionsForm.cpp
/usr/lib/qt6/moc -DUSE_QT -DAPP_GUITAR -DHAVE_POSIX_OPENPT -DQT_NO_DEBUG -DQT_WIDGETS_LIB -DQT_SVG_LIB -DQT_GUI_LIB -DQT_NETWORK_LIB -DQT_CORE_LIB --include /build/guitar/src/Guitar-1.4.0/moc_predefs.h -I/usr/lib/qt6/mkspecs/linux-g++ -I/build/guitar/src/Guitar-1.4.0 -I/build/guitar/src/Guitar-1.4.0/src -I/build/guitar/src/Guitar-1.4.0/src/common -I/build/guitar/src/Guitar-1.4.0/src/coloredit -I/build/guitar/src/Guitar-1.4.0/src/texteditor -I/build/guitar/src/Guitar-1.4.0/filetype/src -I/build/guitar/src/Guitar-1.4.0/subprojects/IncrementalSearchPlugin/src -I/usr/include/qt6 -I/usr/include/qt6/QtWidgets -I/usr/include/qt6/QtSvg -I/usr/include/qt6/QtGui -I/usr/include/qt6/QtNetwork -I/usr/include/qt6/QtCore -I/usr/include/c++/16 -I/usr/include/c++/16/x86_64-pc-linux-gnu -I/usr/include/c++/16/backward -I/usr/lib/gcc/x86_64-pc-linux-gnu/16/include -I/usr/local/include -I/usr/include src/SettingPrograms2Form.h -o moc_SettingPrograms2Form.cpp
/usr/lib/qt6/moc -DUSE_QT -DAPP_GUITAR -DHAVE_POSIX_OPENPT -DQT_NO_DEBUG -DQT_WIDGETS_LIB -DQT_SVG_LIB -DQT_GUI_LIB -DQT_NETWORK_LIB -DQT_CORE_LIB --include /build/guitar/src/Guitar-1.4.0/moc_predefs.h -I/usr/lib/qt6/mkspecs/linux-g++ -I/build/guitar/src/Guitar-1.4.0 -I/build/guitar/src/Guitar-1.4.0/src -I/build/guitar/src/Guitar-1.4.0/src/common -I/build/guitar/src/Guitar-1.4.0/src/coloredit -I/build/guitar/src/Guitar-1.4.0/src/texteditor -I/build/guitar/src/Guitar-1.4.0/filetype/src -I/build/guitar/src/Guitar-1.4.0/subprojects/IncrementalSearchPlugin/src -I/usr/include/qt6 -I/usr/include/qt6/QtWidgets -I/usr/include/qt6/QtSvg -I/usr/include/qt6/QtGui -I/usr/include/qt6/QtNetwork -I/usr/include/qt6/QtCore -I/usr/include/c++/16 -I/usr/include/c++/16/x86_64-pc-linux-gnu -I/usr/include/c++/16/backward -I/usr/lib/gcc/x86_64-pc-linux-gnu/16/include -I/usr/local/include -I/usr/include src/SettingProgramsForm.h -o moc_SettingProgramsForm.cpp
/usr/lib/qt6/moc -DUSE_QT -DAPP_GUITAR -DHAVE_POSIX_OPENPT -DQT_NO_DEBUG -DQT_WIDGETS_LIB -DQT_SVG_LIB -DQT_GUI_LIB -DQT_NETWORK_LIB -DQT_CORE_LIB --include /build/guitar/src/Guitar-1.4.0/moc_predefs.h -I/usr/lib/qt6/mkspecs/linux-g++ -I/build/guitar/src/Guitar-1.4.0 -I/build/guitar/src/Guitar-1.4.0/src -I/build/guitar/src/Guitar-1.4.0/src/common -I/build/guitar/src/Guitar-1.4.0/src/coloredit -I/build/guitar/src/Guitar-1.4.0/src/texteditor -I/build/guitar/src/Guitar-1.4.0/filetype/src -I/build/guitar/src/Guitar-1.4.0/subprojects/IncrementalSearchPlugin/src -I/usr/include/qt6 -I/usr/include/qt6/QtWidgets -I/usr/include/qt6/QtSvg -I/usr/include/qt6/QtGui -I/usr/include/qt6/QtNetwork -I/usr/include/qt6/QtCore -I/usr/include/c++/16 -I/usr/include/c++/16/x86_64-pc-linux-gnu -I/usr/include/c++/16/backward -I/usr/lib/gcc/x86_64-pc-linux-gnu/16/include -I/usr/local/include -I/usr/include src/SettingVisualForm.h -o moc_SettingVisualForm.cpp
/usr/lib/qt6/moc -DUSE_QT -DAPP_GUITAR -DHAVE_POSIX_OPENPT -DQT_NO_DEBUG -DQT_WIDGETS_LIB -DQT_SVG_LIB -DQT_GUI_LIB -DQT_NETWORK_LIB -DQT_CORE_LIB --include /build/guitar/src/Guitar-1.4.0/moc_predefs.h -I/usr/lib/qt6/mkspecs/linux-g++ -I/build/guitar/src/Guitar-1.4.0 -I/build/guitar/src/Guitar-1.4.0/src -I/build/guitar/src/Guitar-1.4.0/src/common -I/build/guitar/src/Guitar-1.4.0/src/coloredit -I/build/guitar/src/Guitar-1.4.0/src/texteditor -I/build/guitar/src/Guitar-1.4.0/filetype/src -I/build/guitar/src/Guitar-1.4.0/subprojects/IncrementalSearchPlugin/src -I/usr/include/qt6 -I/usr/include/qt6/QtWidgets -I/usr/include/qt6/QtSvg -I/usr/include/qt6/QtGui -I/usr/include/qt6/QtNetwork -I/usr/include/qt6/QtCore -I/usr/include/c++/16 -I/usr/include/c++/16/x86_64-pc-linux-gnu -I/usr/include/c++/16/backward -I/usr/lib/gcc/x86_64-pc-linux-gnu/16/include -I/usr/local/include -I/usr/include src/SettingWorkingFolderForm.h -o moc_SettingWorkingFolderForm.cpp
/usr/lib/qt6/moc -DUSE_QT -DAPP_GUITAR -DHAVE_POSIX_OPENPT -DQT_NO_DEBUG -DQT_WIDGETS_LIB -DQT_SVG_LIB -DQT_GUI_LIB -DQT_NETWORK_LIB -DQT_CORE_LIB --include /build/guitar/src/Guitar-1.4.0/moc_predefs.h -I/usr/lib/qt6/mkspecs/linux-g++ -I/build/guitar/src/Guitar-1.4.0 -I/build/guitar/src/Guitar-1.4.0/src -I/build/guitar/src/Guitar-1.4.0/src/common -I/build/guitar/src/Guitar-1.4.0/src/coloredit -I/build/guitar/src/Guitar-1.4.0/src/texteditor -I/build/guitar/src/Guitar-1.4.0/filetype/src -I/build/guitar/src/Guitar-1.4.0/subprojects/IncrementalSearchPlugin/src -I/usr/include/qt6 -I/usr/include/qt6/QtWidgets -I/usr/include/qt6/QtSvg -I/usr/include/qt6/QtGui -I/usr/include/qt6/QtNetwork -I/usr/include/qt6/QtCore -I/usr/include/c++/16 -I/usr/include/c++/16/x86_64-pc-linux-gnu -I/usr/include/c++/16/backward -I/usr/lib/gcc/x86_64-pc-linux-gnu/16/include -I/usr/local/include -I/usr/include src/SettingsDialog.h -o moc_SettingsDialog.cpp
/usr/lib/qt6/moc -DUSE_QT -DAPP_GUITAR -DHAVE_POSIX_OPENPT -DQT_NO_DEBUG -DQT_WIDGETS_LIB -DQT_SVG_LIB -DQT_GUI_LIB -DQT_NETWORK_LIB -DQT_CORE_LIB --include /build/guitar/src/Guitar-1.4.0/moc_predefs.h -I/usr/lib/qt6/mkspecs/linux-g++ -I/build/guitar/src/Guitar-1.4.0 -I/build/guitar/src/Guitar-1.4.0/src -I/build/guitar/src/Guitar-1.4.0/src/common -I/build/guitar/src/Guitar-1.4.0/src/coloredit -I/build/guitar/src/Guitar-1.4.0/src/texteditor -I/build/guitar/src/Guitar-1.4.0/filetype/src -I/build/guitar/src/Guitar-1.4.0/subprojects/IncrementalSearchPlugin/src -I/usr/include/qt6 -I/usr/include/qt6/QtWidgets -I/usr/include/qt6/QtSvg -I/usr/include/qt6/QtGui -I/usr/include/qt6/QtNetwork -I/usr/include/qt6/QtCore -I/usr/include/c++/16 -I/usr/include/c++/16/x86_64-pc-linux-gnu -I/usr/include/c++/16/backward -I/usr/lib/gcc/x86_64-pc-linux-gnu/16/include -I/usr/local/include -I/usr/include src/SimpleImageWidget.h -o moc_SimpleImageWidget.cpp
/usr/lib/qt6/moc -DUSE_QT -DAPP_GUITAR -DHAVE_POSIX_OPENPT -DQT_NO_DEBUG -DQT_WIDGETS_LIB -DQT_SVG_LIB -DQT_GUI_LIB -DQT_NETWORK_LIB -DQT_CORE_LIB --include /build/guitar/src/Guitar-1.4.0/moc_predefs.h -I/usr/lib/qt6/mkspecs/linux-g++ -I/build/guitar/src/Guitar-1.4.0 -I/build/guitar/src/Guitar-1.4.0/src -I/build/guitar/src/Guitar-1.4.0/src/common -I/build/guitar/src/Guitar-1.4.0/src/coloredit -I/build/guitar/src/Guitar-1.4.0/src/texteditor -I/build/guitar/src/Guitar-1.4.0/filetype/src -I/build/guitar/src/Guitar-1.4.0/subprojects/IncrementalSearchPlugin/src -I/usr/include/qt6 -I/usr/include/qt6/QtWidgets -I/usr/include/qt6/QtSvg -I/usr/include/qt6/QtGui -I/usr/include/qt6/QtNetwork -I/usr/include/qt6/QtCore -I/usr/include/c++/16 -I/usr/include/c++/16/x86_64-pc-linux-gnu -I/usr/include/c++/16/backward -I/usr/lib/gcc/x86_64-pc-linux-gnu/16/include -I/usr/local/include -I/usr/include src/StatusLabel.h -o moc_StatusLabel.cpp
/usr/lib/qt6/moc -DUSE_QT -DAPP_GUITAR -DHAVE_POSIX_OPENPT -DQT_NO_DEBUG -DQT_WIDGETS_LIB -DQT_SVG_LIB -DQT_GUI_LIB -DQT_NETWORK_LIB -DQT_CORE_LIB --include /build/guitar/src/Guitar-1.4.0/moc_predefs.h -I/usr/lib/qt6/mkspecs/linux-g++ -I/build/guitar/src/Guitar-1.4.0 -I/build/guitar/src/Guitar-1.4.0/src -I/build/guitar/src/Guitar-1.4.0/src/common -I/build/guitar/src/Guitar-1.4.0/src/coloredit -I/build/guitar/src/Guitar-1.4.0/src/texteditor -I/build/guitar/src/Guitar-1.4.0/filetype/src -I/build/guitar/src/Guitar-1.4.0/subprojects/IncrementalSearchPlugin/src -I/usr/include/qt6 -I/usr/include/qt6/QtWidgets -I/usr/include/qt6/QtSvg -I/usr/include/qt6/QtGui -I/usr/include/qt6/QtNetwork -I/usr/include/qt6/QtCore -I/usr/include/c++/16 -I/usr/include/c++/16/x86_64-pc-linux-gnu -I/usr/include/c++/16/backward -I/usr/lib/gcc/x86_64-pc-linux-gnu/16/include -I/usr/local/include -I/usr/include src/SubmoduleAddDialog.h -o moc_SubmoduleAddDialog.cpp
/usr/lib/qt6/moc -DUSE_QT -DAPP_GUITAR -DHAVE_POSIX_OPENPT -DQT_NO_DEBUG -DQT_WIDGETS_LIB -DQT_SVG_LIB -DQT_GUI_LIB -DQT_NETWORK_LIB -DQT_CORE_LIB --include /build/guitar/src/Guitar-1.4.0/moc_predefs.h -I/usr/lib/qt6/mkspecs/linux-g++ -I/build/guitar/src/Guitar-1.4.0 -I/build/guitar/src/Guitar-1.4.0/src -I/build/guitar/src/Guitar-1.4.0/src/common -I/build/guitar/src/Guitar-1.4.0/src/coloredit -I/build/guitar/src/Guitar-1.4.0/src/texteditor -I/build/guitar/src/Guitar-1.4.0/filetype/src -I/build/guitar/src/Guitar-1.4.0/subprojects/IncrementalSearchPlugin/src -I/usr/include/qt6 -I/usr/include/qt6/QtWidgets -I/usr/include/qt6/QtSvg -I/usr/include/qt6/QtGui -I/usr/include/qt6/QtNetwork -I/usr/include/qt6/QtCore -I/usr/include/c++/16 -I/usr/include/c++/16/x86_64-pc-linux-gnu -I/usr/include/c++/16/backward -I/usr/lib/gcc/x86_64-pc-linux-gnu/16/include -I/usr/local/include -I/usr/include src/SubmoduleUpdateDialog.h -o moc_SubmoduleUpdateDialog.cpp
/usr/lib/qt6/moc -DUSE_QT -DAPP_GUITAR -DHAVE_POSIX_OPENPT -DQT_NO_DEBUG -DQT_WIDGETS_LIB -DQT_SVG_LIB -DQT_GUI_LIB -DQT_NETWORK_LIB -DQT_CORE_LIB --include /build/guitar/src/Guitar-1.4.0/moc_predefs.h -I/usr/lib/qt6/mkspecs/linux-g++ -I/build/guitar/src/Guitar-1.4.0 -I/build/guitar/src/Guitar-1.4.0/src -I/build/guitar/src/Guitar-1.4.0/src/common -I/build/guitar/src/Guitar-1.4.0/src/coloredit -I/build/guitar/src/Guitar-1.4.0/src/texteditor -I/build/guitar/src/Guitar-1.4.0/filetype/src -I/build/guitar/src/Guitar-1.4.0/subprojects/IncrementalSearchPlugin/src -I/usr/include/qt6 -I/usr/include/qt6/QtWidgets -I/usr/include/qt6/QtSvg -I/usr/include/qt6/QtGui -I/usr/include/qt6/QtNetwork -I/usr/include/qt6/QtCore -I/usr/include/c++/16 -I/usr/include/c++/16/x86_64-pc-linux-gnu -I/usr/include/c++/16/backward -I/usr/lib/gcc/x86_64-pc-linux-gnu/16/include -I/usr/local/include -I/usr/include src/SubmodulesDialog.h -o moc_SubmodulesDialog.cpp
/usr/lib/qt6/moc -DUSE_QT -DAPP_GUITAR -DHAVE_POSIX_OPENPT -DQT_NO_DEBUG -DQT_WIDGETS_LIB -DQT_SVG_LIB -DQT_GUI_LIB -DQT_NETWORK_LIB -DQT_CORE_LIB --include /build/guitar/src/Guitar-1.4.0/moc_predefs.h -I/usr/lib/qt6/mkspecs/linux-g++ -I/build/guitar/src/Guitar-1.4.0 -I/build/guitar/src/Guitar-1.4.0/src -I/build/guitar/src/Guitar-1.4.0/src/common -I/build/guitar/src/Guitar-1.4.0/src/coloredit -I/build/guitar/src/Guitar-1.4.0/src/texteditor -I/build/guitar/src/Guitar-1.4.0/filetype/src -I/build/guitar/src/Guitar-1.4.0/subprojects/IncrementalSearchPlugin/src -I/usr/include/qt6 -I/usr/include/qt6/QtWidgets -I/usr/include/qt6/QtSvg -I/usr/include/qt6/QtGui -I/usr/include/qt6/QtNetwork -I/usr/include/qt6/QtCore -I/usr/include/c++/16 -I/usr/include/c++/16/x86_64-pc-linux-gnu -I/usr/include/c++/16/backward -I/usr/lib/gcc/x86_64-pc-linux-gnu/16/include -I/usr/local/include -I/usr/include src/TextEditDialog.h -o moc_TextEditDialog.cpp
/usr/lib/qt6/moc -DUSE_QT -DAPP_GUITAR -DHAVE_POSIX_OPENPT -DQT_NO_DEBUG -DQT_WIDGETS_LIB -DQT_SVG_LIB -DQT_GUI_LIB -DQT_NETWORK_LIB -DQT_CORE_LIB --include /build/guitar/src/Guitar-1.4.0/moc_predefs.h -I/usr/lib/qt6/mkspecs/linux-g++ -I/build/guitar/src/Guitar-1.4.0 -I/build/guitar/src/Guitar-1.4.0/src -I/build/guitar/src/Guitar-1.4.0/src/common -I/build/guitar/src/Guitar-1.4.0/src/coloredit -I/build/guitar/src/Guitar-1.4.0/src/texteditor -I/build/guitar/src/Guitar-1.4.0/filetype/src -I/build/guitar/src/Guitar-1.4.0/subprojects/IncrementalSearchPlugin/src -I/usr/include/qt6 -I/usr/include/qt6/QtWidgets -I/usr/include/qt6/QtSvg -I/usr/include/qt6/QtGui -I/usr/include/qt6/QtNetwork -I/usr/include/qt6/QtCore -I/usr/include/c++/16 -I/usr/include/c++/16/x86_64-pc-linux-gnu -I/usr/include/c++/16/backward -I/usr/lib/gcc/x86_64-pc-linux-gnu/16/include -I/usr/local/include -I/usr/include src/WelcomeWizardDialog.h -o moc_WelcomeWizardDialog.cpp
/usr/lib/qt6/moc -DUSE_QT -DAPP_GUITAR -DHAVE_POSIX_OPENPT -DQT_NO_DEBUG -DQT_WIDGETS_LIB -DQT_SVG_LIB -DQT_GUI_LIB -DQT_NETWORK_LIB -DQT_CORE_LIB --include /build/guitar/src/Guitar-1.4.0/moc_predefs.h -I/usr/lib/qt6/mkspecs/linux-g++ -I/build/guitar/src/Guitar-1.4.0 -I/build/guitar/src/Guitar-1.4.0/src -I/build/guitar/src/Guitar-1.4.0/src/common -I/build/guitar/src/Guitar-1.4.0/src/coloredit -I/build/guitar/src/Guitar-1.4.0/src/texteditor -I/build/guitar/src/Guitar-1.4.0/filetype/src -I/build/guitar/src/Guitar-1.4.0/subprojects/IncrementalSearchPlugin/src -I/usr/include/qt6 -I/usr/include/qt6/QtWidgets -I/usr/include/qt6/QtSvg -I/usr/include/qt6/QtGui -I/usr/include/qt6/QtNetwork -I/usr/include/qt6/QtCore -I/usr/include/c++/16 -I/usr/include/c++/16/x86_64-pc-linux-gnu -I/usr/include/c++/16/backward -I/usr/lib/gcc/x86_64-pc-linux-gnu/16/include -I/usr/local/include -I/usr/include src/WorkingDirLineEdit.h -o moc_WorkingDirLineEdit.cpp
/usr/lib/qt6/moc -DUSE_QT -DAPP_GUITAR -DHAVE_POSIX_OPENPT -DQT_NO_DEBUG -DQT_WIDGETS_LIB -DQT_SVG_LIB -DQT_GUI_LIB -DQT_NETWORK_LIB -DQT_CORE_LIB --include /build/guitar/src/Guitar-1.4.0/moc_predefs.h -I/usr/lib/qt6/mkspecs/linux-g++ -I/build/guitar/src/Guitar-1.4.0 -I/build/guitar/src/Guitar-1.4.0/src -I/build/guitar/src/Guitar-1.4.0/src/common -I/build/guitar/src/Guitar-1.4.0/src/coloredit -I/build/guitar/src/Guitar-1.4.0/src/texteditor -I/build/guitar/src/Guitar-1.4.0/filetype/src -I/build/guitar/src/Guitar-1.4.0/subprojects/IncrementalSearchPlugin/src -I/usr/include/qt6 -I/usr/include/qt6/QtWidgets -I/usr/include/qt6/QtSvg -I/usr/include/qt6/QtGui -I/usr/include/qt6/QtNetwork -I/usr/include/qt6/QtCore -I/usr/include/c++/16 -I/usr/include/c++/16/x86_64-pc-linux-gnu -I/usr/include/c++/16/backward -I/usr/lib/gcc/x86_64-pc-linux-gnu/16/include -I/usr/local/include -I/usr/include src/coloredit/ColorDialog.h -o moc_ColorDialog.cpp
/usr/lib/qt6/moc -DUSE_QT -DAPP_GUITAR -DHAVE_POSIX_OPENPT -DQT_NO_DEBUG -DQT_WIDGETS_LIB -DQT_SVG_LIB -DQT_GUI_LIB -DQT_NETWORK_LIB -DQT_CORE_LIB --include /build/guitar/src/Guitar-1.4.0/moc_predefs.h -I/usr/lib/qt6/mkspecs/linux-g++ -I/build/guitar/src/Guitar-1.4.0 -I/build/guitar/src/Guitar-1.4.0/src -I/build/guitar/src/Guitar-1.4.0/src/common -I/build/guitar/src/Guitar-1.4.0/src/coloredit -I/build/guitar/src/Guitar-1.4.0/src/texteditor -I/build/guitar/src/Guitar-1.4.0/filetype/src -I/build/guitar/src/Guitar-1.4.0/subprojects/IncrementalSearchPlugin/src -I/usr/include/qt6 -I/usr/include/qt6/QtWidgets -I/usr/include/qt6/QtSvg -I/usr/include/qt6/QtGui -I/usr/include/qt6/QtNetwork -I/usr/include/qt6/QtCore -I/usr/include/c++/16 -I/usr/include/c++/16/x86_64-pc-linux-gnu -I/usr/include/c++/16/backward -I/usr/lib/gcc/x86_64-pc-linux-gnu/16/include -I/usr/local/include -I/usr/include src/coloredit/ColorEditWidget.h -o moc_ColorEditWidget.cpp
/usr/lib/qt6/moc -DUSE_QT -DAPP_GUITAR -DHAVE_POSIX_OPENPT -DQT_NO_DEBUG -DQT_WIDGETS_LIB -DQT_SVG_LIB -DQT_GUI_LIB -DQT_NETWORK_LIB -DQT_CORE_LIB --include /build/guitar/src/Guitar-1.4.0/moc_predefs.h -I/usr/lib/qt6/mkspecs/linux-g++ -I/build/guitar/src/Guitar-1.4.0 -I/build/guitar/src/Guitar-1.4.0/src -I/build/guitar/src/Guitar-1.4.0/src/common -I/build/guitar/src/Guitar-1.4.0/src/coloredit -I/build/guitar/src/Guitar-1.4.0/src/texteditor -I/build/guitar/src/Guitar-1.4.0/filetype/src -I/build/guitar/src/Guitar-1.4.0/subprojects/IncrementalSearchPlugin/src -I/usr/include/qt6 -I/usr/include/qt6/QtWidgets -I/usr/include/qt6/QtSvg -I/usr/include/qt6/QtGui -I/usr/include/qt6/QtNetwork -I/usr/include/qt6/QtCore -I/usr/include/c++/16 -I/usr/include/c++/16/x86_64-pc-linux-gnu -I/usr/include/c++/16/backward -I/usr/lib/gcc/x86_64-pc-linux-gnu/16/include -I/usr/local/include -I/usr/include src/coloredit/ColorSlider.h -o moc_ColorSlider.cpp
/usr/lib/qt6/moc -DUSE_QT -DAPP_GUITAR -DHAVE_POSIX_OPENPT -DQT_NO_DEBUG -DQT_WIDGETS_LIB -DQT_SVG_LIB -DQT_GUI_LIB -DQT_NETWORK_LIB -DQT_CORE_LIB --include /build/guitar/src/Guitar-1.4.0/moc_predefs.h -I/usr/lib/qt6/mkspecs/linux-g++ -I/build/guitar/src/Guitar-1.4.0 -I/build/guitar/src/Guitar-1.4.0/src -I/build/guitar/src/Guitar-1.4.0/src/common -I/build/guitar/src/Guitar-1.4.0/src/coloredit -I/build/guitar/src/Guitar-1.4.0/src/texteditor -I/build/guitar/src/Guitar-1.4.0/filetype/src -I/build/guitar/src/Guitar-1.4.0/subprojects/IncrementalSearchPlugin/src -I/usr/include/qt6 -I/usr/include/qt6/QtWidgets -I/usr/include/qt6/QtSvg -I/usr/include/qt6/QtGui -I/usr/include/qt6/QtNetwork -I/usr/include/qt6/QtCore -I/usr/include/c++/16 -I/usr/include/c++/16/x86_64-pc-linux-gnu -I/usr/include/c++/16/backward -I/usr/lib/gcc/x86_64-pc-linux-gnu/16/include -I/usr/local/include -I/usr/include src/coloredit/ColorSquareWidget.h -o moc_ColorSquareWidget.cpp
/usr/lib/qt6/moc -DUSE_QT -DAPP_GUITAR -DHAVE_POSIX_OPENPT -DQT_NO_DEBUG -DQT_WIDGETS_LIB -DQT_SVG_LIB -DQT_GUI_LIB -DQT_NETWORK_LIB -DQT_CORE_LIB --include /build/guitar/src/Guitar-1.4.0/moc_predefs.h -I/usr/lib/qt6/mkspecs/linux-g++ -I/build/guitar/src/Guitar-1.4.0 -I/build/guitar/src/Guitar-1.4.0/src -I/build/guitar/src/Guitar-1.4.0/src/common -I/build/guitar/src/Guitar-1.4.0/src/coloredit -I/build/guitar/src/Guitar-1.4.0/src/texteditor -I/build/guitar/src/Guitar-1.4.0/filetype/src -I/build/guitar/src/Guitar-1.4.0/subprojects/IncrementalSearchPlugin/src -I/usr/include/qt6 -I/usr/include/qt6/QtWidgets -I/usr/include/qt6/QtSvg -I/usr/include/qt6/QtGui -I/usr/include/qt6/QtNetwork -I/usr/include/qt6/QtCore -I/usr/include/c++/16 -I/usr/include/c++/16/x86_64-pc-linux-gnu -I/usr/include/c++/16/backward -I/usr/lib/gcc/x86_64-pc-linux-gnu/16/include -I/usr/local/include -I/usr/include src/texteditor/InputMethodPopup.h -o moc_InputMethodPopup.cpp
/usr/lib/qt6/moc -DUSE_QT -DAPP_GUITAR -DHAVE_POSIX_OPENPT -DQT_NO_DEBUG -DQT_WIDGETS_LIB -DQT_SVG_LIB -DQT_GUI_LIB -DQT_NETWORK_LIB -DQT_CORE_LIB --include /build/guitar/src/Guitar-1.4.0/moc_predefs.h -I/usr/lib/qt6/mkspecs/linux-g++ -I/build/guitar/src/Guitar-1.4.0 -I/build/guitar/src/Guitar-1.4.0/src -I/build/guitar/src/Guitar-1.4.0/src/common -I/build/guitar/src/Guitar-1.4.0/src/coloredit -I/build/guitar/src/Guitar-1.4.0/src/texteditor -I/build/guitar/src/Guitar-1.4.0/filetype/src -I/build/guitar/src/Guitar-1.4.0/subprojects/IncrementalSearchPlugin/src -I/usr/include/qt6 -I/usr/include/qt6/QtWidgets -I/usr/include/qt6/QtSvg -I/usr/include/qt6/QtGui -I/usr/include/qt6/QtNetwork -I/usr/include/qt6/QtCore -I/usr/include/c++/16 -I/usr/include/c++/16/x86_64-pc-linux-gnu -I/usr/include/c++/16/backward -I/usr/lib/gcc/x86_64-pc-linux-gnu/16/include -I/usr/local/include -I/usr/include src/texteditor/TextEditorView.h -o moc_TextEditorView.cpp
/usr/lib/qt6/moc -DUSE_QT -DAPP_GUITAR -DHAVE_POSIX_OPENPT -DQT_NO_DEBUG -DQT_WIDGETS_LIB -DQT_SVG_LIB -DQT_GUI_LIB -DQT_NETWORK_LIB -DQT_CORE_LIB --include /build/guitar/src/Guitar-1.4.0/moc_predefs.h -I/usr/lib/qt6/mkspecs/linux-g++ -I/build/guitar/src/Guitar-1.4.0 -I/build/guitar/src/Guitar-1.4.0/src -I/build/guitar/src/Guitar-1.4.0/src/common -I/build/guitar/src/Guitar-1.4.0/src/coloredit -I/build/guitar/src/Guitar-1.4.0/src/texteditor -I/build/guitar/src/Guitar-1.4.0/filetype/src -I/build/guitar/src/Guitar-1.4.0/subprojects/IncrementalSearchPlugin/src -I/usr/include/qt6 -I/usr/include/qt6/QtWidgets -I/usr/include/qt6/QtSvg -I/usr/include/qt6/QtGui -I/usr/include/qt6/QtNetwork -I/usr/include/qt6/QtCore -I/usr/include/c++/16 -I/usr/include/c++/16/x86_64-pc-linux-gnu -I/usr/include/c++/16/backward -I/usr/lib/gcc/x86_64-pc-linux-gnu/16/include -I/usr/local/include -I/usr/include src/texteditor/TextEditorWidget.h -o moc_TextEditorWidget.cpp
g++ -c -pipe -std=c++20 -Wall -Wextra -include /build/guitar/src/Guitar-1.4.0/pragma.h -march=x86-64 -mtune=generic -O2 -pipe -fno-plt -fexceptions -Wp,-D_FORTIFY_SOURCE=3 -Wformat -Werror=format-security -fstack-clash-protection -fcf-protection -fno-omit-frame-pointer -mno-omit-leaf-frame-pointer -Wp,-D_GLIBCXX_ASSERTIONS -g -ffile-prefix-map=/build/guitar/src=/usr/src/debug/guitar -flto=auto -Wall -Wextra -mno-direct-extern-access -D_REENTRANT -DUSE_QT -DAPP_GUITAR -DHAVE_POSIX_OPENPT -DQT_NO_DEBUG -DQT_WIDGETS_LIB -DQT_SVG_LIB -DQT_GUI_LIB -DQT_NETWORK_LIB -DQT_CORE_LIB -I. -Isrc -Isrc/common -Isrc/coloredit -Isrc/texteditor -Ifiletype/src -Isubprojects/IncrementalSearchPlugin/src -I/usr/include/qt6 -I/usr/include/qt6/QtWidgets -I/usr/include/qt6/QtSvg -I/usr/include/qt6/QtGui -I/usr/include/qt6/QtNetwork -I/usr/include/qt6/QtCore -I. -I. -I/usr/lib/qt6/mkspecs/linux-g++ -o qrc_resources.o qrc_resources.cpp
g++ -c -pipe -std=c++20 -Wall -Wextra -include /build/guitar/src/Guitar-1.4.0/pragma.h -march=x86-64 -mtune=generic -O2 -pipe -fno-plt -fexceptions -Wp,-D_FORTIFY_SOURCE=3 -Wformat -Werror=format-security -fstack-clash-protection -fcf-protection -fno-omit-frame-pointer -mno-omit-leaf-frame-pointer -Wp,-D_GLIBCXX_ASSERTIONS -g -ffile-prefix-map=/build/guitar/src=/usr/src/debug/guitar -flto=auto -Wall -Wextra -mno-direct-extern-access -D_REENTRANT -DUSE_QT -DAPP_GUITAR -DHAVE_POSIX_OPENPT -DQT_NO_DEBUG -DQT_WIDGETS_LIB -DQT_SVG_LIB -DQT_GUI_LIB -DQT_NETWORK_LIB -DQT_CORE_LIB -I. -Isrc -Isrc/common -Isrc/coloredit -Isrc/texteditor -Ifiletype/src -Isubprojects/IncrementalSearchPlugin/src -I/usr/include/qt6 -I/usr/include/qt6/QtWidgets -I/usr/include/qt6/QtSvg -I/usr/include/qt6/QtGui -I/usr/include/qt6/QtNetwork -I/usr/include/qt6/QtCore -I. -I. -I/usr/lib/qt6/mkspecs/linux-g++ -o moc_AboutDialog.o moc_AboutDialog.cpp
g++ -c -pipe -std=c++20 -Wall -Wextra -include /build/guitar/src/Guitar-1.4.0/pragma.h -march=x86-64 -mtune=generic -O2 -pipe -fno-plt -fexceptions -Wp,-D_FORTIFY_SOURCE=3 -Wformat -Werror=format-security -fstack-clash-protection -fcf-protection -fno-omit-frame-pointer -mno-omit-leaf-frame-pointer -Wp,-D_GLIBCXX_ASSERTIONS -g -ffile-prefix-map=/build/guitar/src=/usr/src/debug/guitar -flto=auto -Wall -Wextra -mno-direct-extern-access -D_REENTRANT -DUSE_QT -DAPP_GUITAR -DHAVE_POSIX_OPENPT -DQT_NO_DEBUG -DQT_WIDGETS_LIB -DQT_SVG_LIB -DQT_GUI_LIB -DQT_NETWORK_LIB -DQT_CORE_LIB -I. -Isrc -Isrc/common -Isrc/coloredit -Isrc/texteditor -Ifiletype/src -Isubprojects/IncrementalSearchPlugin/src -I/usr/include/qt6 -I/usr/include/qt6/QtWidgets -I/usr/include/qt6/QtSvg -I/usr/include/qt6/QtGui -I/usr/include/qt6/QtNetwork -I/usr/include/qt6/QtCore -I. -I. -I/usr/lib/qt6/mkspecs/linux-g++ -o moc_AbstractSettingForm.o moc_AbstractSettingForm.cpp
g++ -c -pipe -std=c++20 -Wall -Wextra -include /build/guitar/src/Guitar-1.4.0/pragma.h -march=x86-64 -mtune=generic -O2 -pipe -fno-plt -fexceptions -Wp,-D_FORTIFY_SOURCE=3 -Wformat -Werror=format-security -fstack-clash-protection -fcf-protection -fno-omit-frame-pointer -mno-omit-leaf-frame-pointer -Wp,-D_GLIBCXX_ASSERTIONS -g -ffile-prefix-map=/build/guitar/src=/usr/src/debug/guitar -flto=auto -Wall -Wextra -mno-direct-extern-access -D_REENTRANT -DUSE_QT -DAPP_GUITAR -DHAVE_POSIX_OPENPT -DQT_NO_DEBUG -DQT_WIDGETS_LIB -DQT_SVG_LIB -DQT_GUI_LIB -DQT_NETWORK_LIB -DQT_CORE_LIB -I. -Isrc -Isrc/common -Isrc/coloredit -Isrc/texteditor -Ifiletype/src -Isubprojects/IncrementalSearchPlugin/src -I/usr/include/qt6 -I/usr/include/qt6/QtWidgets -I/usr/include/qt6/QtSvg -I/usr/include/qt6/QtGui -I/usr/include/qt6/QtNetwork -I/usr/include/qt6/QtCore -I. -I. -I/usr/lib/qt6/mkspecs/linux-g++ -o moc_AddRepositoriesCollectivelyDialog.o moc_AddRepositoriesCollectivelyDialog.cpp
g++ -c -pipe -std=c++20 -Wall -Wextra -include /build/guitar/src/Guitar-1.4.0/pragma.h -march=x86-64 -mtune=generic -O2 -pipe -fno-plt -fexceptions -Wp,-D_FORTIFY_SOURCE=3 -Wformat -Werror=format-security -fstack-clash-protection -fcf-protection -fno-omit-frame-pointer -mno-omit-leaf-frame-pointer -Wp,-D_GLIBCXX_ASSERTIONS -g -ffile-prefix-map=/build/guitar/src=/usr/src/debug/guitar -flto=auto -Wall -Wextra -mno-direct-extern-access -D_REENTRANT -DUSE_QT -DAPP_GUITAR -DHAVE_POSIX_OPENPT -DQT_NO_DEBUG -DQT_WIDGETS_LIB -DQT_SVG_LIB -DQT_GUI_LIB -DQT_NETWORK_LIB -DQT_CORE_LIB -I. -Isrc -Isrc/common -Isrc/coloredit -Isrc/texteditor -Ifiletype/src -Isubprojects/IncrementalSearchPlugin/src -I/usr/include/qt6 -I/usr/include/qt6/QtWidgets -I/usr/include/qt6/QtSvg -I/usr/include/qt6/QtGui -I/usr/include/qt6/QtNetwork -I/usr/include/qt6/QtCore -I. -I. -I/usr/lib/qt6/mkspecs/linux-g++ -o moc_AddRepositoryDialog.o moc_AddRepositoryDialog.cpp
g++ -c -pipe -std=c++20 -Wall -Wextra -include /build/guitar/src/Guitar-1.4.0/pragma.h -march=x86-64 -mtune=generic -O2 -pipe -fno-plt -fexceptions -Wp,-D_FORTIFY_SOURCE=3 -Wformat -Werror=format-security -fstack-clash-protection -fcf-protection -fno-omit-frame-pointer -mno-omit-leaf-frame-pointer -Wp,-D_GLIBCXX_ASSERTIONS -g -ffile-prefix-map=/build/guitar/src=/usr/src/debug/guitar -flto=auto -Wall -Wextra -mno-direct-extern-access -D_REENTRANT -DUSE_QT -DAPP_GUITAR -DHAVE_POSIX_OPENPT -DQT_NO_DEBUG -DQT_WIDGETS_LIB -DQT_SVG_LIB -DQT_GUI_LIB -DQT_NETWORK_LIB -DQT_CORE_LIB -I. -Isrc -Isrc/common -Isrc/coloredit -Isrc/texteditor -Ifiletype/src -Isubprojects/IncrementalSearchPlugin/src -I/usr/include/qt6 -I/usr/include/qt6/QtWidgets -I/usr/include/qt6/QtSvg -I/usr/include/qt6/QtGui -I/usr/include/qt6/QtNetwork -I/usr/include/qt6/QtCore -I. -I. -I/usr/lib/qt6/mkspecs/linux-g++ -o moc_AreYouSureYouWantToContinueConnectingDialog.o moc_AreYouSureYouWantToContinueConnectingDialog.cpp
g++ -c -pipe -std=c++20 -Wall -Wextra -include /build/guitar/src/Guitar-1.4.0/pragma.h -march=x86-64 -mtune=generic -O2 -pipe -fno-plt -fexceptions -Wp,-D_FORTIFY_SOURCE=3 -Wformat -Werror=format-security -fstack-clash-protection -fcf-protection -fno-omit-frame-pointer -mno-omit-leaf-frame-pointer -Wp,-D_GLIBCXX_ASSERTIONS -g -ffile-prefix-map=/build/guitar/src=/usr/src/debug/guitar -flto=auto -Wall -Wextra -mno-direct-extern-access -D_REENTRANT -DUSE_QT -DAPP_GUITAR -DHAVE_POSIX_OPENPT -DQT_NO_DEBUG -DQT_WIDGETS_LIB -DQT_SVG_LIB -DQT_GUI_LIB -DQT_NETWORK_LIB -DQT_CORE_LIB -I. -Isrc -Isrc/common -Isrc/coloredit -Isrc/texteditor -Ifiletype/src -Isubprojects/IncrementalSearchPlugin/src -I/usr/include/qt6 -I/usr/include/qt6/QtWidgets -I/usr/include/qt6/QtSvg -I/usr/include/qt6/QtGui -I/usr/include/qt6/QtNetwork -I/usr/include/qt6/QtCore -I. -I. -I/usr/lib/qt6/mkspecs/linux-g++ -o moc_AvatarLoader.o moc_AvatarLoader.cpp
g++ -c -pipe -std=c++20 -Wall -Wextra -include /build/guitar/src/Guitar-1.4.0/pragma.h -march=x86-64 -mtune=generic -O2 -pipe -fno-plt -fexceptions -Wp,-D_FORTIFY_SOURCE=3 -Wformat -Werror=format-security -fstack-clash-protection -fcf-protection -fno-omit-frame-pointer -mno-omit-leaf-frame-pointer -Wp,-D_GLIBCXX_ASSERTIONS -g -ffile-prefix-map=/build/guitar/src=/usr/src/debug/guitar -flto=auto -Wall -Wextra -mno-direct-extern-access -D_REENTRANT -DUSE_QT -DAPP_GUITAR -DHAVE_POSIX_OPENPT -DQT_NO_DEBUG -DQT_WIDGETS_LIB -DQT_SVG_LIB -DQT_GUI_LIB -DQT_NETWORK_LIB -DQT_CORE_LIB -I. -Isrc -Isrc/common -Isrc/coloredit -Isrc/texteditor -Ifiletype/src -Isubprojects/IncrementalSearchPlugin/src -I/usr/include/qt6 -I/usr/include/qt6/QtWidgets -I/usr/include/qt6/QtSvg -I/usr/include/qt6/QtGui -I/usr/include/qt6/QtNetwork -I/usr/include/qt6/QtCore -I. -I. -I/usr/lib/qt6/mkspecs/linux-g++ -o moc_BigDiffWindow.o moc_BigDiffWindow.cpp
g++ -c -pipe -std=c++20 -Wall -Wextra -include /build/guitar/src/Guitar-1.4.0/pragma.h -march=x86-64 -mtune=generic -O2 -pipe -fno-plt -fexceptions -Wp,-D_FORTIFY_SOURCE=3 -Wformat -Werror=format-security -fstack-clash-protection -fcf-protection -fno-omit-frame-pointer -mno-omit-leaf-frame-pointer -Wp,-D_GLIBCXX_ASSERTIONS -g -ffile-prefix-map=/build/guitar/src=/usr/src/debug/guitar -flto=auto -Wall -Wextra -mno-direct-extern-access -D_REENTRANT -DUSE_QT -DAPP_GUITAR -DHAVE_POSIX_OPENPT -DQT_NO_DEBUG -DQT_WIDGETS_LIB -DQT_SVG_LIB -DQT_GUI_LIB -DQT_NETWORK_LIB -DQT_CORE_LIB -I. -Isrc -Isrc/common -Isrc/coloredit -Isrc/texteditor -Ifiletype/src -Isubprojects/IncrementalSearchPlugin/src -I/usr/include/qt6 -I/usr/include/qt6/QtWidgets -I/usr/include/qt6/QtSvg -I/usr/include/qt6/QtGui -I/usr/include/qt6/QtNetwork -I/usr/include/qt6/QtCore -I. -I. -I/usr/lib/qt6/mkspecs/linux-g++ -o moc_BlameWindow.o moc_BlameWindow.cpp
g++ -c -pipe -std=c++20 -Wall -Wextra -include /build/guitar/src/Guitar-1.4.0/pragma.h -march=x86-64 -mtune=generic -O2 -pipe -fno-plt -fexceptions -Wp,-D_FORTIFY_SOURCE=3 -Wformat -Werror=format-security -fstack-clash-protection -fcf-protection -fno-omit-frame-pointer -mno-omit-leaf-frame-pointer -Wp,-D_GLIBCXX_ASSERTIONS -g -ffile-prefix-map=/build/guitar/src=/usr/src/debug/guitar -flto=auto -Wall -Wextra -mno-direct-extern-access -D_REENTRANT -DUSE_QT -DAPP_GUITAR -DHAVE_POSIX_OPENPT -DQT_NO_DEBUG -DQT_WIDGETS_LIB -DQT_SVG_LIB -DQT_GUI_LIB -DQT_NETWORK_LIB -DQT_CORE_LIB -I. -Isrc -Isrc/common -Isrc/coloredit -Isrc/texteditor -Ifiletype/src -Isubprojects/IncrementalSearchPlugin/src -I/usr/include/qt6 -I/usr/include/qt6/QtWidgets -I/usr/include/qt6/QtSvg -I/usr/include/qt6/QtGui -I/usr/include/qt6/QtNetwork -I/usr/include/qt6/QtCore -I. -I. -I/usr/lib/qt6/mkspecs/linux-g++ -o moc_CheckoutDialog.o moc_CheckoutDialog.cpp
g++ -c -pipe -std=c++20 -Wall -Wextra -include /build/guitar/src/Guitar-1.4.0/pragma.h -march=x86-64 -mtune=generic -O2 -pipe -fno-plt -fexceptions -Wp,-D_FORTIFY_SOURCE=3 -Wformat -Werror=format-security -fstack-clash-protection -fcf-protection -fno-omit-frame-pointer -mno-omit-leaf-frame-pointer -Wp,-D_GLIBCXX_ASSERTIONS -g -ffile-prefix-map=/build/guitar/src=/usr/src/debug/guitar -flto=auto -Wall -Wextra -mno-direct-extern-access -D_REENTRANT -DUSE_QT -DAPP_GUITAR -DHAVE_POSIX_OPENPT -DQT_NO_DEBUG -DQT_WIDGETS_LIB -DQT_SVG_LIB -DQT_GUI_LIB -DQT_NETWORK_LIB -DQT_CORE_LIB -I. -Isrc -Isrc/common -Isrc/coloredit -Isrc/texteditor -Ifiletype/src -Isubprojects/IncrementalSearchPlugin/src -I/usr/include/qt6 -I/usr/include/qt6/QtWidgets -I/usr/include/qt6/QtSvg -I/usr/include/qt6/QtGui -I/usr/include/qt6/QtNetwork -I/usr/include/qt6/QtCore -I. -I. -I/usr/lib/qt6/mkspecs/linux-g++ -o moc_CherryPickDialog.o moc_CherryPickDialog.cpp
g++ -c -pipe -std=c++20 -Wall -Wextra -include /build/guitar/src/Guitar-1.4.0/pragma.h -march=x86-64 -mtune=generic -O2 -pipe -fno-plt -fexceptions -Wp,-D_FORTIFY_SOURCE=3 -Wformat -Werror=format-security -fstack-clash-protection -fcf-protection -fno-omit-frame-pointer -mno-omit-leaf-frame-pointer -Wp,-D_GLIBCXX_ASSERTIONS -g -ffile-prefix-map=/build/guitar/src=/usr/src/debug/guitar -flto=auto -Wall -Wextra -mno-direct-extern-access -D_REENTRANT -DUSE_QT -DAPP_GUITAR -DHAVE_POSIX_OPENPT -DQT_NO_DEBUG -DQT_WIDGETS_LIB -DQT_SVG_LIB -DQT_GUI_LIB -DQT_NETWORK_LIB -DQT_CORE_LIB -I. -Isrc -Isrc/common -Isrc/coloredit -Isrc/texteditor -Ifiletype/src -Isubprojects/IncrementalSearchPlugin/src -I/usr/include/qt6 -I/usr/include/qt6/QtWidgets -I/usr/include/qt6/QtSvg -I/usr/include/qt6/QtGui -I/usr/include/qt6/QtNetwork -I/usr/include/qt6/QtCore -I. -I. -I/usr/lib/qt6/mkspecs/linux-g++ -o moc_CleanSubModuleDialog.o moc_CleanSubModuleDialog.cpp
g++ -c -pipe -std=c++20 -Wall -Wextra -include /build/guitar/src/Guitar-1.4.0/pragma.h -march=x86-64 -mtune=generic -O2 -pipe -fno-plt -fexceptions -Wp,-D_FORTIFY_SOURCE=3 -Wformat -Werror=format-security -fstack-clash-protection -fcf-protection -fno-omit-frame-pointer -mno-omit-leaf-frame-pointer -Wp,-D_GLIBCXX_ASSERTIONS -g -ffile-prefix-map=/build/guitar/src=/usr/src/debug/guitar -flto=auto -Wall -Wextra -mno-direct-extern-access -D_REENTRANT -DUSE_QT -DAPP_GUITAR -DHAVE_POSIX_OPENPT -DQT_NO_DEBUG -DQT_WIDGETS_LIB -DQT_SVG_LIB -DQT_GUI_LIB -DQT_NETWORK_LIB -DQT_CORE_LIB -I. -Isrc -Isrc/common -Isrc/coloredit -Isrc/texteditor -Ifiletype/src -Isubprojects/IncrementalSearchPlugin/src -I/usr/include/qt6 -I/usr/include/qt6/QtWidgets -I/usr/include/qt6/QtSvg -I/usr/include/qt6/QtGui -I/usr/include/qt6/QtNetwork -I/usr/include/qt6/QtCore -I. -I. -I/usr/lib/qt6/mkspecs/linux-g++ -o moc_ClearButton.o moc_ClearButton.cpp
g++ -c -pipe -std=c++20 -Wall -Wextra -include /build/guitar/src/Guitar-1.4.0/pragma.h -march=x86-64 -mtune=generic -O2 -pipe -fno-plt -fexceptions -Wp,-D_FORTIFY_SOURCE=3 -Wformat -Werror=format-security -fstack-clash-protection -fcf-protection -fno-omit-frame-pointer -mno-omit-leaf-frame-pointer -Wp,-D_GLIBCXX_ASSERTIONS -g -ffile-prefix-map=/build/guitar/src=/usr/src/debug/guitar -flto=auto -Wall -Wextra -mno-direct-extern-access -D_REENTRANT -DUSE_QT -DAPP_GUITAR -DHAVE_POSIX_OPENPT -DQT_NO_DEBUG -DQT_WIDGETS_LIB -DQT_SVG_LIB -DQT_GUI_LIB -DQT_NETWORK_LIB -DQT_CORE_LIB -I. -Isrc -Isrc/common -Isrc/coloredit -Isrc/texteditor -Ifiletype/src -Isubprojects/IncrementalSearchPlugin/src -I/usr/include/qt6 -I/usr/include/qt6/QtWidgets -I/usr/include/qt6/QtSvg -I/usr/include/qt6/QtGui -I/usr/include/qt6/QtNetwork -I/usr/include/qt6/QtCore -I. -I. -I/usr/lib/qt6/mkspecs/linux-g++ -o moc_CloneFromGitHubDialog.o moc_CloneFromGitHubDialog.cpp
g++ -c -pipe -std=c++20 -Wall -Wextra -include /build/guitar/src/Guitar-1.4.0/pragma.h -march=x86-64 -mtune=generic -O2 -pipe -fno-plt -fexceptions -Wp,-D_FORTIFY_SOURCE=3 -Wformat -Werror=format-security -fstack-clash-protection -fcf-protection -fno-omit-frame-pointer -mno-omit-leaf-frame-pointer -Wp,-D_GLIBCXX_ASSERTIONS -g -ffile-prefix-map=/build/guitar/src=/usr/src/debug/guitar -flto=auto -Wall -Wextra -mno-direct-extern-access -D_REENTRANT -DUSE_QT -DAPP_GUITAR -DHAVE_POSIX_OPENPT -DQT_NO_DEBUG -DQT_WIDGETS_LIB -DQT_SVG_LIB -DQT_GUI_LIB -DQT_NETWORK_LIB -DQT_CORE_LIB -I. -Isrc -Isrc/common -Isrc/coloredit -Isrc/texteditor -Ifiletype/src -Isubprojects/IncrementalSearchPlugin/src -I/usr/include/qt6 -I/usr/include/qt6/QtWidgets -I/usr/include/qt6/QtSvg -I/usr/include/qt6/QtGui -I/usr/include/qt6/QtNetwork -I/usr/include/qt6/QtCore -I. -I. -I/usr/lib/qt6/mkspecs/linux-g++ -o moc_ColorButton.o moc_ColorButton.cpp
g++ -c -pipe -std=c++20 -Wall -Wextra -include /build/guitar/src/Guitar-1.4.0/pragma.h -march=x86-64 -mtune=generic -O2 -pipe -fno-plt -fexceptions -Wp,-D_FORTIFY_SOURCE=3 -Wformat -Werror=format-security -fstack-clash-protection -fcf-protection -fno-omit-frame-pointer -mno-omit-leaf-frame-pointer -Wp,-D_GLIBCXX_ASSERTIONS -g -ffile-prefix-map=/build/guitar/src=/usr/src/debug/guitar -flto=auto -Wall -Wextra -mno-direct-extern-access -D_REENTRANT -DUSE_QT -DAPP_GUITAR -DHAVE_POSIX_OPENPT -DQT_NO_DEBUG -DQT_WIDGETS_LIB -DQT_SVG_LIB -DQT_GUI_LIB -DQT_NETWORK_LIB -DQT_CORE_LIB -I. -Isrc -Isrc/common -Isrc/coloredit -Isrc/texteditor -Ifiletype/src -Isubprojects/IncrementalSearchPlugin/src -I/usr/include/qt6 -I/usr/include/qt6/QtWidgets -I/usr/include/qt6/QtSvg -I/usr/include/qt6/QtGui -I/usr/include/qt6/QtNetwork -I/usr/include/qt6/QtCore -I. -I. -I/usr/lib/qt6/mkspecs/linux-g++ -o moc_CommitDetailGetter.o moc_CommitDetailGetter.cpp
g++ -c -pipe -std=c++20 -Wall -Wextra -include /build/guitar/src/Guitar-1.4.0/pragma.h -march=x86-64 -mtune=generic -O2 -pipe -fno-plt -fexceptions -Wp,-D_FORTIFY_SOURCE=3 -Wformat -Werror=format-security -fstack-clash-protection -fcf-protection -fno-omit-frame-pointer -mno-omit-leaf-frame-pointer -Wp,-D_GLIBCXX_ASSERTIONS -g -ffile-prefix-map=/build/guitar/src=/usr/src/debug/guitar -flto=auto -Wall -Wextra -mno-direct-extern-access -D_REENTRANT -DUSE_QT -DAPP_GUITAR -DHAVE_POSIX_OPENPT -DQT_NO_DEBUG -DQT_WIDGETS_LIB -DQT_SVG_LIB -DQT_GUI_LIB -DQT_NETWORK_LIB -DQT_CORE_LIB -I. -Isrc -Isrc/common -Isrc/coloredit -Isrc/texteditor -Ifiletype/src -Isubprojects/IncrementalSearchPlugin/src -I/usr/include/qt6 -I/usr/include/qt6/QtWidgets -I/usr/include/qt6/QtSvg -I/usr/include/qt6/QtGui -I/usr/include/qt6/QtNetwork -I/usr/include/qt6/QtCore -I. -I. -I/usr/lib/qt6/mkspecs/linux-g++ -o moc_CommitDialog.o moc_CommitDialog.cpp
g++ -c -pipe -std=c++20 -Wall -Wextra -include /build/guitar/src/Guitar-1.4.0/pragma.h -march=x86-64 -mtune=generic -O2 -pipe -fno-plt -fexceptions -Wp,-D_FORTIFY_SOURCE=3 -Wformat -Werror=format-security -fstack-clash-protection -fcf-protection -fno-omit-frame-pointer -mno-omit-leaf-frame-pointer -Wp,-D_GLIBCXX_ASSERTIONS -g -ffile-prefix-map=/build/guitar/src=/usr/src/debug/guitar -flto=auto -Wall -Wextra -mno-direct-extern-access -D_REENTRANT -DUSE_QT -DAPP_GUITAR -DHAVE_POSIX_OPENPT -DQT_NO_DEBUG -DQT_WIDGETS_LIB -DQT_SVG_LIB -DQT_GUI_LIB -DQT_NETWORK_LIB -DQT_CORE_LIB -I. -Isrc -Isrc/common -Isrc/coloredit -Isrc/texteditor -Ifiletype/src -Isubprojects/IncrementalSearchPlugin/src -I/usr/include/qt6 -I/usr/include/qt6/QtWidgets -I/usr/include/qt6/QtSvg -I/usr/include/qt6/QtGui -I/usr/include/qt6/QtNetwork -I/usr/include/qt6/QtCore -I. -I. -I/usr/lib/qt6/mkspecs/linux-g++ -o moc_CommitExploreWindow.o moc_CommitExploreWindow.cpp
g++ -c -pipe -std=c++20 -Wall -Wextra -include /build/guitar/src/Guitar-1.4.0/pragma.h -march=x86-64 -mtune=generic -O2 -pipe -fno-plt -fexceptions -Wp,-D_FORTIFY_SOURCE=3 -Wformat -Werror=format-security -fstack-clash-protection -fcf-protection -fno-omit-frame-pointer -mno-omit-leaf-frame-pointer -Wp,-D_GLIBCXX_ASSERTIONS -g -ffile-prefix-map=/build/guitar/src=/usr/src/debug/guitar -flto=auto -Wall -Wextra -mno-direct-extern-access -D_REENTRANT -DUSE_QT -DAPP_GUITAR -DHAVE_POSIX_OPENPT -DQT_NO_DEBUG -DQT_WIDGETS_LIB -DQT_SVG_LIB -DQT_GUI_LIB -DQT_NETWORK_LIB -DQT_CORE_LIB -I. -Isrc -Isrc/common -Isrc/coloredit -Isrc/texteditor -Ifiletype/src -Isubprojects/IncrementalSearchPlugin/src -I/usr/include/qt6 -I/usr/include/qt6/QtWidgets -I/usr/include/qt6/QtSvg -I/usr/include/qt6/QtGui -I/usr/include/qt6/QtNetwork -I/usr/include/qt6/QtCore -I. -I. -I/usr/lib/qt6/mkspecs/linux-g++ -o moc_CommitLogTableWidget.o moc_CommitLogTableWidget.cpp
g++ -c -pipe -std=c++20 -Wall -Wextra -include /build/guitar/src/Guitar-1.4.0/pragma.h -march=x86-64 -mtune=generic -O2 -pipe -fno-plt -fexceptions -Wp,-D_FORTIFY_SOURCE=3 -Wformat -Werror=format-security -fstack-clash-protection -fcf-protection -fno-omit-frame-pointer -mno-omit-leaf-frame-pointer -Wp,-D_GLIBCXX_ASSERTIONS -g -ffile-prefix-map=/build/guitar/src=/usr/src/debug/guitar -flto=auto -Wall -Wextra -mno-direct-extern-access -D_REENTRANT -DUSE_QT -DAPP_GUITAR -DHAVE_POSIX_OPENPT -DQT_NO_DEBUG -DQT_WIDGETS_LIB -DQT_SVG_LIB -DQT_GUI_LIB -DQT_NETWORK_LIB -DQT_CORE_LIB -I. -Isrc -Isrc/common -Isrc/coloredit -Isrc/texteditor -Ifiletype/src -Isubprojects/IncrementalSearchPlugin/src -I/usr/include/qt6 -I/usr/include/qt6/QtWidgets -I/usr/include/qt6/QtSvg -I/usr/include/qt6/QtGui -I/usr/include/qt6/QtNetwork -I/usr/include/qt6/QtCore -I. -I. -I/usr/lib/qt6/mkspecs/linux-g++ -o moc_CommitPropertyDialog.o moc_CommitPropertyDialog.cpp
g++ -c -pipe -std=c++20 -Wall -Wextra -include /build/guitar/src/Guitar-1.4.0/pragma.h -march=x86-64 -mtune=generic -O2 -pipe -fno-plt -fexceptions -Wp,-D_FORTIFY_SOURCE=3 -Wformat -Werror=format-security -fstack-clash-protection -fcf-protection -fno-omit-frame-pointer -mno-omit-leaf-frame-pointer -Wp,-D_GLIBCXX_ASSERTIONS -g -ffile-prefix-map=/build/guitar/src=/usr/src/debug/guitar -flto=auto -Wall -Wextra -mno-direct-extern-access -D_REENTRANT -DUSE_QT -DAPP_GUITAR -DHAVE_POSIX_OPENPT -DQT_NO_DEBUG -DQT_WIDGETS_LIB -DQT_SVG_LIB -DQT_GUI_LIB -DQT_NETWORK_LIB -DQT_CORE_LIB -I. -Isrc -Isrc/common -Isrc/coloredit -Isrc/texteditor -Ifiletype/src -Isubprojects/IncrementalSearchPlugin/src -I/usr/include/qt6 -I/usr/include/qt6/QtWidgets -I/usr/include/qt6/QtSvg -I/usr/include/qt6/QtGui -I/usr/include/qt6/QtNetwork -I/usr/include/qt6/QtCore -I. -I. -I/usr/lib/qt6/mkspecs/linux-g++ -o moc_CommitViewWindow.o moc_CommitViewWindow.cpp
g++ -c -pipe -std=c++20 -Wall -Wextra -include /build/guitar/src/Guitar-1.4.0/pragma.h -march=x86-64 -mtune=generic -O2 -pipe -fno-plt -fexceptions -Wp,-D_FORTIFY_SOURCE=3 -Wformat -Werror=format-security -fstack-clash-protection -fcf-protection -fno-omit-frame-pointer -mno-omit-leaf-frame-pointer -Wp,-D_GLIBCXX_ASSERTIONS -g -ffile-prefix-map=/build/guitar/src=/usr/src/debug/guitar -flto=auto -Wall -Wextra -mno-direct-extern-access -D_REENTRANT -DUSE_QT -DAPP_GUITAR -DHAVE_POSIX_OPENPT -DQT_NO_DEBUG -DQT_WIDGETS_LIB -DQT_SVG_LIB -DQT_GUI_LIB -DQT_NETWORK_LIB -DQT_CORE_LIB -I. -Isrc -Isrc/common -Isrc/coloredit -Isrc/texteditor -Ifiletype/src -Isubprojects/IncrementalSearchPlugin/src -I/usr/include/qt6 -I/usr/include/qt6/QtWidgets -I/usr/include/qt6/QtSvg -I/usr/include/qt6/QtGui -I/usr/include/qt6/QtNetwork -I/usr/include/qt6/QtCore -I. -I. -I/usr/lib/qt6/mkspecs/linux-g++ -o moc_ConfigCredentialHelperDialog.o moc_ConfigCredentialHelperDialog.cpp
g++ -c -pipe -std=c++20 -Wall -Wextra -include /build/guitar/src/Guitar-1.4.0/pragma.h -march=x86-64 -mtune=generic -O2 -pipe -fno-plt -fexceptions -Wp,-D_FORTIFY_SOURCE=3 -Wformat -Werror=format-security -fstack-clash-protection -fcf-protection -fno-omit-frame-pointer -mno-omit-leaf-frame-pointer -Wp,-D_GLIBCXX_ASSERTIONS -g -ffile-prefix-map=/build/guitar/src=/usr/src/debug/guitar -flto=auto -Wall -Wextra -mno-direct-extern-access -D_REENTRANT -DUSE_QT -DAPP_GUITAR -DHAVE_POSIX_OPENPT -DQT_NO_DEBUG -DQT_WIDGETS_LIB -DQT_SVG_LIB -DQT_GUI_LIB -DQT_NETWORK_LIB -DQT_CORE_LIB -I. -Isrc -Isrc/common -Isrc/coloredit -Isrc/texteditor -Ifiletype/src -Isubprojects/IncrementalSearchPlugin/src -I/usr/include/qt6 -I/usr/include/qt6/QtWidgets -I/usr/include/qt6/QtSvg -I/usr/include/qt6/QtGui -I/usr/include/qt6/QtNetwork -I/usr/include/qt6/QtCore -I. -I. -I/usr/lib/qt6/mkspecs/linux-g++ -o moc_ConfigSigningDialog.o moc_ConfigSigningDialog.cpp
g++ -c -pipe -std=c++20 -Wall -Wextra -include /build/guitar/src/Guitar-1.4.0/pragma.h -march=x86-64 -mtune=generic -O2 -pipe -fno-plt -fexceptions -Wp,-D_FORTIFY_SOURCE=3 -Wformat -Werror=format-security -fstack-clash-protection -fcf-protection -fno-omit-frame-pointer -mno-omit-leaf-frame-pointer -Wp,-D_GLIBCXX_ASSERTIONS -g -ffile-prefix-map=/build/guitar/src=/usr/src/debug/guitar -flto=auto -Wall -Wextra -mno-direct-extern-access -D_REENTRANT -DUSE_QT -DAPP_GUITAR -DHAVE_POSIX_OPENPT -DQT_NO_DEBUG -DQT_WIDGETS_LIB -DQT_SVG_LIB -DQT_GUI_LIB -DQT_NETWORK_LIB -DQT_CORE_LIB -I. -Isrc -Isrc/common -Isrc/coloredit -Isrc/texteditor -Ifiletype/src -Isubprojects/IncrementalSearchPlugin/src -I/usr/include/qt6 -I/usr/include/qt6/QtWidgets -I/usr/include/qt6/QtSvg -I/usr/include/qt6/QtGui -I/usr/include/qt6/QtNetwork -I/usr/include/qt6/QtCore -I. -I. -I/usr/lib/qt6/mkspecs/linux-g++ -o moc_ConfigUserDialog.o moc_ConfigUserDialog.cpp
g++ -c -pipe -std=c++20 -Wall -Wextra -include /build/guitar/src/Guitar-1.4.0/pragma.h -march=x86-64 -mtune=generic -O2 -pipe -fno-plt -fexceptions -Wp,-D_FORTIFY_SOURCE=3 -Wformat -Werror=format-security -fstack-clash-protection -fcf-protection -fno-omit-frame-pointer -mno-omit-leaf-frame-pointer -Wp,-D_GLIBCXX_ASSERTIONS -g -ffile-prefix-map=/build/guitar/src=/usr/src/debug/guitar -flto=auto -Wall -Wextra -mno-direct-extern-access -D_REENTRANT -DUSE_QT -DAPP_GUITAR -DHAVE_POSIX_OPENPT -DQT_NO_DEBUG -DQT_WIDGETS_LIB -DQT_SVG_LIB -DQT_GUI_LIB -DQT_NETWORK_LIB -DQT_CORE_LIB -I. -Isrc -Isrc/common -Isrc/coloredit -Isrc/texteditor -Ifiletype/src -Isubprojects/IncrementalSearchPlugin/src -I/usr/include/qt6 -I/usr/include/qt6/QtWidgets -I/usr/include/qt6/QtSvg -I/usr/include/qt6/QtGui -I/usr/include/qt6/QtNetwork -I/usr/include/qt6/QtCore -I. -I. -I/usr/lib/qt6/mkspecs/linux-g++ -o moc_CreateRepositoryDialog.o moc_CreateRepositoryDialog.cpp
g++ -c -pipe -std=c++20 -Wall -Wextra -include /build/guitar/src/Guitar-1.4.0/pragma.h -march=x86-64 -mtune=generic -O2 -pipe -fno-plt -fexceptions -Wp,-D_FORTIFY_SOURCE=3 -Wformat -Werror=format-security -fstack-clash-protection -fcf-protection -fno-omit-frame-pointer -mno-omit-leaf-frame-pointer -Wp,-D_GLIBCXX_ASSERTIONS -g -ffile-prefix-map=/build/guitar/src=/usr/src/debug/guitar -flto=auto -Wall -Wextra -mno-direct-extern-access -D_REENTRANT -DUSE_QT -DAPP_GUITAR -DHAVE_POSIX_OPENPT -DQT_NO_DEBUG -DQT_WIDGETS_LIB -DQT_SVG_LIB -DQT_GUI_LIB -DQT_NETWORK_LIB -DQT_CORE_LIB -I. -Isrc -Isrc/common -Isrc/coloredit -Isrc/texteditor -Ifiletype/src -Isubprojects/IncrementalSearchPlugin/src -I/usr/include/qt6 -I/usr/include/qt6/QtWidgets -I/usr/include/qt6/QtSvg -I/usr/include/qt6/QtGui -I/usr/include/qt6/QtNetwork -I/usr/include/qt6/QtCore -I. -I. -I/usr/lib/qt6/mkspecs/linux-g++ -o moc_DeleteBranchDialog.o moc_DeleteBranchDialog.cpp
g++ -c -pipe -std=c++20 -Wall -Wextra -include /build/guitar/src/Guitar-1.4.0/pragma.h -march=x86-64 -mtune=generic -O2 -pipe -fno-plt -fexceptions -Wp,-D_FORTIFY_SOURCE=3 -Wformat -Werror=format-security -fstack-clash-protection -fcf-protection -fno-omit-frame-pointer -mno-omit-leaf-frame-pointer -Wp,-D_GLIBCXX_ASSERTIONS -g -ffile-prefix-map=/build/guitar/src=/usr/src/debug/guitar -flto=auto -Wall -Wextra -mno-direct-extern-access -D_REENTRANT -DUSE_QT -DAPP_GUITAR -DHAVE_POSIX_OPENPT -DQT_NO_DEBUG -DQT_WIDGETS_LIB -DQT_SVG_LIB -DQT_GUI_LIB -DQT_NETWORK_LIB -DQT_CORE_LIB -I. -Isrc -Isrc/common -Isrc/coloredit -Isrc/texteditor -Ifiletype/src -Isubprojects/IncrementalSearchPlugin/src -I/usr/include/qt6 -I/usr/include/qt6/QtWidgets -I/usr/include/qt6/QtSvg -I/usr/include/qt6/QtGui -I/usr/include/qt6/QtNetwork -I/usr/include/qt6/QtCore -I. -I. -I/usr/lib/qt6/mkspecs/linux-g++ -o moc_DeleteTagsDialog.o moc_DeleteTagsDialog.cpp
g++ -c -pipe -std=c++20 -Wall -Wextra -include /build/guitar/src/Guitar-1.4.0/pragma.h -march=x86-64 -mtune=generic -O2 -pipe -fno-plt -fexceptions -Wp,-D_FORTIFY_SOURCE=3 -Wformat -Werror=format-security -fstack-clash-protection -fcf-protection -fno-omit-frame-pointer -mno-omit-leaf-frame-pointer -Wp,-D_GLIBCXX_ASSERTIONS -g -ffile-prefix-map=/build/guitar/src=/usr/src/debug/guitar -flto=auto -Wall -Wextra -mno-direct-extern-access -D_REENTRANT -DUSE_QT -DAPP_GUITAR -DHAVE_POSIX_OPENPT -DQT_NO_DEBUG -DQT_WIDGETS_LIB -DQT_SVG_LIB -DQT_GUI_LIB -DQT_NETWORK_LIB -DQT_CORE_LIB -I. -Isrc -Isrc/common -Isrc/coloredit -Isrc/texteditor -Ifiletype/src -Isubprojects/IncrementalSearchPlugin/src -I/usr/include/qt6 -I/usr/include/qt6/QtWidgets -I/usr/include/qt6/QtSvg -I/usr/include/qt6/QtGui -I/usr/include/qt6/QtNetwork -I/usr/include/qt6/QtCore -I. -I. -I/usr/lib/qt6/mkspecs/linux-g++ -o moc_DialogHeaderFrame.o moc_DialogHeaderFrame.cpp
g++ -c -pipe -std=c++20 -Wall -Wextra -include /build/guitar/src/Guitar-1.4.0/pragma.h -march=x86-64 -mtune=generic -O2 -pipe -fno-plt -fexceptions -Wp,-D_FORTIFY_SOURCE=3 -Wformat -Werror=format-security -fstack-clash-protection -fcf-protection -fno-omit-frame-pointer -mno-omit-leaf-frame-pointer -Wp,-D_GLIBCXX_ASSERTIONS -g -ffile-prefix-map=/build/guitar/src=/usr/src/debug/guitar -flto=auto -Wall -Wextra -mno-direct-extern-access -D_REENTRANT -DUSE_QT -DAPP_GUITAR -DHAVE_POSIX_OPENPT -DQT_NO_DEBUG -DQT_WIDGETS_LIB -DQT_SVG_LIB -DQT_GUI_LIB -DQT_NETWORK_LIB -DQT_CORE_LIB -I. -Isrc -Isrc/common -Isrc/coloredit -Isrc/texteditor -Ifiletype/src -Isubprojects/IncrementalSearchPlugin/src -I/usr/include/qt6 -I/usr/include/qt6/QtWidgets -I/usr/include/qt6/QtSvg -I/usr/include/qt6/QtGui -I/usr/include/qt6/QtNetwork -I/usr/include/qt6/QtCore -I. -I. -I/usr/lib/qt6/mkspecs/linux-g++ -o moc_DoYouWantToInitDialog.o moc_DoYouWantToInitDialog.cpp
g++ -c -pipe -std=c++20 -Wall -Wextra -include /build/guitar/src/Guitar-1.4.0/pragma.h -march=x86-64 -mtune=generic -O2 -pipe -fno-plt -fexceptions -Wp,-D_FORTIFY_SOURCE=3 -Wformat -Werror=format-security -fstack-clash-protection -fcf-protection -fno-omit-frame-pointer -mno-omit-leaf-frame-pointer -Wp,-D_GLIBCXX_ASSERTIONS -g -ffile-prefix-map=/build/guitar/src=/usr/src/debug/guitar -flto=auto -Wall -Wextra -mno-direct-extern-access -D_REENTRANT -DUSE_QT -DAPP_GUITAR -DHAVE_POSIX_OPENPT -DQT_NO_DEBUG -DQT_WIDGETS_LIB -DQT_SVG_LIB -DQT_GUI_LIB -DQT_NETWORK_LIB -DQT_CORE_LIB -I. -Isrc -Isrc/common -Isrc/coloredit -Isrc/texteditor -Ifiletype/src -Isubprojects/IncrementalSearchPlugin/src -I/usr/include/qt6 -I/usr/include/qt6/QtWidgets -I/usr/include/qt6/QtSvg -I/usr/include/qt6/QtGui -I/usr/include/qt6/QtNetwork -I/usr/include/qt6/QtCore -I. -I. -I/usr/lib/qt6/mkspecs/linux-g++ -o moc_DropDownListFrame.o moc_DropDownListFrame.cpp
g++ -c -pipe -std=c++20 -Wall -Wextra -include /build/guitar/src/Guitar-1.4.0/pragma.h -march=x86-64 -mtune=generic -O2 -pipe -fno-plt -fexceptions -Wp,-D_FORTIFY_SOURCE=3 -Wformat -Werror=format-security -fstack-clash-protection -fcf-protection -fno-omit-frame-pointer -mno-omit-leaf-frame-pointer -Wp,-D_GLIBCXX_ASSERTIONS -g -ffile-prefix-map=/build/guitar/src=/usr/src/debug/guitar -flto=auto -Wall -Wextra -mno-direct-extern-access -D_REENTRANT -DUSE_QT -DAPP_GUITAR -DHAVE_POSIX_OPENPT -DQT_NO_DEBUG -DQT_WIDGETS_LIB -DQT_SVG_LIB -DQT_GUI_LIB -DQT_NETWORK_LIB -DQT_CORE_LIB -I. -Isrc -Isrc/common -Isrc/coloredit -Isrc/texteditor -Ifiletype/src -Isubprojects/IncrementalSearchPlugin/src -I/usr/include/qt6 -I/usr/include/qt6/QtWidgets -I/usr/include/qt6/QtSvg -I/usr/include/qt6/QtGui -I/usr/include/qt6/QtNetwork -I/usr/include/qt6/QtCore -I. -I. -I/usr/lib/qt6/mkspecs/linux-g++ -o moc_EditGitIgnoreDialog.o moc_EditGitIgnoreDialog.cpp
g++ -c -pipe -std=c++20 -Wall -Wextra -include /build/guitar/src/Guitar-1.4.0/pragma.h -march=x86-64 -mtune=generic -O2 -pipe -fno-plt -fexceptions -Wp,-D_FORTIFY_SOURCE=3 -Wformat -Werror=format-security -fstack-clash-protection -fcf-protection -fno-omit-frame-pointer -mno-omit-leaf-frame-pointer -Wp,-D_GLIBCXX_ASSERTIONS -g -ffile-prefix-map=/build/guitar/src=/usr/src/debug/guitar -flto=auto -Wall -Wextra -mno-direct-extern-access -D_REENTRANT -DUSE_QT -DAPP_GUITAR -DHAVE_POSIX_OPENPT -DQT_NO_DEBUG -DQT_WIDGETS_LIB -DQT_SVG_LIB -DQT_GUI_LIB -DQT_NETWORK_LIB -DQT_CORE_LIB -I. -Isrc -Isrc/common -Isrc/coloredit -Isrc/texteditor -Ifiletype/src -Isubprojects/IncrementalSearchPlugin/src -I/usr/include/qt6 -I/usr/include/qt6/QtWidgets -I/usr/include/qt6/QtSvg -I/usr/include/qt6/QtGui -I/usr/include/qt6/QtNetwork -I/usr/include/qt6/QtCore -I. -I. -I/usr/lib/qt6/mkspecs/linux-g++ -o moc_EditProfilesDialog.o moc_EditProfilesDialog.cpp
g++ -c -pipe -std=c++20 -Wall -Wextra -include /build/guitar/src/Guitar-1.4.0/pragma.h -march=x86-64 -mtune=generic -O2 -pipe -fno-plt -fexceptions -Wp,-D_FORTIFY_SOURCE=3 -Wformat -Werror=format-security -fstack-clash-protection -fcf-protection -fno-omit-frame-pointer -mno-omit-leaf-frame-pointer -Wp,-D_GLIBCXX_ASSERTIONS -g -ffile-prefix-map=/build/guitar/src=/usr/src/debug/guitar -flto=auto -Wall -Wextra -mno-direct-extern-access -D_REENTRANT -DUSE_QT -DAPP_GUITAR -DHAVE_POSIX_OPENPT -DQT_NO_DEBUG -DQT_WIDGETS_LIB -DQT_SVG_LIB -DQT_GUI_LIB -DQT_NETWORK_LIB -DQT_CORE_LIB -I. -Isrc -Isrc/common -Isrc/coloredit -Isrc/texteditor -Ifiletype/src -Isubprojects/IncrementalSearchPlugin/src -I/usr/include/qt6 -I/usr/include/qt6/QtWidgets -I/usr/include/qt6/QtSvg -I/usr/include/qt6/QtGui -I/usr/include/qt6/QtNetwork -I/usr/include/qt6/QtCore -I. -I. -I/usr/lib/qt6/mkspecs/linux-g++ -o moc_EditRemoteDialog.o moc_EditRemoteDialog.cpp
g++ -c -pipe -std=c++20 -Wall -Wextra -include /build/guitar/src/Guitar-1.4.0/pragma.h -march=x86-64 -mtune=generic -O2 -pipe -fno-plt -fexceptions -Wp,-D_FORTIFY_SOURCE=3 -Wformat -Werror=format-security -fstack-clash-protection -fcf-protection -fno-omit-frame-pointer -mno-omit-leaf-frame-pointer -Wp,-D_GLIBCXX_ASSERTIONS -g -ffile-prefix-map=/build/guitar/src=/usr/src/debug/guitar -flto=auto -Wall -Wextra -mno-direct-extern-access -D_REENTRANT -DUSE_QT -DAPP_GUITAR -DHAVE_POSIX_OPENPT -DQT_NO_DEBUG -DQT_WIDGETS_LIB -DQT_SVG_LIB -DQT_GUI_LIB -DQT_NETWORK_LIB -DQT_CORE_LIB -I. -Isrc -Isrc/common -Isrc/coloredit -Isrc/texteditor -Ifiletype/src -Isubprojects/IncrementalSearchPlugin/src -I/usr/include/qt6 -I/usr/include/qt6/QtWidgets -I/usr/include/qt6/QtSvg -I/usr/include/qt6/QtGui -I/usr/include/qt6/QtNetwork -I/usr/include/qt6/QtCore -I. -I. -I/usr/lib/qt6/mkspecs/linux-g++ -o moc_EditTagsDialog.o moc_EditTagsDialog.cpp
g++ -c -pipe -std=c++20 -Wall -Wextra -include /build/guitar/src/Guitar-1.4.0/pragma.h -march=x86-64 -mtune=generic -O2 -pipe -fno-plt -fexceptions -Wp,-D_FORTIFY_SOURCE=3 -Wformat -Werror=format-security -fstack-clash-protection -fcf-protection -fno-omit-frame-pointer -mno-omit-leaf-frame-pointer -Wp,-D_GLIBCXX_ASSERTIONS -g -ffile-prefix-map=/build/guitar/src=/usr/src/debug/guitar -flto=auto -Wall -Wextra -mno-direct-extern-access -D_REENTRANT -DUSE_QT -DAPP_GUITAR -DHAVE_POSIX_OPENPT -DQT_NO_DEBUG -DQT_WIDGETS_LIB -DQT_SVG_LIB -DQT_GUI_LIB -DQT_NETWORK_LIB -DQT_CORE_LIB -I. -Isrc -Isrc/common -Isrc/coloredit -Isrc/texteditor -Ifiletype/src -Isubprojects/IncrementalSearchPlugin/src -I/usr/include/qt6 -I/usr/include/qt6/QtWidgets -I/usr/include/qt6/QtSvg -I/usr/include/qt6/QtGui -I/usr/include/qt6/QtNetwork -I/usr/include/qt6/QtCore -I. -I. -I/usr/lib/qt6/mkspecs/linux-g++ -o moc_ExperimentDialog.o moc_ExperimentDialog.cpp
g++ -c -pipe -std=c++20 -Wall -Wextra -include /build/guitar/src/Guitar-1.4.0/pragma.h -march=x86-64 -mtune=generic -O2 -pipe -fno-plt -fexceptions -Wp,-D_FORTIFY_SOURCE=3 -Wformat -Werror=format-security -fstack-clash-protection -fcf-protection -fno-omit-frame-pointer -mno-omit-leaf-frame-pointer -Wp,-D_GLIBCXX_ASSERTIONS -g -ffile-prefix-map=/build/guitar/src=/usr/src/debug/guitar -flto=auto -Wall -Wextra -mno-direct-extern-access -D_REENTRANT -DUSE_QT -DAPP_GUITAR -DHAVE_POSIX_OPENPT -DQT_NO_DEBUG -DQT_WIDGETS_LIB -DQT_SVG_LIB -DQT_GUI_LIB -DQT_NETWORK_LIB -DQT_CORE_LIB -I. -Isrc -Isrc/common -Isrc/coloredit -Isrc/texteditor -Ifiletype/src -Isubprojects/IncrementalSearchPlugin/src -I/usr/include/qt6 -I/usr/include/qt6/QtWidgets -I/usr/include/qt6/QtSvg -I/usr/include/qt6/QtGui -I/usr/include/qt6/QtNetwork -I/usr/include/qt6/QtCore -I. -I. -I/usr/lib/qt6/mkspecs/linux-g++ -o moc_FileDiffSliderWidget.o moc_FileDiffSliderWidget.cpp
g++ -c -pipe -std=c++20 -Wall -Wextra -include /build/guitar/src/Guitar-1.4.0/pragma.h -march=x86-64 -mtune=generic -O2 -pipe -fno-plt -fexceptions -Wp,-D_FORTIFY_SOURCE=3 -Wformat -Werror=format-security -fstack-clash-protection -fcf-protection -fno-omit-frame-pointer -mno-omit-leaf-frame-pointer -Wp,-D_GLIBCXX_ASSERTIONS -g -ffile-prefix-map=/build/guitar/src=/usr/src/debug/guitar -flto=auto -Wall -Wextra -mno-direct-extern-access -D_REENTRANT -DUSE_QT -DAPP_GUITAR -DHAVE_POSIX_OPENPT -DQT_NO_DEBUG -DQT_WIDGETS_LIB -DQT_SVG_LIB -DQT_GUI_LIB -DQT_NETWORK_LIB -DQT_CORE_LIB -I. -Isrc -Isrc/common -Isrc/coloredit -Isrc/texteditor -Ifiletype/src -Isubprojects/IncrementalSearchPlugin/src -I/usr/include/qt6 -I/usr/include/qt6/QtWidgets -I/usr/include/qt6/QtSvg -I/usr/include/qt6/QtGui -I/usr/include/qt6/QtNetwork -I/usr/include/qt6/QtCore -I. -I. -I/usr/lib/qt6/mkspecs/linux-g++ -o moc_FileDiffWidget.o moc_FileDiffWidget.cpp
g++ -c -pipe -std=c++20 -Wall -Wextra -include /build/guitar/src/Guitar-1.4.0/pragma.h -march=x86-64 -mtune=generic -O2 -pipe -fno-plt -fexceptions -Wp,-D_FORTIFY_SOURCE=3 -Wformat -Werror=format-security -fstack-clash-protection -fcf-protection -fno-omit-frame-pointer -mno-omit-leaf-frame-pointer -Wp,-D_GLIBCXX_ASSERTIONS -g -ffile-prefix-map=/build/guitar/src=/usr/src/debug/guitar -flto=auto -Wall -Wextra -mno-direct-extern-access -D_REENTRANT -DUSE_QT -DAPP_GUITAR -DHAVE_POSIX_OPENPT -DQT_NO_DEBUG -DQT_WIDGETS_LIB -DQT_SVG_LIB -DQT_GUI_LIB -DQT_NETWORK_LIB -DQT_CORE_LIB -I. -Isrc -Isrc/common -Isrc/coloredit -Isrc/texteditor -Ifiletype/src -Isubprojects/IncrementalSearchPlugin/src -I/usr/include/qt6 -I/usr/include/qt6/QtWidgets -I/usr/include/qt6/QtSvg -I/usr/include/qt6/QtGui -I/usr/include/qt6/QtNetwork -I/usr/include/qt6/QtCore -I. -I. -I/usr/lib/qt6/mkspecs/linux-g++ -o moc_FileHistoryWindow.o moc_FileHistoryWindow.cpp
g++ -c -pipe -std=c++20 -Wall -Wextra -include /build/guitar/src/Guitar-1.4.0/pragma.h -march=x86-64 -mtune=generic -O2 -pipe -fno-plt -fexceptions -Wp,-D_FORTIFY_SOURCE=3 -Wformat -Werror=format-security -fstack-clash-protection -fcf-protection -fno-omit-frame-pointer -mno-omit-leaf-frame-pointer -Wp,-D_GLIBCXX_ASSERTIONS -g -ffile-prefix-map=/build/guitar/src=/usr/src/debug/guitar -flto=auto -Wall -Wextra -mno-direct-extern-access -D_REENTRANT -DUSE_QT -DAPP_GUITAR -DHAVE_POSIX_OPENPT -DQT_NO_DEBUG -DQT_WIDGETS_LIB -DQT_SVG_LIB -DQT_GUI_LIB -DQT_NETWORK_LIB -DQT_CORE_LIB -I. -Isrc -Isrc/common -Isrc/coloredit -Isrc/texteditor -Ifiletype/src -Isubprojects/IncrementalSearchPlugin/src -I/usr/include/qt6 -I/usr/include/qt6/QtWidgets -I/usr/include/qt6/QtSvg -I/usr/include/qt6/QtGui -I/usr/include/qt6/QtNetwork -I/usr/include/qt6/QtCore -I. -I. -I/usr/lib/qt6/mkspecs/linux-g++ -o moc_FileListWidget.o moc_FileListWidget.cpp
g++ -c -pipe -std=c++20 -Wall -Wextra -include /build/guitar/src/Guitar-1.4.0/pragma.h -march=x86-64 -mtune=generic -O2 -pipe -fno-plt -fexceptions -Wp,-D_FORTIFY_SOURCE=3 -Wformat -Werror=format-security -fstack-clash-protection -fcf-protection -fno-omit-frame-pointer -mno-omit-leaf-frame-pointer -Wp,-D_GLIBCXX_ASSERTIONS -g -ffile-prefix-map=/build/guitar/src=/usr/src/debug/guitar -flto=auto -Wall -Wextra -mno-direct-extern-access -D_REENTRANT -DUSE_QT -DAPP_GUITAR -DHAVE_POSIX_OPENPT -DQT_NO_DEBUG -DQT_WIDGETS_LIB -DQT_SVG_LIB -DQT_GUI_LIB -DQT_NETWORK_LIB -DQT_CORE_LIB -I. -Isrc -Isrc/common -Isrc/coloredit -Isrc/texteditor -Ifiletype/src -Isubprojects/IncrementalSearchPlugin/src -I/usr/include/qt6 -I/usr/include/qt6/QtWidgets -I/usr/include/qt6/QtSvg -I/usr/include/qt6/QtGui -I/usr/include/qt6/QtNetwork -I/usr/include/qt6/QtCore -I. -I. -I/usr/lib/qt6/mkspecs/linux-g++ -o moc_FilePropertyDialog.o moc_FilePropertyDialog.cpp
g++ -c -pipe -std=c++20 -Wall -Wextra -include /build/guitar/src/Guitar-1.4.0/pragma.h -march=x86-64 -mtune=generic -O2 -pipe -fno-plt -fexceptions -Wp,-D_FORTIFY_SOURCE=3 -Wformat -Werror=format-security -fstack-clash-protection -fcf-protection -fno-omit-frame-pointer -mno-omit-leaf-frame-pointer -Wp,-D_GLIBCXX_ASSERTIONS -g -ffile-prefix-map=/build/guitar/src=/usr/src/debug/guitar -flto=auto -Wall -Wextra -mno-direct-extern-access -D_REENTRANT -DUSE_QT -DAPP_GUITAR -DHAVE_POSIX_OPENPT -DQT_NO_DEBUG -DQT_WIDGETS_LIB -DQT_SVG_LIB -DQT_GUI_LIB -DQT_NETWORK_LIB -DQT_CORE_LIB -I. -Isrc -Isrc/common -Isrc/coloredit -Isrc/texteditor -Ifiletype/src -Isubprojects/IncrementalSearchPlugin/src -I/usr/include/qt6 -I/usr/include/qt6/QtWidgets -I/usr/include/qt6/QtSvg -I/usr/include/qt6/QtGui -I/usr/include/qt6/QtNetwork -I/usr/include/qt6/QtCore -I. -I. -I/usr/lib/qt6/mkspecs/linux-g++ -o moc_FindCommitDialog.o moc_FindCommitDialog.cpp
g++ -c -pipe -std=c++20 -Wall -Wextra -include /build/guitar/src/Guitar-1.4.0/pragma.h -march=x86-64 -mtune=generic -O2 -pipe -fno-plt -fexceptions -Wp,-D_FORTIFY_SOURCE=3 -Wformat -Werror=format-security -fstack-clash-protection -fcf-protection -fno-omit-frame-pointer -mno-omit-leaf-frame-pointer -Wp,-D_GLIBCXX_ASSERTIONS -g -ffile-prefix-map=/build/guitar/src=/usr/src/debug/guitar -flto=auto -Wall -Wextra -mno-direct-extern-access -D_REENTRANT -DUSE_QT -DAPP_GUITAR -DHAVE_POSIX_OPENPT -DQT_NO_DEBUG -DQT_WIDGETS_LIB -DQT_SVG_LIB -DQT_GUI_LIB -DQT_NETWORK_LIB -DQT_CORE_LIB -I. -Isrc -Isrc/common -Isrc/coloredit -Isrc/texteditor -Ifiletype/src -Isubprojects/IncrementalSearchPlugin/src -I/usr/include/qt6 -I/usr/include/qt6/QtWidgets -I/usr/include/qt6/QtSvg -I/usr/include/qt6/QtGui -I/usr/include/qt6/QtNetwork -I/usr/include/qt6/QtCore -I. -I. -I/usr/lib/qt6/mkspecs/linux-g++ -o moc_GenerateCommitMessageDialog.o moc_GenerateCommitMessageDialog.cpp
g++ -c -pipe -std=c++20 -Wall -Wextra -include /build/guitar/src/Guitar-1.4.0/pragma.h -march=x86-64 -mtune=generic -O2 -pipe -fno-plt -fexceptions -Wp,-D_FORTIFY_SOURCE=3 -Wformat -Werror=format-security -fstack-clash-protection -fcf-protection -fno-omit-frame-pointer -mno-omit-leaf-frame-pointer -Wp,-D_GLIBCXX_ASSERTIONS -g -ffile-prefix-map=/build/guitar/src=/usr/src/debug/guitar -flto=auto -Wall -Wextra -mno-direct-extern-access -D_REENTRANT -DUSE_QT -DAPP_GUITAR -DHAVE_POSIX_OPENPT -DQT_NO_DEBUG -DQT_WIDGETS_LIB -DQT_SVG_LIB -DQT_GUI_LIB -DQT_NETWORK_LIB -DQT_CORE_LIB -I. -Isrc -Isrc/common -Isrc/coloredit -Isrc/texteditor -Ifiletype/src -Isubprojects/IncrementalSearchPlugin/src -I/usr/include/qt6 -I/usr/include/qt6/QtWidgets -I/usr/include/qt6/QtSvg -I/usr/include/qt6/QtGui -I/usr/include/qt6/QtNetwork -I/usr/include/qt6/QtCore -I. -I. -I/usr/lib/qt6/mkspecs/linux-g++ -o moc_GenerateCommitMessageThread.o moc_GenerateCommitMessageThread.cpp
g++ -c -pipe -std=c++20 -Wall -Wextra -include /build/guitar/src/Guitar-1.4.0/pragma.h -march=x86-64 -mtune=generic -O2 -pipe -fno-plt -fexceptions -Wp,-D_FORTIFY_SOURCE=3 -Wformat -Werror=format-security -fstack-clash-protection -fcf-protection -fno-omit-frame-pointer -mno-omit-leaf-frame-pointer -Wp,-D_GLIBCXX_ASSERTIONS -g -ffile-prefix-map=/build/guitar/src=/usr/src/debug/guitar -flto=auto -Wall -Wextra -mno-direct-extern-access -D_REENTRANT -DUSE_QT -DAPP_GUITAR -DHAVE_POSIX_OPENPT -DQT_NO_DEBUG -DQT_WIDGETS_LIB -DQT_SVG_LIB -DQT_GUI_LIB -DQT_NETWORK_LIB -DQT_CORE_LIB -I. -Isrc -Isrc/common -Isrc/coloredit -Isrc/texteditor -Ifiletype/src -Isubprojects/IncrementalSearchPlugin/src -I/usr/include/qt6 -I/usr/include/qt6/QtWidgets -I/usr/include/qt6/QtSvg -I/usr/include/qt6/QtGui -I/usr/include/qt6/QtNetwork -I/usr/include/qt6/QtCore -I. -I. -I/usr/lib/qt6/mkspecs/linux-g++ -o moc_GitConfigGlobalAddSafeDirectoryDialog.o moc_GitConfigGlobalAddSafeDirectoryDialog.cpp
g++ -c -pipe -std=c++20 -Wall -Wextra -include /build/guitar/src/Guitar-1.4.0/pragma.h -march=x86-64 -mtune=generic -O2 -pipe -fno-plt -fexceptions -Wp,-D_FORTIFY_SOURCE=3 -Wformat -Werror=format-security -fstack-clash-protection -fcf-protection -fno-omit-frame-pointer -mno-omit-leaf-frame-pointer -Wp,-D_GLIBCXX_ASSERTIONS -g -ffile-prefix-map=/build/guitar/src=/usr/src/debug/guitar -flto=auto -Wall -Wextra -mno-direct-extern-access -D_REENTRANT -DUSE_QT -DAPP_GUITAR -DHAVE_POSIX_OPENPT -DQT_NO_DEBUG -DQT_WIDGETS_LIB -DQT_SVG_LIB -DQT_GUI_LIB -DQT_NETWORK_LIB -DQT_CORE_LIB -I. -Isrc -Isrc/common -Isrc/coloredit -Isrc/texteditor -Ifiletype/src -Isubprojects/IncrementalSearchPlugin/src -I/usr/include/qt6 -I/usr/include/qt6/QtWidgets -I/usr/include/qt6/QtSvg -I/usr/include/qt6/QtGui -I/usr/include/qt6/QtNetwork -I/usr/include/qt6/QtCore -I. -I. -I/usr/lib/qt6/mkspecs/linux-g++ -o moc_GitProcessThread.o moc_GitProcessThread.cpp
g++ -c -pipe -std=c++20 -Wall -Wextra -include /build/guitar/src/Guitar-1.4.0/pragma.h -march=x86-64 -mtune=generic -O2 -pipe -fno-plt -fexceptions -Wp,-D_FORTIFY_SOURCE=3 -Wformat -Werror=format-security -fstack-clash-protection -fcf-protection -fno-omit-frame-pointer -mno-omit-leaf-frame-pointer -Wp,-D_GLIBCXX_ASSERTIONS -g -ffile-prefix-map=/build/guitar/src=/usr/src/debug/guitar -flto=auto -Wall -Wextra -mno-direct-extern-access -D_REENTRANT -DUSE_QT -DAPP_GUITAR -DHAVE_POSIX_OPENPT -DQT_NO_DEBUG -DQT_WIDGETS_LIB -DQT_SVG_LIB -DQT_GUI_LIB -DQT_NETWORK_LIB -DQT_CORE_LIB -I. -Isrc -Isrc/common -Isrc/coloredit -Isrc/texteditor -Ifiletype/src -Isubprojects/IncrementalSearchPlugin/src -I/usr/include/qt6 -I/usr/include/qt6/QtWidgets -I/usr/include/qt6/QtSvg -I/usr/include/qt6/QtGui -I/usr/include/qt6/QtNetwork -I/usr/include/qt6/QtCore -I. -I. -I/usr/lib/qt6/mkspecs/linux-g++ -o moc_HyperLinkLabel.o moc_HyperLinkLabel.cpp
g++ -c -pipe -std=c++20 -Wall -Wextra -include /build/guitar/src/Guitar-1.4.0/pragma.h -march=x86-64 -mtune=generic -O2 -pipe -fno-plt -fexceptions -Wp,-D_FORTIFY_SOURCE=3 -Wformat -Werror=format-security -fstack-clash-protection -fcf-protection -fno-omit-frame-pointer -mno-omit-leaf-frame-pointer -Wp,-D_GLIBCXX_ASSERTIONS -g -ffile-prefix-map=/build/guitar/src=/usr/src/debug/guitar -flto=auto -Wall -Wextra -mno-direct-extern-access -D_REENTRANT -DUSE_QT -DAPP_GUITAR -DHAVE_POSIX_OPENPT -DQT_NO_DEBUG -DQT_WIDGETS_LIB -DQT_SVG_LIB -DQT_GUI_LIB -DQT_NETWORK_LIB -DQT_CORE_LIB -I. -Isrc -Isrc/common -Isrc/coloredit -Isrc/texteditor -Ifiletype/src -Isubprojects/IncrementalSearchPlugin/src -I/usr/include/qt6 -I/usr/include/qt6/QtWidgets -I/usr/include/qt6/QtSvg -I/usr/include/qt6/QtGui -I/usr/include/qt6/QtNetwork -I/usr/include/qt6/QtCore -I. -I. -I/usr/lib/qt6/mkspecs/linux-g++ -o moc_ImageViewWidget.o moc_ImageViewWidget.cpp
g++ -c -pipe -std=c++20 -Wall -Wextra -include /build/guitar/src/Guitar-1.4.0/pragma.h -march=x86-64 -mtune=generic -O2 -pipe -fno-plt -fexceptions -Wp,-D_FORTIFY_SOURCE=3 -Wformat -Werror=format-security -fstack-clash-protection -fcf-protection -fno-omit-frame-pointer -mno-omit-leaf-frame-pointer -Wp,-D_GLIBCXX_ASSERTIONS -g -ffile-prefix-map=/build/guitar/src=/usr/src/debug/guitar -flto=auto -Wall -Wextra -mno-direct-extern-access -D_REENTRANT -DUSE_QT -DAPP_GUITAR -DHAVE_POSIX_OPENPT -DQT_NO_DEBUG -DQT_WIDGETS_LIB -DQT_SVG_LIB -DQT_GUI_LIB -DQT_NETWORK_LIB -DQT_CORE_LIB -I. -Isrc -Isrc/common -Isrc/coloredit -Isrc/texteditor -Ifiletype/src -Isubprojects/IncrementalSearchPlugin/src -I/usr/include/qt6 -I/usr/include/qt6/QtWidgets -I/usr/include/qt6/QtSvg -I/usr/include/qt6/QtGui -I/usr/include/qt6/QtNetwork -I/usr/include/qt6/QtCore -I. -I. -I/usr/lib/qt6/mkspecs/linux-g++ -o moc_InputNewTagDialog.o moc_InputNewTagDialog.cpp
g++ -c -pipe -std=c++20 -Wall -Wextra -include /build/guitar/src/Guitar-1.4.0/pragma.h -march=x86-64 -mtune=generic -O2 -pipe -fno-plt -fexceptions -Wp,-D_FORTIFY_SOURCE=3 -Wformat -Werror=format-security -fstack-clash-protection -fcf-protection -fno-omit-frame-pointer -mno-omit-leaf-frame-pointer -Wp,-D_GLIBCXX_ASSERTIONS -g -ffile-prefix-map=/build/guitar/src=/usr/src/debug/guitar -flto=auto -Wall -Wextra -mno-direct-extern-access -D_REENTRANT -DUSE_QT -DAPP_GUITAR -DHAVE_POSIX_OPENPT -DQT_NO_DEBUG -DQT_WIDGETS_LIB -DQT_SVG_LIB -DQT_GUI_LIB -DQT_NETWORK_LIB -DQT_CORE_LIB -I. -Isrc -Isrc/common -Isrc/coloredit -Isrc/texteditor -Ifiletype/src -Isubprojects/IncrementalSearchPlugin/src -I/usr/include/qt6 -I/usr/include/qt6/QtWidgets -I/usr/include/qt6/QtSvg -I/usr/include/qt6/QtGui -I/usr/include/qt6/QtNetwork -I/usr/include/qt6/QtCore -I. -I. -I/usr/lib/qt6/mkspecs/linux-g++ -o moc_JumpDialog.o moc_JumpDialog.cpp
g++ -c -pipe -std=c++20 -Wall -Wextra -include /build/guitar/src/Guitar-1.4.0/pragma.h -march=x86-64 -mtune=generic -O2 -pipe -fno-plt -fexceptions -Wp,-D_FORTIFY_SOURCE=3 -Wformat -Werror=format-security -fstack-clash-protection -fcf-protection -fno-omit-frame-pointer -mno-omit-leaf-frame-pointer -Wp,-D_GLIBCXX_ASSERTIONS -g -ffile-prefix-map=/build/guitar/src=/usr/src/debug/guitar -flto=auto -Wall -Wextra -mno-direct-extern-access -D_REENTRANT -DUSE_QT -DAPP_GUITAR -DHAVE_POSIX_OPENPT -DQT_NO_DEBUG -DQT_WIDGETS_LIB -DQT_SVG_LIB -DQT_GUI_LIB -DQT_NETWORK_LIB -DQT_CORE_LIB -I. -Isrc -Isrc/common -Isrc/coloredit -Isrc/texteditor -Ifiletype/src -Isubprojects/IncrementalSearchPlugin/src -I/usr/include/qt6 -I/usr/include/qt6/QtWidgets -I/usr/include/qt6/QtSvg -I/usr/include/qt6/QtGui -I/usr/include/qt6/QtNetwork -I/usr/include/qt6/QtCore -I. -I. -I/usr/lib/qt6/mkspecs/linux-g++ -o moc_Languages.o moc_Languages.cpp
g++ -c -pipe -std=c++20 -Wall -Wextra -include /build/guitar/src/Guitar-1.4.0/pragma.h -march=x86-64 -mtune=generic -O2 -pipe -fno-plt -fexceptions -Wp,-D_FORTIFY_SOURCE=3 -Wformat -Werror=format-security -fstack-clash-protection -fcf-protection -fno-omit-frame-pointer -mno-omit-leaf-frame-pointer -Wp,-D_GLIBCXX_ASSERTIONS -g -ffile-prefix-map=/build/guitar/src=/usr/src/debug/guitar -flto=auto -Wall -Wextra -mno-direct-extern-access -D_REENTRANT -DUSE_QT -DAPP_GUITAR -DHAVE_POSIX_OPENPT -DQT_NO_DEBUG -DQT_WIDGETS_LIB -DQT_SVG_LIB -DQT_GUI_LIB -DQT_NETWORK_LIB -DQT_CORE_LIB -I. -Isrc -Isrc/common -Isrc/coloredit -Isrc/texteditor -Ifiletype/src -Isubprojects/IncrementalSearchPlugin/src -I/usr/include/qt6 -I/usr/include/qt6/QtWidgets -I/usr/include/qt6/QtSvg -I/usr/include/qt6/QtGui -I/usr/include/qt6/QtNetwork -I/usr/include/qt6/QtCore -I. -I. -I/usr/lib/qt6/mkspecs/linux-g++ -o moc_LineEditDialog.o moc_LineEditDialog.cpp
g++ -c -pipe -std=c++20 -Wall -Wextra -include /build/guitar/src/Guitar-1.4.0/pragma.h -march=x86-64 -mtune=generic -O2 -pipe -fno-plt -fexceptions -Wp,-D_FORTIFY_SOURCE=3 -Wformat -Werror=format-security -fstack-clash-protection -fcf-protection -fno-omit-frame-pointer -mno-omit-leaf-frame-pointer -Wp,-D_GLIBCXX_ASSERTIONS -g -ffile-prefix-map=/build/guitar/src=/usr/src/debug/guitar -flto=auto -Wall -Wextra -mno-direct-extern-access -D_REENTRANT -DUSE_QT -DAPP_GUITAR -DHAVE_POSIX_OPENPT -DQT_NO_DEBUG -DQT_WIDGETS_LIB -DQT_SVG_LIB -DQT_GUI_LIB -DQT_NETWORK_LIB -DQT_CORE_LIB -I. -Isrc -Isrc/common -Isrc/coloredit -Isrc/texteditor -Ifiletype/src -Isubprojects/IncrementalSearchPlugin/src -I/usr/include/qt6 -I/usr/include/qt6/QtWidgets -I/usr/include/qt6/QtSvg -I/usr/include/qt6/QtGui -I/usr/include/qt6/QtNetwork -I/usr/include/qt6/QtCore -I. -I. -I/usr/lib/qt6/mkspecs/linux-g++ -o moc_LocalSocketReader.o moc_LocalSocketReader.cpp
g++ -c -pipe -std=c++20 -Wall -Wextra -include /build/guitar/src/Guitar-1.4.0/pragma.h -march=x86-64 -mtune=generic -O2 -pipe -fno-plt -fexceptions -Wp,-D_FORTIFY_SOURCE=3 -Wformat -Werror=format-security -fstack-clash-protection -fcf-protection -fno-omit-frame-pointer -mno-omit-leaf-frame-pointer -Wp,-D_GLIBCXX_ASSERTIONS -g -ffile-prefix-map=/build/guitar/src=/usr/src/debug/guitar -flto=auto -Wall -Wextra -mno-direct-extern-access -D_REENTRANT -DUSE_QT -DAPP_GUITAR -DHAVE_POSIX_OPENPT -DQT_NO_DEBUG -DQT_WIDGETS_LIB -DQT_SVG_LIB -DQT_GUI_LIB -DQT_NETWORK_LIB -DQT_CORE_LIB -I. -Isrc -Isrc/common -Isrc/coloredit -Isrc/texteditor -Ifiletype/src -Isubprojects/IncrementalSearchPlugin/src -I/usr/include/qt6 -I/usr/include/qt6/QtWidgets -I/usr/include/qt6/QtSvg -I/usr/include/qt6/QtGui -I/usr/include/qt6/QtNetwork -I/usr/include/qt6/QtCore -I. -I. -I/usr/lib/qt6/mkspecs/linux-g++ -o moc_MainWindow.o moc_MainWindow.cpp
g++ -c -pipe -std=c++20 -Wall -Wextra -include /build/guitar/src/Guitar-1.4.0/pragma.h -march=x86-64 -mtune=generic -O2 -pipe -fno-plt -fexceptions -Wp,-D_FORTIFY_SOURCE=3 -Wformat -Werror=format-security -fstack-clash-protection -fcf-protection -fno-omit-frame-pointer -mno-omit-leaf-frame-pointer -Wp,-D_GLIBCXX_ASSERTIONS -g -ffile-prefix-map=/build/guitar/src=/usr/src/debug/guitar -flto=auto -Wall -Wextra -mno-direct-extern-access -D_REENTRANT -DUSE_QT -DAPP_GUITAR -DHAVE_POSIX_OPENPT -DQT_NO_DEBUG -DQT_WIDGETS_LIB -DQT_SVG_LIB -DQT_GUI_LIB -DQT_NETWORK_LIB -DQT_CORE_LIB -I. -Isrc -Isrc/common -Isrc/coloredit -Isrc/texteditor -Ifiletype/src -Isubprojects/IncrementalSearchPlugin/src -I/usr/include/qt6 -I/usr/include/qt6/QtWidgets -I/usr/include/qt6/QtSvg -I/usr/include/qt6/QtGui -I/usr/include/qt6/QtNetwork -I/usr/include/qt6/QtCore -I. -I. -I/usr/lib/qt6/mkspecs/linux-g++ -o moc_ManageWorkingFolderDialog.o moc_ManageWorkingFolderDialog.cpp
g++ -c -pipe -std=c++20 -Wall -Wextra -include /build/guitar/src/Guitar-1.4.0/pragma.h -march=x86-64 -mtune=generic -O2 -pipe -fno-plt -fexceptions -Wp,-D_FORTIFY_SOURCE=3 -Wformat -Werror=format-security -fstack-clash-protection -fcf-protection -fno-omit-frame-pointer -mno-omit-leaf-frame-pointer -Wp,-D_GLIBCXX_ASSERTIONS -g -ffile-prefix-map=/build/guitar/src=/usr/src/debug/guitar -flto=auto -Wall -Wextra -mno-direct-extern-access -D_REENTRANT -DUSE_QT -DAPP_GUITAR -DHAVE_POSIX_OPENPT -DQT_NO_DEBUG -DQT_WIDGETS_LIB -DQT_SVG_LIB -DQT_GUI_LIB -DQT_NETWORK_LIB -DQT_CORE_LIB -I. -Isrc -Isrc/common -Isrc/coloredit -Isrc/texteditor -Ifiletype/src -Isubprojects/IncrementalSearchPlugin/src -I/usr/include/qt6 -I/usr/include/qt6/QtWidgets -I/usr/include/qt6/QtSvg -I/usr/include/qt6/QtGui -I/usr/include/qt6/QtNetwork -I/usr/include/qt6/QtCore -I. -I. -I/usr/lib/qt6/mkspecs/linux-g++ -o moc_MaximizeButton.o moc_MaximizeButton.cpp
g++ -c -pipe -std=c++20 -Wall -Wextra -include /build/guitar/src/Guitar-1.4.0/pragma.h -march=x86-64 -mtune=generic -O2 -pipe -fno-plt -fexceptions -Wp,-D_FORTIFY_SOURCE=3 -Wformat -Werror=format-security -fstack-clash-protection -fcf-protection -fno-omit-frame-pointer -mno-omit-leaf-frame-pointer -Wp,-D_GLIBCXX_ASSERTIONS -g -ffile-prefix-map=/build/guitar/src=/usr/src/debug/guitar -flto=auto -Wall -Wextra -mno-direct-extern-access -D_REENTRANT -DUSE_QT -DAPP_GUITAR -DHAVE_POSIX_OPENPT -DQT_NO_DEBUG -DQT_WIDGETS_LIB -DQT_SVG_LIB -DQT_GUI_LIB -DQT_NETWORK_LIB -DQT_CORE_LIB -I. -Isrc -Isrc/common -Isrc/coloredit -Isrc/texteditor -Ifiletype/src -Isubprojects/IncrementalSearchPlugin/src -I/usr/include/qt6 -I/usr/include/qt6/QtWidgets -I/usr/include/qt6/QtSvg -I/usr/include/qt6/QtGui -I/usr/include/qt6/QtNetwork -I/usr/include/qt6/QtCore -I. -I. -I/usr/lib/qt6/mkspecs/linux-g++ -o moc_MenuButton.o moc_MenuButton.cpp
g++ -c -pipe -std=c++20 -Wall -Wextra -include /build/guitar/src/Guitar-1.4.0/pragma.h -march=x86-64 -mtune=generic -O2 -pipe -fno-plt -fexceptions -Wp,-D_FORTIFY_SOURCE=3 -Wformat -Werror=format-security -fstack-clash-protection -fcf-protection -fno-omit-frame-pointer -mno-omit-leaf-frame-pointer -Wp,-D_GLIBCXX_ASSERTIONS -g -ffile-prefix-map=/build/guitar/src=/usr/src/debug/guitar -flto=auto -Wall -Wextra -mno-direct-extern-access -D_REENTRANT -DUSE_QT -DAPP_GUITAR -DHAVE_POSIX_OPENPT -DQT_NO_DEBUG -DQT_WIDGETS_LIB -DQT_SVG_LIB -DQT_GUI_LIB -DQT_NETWORK_LIB -DQT_CORE_LIB -I. -Isrc -Isrc/common -Isrc/coloredit -Isrc/texteditor -Ifiletype/src -Isubprojects/IncrementalSearchPlugin/src -I/usr/include/qt6 -I/usr/include/qt6/QtWidgets -I/usr/include/qt6/QtSvg -I/usr/include/qt6/QtGui -I/usr/include/qt6/QtNetwork -I/usr/include/qt6/QtCore -I. -I. -I/usr/lib/qt6/mkspecs/linux-g++ -o moc_MergeDialog.o moc_MergeDialog.cpp
g++ -c -pipe -std=c++20 -Wall -Wextra -include /build/guitar/src/Guitar-1.4.0/pragma.h -march=x86-64 -mtune=generic -O2 -pipe -fno-plt -fexceptions -Wp,-D_FORTIFY_SOURCE=3 -Wformat -Werror=format-security -fstack-clash-protection -fcf-protection -fno-omit-frame-pointer -mno-omit-leaf-frame-pointer -Wp,-D_GLIBCXX_ASSERTIONS -g -ffile-prefix-map=/build/guitar/src=/usr/src/debug/guitar -flto=auto -Wall -Wextra -mno-direct-extern-access -D_REENTRANT -DUSE_QT -DAPP_GUITAR -DHAVE_POSIX_OPENPT -DQT_NO_DEBUG -DQT_WIDGETS_LIB -DQT_SVG_LIB -DQT_GUI_LIB -DQT_NETWORK_LIB -DQT_CORE_LIB -I. -Isrc -Isrc/common -Isrc/coloredit -Isrc/texteditor -Ifiletype/src -Isubprojects/IncrementalSearchPlugin/src -I/usr/include/qt6 -I/usr/include/qt6/QtWidgets -I/usr/include/qt6/QtSvg -I/usr/include/qt6/QtGui -I/usr/include/qt6/QtNetwork -I/usr/include/qt6/QtCore -I. -I. -I/usr/lib/qt6/mkspecs/linux-g++ -o moc_MySettings.o moc_MySettings.cpp
g++ -c -pipe -std=c++20 -Wall -Wextra -include /build/guitar/src/Guitar-1.4.0/pragma.h -march=x86-64 -mtune=generic -O2 -pipe -fno-plt -fexceptions -Wp,-D_FORTIFY_SOURCE=3 -Wformat -Werror=format-security -fstack-clash-protection -fcf-protection -fno-omit-frame-pointer -mno-omit-leaf-frame-pointer -Wp,-D_GLIBCXX_ASSERTIONS -g -ffile-prefix-map=/build/guitar/src=/usr/src/debug/guitar -flto=auto -Wall -Wextra -mno-direct-extern-access -D_REENTRANT -DUSE_QT -DAPP_GUITAR -DHAVE_POSIX_OPENPT -DQT_NO_DEBUG -DQT_WIDGETS_LIB -DQT_SVG_LIB -DQT_GUI_LIB -DQT_NETWORK_LIB -DQT_CORE_LIB -I. -Isrc -Isrc/common -Isrc/coloredit -Isrc/texteditor -Ifiletype/src -Isubprojects/IncrementalSearchPlugin/src -I/usr/include/qt6 -I/usr/include/qt6/QtWidgets -I/usr/include/qt6/QtSvg -I/usr/include/qt6/QtGui -I/usr/include/qt6/QtNetwork -I/usr/include/qt6/QtCore -I. -I. -I/usr/lib/qt6/mkspecs/linux-g++ -o moc_MyToolButton.o moc_MyToolButton.cpp
g++ -c -pipe -std=c++20 -Wall -Wextra -include /build/guitar/src/Guitar-1.4.0/pragma.h -march=x86-64 -mtune=generic -O2 -pipe -fno-plt -fexceptions -Wp,-D_FORTIFY_SOURCE=3 -Wformat -Werror=format-security -fstack-clash-protection -fcf-protection -fno-omit-frame-pointer -mno-omit-leaf-frame-pointer -Wp,-D_GLIBCXX_ASSERTIONS -g -ffile-prefix-map=/build/guitar/src=/usr/src/debug/guitar -flto=auto -Wall -Wextra -mno-direct-extern-access -D_REENTRANT -DUSE_QT -DAPP_GUITAR -DHAVE_POSIX_OPENPT -DQT_NO_DEBUG -DQT_WIDGETS_LIB -DQT_SVG_LIB -DQT_GUI_LIB -DQT_NETWORK_LIB -DQT_CORE_LIB -I. -Isrc -Isrc/common -Isrc/coloredit -Isrc/texteditor -Ifiletype/src -Isubprojects/IncrementalSearchPlugin/src -I/usr/include/qt6 -I/usr/include/qt6/QtWidgets -I/usr/include/qt6/QtSvg -I/usr/include/qt6/QtGui -I/usr/include/qt6/QtNetwork -I/usr/include/qt6/QtCore -I. -I. -I/usr/lib/qt6/mkspecs/linux-g++ -o moc_ProgressTextLabel.o moc_ProgressTextLabel.cpp
g++ -c -pipe -std=c++20 -Wall -Wextra -include /build/guitar/src/Guitar-1.4.0/pragma.h -march=x86-64 -mtune=generic -O2 -pipe -fno-plt -fexceptions -Wp,-D_FORTIFY_SOURCE=3 -Wformat -Werror=format-security -fstack-clash-protection -fcf-protection -fno-omit-frame-pointer -mno-omit-leaf-frame-pointer -Wp,-D_GLIBCXX_ASSERTIONS -g -ffile-prefix-map=/build/guitar/src=/usr/src/debug/guitar -flto=auto -Wall -Wextra -mno-direct-extern-access -D_REENTRANT -DUSE_QT -DAPP_GUITAR -DHAVE_POSIX_OPENPT -DQT_NO_DEBUG -DQT_WIDGETS_LIB -DQT_SVG_LIB -DQT_GUI_LIB -DQT_NETWORK_LIB -DQT_CORE_LIB -I. -Isrc -Isrc/common -Isrc/coloredit -Isrc/texteditor -Ifiletype/src -Isubprojects/IncrementalSearchPlugin/src -I/usr/include/qt6 -I/usr/include/qt6/QtWidgets -I/usr/include/qt6/QtSvg -I/usr/include/qt6/QtGui -I/usr/include/qt6/QtNetwork -I/usr/include/qt6/QtCore -I. -I. -I/usr/lib/qt6/mkspecs/linux-g++ -o moc_ProgressWidget.o moc_ProgressWidget.cpp
g++ -c -pipe -std=c++20 -Wall -Wextra -include /build/guitar/src/Guitar-1.4.0/pragma.h -march=x86-64 -mtune=generic -O2 -pipe -fno-plt -fexceptions -Wp,-D_FORTIFY_SOURCE=3 -Wformat -Werror=format-security -fstack-clash-protection -fcf-protection -fno-omit-frame-pointer -mno-omit-leaf-frame-pointer -Wp,-D_GLIBCXX_ASSERTIONS -g -ffile-prefix-map=/build/guitar/src=/usr/src/debug/guitar -flto=auto -Wall -Wextra -mno-direct-extern-access -D_REENTRANT -DUSE_QT -DAPP_GUITAR -DHAVE_POSIX_OPENPT -DQT_NO_DEBUG -DQT_WIDGETS_LIB -DQT_SVG_LIB -DQT_GUI_LIB -DQT_NETWORK_LIB -DQT_CORE_LIB -I. -Isrc -Isrc/common -Isrc/coloredit -Isrc/texteditor -Ifiletype/src -Isubprojects/IncrementalSearchPlugin/src -I/usr/include/qt6 -I/usr/include/qt6/QtWidgets -I/usr/include/qt6/QtSvg -I/usr/include/qt6/QtGui -I/usr/include/qt6/QtNetwork -I/usr/include/qt6/QtCore -I. -I. -I/usr/lib/qt6/mkspecs/linux-g++ -o moc_PushDialog.o moc_PushDialog.cpp
g++ -c -pipe -std=c++20 -Wall -Wextra -include /build/guitar/src/Guitar-1.4.0/pragma.h -march=x86-64 -mtune=generic -O2 -pipe -fno-plt -fexceptions -Wp,-D_FORTIFY_SOURCE=3 -Wformat -Werror=format-security -fstack-clash-protection -fcf-protection -fno-omit-frame-pointer -mno-omit-leaf-frame-pointer -Wp,-D_GLIBCXX_ASSERTIONS -g -ffile-prefix-map=/build/guitar/src=/usr/src/debug/guitar -flto=auto -Wall -Wextra -mno-direct-extern-access -D_REENTRANT -DUSE_QT -DAPP_GUITAR -DHAVE_POSIX_OPENPT -DQT_NO_DEBUG -DQT_WIDGETS_LIB -DQT_SVG_LIB -DQT_GUI_LIB -DQT_NETWORK_LIB -DQT_CORE_LIB -I. -Isrc -Isrc/common -Isrc/coloredit -Isrc/texteditor -Ifiletype/src -Isubprojects/IncrementalSearchPlugin/src -I/usr/include/qt6 -I/usr/include/qt6/QtWidgets -I/usr/include/qt6/QtSvg -I/usr/include/qt6/QtGui -I/usr/include/qt6/QtNetwork -I/usr/include/qt6/QtCore -I. -I. -I/usr/lib/qt6/mkspecs/linux-g++ -o moc_ReadOnlyPlainTextEdit.o moc_ReadOnlyPlainTextEdit.cpp
g++ -c -pipe -std=c++20 -Wall -Wextra -include /build/guitar/src/Guitar-1.4.0/pragma.h -march=x86-64 -mtune=generic -O2 -pipe -fno-plt -fexceptions -Wp,-D_FORTIFY_SOURCE=3 -Wformat -Werror=format-security -fstack-clash-protection -fcf-protection -fno-omit-frame-pointer -mno-omit-leaf-frame-pointer -Wp,-D_GLIBCXX_ASSERTIONS -g -ffile-prefix-map=/build/guitar/src=/usr/src/debug/guitar -flto=auto -Wall -Wextra -mno-direct-extern-access -D_REENTRANT -DUSE_QT -DAPP_GUITAR -DHAVE_POSIX_OPENPT -DQT_NO_DEBUG -DQT_WIDGETS_LIB -DQT_SVG_LIB -DQT_GUI_LIB -DQT_NETWORK_LIB -DQT_CORE_LIB -I. -Isrc -Isrc/common -Isrc/coloredit -Isrc/texteditor -Ifiletype/src -Isubprojects/IncrementalSearchPlugin/src -I/usr/include/qt6 -I/usr/include/qt6/QtWidgets -I/usr/include/qt6/QtSvg -I/usr/include/qt6/QtGui -I/usr/include/qt6/QtNetwork -I/usr/include/qt6/QtCore -I. -I. -I/usr/lib/qt6/mkspecs/linux-g++ -o moc_ReflogWindow.o moc_ReflogWindow.cpp
g++ -c -pipe -std=c++20 -Wall -Wextra -include /build/guitar/src/Guitar-1.4.0/pragma.h -march=x86-64 -mtune=generic -O2 -pipe -fno-plt -fexceptions -Wp,-D_FORTIFY_SOURCE=3 -Wformat -Werror=format-security -fstack-clash-protection -fcf-protection -fno-omit-frame-pointer -mno-omit-leaf-frame-pointer -Wp,-D_GLIBCXX_ASSERTIONS -g -ffile-prefix-map=/build/guitar/src=/usr/src/debug/guitar -flto=auto -Wall -Wextra -mno-direct-extern-access -D_REENTRANT -DUSE_QT -DAPP_GUITAR -DHAVE_POSIX_OPENPT -DQT_NO_DEBUG -DQT_WIDGETS_LIB -DQT_SVG_LIB -DQT_GUI_LIB -DQT_NETWORK_LIB -DQT_CORE_LIB -I. -Isrc -Isrc/common -Isrc/coloredit -Isrc/texteditor -Ifiletype/src -Isubprojects/IncrementalSearchPlugin/src -I/usr/include/qt6 -I/usr/include/qt6/QtWidgets -I/usr/include/qt6/QtSvg -I/usr/include/qt6/QtGui -I/usr/include/qt6/QtNetwork -I/usr/include/qt6/QtCore -I. -I. -I/usr/lib/qt6/mkspecs/linux-g++ -o moc_RemoteAdvancedOptionWidget.o moc_RemoteAdvancedOptionWidget.cpp
g++ -c -pipe -std=c++20 -Wall -Wextra -include /build/guitar/src/Guitar-1.4.0/pragma.h -march=x86-64 -mtune=generic -O2 -pipe -fno-plt -fexceptions -Wp,-D_FORTIFY_SOURCE=3 -Wformat -Werror=format-security -fstack-clash-protection -fcf-protection -fno-omit-frame-pointer -mno-omit-leaf-frame-pointer -Wp,-D_GLIBCXX_ASSERTIONS -g -ffile-prefix-map=/build/guitar/src=/usr/src/debug/guitar -flto=auto -Wall -Wextra -mno-direct-extern-access -D_REENTRANT -DUSE_QT -DAPP_GUITAR -DHAVE_POSIX_OPENPT -DQT_NO_DEBUG -DQT_WIDGETS_LIB -DQT_SVG_LIB -DQT_GUI_LIB -DQT_NETWORK_LIB -DQT_CORE_LIB -I. -Isrc -Isrc/common -Isrc/coloredit -Isrc/texteditor -Ifiletype/src -Isubprojects/IncrementalSearchPlugin/src -I/usr/include/qt6 -I/usr/include/qt6/QtWidgets -I/usr/include/qt6/QtSvg -I/usr/include/qt6/QtGui -I/usr/include/qt6/QtNetwork -I/usr/include/qt6/QtCore -I. -I. -I/usr/lib/qt6/mkspecs/linux-g++ -o moc_RepositoryInfoFrame.o moc_RepositoryInfoFrame.cpp
g++ -c -pipe -std=c++20 -Wall -Wextra -include /build/guitar/src/Guitar-1.4.0/pragma.h -march=x86-64 -mtune=generic -O2 -pipe -fno-plt -fexceptions -Wp,-D_FORTIFY_SOURCE=3 -Wformat -Werror=format-security -fstack-clash-protection -fcf-protection -fno-omit-frame-pointer -mno-omit-leaf-frame-pointer -Wp,-D_GLIBCXX_ASSERTIONS -g -ffile-prefix-map=/build/guitar/src=/usr/src/debug/guitar -flto=auto -Wall -Wextra -mno-direct-extern-access -D_REENTRANT -DUSE_QT -DAPP_GUITAR -DHAVE_POSIX_OPENPT -DQT_NO_DEBUG -DQT_WIDGETS_LIB -DQT_SVG_LIB -DQT_GUI_LIB -DQT_NETWORK_LIB -DQT_CORE_LIB -I. -Isrc -Isrc/common -Isrc/coloredit -Isrc/texteditor -Ifiletype/src -Isubprojects/IncrementalSearchPlugin/src -I/usr/include/qt6 -I/usr/include/qt6/QtWidgets -I/usr/include/qt6/QtSvg -I/usr/include/qt6/QtGui -I/usr/include/qt6/QtNetwork -I/usr/include/qt6/QtCore -I. -I. -I/usr/lib/qt6/mkspecs/linux-g++ -o moc_RepositoryPropertyDialog.o moc_RepositoryPropertyDialog.cpp
g++ -c -pipe -std=c++20 -Wall -Wextra -include /build/guitar/src/Guitar-1.4.0/pragma.h -march=x86-64 -mtune=generic -O2 -pipe -fno-plt -fexceptions -Wp,-D_FORTIFY_SOURCE=3 -Wformat -Werror=format-security -fstack-clash-protection -fcf-protection -fno-omit-frame-pointer -mno-omit-leaf-frame-pointer -Wp,-D_GLIBCXX_ASSERTIONS -g -ffile-prefix-map=/build/guitar/src=/usr/src/debug/guitar -flto=auto -Wall -Wextra -mno-direct-extern-access -D_REENTRANT -DUSE_QT -DAPP_GUITAR -DHAVE_POSIX_OPENPT -DQT_NO_DEBUG -DQT_WIDGETS_LIB -DQT_SVG_LIB -DQT_GUI_LIB -DQT_NETWORK_LIB -DQT_CORE_LIB -I. -Isrc -Isrc/common -Isrc/coloredit -Isrc/texteditor -Ifiletype/src -Isubprojects/IncrementalSearchPlugin/src -I/usr/include/qt6 -I/usr/include/qt6/QtWidgets -I/usr/include/qt6/QtSvg -I/usr/include/qt6/QtGui -I/usr/include/qt6/QtNetwork -I/usr/include/qt6/QtCore -I. -I. -I/usr/lib/qt6/mkspecs/linux-g++ -o moc_RepositoryTreeWidget.o moc_RepositoryTreeWidget.cpp
g++ -c -pipe -std=c++20 -Wall -Wextra -include /build/guitar/src/Guitar-1.4.0/pragma.h -march=x86-64 -mtune=generic -O2 -pipe -fno-plt -fexceptions -Wp,-D_FORTIFY_SOURCE=3 -Wformat -Werror=format-security -fstack-clash-protection -fcf-protection -fno-omit-frame-pointer -mno-omit-leaf-frame-pointer -Wp,-D_GLIBCXX_ASSERTIONS -g -ffile-prefix-map=/build/guitar/src=/usr/src/debug/guitar -flto=auto -Wall -Wextra -mno-direct-extern-access -D_REENTRANT -DUSE_QT -DAPP_GUITAR -DHAVE_POSIX_OPENPT -DQT_NO_DEBUG -DQT_WIDGETS_LIB -DQT_SVG_LIB -DQT_GUI_LIB -DQT_NETWORK_LIB -DQT_CORE_LIB -I. -Isrc -Isrc/common -Isrc/coloredit -Isrc/texteditor -Ifiletype/src -Isubprojects/IncrementalSearchPlugin/src -I/usr/include/qt6 -I/usr/include/qt6/QtWidgets -I/usr/include/qt6/QtSvg -I/usr/include/qt6/QtGui -I/usr/include/qt6/QtNetwork -I/usr/include/qt6/QtCore -I. -I. -I/usr/lib/qt6/mkspecs/linux-g++ -o moc_RepositoryUrlLineEdit.o moc_RepositoryUrlLineEdit.cpp
g++ -c -pipe -std=c++20 -Wall -Wextra -include /build/guitar/src/Guitar-1.4.0/pragma.h -march=x86-64 -mtune=generic -O2 -pipe -fno-plt -fexceptions -Wp,-D_FORTIFY_SOURCE=3 -Wformat -Werror=format-security -fstack-clash-protection -fcf-protection -fno-omit-frame-pointer -mno-omit-leaf-frame-pointer -Wp,-D_GLIBCXX_ASSERTIONS -g -ffile-prefix-map=/build/guitar/src=/usr/src/debug/guitar -flto=auto -Wall -Wextra -mno-direct-extern-access -D_REENTRANT -DUSE_QT -DAPP_GUITAR -DHAVE_POSIX_OPENPT -DQT_NO_DEBUG -DQT_WIDGETS_LIB -DQT_SVG_LIB -DQT_GUI_LIB -DQT_NETWORK_LIB -DQT_CORE_LIB -I. -Isrc -Isrc/common -Isrc/coloredit -Isrc/texteditor -Ifiletype/src -Isubprojects/IncrementalSearchPlugin/src -I/usr/include/qt6 -I/usr/include/qt6/QtWidgets -I/usr/include/qt6/QtSvg -I/usr/include/qt6/QtGui -I/usr/include/qt6/QtNetwork -I/usr/include/qt6/QtCore -I. -I. -I/usr/lib/qt6/mkspecs/linux-g++ -o moc_SearchFromGitHubDialog.o moc_SearchFromGitHubDialog.cpp
g++ -c -pipe -std=c++20 -Wall -Wextra -include /build/guitar/src/Guitar-1.4.0/pragma.h -march=x86-64 -mtune=generic -O2 -pipe -fno-plt -fexceptions -Wp,-D_FORTIFY_SOURCE=3 -Wformat -Werror=format-security -fstack-clash-protection -fcf-protection -fno-omit-frame-pointer -mno-omit-leaf-frame-pointer -Wp,-D_GLIBCXX_ASSERTIONS -g -ffile-prefix-map=/build/guitar/src=/usr/src/debug/guitar -flto=auto -Wall -Wextra -mno-direct-extern-access -D_REENTRANT -DUSE_QT -DAPP_GUITAR -DHAVE_POSIX_OPENPT -DQT_NO_DEBUG -DQT_WIDGETS_LIB -DQT_SVG_LIB -DQT_GUI_LIB -DQT_NETWORK_LIB -DQT_CORE_LIB -I. -Isrc -Isrc/common -Isrc/coloredit -Isrc/texteditor -Ifiletype/src -Isubprojects/IncrementalSearchPlugin/src -I/usr/include/qt6 -I/usr/include/qt6/QtWidgets -I/usr/include/qt6/QtSvg -I/usr/include/qt6/QtGui -I/usr/include/qt6/QtNetwork -I/usr/include/qt6/QtCore -I. -I. -I/usr/lib/qt6/mkspecs/linux-g++ -o moc_SelectCommandDialog.o moc_SelectCommandDialog.cpp
g++ -c -pipe -std=c++20 -Wall -Wextra -include /build/guitar/src/Guitar-1.4.0/pragma.h -march=x86-64 -mtune=generic -O2 -pipe -fno-plt -fexceptions -Wp,-D_FORTIFY_SOURCE=3 -Wformat -Werror=format-security -fstack-clash-protection -fcf-protection -fno-omit-frame-pointer -mno-omit-leaf-frame-pointer -Wp,-D_GLIBCXX_ASSERTIONS -g -ffile-prefix-map=/build/guitar/src=/usr/src/debug/guitar -flto=auto -Wall -Wextra -mno-direct-extern-access -D_REENTRANT -DUSE_QT -DAPP_GUITAR -DHAVE_POSIX_OPENPT -DQT_NO_DEBUG -DQT_WIDGETS_LIB -DQT_SVG_LIB -DQT_GUI_LIB -DQT_NETWORK_LIB -DQT_CORE_LIB -I. -Isrc -Isrc/common -Isrc/coloredit -Isrc/texteditor -Ifiletype/src -Isubprojects/IncrementalSearchPlugin/src -I/usr/include/qt6 -I/usr/include/qt6/QtWidgets -I/usr/include/qt6/QtSvg -I/usr/include/qt6/QtGui -I/usr/include/qt6/QtNetwork -I/usr/include/qt6/QtCore -I. -I. -I/usr/lib/qt6/mkspecs/linux-g++ -o moc_SelectGpgKeyDialog.o moc_SelectGpgKeyDialog.cpp
g++ -c -pipe -std=c++20 -Wall -Wextra -include /build/guitar/src/Guitar-1.4.0/pragma.h -march=x86-64 -mtune=generic -O2 -pipe -fno-plt -fexceptions -Wp,-D_FORTIFY_SOURCE=3 -Wformat -Werror=format-security -fstack-clash-protection -fcf-protection -fno-omit-frame-pointer -mno-omit-leaf-frame-pointer -Wp,-D_GLIBCXX_ASSERTIONS -g -ffile-prefix-map=/build/guitar/src=/usr/src/debug/guitar -flto=auto -Wall -Wextra -mno-direct-extern-access -D_REENTRANT -DUSE_QT -DAPP_GUITAR -DHAVE_POSIX_OPENPT -DQT_NO_DEBUG -DQT_WIDGETS_LIB -DQT_SVG_LIB -DQT_GUI_LIB -DQT_NETWORK_LIB -DQT_CORE_LIB -I. -Isrc -Isrc/common -Isrc/coloredit -Isrc/texteditor -Ifiletype/src -Isubprojects/IncrementalSearchPlugin/src -I/usr/include/qt6 -I/usr/include/qt6/QtWidgets -I/usr/include/qt6/QtSvg -I/usr/include/qt6/QtGui -I/usr/include/qt6/QtNetwork -I/usr/include/qt6/QtCore -I. -I. -I/usr/lib/qt6/mkspecs/linux-g++ -o moc_SelectItemDialog.o moc_SelectItemDialog.cpp
g++ -c -pipe -std=c++20 -Wall -Wextra -include /build/guitar/src/Guitar-1.4.0/pragma.h -march=x86-64 -mtune=generic -O2 -pipe -fno-plt -fexceptions -Wp,-D_FORTIFY_SOURCE=3 -Wformat -Werror=format-security -fstack-clash-protection -fcf-protection -fno-omit-frame-pointer -mno-omit-leaf-frame-pointer -Wp,-D_GLIBCXX_ASSERTIONS -g -ffile-prefix-map=/build/guitar/src=/usr/src/debug/guitar -flto=auto -Wall -Wextra -mno-direct-extern-access -D_REENTRANT -DUSE_QT -DAPP_GUITAR -DHAVE_POSIX_OPENPT -DQT_NO_DEBUG -DQT_WIDGETS_LIB -DQT_SVG_LIB -DQT_GUI_LIB -DQT_NETWORK_LIB -DQT_CORE_LIB -I. -Isrc -Isrc/common -Isrc/coloredit -Isrc/texteditor -Ifiletype/src -Isubprojects/IncrementalSearchPlugin/src -I/usr/include/qt6 -I/usr/include/qt6/QtWidgets -I/usr/include/qt6/QtSvg -I/usr/include/qt6/QtGui -I/usr/include/qt6/QtNetwork -I/usr/include/qt6/QtCore -I. -I. -I/usr/lib/qt6/mkspecs/linux-g++ -o moc_SetGlobalUserDialog.o moc_SetGlobalUserDialog.cpp
g++ -c -pipe -std=c++20 -Wall -Wextra -include /build/guitar/src/Guitar-1.4.0/pragma.h -march=x86-64 -mtune=generic -O2 -pipe -fno-plt -fexceptions -Wp,-D_FORTIFY_SOURCE=3 -Wformat -Werror=format-security -fstack-clash-protection -fcf-protection -fno-omit-frame-pointer -mno-omit-leaf-frame-pointer -Wp,-D_GLIBCXX_ASSERTIONS -g -ffile-prefix-map=/build/guitar/src=/usr/src/debug/guitar -flto=auto -Wall -Wextra -mno-direct-extern-access -D_REENTRANT -DUSE_QT -DAPP_GUITAR -DHAVE_POSIX_OPENPT -DQT_NO_DEBUG -DQT_WIDGETS_LIB -DQT_SVG_LIB -DQT_GUI_LIB -DQT_NETWORK_LIB -DQT_CORE_LIB -I. -Isrc -Isrc/common -Isrc/coloredit -Isrc/texteditor -Ifiletype/src -Isubprojects/IncrementalSearchPlugin/src -I/usr/include/qt6 -I/usr/include/qt6/QtWidgets -I/usr/include/qt6/QtSvg -I/usr/include/qt6/QtGui -I/usr/include/qt6/QtNetwork -I/usr/include/qt6/QtCore -I. -I. -I/usr/lib/qt6/mkspecs/linux-g++ -o moc_SetGpgSigningDialog.o moc_SetGpgSigningDialog.cpp
g++ -c -pipe -std=c++20 -Wall -Wextra -include /build/guitar/src/Guitar-1.4.0/pragma.h -march=x86-64 -mtune=generic -O2 -pipe -fno-plt -fexceptions -Wp,-D_FORTIFY_SOURCE=3 -Wformat -Werror=format-security -fstack-clash-protection -fcf-protection -fno-omit-frame-pointer -mno-omit-leaf-frame-pointer -Wp,-D_GLIBCXX_ASSERTIONS -g -ffile-prefix-map=/build/guitar/src=/usr/src/debug/guitar -flto=auto -Wall -Wextra -mno-direct-extern-access -D_REENTRANT -DUSE_QT -DAPP_GUITAR -DHAVE_POSIX_OPENPT -DQT_NO_DEBUG -DQT_WIDGETS_LIB -DQT_SVG_LIB -DQT_GUI_LIB -DQT_NETWORK_LIB -DQT_CORE_LIB -I. -Isrc -Isrc/common -Isrc/coloredit -Isrc/texteditor -Ifiletype/src -Isubprojects/IncrementalSearchPlugin/src -I/usr/include/qt6 -I/usr/include/qt6/QtWidgets -I/usr/include/qt6/QtSvg -I/usr/include/qt6/QtGui -I/usr/include/qt6/QtNetwork -I/usr/include/qt6/QtCore -I. -I. -I/usr/lib/qt6/mkspecs/linux-g++ -o moc_SettingAiForm.o moc_SettingAiForm.cpp
g++ -c -pipe -std=c++20 -Wall -Wextra -include /build/guitar/src/Guitar-1.4.0/pragma.h -march=x86-64 -mtune=generic -O2 -pipe -fno-plt -fexceptions -Wp,-D_FORTIFY_SOURCE=3 -Wformat -Werror=format-security -fstack-clash-protection -fcf-protection -fno-omit-frame-pointer -mno-omit-leaf-frame-pointer -Wp,-D_GLIBCXX_ASSERTIONS -g -ffile-prefix-map=/build/guitar/src=/usr/src/debug/guitar -flto=auto -Wall -Wextra -mno-direct-extern-access -D_REENTRANT -DUSE_QT -DAPP_GUITAR -DHAVE_POSIX_OPENPT -DQT_NO_DEBUG -DQT_WIDGETS_LIB -DQT_SVG_LIB -DQT_GUI_LIB -DQT_NETWORK_LIB -DQT_CORE_LIB -I. -Isrc -Isrc/common -Isrc/coloredit -Isrc/texteditor -Ifiletype/src -Isubprojects/IncrementalSearchPlugin/src -I/usr/include/qt6 -I/usr/include/qt6/QtWidgets -I/usr/include/qt6/QtSvg -I/usr/include/qt6/QtGui -I/usr/include/qt6/QtNetwork -I/usr/include/qt6/QtCore -I. -I. -I/usr/lib/qt6/mkspecs/linux-g++ -o moc_SettingBehaviorForm.o moc_SettingBehaviorForm.cpp
g++ -c -pipe -std=c++20 -Wall -Wextra -include /build/guitar/src/Guitar-1.4.0/pragma.h -march=x86-64 -mtune=generic -O2 -pipe -fno-plt -fexceptions -Wp,-D_FORTIFY_SOURCE=3 -Wformat -Werror=format-security -fstack-clash-protection -fcf-protection -fno-omit-frame-pointer -mno-omit-leaf-frame-pointer -Wp,-D_GLIBCXX_ASSERTIONS -g -ffile-prefix-map=/build/guitar/src=/usr/src/debug/guitar -flto=auto -Wall -Wextra -mno-direct-extern-access -D_REENTRANT -DUSE_QT -DAPP_GUITAR -DHAVE_POSIX_OPENPT -DQT_NO_DEBUG -DQT_WIDGETS_LIB -DQT_SVG_LIB -DQT_GUI_LIB -DQT_NETWORK_LIB -DQT_CORE_LIB -I. -Isrc -Isrc/common -Isrc/coloredit -Isrc/texteditor -Ifiletype/src -Isubprojects/IncrementalSearchPlugin/src -I/usr/include/qt6 -I/usr/include/qt6/QtWidgets -I/usr/include/qt6/QtSvg -I/usr/include/qt6/QtGui -I/usr/include/qt6/QtNetwork -I/usr/include/qt6/QtCore -I. -I. -I/usr/lib/qt6/mkspecs/linux-g++ -o moc_SettingExampleForm.o moc_SettingExampleForm.cpp
g++ -c -pipe -std=c++20 -Wall -Wextra -include /build/guitar/src/Guitar-1.4.0/pragma.h -march=x86-64 -mtune=generic -O2 -pipe -fno-plt -fexceptions -Wp,-D_FORTIFY_SOURCE=3 -Wformat -Werror=format-security -fstack-clash-protection -fcf-protection -fno-omit-frame-pointer -mno-omit-leaf-frame-pointer -Wp,-D_GLIBCXX_ASSERTIONS -g -ffile-prefix-map=/build/guitar/src=/usr/src/debug/guitar -flto=auto -Wall -Wextra -mno-direct-extern-access -D_REENTRANT -DUSE_QT -DAPP_GUITAR -DHAVE_POSIX_OPENPT -DQT_NO_DEBUG -DQT_WIDGETS_LIB -DQT_SVG_LIB -DQT_GUI_LIB -DQT_NETWORK_LIB -DQT_CORE_LIB -I. -Isrc -Isrc/common -Isrc/coloredit -Isrc/texteditor -Ifiletype/src -Isubprojects/IncrementalSearchPlugin/src -I/usr/include/qt6 -I/usr/include/qt6/QtWidgets -I/usr/include/qt6/QtSvg -I/usr/include/qt6/QtGui -I/usr/include/qt6/QtNetwork -I/usr/include/qt6/QtCore -I. -I. -I/usr/lib/qt6/mkspecs/linux-g++ -o moc_SettingGeneralForm.o moc_SettingGeneralForm.cpp
g++ -c -pipe -std=c++20 -Wall -Wextra -include /build/guitar/src/Guitar-1.4.0/pragma.h -march=x86-64 -mtune=generic -O2 -pipe -fno-plt -fexceptions -Wp,-D_FORTIFY_SOURCE=3 -Wformat -Werror=format-security -fstack-clash-protection -fcf-protection -fno-omit-frame-pointer -mno-omit-leaf-frame-pointer -Wp,-D_GLIBCXX_ASSERTIONS -g -ffile-prefix-map=/build/guitar/src=/usr/src/debug/guitar -flto=auto -Wall -Wextra -mno-direct-extern-access -D_REENTRANT -DUSE_QT -DAPP_GUITAR -DHAVE_POSIX_OPENPT -DQT_NO_DEBUG -DQT_WIDGETS_LIB -DQT_SVG_LIB -DQT_GUI_LIB -DQT_NETWORK_LIB -DQT_CORE_LIB -I. -Isrc -Isrc/common -Isrc/coloredit -Isrc/texteditor -Ifiletype/src -Isubprojects/IncrementalSearchPlugin/src -I/usr/include/qt6 -I/usr/include/qt6/QtWidgets -I/usr/include/qt6/QtSvg -I/usr/include/qt6/QtGui -I/usr/include/qt6/QtNetwork -I/usr/include/qt6/QtCore -I. -I. -I/usr/lib/qt6/mkspecs/linux-g++ -o moc_SettingLoggingForm.o moc_SettingLoggingForm.cpp
g++ -c -pipe -std=c++20 -Wall -Wextra -include /build/guitar/src/Guitar-1.4.0/pragma.h -march=x86-64 -mtune=generic -O2 -pipe -fno-plt -fexceptions -Wp,-D_FORTIFY_SOURCE=3 -Wformat -Werror=format-security -fstack-clash-protection -fcf-protection -fno-omit-frame-pointer -mno-omit-leaf-frame-pointer -Wp,-D_GLIBCXX_ASSERTIONS -g -ffile-prefix-map=/build/guitar/src=/usr/src/debug/guitar -flto=auto -Wall -Wextra -mno-direct-extern-access -D_REENTRANT -DUSE_QT -DAPP_GUITAR -DHAVE_POSIX_OPENPT -DQT_NO_DEBUG -DQT_WIDGETS_LIB -DQT_SVG_LIB -DQT_GUI_LIB -DQT_NETWORK_LIB -DQT_CORE_LIB -I. -Isrc -Isrc/common -Isrc/coloredit -Isrc/texteditor -Ifiletype/src -Isubprojects/IncrementalSearchPlugin/src -I/usr/include/qt6 -I/usr/include/qt6/QtWidgets -I/usr/include/qt6/QtSvg -I/usr/include/qt6/QtGui -I/usr/include/qt6/QtNetwork -I/usr/include/qt6/QtCore -I. -I. -I/usr/lib/qt6/mkspecs/linux-g++ -o moc_SettingNetworkForm.o moc_SettingNetworkForm.cpp
g++ -c -pipe -std=c++20 -Wall -Wextra -include /build/guitar/src/Guitar-1.4.0/pragma.h -march=x86-64 -mtune=generic -O2 -pipe -fno-plt -fexceptions -Wp,-D_FORTIFY_SOURCE=3 -Wformat -Werror=format-security -fstack-clash-protection -fcf-protection -fno-omit-frame-pointer -mno-omit-leaf-frame-pointer -Wp,-D_GLIBCXX_ASSERTIONS -g -ffile-prefix-map=/build/guitar/src=/usr/src/debug/guitar -flto=auto -Wall -Wextra -mno-direct-extern-access -D_REENTRANT -DUSE_QT -DAPP_GUITAR -DHAVE_POSIX_OPENPT -DQT_NO_DEBUG -DQT_WIDGETS_LIB -DQT_SVG_LIB -DQT_GUI_LIB -DQT_NETWORK_LIB -DQT_CORE_LIB -I. -Isrc -Isrc/common -Isrc/coloredit -Isrc/texteditor -Ifiletype/src -Isubprojects/IncrementalSearchPlugin/src -I/usr/include/qt6 -I/usr/include/qt6/QtWidgets -I/usr/include/qt6/QtSvg -I/usr/include/qt6/QtGui -I/usr/include/qt6/QtNetwork -I/usr/include/qt6/QtCore -I. -I. -I/usr/lib/qt6/mkspecs/linux-g++ -o moc_SettingOptionsForm.o moc_SettingOptionsForm.cpp
g++ -c -pipe -std=c++20 -Wall -Wextra -include /build/guitar/src/Guitar-1.4.0/pragma.h -march=x86-64 -mtune=generic -O2 -pipe -fno-plt -fexceptions -Wp,-D_FORTIFY_SOURCE=3 -Wformat -Werror=format-security -fstack-clash-protection -fcf-protection -fno-omit-frame-pointer -mno-omit-leaf-frame-pointer -Wp,-D_GLIBCXX_ASSERTIONS -g -ffile-prefix-map=/build/guitar/src=/usr/src/debug/guitar -flto=auto -Wall -Wextra -mno-direct-extern-access -D_REENTRANT -DUSE_QT -DAPP_GUITAR -DHAVE_POSIX_OPENPT -DQT_NO_DEBUG -DQT_WIDGETS_LIB -DQT_SVG_LIB -DQT_GUI_LIB -DQT_NETWORK_LIB -DQT_CORE_LIB -I. -Isrc -Isrc/common -Isrc/coloredit -Isrc/texteditor -Ifiletype/src -Isubprojects/IncrementalSearchPlugin/src -I/usr/include/qt6 -I/usr/include/qt6/QtWidgets -I/usr/include/qt6/QtSvg -I/usr/include/qt6/QtGui -I/usr/include/qt6/QtNetwork -I/usr/include/qt6/QtCore -I. -I. -I/usr/lib/qt6/mkspecs/linux-g++ -o moc_SettingPrograms2Form.o moc_SettingPrograms2Form.cpp
g++ -c -pipe -std=c++20 -Wall -Wextra -include /build/guitar/src/Guitar-1.4.0/pragma.h -march=x86-64 -mtune=generic -O2 -pipe -fno-plt -fexceptions -Wp,-D_FORTIFY_SOURCE=3 -Wformat -Werror=format-security -fstack-clash-protection -fcf-protection -fno-omit-frame-pointer -mno-omit-leaf-frame-pointer -Wp,-D_GLIBCXX_ASSERTIONS -g -ffile-prefix-map=/build/guitar/src=/usr/src/debug/guitar -flto=auto -Wall -Wextra -mno-direct-extern-access -D_REENTRANT -DUSE_QT -DAPP_GUITAR -DHAVE_POSIX_OPENPT -DQT_NO_DEBUG -DQT_WIDGETS_LIB -DQT_SVG_LIB -DQT_GUI_LIB -DQT_NETWORK_LIB -DQT_CORE_LIB -I. -Isrc -Isrc/common -Isrc/coloredit -Isrc/texteditor -Ifiletype/src -Isubprojects/IncrementalSearchPlugin/src -I/usr/include/qt6 -I/usr/include/qt6/QtWidgets -I/usr/include/qt6/QtSvg -I/usr/include/qt6/QtGui -I/usr/include/qt6/QtNetwork -I/usr/include/qt6/QtCore -I. -I. -I/usr/lib/qt6/mkspecs/linux-g++ -o moc_SettingProgramsForm.o moc_SettingProgramsForm.cpp
g++ -c -pipe -std=c++20 -Wall -Wextra -include /build/guitar/src/Guitar-1.4.0/pragma.h -march=x86-64 -mtune=generic -O2 -pipe -fno-plt -fexceptions -Wp,-D_FORTIFY_SOURCE=3 -Wformat -Werror=format-security -fstack-clash-protection -fcf-protection -fno-omit-frame-pointer -mno-omit-leaf-frame-pointer -Wp,-D_GLIBCXX_ASSERTIONS -g -ffile-prefix-map=/build/guitar/src=/usr/src/debug/guitar -flto=auto -Wall -Wextra -mno-direct-extern-access -D_REENTRANT -DUSE_QT -DAPP_GUITAR -DHAVE_POSIX_OPENPT -DQT_NO_DEBUG -DQT_WIDGETS_LIB -DQT_SVG_LIB -DQT_GUI_LIB -DQT_NETWORK_LIB -DQT_CORE_LIB -I. -Isrc -Isrc/common -Isrc/coloredit -Isrc/texteditor -Ifiletype/src -Isubprojects/IncrementalSearchPlugin/src -I/usr/include/qt6 -I/usr/include/qt6/QtWidgets -I/usr/include/qt6/QtSvg -I/usr/include/qt6/QtGui -I/usr/include/qt6/QtNetwork -I/usr/include/qt6/QtCore -I. -I. -I/usr/lib/qt6/mkspecs/linux-g++ -o moc_SettingVisualForm.o moc_SettingVisualForm.cpp
g++ -c -pipe -std=c++20 -Wall -Wextra -include /build/guitar/src/Guitar-1.4.0/pragma.h -march=x86-64 -mtune=generic -O2 -pipe -fno-plt -fexceptions -Wp,-D_FORTIFY_SOURCE=3 -Wformat -Werror=format-security -fstack-clash-protection -fcf-protection -fno-omit-frame-pointer -mno-omit-leaf-frame-pointer -Wp,-D_GLIBCXX_ASSERTIONS -g -ffile-prefix-map=/build/guitar/src=/usr/src/debug/guitar -flto=auto -Wall -Wextra -mno-direct-extern-access -D_REENTRANT -DUSE_QT -DAPP_GUITAR -DHAVE_POSIX_OPENPT -DQT_NO_DEBUG -DQT_WIDGETS_LIB -DQT_SVG_LIB -DQT_GUI_LIB -DQT_NETWORK_LIB -DQT_CORE_LIB -I. -Isrc -Isrc/common -Isrc/coloredit -Isrc/texteditor -Ifiletype/src -Isubprojects/IncrementalSearchPlugin/src -I/usr/include/qt6 -I/usr/include/qt6/QtWidgets -I/usr/include/qt6/QtSvg -I/usr/include/qt6/QtGui -I/usr/include/qt6/QtNetwork -I/usr/include/qt6/QtCore -I. -I. -I/usr/lib/qt6/mkspecs/linux-g++ -o moc_SettingWorkingFolderForm.o moc_SettingWorkingFolderForm.cpp
g++ -c -pipe -std=c++20 -Wall -Wextra -include /build/guitar/src/Guitar-1.4.0/pragma.h -march=x86-64 -mtune=generic -O2 -pipe -fno-plt -fexceptions -Wp,-D_FORTIFY_SOURCE=3 -Wformat -Werror=format-security -fstack-clash-protection -fcf-protection -fno-omit-frame-pointer -mno-omit-leaf-frame-pointer -Wp,-D_GLIBCXX_ASSERTIONS -g -ffile-prefix-map=/build/guitar/src=/usr/src/debug/guitar -flto=auto -Wall -Wextra -mno-direct-extern-access -D_REENTRANT -DUSE_QT -DAPP_GUITAR -DHAVE_POSIX_OPENPT -DQT_NO_DEBUG -DQT_WIDGETS_LIB -DQT_SVG_LIB -DQT_GUI_LIB -DQT_NETWORK_LIB -DQT_CORE_LIB -I. -Isrc -Isrc/common -Isrc/coloredit -Isrc/texteditor -Ifiletype/src -Isubprojects/IncrementalSearchPlugin/src -I/usr/include/qt6 -I/usr/include/qt6/QtWidgets -I/usr/include/qt6/QtSvg -I/usr/include/qt6/QtGui -I/usr/include/qt6/QtNetwork -I/usr/include/qt6/QtCore -I. -I. -I/usr/lib/qt6/mkspecs/linux-g++ -o moc_SettingsDialog.o moc_SettingsDialog.cpp
g++ -c -pipe -std=c++20 -Wall -Wextra -include /build/guitar/src/Guitar-1.4.0/pragma.h -march=x86-64 -mtune=generic -O2 -pipe -fno-plt -fexceptions -Wp,-D_FORTIFY_SOURCE=3 -Wformat -Werror=format-security -fstack-clash-protection -fcf-protection -fno-omit-frame-pointer -mno-omit-leaf-frame-pointer -Wp,-D_GLIBCXX_ASSERTIONS -g -ffile-prefix-map=/build/guitar/src=/usr/src/debug/guitar -flto=auto -Wall -Wextra -mno-direct-extern-access -D_REENTRANT -DUSE_QT -DAPP_GUITAR -DHAVE_POSIX_OPENPT -DQT_NO_DEBUG -DQT_WIDGETS_LIB -DQT_SVG_LIB -DQT_GUI_LIB -DQT_NETWORK_LIB -DQT_CORE_LIB -I. -Isrc -Isrc/common -Isrc/coloredit -Isrc/texteditor -Ifiletype/src -Isubprojects/IncrementalSearchPlugin/src -I/usr/include/qt6 -I/usr/include/qt6/QtWidgets -I/usr/include/qt6/QtSvg -I/usr/include/qt6/QtGui -I/usr/include/qt6/QtNetwork -I/usr/include/qt6/QtCore -I. -I. -I/usr/lib/qt6/mkspecs/linux-g++ -o moc_SimpleImageWidget.o moc_SimpleImageWidget.cpp
g++ -c -pipe -std=c++20 -Wall -Wextra -include /build/guitar/src/Guitar-1.4.0/pragma.h -march=x86-64 -mtune=generic -O2 -pipe -fno-plt -fexceptions -Wp,-D_FORTIFY_SOURCE=3 -Wformat -Werror=format-security -fstack-clash-protection -fcf-protection -fno-omit-frame-pointer -mno-omit-leaf-frame-pointer -Wp,-D_GLIBCXX_ASSERTIONS -g -ffile-prefix-map=/build/guitar/src=/usr/src/debug/guitar -flto=auto -Wall -Wextra -mno-direct-extern-access -D_REENTRANT -DUSE_QT -DAPP_GUITAR -DHAVE_POSIX_OPENPT -DQT_NO_DEBUG -DQT_WIDGETS_LIB -DQT_SVG_LIB -DQT_GUI_LIB -DQT_NETWORK_LIB -DQT_CORE_LIB -I. -Isrc -Isrc/common -Isrc/coloredit -Isrc/texteditor -Ifiletype/src -Isubprojects/IncrementalSearchPlugin/src -I/usr/include/qt6 -I/usr/include/qt6/QtWidgets -I/usr/include/qt6/QtSvg -I/usr/include/qt6/QtGui -I/usr/include/qt6/QtNetwork -I/usr/include/qt6/QtCore -I. -I. -I/usr/lib/qt6/mkspecs/linux-g++ -o moc_StatusLabel.o moc_StatusLabel.cpp
g++ -c -pipe -std=c++20 -Wall -Wextra -include /build/guitar/src/Guitar-1.4.0/pragma.h -march=x86-64 -mtune=generic -O2 -pipe -fno-plt -fexceptions -Wp,-D_FORTIFY_SOURCE=3 -Wformat -Werror=format-security -fstack-clash-protection -fcf-protection -fno-omit-frame-pointer -mno-omit-leaf-frame-pointer -Wp,-D_GLIBCXX_ASSERTIONS -g -ffile-prefix-map=/build/guitar/src=/usr/src/debug/guitar -flto=auto -Wall -Wextra -mno-direct-extern-access -D_REENTRANT -DUSE_QT -DAPP_GUITAR -DHAVE_POSIX_OPENPT -DQT_NO_DEBUG -DQT_WIDGETS_LIB -DQT_SVG_LIB -DQT_GUI_LIB -DQT_NETWORK_LIB -DQT_CORE_LIB -I. -Isrc -Isrc/common -Isrc/coloredit -Isrc/texteditor -Ifiletype/src -Isubprojects/IncrementalSearchPlugin/src -I/usr/include/qt6 -I/usr/include/qt6/QtWidgets -I/usr/include/qt6/QtSvg -I/usr/include/qt6/QtGui -I/usr/include/qt6/QtNetwork -I/usr/include/qt6/QtCore -I. -I. -I/usr/lib/qt6/mkspecs/linux-g++ -o moc_SubmoduleAddDialog.o moc_SubmoduleAddDialog.cpp
g++ -c -pipe -std=c++20 -Wall -Wextra -include /build/guitar/src/Guitar-1.4.0/pragma.h -march=x86-64 -mtune=generic -O2 -pipe -fno-plt -fexceptions -Wp,-D_FORTIFY_SOURCE=3 -Wformat -Werror=format-security -fstack-clash-protection -fcf-protection -fno-omit-frame-pointer -mno-omit-leaf-frame-pointer -Wp,-D_GLIBCXX_ASSERTIONS -g -ffile-prefix-map=/build/guitar/src=/usr/src/debug/guitar -flto=auto -Wall -Wextra -mno-direct-extern-access -D_REENTRANT -DUSE_QT -DAPP_GUITAR -DHAVE_POSIX_OPENPT -DQT_NO_DEBUG -DQT_WIDGETS_LIB -DQT_SVG_LIB -DQT_GUI_LIB -DQT_NETWORK_LIB -DQT_CORE_LIB -I. -Isrc -Isrc/common -Isrc/coloredit -Isrc/texteditor -Ifiletype/src -Isubprojects/IncrementalSearchPlugin/src -I/usr/include/qt6 -I/usr/include/qt6/QtWidgets -I/usr/include/qt6/QtSvg -I/usr/include/qt6/QtGui -I/usr/include/qt6/QtNetwork -I/usr/include/qt6/QtCore -I. -I. -I/usr/lib/qt6/mkspecs/linux-g++ -o moc_SubmoduleUpdateDialog.o moc_SubmoduleUpdateDialog.cpp
g++ -c -pipe -std=c++20 -Wall -Wextra -include /build/guitar/src/Guitar-1.4.0/pragma.h -march=x86-64 -mtune=generic -O2 -pipe -fno-plt -fexceptions -Wp,-D_FORTIFY_SOURCE=3 -Wformat -Werror=format-security -fstack-clash-protection -fcf-protection -fno-omit-frame-pointer -mno-omit-leaf-frame-pointer -Wp,-D_GLIBCXX_ASSERTIONS -g -ffile-prefix-map=/build/guitar/src=/usr/src/debug/guitar -flto=auto -Wall -Wextra -mno-direct-extern-access -D_REENTRANT -DUSE_QT -DAPP_GUITAR -DHAVE_POSIX_OPENPT -DQT_NO_DEBUG -DQT_WIDGETS_LIB -DQT_SVG_LIB -DQT_GUI_LIB -DQT_NETWORK_LIB -DQT_CORE_LIB -I. -Isrc -Isrc/common -Isrc/coloredit -Isrc/texteditor -Ifiletype/src -Isubprojects/IncrementalSearchPlugin/src -I/usr/include/qt6 -I/usr/include/qt6/QtWidgets -I/usr/include/qt6/QtSvg -I/usr/include/qt6/QtGui -I/usr/include/qt6/QtNetwork -I/usr/include/qt6/QtCore -I. -I. -I/usr/lib/qt6/mkspecs/linux-g++ -o moc_SubmodulesDialog.o moc_SubmodulesDialog.cpp
g++ -c -pipe -std=c++20 -Wall -Wextra -include /build/guitar/src/Guitar-1.4.0/pragma.h -march=x86-64 -mtune=generic -O2 -pipe -fno-plt -fexceptions -Wp,-D_FORTIFY_SOURCE=3 -Wformat -Werror=format-security -fstack-clash-protection -fcf-protection -fno-omit-frame-pointer -mno-omit-leaf-frame-pointer -Wp,-D_GLIBCXX_ASSERTIONS -g -ffile-prefix-map=/build/guitar/src=/usr/src/debug/guitar -flto=auto -Wall -Wextra -mno-direct-extern-access -D_REENTRANT -DUSE_QT -DAPP_GUITAR -DHAVE_POSIX_OPENPT -DQT_NO_DEBUG -DQT_WIDGETS_LIB -DQT_SVG_LIB -DQT_GUI_LIB -DQT_NETWORK_LIB -DQT_CORE_LIB -I. -Isrc -Isrc/common -Isrc/coloredit -Isrc/texteditor -Ifiletype/src -Isubprojects/IncrementalSearchPlugin/src -I/usr/include/qt6 -I/usr/include/qt6/QtWidgets -I/usr/include/qt6/QtSvg -I/usr/include/qt6/QtGui -I/usr/include/qt6/QtNetwork -I/usr/include/qt6/QtCore -I. -I. -I/usr/lib/qt6/mkspecs/linux-g++ -o moc_TextEditDialog.o moc_TextEditDialog.cpp
g++ -c -pipe -std=c++20 -Wall -Wextra -include /build/guitar/src/Guitar-1.4.0/pragma.h -march=x86-64 -mtune=generic -O2 -pipe -fno-plt -fexceptions -Wp,-D_FORTIFY_SOURCE=3 -Wformat -Werror=format-security -fstack-clash-protection -fcf-protection -fno-omit-frame-pointer -mno-omit-leaf-frame-pointer -Wp,-D_GLIBCXX_ASSERTIONS -g -ffile-prefix-map=/build/guitar/src=/usr/src/debug/guitar -flto=auto -Wall -Wextra -mno-direct-extern-access -D_REENTRANT -DUSE_QT -DAPP_GUITAR -DHAVE_POSIX_OPENPT -DQT_NO_DEBUG -DQT_WIDGETS_LIB -DQT_SVG_LIB -DQT_GUI_LIB -DQT_NETWORK_LIB -DQT_CORE_LIB -I. -Isrc -Isrc/common -Isrc/coloredit -Isrc/texteditor -Ifiletype/src -Isubprojects/IncrementalSearchPlugin/src -I/usr/include/qt6 -I/usr/include/qt6/QtWidgets -I/usr/include/qt6/QtSvg -I/usr/include/qt6/QtGui -I/usr/include/qt6/QtNetwork -I/usr/include/qt6/QtCore -I. -I. -I/usr/lib/qt6/mkspecs/linux-g++ -o moc_WelcomeWizardDialog.o moc_WelcomeWizardDialog.cpp
g++ -c -pipe -std=c++20 -Wall -Wextra -include /build/guitar/src/Guitar-1.4.0/pragma.h -march=x86-64 -mtune=generic -O2 -pipe -fno-plt -fexceptions -Wp,-D_FORTIFY_SOURCE=3 -Wformat -Werror=format-security -fstack-clash-protection -fcf-protection -fno-omit-frame-pointer -mno-omit-leaf-frame-pointer -Wp,-D_GLIBCXX_ASSERTIONS -g -ffile-prefix-map=/build/guitar/src=/usr/src/debug/guitar -flto=auto -Wall -Wextra -mno-direct-extern-access -D_REENTRANT -DUSE_QT -DAPP_GUITAR -DHAVE_POSIX_OPENPT -DQT_NO_DEBUG -DQT_WIDGETS_LIB -DQT_SVG_LIB -DQT_GUI_LIB -DQT_NETWORK_LIB -DQT_CORE_LIB -I. -Isrc -Isrc/common -Isrc/coloredit -Isrc/texteditor -Ifiletype/src -Isubprojects/IncrementalSearchPlugin/src -I/usr/include/qt6 -I/usr/include/qt6/QtWidgets -I/usr/include/qt6/QtSvg -I/usr/include/qt6/QtGui -I/usr/include/qt6/QtNetwork -I/usr/include/qt6/QtCore -I. -I. -I/usr/lib/qt6/mkspecs/linux-g++ -o moc_WorkingDirLineEdit.o moc_WorkingDirLineEdit.cpp
g++ -c -pipe -std=c++20 -Wall -Wextra -include /build/guitar/src/Guitar-1.4.0/pragma.h -march=x86-64 -mtune=generic -O2 -pipe -fno-plt -fexceptions -Wp,-D_FORTIFY_SOURCE=3 -Wformat -Werror=format-security -fstack-clash-protection -fcf-protection -fno-omit-frame-pointer -mno-omit-leaf-frame-pointer -Wp,-D_GLIBCXX_ASSERTIONS -g -ffile-prefix-map=/build/guitar/src=/usr/src/debug/guitar -flto=auto -Wall -Wextra -mno-direct-extern-access -D_REENTRANT -DUSE_QT -DAPP_GUITAR -DHAVE_POSIX_OPENPT -DQT_NO_DEBUG -DQT_WIDGETS_LIB -DQT_SVG_LIB -DQT_GUI_LIB -DQT_NETWORK_LIB -DQT_CORE_LIB -I. -Isrc -Isrc/common -Isrc/coloredit -Isrc/texteditor -Ifiletype/src -Isubprojects/IncrementalSearchPlugin/src -I/usr/include/qt6 -I/usr/include/qt6/QtWidgets -I/usr/include/qt6/QtSvg -I/usr/include/qt6/QtGui -I/usr/include/qt6/QtNetwork -I/usr/include/qt6/QtCore -I. -I. -I/usr/lib/qt6/mkspecs/linux-g++ -o moc_ColorDialog.o moc_ColorDialog.cpp
g++ -c -pipe -std=c++20 -Wall -Wextra -include /build/guitar/src/Guitar-1.4.0/pragma.h -march=x86-64 -mtune=generic -O2 -pipe -fno-plt -fexceptions -Wp,-D_FORTIFY_SOURCE=3 -Wformat -Werror=format-security -fstack-clash-protection -fcf-protection -fno-omit-frame-pointer -mno-omit-leaf-frame-pointer -Wp,-D_GLIBCXX_ASSERTIONS -g -ffile-prefix-map=/build/guitar/src=/usr/src/debug/guitar -flto=auto -Wall -Wextra -mno-direct-extern-access -D_REENTRANT -DUSE_QT -DAPP_GUITAR -DHAVE_POSIX_OPENPT -DQT_NO_DEBUG -DQT_WIDGETS_LIB -DQT_SVG_LIB -DQT_GUI_LIB -DQT_NETWORK_LIB -DQT_CORE_LIB -I. -Isrc -Isrc/common -Isrc/coloredit -Isrc/texteditor -Ifiletype/src -Isubprojects/IncrementalSearchPlugin/src -I/usr/include/qt6 -I/usr/include/qt6/QtWidgets -I/usr/include/qt6/QtSvg -I/usr/include/qt6/QtGui -I/usr/include/qt6/QtNetwork -I/usr/include/qt6/QtCore -I. -I. -I/usr/lib/qt6/mkspecs/linux-g++ -o moc_ColorEditWidget.o moc_ColorEditWidget.cpp
g++ -c -pipe -std=c++20 -Wall -Wextra -include /build/guitar/src/Guitar-1.4.0/pragma.h -march=x86-64 -mtune=generic -O2 -pipe -fno-plt -fexceptions -Wp,-D_FORTIFY_SOURCE=3 -Wformat -Werror=format-security -fstack-clash-protection -fcf-protection -fno-omit-frame-pointer -mno-omit-leaf-frame-pointer -Wp,-D_GLIBCXX_ASSERTIONS -g -ffile-prefix-map=/build/guitar/src=/usr/src/debug/guitar -flto=auto -Wall -Wextra -mno-direct-extern-access -D_REENTRANT -DUSE_QT -DAPP_GUITAR -DHAVE_POSIX_OPENPT -DQT_NO_DEBUG -DQT_WIDGETS_LIB -DQT_SVG_LIB -DQT_GUI_LIB -DQT_NETWORK_LIB -DQT_CORE_LIB -I. -Isrc -Isrc/common -Isrc/coloredit -Isrc/texteditor -Ifiletype/src -Isubprojects/IncrementalSearchPlugin/src -I/usr/include/qt6 -I/usr/include/qt6/QtWidgets -I/usr/include/qt6/QtSvg -I/usr/include/qt6/QtGui -I/usr/include/qt6/QtNetwork -I/usr/include/qt6/QtCore -I. -I. -I/usr/lib/qt6/mkspecs/linux-g++ -o moc_ColorSlider.o moc_ColorSlider.cpp
g++ -c -pipe -std=c++20 -Wall -Wextra -include /build/guitar/src/Guitar-1.4.0/pragma.h -march=x86-64 -mtune=generic -O2 -pipe -fno-plt -fexceptions -Wp,-D_FORTIFY_SOURCE=3 -Wformat -Werror=format-security -fstack-clash-protection -fcf-protection -fno-omit-frame-pointer -mno-omit-leaf-frame-pointer -Wp,-D_GLIBCXX_ASSERTIONS -g -ffile-prefix-map=/build/guitar/src=/usr/src/debug/guitar -flto=auto -Wall -Wextra -mno-direct-extern-access -D_REENTRANT -DUSE_QT -DAPP_GUITAR -DHAVE_POSIX_OPENPT -DQT_NO_DEBUG -DQT_WIDGETS_LIB -DQT_SVG_LIB -DQT_GUI_LIB -DQT_NETWORK_LIB -DQT_CORE_LIB -I. -Isrc -Isrc/common -Isrc/coloredit -Isrc/texteditor -Ifiletype/src -Isubprojects/IncrementalSearchPlugin/src -I/usr/include/qt6 -I/usr/include/qt6/QtWidgets -I/usr/include/qt6/QtSvg -I/usr/include/qt6/QtGui -I/usr/include/qt6/QtNetwork -I/usr/include/qt6/QtCore -I. -I. -I/usr/lib/qt6/mkspecs/linux-g++ -o moc_ColorSquareWidget.o moc_ColorSquareWidget.cpp
g++ -c -pipe -std=c++20 -Wall -Wextra -include /build/guitar/src/Guitar-1.4.0/pragma.h -march=x86-64 -mtune=generic -O2 -pipe -fno-plt -fexceptions -Wp,-D_FORTIFY_SOURCE=3 -Wformat -Werror=format-security -fstack-clash-protection -fcf-protection -fno-omit-frame-pointer -mno-omit-leaf-frame-pointer -Wp,-D_GLIBCXX_ASSERTIONS -g -ffile-prefix-map=/build/guitar/src=/usr/src/debug/guitar -flto=auto -Wall -Wextra -mno-direct-extern-access -D_REENTRANT -DUSE_QT -DAPP_GUITAR -DHAVE_POSIX_OPENPT -DQT_NO_DEBUG -DQT_WIDGETS_LIB -DQT_SVG_LIB -DQT_GUI_LIB -DQT_NETWORK_LIB -DQT_CORE_LIB -I. -Isrc -Isrc/common -Isrc/coloredit -Isrc/texteditor -Ifiletype/src -Isubprojects/IncrementalSearchPlugin/src -I/usr/include/qt6 -I/usr/include/qt6/QtWidgets -I/usr/include/qt6/QtSvg -I/usr/include/qt6/QtGui -I/usr/include/qt6/QtNetwork -I/usr/include/qt6/QtCore -I. -I. -I/usr/lib/qt6/mkspecs/linux-g++ -o moc_InputMethodPopup.o moc_InputMethodPopup.cpp
g++ -c -pipe -std=c++20 -Wall -Wextra -include /build/guitar/src/Guitar-1.4.0/pragma.h -march=x86-64 -mtune=generic -O2 -pipe -fno-plt -fexceptions -Wp,-D_FORTIFY_SOURCE=3 -Wformat -Werror=format-security -fstack-clash-protection -fcf-protection -fno-omit-frame-pointer -mno-omit-leaf-frame-pointer -Wp,-D_GLIBCXX_ASSERTIONS -g -ffile-prefix-map=/build/guitar/src=/usr/src/debug/guitar -flto=auto -Wall -Wextra -mno-direct-extern-access -D_REENTRANT -DUSE_QT -DAPP_GUITAR -DHAVE_POSIX_OPENPT -DQT_NO_DEBUG -DQT_WIDGETS_LIB -DQT_SVG_LIB -DQT_GUI_LIB -DQT_NETWORK_LIB -DQT_CORE_LIB -I. -Isrc -Isrc/common -Isrc/coloredit -Isrc/texteditor -Ifiletype/src -Isubprojects/IncrementalSearchPlugin/src -I/usr/include/qt6 -I/usr/include/qt6/QtWidgets -I/usr/include/qt6/QtSvg -I/usr/include/qt6/QtGui -I/usr/include/qt6/QtNetwork -I/usr/include/qt6/QtCore -I. -I. -I/usr/lib/qt6/mkspecs/linux-g++ -o moc_TextEditorView.o moc_TextEditorView.cpp
g++ -c -pipe -std=c++20 -Wall -Wextra -include /build/guitar/src/Guitar-1.4.0/pragma.h -march=x86-64 -mtune=generic -O2 -pipe -fno-plt -fexceptions -Wp,-D_FORTIFY_SOURCE=3 -Wformat -Werror=format-security -fstack-clash-protection -fcf-protection -fno-omit-frame-pointer -mno-omit-leaf-frame-pointer -Wp,-D_GLIBCXX_ASSERTIONS -g -ffile-prefix-map=/build/guitar/src=/usr/src/debug/guitar -flto=auto -Wall -Wextra -mno-direct-extern-access -D_REENTRANT -DUSE_QT -DAPP_GUITAR -DHAVE_POSIX_OPENPT -DQT_NO_DEBUG -DQT_WIDGETS_LIB -DQT_SVG_LIB -DQT_GUI_LIB -DQT_NETWORK_LIB -DQT_CORE_LIB -I. -Isrc -Isrc/common -Isrc/coloredit -Isrc/texteditor -Ifiletype/src -Isubprojects/IncrementalSearchPlugin/src -I/usr/include/qt6 -I/usr/include/qt6/QtWidgets -I/usr/include/qt6/QtSvg -I/usr/include/qt6/QtGui -I/usr/include/qt6/QtNetwork -I/usr/include/qt6/QtCore -I. -I. -I/usr/lib/qt6/mkspecs/linux-g++ -o moc_TextEditorWidget.o moc_TextEditorWidget.cpp
g++ -Wl,-O1 -Wl,--sort-common -Wl,--as-needed -Wl,-z,relro -Wl,-z,now -Wl,-z,pack-relative-relocs -flto=auto -Wl,-rpath,\$ORIGIN -Wl,-rpath,/usr/lib -Wl,-rpath-link,/usr/lib -o _bin/Guitar  IncrementalSearchHelper.o AboutDialog.o AbstractGitSession.o AbstractProcess.o AbstractSettingForm.o AddRepositoriesCollectivelyDialog.o AddRepositoryDialog.o ApplicationGlobal.o ApplicationSettings.o AreYouSureYouWantToContinueConnectingDialog.o AvatarLoader.o BigDiffWindow.o BlameWindow.o BlockSignals.o BranchLabel.o CheckoutDialog.o CherryPickDialog.o CleanSubModuleDialog.o ClearButton.o CloneFromGitHubDialog.o ColorButton.o CommitDetailGetter.o CommitDialog.o CommitExploreWindow.o CommitLogTableWidget.o CommitPropertyDialog.o CommitViewWindow.o ConfigCredentialHelperDialog.o ConfigSigningDialog.o ConfigUserDialog.o CreateRepositoryDialog.o DeleteBranchDialog.o DeleteTagsDialog.o DialogHeaderFrame.o DoYouWantToInitDialog.o DropDownListFrame.o EditGitIgnoreDialog.o EditProfilesDialog.o EditRemoteDialog.o EditTagsDialog.o ExperimentDialog.o FileDiffSliderWidget.o FileDiffWidget.o FileHistoryWindow.o FileListWidget.o FilePropertyDialog.o FileTypeDetector.o FileUtil.o FileViewWidget.o FindCommitDialog.o GenerateCommitMessageDialog.o GenerateCommitMessageThread.o GeneratedCommitMessage.o Git.o GitBasicSession.o GitCommandCache.o GitCommandRunner.o GitConfigGlobalAddSafeDirectoryDialog.o GitDiffManager.o GitHubAPI.o GitObjectManager.o GitPack.o GitPackIdxV2.o GitProcessThread.o GitRunner.o GitTypes.o HyperLinkLabel.o ImageViewWidget.o InputNewTagDialog.o JumpDialog.o Languages.o LineEditDialog.o LocalSocketReader.o Logger.o MainWindow.o ManageWorkingFolderDialog.o MaximizeButton.o MemoryReader.o MenuButton.o MergeDialog.o MyImageViewWidget.o MyObjectViewBase.o MyProcess.o MySettings.o MyTableWidgetDelegate.o MyTextEditorWidget.o MyToolButton.o OverrideWaitCursor.o Photoshop.o Profile.o ProgressTextLabel.o ProgressWidget.o PushDialog.o ReadOnlyLineEdit.o ReadOnlyPlainTextEdit.o ReflogWindow.o RemoteAdvancedOptionWidget.o RemoteRepositoriesTableWidget.o RepositoryInfoFrame.o RepositoryModel.o RepositoryPropertyDialog.o RepositoryTreeWidget.o RepositoryUrlLineEdit.o SearchFromGitHubDialog.o SelectCommandDialog.o SelectGpgKeyDialog.o SelectItemDialog.o SetGlobalUserDialog.o SetGpgSigningDialog.o SettingAiForm.o SettingBehaviorForm.o SettingExampleForm.o SettingGeneralForm.o SettingLoggingForm.o SettingNetworkForm.o SettingOptionsForm.o SettingPrograms2Form.o SettingProgramsForm.o SettingVisualForm.o SettingWorkingFolderForm.o SettingsDialog.o SimpleImageWidget.o SimpleQtIO.o StatusInfo.o StatusLabel.o SubmoduleAddDialog.o SubmoduleUpdateDialog.o SubmodulesDialog.o Terminal.o TextEditDialog.o Theme.o TraceEventWriter.o TraceLogger.o UserEvent.o Util.o WelcomeWizardDialog.o WorkingDirLineEdit.o XmlTagState.o AiApiBridge.o CommitMessageGenerator.o GenerativeAI.o ColorDialog.o ColorEditWidget.o ColorPreviewWidget.o ColorSlider.o ColorSquareWidget.o RingSlider.o AbstractSimpleIO.o misc.o npos.o DateTime.o Dir.o DirIterator.o FileInfo.o qmisc.o realpath.o unicode_conversion.o urlencode.o DarkStyle.o LightStyle.o MyCommonStyle.o NinePatch.o TraditionalWindowsStyleTreeControl.o gpg.o gzip.o inetclient.o inetresolver.o webclient.o main.o platform.o AbstractCharacterBasedApplication.o InputMethodPopup.o TextEditorTheme.o TextEditorView.o TextEditorWidget.o UnicodeWidth.o unicode.o zip.o ziparchive.o zipextract.o ProcessPosix.o MyProcess2.o UnixUtil.o UnixProcess.o UnixPtyProcess.o qrc_resources.o moc_AboutDialog.o moc_AbstractSettingForm.o moc_AddRepositoriesCollectivelyDialog.o moc_AddRepositoryDialog.o moc_AreYouSureYouWantToContinueConnectingDialog.o moc_AvatarLoader.o moc_BigDiffWindow.o moc_BlameWindow.o moc_CheckoutDialog.o moc_CherryPickDialog.o moc_CleanSubModuleDialog.o moc_ClearButton.o moc_CloneFromGitHubDialog.o moc_ColorButton.o moc_CommitDetailGetter.o moc_CommitDialog.o moc_CommitExploreWindow.o moc_CommitLogTableWidget.o moc_CommitPropertyDialog.o moc_CommitViewWindow.o moc_ConfigCredentialHelperDialog.o moc_ConfigSigningDialog.o moc_ConfigUserDialog.o moc_CreateRepositoryDialog.o moc_DeleteBranchDialog.o moc_DeleteTagsDialog.o moc_DialogHeaderFrame.o moc_DoYouWantToInitDialog.o moc_DropDownListFrame.o moc_EditGitIgnoreDialog.o moc_EditProfilesDialog.o moc_EditRemoteDialog.o moc_EditTagsDialog.o moc_ExperimentDialog.o moc_FileDiffSliderWidget.o moc_FileDiffWidget.o moc_FileHistoryWindow.o moc_FileListWidget.o moc_FilePropertyDialog.o moc_FindCommitDialog.o moc_GenerateCommitMessageDialog.o moc_GenerateCommitMessageThread.o moc_GitConfigGlobalAddSafeDirectoryDialog.o moc_GitProcessThread.o moc_HyperLinkLabel.o moc_ImageViewWidget.o moc_InputNewTagDialog.o moc_JumpDialog.o moc_Languages.o moc_LineEditDialog.o moc_LocalSocketReader.o moc_MainWindow.o moc_ManageWorkingFolderDialog.o moc_MaximizeButton.o moc_MenuButton.o moc_MergeDialog.o moc_MySettings.o moc_MyToolButton.o moc_ProgressTextLabel.o moc_ProgressWidget.o moc_PushDialog.o moc_ReadOnlyPlainTextEdit.o moc_ReflogWindow.o moc_RemoteAdvancedOptionWidget.o moc_RepositoryInfoFrame.o moc_RepositoryPropertyDialog.o moc_RepositoryTreeWidget.o moc_RepositoryUrlLineEdit.o moc_SearchFromGitHubDialog.o moc_SelectCommandDialog.o moc_SelectGpgKeyDialog.o moc_SelectItemDialog.o moc_SetGlobalUserDialog.o moc_SetGpgSigningDialog.o moc_SettingAiForm.o moc_SettingBehaviorForm.o moc_SettingExampleForm.o moc_SettingGeneralForm.o moc_SettingLoggingForm.o moc_SettingNetworkForm.o moc_SettingOptionsForm.o moc_SettingPrograms2Form.o moc_SettingProgramsForm.o moc_SettingVisualForm.o moc_SettingWorkingFolderForm.o moc_SettingsDialog.o moc_SimpleImageWidget.o moc_StatusLabel.o moc_SubmoduleAddDialog.o moc_SubmoduleUpdateDialog.o moc_SubmodulesDialog.o moc_TextEditDialog.o moc_WelcomeWizardDialog.o moc_WorkingDirLineEdit.o moc_ColorDialog.o moc_ColorEditWidget.o moc_ColorSlider.o moc_ColorSquareWidget.o moc_InputMethodPopup.o moc_TextEditorView.o moc_TextEditorWidget.o   -lssl -lcrypto /build/guitar/src/Guitar-1.4.0/filetype/lib/libfiletype.a /build/guitar/src/Guitar-1.4.0/filetype/lib/libfile.a /build/guitar/src/Guitar-1.4.0/filetype/lib/liboniguruma.a -lz -lzstd -ldl /usr/lib/libQt6Widgets.so /usr/lib/libQt6Svg.so /usr/lib/libQt6Gui.so /usr/lib/libGLX.so /usr/lib/libOpenGL.so /usr/lib/libQt6Network.so /usr/lib/libQt6Core.so -lpthread -lGLX -lOpenGL   
