-- The CXX compiler identification is GNU 16.2.1
-- The C compiler identification is GNU 16.2.1
-- Detecting CXX compiler ABI info
-- Detecting CXX compiler ABI info - done
-- Check for working CXX compiler: /usr/bin/c++ - skipped
-- Detecting CXX compile features
-- Detecting CXX compile features - done
-- Detecting C compiler ABI info
-- Detecting C compiler ABI info - done
-- Check for working C compiler: /usr/bin/cc - skipped
-- Detecting C compile features
-- Detecting C compile features - done
-- Found Git: /usr/bin/git (found version "2.55.0")
-- Performing Test C_HAS_WARNING-Wno-unused-parameter
-- Performing Test C_HAS_WARNING-Wno-unused-parameter - Success
-- Performing Test C_HAS_WARNING-Wall
-- Performing Test C_HAS_WARNING-Wall - Success
-- Performing Test C_HAS_WARNING-Wcast-align
-- Performing Test C_HAS_WARNING-Wcast-align - Success
-- Performing Test C_HAS_WARNING-Wdisabled-optimization
-- Performing Test C_HAS_WARNING-Wdisabled-optimization - Success
-- Performing Test C_HAS_WARNING-Wextra
-- Performing Test C_HAS_WARNING-Wextra - Success
-- Performing Test C_HAS_WARNING-Wformat_2
-- Performing Test C_HAS_WARNING-Wformat_2 - Success
-- Performing Test C_HAS_WARNING-Winvalid-pch
-- Performing Test C_HAS_WARNING-Winvalid-pch - Success
-- Performing Test C_HAS_WARNING-Wpointer-arith
-- Performing Test C_HAS_WARNING-Wpointer-arith - Success
-- Performing Test C_HAS_WARNING-Wshadow
-- Performing Test C_HAS_WARNING-Wshadow - Success
-- Performing Test C_HAS_WARNING-Wunused
-- Performing Test C_HAS_WARNING-Wunused - Success
-- Performing Test C_HAS_WARNING-Wwrite-strings
-- Performing Test C_HAS_WARNING-Wwrite-strings - Success
-- Performing Test CXX_HAS_WARNING-Wall
-- Performing Test CXX_HAS_WARNING-Wall - Success
-- Performing Test CXX_HAS_WARNING-Wcast-align
-- Performing Test CXX_HAS_WARNING-Wcast-align - Success
-- Performing Test CXX_HAS_WARNING-Wdisabled-optimization
-- Performing Test CXX_HAS_WARNING-Wdisabled-optimization - Success
-- Performing Test CXX_HAS_WARNING-Wextra
-- Performing Test CXX_HAS_WARNING-Wextra - Success
-- Performing Test CXX_HAS_WARNING-Wformat_2
-- Performing Test CXX_HAS_WARNING-Wformat_2 - Success
-- Performing Test CXX_HAS_WARNING-Winvalid-pch
-- Performing Test CXX_HAS_WARNING-Winvalid-pch - Success
-- Performing Test CXX_HAS_WARNING-Wpointer-arith
-- Performing Test CXX_HAS_WARNING-Wpointer-arith - Success
-- Performing Test CXX_HAS_WARNING-Wshadow
-- Performing Test CXX_HAS_WARNING-Wshadow - Success
-- Performing Test CXX_HAS_WARNING-Wunused
-- Performing Test CXX_HAS_WARNING-Wunused - Success
-- Performing Test CXX_HAS_WARNING-Wwrite-strings
-- Performing Test CXX_HAS_WARNING-Wwrite-strings - Success
-- Performing Test CXX_HAS_WARNING-Wno-undefined-var-template
-- Performing Test CXX_HAS_WARNING-Wno-undefined-var-template - Failed
-- Performing Test CXX_HAS_WARNING-Woverloaded-virtual
-- Performing Test CXX_HAS_WARNING-Woverloaded-virtual - Success
-- Performing Test CXX_HAS_WARNING-Wctad-maybe-unsupported
-- Performing Test CXX_HAS_WARNING-Wctad-maybe-unsupported - Success
-- Performing Test CXX_HAS_WARNING-Wstrict-null-sentinel
-- Performing Test CXX_HAS_WARNING-Wstrict-null-sentinel - Success
-- Performing Test CXX_HAS_DISABLE_OPTIMIZATION_FLAG
-- Performing Test CXX_HAS_DISABLE_OPTIMIZATION_FLAG - Failed
--  The remote module: https://github.com/InsightSoftwareConsortium/ITKSimpleITKFilters.git is cloned into the directory /build/itk-lite-git/src/ITK/Modules/Remote/SimpleITKFilters
-- Running module dependency checks
-- Enabled ITKAnisotropicSmoothing, requested by ITK_BUILD_DEFAULT_MODULES.
-- Enabled ITKAntiAlias, requested by ITK_BUILD_DEFAULT_MODULES.
-- Enabled ITKBiasCorrection, requested by ITK_BUILD_DEFAULT_MODULES.
-- Enabled ITKBinaryMathematicalMorphology, requested by ITK_BUILD_DEFAULT_MODULES.
-- Enabled ITKClassifiers, requested by ITK_BUILD_DEFAULT_MODULES.
-- Enabled ITKColormap, requested by ITK_BUILD_DEFAULT_MODULES.
-- Enabled ITKCommon, requested by ITK_BUILD_DEFAULT_MODULES.
-- Enabled ITKConnectedComponents, requested by ITK_BUILD_DEFAULT_MODULES.
-- Enabled ITKConvolution, requested by ITK_BUILD_DEFAULT_MODULES.
-- Enabled ITKCurvatureFlow, requested by ITK_BUILD_DEFAULT_MODULES.
-- Enabled ITKDICOMParser, requested by ITK_BUILD_DEFAULT_MODULES.
-- Enabled ITKDeconvolution, requested by ITK_BUILD_DEFAULT_MODULES.
-- Enabled ITKDeformableMesh, requested by ITK_BUILD_DEFAULT_MODULES.
-- Enabled ITKDenoising, requested by ITK_BUILD_DEFAULT_MODULES.
-- Enabled ITKDiffusionTensorImage, requested by ITK_BUILD_DEFAULT_MODULES.
-- Enabled ITKDisplacementField, requested by ITK_BUILD_DEFAULT_MODULES.
-- Enabled ITKDistanceMap, requested by ITK_BUILD_DEFAULT_MODULES.
-- Enabled ITKDoubleConversion, requested by ITK_BUILD_DEFAULT_MODULES.
-- Enabled ITKEigen, requested by ITK_BUILD_DEFAULT_MODULES.
-- Enabled ITKEigen3, needed by [ITKCommon;ITKVNL;ITKOptimizers].
-- Enabled ITKExpat, requested by ITK_BUILD_DEFAULT_MODULES.
-- Enabled ITKFFT, requested by ITK_BUILD_DEFAULT_MODULES.
-- Enabled ITKFastMarching, requested by ITK_BUILD_DEFAULT_MODULES.
-- Enabled ITKFiniteDifference, requested by ITK_BUILD_DEFAULT_MODULES.
-- Enabled ITKGDCM, needed by [ITKIOGDCM].
-- Enabled ITKGIFTI, requested by ITK_BUILD_DEFAULT_MODULES.
-- Enabled ITKGoogleTest, requested by ITK_BUILD_DEFAULT_MODULES.
-- Enabled ITKHDF5, requested by ITK_BUILD_DEFAULT_MODULES.
-- Enabled ITKIOBMP, requested by ITK_BUILD_DEFAULT_MODULES.
-- Enabled ITKIOBioRad, requested by ITK_BUILD_DEFAULT_MODULES.
-- Enabled ITKIOBruker, requested by ITK_BUILD_DEFAULT_MODULES.
-- Enabled ITKIOCSV, requested by ITK_BUILD_DEFAULT_MODULES.
-- Enabled ITKIOGDCM, requested by ITK_BUILD_DEFAULT_MODULES.
-- Enabled ITKIOGE, requested by ITK_BUILD_DEFAULT_MODULES.
-- Enabled ITKIOGIPL, requested by ITK_BUILD_DEFAULT_MODULES.
-- Enabled ITKIOHDF5, requested by ITK_BUILD_DEFAULT_MODULES.
-- Enabled ITKIOIPL, requested by ITK_BUILD_DEFAULT_MODULES.
-- Enabled ITKIOImageBase, requested by ITK_BUILD_DEFAULT_MODULES.
-- Enabled ITKIOJPEG, requested by ITK_BUILD_DEFAULT_MODULES.
-- Enabled ITKIOJPEG2000, requested by ITK_BUILD_DEFAULT_MODULES.
-- Enabled ITKIOLSM, requested by ITK_BUILD_DEFAULT_MODULES.
-- Enabled ITKIOMINC, requested by Module_ITKIOMINC.
-- Enabled ITKIOMRC, requested by ITK_BUILD_DEFAULT_MODULES.
-- Enabled ITKIOMesh, requested by ITK_BUILD_DEFAULT_MODULES.
-- Enabled ITKIOMeshBYU, requested by ITK_BUILD_DEFAULT_MODULES.
-- Enabled ITKIOMeshBase, requested by ITK_BUILD_DEFAULT_MODULES.
-- Enabled ITKIOMeshFreeSurfer, requested by ITK_BUILD_DEFAULT_MODULES.
-- Enabled ITKIOMeshGifti, requested by ITK_BUILD_DEFAULT_MODULES.
-- Enabled ITKIOMeshOBJ, requested by ITK_BUILD_DEFAULT_MODULES.
-- Enabled ITKIOMeshOFF, requested by ITK_BUILD_DEFAULT_MODULES.
-- Enabled ITKIOMeshVTK, requested by ITK_BUILD_DEFAULT_MODULES.
-- Enabled ITKIOMeta, requested by ITK_BUILD_DEFAULT_MODULES.
-- Enabled ITKIONIFTI, requested by ITK_BUILD_DEFAULT_MODULES.
-- Enabled ITKIONRRD, requested by ITK_BUILD_DEFAULT_MODULES.
-- Enabled ITKIOPNG, requested by ITK_BUILD_DEFAULT_MODULES.
-- Enabled ITKIORAW, requested by ITK_BUILD_DEFAULT_MODULES.
-- Enabled ITKIOSiemens, requested by ITK_BUILD_DEFAULT_MODULES.
-- Enabled ITKIOSpatialObjects, requested by ITK_BUILD_DEFAULT_MODULES.
-- Enabled ITKIOStimulate, requested by ITK_BUILD_DEFAULT_MODULES.
-- Enabled ITKIOTIFF, requested by ITK_BUILD_DEFAULT_MODULES.
-- Enabled ITKIOTransformBase, requested by ITK_BUILD_DEFAULT_MODULES.
-- Enabled ITKIOTransformHDF5, requested by ITK_BUILD_DEFAULT_MODULES.
-- Enabled ITKIOTransformInsightLegacy, requested by ITK_BUILD_DEFAULT_MODULES.
-- Enabled ITKIOTransformMINC, requested by Module_ITKIOTransformMINC.
-- Enabled ITKIOTransformMatlab, requested by ITK_BUILD_DEFAULT_MODULES.
-- Enabled ITKIOVTK, requested by ITK_BUILD_DEFAULT_MODULES.
-- Enabled ITKIOXML, requested by ITK_BUILD_DEFAULT_MODULES.
-- Enabled ITKImageAdaptors, requested by ITK_BUILD_DEFAULT_MODULES.
-- Enabled ITKImageCompare, requested by ITK_BUILD_DEFAULT_MODULES.
-- Enabled ITKImageCompose, requested by ITK_BUILD_DEFAULT_MODULES.
-- Enabled ITKImageFeature, requested by ITK_BUILD_DEFAULT_MODULES.
-- Enabled ITKImageFilterBase, requested by ITK_BUILD_DEFAULT_MODULES.
-- Enabled ITKImageFrequency, requested by ITK_BUILD_DEFAULT_MODULES.
-- Enabled ITKImageFunction, requested by ITK_BUILD_DEFAULT_MODULES.
-- Enabled ITKImageFusion, requested by ITK_BUILD_DEFAULT_MODULES.
-- Enabled ITKImageGradient, requested by ITK_BUILD_DEFAULT_MODULES.
-- Enabled ITKImageGrid, requested by ITK_BUILD_DEFAULT_MODULES.
-- Enabled ITKImageIntensity, requested by ITK_BUILD_DEFAULT_MODULES.
-- Enabled ITKImageLabel, requested by ITK_BUILD_DEFAULT_MODULES.
-- Enabled ITKImageNoise, requested by ITK_BUILD_DEFAULT_MODULES.
-- Enabled ITKImageSources, requested by ITK_BUILD_DEFAULT_MODULES.
-- Enabled ITKImageStatistics, requested by ITK_BUILD_DEFAULT_MODULES.
-- Enabled ITKIntegratedTest, requested by ITK_BUILD_DEFAULT_MODULES.
-- Enabled ITKJPEG, requested by ITK_BUILD_DEFAULT_MODULES.
-- Enabled ITKKLMRegionGrowing, requested by ITK_BUILD_DEFAULT_MODULES.
-- Enabled ITKKWSys, requested by ITK_BUILD_DEFAULT_MODULES.
-- Enabled ITKLIBLBFGS, requested by ITK_BUILD_DEFAULT_MODULES.
-- Enabled ITKLabelMap, requested by ITK_BUILD_DEFAULT_MODULES.
-- Enabled ITKLabelVoting, requested by ITK_BUILD_DEFAULT_MODULES.
-- Enabled ITKLevelSets, requested by ITK_BUILD_DEFAULT_MODULES.
-- Enabled ITKLevelSetsv4, requested by ITK_BUILD_DEFAULT_MODULES.
-- Enabled ITKMINC, needed by [ITKIOMINC;ITKIOTransformMINC].
-- Enabled ITKMarkovRandomFieldsClassifiers, requested by ITK_BUILD_DEFAULT_MODULES.
-- Enabled ITKMathematicalMorphology, requested by ITK_BUILD_DEFAULT_MODULES.
-- Enabled ITKMesh, requested by ITK_BUILD_DEFAULT_MODULES.
-- Enabled ITKMetaIO, requested by ITK_BUILD_DEFAULT_MODULES.
-- Enabled ITKMetricsv4, requested by ITK_BUILD_DEFAULT_MODULES.
-- Enabled ITKNIFTI, requested by ITK_BUILD_DEFAULT_MODULES.
-- Enabled ITKNarrowBand, requested by ITK_BUILD_DEFAULT_MODULES.
-- Enabled ITKNrrdIO, requested by ITK_BUILD_DEFAULT_MODULES.
-- Enabled ITKOpenJPEG, needed by [ITKIOJPEG2000;ITKReview].
-- Enabled ITKOptimizers, requested by ITK_BUILD_DEFAULT_MODULES.
-- Enabled ITKOptimizersv4, requested by ITK_BUILD_DEFAULT_MODULES.
-- Enabled ITKPDEDeformableRegistration, requested by ITK_BUILD_DEFAULT_MODULES.
-- Enabled ITKPNG, requested by ITK_BUILD_DEFAULT_MODULES.
-- Enabled ITKPath, requested by ITK_BUILD_DEFAULT_MODULES.
-- Enabled ITKPocketFFT, requested by ITK_BUILD_DEFAULT_MODULES.
-- Enabled ITKPolynomials, requested by ITK_BUILD_DEFAULT_MODULES.
-- Enabled ITKQuadEdgeMesh, requested by ITK_BUILD_DEFAULT_MODULES.
-- Enabled ITKQuadEdgeMeshFiltering, requested by ITK_BUILD_DEFAULT_MODULES.
-- Enabled ITKRegionGrowing, requested by ITK_BUILD_DEFAULT_MODULES.
-- Enabled ITKRegistrationCommon, requested by ITK_BUILD_DEFAULT_MODULES.
-- Enabled ITKRegistrationMethodsv4, requested by ITK_BUILD_DEFAULT_MODULES.
-- Enabled ITKReview, requested by Module_ITKReview.
-- Enabled ITKSignedDistanceFunction, requested by ITK_BUILD_DEFAULT_MODULES.
-- Enabled ITKSmoothing, requested by ITK_BUILD_DEFAULT_MODULES.
-- Enabled ITKSpatialFunction, requested by ITK_BUILD_DEFAULT_MODULES.
-- Enabled ITKSpatialObjects, requested by ITK_BUILD_DEFAULT_MODULES.
-- Enabled ITKStatistics, requested by ITK_BUILD_DEFAULT_MODULES.
-- Enabled ITKSuperPixel, requested by ITK_BUILD_DEFAULT_MODULES.
-- Enabled ITKTIFF, requested by ITK_BUILD_DEFAULT_MODULES.
-- Enabled ITKTestKernel, requested by ITK_BUILD_DEFAULT_MODULES.
-- Enabled ITKThresholding, requested by ITK_BUILD_DEFAULT_MODULES.
-- Enabled ITKTransform, requested by ITK_BUILD_DEFAULT_MODULES.
-- Enabled ITKTransformFactory, requested by ITK_BUILD_DEFAULT_MODULES.
-- Enabled ITKVNL, requested by ITK_BUILD_DEFAULT_MODULES.
-- Enabled ITKVTK, requested by ITK_BUILD_DEFAULT_MODULES.
-- Enabled ITKVideoCore, requested by ITK_BUILD_DEFAULT_MODULES.
-- Enabled ITKVideoFiltering, requested by ITK_BUILD_DEFAULT_MODULES.
-- Enabled ITKVideoIO, requested by ITK_BUILD_DEFAULT_MODULES.
-- Enabled ITKVoronoi, requested by ITK_BUILD_DEFAULT_MODULES.
-- Enabled ITKWatersheds, requested by ITK_BUILD_DEFAULT_MODULES.
-- Enabled ITKZLIB, requested by ITK_BUILD_DEFAULT_MODULES.
-- Enabled SimpleITKFilters, requested by Module_SimpleITKFilters.
-- Enabled StructuralSimilarity, requested by ITK_BUILD_DEFAULT_MODULES.
-- Double correction test returned: 89255.0/1e22 = 8.9255e-18
-- Checking whether C compiler has ptrdiff_t in stddef.h
-- Checking whether C compiler has ptrdiff_t in stddef.h - yes
-- Checking whether C compiler has ssize_t in unistd.h
-- Checking whether C compiler has ssize_t in unistd.h - yes
-- Checking whether C compiler has clock_gettime
-- Checking whether C compiler has clock_gettime - yes
-- Checking whether CXX compiler has setenv
-- Checking whether CXX compiler has setenv - yes
-- Checking whether CXX compiler has unsetenv
-- Checking whether CXX compiler has unsetenv - yes
-- Checking whether CXX compiler has environ in stdlib.h
-- Checking whether CXX compiler has environ in stdlib.h - no
-- Checking whether CXX compiler has utimes
-- Checking whether CXX compiler has utimes - yes
-- Checking whether CXX compiler has utimensat
-- Checking whether CXX compiler has utimensat - yes
-- Checking whether CXX compiler struct stat has st_mtim member
-- Checking whether CXX compiler struct stat has st_mtim member - yes
-- Checking whether CXX compiler struct stat has st_mtimespec member
-- Checking whether CXX compiler struct stat has st_mtimespec member - no
-- Looking for include files sys/types.h, ifaddrs.h
-- Looking for include files sys/types.h, ifaddrs.h - found
-- Checking whether CXX compiler has rlimit64
-- Checking whether CXX compiler has rlimit64 - yes
-- Looking for C++ include execinfo.h
-- Looking for C++ include execinfo.h - found
-- Checking whether backtrace works with this C++ compiler
-- Checking whether backtrace works with this C++ compiler - yes
-- Looking for C++ include dlfcn.h
-- Looking for C++ include dlfcn.h - found
-- Checking whether dladdr works with this C++ compiler
-- Checking whether dladdr works with this C++ compiler - yes
-- Looking for C++ include cxxabi.h
-- Looking for C++ include cxxabi.h - found
-- Checking whether cxxabi works with this C++ compiler
-- Checking whether cxxabi works with this C++ compiler - yes
-- Checking whether CXX compiler has getloadavg
-- Checking whether CXX compiler has getloadavg - yes
-- Checking whether <ext/stdio_filebuf.h> is available
-- Checking whether <ext/stdio_filebuf.h> is available - yes
-- Performing Test HAVE_IMPLICIT_MATH
-- Performing Test HAVE_IMPLICIT_MATH - Failed
-- Performing Test HAVE_EXPLICIT_LIBM
-- Performing Test HAVE_EXPLICIT_LIBM - Success
-- Performing Test COMPILER_HAS_HIDDEN_VISIBILITY
-- Performing Test COMPILER_HAS_HIDDEN_VISIBILITY - Success
-- Performing Test COMPILER_HAS_HIDDEN_INLINE_VISIBILITY
-- Performing Test COMPILER_HAS_HIDDEN_INLINE_VISIBILITY - Success
-- Performing Test COMPILER_HAS_DEPRECATED_ATTR
-- Performing Test COMPILER_HAS_DEPRECATED_ATTR - Success
-- Performing Test CMAKE_HAVE_LIBC_PTHREAD
-- Performing Test CMAKE_HAVE_LIBC_PTHREAD - Success
-- Found Threads: TRUE
-- Checking to see if this platform has the __FUNCTION__ C-Preprocessor directive
-- Checking to see if this platform supports has the __FUNCTION__ C-Preprocessor directive - yes
-- Looking for include file fenv.h
-- Looking for include file fenv.h - found
-- Looking for include file unistd.h
-- Looking for include file unistd.h - found
-- Performing Test ITK_PRIVATE_DYNAMIC_CAST - Success
-- Performing Test gcc_has_no_associative_math
-- Performing Test gcc_has_no_associative_math - Success
-- Found ZLIB: /usr/lib/libz.so (found version "1.3.2")
-- Check for STD namespace
-- Check for STD namespace - found
-- Found EXPAT: /usr/lib/libexpat.so (found version "2.8.3")
-- Setting 'NIFTI_INSTALL_MAN_DIR' variable with default value 'share/man/man1'
-- Setting 'NIFTI_INSTALL_DOC_DIR' variable with default value 'share/doc/NIFTI'
-- Setting 'NIFTI_INSTALL_MODULE_DIR' variable with default value 'share/cmake/ITKNIFTI'
-- Setting 'ZNZ_COMPILE_DEF' variable with default value ''
-- Setting 'NIFTI_INSTALL_NO_DOCS' variable with default value 'TRUE'
-- Setting 'CMAKE_INSTALL_RPATH' variable with default value '$ORIGIN/../lib'
-- nifti_installed_targets: ITKznz;ITKniftiio
-- Found JPEG: /usr/lib/libjpeg.so (found version "80")
-- Found TIFF: /usr/lib/cmake/tiff (found version "4.7.2")
-- Looking for mkstemp
-- Looking for mkstemp - found
-- Looking for tmpnam
-- Looking for tmpnam - found
-- Looking for tempnam
-- Looking for tempnam - found
-- Looking for strerror
-- Looking for strerror - found
-- Looking for popen
-- Looking for popen - found
-- Looking for fork
-- Looking for fork - found
-- Looking for vfork
-- Looking for vfork - found
-- Looking for fdopen
-- Looking for fdopen - found
-- Looking for strdup
-- Looking for strdup - found
-- Looking for getpwnam
-- Looking for getpwnam - found
-- Looking for select
-- Looking for select - found
-- Looking for sysconf
-- Looking for sysconf - found
-- Looking for system
-- Looking for system - found
-- Looking for rint
-- Looking for rint - found
-- Looking for copysign
-- Looking for copysign - found
-- Looking for round
-- Looking for round - found
-- Looking for fabsf
-- Looking for fabsf - found
-- Looking for srand48
-- Looking for srand48 - found
-- Looking for drand48
-- Looking for drand48 - found
-- Looking for sleep
-- Looking for sleep - found
-- Looking for gettimeofday
-- Looking for gettimeofday - found
-- Looking for clock_gettime in rt
-- Looking for clock_gettime in rt - found
-- Looking for include file sys/dir.h
-- Looking for include file sys/dir.h - found
-- Looking for include file sys/ndir.h
-- Looking for include file sys/ndir.h - not found
-- Looking for include file sys/stat.h
-- Looking for include file sys/stat.h - found
-- Looking for include file sys/types.h
-- Looking for include file sys/types.h - found
-- Looking for include file sys/wait.h
-- Looking for include file sys/wait.h - found
-- Looking for include file sys/time.h
-- Looking for include file sys/time.h - found
-- Looking for include file dirent.h
-- Looking for include file dirent.h - found
-- Looking for include file fcntl.h
-- Looking for include file fcntl.h - found
-- Looking for include file dlfcn.h
-- Looking for include file dlfcn.h - found
-- Looking for include file vfork.h
-- Looking for include file vfork.h - not found
-- Looking for include file inttypes.h
-- Looking for include file inttypes.h - found
-- Looking for include file strings.h
-- Looking for include file strings.h - found
-- Looking for include file pwd.h
-- Looking for include file pwd.h - found
-- Looking for include file sys/select.h
-- Looking for include file sys/select.h - found
-- Found PNG: /usr/lib/libpng.so (found version "1.6.58")
-- Configuring done (19.2s)
-- Generating done (0.5s)
-- Build files have been written to: /build/itk-lite-git/src/build
-- GLOB mismatch!
The following files were added:
  +/build/itk-lite-git/src/ITK/Modules/Remote/SimpleITKFilters
-- Running module dependency checks
-- Enabled ITKAnisotropicSmoothing, requested by ITK_BUILD_DEFAULT_MODULES.
-- Enabled ITKAntiAlias, requested by ITK_BUILD_DEFAULT_MODULES.
-- Enabled ITKBiasCorrection, requested by ITK_BUILD_DEFAULT_MODULES.
-- Enabled ITKBinaryMathematicalMorphology, requested by ITK_BUILD_DEFAULT_MODULES.
-- Enabled ITKClassifiers, requested by ITK_BUILD_DEFAULT_MODULES.
-- Enabled ITKColormap, requested by ITK_BUILD_DEFAULT_MODULES.
-- Enabled ITKCommon, requested by ITK_BUILD_DEFAULT_MODULES.
-- Enabled ITKConnectedComponents, requested by ITK_BUILD_DEFAULT_MODULES.
-- Enabled ITKConvolution, requested by ITK_BUILD_DEFAULT_MODULES.
-- Enabled ITKCurvatureFlow, requested by ITK_BUILD_DEFAULT_MODULES.
-- Enabled ITKDICOMParser, requested by ITK_BUILD_DEFAULT_MODULES.
-- Enabled ITKDeconvolution, requested by ITK_BUILD_DEFAULT_MODULES.
-- Enabled ITKDeformableMesh, requested by ITK_BUILD_DEFAULT_MODULES.
-- Enabled ITKDenoising, requested by ITK_BUILD_DEFAULT_MODULES.
-- Enabled ITKDiffusionTensorImage, requested by ITK_BUILD_DEFAULT_MODULES.
-- Enabled ITKDisplacementField, requested by ITK_BUILD_DEFAULT_MODULES.
-- Enabled ITKDistanceMap, requested by ITK_BUILD_DEFAULT_MODULES.
-- Enabled ITKDoubleConversion, requested by ITK_BUILD_DEFAULT_MODULES.
-- Enabled ITKEigen, requested by ITK_BUILD_DEFAULT_MODULES.
-- Enabled ITKEigen3, needed by [ITKCommon;ITKVNL;ITKOptimizers].
-- Enabled ITKExpat, requested by ITK_BUILD_DEFAULT_MODULES.
-- Enabled ITKFFT, requested by ITK_BUILD_DEFAULT_MODULES.
-- Enabled ITKFastMarching, requested by ITK_BUILD_DEFAULT_MODULES.
-- Enabled ITKFiniteDifference, requested by ITK_BUILD_DEFAULT_MODULES.
-- Enabled ITKGDCM, needed by [ITKIOGDCM].
-- Enabled ITKGIFTI, requested by ITK_BUILD_DEFAULT_MODULES.
-- Enabled ITKGoogleTest, requested by ITK_BUILD_DEFAULT_MODULES.
-- Enabled ITKHDF5, requested by ITK_BUILD_DEFAULT_MODULES.
-- Enabled ITKIOBMP, requested by ITK_BUILD_DEFAULT_MODULES.
-- Enabled ITKIOBioRad, requested by ITK_BUILD_DEFAULT_MODULES.
-- Enabled ITKIOBruker, requested by ITK_BUILD_DEFAULT_MODULES.
-- Enabled ITKIOCSV, requested by ITK_BUILD_DEFAULT_MODULES.
-- Enabled ITKIOGDCM, requested by ITK_BUILD_DEFAULT_MODULES.
-- Enabled ITKIOGE, requested by ITK_BUILD_DEFAULT_MODULES.
-- Enabled ITKIOGIPL, requested by ITK_BUILD_DEFAULT_MODULES.
-- Enabled ITKIOHDF5, requested by ITK_BUILD_DEFAULT_MODULES.
-- Enabled ITKIOIPL, requested by ITK_BUILD_DEFAULT_MODULES.
-- Enabled ITKIOImageBase, requested by ITK_BUILD_DEFAULT_MODULES.
-- Enabled ITKIOJPEG, requested by ITK_BUILD_DEFAULT_MODULES.
-- Enabled ITKIOJPEG2000, requested by ITK_BUILD_DEFAULT_MODULES.
-- Enabled ITKIOLSM, requested by ITK_BUILD_DEFAULT_MODULES.
-- Enabled ITKIOMINC, requested by Module_ITKIOMINC.
-- Enabled ITKIOMRC, requested by ITK_BUILD_DEFAULT_MODULES.
-- Enabled ITKIOMesh, requested by ITK_BUILD_DEFAULT_MODULES.
-- Enabled ITKIOMeshBYU, requested by ITK_BUILD_DEFAULT_MODULES.
-- Enabled ITKIOMeshBase, requested by ITK_BUILD_DEFAULT_MODULES.
-- Enabled ITKIOMeshFreeSurfer, requested by ITK_BUILD_DEFAULT_MODULES.
-- Enabled ITKIOMeshGifti, requested by ITK_BUILD_DEFAULT_MODULES.
-- Enabled ITKIOMeshOBJ, requested by ITK_BUILD_DEFAULT_MODULES.
-- Enabled ITKIOMeshOFF, requested by ITK_BUILD_DEFAULT_MODULES.
-- Enabled ITKIOMeshVTK, requested by ITK_BUILD_DEFAULT_MODULES.
-- Enabled ITKIOMeta, requested by ITK_BUILD_DEFAULT_MODULES.
-- Enabled ITKIONIFTI, requested by ITK_BUILD_DEFAULT_MODULES.
-- Enabled ITKIONRRD, requested by ITK_BUILD_DEFAULT_MODULES.
-- Enabled ITKIOPNG, requested by ITK_BUILD_DEFAULT_MODULES.
-- Enabled ITKIORAW, requested by ITK_BUILD_DEFAULT_MODULES.
-- Enabled ITKIOSiemens, requested by ITK_BUILD_DEFAULT_MODULES.
-- Enabled ITKIOSpatialObjects, requested by ITK_BUILD_DEFAULT_MODULES.
-- Enabled ITKIOStimulate, requested by ITK_BUILD_DEFAULT_MODULES.
-- Enabled ITKIOTIFF, requested by ITK_BUILD_DEFAULT_MODULES.
-- Enabled ITKIOTransformBase, requested by ITK_BUILD_DEFAULT_MODULES.
-- Enabled ITKIOTransformHDF5, requested by ITK_BUILD_DEFAULT_MODULES.
-- Enabled ITKIOTransformInsightLegacy, requested by ITK_BUILD_DEFAULT_MODULES.
-- Enabled ITKIOTransformMINC, requested by Module_ITKIOTransformMINC.
-- Enabled ITKIOTransformMatlab, requested by ITK_BUILD_DEFAULT_MODULES.
-- Enabled ITKIOVTK, requested by ITK_BUILD_DEFAULT_MODULES.
-- Enabled ITKIOXML, requested by ITK_BUILD_DEFAULT_MODULES.
-- Enabled ITKImageAdaptors, requested by ITK_BUILD_DEFAULT_MODULES.
-- Enabled ITKImageCompare, requested by ITK_BUILD_DEFAULT_MODULES.
-- Enabled ITKImageCompose, requested by ITK_BUILD_DEFAULT_MODULES.
-- Enabled ITKImageFeature, requested by ITK_BUILD_DEFAULT_MODULES.
-- Enabled ITKImageFilterBase, requested by ITK_BUILD_DEFAULT_MODULES.
-- Enabled ITKImageFrequency, requested by ITK_BUILD_DEFAULT_MODULES.
-- Enabled ITKImageFunction, requested by ITK_BUILD_DEFAULT_MODULES.
-- Enabled ITKImageFusion, requested by ITK_BUILD_DEFAULT_MODULES.
-- Enabled ITKImageGradient, requested by ITK_BUILD_DEFAULT_MODULES.
-- Enabled ITKImageGrid, requested by ITK_BUILD_DEFAULT_MODULES.
-- Enabled ITKImageIntensity, requested by ITK_BUILD_DEFAULT_MODULES.
-- Enabled ITKImageLabel, requested by ITK_BUILD_DEFAULT_MODULES.
-- Enabled ITKImageNoise, requested by ITK_BUILD_DEFAULT_MODULES.
-- Enabled ITKImageSources, requested by ITK_BUILD_DEFAULT_MODULES.
-- Enabled ITKImageStatistics, requested by ITK_BUILD_DEFAULT_MODULES.
-- Enabled ITKIntegratedTest, requested by ITK_BUILD_DEFAULT_MODULES.
-- Enabled ITKJPEG, requested by ITK_BUILD_DEFAULT_MODULES.
-- Enabled ITKKLMRegionGrowing, requested by ITK_BUILD_DEFAULT_MODULES.
-- Enabled ITKKWSys, requested by ITK_BUILD_DEFAULT_MODULES.
-- Enabled ITKLIBLBFGS, requested by ITK_BUILD_DEFAULT_MODULES.
-- Enabled ITKLabelMap, requested by ITK_BUILD_DEFAULT_MODULES.
-- Enabled ITKLabelVoting, requested by ITK_BUILD_DEFAULT_MODULES.
-- Enabled ITKLevelSets, requested by ITK_BUILD_DEFAULT_MODULES.
-- Enabled ITKLevelSetsv4, requested by ITK_BUILD_DEFAULT_MODULES.
-- Enabled ITKMINC, needed by [ITKIOMINC;ITKIOTransformMINC].
-- Enabled ITKMarkovRandomFieldsClassifiers, requested by ITK_BUILD_DEFAULT_MODULES.
-- Enabled ITKMathematicalMorphology, requested by ITK_BUILD_DEFAULT_MODULES.
-- Enabled ITKMesh, requested by ITK_BUILD_DEFAULT_MODULES.
-- Enabled ITKMetaIO, requested by ITK_BUILD_DEFAULT_MODULES.
-- Enabled ITKMetricsv4, requested by ITK_BUILD_DEFAULT_MODULES.
-- Enabled ITKNIFTI, requested by ITK_BUILD_DEFAULT_MODULES.
-- Enabled ITKNarrowBand, requested by ITK_BUILD_DEFAULT_MODULES.
-- Enabled ITKNrrdIO, requested by ITK_BUILD_DEFAULT_MODULES.
-- Enabled ITKOpenJPEG, needed by [ITKIOJPEG2000;ITKReview].
-- Enabled ITKOptimizers, requested by ITK_BUILD_DEFAULT_MODULES.
-- Enabled ITKOptimizersv4, requested by ITK_BUILD_DEFAULT_MODULES.
-- Enabled ITKPDEDeformableRegistration, requested by ITK_BUILD_DEFAULT_MODULES.
-- Enabled ITKPNG, requested by ITK_BUILD_DEFAULT_MODULES.
-- Enabled ITKPath, requested by ITK_BUILD_DEFAULT_MODULES.
-- Enabled ITKPocketFFT, requested by ITK_BUILD_DEFAULT_MODULES.
-- Enabled ITKPolynomials, requested by ITK_BUILD_DEFAULT_MODULES.
-- Enabled ITKQuadEdgeMesh, requested by ITK_BUILD_DEFAULT_MODULES.
-- Enabled ITKQuadEdgeMeshFiltering, requested by ITK_BUILD_DEFAULT_MODULES.
-- Enabled ITKRegionGrowing, requested by ITK_BUILD_DEFAULT_MODULES.
-- Enabled ITKRegistrationCommon, requested by ITK_BUILD_DEFAULT_MODULES.
-- Enabled ITKRegistrationMethodsv4, requested by ITK_BUILD_DEFAULT_MODULES.
-- Enabled ITKReview, requested by Module_ITKReview.
-- Enabled ITKSignedDistanceFunction, requested by ITK_BUILD_DEFAULT_MODULES.
-- Enabled ITKSmoothing, requested by ITK_BUILD_DEFAULT_MODULES.
-- Enabled ITKSpatialFunction, requested by ITK_BUILD_DEFAULT_MODULES.
-- Enabled ITKSpatialObjects, requested by ITK_BUILD_DEFAULT_MODULES.
-- Enabled ITKStatistics, requested by ITK_BUILD_DEFAULT_MODULES.
-- Enabled ITKSuperPixel, requested by ITK_BUILD_DEFAULT_MODULES.
-- Enabled ITKTIFF, requested by ITK_BUILD_DEFAULT_MODULES.
-- Enabled ITKTestKernel, requested by ITK_BUILD_DEFAULT_MODULES.
-- Enabled ITKThresholding, requested by ITK_BUILD_DEFAULT_MODULES.
-- Enabled ITKTransform, requested by ITK_BUILD_DEFAULT_MODULES.
-- Enabled ITKTransformFactory, requested by ITK_BUILD_DEFAULT_MODULES.
-- Enabled ITKVNL, requested by ITK_BUILD_DEFAULT_MODULES.
-- Enabled ITKVTK, requested by ITK_BUILD_DEFAULT_MODULES.
-- Enabled ITKVideoCore, requested by ITK_BUILD_DEFAULT_MODULES.
-- Enabled ITKVideoFiltering, requested by ITK_BUILD_DEFAULT_MODULES.
-- Enabled ITKVideoIO, requested by ITK_BUILD_DEFAULT_MODULES.
-- Enabled ITKVoronoi, requested by ITK_BUILD_DEFAULT_MODULES.
-- Enabled ITKWatersheds, requested by ITK_BUILD_DEFAULT_MODULES.
-- Enabled ITKZLIB, requested by ITK_BUILD_DEFAULT_MODULES.
-- Enabled SimpleITKFilters, requested by Module_SimpleITKFilters.
-- Enabled StructuralSimilarity, requested by ITK_BUILD_DEFAULT_MODULES.
-- Performing Test ITK_PRIVATE_DYNAMIC_CAST - Success
-- Setting 'NIFTI_INSTALL_MAN_DIR' variable with default value 'share/man/man1'
-- Setting 'NIFTI_INSTALL_DOC_DIR' variable with default value 'share/doc/NIFTI'
-- Setting 'NIFTI_INSTALL_MODULE_DIR' variable with default value 'share/cmake/ITKNIFTI'
-- Setting 'ZNZ_COMPILE_DEF' variable with default value ''
-- Setting 'NIFTI_INSTALL_NO_DOCS' variable with default value 'TRUE'
-- Setting 'CMAKE_INSTALL_RPATH' variable with default value '$ORIGIN/../lib'
-- nifti_installed_targets: ITKznz;ITKniftiio
-- Configuring done (4.9s)
-- Generating done (0.5s)
-- Build files have been written to: /build/itk-lite-git/src/build
[  1%] Building CXX object Modules/ThirdParty/DoubleConversion/src/double-conversion/CMakeFiles/itkdouble-conversion.dir/bignum.cc.o
[  1%] Building C object Modules/ThirdParty/KWSys/src/KWSys/CMakeFiles/itksys.dir/ProcessUNIX.c.o
[  1%] Building CXX object Modules/ThirdParty/VNL/src/vxl/vcl/CMakeFiles/vcl.dir/vcl.cxx.o
[  1%] Built target ITKZLIB-all
[  1%] Built target ITKConnectedComponents-all
[  1%] Built target ITKImageGrid-all
[  1%] Built target ITKData
[  1%] Built target ITKImageStatistics-all
[  1%] Built target ITKImageAdaptors-all
[  1%] Built target ITKEigen3-all
[  1%] Built target ITKImageCompose-all
[  1%] Built target ITKAnisotropicSmoothing-all
[  1%] Built target ITKImageLabel-all
[  1%] Built target ITKImageFilterBase-all
[  1%] Built target ITKImageFunction-all
[  1%] Built target ITKFiniteDifference-all
[  1%] Built target ITKThresholding-all
[  1%] Built target ITKBinaryMathematicalMorphology-all
[  1%] Built target ITKCurvatureFlow-all
[  1%] Building C object Modules/ThirdParty/VNL/src/vxl/v3p/netlib/CMakeFiles/itkv3p_netlib.dir/v3p_netlib_init.c.o
[  1%] Building CXX object Modules/ThirdParty/DoubleConversion/src/double-conversion/CMakeFiles/itkdouble-conversion.dir/double-to-string.cc.o
[  1%] Building C object Modules/ThirdParty/KWSys/src/KWSys/CMakeFiles/itksys.dir/EncodingC.c.o
[  2%] Building CXX object Modules/ThirdParty/KWSys/src/KWSys/CMakeFiles/itksys.dir/Directory.cxx.o
[  1%] Building CXX object Modules/ThirdParty/DoubleConversion/src/double-conversion/CMakeFiles/itkdouble-conversion.dir/bignum-dtoa.cc.o
[  2%] Building C object Modules/ThirdParty/VNL/src/vxl/v3p/netlib/CMakeFiles/itkv3p_netlib.dir/libf2c/f77_aloc.c.o
[  2%] Building CXX object Modules/ThirdParty/DoubleConversion/src/double-conversion/CMakeFiles/itkdouble-conversion.dir/fixed-dtoa.cc.o
[  2%] Building C object Modules/ThirdParty/KWSys/src/KWSys/CMakeFiles/itksys.dir/Base64.c.o
[  2%] Building CXX object Modules/ThirdParty/DoubleConversion/src/double-conversion/CMakeFiles/itkdouble-conversion.dir/fast-dtoa.cc.o
[  2%] Building CXX object Modules/ThirdParty/DoubleConversion/src/double-conversion/CMakeFiles/itkdouble-conversion.dir/cached-powers.cc.o
[  3%] Building C object Modules/ThirdParty/KWSys/src/KWSys/CMakeFiles/itksys.dir/MD5.c.o
[  3%] Building C object Modules/ThirdParty/KWSys/src/KWSys/CMakeFiles/itksys.dir/System.c.o
[  4%] Linking CXX static library ../../../../../../lib/libvcl.a
[  4%] Building CXX object Modules/Filtering/FastMarching/src/CMakeFiles/ITKFastMarching.dir/itkFastMarchingBase.cxx.o
[  4%] Built target ITKImageCompare-all
[  4%] Building CXX object Modules/Core/QuadEdgeMesh/src/CMakeFiles/ITKQuadEdgeMesh.dir/itkQuadEdge.cxx.o
[  4%] Built target ITKDistanceMap-all
[  4%] Built target ITKNarrowBand-all
[  4%] Building CXX object Modules/Filtering/FastMarching/src/CMakeFiles/ITKFastMarching.dir/itkFastMarchingImageFilter.cxx.o
[  4%] Building CXX object Modules/Core/QuadEdgeMesh/src/CMakeFiles/ITKQuadEdgeMesh.dir/itkQuadEdgeMeshEulerOperatorFlipEdgeFunction.cxx.o
[  4%] Building CXX object Modules/ThirdParty/KWSys/src/KWSys/CMakeFiles/itksys.dir/DynamicLoader.cxx.o
[  4%] Built target ITKPocketFFT-all
[  4%] Building C object Modules/ThirdParty/VNL/src/vxl/v3p/netlib/CMakeFiles/itkv3p_netlib.dir/libf2c/exit_.c.o
[  4%] Building CXX object Modules/ThirdParty/DoubleConversion/src/double-conversion/CMakeFiles/itkdouble-conversion.dir/string-to-double.cc.o
[  4%] Built target ITKImageSources-all
[  4%] Building CXX object Modules/ThirdParty/DoubleConversion/src/double-conversion/CMakeFiles/itkdouble-conversion.dir/strtod.cc.o
[  4%] Building C object Modules/ThirdParty/VNL/src/vxl/v3p/netlib/CMakeFiles/itkv3p_netlib.dir/libf2c/c_abs.c.o
[  4%] Built target vcl
[  4%] Building CXX object Modules/ThirdParty/KWSys/src/KWSys/CMakeFiles/itksys.dir/EncodingCXX.cxx.o
[  4%] Building CXX object Modules/Filtering/Smoothing/src/CMakeFiles/ITKSmoothing.dir/itkFFTDiscreteGaussianImageFilter.cxx.o
[  4%] Building C object Modules/ThirdParty/VNL/src/vxl/v3p/netlib/CMakeFiles/itkv3p_netlib.dir/libf2c/c_div.c.o
[  4%] Built target ITKSignedDistanceFunction-all
[  4%] Built target ITKImageGradient-all
[  4%] Building C object Modules/ThirdParty/VNL/src/vxl/v3p/netlib/CMakeFiles/itkv3p_netlib.dir/libf2c/c_sqrt.c.o
[  4%] Building CXX object Modules/Filtering/FastMarching/src/CMakeFiles/ITKFastMarching.dir/itkFastMarchingReachedTargetNodesStoppingCriterion.cxx.o
[  4%] Building C object Modules/ThirdParty/VNL/src/vxl/v3p/netlib/CMakeFiles/itkv3p_netlib.dir/libf2c/cabs.c.o
[  4%] Built target ITKLevelSets-all
[  4%] Building C object Modules/ThirdParty/VNL/src/vxl/v3p/netlib/CMakeFiles/itkv3p_netlib.dir/libf2c/d_cnjg.c.o
[  4%] Built target ITKAntiAlias-all
[  4%] Building CXX object Modules/Filtering/Smoothing/src/CMakeFiles/ITKSmoothing.dir/itkRecursiveGaussianImageFilter.cxx.o
[  4%] Building CXX object Modules/Filtering/FastMarching/src/CMakeFiles/ITKFastMarching.dir/itkFastMarchingUpwindGradientImageFilter.cxx.o
[  4%] Building C object Modules/ThirdParty/VNL/src/vxl/v3p/netlib/CMakeFiles/itkv3p_netlib.dir/libf2c/d_imag.c.o
[  4%] Built target ITKClassifiers-all
[  4%] Building CXX object Modules/ThirdParty/KWSys/src/KWSys/CMakeFiles/itksys.dir/Glob.cxx.o
[  4%] Building CXX object Modules/Filtering/Colormap/src/CMakeFiles/ITKColormap.dir/itkScalarToRGBColormapImageFilter.cxx.o
[  4%] Building CXX object Modules/ThirdParty/KWSys/src/KWSys/CMakeFiles/itksys.dir/RegularExpression.cxx.o
[  4%] Building C object Modules/ThirdParty/VNL/src/vxl/v3p/netlib/CMakeFiles/itkv3p_netlib.dir/libf2c/d_lg10.c.o
[  5%] Building C object Modules/ThirdParty/VNL/src/vxl/v3p/netlib/CMakeFiles/itkv3p_netlib.dir/libf2c/d_sign.c.o
[  5%] Building C object Modules/ThirdParty/VNL/src/vxl/v3p/netlib/CMakeFiles/itkv3p_netlib.dir/libf2c/i_dnnt.c.o
[  5%] Building CXX object Modules/ThirdParty/KWSys/src/KWSys/CMakeFiles/itksys.dir/SystemTools.cxx.o
[  5%] Building C object Modules/ThirdParty/VNL/src/vxl/v3p/netlib/CMakeFiles/itkv3p_netlib.dir/libf2c/pow_dd.c.o
[  5%] Building CXX object Modules/ThirdParty/DICOMParser/src/DICOMParser/CMakeFiles/ITKDICOMParser.dir/DICOMSource.cxx.o
[  5%] Building C object Modules/ThirdParty/VNL/src/vxl/v3p/netlib/CMakeFiles/itkv3p_netlib.dir/libf2c/pow_di.c.o
[  5%] Building C object Modules/ThirdParty/VNL/src/vxl/v3p/netlib/CMakeFiles/itkv3p_netlib.dir/libf2c/pow_ii.c.o
[  5%] Building C object Modules/ThirdParty/VNL/src/vxl/v3p/netlib/CMakeFiles/itkv3p_netlib.dir/libf2c/pow_ri.c.o
[  5%] Building CXX object Modules/ThirdParty/DICOMParser/src/DICOMParser/CMakeFiles/ITKDICOMParser.dir/DICOMBuffer.cxx.o
[  5%] Built target ITKDeconvolution-all
[  5%] Building CXX object Modules/ThirdParty/DICOMParser/src/DICOMParser/CMakeFiles/ITKDICOMParser.dir/DICOMFile.cxx.o
[  5%] Building C object Modules/ThirdParty/VNL/src/vxl/v3p/netlib/CMakeFiles/itkv3p_netlib.dir/libf2c/pow_zi.c.o
[  5%] Built target ITKDisplacementField-all
[  5%] Building C object Modules/ThirdParty/VNL/src/vxl/v3p/netlib/CMakeFiles/itkv3p_netlib.dir/libf2c/r_cnjg.c.o
[  5%] Built target ITKEigen-all
[  5%] Building CXX object Modules/ThirdParty/KWSys/src/KWSys/CMakeFiles/itksys.dir/CommandLineArguments.cxx.o
[  6%] Building C object Modules/ThirdParty/VNL/src/vxl/v3p/netlib/CMakeFiles/itkv3p_netlib.dir/libf2c/r_imag.c.o
[  6%] Building C object Modules/ThirdParty/VNL/src/vxl/v3p/netlib/CMakeFiles/itkv3p_netlib.dir/libf2c/r_sign.c.o
[  6%] Building C object Modules/ThirdParty/VNL/src/vxl/v3p/netlib/CMakeFiles/itkv3p_netlib.dir/libf2c/s_cat.c.o
[  6%] Building CXX object Modules/ThirdParty/DICOMParser/src/DICOMParser/CMakeFiles/ITKDICOMParser.dir/DICOMParser.cxx.o
[  6%] Building C object Modules/ThirdParty/VNL/src/vxl/v3p/netlib/CMakeFiles/itkv3p_netlib.dir/libf2c/s_cmp.c.o
[  6%] Building CXX object Modules/ThirdParty/DICOMParser/src/DICOMParser/CMakeFiles/ITKDICOMParser.dir/DICOMAppHelper.cxx.o
[  6%] Built target ITKExpat-all
[  6%] Building C object Modules/ThirdParty/VNL/src/vxl/v3p/netlib/CMakeFiles/itkv3p_netlib.dir/libf2c/s_copy.c.o
[  6%] Building C object Modules/ThirdParty/VNL/src/vxl/v3p/netlib/CMakeFiles/itkv3p_netlib.dir/libf2c/sig_die.c.o
[  6%] Building C object Modules/ThirdParty/VNL/src/vxl/v3p/netlib/CMakeFiles/itkv3p_netlib.dir/libf2c/z_abs.c.o
[  6%] Building C object Modules/ThirdParty/VNL/src/vxl/v3p/netlib/CMakeFiles/itkv3p_netlib.dir/libf2c/z_div.c.o
[  6%] Building C object Modules/ThirdParty/VNL/src/vxl/v3p/netlib/CMakeFiles/itkv3p_netlib.dir/libf2c/z_sqrt.c.o
[  7%] Building CXX object Modules/ThirdParty/KWSys/src/KWSys/CMakeFiles/itksys.dir/FStream.cxx.o
[  7%] Built target ITKGDCM-all
[  8%] Building C object Modules/ThirdParty/VNL/src/vxl/v3p/netlib/CMakeFiles/itkv3p_netlib.dir/blas/lsame.c.o
[  8%] Building C object Modules/ThirdParty/NIFTI/src/nifti/znzlib/CMakeFiles/ITKznz.dir/znzlib.c.o
[  8%] Building C object Modules/ThirdParty/VNL/src/vxl/v3p/netlib/CMakeFiles/itkv3p_netlib.dir/blas/caxpy.c.o
[  8%] Linking CXX shared library ../../../../../lib/libitkdouble-conversion-6.0.so
[  8%] Building C object Modules/ThirdParty/VNL/src/vxl/v3p/netlib/CMakeFiles/itkv3p_netlib.dir/blas/cdotc.c.o
[  9%] Linking C shared library ../../../../../../lib/libITKznz-6.0.so
[  9%] Building C object Modules/ThirdParty/VNL/src/vxl/v3p/netlib/CMakeFiles/itkv3p_netlib.dir/blas/cscal.c.o
[  9%] Building C object Modules/ThirdParty/VNL/src/vxl/v3p/netlib/CMakeFiles/itkv3p_netlib.dir/blas/csrot.c.o
[  9%] Building C object Modules/ThirdParty/VNL/src/vxl/v3p/netlib/CMakeFiles/itkv3p_netlib.dir/blas/cswap.c.o
[  9%] Linking CXX shared library ../../../../lib/libITKQuadEdgeMesh-6.0.so
[  9%] Building CXX object Modules/ThirdParty/KWSys/src/KWSys/CMakeFiles/itksys.dir/SystemInformation.cxx.o
[  9%] Building C object Modules/ThirdParty/VNL/src/vxl/v3p/netlib/CMakeFiles/itkv3p_netlib.dir/blas/daxpy.c.o
[  9%] Building CXX object Modules/ThirdParty/KWSys/src/KWSys/CMakeFiles/itksys.dir/Status.cxx.o
[  9%] Building C object Modules/ThirdParty/VNL/src/vxl/v3p/netlib/CMakeFiles/itkv3p_netlib.dir/blas/dcabs1.c.o
[  9%] Building CXX object Modules/ThirdParty/GoogleTest/src/GTest-build/googletest/CMakeFiles/gtest.dir/src/gtest-all.cc.o
[  9%] Building C object Modules/ThirdParty/VNL/src/vxl/v3p/netlib/CMakeFiles/itkv3p_netlib.dir/blas/dcopy.c.o
[  9%] Built target ITKznz
[  9%] Built target ITKHDF5-all
[ 10%] Building C object Modules/ThirdParty/VNL/src/vxl/v3p/netlib/CMakeFiles/itkv3p_netlib.dir/blas/ddot.c.o
[ 10%] Built target ITKJPEG-all
[ 10%] Built target ITKOpenJPEG-all
[ 10%] Building C object Modules/ThirdParty/VNL/src/vxl/v3p/netlib/CMakeFiles/itkv3p_netlib.dir/blas/dlamch.c.o
[ 10%] Building C object Modules/ThirdParty/VNL/src/vxl/v3p/netlib/CMakeFiles/itkv3p_netlib.dir/blas/dnrm2.c.o
[ 10%] Built target ITKTIFF-all
[ 10%] Building C object Modules/ThirdParty/VNL/src/vxl/v3p/netlib/CMakeFiles/itkv3p_netlib.dir/blas/drot.c.o
[ 10%] Building C object Modules/ThirdParty/MINC/src/libminc/CMakeFiles/itkminc2.dir/libsrc2/convert.c.o
[ 10%] Building C object Modules/ThirdParty/MINC/src/libminc/CMakeFiles/itkminc2.dir/libsrc2/datatype.c.o
[ 10%] Building C object Modules/ThirdParty/VNL/src/vxl/v3p/netlib/CMakeFiles/itkv3p_netlib.dir/blas/drotg.c.o
[ 10%] Building C object Modules/ThirdParty/VNL/src/vxl/v3p/netlib/CMakeFiles/itkv3p_netlib.dir/blas/dscal.c.o
[ 10%] Building C object Modules/ThirdParty/VNL/src/vxl/v3p/netlib/CMakeFiles/itkv3p_netlib.dir/blas/dswap.c.o
[ 10%] Built target ITKVoronoi-all
[ 10%] Building C object Modules/ThirdParty/MINC/src/libminc/CMakeFiles/itkminc2.dir/libsrc2/dimension.c.o
[ 10%] Built target ITKQuadEdgeMesh
[ 10%] Built target ITKIOMesh-all
[ 10%] Building C object Modules/ThirdParty/VNL/src/vxl/v3p/netlib/CMakeFiles/itkv3p_netlib.dir/blas/dznrm2.c.o
[ 10%] Building C object Modules/ThirdParty/NrrdIO/src/NrrdIO/CMakeFiles/ITKNrrdIO.dir/754.c.o
[ 10%] Building C object Modules/ThirdParty/MINC/src/libminc/CMakeFiles/itkminc2.dir/libsrc2/free.c.o
[ 10%] Built target ITKPNG-all
[ 10%] Building C object Modules/ThirdParty/VNL/src/vxl/v3p/netlib/CMakeFiles/itkv3p_netlib.dir/blas/saxpy.c.o
[ 10%] Built target ITKIORAW-all
[ 11%] Building C object Modules/ThirdParty/VNL/src/vxl/v3p/netlib/CMakeFiles/itkv3p_netlib.dir/blas/scnrm2.c.o
[ 11%] Building C object Modules/ThirdParty/NrrdIO/src/NrrdIO/CMakeFiles/ITKNrrdIO.dir/accessors.c.o
[ 11%] Building C object Modules/ThirdParty/MINC/src/libminc/CMakeFiles/itkminc2.dir/libsrc2/grpattr.c.o
[ 11%] Building C object Modules/ThirdParty/VNL/src/vxl/v3p/netlib/CMakeFiles/itkv3p_netlib.dir/blas/sdot.c.o
[ 12%] Building C object Modules/ThirdParty/NrrdIO/src/NrrdIO/CMakeFiles/ITKNrrdIO.dir/array.c.o
[ 12%] Built target ITKImageFrequency-all
[ 12%] Building C object Modules/ThirdParty/VNL/src/vxl/v3p/netlib/CMakeFiles/itkv3p_netlib.dir/blas/slamch.c.o
[ 12%] Building C object Modules/ThirdParty/MINC/src/libminc/CMakeFiles/itkminc2.dir/libsrc2/hyper.c.o
[ 12%] Built target ITKImageFusion-all
[ 12%] Building C object Modules/ThirdParty/NrrdIO/src/NrrdIO/CMakeFiles/ITKNrrdIO.dir/arraysNrrd.c.o
[ 12%] Built target ITKImageNoise-all
[ 12%] Building C object Modules/ThirdParty/VNL/src/vxl/v3p/netlib/CMakeFiles/itkv3p_netlib.dir/blas/snrm2.c.o
[ 12%] Building C object Modules/ThirdParty/MINC/src/libminc/CMakeFiles/itkminc2.dir/libsrc2/label.c.o
[ 12%] Building C object Modules/ThirdParty/NrrdIO/src/NrrdIO/CMakeFiles/ITKNrrdIO.dir/axis.c.o
[ 13%] Building C object Modules/ThirdParty/MINC/src/libminc/CMakeFiles/itkminc2.dir/libsrc2/m2util.c.o
[ 13%] Building C object Modules/ThirdParty/VNL/src/vxl/v3p/netlib/CMakeFiles/itkv3p_netlib.dir/blas/srot.c.o
[ 13%] Building C object Modules/ThirdParty/VNL/src/vxl/v3p/netlib/CMakeFiles/itkv3p_netlib.dir/blas/srotg.c.o
[ 13%] Building C object Modules/ThirdParty/VNL/src/vxl/v3p/netlib/CMakeFiles/itkv3p_netlib.dir/blas/sscal.c.o
[ 13%] Building C object Modules/ThirdParty/VNL/src/vxl/v3p/netlib/CMakeFiles/itkv3p_netlib.dir/blas/sswap.c.o
[ 13%] Building C object Modules/ThirdParty/VNL/src/vxl/v3p/netlib/CMakeFiles/itkv3p_netlib.dir/blas/xerbla.c.o
[ 13%] Building C object Modules/ThirdParty/MINC/src/libminc/CMakeFiles/itkminc2.dir/libsrc2/record.c.o
[ 13%] Building C object Modules/ThirdParty/NrrdIO/src/NrrdIO/CMakeFiles/ITKNrrdIO.dir/biffbiff.c.o
[ 14%] Building C object Modules/ThirdParty/VNL/src/vxl/v3p/netlib/CMakeFiles/itkv3p_netlib.dir/blas/zaxpy.c.o
[ 14%] Built target ITKIntegratedTest-all
[ 15%] Building C object Modules/ThirdParty/libLBFGS/src/itklbfgs/CMakeFiles/itklbfgs.dir/lib/lbfgs.c.o
[ 15%] Building C object Modules/ThirdParty/MINC/src/libminc/CMakeFiles/itkminc2.dir/libsrc2/slice.c.o
[ 15%] Building C object Modules/ThirdParty/VNL/src/vxl/v3p/netlib/CMakeFiles/itkv3p_netlib.dir/blas/zdotc.c.o
[ 15%] Building C object Modules/ThirdParty/MINC/src/libminc/CMakeFiles/itkminc2.dir/libsrc2/valid.c.o
[ 15%] Building C object Modules/ThirdParty/VNL/src/vxl/v3p/netlib/CMakeFiles/itkv3p_netlib.dir/blas/zdrot.c.o
[ 15%] Building C object Modules/ThirdParty/NrrdIO/src/NrrdIO/CMakeFiles/ITKNrrdIO.dir/biffmsg.c.o
[ 15%] Building C object Modules/ThirdParty/VNL/src/vxl/v3p/netlib/CMakeFiles/itkv3p_netlib.dir/blas/zscal.c.o
[ 15%] Building C object Modules/ThirdParty/VNL/src/vxl/v3p/netlib/CMakeFiles/itkv3p_netlib.dir/blas/zswap.c.o
[ 15%] Building C object Modules/ThirdParty/MINC/src/libminc/CMakeFiles/itkminc2.dir/libsrc2/volprops.c.o
[ 15%] Building C object Modules/ThirdParty/NrrdIO/src/NrrdIO/CMakeFiles/ITKNrrdIO.dir/comment.c.o
[ 15%] Building C object Modules/ThirdParty/MINC/src/libminc/CMakeFiles/itkminc2.dir/libsrc2/volume.c.o
[ 15%] Building C object Modules/ThirdParty/VNL/src/vxl/v3p/netlib/CMakeFiles/itkv3p_netlib.dir/linpack/csvdc.c.o
[ 15%] Building C object Modules/ThirdParty/MINC/src/libminc/CMakeFiles/itkminc2.dir/libcommon/minc2_error.c.o
[ 15%] Building C object Modules/ThirdParty/MINC/src/libminc/CMakeFiles/itkminc2.dir/libcommon/minc_config.c.o
[ 15%] Building C object Modules/ThirdParty/NrrdIO/src/NrrdIO/CMakeFiles/ITKNrrdIO.dir/defaultsNrrd.c.o
[ 15%] Linking C shared library ../../../../../lib/libitklbfgs-6.0.so
[ 15%] Building C object Modules/ThirdParty/MINC/src/libminc/CMakeFiles/itkminc2.dir/libcommon/minc_error.c.o
[ 15%] Built target ITKLabelVoting-all
[ 15%] Built target ITKLevelSetsv4-all
[ 16%] Building C object Modules/ThirdParty/MINC/src/libminc/CMakeFiles/itkminc2.dir/libcommon/ParseArgv.c.o
[ 16%] Building C object Modules/ThirdParty/MINC/src/libminc/CMakeFiles/itkminc2.dir/libcommon/read_file_names.c.o
[ 16%] Built target ITKRegistrationCommon-all
[ 16%] Building C object Modules/ThirdParty/VNL/src/vxl/v3p/netlib/CMakeFiles/itkv3p_netlib.dir/linpack/dsvdc.c.o
[ 16%] Building C object Modules/ThirdParty/VNL/src/vxl/v3p/netlib/CMakeFiles/itkv3p_netlib.dir/linpack/ssvdc.c.o
[ 16%] Building C object Modules/ThirdParty/NrrdIO/src/NrrdIO/CMakeFiles/ITKNrrdIO.dir/encoding.c.o
[ 16%] Built target ITKMetricsv4-all
[ 16%] Building C object Modules/ThirdParty/MINC/src/libminc/CMakeFiles/itkminc2.dir/libcommon/restructure.c.o
[ 16%] Built target ITKSpatialFunction-all
[ 16%] Building C object Modules/ThirdParty/VNL/src/vxl/v3p/netlib/CMakeFiles/itkv3p_netlib.dir/linpack/zsvdc.c.o
[ 16%] Building C object Modules/ThirdParty/NrrdIO/src/NrrdIO/CMakeFiles/ITKNrrdIO.dir/encodingAscii.c.o
[ 17%] Building C object Modules/ThirdParty/VNL/src/vxl/v3p/netlib/CMakeFiles/itkv3p_netlib.dir/eispack/balanc.c.o
[ 17%] Building C object Modules/ThirdParty/MINC/src/libminc/CMakeFiles/itkminc2.dir/libcommon/time_stamp.c.o
[ 17%] Building C object Modules/ThirdParty/VNL/src/vxl/v3p/netlib/CMakeFiles/itkv3p_netlib.dir/eispack/balbak.c.o
[ 18%] Building C object Modules/ThirdParty/MINC/src/libminc/CMakeFiles/itkminc2.dir/volume_io/Geometry/colour.c.o
[ 18%] Building C object Modules/ThirdParty/NrrdIO/src/NrrdIO/CMakeFiles/ITKNrrdIO.dir/encodingBzip2.c.o
[ 18%] Building C object Modules/ThirdParty/VNL/src/vxl/v3p/netlib/CMakeFiles/itkv3p_netlib.dir/eispack/cdiv.c.o
[ 18%] Building C object Modules/ThirdParty/VNL/src/vxl/v3p/netlib/CMakeFiles/itkv3p_netlib.dir/eispack/elmhes.c.o
[ 18%] Building C object Modules/ThirdParty/MINC/src/libminc/CMakeFiles/itkminc2.dir/volume_io/Geometry/colour_def.c.o
[ 18%] Built target ITKSuperPixel-all
[ 18%] Building C object Modules/ThirdParty/MINC/src/libminc/CMakeFiles/itkminc2.dir/volume_io/Geometry/gaussian.c.o
[ 18%] Built target ITKVideoFiltering-all
[ 18%] Building C object Modules/ThirdParty/MINC/src/libminc/CMakeFiles/itkminc2.dir/volume_io/Geometry/inverse.c.o
[ 18%] Building C object Modules/ThirdParty/NrrdIO/src/NrrdIO/CMakeFiles/ITKNrrdIO.dir/encodingGzip.c.o
[ 18%] Building C object Modules/ThirdParty/NrrdIO/src/NrrdIO/CMakeFiles/ITKNrrdIO.dir/encodingHex.c.o
[ 18%] Building C object Modules/ThirdParty/VNL/src/vxl/v3p/netlib/CMakeFiles/itkv3p_netlib.dir/eispack/eltran.c.o
[ 18%] Built target StructuralSimilarity-all
[ 18%] Building C object Modules/ThirdParty/VNL/src/vxl/v3p/netlib/CMakeFiles/itkv3p_netlib.dir/eispack/epslon.c.o
[ 19%] Building C object Modules/ThirdParty/MINC/src/libminc/CMakeFiles/itkminc2.dir/volume_io/Geometry/newton.c.o
[ 19%] Building CXX object Modules/ThirdParty/VNL/src/vxl/core/testlib/CMakeFiles/itktestlib.dir/testlib_test.cxx.o
[ 19%] Building C object Modules/ThirdParty/VNL/src/vxl/v3p/netlib/CMakeFiles/itkv3p_netlib.dir/eispack/hqr.c.o
[ 19%] Building C object Modules/ThirdParty/VNL/src/vxl/v3p/netlib/CMakeFiles/itkv3p_netlib.dir/eispack/hqr2.c.o
[ 19%] Building C object Modules/ThirdParty/NrrdIO/src/NrrdIO/CMakeFiles/ITKNrrdIO.dir/encodingRaw.c.o
[ 19%] Building C object Modules/ThirdParty/NrrdIO/src/NrrdIO/CMakeFiles/ITKNrrdIO.dir/encodingZRL.c.o
[ 19%] Building CXX object Modules/ThirdParty/VNL/src/vxl/core/testlib/CMakeFiles/itktestlib.dir/testlib_main.cxx.o
[ 19%] Building C object Modules/ThirdParty/MINC/src/libminc/CMakeFiles/itkminc2.dir/volume_io/Geometry/points.c.o
[ 19%] Building CXX object Modules/ThirdParty/VNL/src/vxl/core/vnl/CMakeFiles/itkvnl.dir/vnl_alloc.cxx.o
[ 19%] Building C object Modules/ThirdParty/MINC/src/libminc/CMakeFiles/itkminc2.dir/volume_io/Geometry/splines.c.o
[ 19%] Building C object Modules/ThirdParty/NrrdIO/src/NrrdIO/CMakeFiles/ITKNrrdIO.dir/endianAir.c.o
[ 19%] Building C object Modules/ThirdParty/VNL/src/vxl/v3p/netlib/CMakeFiles/itkv3p_netlib.dir/eispack/otqlrat.c.o
[ 19%] Building CXX object Modules/ThirdParty/VNL/src/vxl/core/vnl/CMakeFiles/itkvnl.dir/vnl_block.cxx.o
[ 19%] Linking CXX shared library ../../../../../lib/libitksys-6.0.so
[ 20%] Building C object Modules/ThirdParty/VNL/src/vxl/v3p/netlib/CMakeFiles/itkv3p_netlib.dir/eispack/pythag.c.o
[ 20%] Building C object Modules/ThirdParty/NrrdIO/src/NrrdIO/CMakeFiles/ITKNrrdIO.dir/endianNrrd.c.o
[ 20%] Built target ITKQuadEdgeMesh-all
[ 20%] Building CXX object Modules/ThirdParty/VNL/src/vxl/core/vnl/CMakeFiles/itkvnl.dir/vnl_math.cxx.o
[ 20%] Building C object Modules/ThirdParty/VNL/src/vxl/v3p/netlib/CMakeFiles/itkv3p_netlib.dir/eispack/rebak.c.o
[ 20%] Building C object Modules/ThirdParty/VNL/src/vxl/v3p/netlib/CMakeFiles/itkv3p_netlib.dir/eispack/reduc.c.o
[ 20%] Building C object Modules/ThirdParty/MINC/src/libminc/CMakeFiles/itkminc2.dir/volume_io/Geometry/tensors.c.o
[ 20%] Building C object Modules/ThirdParty/MINC/src/libminc/CMakeFiles/itkminc2.dir/volume_io/Geometry/transforms.c.o
[ 20%] Building C object Modules/ThirdParty/NrrdIO/src/NrrdIO/CMakeFiles/ITKNrrdIO.dir/enum.c.o
[ 20%] Building C object Modules/ThirdParty/VNL/src/vxl/v3p/netlib/CMakeFiles/itkv3p_netlib.dir/eispack/rg.c.o
[ 20%] Building C object Modules/ThirdParty/VNL/src/vxl/v3p/netlib/CMakeFiles/itkv3p_netlib.dir/eispack/rs.c.o
[ 20%] Building C object Modules/ThirdParty/VNL/src/vxl/v3p/netlib/CMakeFiles/itkv3p_netlib.dir/eispack/rsg.c.o
[ 20%] Building CXX object Modules/ThirdParty/VNL/src/vxl/core/vnl/CMakeFiles/itkvnl.dir/vnl_na.cxx.o
[ 20%] Building C object Modules/ThirdParty/VNL/src/vxl/v3p/netlib/CMakeFiles/itkv3p_netlib.dir/eispack/tql1.c.o
[ 20%] Building C object Modules/ThirdParty/NrrdIO/src/NrrdIO/CMakeFiles/ITKNrrdIO.dir/enumsNrrd.c.o
[ 20%] Building C object Modules/ThirdParty/NIFTI/src/nifti/niftilib/CMakeFiles/ITKniftiio.dir/nifti1_io.c.o
[ 20%] Linking CXX shared library ../../../../lib/libITKColormap-6.0.so
[ 20%] Building C object Modules/ThirdParty/VNL/src/vxl/v3p/netlib/CMakeFiles/itkv3p_netlib.dir/eispack/tql2.c.o
[ 20%] Building CXX object Modules/ThirdParty/VNL/src/vxl/core/testlib/CMakeFiles/itktestlib.dir/testlib_root_dir.cxx.o
[ 20%] Building C object Modules/ThirdParty/MINC/src/libminc/CMakeFiles/itkminc2.dir/volume_io/MNI_formats/gen_xf_io.c.o
[ 21%] Building C object Modules/ThirdParty/NrrdIO/src/NrrdIO/CMakeFiles/ITKNrrdIO.dir/format.c.o
[ 21%] Building C object Modules/ThirdParty/VNL/src/vxl/v3p/netlib/CMakeFiles/itkv3p_netlib.dir/eispack/tred1.c.o
[ 22%] Linking CXX shared library ../../../../lib/libITKSmoothing-6.0.so
[ 23%] Building C object Modules/ThirdParty/VNL/src/vxl/v3p/netlib/CMakeFiles/itkv3p_netlib.dir/eispack/tred2.c.o
[ 23%] Building C object Modules/ThirdParty/NrrdIO/src/NrrdIO/CMakeFiles/ITKNrrdIO.dir/formatEPS.c.o
[ 23%] Building C object Modules/ThirdParty/NrrdIO/src/NrrdIO/CMakeFiles/ITKNrrdIO.dir/formatNRRD.c.o
[ 23%] Building C object Modules/ThirdParty/VNL/src/vxl/v3p/netlib/CMakeFiles/itkv3p_netlib.dir/napack/cg.c.o
[ 23%] Building C object Modules/ThirdParty/MINC/src/libminc/CMakeFiles/itkminc2.dir/volume_io/MNI_formats/gen_xfs.c.o
[ 23%] Building C object Modules/ThirdParty/MINC/src/libminc/CMakeFiles/itkminc2.dir/volume_io/MNI_formats/grid_transforms.c.o
[ 23%] Building C object Modules/ThirdParty/VNL/src/vxl/v3p/netlib/CMakeFiles/itkv3p_netlib.dir/opt/lbfgs.c.o
[ 23%] Built target ITKColormap
[ 23%] Linking CXX shared library ../../../../lib/libITKFastMarching-6.0.so
[ 23%] Building C object Modules/ThirdParty/NrrdIO/src/NrrdIO/CMakeFiles/ITKNrrdIO.dir/formatPNG.c.o
[ 23%] Built target itklbfgs
[ 23%] Building C object Modules/ThirdParty/NrrdIO/src/NrrdIO/CMakeFiles/ITKNrrdIO.dir/formatPNM.c.o
[ 23%] Built target ITKColormap-all
[ 23%] Building C object Modules/ThirdParty/VNL/src/vxl/v3p/netlib/CMakeFiles/itkv3p_netlib.dir/opt/lbfgsb.c.o
[ 23%] Building CXX object Modules/ThirdParty/VNL/src/vxl/v3p/netlib/CMakeFiles/itkv3p_netlib.dir/linalg/lsqrBase.cxx.o
[ 23%] Built target ITKLIBLBFGS-all
[ 23%] Built target ITKSmoothing
[ 24%] Building CXX object Modules/ThirdParty/VNL/src/vxl/core/vnl/CMakeFiles/itkvnl.dir/vnl_copy.cxx.o
[ 24%] Building CXX object Modules/ThirdParty/VNL/src/vxl/v3p/netlib/CMakeFiles/itkv3p_netlib.dir/linalg/lsqrDense.cxx.o
[ 24%] Building C object Modules/ThirdParty/VNL/src/vxl/v3p/netlib/CMakeFiles/itkv3p_netlib.dir/sparse/spAllocate.c.o
[ 24%] Building C object Modules/ThirdParty/NrrdIO/src/NrrdIO/CMakeFiles/ITKNrrdIO.dir/formatText.c.o
[ 24%] Building C object Modules/ThirdParty/MINC/src/libminc/CMakeFiles/itkminc2.dir/volume_io/MNI_formats/mni_io.c.o
[ 24%] Building CXX object Modules/ThirdParty/VNL/src/vxl/core/vnl/CMakeFiles/itkvnl.dir/vnl_error.cxx.o
[ 24%] Building C object Modules/ThirdParty/VNL/src/vxl/v3p/netlib/CMakeFiles/itkv3p_netlib.dir/sparse/spBuild.c.o
[ 24%] Building C object Modules/ThirdParty/NrrdIO/src/NrrdIO/CMakeFiles/ITKNrrdIO.dir/formatVTK.c.o
[ 25%] Building C object Modules/ThirdParty/VNL/src/vxl/v3p/netlib/CMakeFiles/itkv3p_netlib.dir/sparse/spFactor.c.o
[ 25%] Linking CXX shared library ../../../../../../../lib/libitktestlib-6.0.so
[ 26%] Linking CXX shared library ../../../../../lib/libITKDICOMParser-6.0.so
[ 27%] Building C object Modules/ThirdParty/MINC/src/libminc/CMakeFiles/itkminc2.dir/volume_io/MNI_formats/tag_points.c.o
[ 27%] Built target ITKFastMarching
[ 27%] Built target ITKSmoothing-all
[ 27%] Building CXX object Modules/ThirdParty/VNL/src/vxl/core/vnl/CMakeFiles/itkvnl.dir/vnl_matlab_print_format.cxx.o
[ 27%] Building C object Modules/ThirdParty/NrrdIO/src/NrrdIO/CMakeFiles/ITKNrrdIO.dir/gzio.c.o
[ 27%] Building C object Modules/ThirdParty/VNL/src/vxl/v3p/netlib/CMakeFiles/itkv3p_netlib.dir/sparse/spSolve.c.o
[ 27%] Linking C shared library ../../../../../../lib/libITKniftiio-6.0.so
[ 27%] Building C object Modules/ThirdParty/VNL/src/vxl/v3p/netlib/CMakeFiles/itkv3p_netlib.dir/sparse/spUtils.c.o
[ 27%] Building C object Modules/ThirdParty/MINC/src/libminc/CMakeFiles/itkminc2.dir/volume_io/MNI_formats/thin_plate_spline.c.o
[ 27%] Building C object Modules/ThirdParty/NrrdIO/src/NrrdIO/CMakeFiles/ITKNrrdIO.dir/keyvalue.c.o
[ 27%] Built target ITKFastMarching-all
[ 28%] Building C object Modules/ThirdParty/NrrdIO/src/NrrdIO/CMakeFiles/ITKNrrdIO.dir/methodsNrrd.c.o
[ 28%] Building CXX object Modules/ThirdParty/VNL/src/vxl/core/vnl/CMakeFiles/itkvnl.dir/vnl_matlab_print_scalar.cxx.o
[ 28%] Building CXX object Modules/ThirdParty/VNL/src/vxl/core/vnl/CMakeFiles/itkvnl.dir/vnl_matlab_write.cxx.o
[ 28%] Building C object Modules/ThirdParty/NrrdIO/src/NrrdIO/CMakeFiles/ITKNrrdIO.dir/miscAir.c.o
[ 28%] Building C object Modules/ThirdParty/NrrdIO/src/NrrdIO/CMakeFiles/ITKNrrdIO.dir/mop.c.o
[ 28%] Building C object Modules/ThirdParty/MINC/src/libminc/CMakeFiles/itkminc2.dir/volume_io/Prog_utils/alloc.c.o
[ 28%] Building C object Modules/ThirdParty/NrrdIO/src/NrrdIO/CMakeFiles/ITKNrrdIO.dir/parseAir.c.o
[ 28%] Building C object Modules/ThirdParty/NrrdIO/src/NrrdIO/CMakeFiles/ITKNrrdIO.dir/parseNrrd.c.o
[ 28%] Building C object Modules/ThirdParty/NrrdIO/src/NrrdIO/CMakeFiles/ITKNrrdIO.dir/preamble.c.o
[ 28%] Building C object Modules/ThirdParty/NrrdIO/src/NrrdIO/CMakeFiles/ITKNrrdIO.dir/read.c.o
[ 28%] Building CXX object Modules/ThirdParty/VNL/src/vxl/core/vnl/CMakeFiles/itkvnl.dir/vnl_matlab_read.cxx.o
[ 28%] Building C object Modules/ThirdParty/VNL/src/vxl/v3p/netlib/CMakeFiles/itkv3p_netlib.dir/sparse/spOutput.c.o
[ 28%] Building C object Modules/ThirdParty/MINC/src/libminc/CMakeFiles/itkminc2.dir/volume_io/Prog_utils/alloc_check.c.o
[ 28%] Building C object Modules/ThirdParty/NrrdIO/src/NrrdIO/CMakeFiles/ITKNrrdIO.dir/sane.c.o
[ 28%] Building C object Modules/ThirdParty/NrrdIO/src/NrrdIO/CMakeFiles/ITKNrrdIO.dir/reorder.c.o
[ 28%] Linking CXX shared library ../../../../../../../lib/libitkv3p_netlib-6.0.so
[ 28%] Building C object Modules/ThirdParty/MINC/src/libminc/CMakeFiles/itkminc2.dir/volume_io/Prog_utils/arrays.c.o
[ 29%] Building C object Modules/ThirdParty/NrrdIO/src/NrrdIO/CMakeFiles/ITKNrrdIO.dir/simple.c.o
[ 29%] Building C object Modules/ThirdParty/MINC/src/libminc/CMakeFiles/itkminc2.dir/volume_io/Prog_utils/files.c.o
[ 29%] Built target itktestlib
[ 29%] Building C object Modules/ThirdParty/NrrdIO/src/NrrdIO/CMakeFiles/ITKNrrdIO.dir/string.c.o
[ 29%] Building CXX object Modules/ThirdParty/VNL/src/vxl/core/vnl/CMakeFiles/itkvnl.dir/vnl_matlab_filewrite.cxx.o
[ 29%] Building CXX object Modules/ThirdParty/VNL/src/vxl/core/vnl/CMakeFiles/itkvnl.dir/vnl_matops.cxx.o
[ 29%] Building C object Modules/ThirdParty/NrrdIO/src/NrrdIO/CMakeFiles/ITKNrrdIO.dir/subset.c.o
[ 29%] Building C object Modules/ThirdParty/MINC/src/libminc/CMakeFiles/itkminc2.dir/volume_io/Prog_utils/print.c.o
[ 29%] Building C object Modules/ThirdParty/NrrdIO/src/NrrdIO/CMakeFiles/ITKNrrdIO.dir/write.c.o
[ 29%] Building C object Modules/ThirdParty/MINC/src/libminc/CMakeFiles/itkminc2.dir/volume_io/Prog_utils/progress.c.o
[ 29%] Building C object Modules/ThirdParty/MINC/src/libminc/CMakeFiles/itkminc2.dir/volume_io/Prog_utils/string.c.o
[ 30%] Building C object Modules/ThirdParty/MINC/src/libminc/CMakeFiles/itkminc2.dir/volume_io/Prog_utils/time.c.o
[ 30%] Building C object Modules/ThirdParty/MINC/src/libminc/CMakeFiles/itkminc2.dir/volume_io/Volumes/evaluate.c.o
[ 30%] Linking C shared library ../../../../../lib/libITKNrrdIO-6.0.so
[ 30%] Building C object Modules/ThirdParty/MINC/src/libminc/CMakeFiles/itkminc2.dir/volume_io/Volumes/get_hyperslab.c.o
[ 30%] Building C object Modules/ThirdParty/MINC/src/libminc/CMakeFiles/itkminc2.dir/volume_io/Volumes/input_free.c.o
[ 30%] Building CXX object Modules/ThirdParty/VNL/src/vxl/core/vnl/CMakeFiles/itkvnl.dir/vnl_real_polynomial.cxx.o
[ 30%] Building C object Modules/ThirdParty/MINC/src/libminc/CMakeFiles/itkminc2.dir/volume_io/Volumes/input_mnc.c.o
[ 31%] Building CXX object Modules/ThirdParty/VNL/src/vxl/core/vnl/CMakeFiles/itkvnl.dir/vnl_fastops.cxx.o
[ 31%] Built target itkdouble-conversion
[ 31%] Building C object Modules/ThirdParty/MINC/src/libminc/CMakeFiles/itkminc2.dir/volume_io/Volumes/input_volume.c.o
[ 31%] Built target ITKDoubleConversion-all
[ 31%] Building CXX object Modules/ThirdParty/VNL/src/vxl/core/vnl/CMakeFiles/itkvnl.dir/vnl_numeric_traits.cxx.o
[ 31%] Building CXX object Modules/ThirdParty/VNL/src/vxl/core/vnl/CMakeFiles/itkvnl.dir/vnl_int_matrix.cxx.o
[ 31%] Building C object Modules/ThirdParty/MINC/src/libminc/CMakeFiles/itkminc2.dir/volume_io/Volumes/multidim_arrays.c.o
[ 31%] Building CXX object Modules/ThirdParty/VNL/src/vxl/core/vnl/CMakeFiles/itkvnl.dir/vnl_cost_function.cxx.o
[ 31%] Building CXX object Modules/ThirdParty/VNL/src/vxl/core/vnl/CMakeFiles/itkvnl.dir/vnl_least_squares_function.cxx.o
[ 31%] Building C object Modules/ThirdParty/MINC/src/libminc/CMakeFiles/itkminc2.dir/volume_io/Volumes/output_mnc.c.o
[ 31%] Building C object Modules/ThirdParty/MINC/src/libminc/CMakeFiles/itkminc2.dir/volume_io/Volumes/output_volume.c.o
[ 31%] Building CXX object Modules/ThirdParty/VNL/src/vxl/core/vnl/CMakeFiles/itkvnl.dir/vnl_least_squares_cost_function.cxx.o
[ 32%] Building C object Modules/ThirdParty/MINC/src/libminc/CMakeFiles/itkminc2.dir/volume_io/Volumes/set_hyperslab.c.o
[ 32%] Building CXX object Modules/ThirdParty/VNL/src/vxl/core/vnl/CMakeFiles/itkvnl.dir/vnl_nonlinear_minimizer.cxx.o
[ 32%] Building CXX object Modules/ThirdParty/VNL/src/vxl/core/vnl/CMakeFiles/itkvnl.dir/vnl_linear_system.cxx.o
[ 32%] Building C object Modules/ThirdParty/MINC/src/libminc/CMakeFiles/itkminc2.dir/volume_io/Volumes/volume_cache.c.o
[ 32%] Building C object Modules/ThirdParty/MINC/src/libminc/CMakeFiles/itkminc2.dir/volume_io/Volumes/volumes.c.o
[ 32%] Building CXX object Modules/ThirdParty/VNL/src/vxl/core/vnl/CMakeFiles/itkvnl.dir/vnl_sparse_matrix_linear_system.cxx.o
[ 32%] Building C object Modules/ThirdParty/MINC/src/libminc/CMakeFiles/itkminc2.dir/volume_io/Volumes/input_mnc2.c.o
[ 32%] Building C object Modules/ThirdParty/MINC/src/libminc/CMakeFiles/itkminc2.dir/volume_io/Volumes/output_mnc2.c.o
[ 33%] Building CXX object Modules/ThirdParty/VNL/src/vxl/core/vnl/CMakeFiles/itkvnl.dir/vnl_rotation_matrix.cxx.o
[ 33%] Building CXX object Modules/ThirdParty/VNL/src/vxl/core/vnl/CMakeFiles/itkvnl.dir/vnl_crs_index.cxx.o
[ 33%] Building CXX object Modules/ThirdParty/VNL/src/vxl/core/vnl/CMakeFiles/itkvnl.dir/vnl_gamma.cxx.o
[ 33%] Building CXX object Modules/ThirdParty/VNL/src/vxl/core/vnl/CMakeFiles/itkvnl.dir/vnl_erf.cxx.o
[ 33%] Building CXX object Modules/ThirdParty/VNL/src/vxl/core/vnl/CMakeFiles/itkvnl.dir/vnl_drand48.cpp.o
[ 33%] Linking C shared library ../../../../../lib/libitkminc2-6.0.so
[ 33%] Building CXX object Modules/ThirdParty/VNL/src/vxl/core/vnl/CMakeFiles/itkvnl.dir/vnl_sample.cxx.o
[ 33%] Building CXX object Modules/ThirdParty/VNL/src/vxl/core/vnl/CMakeFiles/itkvnl.dir/vnl_random.cxx.o
[ 33%] Building CXX object Modules/ThirdParty/VNL/src/vxl/core/vnl/CMakeFiles/itkvnl.dir/vnl_definite_integral.cxx.o
[ 33%] Building CXX object Modules/ThirdParty/VNL/src/vxl/core/vnl/CMakeFiles/itkvnl.dir/Templates/vnl_c_na_vector+double-.cxx.o
[ 34%] Building CXX object Modules/ThirdParty/VNL/src/vxl/core/vnl/CMakeFiles/itkvnl.dir/Templates/vnl_c_na_vector+float-.cxx.o
[ 34%] Building CXX object Modules/ThirdParty/VNL/src/vxl/core/vnl/CMakeFiles/itkvnl.dir/Templates/vnl_c_vector+char-.cxx.o
[ 34%] Building CXX object Modules/ThirdParty/VNL/src/vxl/core/vnl/CMakeFiles/itkvnl.dir/Templates/vnl_c_vector+double-.cxx.o
[ 34%] Built target ITKniftiio
[ 34%] Building CXX object Modules/ThirdParty/VNL/src/vxl/core/vnl/CMakeFiles/itkvnl.dir/Templates/vnl_c_vector+double_complex-.cxx.o
[ 34%] Building CXX object Modules/ThirdParty/VNL/src/vxl/core/vnl/CMakeFiles/itkvnl.dir/Templates/vnl_c_vector+float-.cxx.o
[ 34%] Building CXX object Modules/ThirdParty/VNL/src/vxl/core/vnl/CMakeFiles/itkvnl.dir/Templates/vnl_c_vector+float_complex-.cxx.o
[ 34%] Building CXX object Modules/ThirdParty/VNL/src/vxl/core/vnl/CMakeFiles/itkvnl.dir/Templates/vnl_c_vector+int-.cxx.o
[ 34%] Building CXX object Modules/ThirdParty/VNL/src/vxl/core/vnl/CMakeFiles/itkvnl.dir/Templates/vnl_c_vector+long-.cxx.o
[ 34%] Built target ITKNIFTI-all
[ 34%] Building CXX object Modules/ThirdParty/VNL/src/vxl/core/vnl/CMakeFiles/itkvnl.dir/Templates/vnl_c_vector+long_double-.cxx.o
[ 34%] Built target itksys
[ 34%] Building C object Modules/ThirdParty/GIFTI/src/gifticlib/CMakeFiles/ITKgiftiio.dir/gifti_io.c.o
[ 35%] Building CXX object Modules/ThirdParty/VNL/src/vxl/core/vnl/CMakeFiles/itkvnl.dir/Templates/vnl_c_vector+long_double_complex-.cxx.o
[ 35%] Building CXX object Modules/ThirdParty/VNL/src/vxl/core/vnl/CMakeFiles/itkvnl.dir/Templates/vnl_c_vector+longlong-.cxx.o
[ 35%] Built target ITKKWSys-all
[ 35%] Building CXX object Modules/ThirdParty/VNL/src/vxl/core/vnl/CMakeFiles/itkvnl.dir/Templates/vnl_c_vector+schar-.cxx.o
[ 35%] Building C object Modules/ThirdParty/GIFTI/src/gifticlib/CMakeFiles/ITKgiftiio.dir/gifti_xml.c.o
[ 35%] Built target ITKDICOMParser
[ 35%] Building CXX object Modules/ThirdParty/MetaIO/src/MetaIO/src/CMakeFiles/ITKMetaIO.dir/metaUtils.cxx.o
[ 36%] Building CXX object Modules/ThirdParty/MetaIO/src/MetaIO/src/CMakeFiles/ITKMetaIO.dir/metaArray.cxx.o
[ 36%] Building CXX object Modules/ThirdParty/VNL/src/vxl/core/vnl/CMakeFiles/itkvnl.dir/Templates/vnl_c_vector+sshort-.cxx.o
[ 36%] Built target ITKNrrdIO
[ 36%] Building CXX object Modules/ThirdParty/VNL/src/vxl/core/vnl/CMakeFiles/itkvnl.dir/Templates/vnl_c_vector+uchar-.cxx.o
[ 36%] Built target ITKDICOMParser-all
[ 36%] Building CXX object Modules/ThirdParty/VNL/src/vxl/core/vnl/CMakeFiles/itkvnl.dir/Templates/vnl_c_vector+uint-.cxx.o
[ 36%] Built target ITKNrrdIO-all
[ 36%] Building CXX object Modules/ThirdParty/MetaIO/src/MetaIO/src/CMakeFiles/ITKMetaIO.dir/metaArrow.cxx.o
[ 36%] Building CXX object Modules/ThirdParty/VNL/src/vxl/core/vnl/CMakeFiles/itkvnl.dir/Templates/vnl_c_vector+ulong-.cxx.o
[ 36%] Linking C shared library ../../../../../lib/libITKgiftiio-6.0.so
[ 36%] Building CXX object Modules/ThirdParty/VNL/src/vxl/core/vnl/CMakeFiles/itkvnl.dir/Templates/vnl_c_vector+ulonglong-.cxx.o
[ 36%] Building CXX object Modules/ThirdParty/MetaIO/src/MetaIO/src/CMakeFiles/ITKMetaIO.dir/metaBlob.cxx.o
[ 36%] Linking CXX static library ../../../../../../lib/libitkgtest-6.0.a
[ 36%] Building CXX object Modules/ThirdParty/MetaIO/src/MetaIO/src/CMakeFiles/ITKMetaIO.dir/metaCommand.cxx.o
[ 36%] Built target gtest
[ 36%] Building CXX object Modules/ThirdParty/VNL/src/vxl/core/vnl/CMakeFiles/itkvnl.dir/Templates/vnl_c_vector+ushort-.cxx.o
[ 37%] Building CXX object Modules/ThirdParty/VNL/src/vxl/core/vnl/CMakeFiles/itkvnl.dir/Templates/vnl_complex_ops+double-.cxx.o
[ 37%] Building CXX object Modules/ThirdParty/MetaIO/src/MetaIO/src/CMakeFiles/ITKMetaIO.dir/metaContour.cxx.o
[ 37%] Building CXX object Modules/ThirdParty/MetaIO/src/MetaIO/src/CMakeFiles/ITKMetaIO.dir/metaDTITube.cxx.o
[ 37%] Building CXX object Modules/ThirdParty/VNL/src/vxl/core/vnl/CMakeFiles/itkvnl.dir/Templates/vnl_complex_ops+float-.cxx.o
[ 37%] Building CXX object Modules/ThirdParty/MetaIO/src/MetaIO/src/CMakeFiles/ITKMetaIO.dir/metaEllipse.cxx.o
[ 37%] Building CXX object Modules/ThirdParty/GoogleTest/src/GTest-build/googletest/CMakeFiles/gtest_main.dir/src/gtest_main.cc.o
[ 37%] Building CXX object Modules/ThirdParty/MetaIO/src/MetaIO/src/CMakeFiles/ITKMetaIO.dir/metaFEMObject.cxx.o
[ 37%] Building CXX object Modules/ThirdParty/VNL/src/vxl/core/vnl/CMakeFiles/itkvnl.dir/Templates/vnl_complex_ops+long_double-.cxx.o
[ 37%] Building CXX object Modules/ThirdParty/VNL/src/vxl/core/vnl/CMakeFiles/itkvnl.dir/Templates/vnl_det+complex+double--.cxx.o
[ 37%] Building CXX object Modules/ThirdParty/VNL/src/vxl/core/vnl/CMakeFiles/itkvnl.dir/Templates/vnl_det+complex+float--.cxx.o
[ 37%] Building CXX object Modules/ThirdParty/VNL/src/vxl/core/vnl/CMakeFiles/itkvnl.dir/Templates/vnl_det+complex+long_double--.cxx.o
[ 38%] Building CXX object Modules/ThirdParty/MetaIO/src/MetaIO/src/CMakeFiles/ITKMetaIO.dir/metaForm.cxx.o
[ 38%] Building CXX object Modules/ThirdParty/VNL/src/vxl/core/vnl/CMakeFiles/itkvnl.dir/Templates/vnl_det+double-.cxx.o
[ 38%] Building CXX object Modules/ThirdParty/VNL/src/vxl/core/vnl/CMakeFiles/itkvnl.dir/Templates/vnl_det+float-.cxx.o
[ 38%] Building CXX object Modules/ThirdParty/MetaIO/src/MetaIO/src/CMakeFiles/ITKMetaIO.dir/metaGroup.cxx.o
[ 38%] Building CXX object Modules/ThirdParty/MetaIO/src/MetaIO/src/CMakeFiles/ITKMetaIO.dir/metaGaussian.cxx.o
[ 38%] Building CXX object Modules/ThirdParty/VNL/src/vxl/core/vnl/CMakeFiles/itkvnl.dir/Templates/vnl_det+long_double-.cxx.o
[ 39%] Building CXX object Modules/ThirdParty/MetaIO/src/MetaIO/src/CMakeFiles/ITKMetaIO.dir/metaImage.cxx.o
[ 39%] Building CXX object Modules/ThirdParty/VNL/src/vxl/core/vnl/CMakeFiles/itkvnl.dir/Templates/vnl_diag_matrix+complex+double--.cxx.o
[ 39%] Building CXX object Modules/ThirdParty/VNL/src/vxl/core/vnl/CMakeFiles/itkvnl.dir/Templates/vnl_diag_matrix+complex+float--.cxx.o
[ 39%] Building CXX object Modules/ThirdParty/MetaIO/src/MetaIO/src/CMakeFiles/ITKMetaIO.dir/metaImageUtils.cxx.o
[ 39%] Building CXX object Modules/ThirdParty/MetaIO/src/MetaIO/src/CMakeFiles/ITKMetaIO.dir/metaLandmark.cxx.o
[ 39%] Building CXX object Modules/ThirdParty/MetaIO/src/MetaIO/src/CMakeFiles/ITKMetaIO.dir/metaLine.cxx.o
[ 39%] Building CXX object Modules/ThirdParty/MetaIO/src/MetaIO/src/CMakeFiles/ITKMetaIO.dir/metaMesh.cxx.o
[ 39%] Building CXX object Modules/ThirdParty/VNL/src/vxl/core/vnl/CMakeFiles/itkvnl.dir/Templates/vnl_diag_matrix+double-.cxx.o
[ 39%] Building CXX object Modules/ThirdParty/VNL/src/vxl/core/vnl/CMakeFiles/itkvnl.dir/Templates/vnl_diag_matrix+float-.cxx.o
[ 39%] Building CXX object Modules/ThirdParty/VNL/src/vxl/core/vnl/CMakeFiles/itkvnl.dir/Templates/vnl_diag_matrix+int-.cxx.o
[ 39%] Building CXX object Modules/ThirdParty/MetaIO/src/MetaIO/src/CMakeFiles/ITKMetaIO.dir/metaObject.cxx.o
[ 40%] Building CXX object Modules/ThirdParty/MetaIO/src/MetaIO/src/CMakeFiles/ITKMetaIO.dir/metaScene.cxx.o
[ 40%] Building CXX object Modules/ThirdParty/VNL/src/vxl/core/vnl/CMakeFiles/itkvnl.dir/Templates/vnl_diag_matrix+long_double-.cxx.o
[ 40%] Linking CXX static library ../../../../../../lib/libitkgtest_main-6.0.a
[ 40%] Building CXX object Modules/ThirdParty/MetaIO/src/MetaIO/src/CMakeFiles/ITKMetaIO.dir/metaSurface.cxx.o
[ 40%] Built target gtest_main
[ 40%] Building CXX object Modules/ThirdParty/VNL/src/vxl/core/vnl/CMakeFiles/itkvnl.dir/Templates/vnl_diag_matrix_fixed+complex_double.allsizes-.cxx.o
[ 40%] Built target ITKGoogleTest-all
[ 40%] Building CXX object Modules/ThirdParty/MetaIO/src/MetaIO/src/CMakeFiles/ITKMetaIO.dir/metaTube.cxx.o
[ 40%] Building CXX object Modules/ThirdParty/VNL/src/vxl/core/vnl/CMakeFiles/itkvnl.dir/Templates/vnl_diag_matrix_fixed+complex_float.allsizes-.cxx.o
[ 40%] Building CXX object Modules/ThirdParty/VNL/src/vxl/core/vnl/CMakeFiles/itkvnl.dir/Templates/vnl_diag_matrix_fixed+double.allsizes-.cxx.o
[ 40%] Building CXX object Modules/ThirdParty/MetaIO/src/MetaIO/src/CMakeFiles/ITKMetaIO.dir/metaTransform.cxx.o
[ 40%] Building CXX object Modules/ThirdParty/MetaIO/src/MetaIO/src/CMakeFiles/ITKMetaIO.dir/metaTubeGraph.cxx.o
[ 40%] Building CXX object Modules/ThirdParty/MetaIO/src/MetaIO/src/CMakeFiles/ITKMetaIO.dir/metaVesselTube.cxx.o
[ 41%] Building CXX object Modules/ThirdParty/VNL/src/vxl/core/vnl/CMakeFiles/itkvnl.dir/Templates/vnl_diag_matrix_fixed+float.allsizes-.cxx.o
[ 41%] Building CXX object Modules/ThirdParty/VNL/src/vxl/core/vnl/CMakeFiles/itkvnl.dir/Templates/vnl_fortran_copy+complex+double--.cxx.o
[ 41%] Building CXX object Modules/ThirdParty/VNL/src/vxl/core/vnl/CMakeFiles/itkvnl.dir/Templates/vnl_fortran_copy+complex+float--.cxx.o
[ 41%] Building CXX object Modules/ThirdParty/VNL/src/vxl/core/vnl/CMakeFiles/itkvnl.dir/Templates/vnl_fortran_copy+complex+long_double--.cxx.o
[ 41%] Building CXX object Modules/ThirdParty/VNL/src/vxl/core/vnl/CMakeFiles/itkvnl.dir/Templates/vnl_fortran_copy+double-.cxx.o
[ 41%] Built target itkminc2
[ 41%] Built target ITKMINC-all
[ 41%] Building CXX object Modules/ThirdParty/VNL/src/vxl/core/vnl/CMakeFiles/itkvnl.dir/Templates/vnl_fortran_copy+float-.cxx.o
[ 41%] Building CXX object Modules/ThirdParty/VNL/src/vxl/core/vnl/CMakeFiles/itkvnl.dir/Templates/vnl_fortran_copy+long_double-.cxx.o
[ 41%] Building CXX object Modules/ThirdParty/VNL/src/vxl/core/vnl/CMakeFiles/itkvnl.dir/Templates/vnl_fortran_copy_fixed+double.allsizes-.cxx.o
[ 42%] Building CXX object Modules/ThirdParty/VNL/src/vxl/core/vnl/CMakeFiles/itkvnl.dir/Templates/vnl_fortran_copy_fixed+float.allsizes-.cxx.o
[ 42%] Building CXX object Modules/ThirdParty/VNL/src/vxl/core/vnl/CMakeFiles/itkvnl.dir/Templates/vnl_identity+int-.cxx.o
[ 42%] Building CXX object Modules/ThirdParty/VNL/src/vxl/core/vnl/CMakeFiles/itkvnl.dir/Templates/vnl_matlab_print+complex+double--.cxx.o
[ 42%] Building CXX object Modules/ThirdParty/VNL/src/vxl/core/vnl/CMakeFiles/itkvnl.dir/Templates/vnl_matlab_print+complex+float--.cxx.o
[ 42%] Building CXX object Modules/ThirdParty/VNL/src/vxl/core/vnl/CMakeFiles/itkvnl.dir/Templates/vnl_matlab_print+complex+long_double--.cxx.o
[ 42%] Building CXX object Modules/ThirdParty/VNL/src/vxl/core/vnl/CMakeFiles/itkvnl.dir/Templates/vnl_matlab_print+double-.cxx.o
[ 42%] Building CXX object Modules/ThirdParty/VNL/src/vxl/core/vnl/CMakeFiles/itkvnl.dir/Templates/vnl_matlab_print+float-.cxx.o
[ 42%] Building CXX object Modules/ThirdParty/VNL/src/vxl/core/vnl/CMakeFiles/itkvnl.dir/Templates/vnl_matlab_print+int-.cxx.o
[ 42%] Building CXX object Modules/ThirdParty/VNL/src/vxl/core/vnl/CMakeFiles/itkvnl.dir/Templates/vnl_matlab_print+long_double-.cxx.o
[ 43%] Building CXX object Modules/ThirdParty/VNL/src/vxl/core/vnl/CMakeFiles/itkvnl.dir/Templates/vnl_matlab_print+uint-.cxx.o
[ 43%] Building CXX object Modules/ThirdParty/VNL/src/vxl/core/vnl/CMakeFiles/itkvnl.dir/Templates/vnl_matlab_print2+vnl_matrix+complex+double---.cxx.o
[ 43%] Building CXX object Modules/ThirdParty/VNL/src/vxl/core/vnl/CMakeFiles/itkvnl.dir/Templates/vnl_matlab_print2+vnl_matrix+double--.cxx.o
[ 43%] Building CXX object Modules/ThirdParty/VNL/src/vxl/core/vnl/CMakeFiles/itkvnl.dir/Templates/vnl_matlab_print2+vnl_matrix+float--.cxx.o
[ 43%] Building CXX object Modules/ThirdParty/VNL/src/vxl/core/vnl/CMakeFiles/itkvnl.dir/Templates/vnl_matlab_print2+vnl_vector+complex+double---.cxx.o
[ 43%] Building CXX object Modules/ThirdParty/VNL/src/vxl/core/vnl/CMakeFiles/itkvnl.dir/Templates/vnl_matlab_print2+vnl_vector+double--.cxx.o
[ 43%] Building CXX object Modules/ThirdParty/VNL/src/vxl/core/vnl/CMakeFiles/itkvnl.dir/Templates/vnl_matlab_print2+vnl_vector+float--.cxx.o
[ 43%] Building CXX object Modules/ThirdParty/VNL/src/vxl/core/vnl/CMakeFiles/itkvnl.dir/Templates/vnl_matrix+char-.cxx.o
[ 43%] Building CXX object Modules/ThirdParty/VNL/src/vxl/core/vnl/CMakeFiles/itkvnl.dir/Templates/vnl_matrix+complex+double--.cxx.o
[ 43%] Linking CXX shared library ../../../../../../lib/libITKMetaIO-6.0.so
[ 44%] Building CXX object Modules/ThirdParty/VNL/src/vxl/core/vnl/CMakeFiles/itkvnl.dir/Templates/vnl_matrix+complex+float--.cxx.o
[ 44%] Building CXX object Modules/ThirdParty/VNL/src/vxl/core/vnl/CMakeFiles/itkvnl.dir/Templates/vnl_matrix+complex+long_double--.cxx.o
[ 44%] Built target ITKgiftiio
[ 44%] Building CXX object Modules/ThirdParty/VNL/src/vxl/core/vnl/CMakeFiles/itkvnl.dir/Templates/vnl_matrix+double-.cxx.o
[ 44%] Building CXX object Modules/ThirdParty/VNL/src/vxl/core/vnl/CMakeFiles/itkvnl.dir/Templates/vnl_matrix+float-.cxx.o
[ 44%] Building CXX object Modules/ThirdParty/VNL/src/vxl/core/vnl/CMakeFiles/itkvnl.dir/Templates/vnl_matrix+int-.cxx.o
[ 44%] Built target ITKGIFTI-all
[ 44%] Building CXX object Modules/ThirdParty/VNL/src/vxl/core/vnl/CMakeFiles/itkvnl.dir/Templates/vnl_matrix+long-.cxx.o
[ 44%] Building CXX object Modules/ThirdParty/VNL/src/vxl/core/vnl/CMakeFiles/itkvnl.dir/Templates/vnl_matrix+long_double-.cxx.o
[ 44%] Building CXX object Modules/ThirdParty/VNL/src/vxl/core/vnl/CMakeFiles/itkvnl.dir/Templates/vnl_matrix+longlong-.cxx.o
[ 44%] Built target itkv3p_netlib
[ 44%] Building CXX object Modules/ThirdParty/VNL/src/vxl/core/vnl/CMakeFiles/itkvnl.dir/Templates/vnl_matrix+schar-.cxx.o
[ 45%] Building CXX object Modules/ThirdParty/VNL/src/vxl/core/vnl/CMakeFiles/itkvnl.dir/Templates/vnl_matrix+sshort-.cxx.o
[ 45%] Building CXX object Modules/ThirdParty/VNL/src/vxl/core/vnl/CMakeFiles/itkvnl.dir/Templates/vnl_matrix+uchar-.cxx.o
[ 45%] Building CXX object Modules/ThirdParty/VNL/src/vxl/core/vnl/CMakeFiles/itkvnl.dir/Templates/vnl_matrix+uint-.cxx.o
[ 45%] Building CXX object Modules/ThirdParty/VNL/src/vxl/core/vnl/CMakeFiles/itkvnl.dir/Templates/vnl_matrix+ulong-.cxx.o
[ 45%] Building CXX object Modules/ThirdParty/VNL/src/vxl/core/vnl/CMakeFiles/itkvnl.dir/Templates/vnl_matrix+ulonglong-.cxx.o
[ 45%] Building CXX object Modules/ThirdParty/VNL/src/vxl/core/vnl/CMakeFiles/itkvnl.dir/Templates/vnl_matrix+ushort-.cxx.o
[ 45%] Building CXX object Modules/ThirdParty/VNL/src/vxl/core/vnl/CMakeFiles/itkvnl.dir/Templates/vnl_matrix_exp+vnl_matrix+double--.cxx.o
[ 45%] Building CXX object Modules/ThirdParty/VNL/src/vxl/core/vnl/CMakeFiles/itkvnl.dir/Templates/vnl_matrix_exp+vnl_matrix_fixed+double.allsizes-.cxx.o
[ 45%] Building CXX object Modules/ThirdParty/VNL/src/vxl/core/vnl/CMakeFiles/itkvnl.dir/Templates/vnl_matrix_fixed+complex_double.allsizes-.cxx.o
[ 46%] Building CXX object Modules/ThirdParty/VNL/src/vxl/core/vnl/CMakeFiles/itkvnl.dir/Templates/vnl_matrix_fixed+complex_float.allsizes-.cxx.o
[ 46%] Building CXX object Modules/ThirdParty/VNL/src/vxl/core/vnl/CMakeFiles/itkvnl.dir/Templates/vnl_matrix_fixed+double.allsizes-.cxx.o
[ 46%] Building CXX object Modules/ThirdParty/VNL/src/vxl/core/vnl/CMakeFiles/itkvnl.dir/Templates/vnl_matrix_fixed+float.allsizes-.cxx.o
[ 46%] Building CXX object Modules/ThirdParty/VNL/src/vxl/core/vnl/CMakeFiles/itkvnl.dir/Templates/vnl_matrix_fixed_ref+double.allsizes-.cxx.o
[ 46%] Building CXX object Modules/ThirdParty/VNL/src/vxl/core/vnl/CMakeFiles/itkvnl.dir/Templates/vnl_matrix_fixed+int.allsizes-.cxx.o
[ 46%] Building CXX object Modules/ThirdParty/VNL/src/vxl/core/vnl/CMakeFiles/itkvnl.dir/Templates/vnl_matrix_fixed_ref+float.allsizes-.cxx.o
[ 46%] Building CXX object Modules/ThirdParty/VNL/src/vxl/core/vnl/CMakeFiles/itkvnl.dir/Templates/vnl_matrix_ref+double-.cxx.o
[ 46%] Building CXX object Modules/ThirdParty/VNL/src/vxl/core/vnl/CMakeFiles/itkvnl.dir/Templates/vnl_matrix_ref+float-.cxx.o
[ 46%] Building CXX object Modules/ThirdParty/VNL/src/vxl/core/vnl/CMakeFiles/itkvnl.dir/Templates/vnl_polynomial+double-.cxx.o
[ 47%] Building CXX object Modules/ThirdParty/VNL/src/vxl/core/vnl/CMakeFiles/itkvnl.dir/Templates/vnl_polynomial+long-.cxx.o
[ 47%] Building CXX object Modules/ThirdParty/VNL/src/vxl/core/vnl/CMakeFiles/itkvnl.dir/Templates/vnl_quaternion+double-.cxx.o
[ 47%] Building CXX object Modules/ThirdParty/VNL/src/vxl/core/vnl/CMakeFiles/itkvnl.dir/Templates/vnl_quaternion+float-.cxx.o
[ 47%] Building CXX object Modules/ThirdParty/VNL/src/vxl/core/vnl/CMakeFiles/itkvnl.dir/Templates/vnl_rank+double-.cxx.o
[ 47%] Building CXX object Modules/ThirdParty/VNL/src/vxl/core/vnl/CMakeFiles/itkvnl.dir/Templates/vnl_rank+int-.cxx.o
[ 47%] Building CXX object Modules/ThirdParty/VNL/src/vxl/core/vnl/CMakeFiles/itkvnl.dir/Templates/vnl_sparse_matrix+complex+double--.cxx.o
[ 47%] Building CXX object Modules/ThirdParty/VNL/src/vxl/core/vnl/CMakeFiles/itkvnl.dir/Templates/vnl_sparse_matrix+complex+float--.cxx.o
[ 47%] Building CXX object Modules/ThirdParty/VNL/src/vxl/core/vnl/CMakeFiles/itkvnl.dir/Templates/vnl_sparse_matrix+double-.cxx.o
[ 47%] Building CXX object Modules/ThirdParty/VNL/src/vxl/core/vnl/CMakeFiles/itkvnl.dir/Templates/vnl_sparse_matrix+float-.cxx.o
[ 48%] Building CXX object Modules/ThirdParty/VNL/src/vxl/core/vnl/CMakeFiles/itkvnl.dir/Templates/vnl_sparse_matrix+int-.cxx.o
[ 48%] Building CXX object Modules/ThirdParty/VNL/src/vxl/core/vnl/CMakeFiles/itkvnl.dir/Templates/vnl_sym_matrix+complex+double--.cxx.o
[ 48%] Building CXX object Modules/ThirdParty/VNL/src/vxl/core/vnl/CMakeFiles/itkvnl.dir/Templates/vnl_sym_matrix+complex+float--.cxx.o
[ 48%] Building CXX object Modules/ThirdParty/VNL/src/vxl/core/vnl/CMakeFiles/itkvnl.dir/Templates/vnl_sym_matrix+complex+long_double--.cxx.o
[ 48%] Building CXX object Modules/ThirdParty/VNL/src/vxl/core/vnl/CMakeFiles/itkvnl.dir/Templates/vnl_sym_matrix+double-.cxx.o
[ 48%] Building CXX object Modules/ThirdParty/VNL/src/vxl/core/vnl/CMakeFiles/itkvnl.dir/Templates/vnl_sym_matrix+float-.cxx.o
[ 48%] Building CXX object Modules/ThirdParty/VNL/src/vxl/core/vnl/CMakeFiles/itkvnl.dir/Templates/vnl_sym_matrix+int-.cxx.o
[ 48%] Building CXX object Modules/ThirdParty/VNL/src/vxl/core/vnl/CMakeFiles/itkvnl.dir/Templates/vnl_unary_function+double.vnl_vector+double--.cxx.o
[ 48%] Building CXX object Modules/ThirdParty/VNL/src/vxl/core/vnl/CMakeFiles/itkvnl.dir/Templates/vnl_unary_function+int.int-.cxx.o
[ 49%] Building CXX object Modules/ThirdParty/VNL/src/vxl/core/vnl/CMakeFiles/itkvnl.dir/Templates/vnl_vector+char-.cxx.o
[ 49%] Building CXX object Modules/ThirdParty/VNL/src/vxl/core/vnl/CMakeFiles/itkvnl.dir/Templates/vnl_vector+complex+double--.cxx.o
[ 49%] Building CXX object Modules/ThirdParty/VNL/src/vxl/core/vnl/CMakeFiles/itkvnl.dir/Templates/vnl_vector+complex+float--.cxx.o
[ 49%] Building CXX object Modules/ThirdParty/VNL/src/vxl/core/vnl/CMakeFiles/itkvnl.dir/Templates/vnl_vector+complex+long_double--.cxx.o
[ 49%] Building CXX object Modules/ThirdParty/VNL/src/vxl/core/vnl/CMakeFiles/itkvnl.dir/Templates/vnl_vector+double-.cxx.o
[ 49%] Building CXX object Modules/ThirdParty/VNL/src/vxl/core/vnl/CMakeFiles/itkvnl.dir/Templates/vnl_vector+float-.cxx.o
[ 49%] Building CXX object Modules/ThirdParty/VNL/src/vxl/core/vnl/CMakeFiles/itkvnl.dir/Templates/vnl_vector+int-.cxx.o
[ 50%] Building CXX object Modules/ThirdParty/VNL/src/vxl/core/vnl/CMakeFiles/itkvnl.dir/Templates/vnl_vector+long-.cxx.o
[ 50%] Building CXX object Modules/ThirdParty/VNL/src/vxl/core/vnl/CMakeFiles/itkvnl.dir/Templates/vnl_vector+long_double-.cxx.o
[ 50%] Building CXX object Modules/ThirdParty/VNL/src/vxl/core/vnl/CMakeFiles/itkvnl.dir/Templates/vnl_vector+longlong-.cxx.o
[ 50%] Building CXX object Modules/ThirdParty/VNL/src/vxl/core/vnl/CMakeFiles/itkvnl.dir/Templates/vnl_vector+schar-.cxx.o
[ 50%] Building CXX object Modules/ThirdParty/VNL/src/vxl/core/vnl/CMakeFiles/itkvnl.dir/Templates/vnl_vector+sshort-.cxx.o
[ 50%] Built target ITKMetaIO
[ 50%] Building CXX object Modules/ThirdParty/VNL/src/vxl/core/vnl/CMakeFiles/itkvnl.dir/Templates/vnl_vector+uchar-.cxx.o
[ 50%] Built target ITKMetaIO-all
[ 50%] Building CXX object Modules/ThirdParty/VNL/src/vxl/core/vnl/CMakeFiles/itkvnl.dir/Templates/vnl_vector+uint-.cxx.o
[ 50%] Building CXX object Modules/ThirdParty/VNL/src/vxl/core/vnl/CMakeFiles/itkvnl.dir/Templates/vnl_vector+ulong-.cxx.o
[ 50%] Building CXX object Modules/ThirdParty/VNL/src/vxl/core/vnl/CMakeFiles/itkvnl.dir/Templates/vnl_vector+ulonglong-.cxx.o
[ 50%] Building CXX object Modules/ThirdParty/VNL/src/vxl/core/vnl/CMakeFiles/itkvnl.dir/Templates/vnl_vector+ushort-.cxx.o
[ 51%] Building CXX object Modules/ThirdParty/VNL/src/vxl/core/vnl/CMakeFiles/itkvnl.dir/Templates/vnl_vector_fixed+complex_double.allsizes-.cxx.o
[ 51%] Building CXX object Modules/ThirdParty/VNL/src/vxl/core/vnl/CMakeFiles/itkvnl.dir/Templates/vnl_vector_fixed+complex_float.allsizes-.cxx.o
[ 51%] Building CXX object Modules/ThirdParty/VNL/src/vxl/core/vnl/CMakeFiles/itkvnl.dir/Templates/vnl_vector_fixed+double.allsizes-.cxx.o
[ 51%] Building CXX object Modules/ThirdParty/VNL/src/vxl/core/vnl/CMakeFiles/itkvnl.dir/Templates/vnl_vector_fixed+float.allsizes-.cxx.o
[ 51%] Building CXX object Modules/ThirdParty/VNL/src/vxl/core/vnl/CMakeFiles/itkvnl.dir/Templates/vnl_vector_fixed+int.allsizes-.cxx.o
[ 51%] Building CXX object Modules/ThirdParty/VNL/src/vxl/core/vnl/CMakeFiles/itkvnl.dir/Templates/vnl_vector_fixed+slonglong.allsizes-.cxx.o
[ 51%] Building CXX object Modules/ThirdParty/VNL/src/vxl/core/vnl/CMakeFiles/itkvnl.dir/Templates/vnl_vector_fixed+sshort.allsizes-.cxx.o
[ 51%] Building CXX object Modules/ThirdParty/VNL/src/vxl/core/vnl/CMakeFiles/itkvnl.dir/Templates/vnl_vector_fixed+uchar.allsizes-.cxx.o
[ 51%] Building CXX object Modules/ThirdParty/VNL/src/vxl/core/vnl/CMakeFiles/itkvnl.dir/Templates/vnl_vector_fixed+uint.allsizes-.cxx.o
[ 52%] Building CXX object Modules/ThirdParty/VNL/src/vxl/core/vnl/CMakeFiles/itkvnl.dir/Templates/vnl_vector_fixed+ushort.allsizes-.cxx.o
[ 52%] Building CXX object Modules/ThirdParty/VNL/src/vxl/core/vnl/CMakeFiles/itkvnl.dir/Templates/vnl_vector_fixed+ulonglong.allsizes-.cxx.o
[ 52%] Building CXX object Modules/ThirdParty/VNL/src/vxl/core/vnl/CMakeFiles/itkvnl.dir/Templates/vnl_vector_fixed_ref+double.allsizes-.cxx.o
[ 52%] Building CXX object Modules/ThirdParty/VNL/src/vxl/core/vnl/CMakeFiles/itkvnl.dir/Templates/vnl_vector_fixed_ref+float.allsizes-.cxx.o
[ 52%] Building CXX object Modules/ThirdParty/VNL/src/vxl/core/vnl/CMakeFiles/itkvnl.dir/Templates/vnl_vector_ref+alltypes.cxx.o
[ 52%] Linking CXX shared library ../../../../../../../lib/libitkvnl-6.0.so
[ 52%] Built target itkvnl
[ 52%] Building CXX object Modules/ThirdParty/VNL/src/vxl/core/vnl/algo/CMakeFiles/itkvnl_algo.dir/vnl_cholesky.cxx.o
[ 52%] Building CXX object Modules/ThirdParty/VNL/src/vxl/core/vnl/algo/CMakeFiles/itkvnl_algo.dir/vnl_ldl_cholesky.cxx.o
[ 52%] Building CXX object Modules/ThirdParty/VNL/src/vxl/core/vnl/algo/CMakeFiles/itkvnl_algo.dir/vnl_lbfgsb.cxx.o
[ 53%] Building CXX object Modules/ThirdParty/VNL/src/vxl/core/vnl/algo/CMakeFiles/itkvnl_algo.dir/vnl_lbfgs.cxx.o
[ 53%] Building CXX object Modules/ThirdParty/VNL/src/vxl/core/vnl/algo/CMakeFiles/itkvnl_algo.dir/vnl_discrete_diff.cxx.o
[ 53%] Building CXX object Modules/ThirdParty/VNL/src/vxl/core/vnl/algo/CMakeFiles/itkvnl_algo.dir/vnl_powell.cxx.o
[ 53%] Building CXX object Modules/ThirdParty/VNL/src/vxl/core/vnl/algo/CMakeFiles/itkvnl_algo.dir/vnl_conjugate_gradient.cxx.o
[ 53%] Building CXX object Modules/ThirdParty/VNL/src/vxl/core/vnl/algo/CMakeFiles/itkvnl_algo.dir/vnl_amoeba.cxx.o
[ 53%] Building CXX object Modules/ThirdParty/VNL/src/vxl/core/vnl/algo/CMakeFiles/itkvnl_algo.dir/vnl_sparse_lu.cxx.o
[ 53%] Building CXX object Modules/ThirdParty/VNL/src/vxl/core/vnl/algo/CMakeFiles/itkvnl_algo.dir/vnl_levenberg_marquardt.cxx.o
[ 54%] Building CXX object Modules/ThirdParty/VNL/src/vxl/core/vnl/algo/CMakeFiles/itkvnl_algo.dir/vnl_bracket_minimum.cxx.o
[ 54%] Building CXX object Modules/ThirdParty/VNL/src/vxl/core/vnl/algo/CMakeFiles/itkvnl_algo.dir/vnl_brent.cxx.o
[ 54%] Building CXX object Modules/ThirdParty/VNL/src/vxl/core/vnl/algo/CMakeFiles/itkvnl_algo.dir/vnl_determinant.cxx.o
[ 54%] Building CXX object Modules/ThirdParty/VNL/src/vxl/core/vnl/algo/CMakeFiles/itkvnl_algo.dir/vnl_brent_minimizer.cxx.o
[ 54%] Building CXX object Modules/ThirdParty/VNL/src/vxl/core/vnl/algo/CMakeFiles/itkvnl_algo.dir/vnl_simpson_integral.cxx.o
[ 54%] Building CXX object Modules/ThirdParty/VNL/src/vxl/core/vnl/algo/CMakeFiles/itkvnl_algo.dir/vnl_real_eigensystem.cxx.o
[ 54%] Building CXX object Modules/ThirdParty/VNL/src/vxl/core/vnl/algo/CMakeFiles/itkvnl_algo.dir/vnl_adaptsimpson_integral.cxx.o
[ 54%] Building CXX object Modules/ThirdParty/VNL/src/vxl/core/vnl/algo/CMakeFiles/itkvnl_algo.dir/vnl_solve_qp.cxx.o
[ 54%] Building CXX object Modules/ThirdParty/VNL/src/vxl/core/vnl/algo/CMakeFiles/itkvnl_algo.dir/vnl_generalized_eigensystem.cxx.o
[ 54%] Building CXX object Modules/ThirdParty/VNL/src/vxl/core/vnl/algo/CMakeFiles/itkvnl_algo.dir/vnl_lsqr.cxx.o
[ 54%] Building CXX object Modules/ThirdParty/VNL/src/vxl/core/vnl/algo/CMakeFiles/itkvnl_algo.dir/Templates/vnl_determinant+double-.cxx.o
[ 55%] Building CXX object Modules/ThirdParty/VNL/src/vxl/core/vnl/algo/CMakeFiles/itkvnl_algo.dir/Templates/vnl_determinant+float-.cxx.o
[ 55%] Building CXX object Modules/ThirdParty/VNL/src/vxl/core/vnl/algo/CMakeFiles/itkvnl_algo.dir/Templates/vnl_determinant+int-.cxx.o
[ 55%] Building CXX object Modules/ThirdParty/VNL/src/vxl/core/vnl/algo/CMakeFiles/itkvnl_algo.dir/Templates/vnl_determinant+vcl_complex+double--.cxx.o
[ 55%] Building CXX object Modules/ThirdParty/VNL/src/vxl/core/vnl/algo/CMakeFiles/itkvnl_algo.dir/Templates/vnl_determinant+vcl_complex+float--.cxx.o
[ 55%] Building CXX object Modules/ThirdParty/VNL/src/vxl/core/vnl/algo/CMakeFiles/itkvnl_algo.dir/Templates/vnl_matrix_inverse+float-.cxx.o
[ 55%] Building CXX object Modules/ThirdParty/VNL/src/vxl/core/vnl/algo/CMakeFiles/itkvnl_algo.dir/Templates/vnl_matrix_inverse+double-.cxx.o
[ 55%] Building CXX object Modules/ThirdParty/VNL/src/vxl/core/vnl/algo/CMakeFiles/itkvnl_algo.dir/Templates/vnl_qr+double-.cxx.o
[ 55%] Building CXX object Modules/ThirdParty/VNL/src/vxl/core/vnl/algo/CMakeFiles/itkvnl_algo.dir/Templates/vnl_qr+float-.cxx.o
[ 55%] Building CXX object Modules/ThirdParty/VNL/src/vxl/core/vnl/algo/CMakeFiles/itkvnl_algo.dir/Templates/vnl_qr+vcl_complex+double--.cxx.o
[ 56%] Building CXX object Modules/ThirdParty/VNL/src/vxl/core/vnl/algo/CMakeFiles/itkvnl_algo.dir/Templates/vnl_qr+vcl_complex+float--.cxx.o
[ 56%] Building CXX object Modules/ThirdParty/VNL/src/vxl/core/vnl/algo/CMakeFiles/itkvnl_algo.dir/Templates/vnl_scatter_3x3+double-.cxx.o
[ 56%] Building CXX object Modules/ThirdParty/VNL/src/vxl/core/vnl/algo/CMakeFiles/itkvnl_algo.dir/Templates/vnl_scatter_3x3+float-.cxx.o
[ 56%] Building CXX object Modules/ThirdParty/VNL/src/vxl/core/vnl/algo/CMakeFiles/itkvnl_algo.dir/Templates/vnl_svd+double-.cxx.o
[ 56%] Building CXX object Modules/ThirdParty/VNL/src/vxl/core/vnl/algo/CMakeFiles/itkvnl_algo.dir/Templates/vnl_svd+float-.cxx.o
[ 56%] Building CXX object Modules/ThirdParty/VNL/src/vxl/core/vnl/algo/CMakeFiles/itkvnl_algo.dir/Templates/vnl_svd+vcl_complex+double--.cxx.o
[ 56%] Building CXX object Modules/ThirdParty/VNL/src/vxl/core/vnl/algo/CMakeFiles/itkvnl_algo.dir/Templates/vnl_svd+vcl_complex+float--.cxx.o
[ 56%] Building CXX object Modules/ThirdParty/VNL/src/vxl/core/vnl/algo/CMakeFiles/itkvnl_algo.dir/Templates/vnl_svd_economy+double-.cxx.o
[ 56%] Building CXX object Modules/ThirdParty/VNL/src/vxl/core/vnl/algo/CMakeFiles/itkvnl_algo.dir/Templates/vnl_svd_economy+float-.cxx.o
[ 57%] Building CXX object Modules/ThirdParty/VNL/src/vxl/core/vnl/algo/CMakeFiles/itkvnl_algo.dir/Templates/vnl_svd_economy+vcl_complex+double--.cxx.o
[ 57%] Building CXX object Modules/ThirdParty/VNL/src/vxl/core/vnl/algo/CMakeFiles/itkvnl_algo.dir/Templates/vnl_svd_economy+vcl_complex+float--.cxx.o
[ 57%] Building CXX object Modules/ThirdParty/VNL/src/vxl/core/vnl/algo/CMakeFiles/itkvnl_algo.dir/Templates/vnl_svd_fixed+double.allsizes-.cxx.o
[ 57%] Building CXX object Modules/ThirdParty/VNL/src/vxl/core/vnl/algo/CMakeFiles/itkvnl_algo.dir/Templates/vnl_svd_fixed+float.allsizes-.cxx.o
[ 57%] Building CXX object Modules/ThirdParty/VNL/src/vxl/core/vnl/algo/CMakeFiles/itkvnl_algo.dir/Templates/vnl_symmetric_eigensystem+double-.cxx.o
[ 57%] Building CXX object Modules/ThirdParty/VNL/src/vxl/core/vnl/algo/CMakeFiles/itkvnl_algo.dir/Templates/vnl_symmetric_eigensystem+float-.cxx.o
[ 57%] Linking CXX shared library ../../../../../../../../lib/libitkvnl_algo-6.0.so
[ 57%] Built target itkvnl_algo
[ 57%] Built target ITKVNL-all
[ 57%] Building CXX object Modules/Core/Common/src/CMakeFiles/ITKCommon.dir/itkAnatomicalOrientation.cxx.o
[ 57%] Building CXX object Modules/Core/Common/src/CMakeFiles/ITKCommon.dir/__/itkBuildInformation.cxx.o
[ 57%] Building CXX object Modules/Core/Common/src/CMakeFiles/ITKCommon.dir/itkArrayOutputSpecialization.cxx.o
[ 57%] Building CXX object Modules/Core/Common/src/CMakeFiles/ITKCommon.dir/itkCreateObjectFunction.cxx.o
[ 57%] Building CXX object Modules/Core/Common/src/CMakeFiles/ITKCommon.dir/itkCompensatedSummation.cxx.o
[ 57%] Building CXX object Modules/Core/Common/src/CMakeFiles/ITKCommon.dir/itkCommonEnums.cxx.o
[ 58%] Building CXX object Modules/Core/Common/src/CMakeFiles/ITKCommon.dir/itkCommand.cxx.o
[ 58%] Building CXX object Modules/Core/Common/src/CMakeFiles/ITKCommon.dir/itkCovariantVector.cxx.o
[ 58%] Building CXX object Modules/Core/Common/src/CMakeFiles/ITKCommon.dir/itkDataObject.cxx.o
[ 58%] Building CXX object Modules/Core/Common/src/CMakeFiles/ITKCommon.dir/itkDirectory.cxx.o
[ 58%] Building CXX object Modules/Core/Common/src/CMakeFiles/ITKCommon.dir/itkEquivalencyTable.cxx.o
[ 58%] Building CXX object Modules/Core/Common/src/CMakeFiles/ITKCommon.dir/itkFileOutputWindow.cxx.o
[ 59%] Building CXX object Modules/Core/Common/src/CMakeFiles/ITKCommon.dir/itkExtractImageFilter.cxx.o
[ 59%] Building CXX object Modules/Core/Common/src/CMakeFiles/ITKCommon.dir/itkExceptionObject.cxx.o
[ 59%] Building CXX object Modules/Core/Common/src/CMakeFiles/ITKCommon.dir/itkEventObject.cxx.o
[ 59%] Building CXX object Modules/Core/Common/src/CMakeFiles/ITKCommon.dir/itkGaussianDerivativeOperator.cxx.o
[ 59%] Building CXX object Modules/Core/Common/src/CMakeFiles/ITKCommon.dir/itkFloatingPointExceptions.cxx.o
[ 59%] Building CXX object Modules/Core/Common/src/CMakeFiles/ITKCommon.dir/itkHexahedronCellTopology.cxx.o
[ 59%] Building CXX object Modules/Core/Common/src/CMakeFiles/ITKCommon.dir/itkFrustumSpatialFunction.cxx.o
[ 59%] Building CXX object Modules/Core/Common/src/CMakeFiles/ITKCommon.dir/itkImageIORegion.cxx.o
[ 59%] Building CXX object Modules/Core/Common/src/CMakeFiles/ITKCommon.dir/itkImageRegionSplitterBase.cxx.o
[ 60%] Building CXX object Modules/Core/Common/src/CMakeFiles/ITKCommon.dir/itkImageRegionSplitterDirection.cxx.o
[ 60%] Building CXX object Modules/Core/Common/src/CMakeFiles/ITKCommon.dir/itkImageRegionSplitterMultidimensional.cxx.o
[ 60%] Building CXX object Modules/Core/Common/src/CMakeFiles/ITKCommon.dir/itkImageRegionSplitterSlowDimension.cxx.o
[ 60%] Building CXX object Modules/Core/Common/src/CMakeFiles/ITKCommon.dir/itkImageSourceCommon.cxx.o
[ 60%] Building CXX object Modules/Core/Common/src/CMakeFiles/ITKCommon.dir/itkImageToImageFilterCommon.cxx.o
[ 60%] Building CXX object Modules/Core/Common/src/CMakeFiles/ITKCommon.dir/itkIndent.cxx.o
[ 60%] Building CXX object Modules/Core/Common/src/CMakeFiles/ITKCommon.dir/itkIterationReporter.cxx.o
[ 60%] Building CXX object Modules/Core/Common/src/CMakeFiles/ITKCommon.dir/itkLightObject.cxx.o
[ 60%] Building CXX object Modules/Core/Common/src/CMakeFiles/ITKCommon.dir/itkLightProcessObject.cxx.o
[ 61%] Building CXX object Modules/Core/Common/src/CMakeFiles/ITKCommon.dir/itkLogger.cxx.o
[ 61%] Building CXX object Modules/Core/Common/src/CMakeFiles/ITKCommon.dir/itkLoggerBase.cxx.o
[ 61%] Building CXX object Modules/Core/Common/src/CMakeFiles/ITKCommon.dir/itkLoggerManager.cxx.o
[ 61%] Building CXX object Modules/Core/Common/src/CMakeFiles/ITKCommon.dir/itkLoggerOutput.cxx.o
[ 61%] Building CXX object Modules/Core/Common/src/CMakeFiles/ITKCommon.dir/itkLoggerThreadWrapper.cxx.o
[ 61%] Building CXX object Modules/Core/Common/src/CMakeFiles/ITKCommon.dir/itkLogOutput.cxx.o
[ 61%] Building CXX object Modules/Core/Common/src/CMakeFiles/ITKCommon.dir/itkMathSVD.cxx.o
[ 61%] Building CXX object Modules/Core/Common/src/CMakeFiles/ITKCommon.dir/itkMemoryProbe.cxx.o
[ 61%] Building CXX object Modules/Core/Common/src/CMakeFiles/ITKCommon.dir/itkMemoryProbesCollectorBase.cxx.o
[ 62%] Building CXX object Modules/Core/Common/src/CMakeFiles/ITKCommon.dir/itkMemoryUsageObserver.cxx.o
[ 62%] Building CXX object Modules/Core/Common/src/CMakeFiles/ITKCommon.dir/itkMersenneTwisterRandomVariateGenerator.cxx.o
[ 62%] Building CXX object Modules/Core/Common/src/CMakeFiles/ITKCommon.dir/itkMetaDataDictionary.cxx.o
[ 62%] Building CXX object Modules/Core/Common/src/CMakeFiles/ITKCommon.dir/itkMetaDataObject.cxx.o
[ 62%] Building CXX object Modules/Core/Common/src/CMakeFiles/ITKCommon.dir/itkMultipleLogOutput.cxx.o
[ 62%] Building CXX object Modules/Core/Common/src/CMakeFiles/ITKCommon.dir/itkMetaDataObjectBase.cxx.o
[ 62%] Building CXX object Modules/Core/Common/src/CMakeFiles/ITKCommon.dir/itkMultiThreaderBase.cxx.o
[ 62%] Building CXX object Modules/Core/Common/src/CMakeFiles/ITKCommon.dir/itkNumericTraits.cxx.o
[ 62%] Building CXX object Modules/Core/Common/src/CMakeFiles/ITKCommon.dir/itkNumberToString.cxx.o
[ 63%] Building CXX object Modules/Core/Common/src/CMakeFiles/ITKCommon.dir/itkNumericTraitsCovariantVectorPixel.cxx.o
[ 63%] Building CXX object Modules/Core/Common/src/CMakeFiles/ITKCommon.dir/itkNumericTraitsDiffusionTensor3DPixel.cxx.o
[ 63%] Building CXX object Modules/Core/Common/src/CMakeFiles/ITKCommon.dir/itkNumericTraitsFixedArrayPixel.cxx.o
[ 63%] Building CXX object Modules/Core/Common/src/CMakeFiles/ITKCommon.dir/itkNumericTraitsFixedArrayPixel2.cxx.o
[ 63%] Building CXX object Modules/Core/Common/src/CMakeFiles/ITKCommon.dir/itkNumericTraitsPointPixel.cxx.o
[ 63%] Building CXX object Modules/Core/Common/src/CMakeFiles/ITKCommon.dir/itkNumericTraitsRGBAPixel.cxx.o
[ 63%] Building CXX object Modules/Core/Common/src/CMakeFiles/ITKCommon.dir/itkNumericTraitsRGBPixel.cxx.o
[ 63%] Building CXX object Modules/Core/Common/src/CMakeFiles/ITKCommon.dir/itkNumericTraitsTensorPixel.cxx.o
[ 63%] Building CXX object Modules/Core/Common/src/CMakeFiles/ITKCommon.dir/itkNumericTraitsTensorPixel2.cxx.o
[ 64%] Building CXX object Modules/Core/Common/src/CMakeFiles/ITKCommon.dir/itkNumericTraitsVectorPixel.cxx.o
[ 64%] Building CXX object Modules/Core/Common/src/CMakeFiles/ITKCommon.dir/itkObject.cxx.o
[ 64%] Building CXX object Modules/Core/Common/src/CMakeFiles/ITKCommon.dir/itkObjectFactoryBase.cxx.o
[ 64%] Building CXX object Modules/Core/Common/src/CMakeFiles/ITKCommon.dir/itkObjectStore.cxx.o
[ 64%] Building CXX object Modules/Core/Common/src/CMakeFiles/ITKCommon.dir/itkOctreeNode.cxx.o
[ 64%] Building CXX object Modules/Core/Common/src/CMakeFiles/ITKCommon.dir/itkOutputWindow.cxx.o
[ 64%] Building CXX object Modules/Core/Common/src/CMakeFiles/ITKCommon.dir/itkPlatformMultiThreader.cxx.o
[ 64%] Building CXX object Modules/Core/Common/src/CMakeFiles/ITKCommon.dir/itkSingleMultiThreader.cxx.o
[ 64%] Building CXX object Modules/Core/Common/src/CMakeFiles/ITKCommon.dir/itkProcessObject.cxx.o
[ 65%] Building CXX object Modules/Core/Common/src/CMakeFiles/ITKCommon.dir/itkProgressAccumulator.cxx.o
[ 65%] Building CXX object Modules/Core/Common/src/CMakeFiles/ITKCommon.dir/itkProgressReporter.cxx.o
[ 65%] Building CXX object Modules/Core/Common/src/CMakeFiles/ITKCommon.dir/itkProgressTransformer.cxx.o
[ 65%] Building CXX object Modules/Core/Common/src/CMakeFiles/ITKCommon.dir/itkQuadraticTriangleCellTopology.cxx.o
[ 65%] Building CXX object Modules/Core/Common/src/CMakeFiles/ITKCommon.dir/itkQuadrilateralCellTopology.cxx.o
[ 65%] Building CXX object Modules/Core/Common/src/CMakeFiles/ITKCommon.dir/itkRandomVariateGeneratorBase.cxx.o
[ 65%] Building CXX object Modules/Core/Common/src/CMakeFiles/ITKCommon.dir/itkRealTimeClock.cxx.o
[ 65%] Building CXX object Modules/Core/Common/src/CMakeFiles/ITKCommon.dir/itkRealTimeInterval.cxx.o
[ 66%] Building CXX object Modules/Core/Common/src/CMakeFiles/ITKCommon.dir/itkRealTimeStamp.cxx.o
[ 66%] Building CXX object Modules/Core/Common/src/CMakeFiles/ITKCommon.dir/itkRegion.cxx.o
[ 66%] Building CXX object Modules/Core/Common/src/CMakeFiles/ITKCommon.dir/itkSimpleFilterWatcher.cxx.o
[ 66%] Building CXX object Modules/Core/Common/src/CMakeFiles/ITKCommon.dir/itkSingleton.cxx.o
[ 66%] Building CXX object Modules/Core/Common/src/CMakeFiles/ITKCommon.dir/itkSmapsFileParser.cxx.o
[ 66%] Building CXX object Modules/Core/Common/src/CMakeFiles/ITKCommon.dir/itkSpatialOrientation.cxx.o
[ 66%] Building CXX object Modules/Core/Common/src/CMakeFiles/ITKCommon.dir/itkSpatialOrientationAdapter.cxx.o
[ 66%] Building CXX object Modules/Core/Common/src/CMakeFiles/ITKCommon.dir/itkStdStreamLogOutput.cxx.o
[ 66%] Building CXX object Modules/Core/Common/src/CMakeFiles/ITKCommon.dir/itkStoppingCriterionBase.cxx.o
[ 67%] Building CXX object Modules/Core/Common/src/CMakeFiles/ITKCommon.dir/itkStreamingProcessObject.cxx.o
[ 67%] Building CXX object Modules/Core/Common/src/CMakeFiles/ITKCommon.dir/itkStringConvert.cxx.o
[ 67%] Building CXX object Modules/Core/Common/src/CMakeFiles/ITKCommon.dir/itkSymmetricEigenAnalysis.cxx.o
[ 67%] Building CXX object Modules/Core/Common/src/CMakeFiles/ITKCommon.dir/itkTetrahedronCellTopology.cxx.o
[ 67%] Building CXX object Modules/Core/Common/src/CMakeFiles/ITKCommon.dir/itkTextOutput.cxx.o
[ 67%] Building CXX object Modules/Core/Common/src/CMakeFiles/ITKCommon.dir/itkThreadedIndexedContainerPartitioner.cxx.o
[ 67%] Building CXX object Modules/Core/Common/src/CMakeFiles/ITKCommon.dir/itkThreadLogger.cxx.o
[ 67%] Building CXX object Modules/Core/Common/src/CMakeFiles/ITKCommon.dir/itkTimeProbe.cxx.o
[ 67%] Building CXX object Modules/Core/Common/src/CMakeFiles/ITKCommon.dir/itkTimeProbesCollectorBase.cxx.o
[ 68%] Building CXX object Modules/Core/Common/src/CMakeFiles/ITKCommon.dir/itkTimeStamp.cxx.o
[ 68%] Building CXX object Modules/Core/Common/src/CMakeFiles/ITKCommon.dir/itkTotalProgressReporter.cxx.o
[ 68%] Building CXX object Modules/Core/Common/src/CMakeFiles/ITKCommon.dir/itkTriangleCellTopology.cxx.o
[ 68%] Building CXX object Modules/Core/Common/src/CMakeFiles/ITKCommon.dir/itkVector.cxx.o
[ 68%] Building CXX object Modules/Core/Common/src/CMakeFiles/ITKCommon.dir/itkVersion.cxx.o
[ 68%] Building CXX object Modules/Core/Common/src/CMakeFiles/ITKCommon.dir/itkXMLFileOutputWindow.cxx.o
[ 68%] Building CXX object Modules/Core/Common/src/CMakeFiles/ITKCommon.dir/itkXMLFilterWatcher.cxx.o
[ 68%] Building CXX object Modules/Core/Common/src/CMakeFiles/ITKCommon.dir/itkPoolMultiThreader.cxx.o
[ 68%] Building CXX object Modules/Core/Common/src/CMakeFiles/ITKCommon.dir/itkThreadPool.cxx.o
[ 69%] Building CXX object Modules/Core/Common/src/CMakeFiles/ITKCommon.dir/itkDynamicLoader.cxx.o
[ 69%] Linking CXX shared library ../../../../lib/libITKCommon-6.0.so
[ 69%] Built target ITKCommon
[ 69%] Building CXX object Modules/Bridge/VTK/src/CMakeFiles/ITKVTK.dir/itkVTKImageExportBase.cxx.o
[ 69%] Building CXX object Modules/Numerics/Statistics/src/CMakeFiles/ITKStatistics.dir/itkChiSquareDistribution.cxx.o
[ 69%] Building CXX object Modules/Segmentation/KLMRegionGrowing/src/CMakeFiles/ITKKLMRegionGrowing.dir/itkSegmentationRegion.cxx.o
[ 69%] Building CXX object Modules/Numerics/Statistics/src/CMakeFiles/ITKStatistics.dir/itkExpectationMaximizationMixtureModelEstimator.cxx.o
[ 71%] Building CXX object Modules/Numerics/Polynomials/src/CMakeFiles/ITKPolynomials.dir/itkMultivariateLegendrePolynomial.cxx.o
[ 71%] Building CXX object Modules/Filtering/Path/src/CMakeFiles/ITKPath.dir/itkOrthogonallyCorrected2DParametricPath.cxx.o
[ 71%] Building CXX object Modules/Segmentation/KLMRegionGrowing/src/CMakeFiles/ITKKLMRegionGrowing.dir/itkKLMSegmentationRegion.cxx.o
[ 71%] Building CXX object Modules/Core/Transform/src/CMakeFiles/ITKTransform.dir/itkTransformBase.cxx.o
[ 71%] Building CXX object Modules/Numerics/Statistics/src/CMakeFiles/ITKStatistics.dir/itkDenseFrequencyContainer2.cxx.o
[ 71%] Building CXX object Modules/Numerics/Statistics/src/CMakeFiles/ITKStatistics.dir/itkGaussianDistribution.cxx.o
[ 71%] Built target ITKCommon-all
[ 71%] Building CXX object Modules/IO/ImageBase/src/CMakeFiles/ITKIOImageBase.dir/itkImageFileReaderException.cxx.o
[ 71%] Building CXX object Modules/Filtering/Path/src/CMakeFiles/ITKPath.dir/itkChainCodePath2D.cxx.o
[ 71%] Building CXX object Modules/Filtering/FFT/src/CMakeFiles/ITKFFT.dir/itkComplexToComplexFFTImageFilter.cxx.o
[ 71%] Building CXX object Modules/Segmentation/KLMRegionGrowing/src/CMakeFiles/ITKKLMRegionGrowing.dir/itkSegmentationBorder.cxx.o
[ 71%] Building CXX object Modules/Numerics/Statistics/src/CMakeFiles/ITKStatistics.dir/itkHistogramToRunLengthFeaturesFilter.cxx.o
[ 71%] Building CXX object Modules/IO/ImageBase/src/CMakeFiles/ITKIOImageBase.dir/itkImageSeriesWriter.cxx.o
[ 71%] Building CXX object Modules/Numerics/Statistics/src/CMakeFiles/ITKStatistics.dir/itkDecisionRule.cxx.o
[ 71%] Building CXX object Modules/Segmentation/KLMRegionGrowing/src/CMakeFiles/ITKKLMRegionGrowing.dir/itkKLMSegmentationBorder.cxx.o
[ 72%] Building CXX object Modules/Video/Core/src/CMakeFiles/ITKVideoCore.dir/itkTemporalDataObject.cxx.o
[ 72%] Building CXX object Modules/Video/Core/src/CMakeFiles/ITKVideoCore.dir/itkTemporalProcessObject.cxx.o
[ 72%] Building CXX object Modules/IO/ImageBase/src/CMakeFiles/ITKIOImageBase.dir/itkImageFileWriter.cxx.o
[ 72%] Linking CXX shared library ../../../../lib/libITKTransform-6.0.so
[ 72%] Building CXX object Modules/Numerics/Statistics/src/CMakeFiles/ITKStatistics.dir/itkHistogramToTextureFeaturesFilter.cxx.o
[ 72%] Building CXX object Modules/Filtering/FFT/src/CMakeFiles/ITKFFT.dir/itkPocketFFTImageFilterInitFactory.cxx.o
[ 72%] Building CXX object Modules/Video/Core/src/CMakeFiles/ITKVideoCore.dir/itkTemporalRegion.cxx.o
[ 72%] Linking CXX shared library ../../../../lib/libITKPolynomials-6.0.so
[ 72%] Building CXX object Modules/Numerics/Statistics/src/CMakeFiles/ITKStatistics.dir/itkMaximumDecisionRule.cxx.o
[ 72%] Linking CXX shared library ../../../../lib/libITKVTK-6.0.so
[ 73%] Building CXX object Modules/Filtering/FFT/src/CMakeFiles/ITKFFT.dir/itkVnlFFTImageFilterInitFactory.cxx.o
[ 73%] Linking CXX shared library ../../../../lib/libITKKLMRegionGrowing-6.0.so
[ 73%] Built target ITKTransform
[ 73%] Built target ITKTransform-all
[ 73%] Building CXX object Modules/IO/ImageBase/src/CMakeFiles/ITKIOImageBase.dir/itkArchetypeSeriesFileNames.cxx.o
[ 73%] Building CXX object Modules/IO/ImageBase/src/CMakeFiles/ITKIOImageBase.dir/itkImageIOFactory.cxx.o
[ 74%] Building CXX object Modules/IO/ImageBase/src/CMakeFiles/ITKIOImageBase.dir/itkIOCommon.cxx.o
[ 74%] Building CXX object Modules/IO/ImageBase/src/CMakeFiles/ITKIOImageBase.dir/itkNumericSeriesFileNames.cxx.o
[ 74%] Built target ITKVTK
[ 74%] Building CXX object Modules/IO/ImageBase/src/CMakeFiles/ITKIOImageBase.dir/itkImageIOBase.cxx.o
[ 74%] Built target ITKPolynomials
[ 74%] Building CXX object Modules/Numerics/Statistics/src/CMakeFiles/ITKStatistics.dir/itkMaximumRatioDecisionRule.cxx.o
[ 74%] Building CXX object Modules/Numerics/Statistics/src/CMakeFiles/ITKStatistics.dir/itkMinimumDecisionRule.cxx.o
[ 75%] Building CXX object Modules/Numerics/Statistics/src/CMakeFiles/ITKStatistics.dir/itkNormalVariateGenerator.cxx.o
[ 75%] Building CXX object Modules/IO/ImageBase/src/CMakeFiles/ITKIOImageBase.dir/itkRegularExpressionSeriesFileNames.cxx.o
[ 75%] Linking CXX shared library ../../../../lib/libITKVideoCore-6.0.so
[ 75%] Linking CXX shared library ../../../../lib/libITKPath-6.0.so
[ 75%] Building CXX object Modules/IO/ImageBase/src/CMakeFiles/ITKIOImageBase.dir/itkStreamingImageIOBase.cxx.o
[ 75%] Built target ITKVTK-all
[ 75%] Built target ITKPolynomials-all
[ 75%] Building CXX object Modules/Numerics/Statistics/src/CMakeFiles/ITKStatistics.dir/itkProbabilityDistribution.cxx.o
[ 75%] Building CXX object Modules/IO/ImageBase/src/CMakeFiles/ITKIOImageBase.dir/itkRawImageIOUtilities.cxx.o
[ 75%] Building CXX object Modules/Numerics/Statistics/src/CMakeFiles/ITKStatistics.dir/itkSparseFrequencyContainer2.cxx.o
[ 75%] Building CXX object Modules/Numerics/Statistics/src/CMakeFiles/ITKStatistics.dir/itkTDistribution.cxx.o
[ 75%] Built target ITKKLMRegionGrowing
[ 75%] Built target ITKKLMRegionGrowing-all
[ 75%] Built target ITKPath
[ 75%] Built target ITKPath-all
[ 75%] Built target ITKVideoCore
[ 75%] Built target ITKVideoCore-all
[ 75%] Linking CXX shared library ../../../../lib/libITKStatistics-6.0.so
[ 75%] Linking CXX shared library ../../../../lib/libITKIOImageBase-6.0.so
[ 75%] Built target ITKStatistics
[ 75%] Building CXX object Modules/Core/SpatialObjects/src/CMakeFiles/ITKSpatialObjects.dir/itkSpatialObjectFactoryBase.cxx.o
[ 75%] Building CXX object Modules/IO/TransformFactory/src/CMakeFiles/ITKTransformFactory.dir/itkTransformFactoryBase.cxx.o
[ 75%] Building CXX object Modules/Core/SpatialObjects/src/CMakeFiles/ITKSpatialObjects.dir/itkContourSpatialObject.cxx.o
[ 75%] Building CXX object Modules/IO/TransformFactory/src/CMakeFiles/ITKTransformFactory.dir/itkTransformFactoryBaseRegisterDoubleParameters.cxx.o
[ 75%] Built target ITKStatistics-all
[ 75%] Building CXX object Modules/Core/Mesh/src/CMakeFiles/ITKMesh.dir/itkSimplexMeshGeometry.cxx.o
[ 75%] Building CXX object Modules/Core/SpatialObjects/src/CMakeFiles/ITKSpatialObjects.dir/itkSpatialObjectProperty.cxx.o
[ 75%] Building CXX object Modules/IO/TransformFactory/src/CMakeFiles/ITKTransformFactory.dir/itkTransformFactoryBaseRegisterFloatParameters.cxx.o
[ 75%] Building CXX object Modules/Core/SpatialObjects/src/CMakeFiles/ITKSpatialObjects.dir/itkDTITubeSpatialObjectPoint.cxx.o
[ 75%] Building CXX object Modules/Core/Mesh/src/CMakeFiles/ITKMesh.dir/itkMeshRegion.cxx.o
[ 75%] Building CXX object Modules/Numerics/Optimizers/src/CMakeFiles/ITKOptimizers.dir/itkConjugateGradientOptimizer.cxx.o
[ 75%] Building CXX object Modules/Numerics/Optimizers/src/CMakeFiles/ITKOptimizers.dir/itkCumulativeGaussianOptimizer.cxx.o
[ 75%] Building CXX object Modules/Numerics/Optimizers/src/CMakeFiles/ITKOptimizers.dir/itkAmoebaOptimizer.cxx.o
[ 75%] Building CXX object Modules/Numerics/Optimizers/src/CMakeFiles/ITKOptimizers.dir/itkCumulativeGaussianCostFunction.cxx.o
[ 75%] Building CXX object Modules/Core/SpatialObjects/src/CMakeFiles/ITKSpatialObjects.dir/itkMetaEvent.cxx.o
[ 75%] Building CXX object Modules/Core/Mesh/src/CMakeFiles/ITKMesh.dir/itkTriangleMeshCurvatureCalculator.cxx.o
[ 76%] Building CXX object Modules/Numerics/Optimizers/src/CMakeFiles/ITKOptimizers.dir/itkEigenLevenbergMarquardtEngine.cxx.o
[ 76%] Building CXX object Modules/Numerics/Optimizers/src/CMakeFiles/ITKOptimizers.dir/itkExhaustiveOptimizer.cxx.o
[ 76%] Building CXX object Modules/Numerics/Optimizers/src/CMakeFiles/ITKOptimizers.dir/itkFRPROptimizer.cxx.o
[ 76%] Building CXX object Modules/Numerics/Optimizers/src/CMakeFiles/ITKOptimizers.dir/itkGradientDescentOptimizer.cxx.o
[ 76%] Built target ITKIOImageBase
[ 76%] Built target ITKIOImageBase-all
[ 76%] Building CXX object Modules/Numerics/Optimizers/src/CMakeFiles/ITKOptimizers.dir/itkInitializationBiasedParticleSwarmOptimizer.cxx.o
[ 76%] Building CXX object Modules/Numerics/Optimizers/src/CMakeFiles/ITKOptimizers.dir/itkLBFGSBOptimizer.cxx.o
[ 77%] Building CXX object Modules/IO/BMP/src/CMakeFiles/ITKIOBMP.dir/itkBMPImageIO.cxx.o
[ 77%] Building CXX object Modules/IO/BMP/src/CMakeFiles/ITKIOBMP.dir/itkBMPImageIOFactory.cxx.o
[ 77%] Building CXX object Modules/Numerics/Optimizers/src/CMakeFiles/ITKOptimizers.dir/itkLBFGSOptimizer.cxx.o
[ 77%] Building CXX object Modules/IO/BioRad/src/CMakeFiles/ITKIOBioRad.dir/itkBioRadImageIO.cxx.o
[ 77%] Building CXX object Modules/Numerics/Optimizers/src/CMakeFiles/ITKOptimizers.dir/itkLevenbergMarquardtOptimizer.cxx.o
[ 77%] Building CXX object Modules/IO/BioRad/src/CMakeFiles/ITKIOBioRad.dir/itkBioRadImageIOFactory.cxx.o
[ 77%] Linking CXX shared library ../../../../lib/libITKMesh-6.0.so
[ 78%] Building CXX object Modules/Numerics/Optimizers/src/CMakeFiles/ITKOptimizers.dir/itkMultipleValuedCostFunction.cxx.o
[ 78%] Building CXX object Modules/Numerics/Optimizers/src/CMakeFiles/ITKOptimizers.dir/itkMultipleValuedNonLinearOptimizer.cxx.o
[ 78%] Building CXX object Modules/Numerics/Optimizers/src/CMakeFiles/ITKOptimizers.dir/itkMultipleValuedNonLinearVnlOptimizer.cxx.o
[ 78%] Building CXX object Modules/Numerics/Optimizers/src/CMakeFiles/ITKOptimizers.dir/itkMultipleValuedVnlCostFunctionAdaptor.cxx.o
[ 78%] Building CXX object Modules/Numerics/Optimizers/src/CMakeFiles/ITKOptimizers.dir/itkNonLinearOptimizer.cxx.o
[ 78%] Building CXX object Modules/IO/Bruker/src/CMakeFiles/ITKIOBruker.dir/itkBruker2dseqImageIO.cxx.o
[ 78%] Building CXX object Modules/Numerics/Optimizers/src/CMakeFiles/ITKOptimizers.dir/itkOnePlusOneEvolutionaryOptimizer.cxx.o
[ 78%] Building CXX object Modules/IO/CSV/src/CMakeFiles/ITKIOCSV.dir/itkCSVFileReaderBase.cxx.o
[ 78%] Building CXX object Modules/IO/Bruker/src/CMakeFiles/ITKIOBruker.dir/itkBruker2dseqImageIOFactory.cxx.o
[ 78%] Building CXX object Modules/IO/GDCM/src/CMakeFiles/ITKIOGDCM.dir/itkGDCMImageIO.cxx.o
[ 78%] Built target ITKMesh
[ 78%] Building CXX object Modules/IO/IPL/src/CMakeFiles/ITKIOIPL.dir/itkIPLCommonImageIO.cxx.o
[ 78%] Building CXX object Modules/IO/IPL/src/CMakeFiles/ITKIOIPL.dir/itkIPLFileNameList.cxx.o
[ 78%] Building CXX object Modules/Numerics/Optimizers/src/CMakeFiles/ITKOptimizers.dir/itkOptimizer.cxx.o
[ 78%] Linking CXX shared library ../../../../lib/libITKIOBMP-6.0.so
[ 78%] Building CXX object Modules/IO/GDCM/src/CMakeFiles/ITKIOGDCM.dir/itkGDCMImageIOFactory.cxx.o
[ 78%] Building CXX object Modules/Numerics/Optimizers/src/CMakeFiles/ITKOptimizers.dir/itkParticleSwarmOptimizer.cxx.o
[ 78%] Building CXX object Modules/IO/GIPL/src/CMakeFiles/ITKIOGIPL.dir/itkGiplImageIO.cxx.o
[ 78%] Building CXX object Modules/IO/GDCM/src/CMakeFiles/ITKIOGDCM.dir/itkGDCMSeriesFileNames.cxx.o
[ 79%] Linking CXX shared library ../../../../lib/libITKIOCSV-6.0.so
[ 79%] Linking CXX shared library ../../../../lib/libITKIOBioRad-6.0.so
[ 79%] Building CXX object Modules/IO/GIPL/src/CMakeFiles/ITKIOGIPL.dir/itkGiplImageIOFactory.cxx.o
[ 79%] Building CXX object Modules/IO/HDF5/src/CMakeFiles/ITKIOHDF5.dir/itkHDF5ImageIO.cxx.o
[ 79%] Building CXX object Modules/IO/JPEG/src/CMakeFiles/ITKIOJPEG.dir/itkJPEGImageIO.cxx.o
[ 79%] Built target ITKIOCSV
[ 79%] Built target ITKIOBMP
[ 79%] Building CXX object Modules/IO/JPEG/src/CMakeFiles/ITKIOJPEG.dir/itkJPEGImageIOFactory.cxx.o
[ 79%] Building CXX object Modules/IO/JPEG2000/src/CMakeFiles/ITKIOJPEG2000.dir/itkJPEG2000ImageIO.cxx.o
[ 79%] Built target ITKIOBioRad
[ 79%] Building CXX object Modules/Numerics/Optimizers/src/CMakeFiles/ITKOptimizers.dir/itkParticleSwarmOptimizerBase.cxx.o
[ 79%] Building CXX object Modules/IO/TIFF/src/CMakeFiles/ITKIOTIFF.dir/itkTIFFImageIO.cxx.o
[ 80%] Building CXX object Modules/IO/TIFF/src/CMakeFiles/ITKIOTIFF.dir/itkTIFFImageIOFactory.cxx.o
[ 80%] Building CXX object Modules/IO/HDF5/src/CMakeFiles/ITKIOHDF5.dir/itkHDF5ImageIOFactory.cxx.o
[ 80%] Building CXX object Modules/IO/TIFF/src/CMakeFiles/ITKIOTIFF.dir/itkTIFFReaderInternal.cxx.o
[ 80%] Linking CXX shared library ../../../../lib/libITKSpatialObjects-6.0.so
[ 80%] Linking CXX shared library ../../../../lib/libITKIOIPL-6.0.so
[ 80%] Building CXX object Modules/IO/JPEG2000/src/CMakeFiles/ITKIOJPEG2000.dir/itkJPEG2000ImageIOFactory.cxx.o
[ 80%] Linking CXX shared library ../../../../lib/libITKIOGIPL-6.0.so
[ 80%] Linking CXX shared library ../../../../lib/libITKIOBruker-6.0.so
[ 80%] Building CXX object Modules/IO/MINC/src/CMakeFiles/ITKIOMINC.dir/itkMINCImageIO.cxx.o
[ 81%] Building CXX object Modules/Numerics/Optimizers/src/CMakeFiles/ITKOptimizers.dir/itkPowellOptimizer.cxx.o
[ 82%] Linking CXX shared library ../../../../lib/libITKIOJPEG-6.0.so
[ 82%] Building CXX object Modules/Numerics/Optimizers/src/CMakeFiles/ITKOptimizers.dir/itkQuaternionRigidTransformGradientDescentOptimizer.cxx.o
[ 82%] Building CXX object Modules/Numerics/Optimizers/src/CMakeFiles/ITKOptimizers.dir/itkRegularStepGradientDescentBaseOptimizer.cxx.o
[ 82%] Building CXX object Modules/IO/MRC/src/CMakeFiles/ITKIOMRC.dir/itkMRCHeaderObject.cxx.o
[ 82%] Built target ITKIOGIPL
[ 82%] Building CXX object Modules/Numerics/Optimizers/src/CMakeFiles/ITKOptimizers.dir/itkRegularStepGradientDescentOptimizer.cxx.o
[ 82%] Linking CXX shared library ../../../../lib/libITKIOGDCM-6.0.so
[ 82%] Linking CXX shared library ../../../../lib/libITKIOJPEG2000-6.0.so
[ 82%] Built target ITKIOJPEG
[ 82%] Building CXX object Modules/Numerics/Optimizers/src/CMakeFiles/ITKOptimizers.dir/itkSingleValuedCostFunction.cxx.o
[ 82%] Building CXX object Modules/IO/MRC/src/CMakeFiles/ITKIOMRC.dir/itkMRCImageIO.cxx.o
[ 82%] Building CXX object Modules/IO/MeshBase/src/CMakeFiles/ITKIOMeshBase.dir/itkMeshFileReaderException.cxx.o
[ 82%] Building CXX object Modules/IO/Meta/src/CMakeFiles/ITKIOMeta.dir/itkMetaArrayReader.cxx.o
[ 82%] Building CXX object Modules/IO/MINC/src/CMakeFiles/ITKIOMINC.dir/itkMINCImageIOFactory.cxx.o
[ 82%] Linking CXX shared library ../../../../lib/libITKIOTIFF-6.0.so
[ 83%] Linking CXX shared library ../../../../lib/libITKIOHDF5-6.0.so
[ 83%] Building CXX object Modules/Numerics/Optimizers/src/CMakeFiles/ITKOptimizers.dir/itkSingleValuedNonLinearOptimizer.cxx.o
[ 84%] Building CXX object Modules/IO/MeshBase/src/CMakeFiles/ITKIOMeshBase.dir/itkMeshFileWriterException.cxx.o
[ 84%] Building CXX object Modules/IO/MeshBase/src/CMakeFiles/ITKIOMeshBase.dir/itkMeshIOBase.cxx.o
[ 84%] Built target ITKIOIPL
[ 84%] Building CXX object Modules/IO/MeshBase/src/CMakeFiles/ITKIOMeshBase.dir/itkMeshIOFactory.cxx.o
[ 84%] Building CXX object Modules/Numerics/Optimizers/src/CMakeFiles/ITKOptimizers.dir/itkSingleValuedNonLinearVnlOptimizer.cxx.o
[ 84%] Building CXX object Modules/IO/Meta/src/CMakeFiles/ITKIOMeta.dir/itkMetaArrayWriter.cxx.o
[ 84%] Building CXX object Modules/IO/MRC/src/CMakeFiles/ITKIOMRC.dir/itkMRCImageIOFactory.cxx.o
[ 84%] Building CXX object Modules/IO/Meta/src/CMakeFiles/ITKIOMeta.dir/itkMetaImageIO.cxx.o
[ 84%] Building CXX object Modules/Numerics/Optimizers/src/CMakeFiles/ITKOptimizers.dir/itkSingleValuedVnlCostFunctionAdaptor.cxx.o
[ 85%] Linking CXX shared library ../../../../lib/libITKIOMINC-6.0.so
[ 86%] Building CXX object Modules/IO/NIFTI/src/CMakeFiles/ITKIONIFTI.dir/itkNiftiImageIO.cxx.o
[ 86%] Building CXX object Modules/IO/Meta/src/CMakeFiles/ITKIOMeta.dir/itkMetaImageIOFactory.cxx.o
[ 86%] Built target ITKSpatialObjects
[ 86%] Built target ITKIOJPEG2000
[ 86%] Building CXX object Modules/Numerics/Optimizers/src/CMakeFiles/ITKOptimizers.dir/itkSPSAOptimizer.cxx.o
[ 86%] Building CXX object Modules/IO/NIFTI/src/CMakeFiles/ITKIONIFTI.dir/itkNiftiImageIOFactory.cxx.o
[ 87%] Building CXX object Modules/Numerics/Optimizers/src/CMakeFiles/ITKOptimizers.dir/itkVersorTransformOptimizer.cxx.o
[ 87%] Linking CXX shared library ../../../../lib/libITKIOMeshBase-6.0.so
[ 87%] Building CXX object Modules/IO/NRRD/src/CMakeFiles/ITKIONRRD.dir/itkNrrdImageIO.cxx.o
[ 87%] Building CXX object Modules/IO/NRRD/src/CMakeFiles/ITKIONRRD.dir/itkNrrdImageIOFactory.cxx.o
[ 87%] Built target ITKIOBruker
[ 87%] Building CXX object Modules/IO/PNG/src/CMakeFiles/ITKIOPNG.dir/itkPNGImageIO.cxx.o
[ 87%] Linking CXX shared library ../../../../lib/libITKFFT-6.0.so
[ 87%] Linking CXX shared library ../../../../lib/libITKIOMRC-6.0.so
[ 88%] Building CXX object Modules/IO/Siemens/src/CMakeFiles/ITKIOSiemens.dir/itkSiemensVisionImageIO.cxx.o
[ 88%] Built target ITKIOTIFF
[ 88%] Building CXX object Modules/IO/Siemens/src/CMakeFiles/ITKIOSiemens.dir/itkSiemensVisionImageIOFactory.cxx.o
[ 88%] Building CXX object Modules/IO/PNG/src/CMakeFiles/ITKIOPNG.dir/itkPNGImageIOFactory.cxx.o
[ 88%] Built target ITKIOGDCM
[ 88%] Building CXX object Modules/IO/XML/src/CMakeFiles/ITKIOXML.dir/itkDOMNode.cxx.o
[ 89%] Building CXX object Modules/IO/XML/src/CMakeFiles/ITKIOXML.dir/itkDOMNodeXMLReader.cxx.o
[ 89%] Built target ITKIOMeshBase
[ 89%] Building CXX object Modules/IO/Stimulate/src/CMakeFiles/ITKIOStimulate.dir/itkStimulateImageIO.cxx.o
[ 89%] Building CXX object Modules/IO/XML/src/CMakeFiles/ITKIOXML.dir/itkDOMNodeXMLWriter.cxx.o
[ 89%] Building CXX object Modules/IO/VTK/src/CMakeFiles/ITKIOVTK.dir/itkVTKImageIO.cxx.o
[ 89%] Built target ITKIOHDF5
[ 89%] Building CXX object Modules/IO/Stimulate/src/CMakeFiles/ITKIOStimulate.dir/itkStimulateImageIOFactory.cxx.o
[ 89%] Linking CXX shared library ../../../../lib/libITKOptimizers-6.0.so
[ 89%] Linking CXX shared library ../../../../lib/libITKIOMeta-6.0.so
[ 90%] Building CXX object Modules/Segmentation/MarkovRandomFieldsClassifiers/src/CMakeFiles/ITKMarkovRandomFieldsClassifiers.dir/itkMRFImageFilter.cxx.o
[ 90%] Building CXX object Modules/IO/XML/src/CMakeFiles/ITKIOXML.dir/itkFancyString.cxx.o
[ 90%] Built target ITKIOMRC
[ 90%] Building CXX object Modules/Filtering/QuadEdgeMeshFiltering/src/CMakeFiles/ITKQuadEdgeMeshFiltering.dir/itkBorderQuadEdgeMeshFilter.cxx.o
[ 90%] Building CXX object Modules/Filtering/QuadEdgeMeshFiltering/src/CMakeFiles/ITKQuadEdgeMeshFiltering.dir/itkLaplacianDeformationQuadEdgeMeshFilter.cxx.o
[ 90%] Building CXX object Modules/IO/XML/src/CMakeFiles/ITKIOXML.dir/itkStringTools.cxx.o
[ 90%] Linking CXX shared library ../../../../lib/libITKIOPNG-6.0.so
[ 90%] Linking CXX shared library ../../../../lib/libITKIONIFTI-6.0.so
[ 90%] Linking CXX shared library ../../../../lib/libITKIOSiemens-6.0.so
[ 90%] Linking CXX shared library ../../../../lib/libITKIONRRD-6.0.so
[ 90%] Building CXX object Modules/IO/XML/src/CMakeFiles/ITKIOXML.dir/itkXMLFile.cxx.o
[ 91%] Building CXX object Modules/Segmentation/RegionGrowing/src/CMakeFiles/ITKRegionGrowing.dir/itkConnectedThresholdImageFilter.cxx.o
[ 91%] Linking CXX shared library ../../../../lib/libITKIOStimulate-6.0.so
[ 91%] Built target ITKIOMINC
/usr/src/debug/itk-lite-git/ITK/Modules/ThirdParty/PocketFFT/src/itkpocketfft/pocketfft_hdronly.h: In member function ‘operator()’:
/usr/src/debug/itk-lite-git/ITK/Modules/ThirdParty/PocketFFT/src/itkpocketfft/pocketfft_hdronly.h:3533:24: warning: ‘it$p_o$’ may be used uninitialized [-Wmaybe-uninitialized]
In member function ‘operator[]’,
    inlined from ‘operator()’ at /usr/src/debug/itk-lite-git/ITK/Modules/ThirdParty/PocketFFT/src/itkpocketfft/pocketfft_hdronly.h:3541:28:
/usr/src/debug/itk-lite-git/ITK/Modules/ThirdParty/PocketFFT/src/itkpocketfft/pocketfft_hdronly.h:3035:47: warning: ‘it$p_i$’ may be used uninitialized [-Wmaybe-uninitialized]
/usr/src/debug/itk-lite-git/ITK/Modules/ThirdParty/PocketFFT/src/itkpocketfft/pocketfft_hdronly.h: In member function ‘operator()’:
/usr/src/debug/itk-lite-git/ITK/Modules/ThirdParty/PocketFFT/src/itkpocketfft/pocketfft_hdronly.h:3533:24: note: ‘it$p_i$’ was declared here
[ 91%] Building CXX object Modules/IO/VTK/src/CMakeFiles/ITKIOVTK.dir/itkVTKImageIOFactory.cxx.o
[ 91%] Built target ITKIOPNG
[ 91%] Built target ITKIOSiemens
[ 91%] Building CXX object Modules/Filtering/QuadEdgeMeshFiltering/src/CMakeFiles/ITKQuadEdgeMeshFiltering.dir/itkNormalQuadEdgeMeshFilter.cxx.o
[ 91%] Building CXX object Modules/Nonunit/Review/src/CMakeFiles/ITKReview.dir/itkVoxBoCUBImageIO.cxx.o
[ 91%] Building CXX object Modules/Video/IO/src/CMakeFiles/ITKVideoIO.dir/itkFileListVideoIO.cxx.o
[ 91%] Linking CXX shared library ../../../../lib/libITKIOXML-6.0.so
[ 91%] Building CXX object Modules/Video/IO/src/CMakeFiles/ITKVideoIO.dir/itkFileListVideoIOFactory.cxx.o
[ 91%] Linking CXX shared library ../../../../lib/libITKMarkovRandomFieldsClassifiers-6.0.so
In member function ‘operator[]’,
    inlined from ‘operator()’ at /usr/src/debug/itk-lite-git/ITK/Modules/ThirdParty/PocketFFT/src/itkpocketfft/pocketfft_hdronly.h:3488:14:
/usr/src/debug/itk-lite-git/ITK/Modules/ThirdParty/PocketFFT/src/itkpocketfft/pocketfft_hdronly.h:3045:71: warning: ‘it$p_o$’ may be used uninitialized [-Wmaybe-uninitialized]
/usr/src/debug/itk-lite-git/ITK/Modules/ThirdParty/PocketFFT/src/itkpocketfft/pocketfft_hdronly.h: In member function ‘operator()’:
/usr/src/debug/itk-lite-git/ITK/Modules/ThirdParty/PocketFFT/src/itkpocketfft/pocketfft_hdronly.h:3478:22: note: ‘it$p_o$’ was declared here
/usr/src/debug/itk-lite-git/ITK/Modules/ThirdParty/PocketFFT/src/itkpocketfft/pocketfft_hdronly.h:3478:22: warning: ‘it$p_i$’ may be used uninitialized [-Wmaybe-uninitialized]
[ 91%] Built target ITKMarkovRandomFieldsClassifiers
[ 91%] Building CXX object Modules/Nonunit/Review/src/CMakeFiles/ITKReview.dir/itkVoxBoCUBImageIOFactory.cxx.o
[ 91%] Built target ITKIOStimulate
[ 91%] Built target ITKMesh-all
[ 91%] Linking CXX shared library ../../../../lib/libITKRegionGrowing-6.0.so
[ 91%] Built target ITKRegionGrowing
[ 91%] Building CXX object Modules/IO/VTK/src/CMakeFiles/ITKIOVTK.dir/itkVTIImageIOFactory.cxx.o
[ 91%] Building CXX object Modules/IO/VTK/src/CMakeFiles/ITKIOVTK.dir/itkVTIImageIO.cxx.o
[ 91%] Built target ITKIOMeta
[ 91%] Building CXX object Modules/Video/IO/src/CMakeFiles/ITKVideoIO.dir/itkVideoIOBase.cxx.o
[ 91%] Linking CXX shared library ../../../../lib/libITKQuadEdgeMeshFiltering-6.0.so
[ 91%] Built target ITKSpatialObjects-all
[ 91%] Building CXX object Modules/Video/IO/src/CMakeFiles/ITKVideoIO.dir/itkVideoIOFactory.cxx.o
[ 91%] Built target ITKQuadEdgeMeshFiltering
[ 91%] Building CXX object Modules/Filtering/ImageIntensity/src/CMakeFiles/ITKImageIntensity.dir/itkSymmetricEigenAnalysisImageFilter.cxx.o
[ 91%] Built target ITKIOXML
[ 91%] Building CXX object Modules/Filtering/LabelMap/src/CMakeFiles/ITKLabelMap.dir/itkGeometryUtilities.cxx.o
[ 91%] Building CXX object Modules/Filtering/MathematicalMorphology/src/CMakeFiles/ITKMathematicalMorphology.dir/itkMathematicalMorphologyEnums.cxx.o
[ 91%] Linking CXX shared library ../../../../lib/libITKReview-6.0.so
[ 91%] Building CXX object Modules/Filtering/LabelMap/src/CMakeFiles/ITKLabelMap.dir/itkMergeLabelMapFilter.cxx.o
[ 91%] Linking CXX shared library ../../../../lib/libITKMathematicalMorphology-6.0.so
[ 91%] Building CXX object Modules/Filtering/BiasCorrection/src/CMakeFiles/ITKBiasCorrection.dir/itkCacheableScalarFunction.cxx.o
[ 91%] Built target ITKIONRRD
[ 91%] Building CXX object Modules/Filtering/Denoising/src/CMakeFiles/ITKDenoising.dir/itkPatchBasedDenoisingBaseImageFilter.cxx.o
[ 91%] Building CXX object Modules/Filtering/DiffusionTensorImage/src/CMakeFiles/ITKDiffusionTensorImage.dir/itkDiffusionTensor3DReconstructionImageFilter.cxx.o
[ 91%] Building CXX object Modules/Filtering/BiasCorrection/src/CMakeFiles/ITKBiasCorrection.dir/itkCompositeValleyFunction.cxx.o
[ 91%] Built target ITKMathematicalMorphology
[ 91%] Built target ITKIONIFTI
[ 91%] Built target ITKIOBMP-all
[ 91%] Built target ITKIOBioRad-all
[ 91%] Linking CXX shared library ../../../../lib/libITKVideoIO-6.0.so
[ 92%] Linking CXX shared library ../../../../lib/libITKImageIntensity-6.0.so
[ 92%] Built target ITKIOBruker-all
[ 92%] Linking CXX shared library ../../../../lib/libITKIOVTK-6.0.so
[ 92%] Built target ITKIOCSV-all
[ 92%] Built target ITKIOGDCM-all
[ 92%] Built target ITKIOIPL-all
[ 92%] Built target ITKOptimizers
[ 92%] Built target ITKImageIntensity
[ 92%] Building CXX object Modules/IO/GE/src/CMakeFiles/ITKIOGE.dir/itkGE4ImageIO.cxx.o
[ 92%] Linking CXX shared library ../../../../lib/libITKBiasCorrection-6.0.so
[ 92%] Building CXX object Modules/IO/GE/src/CMakeFiles/ITKIOGE.dir/itkGE4ImageIOFactory.cxx.o
/usr/src/debug/itk-lite-git/ITK/Modules/ThirdParty/PocketFFT/src/itkpocketfft/pocketfft_hdronly.h: In member function ‘operator()’:
/usr/src/debug/itk-lite-git/ITK/Modules/ThirdParty/PocketFFT/src/itkpocketfft/pocketfft_hdronly.h:3330:26: warning: ‘it$p_o$’ may be used uninitialized [-Wmaybe-uninitialized]
/usr/src/debug/itk-lite-git/ITK/Modules/ThirdParty/PocketFFT/src/itkpocketfft/pocketfft_hdronly.h:3330:26: warning: ‘it$p_i$’ may be used uninitialized [-Wmaybe-uninitialized]
[ 92%] Built target ITKIOGIPL-all
[ 92%] Building CXX object Modules/IO/GE/src/CMakeFiles/ITKIOGE.dir/itkGE5ImageIO.cxx.o
[ 92%] Built target ITKBiasCorrection
[ 92%] Built target ITKIOHDF5-all
[ 93%] Building CXX object Modules/IO/GE/src/CMakeFiles/ITKIOGE.dir/itkGE5ImageIOFactory.cxx.o
[ 93%] Linking CXX shared library ../../../../lib/libITKTransformFactory-6.0.so
[ 93%] Built target ITKVideoIO
[ 93%] Built target ITKIOJPEG-all
[ 93%] Linking CXX shared library ../../../../lib/libITKLabelMap-6.0.so
[ 93%] Linking CXX shared library ../../../../lib/libITKDenoising-6.0.so
[ 93%] Built target ITKLabelMap
[ 93%] Built target ITKIOJPEG2000-all
[ 93%] Building CXX object Modules/IO/GE/src/CMakeFiles/ITKIOGE.dir/itkGEAdwImageIO.cxx.o
[ 93%] Built target ITKReview
[ 93%] Building CXX object Modules/IO/GE/src/CMakeFiles/ITKIOGE.dir/itkGEAdwImageIOFactory.cxx.o
[ 93%] Built target ITKDenoising
[ 93%] Built target ITKIOTIFF-all
[ 93%] Building CXX object Modules/IO/LSM/src/CMakeFiles/ITKIOLSM.dir/itkLSMImageIO.cxx.o
[ 93%] Built target ITKIOMINC-all
[ 93%] Building CXX object Modules/IO/LSM/src/CMakeFiles/ITKIOLSM.dir/itkLSMImageIOFactory.cxx.o
[ 93%] Linking CXX shared library ../../../../lib/libITKDiffusionTensorImage-6.0.so
[ 93%] Built target ITKDiffusionTensorImage
[ 93%] Built target ITKIOMRC-all
[ 93%] Built target ITKIOMeshBase-all
[ 93%] Building CXX object Modules/IO/MeshBYU/src/CMakeFiles/ITKIOMeshBYU.dir/itkBYUMeshIO.cxx.o
[ 93%] Building CXX object Modules/IO/MeshFreeSurfer/src/CMakeFiles/ITKIOMeshFreeSurfer.dir/itkFreeSurferAsciiMeshIO.cxx.o
[ 94%] Building CXX object Modules/IO/MeshGifti/src/CMakeFiles/ITKIOMeshGifti.dir/itkGiftiMeshIO.cxx.o
[ 94%] Building CXX object Modules/IO/MeshBYU/src/CMakeFiles/ITKIOMeshBYU.dir/itkBYUMeshIOFactory.cxx.o
[ 94%] Building CXX object Modules/IO/MeshOBJ/src/CMakeFiles/ITKIOMeshOBJ.dir/itkOBJMeshIO.cxx.o
[ 94%] Building CXX object Modules/IO/MeshOFF/src/CMakeFiles/ITKIOMeshOFF.dir/itkOFFMeshIO.cxx.o
[ 94%] Building CXX object Modules/IO/MeshOFF/src/CMakeFiles/ITKIOMeshOFF.dir/itkOFFMeshIOFactory.cxx.o
[ 94%] Building CXX object Modules/IO/MeshFreeSurfer/src/CMakeFiles/ITKIOMeshFreeSurfer.dir/itkFreeSurferAsciiMeshIOFactory.cxx.o
[ 94%] Building CXX object Modules/IO/MeshGifti/src/CMakeFiles/ITKIOMeshGifti.dir/itkGiftiMeshIOFactory.cxx.o
[ 94%] Building CXX object Modules/IO/MeshOBJ/src/CMakeFiles/ITKIOMeshOBJ.dir/itkOBJMeshIOFactory.cxx.o
[ 94%] Building CXX object Modules/IO/MeshFreeSurfer/src/CMakeFiles/ITKIOMeshFreeSurfer.dir/itkFreeSurferBinaryMeshIO.cxx.o
[ 95%] Building CXX object Modules/IO/MeshVTK/src/CMakeFiles/ITKIOMeshVTK.dir/itkVTKPolyDataMeshIO.cxx.o
[ 95%] Linking CXX shared library ../../../../lib/libITKIOGE-6.0.so
[ 95%] Linking CXX shared library ../../../../lib/libITKIOLSM-6.0.so
[ 95%] Built target ITKIOMeta-all
[ 95%] Built target ITKIONIFTI-all
[ 95%] Built target ITKIONRRD-all
[ 95%] Built target ITKIOPNG-all
[ 95%] Built target ITKIOSiemens-all
[ 95%] Built target ITKIOXML-all
[ 95%] Built target ITKIOVTK
[ 95%] Building CXX object Modules/IO/MeshFreeSurfer/src/CMakeFiles/ITKIOMeshFreeSurfer.dir/itkFreeSurferBinaryMeshIOFactory.cxx.o
[ 95%] Building CXX object Modules/IO/SpatialObjects/src/CMakeFiles/ITKIOSpatialObjects.dir/itkPolygonGroupSpatialObjectXMLFile.cxx.o
[ 95%] Building CXX object Modules/IO/MeshVTK/src/CMakeFiles/ITKIOMeshVTK.dir/itkVTKPolyDataMeshIOFactory.cxx.o
[ 95%] Linking CXX shared library ../../../../lib/libITKIOMeshBYU-6.0.so
[ 95%] Built target ITKIOStimulate-all
[ 95%] Built target ITKIOVTK-all
[ 95%] Built target ITKMarkovRandomFieldsClassifiers-all
[ 95%] Building CXX object Modules/Numerics/Optimizersv4/src/CMakeFiles/ITKOptimizersv4.dir/itkAmoebaOptimizerv4.cxx.o
[ 95%] Built target ITKQuadEdgeMeshFiltering-all
[ 95%] Built target ITKRegionGrowing-all
[ 95%] Building CXX object Modules/Numerics/Optimizersv4/src/CMakeFiles/ITKOptimizersv4.dir/itkLBFGS2Optimizerv4.cxx.o
[ 95%] Built target ITKReview-all
[ 95%] Built target ITKVideoIO-all
[ 95%] Built target ITKIOLSM
[ 95%] Built target ITKImageIntensity-all
[ 95%] Built target ITKLabelMap-all
[ 95%] Built target ITKMathematicalMorphology-all
[ 95%] Building CXX object Modules/Numerics/Optimizersv4/src/CMakeFiles/ITKOptimizersv4.dir/itkLBFGSBOptimizerv4.cxx.o
[ 95%] Built target ITKOptimizers-all
[ 95%] Building CXX object Modules/Numerics/Optimizersv4/src/CMakeFiles/ITKOptimizersv4.dir/itkLBFGSOptimizerv4.cxx.o
[ 95%] Linking CXX shared library ../../../../lib/libITKIOMeshGifti-6.0.so
[ 95%] Linking CXX shared library ../../../../lib/libITKIOMeshOFF-6.0.so
[ 95%] Built target ITKBiasCorrection-all
[ 95%] Built target ITKDenoising-all
[ 95%] Built target ITKIOGE
[ 95%] Building CXX object Modules/Numerics/Optimizersv4/src/CMakeFiles/ITKOptimizersv4.dir/itkLBFGSOptimizerv4Base.cxx.o
[ 95%] Linking CXX shared library ../../../../lib/libITKIOMeshOBJ-6.0.so
[ 95%] Linking CXX shared library ../../../../lib/libITKIOMeshFreeSurfer-6.0.so
[ 95%] Built target ITKDiffusionTensorImage-all
[ 95%] Built target ITKIOMeshBYU
[ 95%] Building CXX object Modules/Numerics/Optimizersv4/src/CMakeFiles/ITKOptimizersv4.dir/itkObjectToObjectMetricBase.cxx.o
[ 95%] Built target ITKIOGE-all
[ 95%] Building CXX object Modules/Numerics/Optimizersv4/src/CMakeFiles/ITKOptimizersv4.dir/itkObjectToObjectOptimizerBase.cxx.o
[ 96%] Building CXX object Modules/Numerics/Optimizersv4/src/CMakeFiles/ITKOptimizersv4.dir/itkRegistrationParameterScalesEstimator.cxx.o
[ 96%] Building CXX object Modules/Numerics/Optimizersv4/src/CMakeFiles/ITKOptimizersv4.dir/itkSingleValuedNonLinearVnlOptimizerv4.cxx.o
[ 96%] Building CXX object Modules/Numerics/Optimizersv4/src/CMakeFiles/ITKOptimizersv4.dir/itkSingleValuedVnlCostFunctionAdaptorv4.cxx.o
[ 96%] Built target ITKIOLSM-all
[ 96%] Built target ITKIOMeshBYU-all
[ 96%] Built target ITKFFT
[ 96%] Built target ITKFFT-all
[ 96%] Building CXX object Modules/Filtering/Convolution/src/CMakeFiles/ITKConvolution.dir/itkConvolutionImageFilterBase.cxx.o
[ 96%] Linking CXX shared library ../../../../lib/libITKOptimizersv4-6.0.so
[ 96%] Built target ITKIOMeshOBJ
[ 96%] Built target ITKIOMeshOBJ-all
[ 96%] Built target ITKIOMeshGifti
[ 96%] Built target ITKIOMeshGifti-all
[ 96%] Linking CXX shared library ../../../../lib/libITKConvolution-6.0.so
[ 96%] Linking CXX shared library ../../../../lib/libITKIOSpatialObjects-6.0.so
[ 96%] Built target ITKConvolution
[ 96%] Built target ITKConvolution-all
[ 96%] Building CXX object Modules/Filtering/ImageFeature/src/CMakeFiles/ITKImageFeature.dir/itkMultiScaleHessianBasedMeasureImageFilter.cxx.o
[ 96%] Built target ITKIOMeshFreeSurfer
[ 96%] Built target ITKIOMeshOFF
[ 97%] Building CXX object Modules/Segmentation/Watersheds/src/CMakeFiles/ITKWatersheds.dir/itkOneWayEquivalencyTable.cxx.o
[ 97%] Built target ITKIOMeshFreeSurfer-all
[ 97%] Built target ITKIOMeshOFF-all
[ 97%] Building CXX object Modules/Segmentation/Watersheds/src/CMakeFiles/ITKWatersheds.dir/itkWatershedMiniPipelineProgressCommand.cxx.o
[ 97%] Built target ITKOptimizersv4
[ 97%] Built target ITKOptimizersv4-all
[ 97%] Linking CXX shared library ../../../../lib/libITKWatersheds-6.0.so
[ 97%] Linking CXX shared library ../../../../lib/libITKImageFeature-6.0.so
[ 97%] Built target ITKImageFeature
[ 97%] Built target ITKImageFeature-all
[ 97%] Building CXX object Modules/Segmentation/DeformableMesh/src/CMakeFiles/ITKDeformableMesh.dir/itkDeformableSimplexMesh3DGradientConstraintForceFilter.cxx.o
[ 97%] Built target ITKWatersheds
[ 97%] Building CXX object Modules/Registration/PDEDeformable/src/CMakeFiles/ITKPDEDeformableRegistration.dir/itkESMDemonsRegistrationFunction.cxx.o
[ 97%] Linking CXX shared library ../../../../lib/libITKIOMeshVTK-6.0.so
[ 97%] Built target ITKIOSpatialObjects
[ 97%] Building CXX object Modules/Registration/RegistrationMethodsv4/src/CMakeFiles/ITKRegistrationMethodsv4.dir/itkImageRegistrationMethodv4.cxx.o
[ 97%] Built target ITKWatersheds-all
[ 97%] Building CXX object Modules/Remote/SimpleITKFilters/src/CMakeFiles/SimpleITKFilters.dir/itkDICOMOrientation.cxx.o
[ 97%] Built target ITKIOSpatialObjects-all
[ 97%] Linking CXX shared library ../../../../lib/libITKDeformableMesh-6.0.so
[ 97%] Linking CXX shared library ../../../../lib/libITKPDEDeformableRegistration-6.0.so
[ 97%] Built target ITKDeformableMesh
[ 97%] Built target ITKDeformableMesh-all
[ 97%] Built target ITKPDEDeformableRegistration
[ 97%] Built target ITKPDEDeformableRegistration-all
[ 97%] Linking CXX shared library ../../../../lib/libitkSimpleITKFilters-6.0.so
[ 97%] Linking CXX shared library ../../../../lib/libITKRegistrationMethodsv4-6.0.so
[ 97%] Built target ITKRegistrationMethodsv4
[ 97%] Built target ITKRegistrationMethodsv4-all
[ 97%] Built target ITKTransformFactory
[ 97%] Built target ITKTransformFactory-all
[ 97%] Building CXX object Modules/IO/TransformBase/src/CMakeFiles/ITKIOTransformBase.dir/itkTransformFileReader.cxx.o
[ 97%] Building CXX object Modules/IO/TransformBase/src/CMakeFiles/ITKIOTransformBase.dir/itkCompositeTransformIOHelper.cxx.o
[ 97%] Building CXX object Modules/IO/TransformBase/src/CMakeFiles/ITKIOTransformBase.dir/itkTransformIOBase.cxx.o
[ 97%] Building CXX object Modules/IO/TransformBase/src/CMakeFiles/ITKIOTransformBase.dir/itkTransformIOFactory.cxx.o
[ 97%] Building CXX object Modules/IO/TransformBase/src/CMakeFiles/ITKIOTransformBase.dir/itkTransformFileWriterSpecializations.cxx.o
[ 97%] Built target ITKIOMeshVTK
[ 97%] Building CXX object Modules/Core/TestKernel/src/CMakeFiles/ITKTestKernel.dir/itkTestingExtractSliceImageFilter.cxx.o
[ 97%] Building CXX object Modules/Core/TestKernel/src/CMakeFiles/ITKTestKernel.dir/itkTestDriverInclude.cxx.o
[ 97%] Built target ITKIOMeshVTK-all
[ 97%] Building CXX object Modules/Core/TestKernel/src/CMakeFiles/ITKTestKernel.dir/itkTestDriverIncludeRequiredFactories.cxx.o
[ 97%] Building CXX object Modules/Core/TestKernel/src/CMakeFiles/ITKTestKernel.dir/itkTestingHashImageFilter.cxx.o
[ 97%] Built target SimpleITKFilters
[ 97%] Built target SimpleITKFilters-all
[ 97%] Linking CXX shared library ../../../../lib/libITKIOTransformBase-6.0.so
[ 97%] Built target ITKIOTransformBase
[ 97%] Built target ITKIOTransformBase-all
[ 97%] Building CXX object Modules/IO/TransformMINC/src/CMakeFiles/ITKIOTransformMINC.dir/itkMINCTransformIOFactory.cxx.o
[ 97%] Building CXX object Modules/IO/TransformHDF5/src/CMakeFiles/ITKIOTransformHDF5.dir/itkHDF5TransformIOFactory.cxx.o
[ 97%] Building CXX object Modules/IO/TransformMatlab/src/CMakeFiles/ITKIOTransformMatlab.dir/itkMatlabTransformIOFactory.cxx.o
[ 98%] Building CXX object Modules/IO/TransformInsightLegacy/src/CMakeFiles/ITKIOTransformInsightLegacy.dir/itkTxtTransformIO.cxx.o
[ 98%] Building CXX object Modules/IO/TransformHDF5/src/CMakeFiles/ITKIOTransformHDF5.dir/itkHDF5TransformIO.cxx.o
[ 98%] Building CXX object Modules/IO/TransformMINC/src/CMakeFiles/ITKIOTransformMINC.dir/itkMINCTransformIO.cxx.o
[ 99%] Building CXX object Modules/IO/TransformMatlab/src/CMakeFiles/ITKIOTransformMatlab.dir/itkMatlabTransformIO.cxx.o
[ 99%] Building CXX object Modules/IO/TransformInsightLegacy/src/CMakeFiles/ITKIOTransformInsightLegacy.dir/itkTxtTransformIOFactory.cxx.o
[ 99%] Linking CXX shared library ../../../../lib/libITKIOTransformMatlab-6.0.so
[ 99%] Linking CXX shared library ../../../../lib/libITKIOTransformInsightLegacy-6.0.so
[ 99%] Linking CXX shared library ../../../../lib/libITKIOTransformHDF5-6.0.so
[ 99%] Built target ITKIOTransformMatlab
[ 99%] Built target ITKIOTransformMatlab-all
[ 99%] Built target ITKIOTransformInsightLegacy
[ 99%] Built target ITKIOTransformInsightLegacy-all
[ 99%] Built target ITKIOTransformHDF5
[ 99%] Built target ITKIOTransformHDF5-all
[100%] Linking CXX shared library ../../../../lib/libITKTestKernel-6.0.so
[100%] Linking CXX shared library ../../../../lib/libITKIOTransformMINC-6.0.so
In member function ‘operator[]’,
    inlined from ‘operator()’ at /usr/src/debug/itk-lite-git/ITK/Modules/ThirdParty/PocketFFT/src/itkpocketfft/pocketfft_hdronly.h:3488:14:
/usr/src/debug/itk-lite-git/ITK/Modules/ThirdParty/PocketFFT/src/itkpocketfft/pocketfft_hdronly.h:3045:71: warning: ‘it$p_o$’ may be used uninitialized [-Wmaybe-uninitialized]
/usr/src/debug/itk-lite-git/ITK/Modules/ThirdParty/PocketFFT/src/itkpocketfft/pocketfft_hdronly.h: In member function ‘operator()’:
/usr/src/debug/itk-lite-git/ITK/Modules/ThirdParty/PocketFFT/src/itkpocketfft/pocketfft_hdronly.h:3478:22: note: ‘it$p_o$’ was declared here
/usr/src/debug/itk-lite-git/ITK/Modules/ThirdParty/PocketFFT/src/itkpocketfft/pocketfft_hdronly.h:3478:22: warning: ‘it$p_i$’ may be used uninitialized [-Wmaybe-uninitialized]
/usr/src/debug/itk-lite-git/ITK/Modules/ThirdParty/PocketFFT/src/itkpocketfft/pocketfft_hdronly.h: In member function ‘operator()’:
/usr/src/debug/itk-lite-git/ITK/Modules/ThirdParty/PocketFFT/src/itkpocketfft/pocketfft_hdronly.h:3330:26: warning: ‘it$p_o$’ may be used uninitialized [-Wmaybe-uninitialized]
/usr/src/debug/itk-lite-git/ITK/Modules/ThirdParty/PocketFFT/src/itkpocketfft/pocketfft_hdronly.h:3330:26: warning: ‘it$p_i$’ may be used uninitialized [-Wmaybe-uninitialized]
/usr/src/debug/itk-lite-git/ITK/Modules/ThirdParty/PocketFFT/src/itkpocketfft/pocketfft_hdronly.h: In member function ‘operator()’:
/usr/src/debug/itk-lite-git/ITK/Modules/ThirdParty/PocketFFT/src/itkpocketfft/pocketfft_hdronly.h:3533:24: warning: ‘it$p_o$’ may be used uninitialized [-Wmaybe-uninitialized]
In member function ‘operator[]’,
    inlined from ‘operator()’ at /usr/src/debug/itk-lite-git/ITK/Modules/ThirdParty/PocketFFT/src/itkpocketfft/pocketfft_hdronly.h:3541:28:
/usr/src/debug/itk-lite-git/ITK/Modules/ThirdParty/PocketFFT/src/itkpocketfft/pocketfft_hdronly.h:3035:47: warning: ‘it$p_i$’ may be used uninitialized [-Wmaybe-uninitialized]
/usr/src/debug/itk-lite-git/ITK/Modules/ThirdParty/PocketFFT/src/itkpocketfft/pocketfft_hdronly.h: In member function ‘operator()’:
/usr/src/debug/itk-lite-git/ITK/Modules/ThirdParty/PocketFFT/src/itkpocketfft/pocketfft_hdronly.h:3533:24: note: ‘it$p_i$’ was declared here
[100%] Built target ITKIOTransformMINC
[100%] Built target ITKIOTransformMINC-all
[100%] Built target ITKTestKernel
[100%] Building CXX object Modules/Core/TestKernel/src/CMakeFiles/itkTestDriver.dir/itkTestDriver.cxx.o
[100%] Linking CXX executable ../../../../bin/itkTestDriver
[100%] Built target itkTestDriver
[100%] Built target ITKTestKernel-all
