-- Install configuration: "None"
-- Installing: /build/libminizinc-git/pkg/libminizinc-git/usr/include/minizinc/config.hh
-- Installing: /build/libminizinc-git/pkg/libminizinc-git/usr/lib/libmzn.a
-- Installing: /build/libminizinc-git/pkg/libminizinc-git/usr/share/minizinc
-- Installing: /build/libminizinc-git/pkg/libminizinc-git/usr/share/minizinc/gecode_presolver
-- Installing: /build/libminizinc-git/pkg/libminizinc-git/usr/share/minizinc/gecode_presolver/fzn_global_cardinality.mzn
-- Installing: /build/libminizinc-git/pkg/libminizinc-git/usr/share/minizinc/gecode_presolver/fzn_table_bool.mzn
-- Installing: /build/libminizinc-git/pkg/libminizinc-git/usr/share/minizinc/gecode_presolver/fzn_all_equal_int.mzn
-- Installing: /build/libminizinc-git/pkg/libminizinc-git/usr/share/minizinc/gecode_presolver/fzn_circuit.mzn
-- Installing: /build/libminizinc-git/pkg/libminizinc-git/usr/share/minizinc/gecode_presolver/fzn_regular.mzn
-- Installing: /build/libminizinc-git/pkg/libminizinc-git/usr/share/minizinc/gecode_presolver/fzn_nvalue.mzn
-- Installing: /build/libminizinc-git/pkg/libminizinc-git/usr/share/minizinc/gecode_presolver/fzn_at_most_set.mzn
-- Installing: /build/libminizinc-git/pkg/libminizinc-git/usr/share/minizinc/gecode_presolver/fzn_lex_less_bool.mzn
-- Installing: /build/libminizinc-git/pkg/libminizinc-git/usr/share/minizinc/gecode_presolver/fzn_member_int_reif.mzn
-- Installing: /build/libminizinc-git/pkg/libminizinc-git/usr/share/minizinc/gecode_presolver/fzn_among.mzn
-- Installing: /build/libminizinc-git/pkg/libminizinc-git/usr/share/minizinc/gecode_presolver/fzn_lex_lesseq_int.mzn
-- Installing: /build/libminizinc-git/pkg/libminizinc-git/usr/share/minizinc/gecode_presolver/fzn_bin_packing_load.mzn
-- Installing: /build/libminizinc-git/pkg/libminizinc-git/usr/share/minizinc/gecode_presolver/fzn_arg_max_int.mzn
-- Installing: /build/libminizinc-git/pkg/libminizinc-git/usr/share/minizinc/gecode_presolver/fzn_value_precede_int.mzn
-- Installing: /build/libminizinc-git/pkg/libminizinc-git/usr/share/minizinc/gecode_presolver/fzn_decreasing_int.mzn
-- Installing: /build/libminizinc-git/pkg/libminizinc-git/usr/share/minizinc/gecode_presolver/fzn_member_bool_reif.mzn
-- Installing: /build/libminizinc-git/pkg/libminizinc-git/usr/share/minizinc/gecode_presolver/precedence.mzn
-- Installing: /build/libminizinc-git/pkg/libminizinc-git/usr/share/minizinc/gecode_presolver/gecode.mzn
-- Installing: /build/libminizinc-git/pkg/libminizinc-git/usr/share/minizinc/gecode_presolver/fzn_at_most_int.mzn
-- Installing: /build/libminizinc-git/pkg/libminizinc-git/usr/share/minizinc/gecode_presolver/fzn_partition_set.mzn
-- Installing: /build/libminizinc-git/pkg/libminizinc-git/usr/share/minizinc/gecode_presolver/fzn_arg_min_int.mzn
-- Installing: /build/libminizinc-git/pkg/libminizinc-git/usr/share/minizinc/gecode_presolver/fzn_count_eq.mzn
-- Installing: /build/libminizinc-git/pkg/libminizinc-git/usr/share/minizinc/gecode_presolver/fzn_cumulatives.mzn
-- Installing: /build/libminizinc-git/pkg/libminizinc-git/usr/share/minizinc/gecode_presolver/fzn_decreasing_bool.mzn
-- Installing: /build/libminizinc-git/pkg/libminizinc-git/usr/share/minizinc/gecode_presolver/fzn_sort.mzn
-- Installing: /build/libminizinc-git/pkg/libminizinc-git/usr/share/minizinc/gecode_presolver/fzn_diffn.mzn
-- Installing: /build/libminizinc-git/pkg/libminizinc-git/usr/share/minizinc/gecode_presolver/fzn_inverse_set.mzn
-- Installing: /build/libminizinc-git/pkg/libminizinc-git/usr/share/minizinc/gecode_presolver/fzn_cumulative.mzn
-- Installing: /build/libminizinc-git/pkg/libminizinc-git/usr/share/minizinc/gecode_presolver/fzn_link_set_to_booleans.mzn
-- Installing: /build/libminizinc-git/pkg/libminizinc-git/usr/share/minizinc/gecode_presolver/redefinitions-2.0.mzn
-- Installing: /build/libminizinc-git/pkg/libminizinc-git/usr/share/minizinc/gecode_presolver/fzn_value_precede_set.mzn
-- Installing: /build/libminizinc-git/pkg/libminizinc-git/usr/share/minizinc/gecode_presolver/fzn_global_cardinality_closed.mzn
-- Installing: /build/libminizinc-git/pkg/libminizinc-git/usr/share/minizinc/gecode_presolver/fzn_member_bool.mzn
-- Installing: /build/libminizinc-git/pkg/libminizinc-git/usr/share/minizinc/gecode_presolver/fzn_increasing_int.mzn
-- Installing: /build/libminizinc-git/pkg/libminizinc-git/usr/share/minizinc/gecode_presolver/fzn_all_different_int.mzn
-- Installing: /build/libminizinc-git/pkg/libminizinc-git/usr/share/minizinc/gecode_presolver/fzn_range.mzn
-- Installing: /build/libminizinc-git/pkg/libminizinc-git/usr/share/minizinc/gecode_presolver/fzn_bin_packing.mzn
-- Installing: /build/libminizinc-git/pkg/libminizinc-git/usr/share/minizinc/gecode_presolver/fzn_lex_less_int.mzn
-- Installing: /build/libminizinc-git/pkg/libminizinc-git/usr/share/minizinc/gecode_presolver/fzn_bin_packing_capa.mzn
-- Installing: /build/libminizinc-git/pkg/libminizinc-git/usr/share/minizinc/gecode_presolver/redefinitions.mzn
-- Installing: /build/libminizinc-git/pkg/libminizinc-git/usr/share/minizinc/gecode_presolver/fzn_count_eq_reif.mzn
-- Installing: /build/libminizinc-git/pkg/libminizinc-git/usr/share/minizinc/gecode_presolver/fzn_exactly_set.mzn
-- Installing: /build/libminizinc-git/pkg/libminizinc-git/usr/share/minizinc/gecode_presolver/fzn_table_int.mzn
-- Installing: /build/libminizinc-git/pkg/libminizinc-git/usr/share/minizinc/gecode_presolver/fzn_lex_lesseq_bool.mzn
-- Installing: /build/libminizinc-git/pkg/libminizinc-git/usr/share/minizinc/gecode_presolver/fzn_increasing_bool.mzn
-- Installing: /build/libminizinc-git/pkg/libminizinc-git/usr/share/minizinc/gecode_presolver/fzn_global_cardinality_low_up_closed.mzn
-- Installing: /build/libminizinc-git/pkg/libminizinc-git/usr/share/minizinc/gecode_presolver/fzn_at_least_int.mzn
-- Installing: /build/libminizinc-git/pkg/libminizinc-git/usr/share/minizinc/gecode_presolver/fzn_int_set_channel.mzn
-- Installing: /build/libminizinc-git/pkg/libminizinc-git/usr/share/minizinc/gecode_presolver/fzn_global_cardinality_low_up.mzn
-- Installing: /build/libminizinc-git/pkg/libminizinc-git/usr/share/minizinc/gecode_presolver/fzn_at_least_set.mzn
-- Installing: /build/libminizinc-git/pkg/libminizinc-git/usr/share/minizinc/gecode_presolver/fzn_distribute.mzn
-- Installing: /build/libminizinc-git/pkg/libminizinc-git/usr/share/minizinc/gecode_presolver/fzn_exactly_int.mzn
-- Installing: /build/libminizinc-git/pkg/libminizinc-git/usr/share/minizinc/gecode_presolver/fzn_sum_pred.mzn
-- Installing: /build/libminizinc-git/pkg/libminizinc-git/usr/share/minizinc/gecode_presolver/fzn_disjoint.mzn
-- Installing: /build/libminizinc-git/pkg/libminizinc-git/usr/share/minizinc/gecode_presolver/fzn_roots.mzn
-- Installing: /build/libminizinc-git/pkg/libminizinc-git/usr/share/minizinc/gecode_presolver/fzn_member_int.mzn
-- Installing: /build/libminizinc-git/pkg/libminizinc-git/usr/share/minizinc/gecode_presolver/fzn_inverse.mzn
-- Installing: /build/libminizinc-git/pkg/libminizinc-git/usr/share/minizinc/linear
-- Installing: /build/libminizinc-git/pkg/libminizinc-git/usr/share/minizinc/linear/domain_encodings.mzn
-- Installing: /build/libminizinc-git/pkg/libminizinc-git/usr/share/minizinc/linear/fzn_inverse_in_range.mzn
-- Installing: /build/libminizinc-git/pkg/libminizinc-git/usr/share/minizinc/linear/fzn_circuit.mzn
-- Installing: /build/libminizinc-git/pkg/libminizinc-git/usr/share/minizinc/linear/fzn_regular.mzn
-- Installing: /build/libminizinc-git/pkg/libminizinc-git/usr/share/minizinc/linear/fzn_if_then_else_float.mzn
-- Installing: /build/libminizinc-git/pkg/libminizinc-git/usr/share/minizinc/linear/fzn_lex_less_bool.mzn
-- Installing: /build/libminizinc-git/pkg/libminizinc-git/usr/share/minizinc/linear/fzn_lex_lesseq_int.mzn
-- Installing: /build/libminizinc-git/pkg/libminizinc-git/usr/share/minizinc/linear/fzn_sliding_sum.mzn
-- Installing: /build/libminizinc-git/pkg/libminizinc-git/usr/share/minizinc/linear/redefinitions-2.2.1.mzn
-- Installing: /build/libminizinc-git/pkg/libminizinc-git/usr/share/minizinc/linear/redefinitions-2.0.2.mzn
-- Installing: /build/libminizinc-git/pkg/libminizinc-git/usr/share/minizinc/linear/redefs_lin_reifs.mzn
-- Installing: /build/libminizinc-git/pkg/libminizinc-git/usr/share/minizinc/linear/redefs_lin_imp.mzn
-- Installing: /build/libminizinc-git/pkg/libminizinc-git/usr/share/minizinc/linear/fzn_lex_less_float.mzn
-- Installing: /build/libminizinc-git/pkg/libminizinc-git/usr/share/minizinc/linear/fzn_cumulative.mzn
-- Installing: /build/libminizinc-git/pkg/libminizinc-git/usr/share/minizinc/linear/fzn_alldifferent_except_0.mzn
-- Installing: /build/libminizinc-git/pkg/libminizinc-git/usr/share/minizinc/linear/fzn_lex_chain_lesseq_orbitope.mzn
-- Installing: /build/libminizinc-git/pkg/libminizinc-git/usr/share/minizinc/linear/redefinitions-2.0.mzn
-- Installing: /build/libminizinc-git/pkg/libminizinc-git/usr/share/minizinc/linear/redefs_bool_imp.mzn
-- Installing: /build/libminizinc-git/pkg/libminizinc-git/usr/share/minizinc/linear/fzn_lex_lesseq_float.mzn
-- Installing: /build/libminizinc-git/pkg/libminizinc-git/usr/share/minizinc/linear/fzn_all_different_int.mzn
-- Installing: /build/libminizinc-git/pkg/libminizinc-git/usr/share/minizinc/linear/fzn_lex_less_int.mzn
-- Installing: /build/libminizinc-git/pkg/libminizinc-git/usr/share/minizinc/linear/subcircuit_wDummy.mzn
-- Installing: /build/libminizinc-git/pkg/libminizinc-git/usr/share/minizinc/linear/redefinitions.mzn
-- Installing: /build/libminizinc-git/pkg/libminizinc-git/usr/share/minizinc/linear/fzn_if_then_else_int.mzn
-- Installing: /build/libminizinc-git/pkg/libminizinc-git/usr/share/minizinc/linear/fzn_table_int.mzn
-- Installing: /build/libminizinc-git/pkg/libminizinc-git/usr/share/minizinc/linear/fzn_lex_lesseq_bool.mzn
-- Installing: /build/libminizinc-git/pkg/libminizinc-git/usr/share/minizinc/linear/redefs_lin_halfreifs.mzn
-- Installing: /build/libminizinc-git/pkg/libminizinc-git/usr/share/minizinc/linear/options.mzn
-- Installing: /build/libminizinc-git/pkg/libminizinc-git/usr/share/minizinc/linear/fzn_inverse_reif.mzn
-- Installing: /build/libminizinc-git/pkg/libminizinc-git/usr/share/minizinc/linear/CHANGELOG.txt
-- Installing: /build/libminizinc-git/pkg/libminizinc-git/usr/share/minizinc/linear/redefs_bool_reifs.mzn
-- Installing: /build/libminizinc-git/pkg/libminizinc-git/usr/share/minizinc/linear/fzn_lex_chain_lesseq_int.mzn
-- Installing: /build/libminizinc-git/pkg/libminizinc-git/usr/share/minizinc/linear/fzn_subcircuit.mzn
-- Installing: /build/libminizinc-git/pkg/libminizinc-git/usr/share/minizinc/linear/fzn_lex_chain_lesseq_bool.mzn
-- Installing: /build/libminizinc-git/pkg/libminizinc-git/usr/share/minizinc/linear/fzn_inverse.mzn
-- Installing: /build/libminizinc-git/pkg/libminizinc-git/usr/share/minizinc/linear/fzn_inverse_in_range_reif.mzn
-- Installing: /build/libminizinc-git/pkg/libminizinc-git/usr/share/minizinc/std
-- Installing: /build/libminizinc-git/pkg/libminizinc-git/usr/share/minizinc/std/fzn_global_cardinality.mzn
-- Installing: /build/libminizinc-git/pkg/libminizinc-git/usr/share/minizinc/std/element_int.mzn
-- Installing: /build/libminizinc-git/pkg/libminizinc-git/usr/share/minizinc/std/tree.mzn
-- Installing: /build/libminizinc-git/pkg/libminizinc-git/usr/share/minizinc/std/fzn_global_cardinality_reif.mzn
-- Installing: /build/libminizinc-git/pkg/libminizinc-git/usr/share/minizinc/std/fzn_table_bool.mzn
-- Installing: /build/libminizinc-git/pkg/libminizinc-git/usr/share/minizinc/std/fzn_cumulative_opt.mzn
-- Installing: /build/libminizinc-git/pkg/libminizinc-git/usr/share/minizinc/std/fzn_value_precede_chain_int_reif.mzn
-- Installing: /build/libminizinc-git/pkg/libminizinc-git/usr/share/minizinc/std/redefinitions-2.1.mzn
-- Installing: /build/libminizinc-git/pkg/libminizinc-git/usr/share/minizinc/std/lex_less.mzn
-- Installing: /build/libminizinc-git/pkg/libminizinc-git/usr/share/minizinc/std/fzn_arg_max_bool.mzn
-- Installing: /build/libminizinc-git/pkg/libminizinc-git/usr/share/minizinc/std/fzn_bounded_path_enum_reif.mzn
-- Installing: /build/libminizinc-git/pkg/libminizinc-git/usr/share/minizinc/std/fzn_subgraph_enum.mzn
-- Installing: /build/libminizinc-git/pkg/libminizinc-git/usr/share/minizinc/std/fzn_all_equal_int.mzn
-- Installing: /build/libminizinc-git/pkg/libminizinc-git/usr/share/minizinc/std/at_most_set.mzn
-- Installing: /build/libminizinc-git/pkg/libminizinc-git/usr/share/minizinc/std/fzn_member_set_reif.mzn
-- Installing: /build/libminizinc-git/pkg/libminizinc-git/usr/share/minizinc/std/fzn_count_geq.mzn
-- Installing: /build/libminizinc-git/pkg/libminizinc-git/usr/share/minizinc/std/fzn_count_eq_float.mzn
-- Installing: /build/libminizinc-git/pkg/libminizinc-git/usr/share/minizinc/std/fzn_increasing_bool_reif.mzn
-- Installing: /build/libminizinc-git/pkg/libminizinc-git/usr/share/minizinc/std/fzn_count_neq_bool.mzn
-- Installing: /build/libminizinc-git/pkg/libminizinc-git/usr/share/minizinc/std/member_bool.mzn.deprecated.mzn
-- Installing: /build/libminizinc-git/pkg/libminizinc-git/usr/share/minizinc/std/fzn_nvalue_reif.mzn
-- Installing: /build/libminizinc-git/pkg/libminizinc-git/usr/share/minizinc/std/all_disjoint.mzn
-- Installing: /build/libminizinc-git/pkg/libminizinc-git/usr/share/minizinc/std/element_float.mzn.deprecated.mzn
-- Installing: /build/libminizinc-git/pkg/libminizinc-git/usr/share/minizinc/std/fzn_alldifferent_except_reif.mzn
-- Installing: /build/libminizinc-git/pkg/libminizinc-git/usr/share/minizinc/std/fzn_inverse_in_range.mzn
-- Installing: /build/libminizinc-git/pkg/libminizinc-git/usr/share/minizinc/std/span.mzn
-- Installing: /build/libminizinc-git/pkg/libminizinc-git/usr/share/minizinc/std/fzn_reachable_enum.mzn
-- Installing: /build/libminizinc-git/pkg/libminizinc-git/usr/share/minizinc/std/lex_lesseq_bool.mzn.deprecated.mzn
-- Installing: /build/libminizinc-git/pkg/libminizinc-git/usr/share/minizinc/std/arg_sort_int.mzn
-- Installing: /build/libminizinc-git/pkg/libminizinc-git/usr/share/minizinc/std/fzn_distribute_reif.mzn
-- Installing: /build/libminizinc-git/pkg/libminizinc-git/usr/share/minizinc/std/count_leq.mzn
-- Installing: /build/libminizinc-git/pkg/libminizinc-git/usr/share/minizinc/std/fzn_circuit.mzn
-- Installing: /build/libminizinc-git/pkg/libminizinc-git/usr/share/minizinc/std/global_cardinality_low_up_closed.deprecated.mzn
-- Installing: /build/libminizinc-git/pkg/libminizinc-git/usr/share/minizinc/std/count_eq.mzn
-- Installing: /build/libminizinc-git/pkg/libminizinc-git/usr/share/minizinc/std/fzn_network_flow_reif.mzn
-- Installing: /build/libminizinc-git/pkg/libminizinc-git/usr/share/minizinc/std/member_int.mzn.deprecated.mzn
-- Installing: /build/libminizinc-git/pkg/libminizinc-git/usr/share/minizinc/std/fzn_regular.mzn
-- Installing: /build/libminizinc-git/pkg/libminizinc-git/usr/share/minizinc/std/fzn_cost_regular_reif.mzn
-- Installing: /build/libminizinc-git/pkg/libminizinc-git/usr/share/minizinc/std/fzn_nvalue.mzn
-- Installing: /build/libminizinc-git/pkg/libminizinc-git/usr/share/minizinc/std/lex_chain_lesseq.mzn
-- Installing: /build/libminizinc-git/pkg/libminizinc-git/usr/share/minizinc/std/fzn_all_different_set_reif.mzn
-- Installing: /build/libminizinc-git/pkg/libminizinc-git/usr/share/minizinc/std/fzn_bounded_dpath_enum.mzn
-- Installing: /build/libminizinc-git/pkg/libminizinc-git/usr/share/minizinc/std/fzn_count_lt_float_par_reif.mzn
-- Installing: /build/libminizinc-git/pkg/libminizinc-git/usr/share/minizinc/std/fzn_strictly_increasing_int_reif.mzn
-- Installing: /build/libminizinc-git/pkg/libminizinc-git/usr/share/minizinc/std/fzn_count_geq_float.mzn
-- Installing: /build/libminizinc-git/pkg/libminizinc-git/usr/share/minizinc/std/fzn_sliding_among_bool.mzn
-- Installing: /build/libminizinc-git/pkg/libminizinc-git/usr/share/minizinc/std/sliding_among.mzn
-- Installing: /build/libminizinc-git/pkg/libminizinc-git/usr/share/minizinc/std/fzn_all_disjoint_reif.mzn
-- Installing: /build/libminizinc-git/pkg/libminizinc-git/usr/share/minizinc/std/fzn_count_lt.mzn
-- Installing: /build/libminizinc-git/pkg/libminizinc-git/usr/share/minizinc/std/sort.mzn
-- Installing: /build/libminizinc-git/pkg/libminizinc-git/usr/share/minizinc/std/fzn_at_most_set.mzn
-- Installing: /build/libminizinc-git/pkg/libminizinc-git/usr/share/minizinc/std/fzn_disjunctive_opt_reif.mzn
-- Installing: /build/libminizinc-git/pkg/libminizinc-git/usr/share/minizinc/std/fzn_count_neq_bool_reif.mzn
-- Installing: /build/libminizinc-git/pkg/libminizinc-git/usr/share/minizinc/std/fzn_if_then_else_float.mzn
-- Installing: /build/libminizinc-git/pkg/libminizinc-git/usr/share/minizinc/std/fzn_lex_less_bool.mzn
-- Installing: /build/libminizinc-git/pkg/libminizinc-git/usr/share/minizinc/std/circuit.mzn
-- Installing: /build/libminizinc-git/pkg/libminizinc-git/usr/share/minizinc/std/fzn_count_geq_set_par.mzn
-- Installing: /build/libminizinc-git/pkg/libminizinc-git/usr/share/minizinc/std/fzn_count_leq_float_reif.mzn
-- Installing: /build/libminizinc-git/pkg/libminizinc-git/usr/share/minizinc/std/fzn_bin_packing_load_reif.mzn
-- Installing: /build/libminizinc-git/pkg/libminizinc-git/usr/share/minizinc/std/fzn_array_set_intersect.mzn
-- Installing: /build/libminizinc-git/pkg/libminizinc-git/usr/share/minizinc/std/ide
-- Installing: /build/libminizinc-git/pkg/libminizinc-git/usr/share/minizinc/std/ide/vis_scatter.html
-- Installing: /build/libminizinc-git/pkg/libminizinc-git/usr/share/minizinc/std/ide/vis_geost.html
-- Installing: /build/libminizinc-git/pkg/libminizinc-git/usr/share/minizinc/std/ide/vis_gantt.html
-- Installing: /build/libminizinc-git/pkg/libminizinc-git/usr/share/minizinc/std/ide/vis_network.html
-- Installing: /build/libminizinc-git/pkg/libminizinc-git/usr/share/minizinc/std/ide/vis_bar.html
-- Installing: /build/libminizinc-git/pkg/libminizinc-git/usr/share/minizinc/std/ide/vis.mzn
-- Installing: /build/libminizinc-git/pkg/libminizinc-git/usr/share/minizinc/std/fzn_cumulative_opt_decomp.mzn
-- Installing: /build/libminizinc-git/pkg/libminizinc-git/usr/share/minizinc/std/fzn_lex_lesseq_set_reif.mzn
-- Installing: /build/libminizinc-git/pkg/libminizinc-git/usr/share/minizinc/std/count_fn.mzn
-- Installing: /build/libminizinc-git/pkg/libminizinc-git/usr/share/minizinc/std/fzn_count_gt_set_reif.mzn
-- Installing: /build/libminizinc-git/pkg/libminizinc-git/usr/share/minizinc/std/all_equal_int.mzn.deprecated.mzn
-- Installing: /build/libminizinc-git/pkg/libminizinc-git/usr/share/minizinc/std/fzn_count_eq_set.mzn
-- Installing: /build/libminizinc-git/pkg/libminizinc-git/usr/share/minizinc/std/geost.mzn
-- Installing: /build/libminizinc-git/pkg/libminizinc-git/usr/share/minizinc/std/fzn_diffn_nonstrict_reif.mzn
-- Installing: /build/libminizinc-git/pkg/libminizinc-git/usr/share/minizinc/std/symmetric_all_different.mzn
-- Installing: /build/libminizinc-git/pkg/libminizinc-git/usr/share/minizinc/std/arg_min.mzn
-- Installing: /build/libminizinc-git/pkg/libminizinc-git/usr/share/minizinc/std/fzn_count_gt_float_par.mzn
-- Installing: /build/libminizinc-git/pkg/libminizinc-git/usr/share/minizinc/std/element_set.mzn.deprecated.mzn
-- Installing: /build/libminizinc-git/pkg/libminizinc-git/usr/share/minizinc/std/at_most1.mzn
-- Installing: /build/libminizinc-git/pkg/libminizinc-git/usr/share/minizinc/std/fzn_dpath_int_reif.mzn
-- Installing: /build/libminizinc-git/pkg/libminizinc-git/usr/share/minizinc/std/member_float.mzn
-- Installing: /build/libminizinc-git/pkg/libminizinc-git/usr/share/minizinc/std/fzn_regular_regexp.mzn
-- Installing: /build/libminizinc-git/pkg/libminizinc-git/usr/share/minizinc/std/fzn_count_gt_reif.mzn
-- Installing: /build/libminizinc-git/pkg/libminizinc-git/usr/share/minizinc/std/fzn_roots_reif.mzn
-- Installing: /build/libminizinc-git/pkg/libminizinc-git/usr/share/minizinc/std/fzn_if_then_else_var_set.mzn
-- Installing: /build/libminizinc-git/pkg/libminizinc-git/usr/share/minizinc/std/fzn_lex_chain_less_int_reif.mzn
-- Installing: /build/libminizinc-git/pkg/libminizinc-git/usr/share/minizinc/std/fzn_arg_max_float_opt.mzn
-- Installing: /build/libminizinc-git/pkg/libminizinc-git/usr/share/minizinc/std/fzn_sort_reif.mzn
-- Installing: /build/libminizinc-git/pkg/libminizinc-git/usr/share/minizinc/std/fzn_count_neq_set_par_reif.mzn
-- Installing: /build/libminizinc-git/pkg/libminizinc-git/usr/share/minizinc/std/fzn_increasing_set.mzn
-- Installing: /build/libminizinc-git/pkg/libminizinc-git/usr/share/minizinc/std/fzn_geost_reif.mzn
-- Installing: /build/libminizinc-git/pkg/libminizinc-git/usr/share/minizinc/std/fzn_span.mzn
-- Installing: /build/libminizinc-git/pkg/libminizinc-git/usr/share/minizinc/std/fzn_piecewise_linear.mzn
-- Installing: /build/libminizinc-git/pkg/libminizinc-git/usr/share/minizinc/std/fzn_write_reif.mzn
-- Installing: /build/libminizinc-git/pkg/libminizinc-git/usr/share/minizinc/std/network_flow.mzn
-- Installing: /build/libminizinc-git/pkg/libminizinc-git/usr/share/minizinc/std/redefinitions-2.3.3.mzn
-- Installing: /build/libminizinc-git/pkg/libminizinc-git/usr/share/minizinc/std/alldifferent.mzn
-- Installing: /build/libminizinc-git/pkg/libminizinc-git/usr/share/minizinc/std/element_int.mzn.deprecated.mzn
-- Installing: /build/libminizinc-git/pkg/libminizinc-git/usr/share/minizinc/std/fzn_seq_precede_chain_set_reif.mzn
-- Installing: /build/libminizinc-git/pkg/libminizinc-git/usr/share/minizinc/std/range.mzn
-- Installing: /build/libminizinc-git/pkg/libminizinc-git/usr/share/minizinc/std/fzn_member_int_reif.mzn
-- Installing: /build/libminizinc-git/pkg/libminizinc-git/usr/share/minizinc/std/fzn_member_float_reif.mzn
-- Installing: /build/libminizinc-git/pkg/libminizinc-git/usr/share/minizinc/std/fzn_disjunctive.mzn
-- Installing: /build/libminizinc-git/pkg/libminizinc-git/usr/share/minizinc/std/lex_less_bool.mzn
-- Installing: /build/libminizinc-git/pkg/libminizinc-git/usr/share/minizinc/std/decreasing_float.mzn
-- Installing: /build/libminizinc-git/pkg/libminizinc-git/usr/share/minizinc/std/write.mzn
-- Installing: /build/libminizinc-git/pkg/libminizinc-git/usr/share/minizinc/std/fzn_count_leq.mzn
-- Installing: /build/libminizinc-git/pkg/libminizinc-git/usr/share/minizinc/std/fzn_count_geq_bool_reif.mzn
-- Installing: /build/libminizinc-git/pkg/libminizinc-git/usr/share/minizinc/std/fzn_count_leq_set.mzn
-- Installing: /build/libminizinc-git/pkg/libminizinc-git/usr/share/minizinc/std/strictly_decreasing.mzn
-- Installing: /build/libminizinc-git/pkg/libminizinc-git/usr/share/minizinc/std/fzn_subgraph_enum_reif.mzn
-- Installing: /build/libminizinc-git/pkg/libminizinc-git/usr/share/minizinc/std/fzn_if_then_else_var_int.mzn
-- Installing: /build/libminizinc-git/pkg/libminizinc-git/usr/share/minizinc/std/fzn_among.mzn
-- Installing: /build/libminizinc-git/pkg/libminizinc-git/usr/share/minizinc/std/neural_net.mzn
-- Installing: /build/libminizinc-git/pkg/libminizinc-git/usr/share/minizinc/std/fzn_lex_lesseq_int_reif.mzn
-- Installing: /build/libminizinc-git/pkg/libminizinc-git/usr/share/minizinc/std/fzn_lex_lesseq_int.mzn
-- Installing: /build/libminizinc-git/pkg/libminizinc-git/usr/share/minizinc/std/fzn_count_leq_bool_reif.mzn
-- Installing: /build/libminizinc-git/pkg/libminizinc-git/usr/share/minizinc/std/lex_less_float.mzn.deprecated.mzn
-- Installing: /build/libminizinc-git/pkg/libminizinc-git/usr/share/minizinc/std/fzn_bin_packing_load.mzn
-- Installing: /build/libminizinc-git/pkg/libminizinc-git/usr/share/minizinc/std/value_precede_set.mzn.deprecated.mzn
-- Installing: /build/libminizinc-git/pkg/libminizinc-git/usr/share/minizinc/std/diffn.mzn
-- Installing: /build/libminizinc-git/pkg/libminizinc-git/usr/share/minizinc/std/fzn_count_eq_set_par_reif.mzn
-- Installing: /build/libminizinc-git/pkg/libminizinc-git/usr/share/minizinc/std/fzn_sliding_sum.mzn
-- Installing: /build/libminizinc-git/pkg/libminizinc-git/usr/share/minizinc/std/fzn_count_leq_bool.mzn
-- Installing: /build/libminizinc-git/pkg/libminizinc-git/usr/share/minizinc/std/fzn_count_eq_bool_reif.mzn
-- Installing: /build/libminizinc-git/pkg/libminizinc-git/usr/share/minizinc/std/fzn_geost_nonoverlap_k.mzn
-- Installing: /build/libminizinc-git/pkg/libminizinc-git/usr/share/minizinc/std/arg_max_int.mzn
-- Installing: /build/libminizinc-git/pkg/libminizinc-git/usr/share/minizinc/std/fzn_arg_min_bool.mzn
-- Installing: /build/libminizinc-git/pkg/libminizinc-git/usr/share/minizinc/std/fzn_neural_net.mzn
-- Installing: /build/libminizinc-git/pkg/libminizinc-git/usr/share/minizinc/std/lex_greatereq.mzn
-- Installing: /build/libminizinc-git/pkg/libminizinc-git/usr/share/minizinc/std/element_bool.mzn
-- Installing: /build/libminizinc-git/pkg/libminizinc-git/usr/share/minizinc/std/arg_min_bool.mzn
-- Installing: /build/libminizinc-git/pkg/libminizinc-git/usr/share/minizinc/std/fzn_global_cardinality_closed_opt.mzn
-- Installing: /build/libminizinc-git/pkg/libminizinc-git/usr/share/minizinc/std/bin_packing_load.mzn
-- Installing: /build/libminizinc-git/pkg/libminizinc-git/usr/share/minizinc/std/fzn_bin_packing_load_opt.mzn
-- Installing: /build/libminizinc-git/pkg/libminizinc-git/usr/share/minizinc/std/fzn_regular_reif.mzn
-- Installing: /build/libminizinc-git/pkg/libminizinc-git/usr/share/minizinc/std/fzn_inverse_opt.mzn
-- Installing: /build/libminizinc-git/pkg/libminizinc-git/usr/share/minizinc/std/global_cardinality_closed_fn.mzn
-- Installing: /build/libminizinc-git/pkg/libminizinc-git/usr/share/minizinc/std/fzn_lex_less_float_reif.mzn
-- Installing: /build/libminizinc-git/pkg/libminizinc-git/usr/share/minizinc/std/fzn_bounded_path_int.mzn
-- Installing: /build/libminizinc-git/pkg/libminizinc-git/usr/share/minizinc/std/fzn_arg_val_int_opt.mzn
-- Installing: /build/libminizinc-git/pkg/libminizinc-git/usr/share/minizinc/std/fzn_dreachable_int_reif.mzn
-- Installing: /build/libminizinc-git/pkg/libminizinc-git/usr/share/minizinc/std/fzn_dconnected.mzn
-- Installing: /build/libminizinc-git/pkg/libminizinc-git/usr/share/minizinc/std/increasing_int.mzn.deprecated.mzn
-- Installing: /build/libminizinc-git/pkg/libminizinc-git/usr/share/minizinc/std/exactly_int.mzn
-- Installing: /build/libminizinc-git/pkg/libminizinc-git/usr/share/minizinc/std/fzn_regular_set.mzn.deprecated.mzn
-- Installing: /build/libminizinc-git/pkg/libminizinc-git/usr/share/minizinc/std/fzn_if_then_else_opt_float.mzn
-- Installing: /build/libminizinc-git/pkg/libminizinc-git/usr/share/minizinc/std/fzn_alldifferent_except_0_reif.mzn
-- Installing: /build/libminizinc-git/pkg/libminizinc-git/usr/share/minizinc/std/fzn_geost_nonoverlap_k_reif.mzn
-- Installing: /build/libminizinc-git/pkg/libminizinc-git/usr/share/minizinc/std/table_int.mzn
-- Installing: /build/libminizinc-git/pkg/libminizinc-git/usr/share/minizinc/std/fzn_count_lt_set_par_reif.mzn
-- Installing: /build/libminizinc-git/pkg/libminizinc-git/usr/share/minizinc/std/fzn_count_geq_par_reif.mzn
-- Installing: /build/libminizinc-git/pkg/libminizinc-git/usr/share/minizinc/std/global_cardinality_low_up_closed.mzn
-- Installing: /build/libminizinc-git/pkg/libminizinc-git/usr/share/minizinc/std/fzn_mdd_nondet.mzn
-- Installing: /build/libminizinc-git/pkg/libminizinc-git/usr/share/minizinc/std/exactly_set.mzn
-- Installing: /build/libminizinc-git/pkg/libminizinc-git/usr/share/minizinc/std/fzn_count_lt_bool_par_reif.mzn
-- Installing: /build/libminizinc-git/pkg/libminizinc-git/usr/share/minizinc/std/cost_regular.mzn
-- Installing: /build/libminizinc-git/pkg/libminizinc-git/usr/share/minizinc/std/fzn_dreachable_enum_reif.mzn
-- Installing: /build/libminizinc-git/pkg/libminizinc-git/usr/share/minizinc/std/fzn_cost_mdd_reif.mzn
-- Installing: /build/libminizinc-git/pkg/libminizinc-git/usr/share/minizinc/std/bounded_path.mzn
-- Installing: /build/libminizinc-git/pkg/libminizinc-git/usr/share/minizinc/std/disjoint.mzn
-- Installing: /build/libminizinc-git/pkg/libminizinc-git/usr/share/minizinc/std/fzn_count_eq_float_reif.mzn
-- Installing: /build/libminizinc-git/pkg/libminizinc-git/usr/share/minizinc/std/fzn_count_lt_bool_par.mzn
-- Installing: /build/libminizinc-git/pkg/libminizinc-git/usr/share/minizinc/std/fzn_array_opt_int_union.mzn
-- Installing: /build/libminizinc-git/pkg/libminizinc-git/usr/share/minizinc/std/fzn_all_equal_set_reif.mzn
-- Installing: /build/libminizinc-git/pkg/libminizinc-git/usr/share/minizinc/std/fzn_symmetric_all_different.mzn
-- Installing: /build/libminizinc-git/pkg/libminizinc-git/usr/share/minizinc/std/fzn_dag_reif.mzn
-- Installing: /build/libminizinc-git/pkg/libminizinc-git/usr/share/minizinc/std/fzn_regular_nfa_set.mzn
-- Installing: /build/libminizinc-git/pkg/libminizinc-git/usr/share/minizinc/std/fzn_var_sqr_sym.mzn
-- Installing: /build/libminizinc-git/pkg/libminizinc-git/usr/share/minizinc/std/fzn_sliding_sum_reif.mzn
-- Installing: /build/libminizinc-git/pkg/libminizinc-git/usr/share/minizinc/std/inverse_in_range.mzn
-- Installing: /build/libminizinc-git/pkg/libminizinc-git/usr/share/minizinc/std/fzn_count_geq_float_par.mzn
-- Installing: /build/libminizinc-git/pkg/libminizinc-git/usr/share/minizinc/std/fzn_arg_max_int.mzn
-- Installing: /build/libminizinc-git/pkg/libminizinc-git/usr/share/minizinc/std/fzn_alternative_reif.mzn
-- Installing: /build/libminizinc-git/pkg/libminizinc-git/usr/share/minizinc/std/fzn_arg_val_bool.mzn
-- Installing: /build/libminizinc-git/pkg/libminizinc-git/usr/share/minizinc/std/connected.mzn
-- Installing: /build/libminizinc-git/pkg/libminizinc-git/usr/share/minizinc/std/element_bool.mzn.deprecated.mzn
-- Installing: /build/libminizinc-git/pkg/libminizinc-git/usr/share/minizinc/std/fzn_seq_precede_chain_int.mzn
-- Installing: /build/libminizinc-git/pkg/libminizinc-git/usr/share/minizinc/std/redefinitions-2.2.1.mzn
-- Installing: /build/libminizinc-git/pkg/libminizinc-git/usr/share/minizinc/std/arg_max_float.mzn.deprecated.mzn
-- Installing: /build/libminizinc-git/pkg/libminizinc-git/usr/share/minizinc/std/fzn_if_then_else_set.mzn
-- Installing: /build/libminizinc-git/pkg/libminizinc-git/usr/share/minizinc/std/fzn_value_precede_int.mzn
-- Installing: /build/libminizinc-git/pkg/libminizinc-git/usr/share/minizinc/std/fzn_strictly_increasing_float.mzn
-- Installing: /build/libminizinc-git/pkg/libminizinc-git/usr/share/minizinc/std/fzn_at_most1.mzn
-- Installing: /build/libminizinc-git/pkg/libminizinc-git/usr/share/minizinc/std/at_least.mzn
-- Installing: /build/libminizinc-git/pkg/libminizinc-git/usr/share/minizinc/std/var_sqr_sym.mzn
-- Installing: /build/libminizinc-git/pkg/libminizinc-git/usr/share/minizinc/std/writes.mzn
-- Installing: /build/libminizinc-git/pkg/libminizinc-git/usr/share/minizinc/std/fzn_count_lt_set_par.mzn
-- Installing: /build/libminizinc-git/pkg/libminizinc-git/usr/share/minizinc/std/fzn_geost_smallest_bb_reif.mzn
-- Installing: /build/libminizinc-git/pkg/libminizinc-git/usr/share/minizinc/std/fzn_arg_max_int_opt.mzn
-- Installing: /build/libminizinc-git/pkg/libminizinc-git/usr/share/minizinc/std/fzn_cumulative_reif.mzn
-- Installing: /build/libminizinc-git/pkg/libminizinc-git/usr/share/minizinc/std/atmost.mzn
-- Installing: /build/libminizinc-git/pkg/libminizinc-git/usr/share/minizinc/std/value_precede_int.mzn
-- Installing: /build/libminizinc-git/pkg/libminizinc-git/usr/share/minizinc/std/value_precede.mzn
-- Installing: /build/libminizinc-git/pkg/libminizinc-git/usr/share/minizinc/std/fzn_network_flow.mzn
-- Installing: /build/libminizinc-git/pkg/libminizinc-git/usr/share/minizinc/std/among.mzn
-- Installing: /build/libminizinc-git/pkg/libminizinc-git/usr/share/minizinc/std/fzn_global_cardinality_low_up_opt.mzn
-- Installing: /build/libminizinc-git/pkg/libminizinc-git/usr/share/minizinc/std/fzn_disjunctive_strict_reif.mzn
-- Installing: /build/libminizinc-git/pkg/libminizinc-git/usr/share/minizinc/std/fzn_member_bool_reif.mzn
-- Installing: /build/libminizinc-git/pkg/libminizinc-git/usr/share/minizinc/std/fzn_piecewise_linear_non_continuous_reif.mzn
-- Installing: /build/libminizinc-git/pkg/libminizinc-git/usr/share/minizinc/std/lex_lesseq.mzn
-- Installing: /build/libminizinc-git/pkg/libminizinc-git/usr/share/minizinc/std/fzn_count_geq_bool.mzn
-- Installing: /build/libminizinc-git/pkg/libminizinc-git/usr/share/minizinc/std/arg_min_bool.mzn.deprecated.mzn
-- Installing: /build/libminizinc-git/pkg/libminizinc-git/usr/share/minizinc/std/fzn_at_least_set_reif.mzn
-- Installing: /build/libminizinc-git/pkg/libminizinc-git/usr/share/minizinc/std/piecewise_linear_non_continuous.mzn
-- Installing: /build/libminizinc-git/pkg/libminizinc-git/usr/share/minizinc/std/member_float.mzn.deprecated.mzn
-- Installing: /build/libminizinc-git/pkg/libminizinc-git/usr/share/minizinc/std/stdlib.mzn
-- Installing: /build/libminizinc-git/pkg/libminizinc-git/usr/share/minizinc/std/bin_packing_capa.mzn
-- Installing: /build/libminizinc-git/pkg/libminizinc-git/usr/share/minizinc/std/fzn_if_then_else_var_opt_bool.mzn
-- Installing: /build/libminizinc-git/pkg/libminizinc-git/usr/share/minizinc/std/writes_seq.mzn
-- Installing: /build/libminizinc-git/pkg/libminizinc-git/usr/share/minizinc/std/all_different_set.mzn
-- Installing: /build/libminizinc-git/pkg/libminizinc-git/usr/share/minizinc/std/minimum.mzn
-- Installing: /build/libminizinc-git/pkg/libminizinc-git/usr/share/minizinc/std/fzn_global_cardinality_low_up_closed_set.mzn
-- Installing: /build/libminizinc-git/pkg/libminizinc-git/usr/share/minizinc/std/fzn_disjunctive_opt.mzn
-- Installing: /build/libminizinc-git/pkg/libminizinc-git/usr/share/minizinc/std/fzn_at_least_int_reif.mzn
-- Installing: /build/libminizinc-git/pkg/libminizinc-git/usr/share/minizinc/std/regular_nfa.mzn
-- Installing: /build/libminizinc-git/pkg/libminizinc-git/usr/share/minizinc/std/fzn_count_gt_bool_par_reif.mzn
-- Installing: /build/libminizinc-git/pkg/libminizinc-git/usr/share/minizinc/std/fzn_strictly_increasing_int_opt_reif.mzn
-- Installing: /build/libminizinc-git/pkg/libminizinc-git/usr/share/minizinc/std/table.mzn
-- Installing: /build/libminizinc-git/pkg/libminizinc-git/usr/share/minizinc/std/lex_chain_less.mzn
-- Installing: /build/libminizinc-git/pkg/libminizinc-git/usr/share/minizinc/std/fzn_increasing_float_opt_reif.mzn
-- Installing: /build/libminizinc-git/pkg/libminizinc-git/usr/share/minizinc/std/all_equal.mzn
-- Installing: /build/libminizinc-git/pkg/libminizinc-git/usr/share/minizinc/std/fzn_lex_less_set.mzn
-- Installing: /build/libminizinc-git/pkg/libminizinc-git/usr/share/minizinc/std/fzn_arg_min_bool_opt.mzn
-- Installing: /build/libminizinc-git/pkg/libminizinc-git/usr/share/minizinc/std/all_equal_set.mzn.deprecated.mzn
-- Installing: /build/libminizinc-git/pkg/libminizinc-git/usr/share/minizinc/std/fzn_count_geq_float_reif.mzn
-- Installing: /build/libminizinc-git/pkg/libminizinc-git/usr/share/minizinc/std/all_different_set.mzn.deprecated.mzn
-- Installing: /build/libminizinc-git/pkg/libminizinc-git/usr/share/minizinc/std/fzn_bin_packing_capa_reif.mzn
-- Installing: /build/libminizinc-git/pkg/libminizinc-git/usr/share/minizinc/std/fzn_arg_sort_float_reif.mzn
-- Installing: /build/libminizinc-git/pkg/libminizinc-git/usr/share/minizinc/std/fzn_bounded_dpath_int_reif.mzn
-- Installing: /build/libminizinc-git/pkg/libminizinc-git/usr/share/minizinc/std/fzn_count_gt_float.mzn
-- Installing: /build/libminizinc-git/pkg/libminizinc-git/usr/share/minizinc/std/fzn_global_cardinality_low_up_reif.mzn
-- Installing: /build/libminizinc-git/pkg/libminizinc-git/usr/share/minizinc/std/fzn_set_member_reif.mzn
-- Installing: /build/libminizinc-git/pkg/libminizinc-git/usr/share/minizinc/std/fzn_writes_reif.mzn
-- Installing: /build/libminizinc-git/pkg/libminizinc-git/usr/share/minizinc/std/fzn_regular_set_reif.mzn
-- Installing: /build/libminizinc-git/pkg/libminizinc-git/usr/share/minizinc/std/fzn_lex_lesseq_float_reif.mzn
-- Installing: /build/libminizinc-git/pkg/libminizinc-git/usr/share/minizinc/std/fzn_value_precede_chain_set_reif.mzn
-- Installing: /build/libminizinc-git/pkg/libminizinc-git/usr/share/minizinc/std/fzn_increasing_int_opt_reif.mzn
-- Installing: /build/libminizinc-git/pkg/libminizinc-git/usr/share/minizinc/std/fzn_at_most_int.mzn
-- Installing: /build/libminizinc-git/pkg/libminizinc-git/usr/share/minizinc/std/fzn_disjunctive_strict.mzn
-- Installing: /build/libminizinc-git/pkg/libminizinc-git/usr/share/minizinc/std/fzn_sum_set.mzn
-- Installing: /build/libminizinc-git/pkg/libminizinc-git/usr/share/minizinc/std/fzn_dreachable_enum.mzn
-- Installing: /build/libminizinc-git/pkg/libminizinc-git/usr/share/minizinc/std/fzn_count_gt_bool_par.mzn
-- Installing: /build/libminizinc-git/pkg/libminizinc-git/usr/share/minizinc/std/fzn_array_set_union.mzn
-- Installing: /build/libminizinc-git/pkg/libminizinc-git/usr/share/minizinc/std/link_set_to_booleans.mzn
-- Installing: /build/libminizinc-git/pkg/libminizinc-git/usr/share/minizinc/std/fzn_partition_set.mzn
-- Installing: /build/libminizinc-git/pkg/libminizinc-git/usr/share/minizinc/std/fzn_array_int_union.mzn
-- Installing: /build/libminizinc-git/pkg/libminizinc-git/usr/share/minizinc/std/fzn_reachable_int_reif.mzn
-- Installing: /build/libminizinc-git/pkg/libminizinc-git/usr/share/minizinc/std/fzn_mdd_reif.mzn
-- Installing: /build/libminizinc-git/pkg/libminizinc-git/usr/share/minizinc/std/fzn_dreachable_int.mzn
-- Installing: /build/libminizinc-git/pkg/libminizinc-git/usr/share/minizinc/std/fzn_count_eq_par.mzn
-- Installing: /build/libminizinc-git/pkg/libminizinc-git/usr/share/minizinc/std/fzn_count_leq_float.mzn
-- Installing: /build/libminizinc-git/pkg/libminizinc-git/usr/share/minizinc/std/at_least_int.mzn
-- Installing: /build/libminizinc-git/pkg/libminizinc-git/usr/share/minizinc/std/fzn_network_flow_cost_reif.mzn
-- Installing: /build/libminizinc-git/pkg/libminizinc-git/usr/share/minizinc/std/fzn_strictly_increasing_float_opt_reif.mzn
-- Installing: /build/libminizinc-git/pkg/libminizinc-git/usr/share/minizinc/std/fzn_if_then_else_var_float.mzn
-- Installing: /build/libminizinc-git/pkg/libminizinc-git/usr/share/minizinc/std/redefinitions-2.0.2.mzn
-- Installing: /build/libminizinc-git/pkg/libminizinc-git/usr/share/minizinc/std/global_cardinality_closed.mzn
-- Installing: /build/libminizinc-git/pkg/libminizinc-git/usr/share/minizinc/std/fzn_steiner_reif.mzn
-- Installing: /build/libminizinc-git/pkg/libminizinc-git/usr/share/minizinc/std/member_int.mzn
-- Installing: /build/libminizinc-git/pkg/libminizinc-git/usr/share/minizinc/std/fzn_diffn_nonstrict_k.mzn
-- Installing: /build/libminizinc-git/pkg/libminizinc-git/usr/share/minizinc/std/fzn_connected_reif.mzn
-- Installing: /build/libminizinc-git/pkg/libminizinc-git/usr/share/minizinc/std/fzn_arg_min_int.mzn
-- Installing: /build/libminizinc-git/pkg/libminizinc-git/usr/share/minizinc/std/fzn_value_precede_chain_set.mzn
-- Installing: /build/libminizinc-git/pkg/libminizinc-git/usr/share/minizinc/std/analyse_all_different.mzn
-- Installing: /build/libminizinc-git/pkg/libminizinc-git/usr/share/minizinc/std/fzn_seq_precede_chain_int_reif.mzn
-- Installing: /build/libminizinc-git/pkg/libminizinc-git/usr/share/minizinc/std/fzn_count_eq.mzn
-- Installing: /build/libminizinc-git/pkg/libminizinc-git/usr/share/minizinc/std/fzn_set_member.mzn
-- Installing: /build/libminizinc-git/pkg/libminizinc-git/usr/share/minizinc/std/fzn_count_geq_par.mzn
-- Installing: /build/libminizinc-git/pkg/libminizinc-git/usr/share/minizinc/std/fzn_strict_lex2_reif.mzn
-- Installing: /build/libminizinc-git/pkg/libminizinc-git/usr/share/minizinc/std/fzn_count_gt_set_par_reif.mzn
-- Installing: /build/libminizinc-git/pkg/libminizinc-git/usr/share/minizinc/std/fzn_dpath_enum_reif.mzn
-- Installing: /build/libminizinc-git/pkg/libminizinc-git/usr/share/minizinc/std/increasing_float.mzn.deprecated.mzn
-- Installing: /build/libminizinc-git/pkg/libminizinc-git/usr/share/minizinc/std/fzn_dpath_enum.mzn
-- Installing: /build/libminizinc-git/pkg/libminizinc-git/usr/share/minizinc/std/fzn_if_then_else_partiality.mzn
-- Installing: /build/libminizinc-git/pkg/libminizinc-git/usr/share/minizinc/std/fzn_arg_min_float_opt.mzn
-- Installing: /build/libminizinc-git/pkg/libminizinc-git/usr/share/minizinc/std/fzn_sliding_among_int.mzn
-- Installing: /build/libminizinc-git/pkg/libminizinc-git/usr/share/minizinc/std/fzn_if_then_else_bool.mzn
-- Installing: /build/libminizinc-git/pkg/libminizinc-git/usr/share/minizinc/std/fzn_cumulatives.mzn
-- Installing: /build/libminizinc-git/pkg/libminizinc-git/usr/share/minizinc/std/increasing_set.mzn
-- Installing: /build/libminizinc-git/pkg/libminizinc-git/usr/share/minizinc/std/fzn_diffn_k.mzn
-- Installing: /build/libminizinc-git/pkg/libminizinc-git/usr/share/minizinc/std/fzn_tree_enum.mzn
-- Installing: /build/libminizinc-git/pkg/libminizinc-git/usr/share/minizinc/std/path.mzn
-- Installing: /build/libminizinc-git/pkg/libminizinc-git/usr/share/minizinc/std/circuit_opt.mzn
-- Installing: /build/libminizinc-git/pkg/libminizinc-git/usr/share/minizinc/std/mdd_nondet.mzn
-- Installing: /build/libminizinc-git/pkg/libminizinc-git/usr/share/minizinc/std/lex_chain_lesseq_orbitope.mzn
-- Installing: /build/libminizinc-git/pkg/libminizinc-git/usr/share/minizinc/std/arg_sort_float.mzn.deprecated.mzn
-- Installing: /build/libminizinc-git/pkg/libminizinc-git/usr/share/minizinc/std/decreasing_bool.mzn
-- Installing: /build/libminizinc-git/pkg/libminizinc-git/usr/share/minizinc/std/arg_max_bool.mzn
-- Installing: /build/libminizinc-git/pkg/libminizinc-git/usr/share/minizinc/std/fzn_bounded_dpath_enum_reif.mzn
-- Installing: /build/libminizinc-git/pkg/libminizinc-git/usr/share/minizinc/std/fzn_path_int.mzn
-- Installing: /build/libminizinc-git/pkg/libminizinc-git/usr/share/minizinc/std/increasing_bool.mzn.deprecated.mzn
-- Installing: /build/libminizinc-git/pkg/libminizinc-git/usr/share/minizinc/std/lex_lesseq_bool.mzn
-- Installing: /build/libminizinc-git/pkg/libminizinc-git/usr/share/minizinc/std/steiner.mzn
-- Installing: /build/libminizinc-git/pkg/libminizinc-git/usr/share/minizinc/std/fzn_value_precede_chain_int.mzn
-- Installing: /build/libminizinc-git/pkg/libminizinc-git/usr/share/minizinc/std/fzn_count_leq_float_par.mzn
-- Installing: /build/libminizinc-git/pkg/libminizinc-git/usr/share/minizinc/std/fzn_count_eq_bool_par_reif.mzn
-- Installing: /build/libminizinc-git/pkg/libminizinc-git/usr/share/minizinc/std/fzn_if_then_else_opt_bool.mzn
-- Installing: /build/libminizinc-git/pkg/libminizinc-git/usr/share/minizinc/std/fzn_sum_pred_reif.mzn
-- Installing: /build/libminizinc-git/pkg/libminizinc-git/usr/share/minizinc/std/value_precede_chain_int.mzn
-- Installing: /build/libminizinc-git/pkg/libminizinc-git/usr/share/minizinc/std/fzn_increasing_set_reif.mzn
-- Installing: /build/libminizinc-git/pkg/libminizinc-git/usr/share/minizinc/std/value_precede_set.mzn
-- Installing: /build/libminizinc-git/pkg/libminizinc-git/usr/share/minizinc/std/fzn_diffn_nonstrict_k_reif.mzn
-- Installing: /build/libminizinc-git/pkg/libminizinc-git/usr/share/minizinc/std/alternative.mzn
-- Installing: /build/libminizinc-git/pkg/libminizinc-git/usr/share/minizinc/std/solver_redefinitions.mzn
-- Installing: /build/libminizinc-git/pkg/libminizinc-git/usr/share/minizinc/std/alldifferent_except_0.mzn
-- Installing: /build/libminizinc-git/pkg/libminizinc-git/usr/share/minizinc/std/fzn_cumulative_opt_reif.mzn
-- Installing: /build/libminizinc-git/pkg/libminizinc-git/usr/share/minizinc/std/increasing_set.mzn.deprecated.mzn
-- Installing: /build/libminizinc-git/pkg/libminizinc-git/usr/share/minizinc/std/all_equal_set.mzn
-- Installing: /build/libminizinc-git/pkg/libminizinc-git/usr/share/minizinc/std/diffn_k.mzn
-- Installing: /build/libminizinc-git/pkg/libminizinc-git/usr/share/minizinc/std/inverse.mzn
-- Installing: /build/libminizinc-git/pkg/libminizinc-git/usr/share/minizinc/std/decreasing_set.mzn.deprecated.mzn
-- Installing: /build/libminizinc-git/pkg/libminizinc-git/usr/share/minizinc/std/fzn_diffn_reif.mzn
-- Installing: /build/libminizinc-git/pkg/libminizinc-git/usr/share/minizinc/std/fzn_member_set.mzn
-- Installing: /build/libminizinc-git/pkg/libminizinc-git/usr/share/minizinc/std/fzn_count_neq_set_reif.mzn
-- Installing: /build/libminizinc-git/pkg/libminizinc-git/usr/share/minizinc/std/fzn_geost_bb_reif.mzn
-- Installing: /build/libminizinc-git/pkg/libminizinc-git/usr/share/minizinc/std/fzn_global_cardinality_set.mzn
-- Installing: /build/libminizinc-git/pkg/libminizinc-git/usr/share/minizinc/std/output.mzn
-- Installing: /build/libminizinc-git/pkg/libminizinc-git/usr/share/minizinc/std/lex_less_bool.mzn.deprecated.mzn
-- Installing: /build/libminizinc-git/pkg/libminizinc-git/usr/share/minizinc/std/fzn_count_gt_set.mzn
-- Installing: /build/libminizinc-git/pkg/libminizinc-git/usr/share/minizinc/std/fzn_count_neq_float.mzn
-- Installing: /build/libminizinc-git/pkg/libminizinc-git/usr/share/minizinc/std/element.mzn
-- Installing: /build/libminizinc-git/pkg/libminizinc-git/usr/share/minizinc/std/fzn_mdd.mzn
-- Installing: /build/libminizinc-git/pkg/libminizinc-git/usr/share/minizinc/std/fzn_sort.mzn
-- Installing: /build/libminizinc-git/pkg/libminizinc-git/usr/share/minizinc/std/fzn_value_precede_int_reif.mzn
-- Installing: /build/libminizinc-git/pkg/libminizinc-git/usr/share/minizinc/std/lex_chain_lesseq_int.mzn
-- Installing: /build/libminizinc-git/pkg/libminizinc-git/usr/share/minizinc/std/lex_less_float.mzn
-- Installing: /build/libminizinc-git/pkg/libminizinc-git/usr/share/minizinc/std/fzn_path_enum.mzn
-- Installing: /build/libminizinc-git/pkg/libminizinc-git/usr/share/minizinc/std/fzn_write.mzn
-- Installing: /build/libminizinc-git/pkg/libminizinc-git/usr/share/minizinc/std/fzn_count_neq_set_par.mzn
-- Installing: /build/libminizinc-git/pkg/libminizinc-git/usr/share/minizinc/std/global_cardinality_low_up.deprecated.mzn
-- Installing: /build/libminizinc-git/pkg/libminizinc-git/usr/share/minizinc/std/fzn_diffn.mzn
-- Installing: /build/libminizinc-git/pkg/libminizinc-git/usr/share/minizinc/std/table_bool.mzn
-- Installing: /build/libminizinc-git/pkg/libminizinc-git/usr/share/minizinc/std/arg_val.mzn
-- Installing: /build/libminizinc-git/pkg/libminizinc-git/usr/share/minizinc/std/cumulative_opt.mzn
-- Installing: /build/libminizinc-git/pkg/libminizinc-git/usr/share/minizinc/std/maximum.mzn
-- Installing: /build/libminizinc-git/pkg/libminizinc-git/usr/share/minizinc/std/fzn_dconnected_reif.mzn
-- Installing: /build/libminizinc-git/pkg/libminizinc-git/usr/share/minizinc/std/fzn_inverse_set.mzn
-- Installing: /build/libminizinc-git/pkg/libminizinc-git/usr/share/minizinc/std/fzn_lex2.mzn
-- Installing: /build/libminizinc-git/pkg/libminizinc-git/usr/share/minizinc/std/all_equal_int.mzn
-- Installing: /build/libminizinc-git/pkg/libminizinc-git/usr/share/minizinc/std/disjunctive.mzn
-- Installing: /build/libminizinc-git/pkg/libminizinc-git/usr/share/minizinc/std/increasing_int.mzn
-- Installing: /build/libminizinc-git/pkg/libminizinc-git/usr/share/minizinc/std/dag.mzn
-- Installing: /build/libminizinc-git/pkg/libminizinc-git/usr/share/minizinc/std/fzn_lex_less_float.mzn
-- Installing: /build/libminizinc-git/pkg/libminizinc-git/usr/share/minizinc/std/fzn_value_precede_int_opt.mzn
-- Installing: /build/libminizinc-git/pkg/libminizinc-git/usr/share/minizinc/std/fzn_symmetric_all_different_reif.mzn
-- Installing: /build/libminizinc-git/pkg/libminizinc-git/usr/share/minizinc/std/fzn_writes_seq_reif.mzn
-- Installing: /build/libminizinc-git/pkg/libminizinc-git/usr/share/minizinc/std/arg_max_bool.mzn.deprecated.mzn
-- Installing: /build/libminizinc-git/pkg/libminizinc-git/usr/share/minizinc/std/all_different_int.mzn
-- Installing: /build/libminizinc-git/pkg/libminizinc-git/usr/share/minizinc/std/element_float.mzn
-- Installing: /build/libminizinc-git/pkg/libminizinc-git/usr/share/minizinc/std/fzn_lex_chain_less_bool.mzn
-- Installing: /build/libminizinc-git/pkg/libminizinc-git/usr/share/minizinc/std/fzn_lex_less_set_reif.mzn
-- Installing: /build/libminizinc-git/pkg/libminizinc-git/usr/share/minizinc/std/roots_fn.mzn
-- Installing: /build/libminizinc-git/pkg/libminizinc-git/usr/share/minizinc/std/fzn_disjunctive_strict_opt_decomp.mzn
-- Installing: /build/libminizinc-git/pkg/libminizinc-git/usr/share/minizinc/std/fzn_arg_sort_int.mzn
-- Installing: /build/libminizinc-git/pkg/libminizinc-git/usr/share/minizinc/std/all_different_except_0.mzn.deprecated.mzn
-- Installing: /build/libminizinc-git/pkg/libminizinc-git/usr/share/minizinc/std/among_fn.mzn
-- Installing: /build/libminizinc-git/pkg/libminizinc-git/usr/share/minizinc/std/fzn_bin_packing_capa_opt.mzn
-- Installing: /build/libminizinc-git/pkg/libminizinc-git/usr/share/minizinc/std/fzn_subgraph_int_reif.mzn
-- Installing: /build/libminizinc-git/pkg/libminizinc-git/usr/share/minizinc/std/flatzinc_builtins.mzn
-- Installing: /build/libminizinc-git/pkg/libminizinc-git/usr/share/minizinc/std/diffn_nonstrict_k.mzn
-- Installing: /build/libminizinc-git/pkg/libminizinc-git/usr/share/minizinc/std/fzn_knapsack.mzn
-- Installing: /build/libminizinc-git/pkg/libminizinc-git/usr/share/minizinc/std/fzn_arg_val_float_opt.mzn
-- Installing: /build/libminizinc-git/pkg/libminizinc-git/usr/share/minizinc/std/arg_min_int.mzn.deprecated.mzn
-- Installing: /build/libminizinc-git/pkg/libminizinc-git/usr/share/minizinc/std/arg_min_float.mzn.deprecated.mzn
-- Installing: /build/libminizinc-git/pkg/libminizinc-git/usr/share/minizinc/std/fzn_global_cardinality_opt.mzn
-- Installing: /build/libminizinc-git/pkg/libminizinc-git/usr/share/minizinc/std/nosets.mzn
-- Installing: /build/libminizinc-git/pkg/libminizinc-git/usr/share/minizinc/std/fzn_if_then_else_opt_int.mzn
-- Installing: /build/libminizinc-git/pkg/libminizinc-git/usr/share/minizinc/std/fzn_count_leq_bool_par_reif.mzn
-- Installing: /build/libminizinc-git/pkg/libminizinc-git/usr/share/minizinc/std/fzn_count_eq_bool_par.mzn
-- Installing: /build/libminizinc-git/pkg/libminizinc-git/usr/share/minizinc/std/lex_chain_lesseq_bool.mzn
-- Installing: /build/libminizinc-git/pkg/libminizinc-git/usr/share/minizinc/std/lex_less_set.mzn
-- Installing: /build/libminizinc-git/pkg/libminizinc-git/usr/share/minizinc/std/fzn_connected.mzn
-- Installing: /build/libminizinc-git/pkg/libminizinc-git/usr/share/minizinc/std/count_neq.mzn
-- Installing: /build/libminizinc-git/pkg/libminizinc-git/usr/share/minizinc/std/decreasing_int.mzn.deprecated.mzn
-- Installing: /build/libminizinc-git/pkg/libminizinc-git/usr/share/minizinc/std/fzn_cumulative.mzn
-- Installing: /build/libminizinc-git/pkg/libminizinc-git/usr/share/minizinc/std/lex_less_set.mzn.deprecated.mzn
-- Installing: /build/libminizinc-git/pkg/libminizinc-git/usr/share/minizinc/std/bin_packing_load_fn.mzn
-- Installing: /build/libminizinc-git/pkg/libminizinc-git/usr/share/minizinc/std/fzn_alldifferent_except_0.mzn
-- Installing: /build/libminizinc-git/pkg/libminizinc-git/usr/share/minizinc/std/arg_min_int.mzn
-- Installing: /build/libminizinc-git/pkg/libminizinc-git/usr/share/minizinc/std/piecewise_linear.mzn
-- Installing: /build/libminizinc-git/pkg/libminizinc-git/usr/share/minizinc/std/fzn_count_lt_par_reif.mzn
-- Installing: /build/libminizinc-git/pkg/libminizinc-git/usr/share/minizinc/std/fzn_global_cardinality_low_up_set.mzn
-- Installing: /build/libminizinc-git/pkg/libminizinc-git/usr/share/minizinc/std/fzn_circuit_reif.mzn
-- Installing: /build/libminizinc-git/pkg/libminizinc-git/usr/share/minizinc/std/fzn_dag.mzn
-- Installing: /build/libminizinc-git/pkg/libminizinc-git/usr/share/minizinc/std/fzn_lex_chain_less_int.mzn
-- Installing: /build/libminizinc-git/pkg/libminizinc-git/usr/share/minizinc/std/fzn_dwst.mzn
-- Installing: /build/libminizinc-git/pkg/libminizinc-git/usr/share/minizinc/std/fzn_link_set_to_booleans.mzn
-- Installing: /build/libminizinc-git/pkg/libminizinc-git/usr/share/minizinc/std/fzn_lex_chain_lesseq_orbitope.mzn
-- Installing: /build/libminizinc-git/pkg/libminizinc-git/usr/share/minizinc/std/fzn_count_leq_bool_par.mzn
-- Installing: /build/libminizinc-git/pkg/libminizinc-git/usr/share/minizinc/std/fzn_increasing_bool_opt.mzn
-- Installing: /build/libminizinc-git/pkg/libminizinc-git/usr/share/minizinc/std/fzn_dtree_int.mzn
-- Installing: /build/libminizinc-git/pkg/libminizinc-git/usr/share/minizinc/std/fzn_dtree_enum.mzn
-- Installing: /build/libminizinc-git/pkg/libminizinc-git/usr/share/minizinc/std/mdd.mzn
-- Installing: /build/libminizinc-git/pkg/libminizinc-git/usr/share/minizinc/std/all_different_int.mzn.deprecated.mzn
-- Installing: /build/libminizinc-git/pkg/libminizinc-git/usr/share/minizinc/std/fzn_lex_lesseq_set.mzn
-- Installing: /build/libminizinc-git/pkg/libminizinc-git/usr/share/minizinc/std/fzn_strict_lex2.mzn
-- Installing: /build/libminizinc-git/pkg/libminizinc-git/usr/share/minizinc/std/fzn_arg_val_float.mzn
-- Installing: /build/libminizinc-git/pkg/libminizinc-git/usr/share/minizinc/std/fzn_link_set_to_booleans_reif.mzn
-- Installing: /build/libminizinc-git/pkg/libminizinc-git/usr/share/minizinc/std/fzn_table_int_reif.mzn
-- Installing: /build/libminizinc-git/pkg/libminizinc-git/usr/share/minizinc/std/fzn_range_reif.mzn
-- Installing: /build/libminizinc-git/pkg/libminizinc-git/usr/share/minizinc/std/subgraph.mzn
-- Installing: /build/libminizinc-git/pkg/libminizinc-git/usr/share/minizinc/std/fzn_count_leq_set_reif.mzn
-- Installing: /build/libminizinc-git/pkg/libminizinc-git/usr/share/minizinc/std/arg_max_int.mzn.deprecated.mzn
-- Installing: /build/libminizinc-git/pkg/libminizinc-git/usr/share/minizinc/std/lex_lesseq_float.mzn.deprecated.mzn
-- Installing: /build/libminizinc-git/pkg/libminizinc-git/usr/share/minizinc/std/value_precede_chain_set.mzn.deprecated.mzn
-- Installing: /build/libminizinc-git/pkg/libminizinc-git/usr/share/minizinc/std/at_most.mzn
-- Installing: /build/libminizinc-git/pkg/libminizinc-git/usr/share/minizinc/std/decreasing_set.mzn
-- Installing: /build/libminizinc-git/pkg/libminizinc-git/usr/share/minizinc/std/redefinitions-2.0.mzn
-- Installing: /build/libminizinc-git/pkg/libminizinc-git/usr/share/minizinc/std/cumulatives_opt.mzn
-- Installing: /build/libminizinc-git/pkg/libminizinc-git/usr/share/minizinc/std/fzn_count_neq_float_reif.mzn
-- Installing: /build/libminizinc-git/pkg/libminizinc-git/usr/share/minizinc/std/count_lt.mzn
-- Installing: /build/libminizinc-git/pkg/libminizinc-git/usr/share/minizinc/std/fzn_path_enum_reif.mzn
-- Installing: /build/libminizinc-git/pkg/libminizinc-git/usr/share/minizinc/std/fzn_count_leq_reif.mzn
-- Installing: /build/libminizinc-git/pkg/libminizinc-git/usr/share/minizinc/std/fzn_regular_nfa_set_reif.mzn
-- Installing: /build/libminizinc-git/pkg/libminizinc-git/usr/share/minizinc/std/disjunctive_opt.mzn
-- Installing: /build/libminizinc-git/pkg/libminizinc-git/usr/share/minizinc/std/lex_lesseq_float.mzn
-- Installing: /build/libminizinc-git/pkg/libminizinc-git/usr/share/minizinc/std/fzn_lex_chain_lesseq_int_reif.mzn
-- Installing: /build/libminizinc-git/pkg/libminizinc-git/usr/share/minizinc/std/increasing_bool.mzn
-- Installing: /build/libminizinc-git/pkg/libminizinc-git/usr/share/minizinc/std/sum_set.mzn
-- Installing: /build/libminizinc-git/pkg/libminizinc-git/usr/share/minizinc/std/fzn_count_leq_par.mzn
-- Installing: /build/libminizinc-git/pkg/libminizinc-git/usr/share/minizinc/std/decreasing_int.mzn
-- Installing: /build/libminizinc-git/pkg/libminizinc-git/usr/share/minizinc/std/all_different_except_0.mzn
-- Installing: /build/libminizinc-git/pkg/libminizinc-git/usr/share/minizinc/std/fzn_count_lt_bool.mzn
-- Installing: /build/libminizinc-git/pkg/libminizinc-git/usr/share/minizinc/std/lex_chain_less_bool.mzn.deprecated.mzn
-- Installing: /build/libminizinc-git/pkg/libminizinc-git/usr/share/minizinc/std/fzn_sum_set_reif.mzn
-- Installing: /build/libminizinc-git/pkg/libminizinc-git/usr/share/minizinc/std/inverse_set.mzn
-- Installing: /build/libminizinc-git/pkg/libminizinc-git/usr/share/minizinc/std/fzn_arg_sort_float.mzn
-- Installing: /build/libminizinc-git/pkg/libminizinc-git/usr/share/minizinc/std/lex_lesseq_int.mzn.deprecated.mzn
-- Installing: /build/libminizinc-git/pkg/libminizinc-git/usr/share/minizinc/std/fzn_value_precede_set.mzn
-- Installing: /build/libminizinc-git/pkg/libminizinc-git/usr/share/minizinc/std/lex_chain_greatereq.mzn
-- Installing: /build/libminizinc-git/pkg/libminizinc-git/usr/share/minizinc/std/cumulatives.mzn
-- Installing: /build/libminizinc-git/pkg/libminizinc-git/usr/share/minizinc/std/fzn_count_neq_par_reif.mzn
-- Installing: /build/libminizinc-git/pkg/libminizinc-git/usr/share/minizinc/std/fzn_at_most_set_reif.mzn
-- Installing: /build/libminizinc-git/pkg/libminizinc-git/usr/share/minizinc/std/lex_lesseq_set.mzn.deprecated.mzn
-- Installing: /build/libminizinc-git/pkg/libminizinc-git/usr/share/minizinc/std/lex_chain_less_int.mzn.deprecated.mzn
-- Installing: /build/libminizinc-git/pkg/libminizinc-git/usr/share/minizinc/std/fzn_global_cardinality_closed.mzn
-- Installing: /build/libminizinc-git/pkg/libminizinc-git/usr/share/minizinc/std/output
-- Installing: /build/libminizinc-git/pkg/libminizinc-git/usr/share/minizinc/std/output/gantt.mzn
-- Installing: /build/libminizinc-git/pkg/libminizinc-git/usr/share/minizinc/std/output/array2d_bool.mzn
-- Installing: /build/libminizinc-git/pkg/libminizinc-git/usr/share/minizinc/std/fzn_member_bool.mzn
-- Installing: /build/libminizinc-git/pkg/libminizinc-git/usr/share/minizinc/std/fzn_strictly_increasing_int.mzn
-- Installing: /build/libminizinc-git/pkg/libminizinc-git/usr/share/minizinc/std/lex_chain_less_bool.mzn
-- Installing: /build/libminizinc-git/pkg/libminizinc-git/usr/share/minizinc/std/fzn_lex_lesseq_float.mzn
-- Installing: /build/libminizinc-git/pkg/libminizinc-git/usr/share/minizinc/std/fzn_count_lt_float_par.mzn
-- Installing: /build/libminizinc-git/pkg/libminizinc-git/usr/share/minizinc/std/fzn_tree_int_reif.mzn
-- Installing: /build/libminizinc-git/pkg/libminizinc-git/usr/share/minizinc/std/fzn_var_perm_sym.mzn
-- Installing: /build/libminizinc-git/pkg/libminizinc-git/usr/share/minizinc/std/all_different_except.mzn.deprecated.mzn
-- Installing: /build/libminizinc-git/pkg/libminizinc-git/usr/share/minizinc/std/fzn_all_equal_int_reif.mzn
-- Installing: /build/libminizinc-git/pkg/libminizinc-git/usr/share/minizinc/std/global_cardinality.mzn
-- Installing: /build/libminizinc-git/pkg/libminizinc-git/usr/share/minizinc/std/fzn_increasing_int.mzn
-- Installing: /build/libminizinc-git/pkg/libminizinc-git/usr/share/minizinc/std/fzn_inverse_set_reif.mzn
-- Installing: /build/libminizinc-git/pkg/libminizinc-git/usr/share/minizinc/std/fzn_circuit_opt_reif.mzn
-- Installing: /build/libminizinc-git/pkg/libminizinc-git/usr/share/minizinc/std/fzn_wst.mzn
-- Installing: /build/libminizinc-git/pkg/libminizinc-git/usr/share/minizinc/std/fzn_all_different_int.mzn
-- Installing: /build/libminizinc-git/pkg/libminizinc-git/usr/share/minizinc/std/fzn_span_reif.mzn
-- Installing: /build/libminizinc-git/pkg/libminizinc-git/usr/share/minizinc/std/fzn_bin_packing_opt.mzn
-- Installing: /build/libminizinc-git/pkg/libminizinc-git/usr/share/minizinc/std/fzn_count_eq_set_reif.mzn
-- Installing: /build/libminizinc-git/pkg/libminizinc-git/usr/share/minizinc/std/fzn_range.mzn
-- Installing: /build/libminizinc-git/pkg/libminizinc-git/usr/share/minizinc/std/fzn_count_lt_reif.mzn
-- Installing: /build/libminizinc-git/pkg/libminizinc-git/usr/share/minizinc/std/fzn_bin_packing.mzn
-- Installing: /build/libminizinc-git/pkg/libminizinc-git/usr/share/minizinc/std/fzn_regular_set.mzn
-- Installing: /build/libminizinc-git/pkg/libminizinc-git/usr/share/minizinc/std/distribute_fn.mzn
-- Installing: /build/libminizinc-git/pkg/libminizinc-git/usr/share/minizinc/std/fzn_lex_less_int.mzn
-- Installing: /build/libminizinc-git/pkg/libminizinc-git/usr/share/minizinc/std/fzn_circuit_opt.mzn
-- Installing: /build/libminizinc-git/pkg/libminizinc-git/usr/share/minizinc/std/arg_sort.mzn
-- Installing: /build/libminizinc-git/pkg/libminizinc-git/usr/share/minizinc/std/fzn_count_geq_float_par_reif.mzn
-- Installing: /build/libminizinc-git/pkg/libminizinc-git/usr/share/minizinc/std/fzn_count_geq_set_reif.mzn
-- Installing: /build/libminizinc-git/pkg/libminizinc-git/usr/share/minizinc/std/fzn_knapsack_reif.mzn
-- Installing: /build/libminizinc-git/pkg/libminizinc-git/usr/share/minizinc/std/lex_chain_lesseq_int.mzn.deprecated.mzn
-- Installing: /build/libminizinc-git/pkg/libminizinc-git/usr/share/minizinc/std/fzn_lex_chain_less_bool_reif.mzn
-- Installing: /build/libminizinc-git/pkg/libminizinc-git/usr/share/minizinc/std/fzn_count_neq_par.mzn
-- Installing: /build/libminizinc-git/pkg/libminizinc-git/usr/share/minizinc/std/fzn_bin_packing_capa.mzn
-- Installing: /build/libminizinc-git/pkg/libminizinc-git/usr/share/minizinc/std/all_different_except.mzn
-- Installing: /build/libminizinc-git/pkg/libminizinc-git/usr/share/minizinc/std/fzn_regular_nfa.mzn
-- Installing: /build/libminizinc-git/pkg/libminizinc-git/usr/share/minizinc/std/redefinitions.mzn
-- Installing: /build/libminizinc-git/pkg/libminizinc-git/usr/share/minizinc/std/seq_precede_chain.mzn
-- Installing: /build/libminizinc-git/pkg/libminizinc-git/usr/share/minizinc/std/fzn_partition_set_reif.mzn
-- Installing: /build/libminizinc-git/pkg/libminizinc-git/usr/share/minizinc/std/fzn_bounded_path_enum.mzn
-- Installing: /build/libminizinc-git/pkg/libminizinc-git/usr/share/minizinc/std/fzn_mdd_nondet_reif.mzn
-- Installing: /build/libminizinc-git/pkg/libminizinc-git/usr/share/minizinc/std/fzn_count_lt_set_reif.mzn
-- Installing: /build/libminizinc-git/pkg/libminizinc-git/usr/share/minizinc/std/fzn_count_eq_reif.mzn
-- Installing: /build/libminizinc-git/pkg/libminizinc-git/usr/share/minizinc/std/fzn_exactly_set.mzn
-- Installing: /build/libminizinc-git/pkg/libminizinc-git/usr/share/minizinc/std/fzn_cumulatives_opt.mzn
-- Installing: /build/libminizinc-git/pkg/libminizinc-git/usr/share/minizinc/std/fzn_count_geq_set.mzn
-- Installing: /build/libminizinc-git/pkg/libminizinc-git/usr/share/minizinc/std/fzn_count_lt_float.mzn
-- Installing: /build/libminizinc-git/pkg/libminizinc-git/usr/share/minizinc/std/fzn_count_neq_reif.mzn
-- Installing: /build/libminizinc-git/pkg/libminizinc-git/usr/share/minizinc/std/regular.mzn
-- Installing: /build/libminizinc-git/pkg/libminizinc-git/usr/share/minizinc/std/fzn_dsteiner.mzn
-- Installing: /build/libminizinc-git/pkg/libminizinc-git/usr/share/minizinc/std/fzn_if_then_else_int.mzn
-- Installing: /build/libminizinc-git/pkg/libminizinc-git/usr/share/minizinc/std/fzn_all_equal_set.mzn
-- Installing: /build/libminizinc-git/pkg/libminizinc-git/usr/share/minizinc/std/fzn_global_cardinality_closed_reif.mzn
-- Installing: /build/libminizinc-git/pkg/libminizinc-git/usr/share/minizinc/std/cumulative.mzn
-- Installing: /build/libminizinc-git/pkg/libminizinc-git/usr/share/minizinc/std/fzn_table_int.mzn
-- Installing: /build/libminizinc-git/pkg/libminizinc-git/usr/share/minizinc/std/fzn_count_neq_bool_par_reif.mzn
-- Installing: /build/libminizinc-git/pkg/libminizinc-git/usr/share/minizinc/std/arg_sort_float.mzn
-- Installing: /build/libminizinc-git/pkg/libminizinc-git/usr/share/minizinc/std/fzn_lex2_reif.mzn
-- Installing: /build/libminizinc-git/pkg/libminizinc-git/usr/share/minizinc/std/fzn_dpath_int.mzn
-- Installing: /build/libminizinc-git/pkg/libminizinc-git/usr/share/minizinc/std/fzn_count_gt_float_reif.mzn
-- Installing: /build/libminizinc-git/pkg/libminizinc-git/usr/share/minizinc/std/redefinitions-2.7.1.mzn
-- Installing: /build/libminizinc-git/pkg/libminizinc-git/usr/share/minizinc/std/decreasing_bool.mzn.deprecated.mzn
-- Installing: /build/libminizinc-git/pkg/libminizinc-git/usr/share/minizinc/std/increasing_float.mzn
-- Installing: /build/libminizinc-git/pkg/libminizinc-git/usr/share/minizinc/std/fzn_count_geq_bool_par.mzn
-- Installing: /build/libminizinc-git/pkg/libminizinc-git/usr/share/minizinc/std/fzn_count_eq_float_par_reif.mzn
-- Installing: /build/libminizinc-git/pkg/libminizinc-git/usr/share/minizinc/std/fzn_count_leq_set_par.mzn
-- Installing: /build/libminizinc-git/pkg/libminizinc-git/usr/share/minizinc/std/fzn_arg_val_bool_opt.mzn
-- Installing: /build/libminizinc-git/pkg/libminizinc-git/usr/share/minizinc/std/fzn_disjunctive_strict_opt_reif.mzn
-- Installing: /build/libminizinc-git/pkg/libminizinc-git/usr/share/minizinc/std/fzn_count_gt_par_reif.mzn
-- Installing: /build/libminizinc-git/pkg/libminizinc-git/usr/share/minizinc/std/alldifferent_except.mzn
-- Installing: /build/libminizinc-git/pkg/libminizinc-git/usr/share/minizinc/std/fzn_lex_lesseq_bool.mzn
-- Installing: /build/libminizinc-git/pkg/libminizinc-git/usr/share/minizinc/std/fzn_global_cardinality_low_up_closed_opt.mzn
-- Installing: /build/libminizinc-git/pkg/libminizinc-git/usr/share/minizinc/std/fzn_arg_max_float.mzn
-- Installing: /build/libminizinc-git/pkg/libminizinc-git/usr/share/minizinc/std/roots.mzn
-- Installing: /build/libminizinc-git/pkg/libminizinc-git/usr/share/minizinc/std/fzn_count_eq_set_par.mzn
-- Installing: /build/libminizinc-git/pkg/libminizinc-git/usr/share/minizinc/std/lex2.mzn
-- Installing: /build/libminizinc-git/pkg/libminizinc-git/usr/share/minizinc/std/fzn_wst_reif.mzn
-- Installing: /build/libminizinc-git/pkg/libminizinc-git/usr/share/minizinc/std/fzn_count_gt_bool_reif.mzn
-- Installing: /build/libminizinc-git/pkg/libminizinc-git/usr/share/minizinc/std/fzn_increasing_float_reif.mzn
-- Installing: /build/libminizinc-git/pkg/libminizinc-git/usr/share/minizinc/std/at_least_set.mzn
-- Installing: /build/libminizinc-git/pkg/libminizinc-git/usr/share/minizinc/std/fzn_exactly_set_reif.mzn
-- Installing: /build/libminizinc-git/pkg/libminizinc-git/usr/share/minizinc/std/lex_less_int.mzn.deprecated.mzn
-- Installing: /build/libminizinc-git/pkg/libminizinc-git/usr/share/minizinc/std/fzn_value_precede_set_reif.mzn
-- Installing: /build/libminizinc-git/pkg/libminizinc-git/usr/share/minizinc/std/value_precede_chain_set.mzn
-- Installing: /build/libminizinc-git/pkg/libminizinc-git/usr/share/minizinc/std/diffn_nonstrict.mzn
-- Installing: /build/libminizinc-git/pkg/libminizinc-git/usr/share/minizinc/std/fzn_lex_less_int_reif.mzn
-- Installing: /build/libminizinc-git/pkg/libminizinc-git/usr/share/minizinc/std/fzn_disjoint_reif.mzn
-- Installing: /build/libminizinc-git/pkg/libminizinc-git/usr/share/minizinc/std/fzn_table_int_opt.mzn
-- Installing: /build/libminizinc-git/pkg/libminizinc-git/usr/share/minizinc/std/fzn_increasing_bool.mzn
-- Installing: /build/libminizinc-git/pkg/libminizinc-git/usr/share/minizinc/std/fzn_piecewise_linear_reif.mzn
-- Installing: /build/libminizinc-git/pkg/libminizinc-git/usr/share/minizinc/std/all_different.mzn
-- Installing: /build/libminizinc-git/pkg/libminizinc-git/usr/share/minizinc/std/fzn_at_most_int_reif.mzn
-- Installing: /build/libminizinc-git/pkg/libminizinc-git/usr/share/minizinc/std/fzn_among_reif.mzn
-- Installing: /build/libminizinc-git/pkg/libminizinc-git/usr/share/minizinc/std/fzn_writes_seq.mzn
-- Installing: /build/libminizinc-git/pkg/libminizinc-git/usr/share/minizinc/std/fzn_count_gt_set_par.mzn
-- Installing: /build/libminizinc-git/pkg/libminizinc-git/usr/share/minizinc/std/fzn_global_cardinality_low_up_closed.mzn
-- Installing: /build/libminizinc-git/pkg/libminizinc-git/usr/share/minizinc/std/arg_sort_int.mzn.deprecated.mzn
-- Installing: /build/libminizinc-git/pkg/libminizinc-git/usr/share/minizinc/std/fzn_diffn_k_reif.mzn
-- Installing: /build/libminizinc-git/pkg/libminizinc-git/usr/share/minizinc/std/redefinitions-2.5.2.mzn
-- Installing: /build/libminizinc-git/pkg/libminizinc-git/usr/share/minizinc/std/fzn_all_disjoint.mzn
-- Installing: /build/libminizinc-git/pkg/libminizinc-git/usr/share/minizinc/std/fzn_arg_min_int_opt.mzn
-- Installing: /build/libminizinc-git/pkg/libminizinc-git/usr/share/minizinc/std/member.mzn
-- Installing: /build/libminizinc-git/pkg/libminizinc-git/usr/share/minizinc/std/lex_chain_lesseq_bool.mzn.deprecated.mzn
-- Installing: /build/libminizinc-git/pkg/libminizinc-git/usr/share/minizinc/std/strictly_increasing.mzn
-- Installing: /build/libminizinc-git/pkg/libminizinc-git/usr/share/minizinc/std/fzn_cost_mdd.mzn
-- Installing: /build/libminizinc-git/pkg/libminizinc-git/usr/share/minizinc/std/fzn_count_lt_float_reif.mzn
-- Installing: /build/libminizinc-git/pkg/libminizinc-git/usr/share/minizinc/std/lex_lesseq_int.mzn
-- Installing: /build/libminizinc-git/pkg/libminizinc-git/usr/share/minizinc/std/increasing.mzn
-- Installing: /build/libminizinc-git/pkg/libminizinc-git/usr/share/minizinc/std/fzn_count_eq_bool.mzn
-- Installing: /build/libminizinc-git/pkg/libminizinc-git/usr/share/minizinc/std/fzn_increasing_float.mzn
-- Installing: /build/libminizinc-git/pkg/libminizinc-git/usr/share/minizinc/std/atleast.mzn
-- Installing: /build/libminizinc-git/pkg/libminizinc-git/usr/share/minizinc/std/fzn_count_leq_float_par_reif.mzn
-- Installing: /build/libminizinc-git/pkg/libminizinc-git/usr/share/minizinc/std/fzn_count_geq_set_par_reif.mzn
-- Installing: /build/libminizinc-git/pkg/libminizinc-git/usr/share/minizinc/std/fzn_increasing_float_opt.mzn
-- Installing: /build/libminizinc-git/pkg/libminizinc-git/usr/share/minizinc/std/fzn_value_precede_chain_int_opt.mzn
-- Installing: /build/libminizinc-git/pkg/libminizinc-git/usr/share/minizinc/std/fzn_tree_int.mzn
-- Installing: /build/libminizinc-git/pkg/libminizinc-git/usr/share/minizinc/std/fzn_if_then_else_var_opt_int.mzn
-- Installing: /build/libminizinc-git/pkg/libminizinc-git/usr/share/minizinc/std/fzn_dtree_enum_reif.mzn
-- Installing: /build/libminizinc-git/pkg/libminizinc-git/usr/share/minizinc/std/fzn_lex_lesseq_bool_reif.mzn
-- Installing: /build/libminizinc-git/pkg/libminizinc-git/usr/share/minizinc/std/fzn_strictly_increasing_float_reif.mzn
-- Installing: /build/libminizinc-git/pkg/libminizinc-git/usr/share/minizinc/std/sort_fn.mzn
-- Installing: /build/libminizinc-git/pkg/libminizinc-git/usr/share/minizinc/std/fzn_count_eq_par_reif.mzn
-- Installing: /build/libminizinc-git/pkg/libminizinc-git/usr/share/minizinc/std/int_set_channel.mzn
-- Installing: /build/libminizinc-git/pkg/libminizinc-git/usr/share/minizinc/std/fzn_arg_sort_int_reif.mzn
-- Installing: /build/libminizinc-git/pkg/libminizinc-git/usr/share/minizinc/std/partition_set.mzn
-- Installing: /build/libminizinc-git/pkg/libminizinc-git/usr/share/minizinc/std/fzn_if_then_else_var_opt_float.mzn
-- Installing: /build/libminizinc-git/pkg/libminizinc-git/usr/share/minizinc/std/fzn_bounded_dpath_int.mzn
-- Installing: /build/libminizinc-git/pkg/libminizinc-git/usr/share/minizinc/std/fzn_geost_bb.mzn
-- Installing: /build/libminizinc-git/pkg/libminizinc-git/usr/share/minizinc/std/fzn_geost.mzn
-- Installing: /build/libminizinc-git/pkg/libminizinc-git/usr/share/minizinc/std/fzn_global_cardinality_closed_set.mzn
-- Installing: /build/libminizinc-git/pkg/libminizinc-git/usr/share/minizinc/std/disjunctive_strict.mzn
-- Installing: /build/libminizinc-git/pkg/libminizinc-git/usr/share/minizinc/std/var_perm_sym.mzn
-- Installing: /build/libminizinc-git/pkg/libminizinc-git/usr/share/minizinc/std/fzn_dsteiner_reif.mzn
-- Installing: /build/libminizinc-git/pkg/libminizinc-git/usr/share/minizinc/std/fzn_count_neq_float_par_reif.mzn
-- Installing: /build/libminizinc-git/pkg/libminizinc-git/usr/share/minizinc/std/fzn_arg_min_float.mzn
-- Installing: /build/libminizinc-git/pkg/libminizinc-git/usr/share/minizinc/std/fzn_table_bool_reif.mzn
-- Installing: /build/libminizinc-git/pkg/libminizinc-git/usr/share/minizinc/std/nvalue.mzn
-- Installing: /build/libminizinc-git/pkg/libminizinc-git/usr/share/minizinc/std/experimental
-- Installing: /build/libminizinc-git/pkg/libminizinc-git/usr/share/minizinc/std/experimental/on_restart
-- Installing: /build/libminizinc-git/pkg/libminizinc-git/usr/share/minizinc/std/experimental/on_restart/fzn_on_restart_complete.mzn
-- Installing: /build/libminizinc-git/pkg/libminizinc-git/usr/share/minizinc/std/experimental/on_restart/fzn_on_restart_sol_set.mzn
-- Installing: /build/libminizinc-git/pkg/libminizinc-git/usr/share/minizinc/std/experimental/on_restart/fzn_on_restart_status.mzn
-- Installing: /build/libminizinc-git/pkg/libminizinc-git/usr/share/minizinc/std/experimental/on_restart/fzn_on_restart_sol_bool.mzn
-- Installing: /build/libminizinc-git/pkg/libminizinc-git/usr/share/minizinc/std/experimental/on_restart/fzn_on_restart_uniform_float.mzn
-- Installing: /build/libminizinc-git/pkg/libminizinc-git/usr/share/minizinc/std/experimental/on_restart/fzn_on_restart_last_val_set.mzn
-- Installing: /build/libminizinc-git/pkg/libminizinc-git/usr/share/minizinc/std/experimental/on_restart/fzn_on_restart_sol_int.mzn
-- Installing: /build/libminizinc-git/pkg/libminizinc-git/usr/share/minizinc/std/experimental/on_restart/fzn_on_restart_uniform_int.mzn
-- Installing: /build/libminizinc-git/pkg/libminizinc-git/usr/share/minizinc/std/experimental/on_restart/fzn_on_restart_last_val_int.mzn
-- Installing: /build/libminizinc-git/pkg/libminizinc-git/usr/share/minizinc/std/experimental/on_restart/fzn_on_restart_last_val_float.mzn
-- Installing: /build/libminizinc-git/pkg/libminizinc-git/usr/share/minizinc/std/experimental/on_restart/fzn_on_restart_last_val_bool.mzn
-- Installing: /build/libminizinc-git/pkg/libminizinc-git/usr/share/minizinc/std/experimental/on_restart/fzn_on_restart_sol_float.mzn
-- Installing: /build/libminizinc-git/pkg/libminizinc-git/usr/share/minizinc/std/experimental/assume.mzn
-- Installing: /build/libminizinc-git/pkg/libminizinc-git/usr/share/minizinc/std/experimental/blackbox.mzn
-- Installing: /build/libminizinc-git/pkg/libminizinc-git/usr/share/minizinc/std/experimental/all.mzn
-- Installing: /build/libminizinc-git/pkg/libminizinc-git/usr/share/minizinc/std/experimental/blackbox
-- Installing: /build/libminizinc-git/pkg/libminizinc-git/usr/share/minizinc/std/experimental/blackbox/fzn_blackbox_bounds.mzn
-- Installing: /build/libminizinc-git/pkg/libminizinc-git/usr/share/minizinc/std/experimental/blackbox/fzn_blackbox.mzn
-- Installing: /build/libminizinc-git/pkg/libminizinc-git/usr/share/minizinc/std/experimental/assume
-- Installing: /build/libminizinc-git/pkg/libminizinc-git/usr/share/minizinc/std/experimental/assume/fzn_assume.mzn
-- Installing: /build/libminizinc-git/pkg/libminizinc-git/usr/share/minizinc/std/experimental/on_restart.mzn
-- Installing: /build/libminizinc-git/pkg/libminizinc-git/usr/share/minizinc/std/lex_greater.mzn
-- Installing: /build/libminizinc-git/pkg/libminizinc-git/usr/share/minizinc/std/decreasing_float.mzn.deprecated.mzn
-- Installing: /build/libminizinc-git/pkg/libminizinc-git/usr/share/minizinc/std/at_least.mzn.deprecated.mzn
-- Installing: /build/libminizinc-git/pkg/libminizinc-git/usr/share/minizinc/std/fzn_path_int_reif.mzn
-- Installing: /build/libminizinc-git/pkg/libminizinc-git/usr/share/minizinc/std/lex_chain_less_int.mzn
-- Installing: /build/libminizinc-git/pkg/libminizinc-git/usr/share/minizinc/std/fzn_count_gt.mzn
-- Installing: /build/libminizinc-git/pkg/libminizinc-git/usr/share/minizinc/std/fzn_strictly_increasing_int_opt.mzn
-- Installing: /build/libminizinc-git/pkg/libminizinc-git/usr/share/minizinc/std/fzn_inverse_reif.mzn
-- Installing: /build/libminizinc-git/pkg/libminizinc-git/usr/share/minizinc/std/distribute.mzn
-- Installing: /build/libminizinc-git/pkg/libminizinc-git/usr/share/minizinc/std/fzn_count_geq_reif.mzn
-- Installing: /build/libminizinc-git/pkg/libminizinc-git/usr/share/minizinc/std/fzn_at_least_int.mzn
-- Installing: /build/libminizinc-git/pkg/libminizinc-git/usr/share/minizinc/std/fzn_arg_max_bool_opt.mzn
-- Installing: /build/libminizinc-git/pkg/libminizinc-git/usr/share/minizinc/std/fzn_int_set_channel_reif.mzn
-- Installing: /build/libminizinc-git/pkg/libminizinc-git/usr/share/minizinc/std/fzn_disjunctive_strict_opt.mzn
-- Installing: /build/libminizinc-git/pkg/libminizinc-git/usr/share/minizinc/std/cumulatives_opt.mzn.deprecated.mzn
-- Installing: /build/libminizinc-git/pkg/libminizinc-git/usr/share/minizinc/std/fzn_network_flow_cost.mzn
-- Installing: /build/libminizinc-git/pkg/libminizinc-git/usr/share/minizinc/std/fzn_int_set_channel.mzn
-- Installing: /build/libminizinc-git/pkg/libminizinc-git/usr/share/minizinc/std/redefinitions-2.1.1.mzn
-- Installing: /build/libminizinc-git/pkg/libminizinc-git/usr/share/minizinc/std/regular_regexp.mzn
-- Installing: /build/libminizinc-git/pkg/libminizinc-git/usr/share/minizinc/std/knapsack.mzn
-- Installing: /build/libminizinc-git/pkg/libminizinc-git/usr/share/minizinc/std/nvalue_fn.mzn
-- Installing: /build/libminizinc-git/pkg/libminizinc-git/usr/share/minizinc/std/fzn_count_leq_par_reif.mzn
-- Installing: /build/libminizinc-git/pkg/libminizinc-git/usr/share/minizinc/std/fzn_count_gt_bool.mzn
-- Installing: /build/libminizinc-git/pkg/libminizinc-git/usr/share/minizinc/std/range_fn.mzn
-- Installing: /build/libminizinc-git/pkg/libminizinc-git/usr/share/minizinc/std/decreasing.mzn
-- Installing: /build/libminizinc-git/pkg/libminizinc-git/usr/share/minizinc/std/count_gt.mzn
-- Installing: /build/libminizinc-git/pkg/libminizinc-git/usr/share/minizinc/std/fzn_bounded_path_int_reif.mzn
-- Installing: /build/libminizinc-git/pkg/libminizinc-git/usr/share/minizinc/std/fzn_alldifferent_except.mzn
-- Installing: /build/libminizinc-git/pkg/libminizinc-git/usr/share/minizinc/std/fzn_increasing_int_reif.mzn
-- Installing: /build/libminizinc-git/pkg/libminizinc-git/usr/share/minizinc/std/inverse_fn.mzn
-- Installing: /build/libminizinc-git/pkg/libminizinc-git/usr/share/minizinc/std/fzn_steiner.mzn
-- Installing: /build/libminizinc-git/pkg/libminizinc-git/usr/share/minizinc/std/fzn_global_cardinality_low_up.mzn
-- Installing: /build/libminizinc-git/pkg/libminizinc-git/usr/share/minizinc/std/fzn_all_different_int_opt.mzn
-- Installing: /build/libminizinc-git/pkg/libminizinc-git/usr/share/minizinc/std/fzn_alternative.mzn
-- Installing: /build/libminizinc-git/pkg/libminizinc-git/usr/share/minizinc/std/globals.mzn
-- Installing: /build/libminizinc-git/pkg/libminizinc-git/usr/share/minizinc/std/fzn_strictly_increasing_set_reif.mzn
-- Installing: /build/libminizinc-git/pkg/libminizinc-git/usr/share/minizinc/std/at_most.mzn.deprecated.mzn
-- Installing: /build/libminizinc-git/pkg/libminizinc-git/usr/share/minizinc/std/fzn_all_different_set.mzn
-- Installing: /build/libminizinc-git/pkg/libminizinc-git/usr/share/minizinc/std/fzn_all_different_int_reif.mzn
-- Installing: /build/libminizinc-git/pkg/libminizinc-git/usr/share/minizinc/std/value_precede_chain.mzn
-- Installing: /build/libminizinc-git/pkg/libminizinc-git/usr/share/minizinc/std/fzn_cumulatives_decomp.mzn
-- Installing: /build/libminizinc-git/pkg/libminizinc-git/usr/share/minizinc/std/fzn_at_least_set.mzn
-- Installing: /build/libminizinc-git/pkg/libminizinc-git/usr/share/minizinc/std/fzn_distribute.mzn
-- Installing: /build/libminizinc-git/pkg/libminizinc-git/usr/share/minizinc/std/fzn_count_neq.mzn
-- Installing: /build/libminizinc-git/pkg/libminizinc-git/usr/share/minizinc/std/table_bool.mzn.deprecated.mzn
-- Installing: /build/libminizinc-git/pkg/libminizinc-git/usr/share/minizinc/std/bin_packing.mzn
-- Installing: /build/libminizinc-git/pkg/libminizinc-git/usr/share/minizinc/std/fzn_global_cardinality_low_up_closed_reif.mzn
-- Installing: /build/libminizinc-git/pkg/libminizinc-git/usr/share/minizinc/std/fzn_exactly_int.mzn
-- Installing: /build/libminizinc-git/pkg/libminizinc-git/usr/share/minizinc/std/fzn_cost_regular.mzn
-- Installing: /build/libminizinc-git/pkg/libminizinc-git/usr/share/minizinc/std/fzn_writes.mzn
-- Installing: /build/libminizinc-git/pkg/libminizinc-git/usr/share/minizinc/std/sum_pred.mzn
-- Installing: /build/libminizinc-git/pkg/libminizinc-git/usr/share/minizinc/std/at_most_int.mzn
-- Installing: /build/libminizinc-git/pkg/libminizinc-git/usr/share/minizinc/std/fzn_arg_val_int.mzn
-- Installing: /build/libminizinc-git/pkg/libminizinc-git/usr/share/minizinc/std/reachable.mzn
-- Installing: /build/libminizinc-git/pkg/libminizinc-git/usr/share/minizinc/std/exactly.mzn.deprecated.mzn
-- Installing: /build/libminizinc-git/pkg/libminizinc-git/usr/share/minizinc/std/diversity.mzn
-- Installing: /build/libminizinc-git/pkg/libminizinc-git/usr/share/minizinc/std/table_int.mzn.deprecated.mzn
-- Installing: /build/libminizinc-git/pkg/libminizinc-git/usr/share/minizinc/std/fzn_piecewise_linear_non_continuous.mzn
-- Installing: /build/libminizinc-git/pkg/libminizinc-git/usr/share/minizinc/std/fzn_reachable_enum_reif.mzn
-- Installing: /build/libminizinc-git/pkg/libminizinc-git/usr/share/minizinc/std/lex2_strict.mzn
-- Installing: /build/libminizinc-git/pkg/libminizinc-git/usr/share/minizinc/std/fzn_strictly_increasing_set.mzn
-- Installing: /build/libminizinc-git/pkg/libminizinc-git/usr/share/minizinc/std/fzn_increasing_int_opt.mzn
-- Installing: /build/libminizinc-git/pkg/libminizinc-git/usr/share/minizinc/std/fzn_diffn_nonstrict.mzn
-- Installing: /build/libminizinc-git/pkg/libminizinc-git/usr/share/minizinc/std/fzn_count_neq_bool_par.mzn
-- Installing: /build/libminizinc-git/pkg/libminizinc-git/usr/share/minizinc/std/lex_chain_greater.mzn
-- Installing: /build/libminizinc-git/pkg/libminizinc-git/usr/share/minizinc/std/fzn_neural_net_reif.mzn
-- Installing: /build/libminizinc-git/pkg/libminizinc-git/usr/share/minizinc/std/regular_set.mzn
-- Installing: /build/libminizinc-git/pkg/libminizinc-git/usr/share/minizinc/std/set_member.mzn
-- Installing: /build/libminizinc-git/pkg/libminizinc-git/usr/share/minizinc/std/value_precede_int.mzn.deprecated.mzn
-- Installing: /build/libminizinc-git/pkg/libminizinc-git/usr/share/minizinc/std/atmost1.mzn
-- Installing: /build/libminizinc-git/pkg/libminizinc-git/usr/share/minizinc/std/fzn_exactly_int_reif.mzn
-- Installing: /build/libminizinc-git/pkg/libminizinc-git/usr/share/minizinc/std/fzn_if_then_else_var_bool.mzn
-- Installing: /build/libminizinc-git/pkg/libminizinc-git/usr/share/minizinc/std/lex_lesseq_set.mzn
-- Installing: /build/libminizinc-git/pkg/libminizinc-git/usr/share/minizinc/std/fzn_sum_pred.mzn
-- Installing: /build/libminizinc-git/pkg/libminizinc-git/usr/share/minizinc/std/stdlib
-- Installing: /build/libminizinc-git/pkg/libminizinc-git/usr/share/minizinc/std/stdlib/stdlib_enum.mzn
-- Installing: /build/libminizinc-git/pkg/libminizinc-git/usr/share/minizinc/std/stdlib/stdlib_ann.mzn
-- Installing: /build/libminizinc-git/pkg/libminizinc-git/usr/share/minizinc/std/stdlib/stdlib_array.mzn
-- Installing: /build/libminizinc-git/pkg/libminizinc-git/usr/share/minizinc/std/stdlib/stdlib_random.mzn
-- Installing: /build/libminizinc-git/pkg/libminizinc-git/usr/share/minizinc/std/stdlib/stdlib_internal.mzn
-- Installing: /build/libminizinc-git/pkg/libminizinc-git/usr/share/minizinc/std/stdlib/stdlib_math.mzn
-- Installing: /build/libminizinc-git/pkg/libminizinc-git/usr/share/minizinc/std/stdlib/stdlib_compare.mzn
-- Installing: /build/libminizinc-git/pkg/libminizinc-git/usr/share/minizinc/std/stdlib/stdlib_language.mzn
-- Installing: /build/libminizinc-git/pkg/libminizinc-git/usr/share/minizinc/std/stdlib/stdlib_opt.mzn
-- Installing: /build/libminizinc-git/pkg/libminizinc-git/usr/share/minizinc/std/stdlib/stdlib_ite.mzn
-- Installing: /build/libminizinc-git/pkg/libminizinc-git/usr/share/minizinc/std/stdlib/stdlib_logic.mzn
-- Installing: /build/libminizinc-git/pkg/libminizinc-git/usr/share/minizinc/std/stdlib/stdlib_debug.mzn
-- Installing: /build/libminizinc-git/pkg/libminizinc-git/usr/share/minizinc/std/stdlib/stdlib_string.mzn
-- Installing: /build/libminizinc-git/pkg/libminizinc-git/usr/share/minizinc/std/stdlib/stdlib_sort.mzn
-- Installing: /build/libminizinc-git/pkg/libminizinc-git/usr/share/minizinc/std/stdlib/stdlib_reflect.mzn
-- Installing: /build/libminizinc-git/pkg/libminizinc-git/usr/share/minizinc/std/stdlib/stdlib_set.mzn
-- Installing: /build/libminizinc-git/pkg/libminizinc-git/usr/share/minizinc/std/stdlib/stdlib_coercion.mzn
-- Installing: /build/libminizinc-git/pkg/libminizinc-git/usr/share/minizinc/std/lex_chain_greatereq_orbitope.mzn
-- Installing: /build/libminizinc-git/pkg/libminizinc-git/usr/share/minizinc/std/fzn_lex_chain_lesseq_bool_reif.mzn
-- Installing: /build/libminizinc-git/pkg/libminizinc-git/usr/share/minizinc/std/cumulatives.mzn.deprecated.mzn
-- Installing: /build/libminizinc-git/pkg/libminizinc-git/usr/share/minizinc/std/exactly.mzn
-- Installing: /build/libminizinc-git/pkg/libminizinc-git/usr/share/minizinc/std/disjunctive_strict_opt.mzn
-- Installing: /build/libminizinc-git/pkg/libminizinc-git/usr/share/minizinc/std/fzn_count_neq_set.mzn
-- Installing: /build/libminizinc-git/pkg/libminizinc-git/usr/share/minizinc/std/fzn_strictly_increasing_float_opt.mzn
-- Installing: /build/libminizinc-git/pkg/libminizinc-git/usr/share/minizinc/std/sliding_sum.mzn
-- Installing: /build/libminizinc-git/pkg/libminizinc-git/usr/share/minizinc/std/value_precede_chain_int.mzn.deprecated.mzn
-- Installing: /build/libminizinc-git/pkg/libminizinc-git/usr/share/minizinc/std/arg_min_float.mzn
-- Installing: /build/libminizinc-git/pkg/libminizinc-git/usr/share/minizinc/std/fzn_count_lt_bool_reif.mzn
-- Installing: /build/libminizinc-git/pkg/libminizinc-git/usr/share/minizinc/std/fzn_seq_precede_chain_set.mzn
-- Installing: /build/libminizinc-git/pkg/libminizinc-git/usr/share/minizinc/std/fzn_regular_nfa_reif.mzn
-- Installing: /build/libminizinc-git/pkg/libminizinc-git/usr/share/minizinc/std/fzn_lex_less_bool_reif.mzn
-- Installing: /build/libminizinc-git/pkg/libminizinc-git/usr/share/minizinc/std/fzn_dwst_reif.mzn
-- Installing: /build/libminizinc-git/pkg/libminizinc-git/usr/share/minizinc/std/fzn_geost_smallest_bb.mzn
-- Installing: /build/libminizinc-git/pkg/libminizinc-git/usr/share/minizinc/std/fzn_disjunctive_reif.mzn
-- Installing: /build/libminizinc-git/pkg/libminizinc-git/usr/share/minizinc/std/fzn_member_float.mzn
-- Installing: /build/libminizinc-git/pkg/libminizinc-git/usr/share/minizinc/std/member_set.mzn.deprecated.mzn
-- Installing: /build/libminizinc-git/pkg/libminizinc-git/usr/share/minizinc/std/fzn_count_lt_set.mzn
-- Installing: /build/libminizinc-git/pkg/libminizinc-git/usr/share/minizinc/std/global_cardinality_fn.mzn
-- Installing: /build/libminizinc-git/pkg/libminizinc-git/usr/share/minizinc/std/fzn_disjoint.mzn
-- Installing: /build/libminizinc-git/pkg/libminizinc-git/usr/share/minizinc/std/fzn_at_most1_reif.mzn
-- Installing: /build/libminizinc-git/pkg/libminizinc-git/usr/share/minizinc/std/fzn_count_lt_par.mzn
-- Installing: /build/libminizinc-git/pkg/libminizinc-git/usr/share/minizinc/std/element_set.mzn
-- Installing: /build/libminizinc-git/pkg/libminizinc-git/usr/share/minizinc/std/fzn_roots.mzn
-- Installing: /build/libminizinc-git/pkg/libminizinc-git/usr/share/minizinc/std/count_geq.mzn
-- Installing: /build/libminizinc-git/pkg/libminizinc-git/usr/share/minizinc/std/fzn_lex_chain_lesseq_int.mzn
-- Installing: /build/libminizinc-git/pkg/libminizinc-git/usr/share/minizinc/std/fzn_subgraph_int.mzn
-- Installing: /build/libminizinc-git/pkg/libminizinc-git/usr/share/minizinc/std/fzn_tree_enum_reif.mzn
-- Installing: /build/libminizinc-git/pkg/libminizinc-git/usr/share/minizinc/std/cost_mdd.mzn
-- Installing: /build/libminizinc-git/pkg/libminizinc-git/usr/share/minizinc/std/fzn_dtree_int_reif.mzn
-- Installing: /build/libminizinc-git/pkg/libminizinc-git/usr/share/minizinc/std/lex_less_int.mzn
-- Installing: /build/libminizinc-git/pkg/libminizinc-git/usr/share/minizinc/std/member_bool.mzn
-- Installing: /build/libminizinc-git/pkg/libminizinc-git/usr/share/minizinc/std/subcircuit.mzn
-- Installing: /build/libminizinc-git/pkg/libminizinc-git/usr/share/minizinc/std/member_set.mzn
-- Installing: /build/libminizinc-git/pkg/libminizinc-git/usr/share/minizinc/std/arg_max.mzn
-- Installing: /build/libminizinc-git/pkg/libminizinc-git/usr/share/minizinc/std/fzn_subcircuit.mzn
-- Installing: /build/libminizinc-git/pkg/libminizinc-git/usr/share/minizinc/std/fzn_lex_chain_lesseq_orbitope_reif.mzn
-- Installing: /build/libminizinc-git/pkg/libminizinc-git/usr/share/minizinc/std/fzn_member_int.mzn
-- Installing: /build/libminizinc-git/pkg/libminizinc-git/usr/share/minizinc/std/fzn_count_neq_float_par.mzn
-- Installing: /build/libminizinc-git/pkg/libminizinc-git/usr/share/minizinc/std/fzn_lex_chain_lesseq_bool.mzn
-- Installing: /build/libminizinc-git/pkg/libminizinc-git/usr/share/minizinc/std/fzn_subcircuit_reif.mzn
-- Installing: /build/libminizinc-git/pkg/libminizinc-git/usr/share/minizinc/std/weighted_spanning_tree.mzn
-- Installing: /build/libminizinc-git/pkg/libminizinc-git/usr/share/minizinc/std/fzn_reachable_int.mzn
-- Installing: /build/libminizinc-git/pkg/libminizinc-git/usr/share/minizinc/std/fzn_count_geq_bool_par_reif.mzn
-- Installing: /build/libminizinc-git/pkg/libminizinc-git/usr/share/minizinc/std/fzn_bin_packing_reif.mzn
-- Installing: /build/libminizinc-git/pkg/libminizinc-git/usr/share/minizinc/std/global_cardinality_low_up.mzn
-- Installing: /build/libminizinc-git/pkg/libminizinc-git/usr/share/minizinc/std/fzn_count_gt_par.mzn
-- Installing: /build/libminizinc-git/pkg/libminizinc-git/usr/share/minizinc/std/fzn_count_eq_float_par.mzn
-- Installing: /build/libminizinc-git/pkg/libminizinc-git/usr/share/minizinc/std/experimental.mzn
-- Installing: /build/libminizinc-git/pkg/libminizinc-git/usr/share/minizinc/std/fzn_inverse.mzn
-- Installing: /build/libminizinc-git/pkg/libminizinc-git/usr/share/minizinc/std/fzn_count_gt_float_par_reif.mzn
-- Installing: /build/libminizinc-git/pkg/libminizinc-git/usr/share/minizinc/std/fzn_count_leq_set_par_reif.mzn
-- Installing: /build/libminizinc-git/pkg/libminizinc-git/usr/share/minizinc/std/strict_lex2.mzn
-- Installing: /build/libminizinc-git/pkg/libminizinc-git/usr/share/minizinc/std/arg_max_float.mzn
-- Installing: /build/libminizinc-git/pkg/libminizinc-git/usr/share/minizinc/std/fzn_inverse_in_range_reif.mzn
-- Installing: /build/libminizinc-git/pkg/libminizinc-git/usr/share/minizinc/std/count.mzn
-- Installing: /build/libminizinc-git/pkg/libminizinc-git/usr/share/minizinc/geas
-- Installing: /build/libminizinc-git/pkg/libminizinc-git/usr/share/minizinc/geas/fzn_global_cardinality.mzn
-- Installing: /build/libminizinc-git/pkg/libminizinc-git/usr/share/minizinc/geas/fzn_disjunctive.mzn
-- Installing: /build/libminizinc-git/pkg/libminizinc-git/usr/share/minizinc/geas/fzn_value_precede_int.mzn
-- Installing: /build/libminizinc-git/pkg/libminizinc-git/usr/share/minizinc/geas/fzn_cumulative.mzn
-- Installing: /build/libminizinc-git/pkg/libminizinc-git/usr/share/minizinc/geas/fzn_alldifferent_except_0.mzn
-- Installing: /build/libminizinc-git/pkg/libminizinc-git/usr/share/minizinc/geas/redefinitions-2.0.mzn
-- Installing: /build/libminizinc-git/pkg/libminizinc-git/usr/share/minizinc/geas/fzn_all_different_int.mzn
-- Installing: /build/libminizinc-git/pkg/libminizinc-git/usr/share/minizinc/geas/redefinitions.mzn
-- Installing: /build/libminizinc-git/pkg/libminizinc-git/usr/share/minizinc/geas/fzn_table_int.mzn
-- Installing: /build/libminizinc-git/pkg/libminizinc-git/usr/share/minizinc/geas/fzn_inverse.mzn
-- Installing: /build/libminizinc-git/pkg/libminizinc-git/usr/share/minizinc/Preferences.json
-- Up-to-date: /build/libminizinc-git/pkg/libminizinc-git/usr/include/minizinc
-- Installing: /build/libminizinc-git/pkg/libminizinc-git/usr/include/minizinc/aststring.hh
-- Installing: /build/libminizinc-git/pkg/libminizinc-git/usr/include/minizinc/htmlprinter.hh
-- Installing: /build/libminizinc-git/pkg/libminizinc-git/usr/include/minizinc/solver_instance.hh
-- Installing: /build/libminizinc-git/pkg/libminizinc-git/usr/include/minizinc/flattener.hh
-- Installing: /build/libminizinc-git/pkg/libminizinc-git/usr/include/minizinc/flatten_internal.hh
-- Installing: /build/libminizinc-git/pkg/libminizinc-git/usr/include/minizinc/warning.hh
-- Installing: /build/libminizinc-git/pkg/libminizinc-git/usr/include/minizinc/flatten.hh
-- Installing: /build/libminizinc-git/pkg/libminizinc-git/usr/include/minizinc/utils.hh
-- Installing: /build/libminizinc-git/pkg/libminizinc-git/usr/include/minizinc/solver.hh
-- Installing: /build/libminizinc-git/pkg/libminizinc-git/usr/include/minizinc/prettyprinter.hh
-- Installing: /build/libminizinc-git/pkg/libminizinc-git/usr/include/minizinc/astmap.hh
-- Installing: /build/libminizinc-git/pkg/libminizinc-git/usr/include/minizinc/type.hh
-- Installing: /build/libminizinc-git/pkg/libminizinc-git/usr/include/minizinc/values.hh
-- Installing: /build/libminizinc-git/pkg/libminizinc-git/usr/include/minizinc/utils_savestream.hh
-- Installing: /build/libminizinc-git/pkg/libminizinc-git/usr/include/minizinc/solvers
-- Installing: /build/libminizinc-git/pkg/libminizinc-git/usr/include/minizinc/solvers/gecode_solverfactory.hh
-- Installing: /build/libminizinc-git/pkg/libminizinc-git/usr/include/minizinc/solvers/chuffed_solverfactory.hh
-- Installing: /build/libminizinc-git/pkg/libminizinc-git/usr/include/minizinc/solvers/MIP
-- Installing: /build/libminizinc-git/pkg/libminizinc-git/usr/include/minizinc/solvers/MIP/MIP_solverinstance.hh
-- Installing: /build/libminizinc-git/pkg/libminizinc-git/usr/include/minizinc/solvers/MIP/MIP_highs_wrap.hh
-- Installing: /build/libminizinc-git/pkg/libminizinc-git/usr/include/minizinc/solvers/MIP/MIP_osicbc_wrap.hh
-- Installing: /build/libminizinc-git/pkg/libminizinc-git/usr/include/minizinc/solvers/MIP/MIP_cplex_solverfactory.hh
-- Installing: /build/libminizinc-git/pkg/libminizinc-git/usr/include/minizinc/solvers/MIP/MIP_wrap.hh
-- Installing: /build/libminizinc-git/pkg/libminizinc-git/usr/include/minizinc/solvers/MIP/MIP_osicbc_solverfactory.hh
-- Installing: /build/libminizinc-git/pkg/libminizinc-git/usr/include/minizinc/solvers/MIP/MIP_cplex_wrap.hh
-- Installing: /build/libminizinc-git/pkg/libminizinc-git/usr/include/minizinc/solvers/MIP/MIP_xpress_wrap.hh
-- Installing: /build/libminizinc-git/pkg/libminizinc-git/usr/include/minizinc/solvers/MIP/MIP_gurobi_wrap.hh
-- Installing: /build/libminizinc-git/pkg/libminizinc-git/usr/include/minizinc/solvers/MIP/MIP_scip_wrap.hh
-- Installing: /build/libminizinc-git/pkg/libminizinc-git/usr/include/minizinc/solvers/MIP/MIP_scip_solverfactory.hh
-- Installing: /build/libminizinc-git/pkg/libminizinc-git/usr/include/minizinc/solvers/MIP/MIP_solverinstance.hpp
-- Installing: /build/libminizinc-git/pkg/libminizinc-git/usr/include/minizinc/solvers/MIP/MIP_xpress_solverfactory.hh
-- Installing: /build/libminizinc-git/pkg/libminizinc-git/usr/include/minizinc/solvers/MIP/MIP_highs_solverfactory.hh
-- Installing: /build/libminizinc-git/pkg/libminizinc-git/usr/include/minizinc/solvers/MIP/MIP_gurobi_solverfactory.hh
-- Installing: /build/libminizinc-git/pkg/libminizinc-git/usr/include/minizinc/solvers/geas
-- Installing: /build/libminizinc-git/pkg/libminizinc-git/usr/include/minizinc/solvers/geas/geas_constraints.hh
-- Installing: /build/libminizinc-git/pkg/libminizinc-git/usr/include/minizinc/solvers/nl
-- Installing: /build/libminizinc-git/pkg/libminizinc-git/usr/include/minizinc/solvers/nl/nl_components.hh
-- Installing: /build/libminizinc-git/pkg/libminizinc-git/usr/include/minizinc/solvers/nl/nl_solreader.hh
-- Installing: /build/libminizinc-git/pkg/libminizinc-git/usr/include/minizinc/solvers/nl/nl_solverfactory.hh
-- Installing: /build/libminizinc-git/pkg/libminizinc-git/usr/include/minizinc/solvers/nl/nl_solverinstance.hh
-- Installing: /build/libminizinc-git/pkg/libminizinc-git/usr/include/minizinc/solvers/nl/nl_file.hh
-- Installing: /build/libminizinc-git/pkg/libminizinc-git/usr/include/minizinc/solvers/gecode_solverinstance.hh
-- Installing: /build/libminizinc-git/pkg/libminizinc-git/usr/include/minizinc/solvers/geas_solverinstance.hh
-- Installing: /build/libminizinc-git/pkg/libminizinc-git/usr/include/minizinc/solvers/atlantis_solverfactory.hh
-- Installing: /build/libminizinc-git/pkg/libminizinc-git/usr/include/minizinc/solvers/gecode
-- Installing: /build/libminizinc-git/pkg/libminizinc-git/usr/include/minizinc/solvers/gecode/fzn_space.hh
-- Installing: /build/libminizinc-git/pkg/libminizinc-git/usr/include/minizinc/solvers/gecode/gecode_constraints.hh
-- Installing: /build/libminizinc-git/pkg/libminizinc-git/usr/include/minizinc/solvers/geas_solverfactory.hh
-- Installing: /build/libminizinc-git/pkg/libminizinc-git/usr/include/minizinc/solvers/mzn_solverinstance.hh
-- Installing: /build/libminizinc-git/pkg/libminizinc-git/usr/include/minizinc/solvers/mzn_solverfactory.hh
-- Installing: /build/libminizinc-git/pkg/libminizinc-git/usr/include/minizinc/solvers/fzn_solverinstance.hh
-- Installing: /build/libminizinc-git/pkg/libminizinc-git/usr/include/minizinc/solvers/chuffed_solverinstance.hh
-- Installing: /build/libminizinc-git/pkg/libminizinc-git/usr/include/minizinc/solvers/atlantis_solverinstance.hh
-- Installing: /build/libminizinc-git/pkg/libminizinc-git/usr/include/minizinc/solvers/fzn_solverfactory.hh
-- Installing: /build/libminizinc-git/pkg/libminizinc-git/usr/include/minizinc/solver_config.hh
-- Installing: /build/libminizinc-git/pkg/libminizinc-git/usr/include/minizinc/ast.hpp
-- Installing: /build/libminizinc-git/pkg/libminizinc-git/usr/include/minizinc/interrupt.hh
-- Installing: /build/libminizinc-git/pkg/libminizinc-git/usr/include/minizinc/copy.hh
-- Installing: /build/libminizinc-git/pkg/libminizinc-git/usr/include/minizinc/typecheck.hh
-- Installing: /build/libminizinc-git/pkg/libminizinc-git/usr/include/minizinc/optimize_constraints.hh
-- Installing: /build/libminizinc-git/pkg/libminizinc-git/usr/include/minizinc/optimize.hh
-- Installing: /build/libminizinc-git/pkg/libminizinc-git/usr/include/minizinc/flat_exp.hh
-- Installing: /build/libminizinc-git/pkg/libminizinc-git/usr/include/minizinc/model.hh
-- Installing: /build/libminizinc-git/pkg/libminizinc-git/usr/include/minizinc/chain_compressor.hh
-- Installing: /build/libminizinc-git/pkg/libminizinc-git/usr/include/minizinc/exception.hh
-- Installing: /build/libminizinc-git/pkg/libminizinc-git/usr/include/minizinc/solns2out.hh
-- Installing: /build/libminizinc-git/pkg/libminizinc-git/usr/include/minizinc/json_parser.hh
-- Installing: /build/libminizinc-git/pkg/libminizinc-git/usr/include/minizinc/astiterator.hh
-- Installing: /build/libminizinc-git/pkg/libminizinc-git/usr/include/minizinc/gc.hh
-- Installing: /build/libminizinc-git/pkg/libminizinc-git/usr/include/minizinc/support
-- Installing: /build/libminizinc-git/pkg/libminizinc-git/usr/include/minizinc/support/regex.hh
-- Installing: /build/libminizinc-git/pkg/libminizinc-git/usr/include/minizinc/algorithms
-- Installing: /build/libminizinc-git/pkg/libminizinc-git/usr/include/minizinc/algorithms/min_cut.h
-- Installing: /build/libminizinc-git/pkg/libminizinc-git/usr/include/minizinc/parser.hh
-- Installing: /build/libminizinc-git/pkg/libminizinc-git/usr/include/minizinc/output.hh
-- Installing: /build/libminizinc-git/pkg/libminizinc-git/usr/include/minizinc/hash.hh
-- Installing: /build/libminizinc-git/pkg/libminizinc-git/usr/include/minizinc/solver_instance_defs.hh
-- Installing: /build/libminizinc-git/pkg/libminizinc-git/usr/include/minizinc/plugin.hh
-- Installing: /build/libminizinc-git/pkg/libminizinc-git/usr/include/minizinc/stackdump.hh
-- Installing: /build/libminizinc-git/pkg/libminizinc-git/usr/include/minizinc/MIPdomains.hh
-- Installing: /build/libminizinc-git/pkg/libminizinc-git/usr/include/minizinc/ast.hh
-- Installing: /build/libminizinc-git/pkg/libminizinc-git/usr/include/minizinc/passes
-- Installing: /build/libminizinc-git/pkg/libminizinc-git/usr/include/minizinc/passes/compile_pass.hh
-- Installing: /build/libminizinc-git/pkg/libminizinc-git/usr/include/minizinc/passes/gecode_pass.hh
-- Installing: /build/libminizinc-git/pkg/libminizinc-git/usr/include/minizinc/astvec.hh
-- Installing: /build/libminizinc-git/pkg/libminizinc-git/usr/include/minizinc/_thirdparty
-- Installing: /build/libminizinc-git/pkg/libminizinc-git/usr/include/minizinc/_thirdparty/scip_interface.h
-- Installing: /build/libminizinc-git/pkg/libminizinc-git/usr/include/minizinc/_thirdparty/miniz.h
-- Installing: /build/libminizinc-git/pkg/libminizinc-git/usr/include/minizinc/_thirdparty/highs_interface.h
-- Installing: /build/libminizinc-git/pkg/libminizinc-git/usr/include/minizinc/_thirdparty/b64
-- Installing: /build/libminizinc-git/pkg/libminizinc-git/usr/include/minizinc/_thirdparty/b64/cencode.h
-- Installing: /build/libminizinc-git/pkg/libminizinc-git/usr/include/minizinc/_thirdparty/b64/encode.h
-- Installing: /build/libminizinc-git/pkg/libminizinc-git/usr/include/minizinc/_thirdparty/b64/ccommon.h
-- Installing: /build/libminizinc-git/pkg/libminizinc-git/usr/include/minizinc/_thirdparty/b64/decode.h
-- Installing: /build/libminizinc-git/pkg/libminizinc-git/usr/include/minizinc/_thirdparty/b64/cdecode.h
-- Installing: /build/libminizinc-git/pkg/libminizinc-git/usr/include/minizinc/_thirdparty/cplex_interface.h
-- Installing: /build/libminizinc-git/pkg/libminizinc-git/usr/include/minizinc/_thirdparty/xpress_interface.h
-- Installing: /build/libminizinc-git/pkg/libminizinc-git/usr/include/minizinc/_thirdparty/gurobi_interface.h
-- Installing: /build/libminizinc-git/pkg/libminizinc-git/usr/include/minizinc/iter.hh
-- Installing: /build/libminizinc-git/pkg/libminizinc-git/usr/include/minizinc/param_config.hh
-- Installing: /build/libminizinc-git/pkg/libminizinc-git/usr/include/minizinc/eval_par.hh
-- Installing: /build/libminizinc-git/pkg/libminizinc-git/usr/include/minizinc/astexception.hh
-- Installing: /build/libminizinc-git/pkg/libminizinc-git/usr/include/minizinc/solver_instance_base.hh
-- Installing: /build/libminizinc-git/pkg/libminizinc-git/usr/include/minizinc/blackbox.hh
-- Installing: /build/libminizinc-git/pkg/libminizinc-git/usr/include/minizinc/timer.hh
-- Installing: /build/libminizinc-git/pkg/libminizinc-git/usr/include/minizinc/pathfileprinter.hh
-- Installing: /build/libminizinc-git/pkg/libminizinc-git/usr/include/minizinc/statistics.hh
-- Installing: /build/libminizinc-git/pkg/libminizinc-git/usr/include/minizinc/file_utils.hh
-- Installing: /build/libminizinc-git/pkg/libminizinc-git/usr/include/minizinc/process.hh
-- Installing: /build/libminizinc-git/pkg/libminizinc-git/usr/include/minizinc/builtins.hh
-- Up-to-date: /build/libminizinc-git/pkg/libminizinc-git/usr/include/minizinc
-- Installing: /build/libminizinc-git/pkg/libminizinc-git/usr/include/minizinc/parser.tab.hh
-- Up-to-date: /build/libminizinc-git/pkg/libminizinc-git/usr/include/minizinc/support
-- Installing: /build/libminizinc-git/pkg/libminizinc-git/usr/include/minizinc/support/regex_parser.tab.hh
-- Installing: /build/libminizinc-git/pkg/libminizinc-git/usr/bin/minizinc
-- Installing: /build/libminizinc-git/pkg/libminizinc-git/usr/bin/mzn2doc
-- Installing: /build/libminizinc-git/pkg/libminizinc-git/usr/lib/cmake/libminizinc/FindOsiCBC.cmake
-- Installing: /build/libminizinc-git/pkg/libminizinc-git/usr/lib/cmake/libminizinc/libminizincConfig.cmake
-- Installing: /build/libminizinc-git/pkg/libminizinc-git/usr/lib/cmake/libminizinc/libminizincConfigVersion.cmake
-- Installing: /build/libminizinc-git/pkg/libminizinc-git/usr/lib/cmake/libminizinc/libminizincTargets.cmake
-- Installing: /build/libminizinc-git/pkg/libminizinc-git/usr/lib/cmake/libminizinc/libminizincTargets-none.cmake
