fatal: not a git repository (or any of the parent directories): .git
-- The C compiler identification is GNU 16.1.1
-- The CXX compiler identification is GNU 16.1.1
-- Detecting C compiler ABI info
-- Detecting C compiler ABI info - done
-- Check for working C compiler: /usr/bin/cc - skipped
-- Detecting C compile features
-- Detecting C compile features - done
-- Detecting CXX compiler ABI info
-- Detecting CXX compiler ABI info - done
-- Check for working CXX compiler: /usr/bin/c++ - skipped
-- Detecting CXX compile features
-- Detecting CXX compile features - done
-- C:   GNU 16.1.1
-- CXX: GNU 16.1.1
-- Detected CPU Architecture: x86_64
-- MUSE_APP_RELEASE_CHANNEL devel
-- MUSE_APP_VERSION 5.0.0
-- MUSESCORE_BUILD_CONFIGURATION: app
-- MUSE_APP_BUILD_MODE: dev
-- MUSESCORE_BUILD_NUMBER: 0
-- No compiler cache program found
-- Performing Test CMAKE_HAVE_LIBC_PTHREAD
-- Performing Test CMAKE_HAVE_LIBC_PTHREAD - Success
-- Found Threads: TRUE
-- Performing Test HAVE_STDATOMIC
-- Performing Test HAVE_STDATOMIC - Success
-- Found WrapAtomic: TRUE
-- Found OpenGL: /usr/lib/libOpenGL.so
-- Found WrapOpenGL: TRUE
-- Could NOT find WrapVulkanHeaders (missing: Vulkan_INCLUDE_DIR) 
-- Could NOT find WrapVulkanHeaders (missing: Vulkan_INCLUDE_DIR) 
-- Found Cups: /usr/lib/libcups.so (found version "2.4.19")
-- Qt version: 6.11.1
MuseScore Studio SoundFont is up to date.
-- [ogg] bundle: /build/musescore-git/src/build/_deps/ogg/lib/libogg.so;/build/musescore-git/src/build/_deps/ogg/lib/libogg.so.0;/build/musescore-git/src/build/_deps/ogg/lib/libogg.so.0.8.5
-- [vorbis] bundle: /build/musescore-git/src/build/_deps/vorbis/lib/libvorbis.so;/build/musescore-git/src/build/_deps/vorbis/lib/libvorbis.so.0;/build/musescore-git/src/build/_deps/vorbis/lib/libvorbis.so.0.4.9;/build/musescore-git/src/build/_deps/vorbis/lib/libvorbisenc.so;/build/musescore-git/src/build/_deps/vorbis/lib/libvorbisenc.so.2;/build/musescore-git/src/build/_deps/vorbis/lib/libvorbisenc.so.2.0.12;/build/musescore-git/src/build/_deps/vorbis/lib/libvorbisfile.so;/build/musescore-git/src/build/_deps/vorbis/lib/libvorbisfile.so.3;/build/musescore-git/src/build/_deps/vorbis/lib/libvorbisfile.so.3.3.8
-- [flac] bundle: /build/musescore-git/src/build/_deps/flac/lib/libFLAC.so;/build/musescore-git/src/build/_deps/flac/lib/libFLAC.so.12;/build/musescore-git/src/build/_deps/flac/lib/libFLAC.so.12.1.0;/build/musescore-git/src/build/_deps/flac/lib/libFLAC++.so;/build/musescore-git/src/build/_deps/flac/lib/libFLAC++.so.10;/build/musescore-git/src/build/_deps/flac/lib/libFLAC++.so.10.0.1
-- [opus] bundle: /build/musescore-git/src/build/_deps/opus/lib/libopus.so;/build/musescore-git/src/build/_deps/opus/lib/libopus.so.0;/build/musescore-git/src/build/_deps/opus/lib/libopus.so.0.10.1
-- [libsndfile] bundle: /build/musescore-git/src/build/_deps/libsndfile/lib/libsndfile.so;/build/musescore-git/src/build/_deps/libsndfile/lib/libsndfile.so.1;/build/musescore-git/src/build/_deps/libsndfile/lib/libsndfile.so.1.0.37
-- [liblouis] patch patch/0001-fix-windows-build.patch
-- [zlib] bundle: /build/musescore-git/src/build/_deps/zlib/lib/libz.so;/build/musescore-git/src/build/_deps/zlib/lib/libz.so.1;/build/musescore-git/src/build/_deps/zlib/lib/libz.so.1.3.1
-- [libpng] bundle: /build/musescore-git/src/build/_deps/libpng/lib/libpng16.so;/build/musescore-git/src/build/_deps/libpng/lib/libpng16.so.16;/build/musescore-git/src/build/_deps/libpng/lib/libpng16.so.16.50.0
-- [freetype] bundle: /build/musescore-git/src/build/_deps/freetype/lib/libfreetype.so;/build/musescore-git/src/build/_deps/freetype/lib/libfreetype.so.6;/build/musescore-git/src/build/_deps/freetype/lib/libfreetype.so.6.20.4
-- [harfbuzz] bundle: /build/musescore-git/src/build/_deps/harfbuzz/lib/libharfbuzz.so
-- [ogg] bundle: /build/musescore-git/src/build/_deps/ogg/lib/libogg.so;/build/musescore-git/src/build/_deps/ogg/lib/libogg.so.0;/build/musescore-git/src/build/_deps/ogg/lib/libogg.so.0.8.5
-- [fdk-aac] bundle: /build/musescore-git/src/build/_deps/fdk-aac/lib/libfdk-aac.so;/build/musescore-git/src/build/_deps/fdk-aac/lib/libfdk-aac.so.2;/build/musescore-git/src/build/_deps/fdk-aac/lib/libfdk-aac.so.2.0.3
-- [flac] bundle: /build/musescore-git/src/build/_deps/flac/lib/libFLAC.so;/build/musescore-git/src/build/_deps/flac/lib/libFLAC.so.12;/build/musescore-git/src/build/_deps/flac/lib/libFLAC.so.12.1.0;/build/musescore-git/src/build/_deps/flac/lib/libFLAC++.so;/build/musescore-git/src/build/_deps/flac/lib/libFLAC++.so.10;/build/musescore-git/src/build/_deps/flac/lib/libFLAC++.so.10.0.1
-- [lame] bundle: /build/musescore-git/src/build/_deps/lame/lib/libmp3lame.so;/build/musescore-git/src/build/_deps/lame/lib/libmp3lame.so.0;/build/musescore-git/src/build/_deps/lame/lib/libmp3lame.so.0.0.0
-- [opus] bundle: /build/musescore-git/src/build/_deps/opus/lib/libopus.so;/build/musescore-git/src/build/_deps/opus/lib/libopus.so.0;/build/musescore-git/src/build/_deps/opus/lib/libopus.so.0.10.1
-- [opusenc] bundle: 
-- [picojson] patch patch/0001-deterministic-number-serialization.patch
-- Enabled testing
-- Configuring muse_pch
-- Configuring muse_global <muse::global>
-- Configuring muse_global_tests
-- Could NOT find WrapVulkanHeaders (missing: Vulkan_INCLUDE_DIR) 
-- Configuring muse_ui <muse::ui>
-- Configuring muse_ui_tests
-- Could NOT find WrapVulkanHeaders (missing: Vulkan_INCLUDE_DIR) 
-- Configuring muse_ui_qml <muse::ui_qml>
-- Configuring muse_ui_qml_tests
-- Could NOT find WrapVulkanHeaders (missing: Vulkan_INCLUDE_DIR) 
-- Configuring muse_uicomponents <muse::uicomponents>
-- Configuring muse_uicomponents_qml <muse::uicomponents_qml>
-- Configuring muse_uicomponents_qml_tests
-- Could NOT find WrapVulkanHeaders (missing: Vulkan_INCLUDE_DIR) 
-- Configuring muse_legacytreeview_qml <muse::legacytreeview_qml>
-- Configuring muse_graphicaleffects_qml <muse::graphicaleffects_qml>
shaders/roundcorners.frag -> shaders/roundcorners.frag.qsb exposed as :/qt/qml/Muse/GraphicalEffects/shaders/roundcorners.frag.qsb
-- Configuring muse_uicomponents_qmlapi <muse::uicomponents_qmlapi>
-- Configuring muse_interactive <muse::interactive>
-- Configuring muse_interactive_tests
-- Could NOT find WrapVulkanHeaders (missing: Vulkan_INCLUDE_DIR) 
-- Configuring muse_interactive_qml <muse::interactive_qml>
-- Configuring muse_dockwindow <muse::dockwindow>
-- Found XKB: /usr/lib/libxkbcommon.so (found suitable version "1.13.2", minimum required is "0.9.0")
-- Configuring muse_dockwindow_qml <muse::dockwindow_qml>
CMake Warning at /usr/lib/cmake/Qt6/QtPublicWalkLibsHelpers.cmake:285 (message):
  The GuiPrivate target is mentioned as a dependency for kddockwidgets, but
  not declared.  The linking might be incomplete.
Call Stack (most recent call first):
  /usr/lib/cmake/Qt6/QtPublicWalkLibsHelpers.cmake:249 (__qt_internal_walk_libs)
  /usr/lib/cmake/Qt6/QtPublicWalkLibsHelpers.cmake:249 (__qt_internal_walk_libs)
  /usr/lib/cmake/Qt6/QtPublicWalkLibsHelpers.cmake:337 (__qt_internal_walk_libs)
  /usr/lib/cmake/Qt6Qml/Qt6QmlMacros.cmake:5492 (__qt_internal_collect_all_target_dependencies)
  /usr/lib/cmake/Qt6Qml/Qt6QmlMacros.cmake:3069:EVAL:1 (_qt_internal_add_static_qml_plugin_dependencies)
  muse/framework/dockwindow/qml/Muse/Dock/CMakeLists.txt:DEFERRED


CMake Warning at /usr/lib/cmake/Qt6/QtPublicWalkLibsHelpers.cmake:285 (message):
  The GuiPrivate target is mentioned as a dependency for kddockwidgets, but
  not declared.  The linking might be incomplete.
Call Stack (most recent call first):
  /usr/lib/cmake/Qt6/QtPublicWalkLibsHelpers.cmake:249 (__qt_internal_walk_libs)
  /usr/lib/cmake/Qt6/QtPublicWalkLibsHelpers.cmake:249 (__qt_internal_walk_libs)
  /usr/lib/cmake/Qt6/QtPublicWalkLibsHelpers.cmake:337 (__qt_internal_walk_libs)
  /usr/lib/cmake/Qt6Qml/Qt6QmlMacros.cmake:5492 (__qt_internal_collect_all_target_dependencies)
  /usr/lib/cmake/Qt6Qml/Qt6QmlMacros.cmake:3069:EVAL:1 (_qt_internal_add_static_qml_plugin_dependencies)
  muse/framework/dockwindow/qml/Muse/Dock/CMakeLists.txt:DEFERRED


-- Configuring muse_accessibility <muse::accessibility>
-- Configuring muse_accessibility_tests
-- Could NOT find WrapVulkanHeaders (missing: Vulkan_INCLUDE_DIR) 
-- Configuring muse_actions <muse::actions>
-- Configuring muse_actions_tests
-- Could NOT find WrapVulkanHeaders (missing: Vulkan_INCLUDE_DIR) 
-- Configuring muse_audio <muse::audio>
-- Configuring muse_audio_common
-- Configuring muse_audio_main
-- Configuring muse_audio_engine
-- Configuring fluidsynth
-- Configuring muse_audio_driver
-- Found ALSA: /usr/lib/libasound.so (found version "1.2.16.1")
-- Configuring muse_audio_tests
-- Could NOT find WrapVulkanHeaders (missing: Vulkan_INCLUDE_DIR) 
-- Configuring muse_audioplugins <muse::audioplugins>
-- Configuring muse_audioplugins_test
-- Could NOT find WrapVulkanHeaders (missing: Vulkan_INCLUDE_DIR) 
-- Configuring muse_testflow <muse::testflow>
-- Configuring muse_testflow_qml <muse::testflow_qml>
-- Configuring muse_automation <muse::automation>
-- Configuring muse_automation_qml <muse::automation_qml>
-- Configuring muse_cloud <muse::cloud>
-- Configuring muse_cloud_qml <muse::cloud_qml>
-- Configuring muse_diagnostics <muse::diagnostics>
-- Configuring muse_diagnostics_tests
-- Could NOT find WrapVulkanHeaders (missing: Vulkan_INCLUDE_DIR) 
-- Configuring muse_diagnostics_qml <muse::diagnostics_qml>
-- Configuring muse_draw <muse::draw>
-- Configuring muse_draw_tests
-- Could NOT find WrapVulkanHeaders (missing: Vulkan_INCLUDE_DIR) 
-- Configuring muse_midi <muse::midi>
-- Configuring muse_midi_test
-- Could NOT find WrapVulkanHeaders (missing: Vulkan_INCLUDE_DIR) 
-- Configuring muse_midiremote <muse::midiremote>
-- Configuring muse_midiremote_qml <muse::midiremote_qml>
-- Configuring muse_midiremote_test
-- Could NOT find WrapVulkanHeaders (missing: Vulkan_INCLUDE_DIR) 
-- Configuring muse_mpe <muse::mpe>
-- Configuring muse_mpe_test
-- Could NOT find WrapVulkanHeaders (missing: Vulkan_INCLUDE_DIR) 
-- Configuring muse_mpe_qml <muse::mpe_qml>
-- Configuring muse_musesampler <muse::musesampler>
-- Configuring muse_network <muse::network>
-- Configuring muse_network_test
-- Could NOT find WrapVulkanHeaders (missing: Vulkan_INCLUDE_DIR) 
-- Configuring muse_rcommand <muse::rcommand>
-- Configuring muse_rcommand_qml <muse::rcommand_qml>
-- Configuring muse_rcontrol <muse::rcontrol>
-- Configuring muse_shortcuts <muse::shortcuts>
-- Configuring muse_shortcuts_qml <muse::shortcuts_qml>
-- Configuring muse_tours <muse::tours>
-- Configuring muse_tours_qml <muse::tours_qml>
-- Configuring muse_multiwindows <muse::multiwindows>
-- Configuring muse_multiwindows_qml <muse::multiwindows_qml>
-- Configuring muse_multiwindows_tests
-- Could NOT find WrapVulkanHeaders (missing: Vulkan_INCLUDE_DIR) 
-- Configuring muse_languages <muse::languages>
-- Configuring muse_languages_test
-- Could NOT find WrapVulkanHeaders (missing: Vulkan_INCLUDE_DIR) 
-- Configuring muse_learn <muse::learn>
-- Configuring muse_learn_qml <muse::learn_qml>
-- Configuring muse_media <muse::media>
-- Configuring muse_extensions <muse::extensions>
-- Configuring muse_extensions_qml <muse::extensions_qml>
-- Configuring muse_workspace <muse::workspace>
-- Configuring muse_workspace_qml <muse::workspace_qml>
--   [workspace tests] Framework config: /build/musescore-git/src/MuseScore/muse/framework/workspace/tests/testdata/workspaces.cfg
--   [workspace tests] Framework workspaces: /build/musescore-git/src/MuseScore/muse/framework/workspace/tests/testdata/workspaces
--   [workspace tests] App config: /build/musescore-git/src/MuseScore/src/app/configs/workspaces.cfg
--   [workspace tests] App workspaces: /build/musescore-git/src/MuseScore/share/workspaces
-- Configuring muse_workspace_tests
-- Could NOT find WrapVulkanHeaders (missing: Vulkan_INCLUDE_DIR) 
-- Configuring muse_update <muse::update>
-- Configuring muse_update_test
-- Could NOT find WrapVulkanHeaders (missing: Vulkan_INCLUDE_DIR) 
-- Configuring muse_update_qml <muse::update_qml>
-- Configuring muse_vst <muse::vst> [stub]
-- Configuring braille
-- Configuring braille_tests
-- Could NOT find WrapVulkanHeaders (missing: Vulkan_INCLUDE_DIR) 
-- Configuring braille_qml
-- Configuring context
-- Configuring converter
-- Configuring converter_tests
-- Could NOT find WrapVulkanHeaders (missing: Vulkan_INCLUDE_DIR) 
-- Configuring engraving
-- Configuring engraving_tests
-- Could NOT find WrapVulkanHeaders (missing: Vulkan_INCLUDE_DIR) 
-- Configuring engraving_api_tests
-- Could NOT find WrapVulkanHeaders (missing: Vulkan_INCLUDE_DIR) 
-- Configuring engraving_qml
-- Configuring iex_audioexport
-- Configuring iex_bb
-- Configuring iex_bb_tests
-- Could NOT find WrapVulkanHeaders (missing: Vulkan_INCLUDE_DIR) 
-- Configuring iex_bww
-- Configuring iex_bww_tests
-- Could NOT find WrapVulkanHeaders (missing: Vulkan_INCLUDE_DIR) 
-- Configuring iex_capella
-- Configuring rtf2html
-- Configuring iex_capella_tests
-- Could NOT find WrapVulkanHeaders (missing: Vulkan_INCLUDE_DIR) 
-- Configuring iex_guitarpro
-- Configuring iex_guitarpro_tests
-- Could NOT find WrapVulkanHeaders (missing: Vulkan_INCLUDE_DIR) 
-- Configuring iex_imagesexport
-- Configuring iex_lyricsexport
-- Configuring iex_lyricsexport_tests
-- Could NOT find WrapVulkanHeaders (missing: Vulkan_INCLUDE_DIR) 
-- Configuring iex_mei
-- Configuring iex_mei_tests
-- Could NOT find WrapVulkanHeaders (missing: Vulkan_INCLUDE_DIR) 
-- Configuring iex_midi
-- Configuring beatroot
-- Configuring iex_midi_tests
-- Could NOT find WrapVulkanHeaders (missing: Vulkan_INCLUDE_DIR) 
-- Configuring iex_mnx
-- Populating mnxdom
-- Configuring done (0.0s)
-- Generating done (0.0s)
-- Build files have been written to: /build/musescore-git/src/build/_deps/mnxdom-subbuild
[ 11%] Creating directories for 'mnxdom-populate'
[ 22%] Performing download step (git clone) for 'mnxdom-populate'
Cloning into 'mnxdom-src'...
HEAD is now at e7c947b Dev/validation cleanup (#39)
Submodule 'docs/doxygen-awesome-css' (https://github.com/jothepro/doxygen-awesome-css.git) registered for path 'docs/doxygen-awesome-css'
Cloning into '/build/musescore-git/src/build/_deps/mnxdom-src/docs/doxygen-awesome-css'...
Submodule path 'docs/doxygen-awesome-css': checked out '98dd024a650e71d8afd1215c27134aa779bdbbd7'
[ 33%] Performing update step for 'mnxdom-populate'
-- Already at requested ref: e7c947bf768caccf315426dcae0dfac02caf738b
[ 44%] No patch step for 'mnxdom-populate'
[ 55%] No configure step for 'mnxdom-populate'
[ 66%] No build step for 'mnxdom-populate'
[ 77%] No install step for 'mnxdom-populate'
[ 88%] No test step for 'mnxdom-populate'
[100%] Completed 'mnxdom-populate'
[100%] Built target mnxdom-populate
-- Mnxdom C++ standard: 20
-- Populating mnx_w3c
-- Configuring done (0.0s)
-- Generating done (0.0s)
-- Build files have been written to: /build/musescore-git/src/build/_deps/mnx_w3c-subbuild
[ 11%] Creating directories for 'mnx_w3c-populate'
[ 22%] Performing download step (git clone) for 'mnx_w3c-populate'
Cloning into 'mnx_w3c-src'...
HEAD is now at d513cf7 Added missing barlineStyle in the system-layouts example
[ 33%] Performing update step for 'mnx_w3c-populate'
-- Already at requested ref: d513cf7a28a84c803ed36e448b416cb49c3a22f9
[ 44%] No patch step for 'mnx_w3c-populate'
[ 55%] No configure step for 'mnx_w3c-populate'
[ 66%] No build step for 'mnx_w3c-populate'
[ 77%] No install step for 'mnx_w3c-populate'
[ 88%] No test step for 'mnx_w3c-populate'
[100%] Completed 'mnx_w3c-populate'
[100%] Built target mnx_w3c-populate
-- Using fetched mnx_w3c at: /build/musescore-git/src/build/_deps/mnx_w3c-src
-- Populating nlohmann_json
-- Configuring done (0.0s)
-- Generating done (0.0s)
-- Build files have been written to: /build/musescore-git/src/build/_deps/nlohmann_json-subbuild
[ 11%] Creating directories for 'nlohmann_json-populate'
[ 22%] Performing download step (download, verify and extract) for 'nlohmann_json-populate'
-- Downloading...
   dst='/build/musescore-git/src/build/_deps/nlohmann_json-subbuild/nlohmann_json-populate-prefix/src/json.tar.xz'
   timeout='none'
   inactivity timeout='none'
-- Using src='https://github.com/nlohmann/json/releases/download/v3.12.0/json.tar.xz'
-- [download 0% complete]
-- [download 1% complete]
-- [download 2% complete]
-- [download 4% complete]
-- [download 5% complete]
-- [download 6% complete]
-- [download 7% complete]
-- [download 8% complete]
-- [download 10% complete]
-- [download 11% complete]
-- [download 12% complete]
-- [download 13% complete]
-- [download 14% complete]
-- [download 16% complete]
-- [download 17% complete]
-- [download 18% complete]
-- [download 19% complete]
-- [download 20% complete]
-- [download 22% complete]
-- [download 23% complete]
-- [download 24% complete]
-- [download 25% complete]
-- [download 26% complete]
-- [download 28% complete]
-- [download 29% complete]
-- [download 30% complete]
-- [download 31% complete]
-- [download 32% complete]
-- [download 34% complete]
-- [download 35% complete]
-- [download 36% complete]
-- [download 37% complete]
-- [download 38% complete]
-- [download 40% complete]
-- [download 41% complete]
-- [download 42% complete]
-- [download 43% complete]
-- [download 44% complete]
-- [download 46% complete]
-- [download 47% complete]
-- [download 48% complete]
-- [download 49% complete]
-- [download 50% complete]
-- [download 52% complete]
-- [download 53% complete]
-- [download 54% complete]
-- [download 55% complete]
-- [download 56% complete]
-- [download 70% complete]
-- [download 84% complete]
-- [download 99% complete]
-- [download 100% complete]
-- verifying file...
       file='/build/musescore-git/src/build/_deps/nlohmann_json-subbuild/nlohmann_json-populate-prefix/src/json.tar.xz'
-- Downloading... done
-- extracting...
     src='/build/musescore-git/src/build/_deps/nlohmann_json-subbuild/nlohmann_json-populate-prefix/src/json.tar.xz'
     dst='/build/musescore-git/src/build/_deps/nlohmann_json-src'
-- extracting... [tar xf]
-- extracting... [analysis]
-- extracting... [rename]
-- extracting... [clean up]
-- extracting... done
[ 33%] No update step for 'nlohmann_json-populate'
[ 44%] No patch step for 'nlohmann_json-populate'
[ 55%] No configure step for 'nlohmann_json-populate'
[ 66%] No build step for 'nlohmann_json-populate'
[ 77%] No install step for 'nlohmann_json-populate'
[ 88%] No test step for 'nlohmann_json-populate'
[100%] Completed 'nlohmann_json-populate'
[100%] Built target nlohmann_json-populate
-- Using the multi-header code from /build/musescore-git/src/build/_deps/nlohmann_json-src/include/
-- Using fetched nlohmann_json
-- Populating json_schema_validator
-- Configuring done (0.0s)
-- Generating done (0.0s)
-- Build files have been written to: /build/musescore-git/src/build/_deps/json_schema_validator-subbuild
[ 11%] Creating directories for 'json_schema_validator-populate'
[ 22%] Performing download step (git clone) for 'json_schema_validator-populate'
Cloning into 'json_schema_validator-src'...
HEAD is now at 40af3ec Reference validation using contains() result rather than exception handling
[ 33%] Performing update step for 'json_schema_validator-populate'
-- Already at requested ref: 40af3ec39670e768fc3f01f935140af311d71024
[ 44%] No patch step for 'json_schema_validator-populate'
[ 55%] No configure step for 'json_schema_validator-populate'
[ 66%] No build step for 'json_schema_validator-populate'
[ 77%] No install step for 'json_schema_validator-populate'
[ 88%] No test step for 'json_schema_validator-populate'
[100%] Completed 'json_schema_validator-populate'
[100%] Built target json_schema_validator-populate
-- JsonValidator: Configured for None
-- JsonValidator: Using nlohmann/json version: 3.12.0
-- Using fetched json_schema_validator
-- Testing not enabled for mnxdom_BUILD_TESTING.
-- Using fetched mnxdom
-- Configuring iex_mnx_tests
-- Could NOT find WrapVulkanHeaders (missing: Vulkan_INCLUDE_DIR) 
-- Configuring iex_musedata
-- Configuring iex_musicxml
-- Configuring iex_musicxml_tests
-- Could NOT find WrapVulkanHeaders (missing: Vulkan_INCLUDE_DIR) 
-- Configuring iex_ove
-- Configuring iex_tabledit
-- Configuring iex_tabledit_tests
-- Could NOT find WrapVulkanHeaders (missing: Vulkan_INCLUDE_DIR) 
-- Configuring iex_videoexport
-- Configuring propertiespanel
-- Configuring propertiespanel_qml
-- Configuring instrumentsscene
-- Configuring instrumentsscene_qml
-- Configuring musesounds
-- Configuring musesounds_qml
-- Configuring notation
-- Configuring notationscene
-- Configuring notationscene_qml
-- Configuring notationscene_qml_tests
-- Could NOT find WrapVulkanHeaders (missing: Vulkan_INCLUDE_DIR) 
-- Configuring palette
-- Configuring palette_qml
-- Configuring playback
-- Configuring playback_test
-- Could NOT find WrapVulkanHeaders (missing: Vulkan_INCLUDE_DIR) 
-- Configuring playback_qml
-- Configuring preferences
-- Configuring preferences_qml
-- Configuring print
-- Configuring project
-- Configuring project_test
-- Could NOT find WrapVulkanHeaders (missing: Vulkan_INCLUDE_DIR) 
-- Configuring project_qml
-- Configuring appshell
-- Configuring appshell_qml
CMake Warning at /usr/lib/cmake/Qt6/QtPublicWalkLibsHelpers.cmake:285 (message):
  The CorePrivate target is mentioned as a dependency for
  muse::accessibility, but not declared.  The linking might be incomplete.
Call Stack (most recent call first):
  /usr/lib/cmake/Qt6/QtPublicWalkLibsHelpers.cmake:337 (__qt_internal_walk_libs)
  /usr/lib/cmake/Qt6Core/Qt6CoreMacros.cmake:791 (__qt_internal_collect_all_target_dependencies)
  /usr/lib/cmake/Qt6Core/Qt6CoreMacros.cmake:898 (_qt_internal_finalize_executable)
  /usr/lib/cmake/Qt6Core/Qt6CoreMacros.cmake:942:EVAL:1 (qt6_finalize_target)
  src/app/CMakeLists.txt:DEFERRED


CMake Warning at /usr/lib/cmake/Qt6/QtPublicWalkLibsHelpers.cmake:285 (message):
  The CorePrivate target is mentioned as a dependency for
  muse::accessibility, but not declared.  The linking might be incomplete.
Call Stack (most recent call first):
  /usr/lib/cmake/Qt6/QtPublicWalkLibsHelpers.cmake:337 (__qt_internal_walk_libs)
  /usr/lib/cmake/Qt6Core/Qt6CoreMacros.cmake:791 (__qt_internal_collect_all_target_dependencies)
  /usr/lib/cmake/Qt6Core/Qt6CoreMacros.cmake:898 (_qt_internal_finalize_executable)
  /usr/lib/cmake/Qt6Core/Qt6CoreMacros.cmake:942:EVAL:1 (qt6_finalize_target)
  src/app/CMakeLists.txt:DEFERRED


CMake Warning at /usr/lib/cmake/Qt6/QtPublicWalkLibsHelpers.cmake:310 (message):
  When trying to collect dependencies of target 'MuseScoreStudio', the
  non-existent target 'XKB::XKB' was encountered.  This can likely be fixed
  by moving the find_package call that pulls in 'XKB::XKB' to the scope of
  directory '/build/musescore-git/src/MuseScore/src/app' or higher.  This
  warning can be silenced by setting
  QT_SILENCE_MISSING_DEPENDENCY_TARGET_WARNING to ON.
Call Stack (most recent call first):
  /usr/lib/cmake/Qt6/QtPublicWalkLibsHelpers.cmake:346 (__qt_internal_print_missing_dependency_target_warning)
  /usr/lib/cmake/Qt6Core/Qt6CoreMacros.cmake:791 (__qt_internal_collect_all_target_dependencies)
  /usr/lib/cmake/Qt6Core/Qt6CoreMacros.cmake:898 (_qt_internal_finalize_executable)
  /usr/lib/cmake/Qt6Core/Qt6CoreMacros.cmake:942:EVAL:1 (qt6_finalize_target)
  src/app/CMakeLists.txt:DEFERRED


CMake Warning at /usr/lib/cmake/Qt6/QtPublicWalkLibsHelpers.cmake:310 (message):
  When trying to collect dependencies of target 'MuseScoreStudio', the
  non-existent target 'XKB::XKB' was encountered.  This can likely be fixed
  by moving the find_package call that pulls in 'XKB::XKB' to the scope of
  directory '/build/musescore-git/src/MuseScore/src/app' or higher.  This
  warning can be silenced by setting
  QT_SILENCE_MISSING_DEPENDENCY_TARGET_WARNING to ON.
Call Stack (most recent call first):
  /usr/lib/cmake/Qt6/QtPublicWalkLibsHelpers.cmake:346 (__qt_internal_print_missing_dependency_target_warning)
  /usr/lib/cmake/Qt6/QtPublicPluginHelpers.cmake:344 (__qt_internal_collect_all_target_dependencies)
  /usr/lib/cmake/Qt6/QtPublicPluginHelpers.cmake:437 (__qt_internal_collect_plugin_targets_from_dependencies)
  /usr/lib/cmake/Qt6Core/Qt6CoreMacros.cmake:845 (__qt_internal_apply_plugin_imports_finalizer_mode)
  /usr/lib/cmake/Qt6Core/Qt6CoreMacros.cmake:898 (_qt_internal_finalize_executable)
  /usr/lib/cmake/Qt6Core/Qt6CoreMacros.cmake:942:EVAL:1 (qt6_finalize_target)
  src/app/CMakeLists.txt:DEFERRED


-- Found 'gzip'. Man pages will be compressed.
-- Generate compile commands: OFF
-- Configuring done (21.6s)
-- Generating done (2.4s)
CMake Warning (unused-cli):
  Manually-specified variables were not used by the project:

    MUE_BUILD_CRASHPAD_CLIENT
    MUE_BUILD_UNIT_TESTS
    MUE_COMPILE_USE_SYSTEM_FREETYPE
    MUE_ENABLE_FILE_ASSOCIATION
    MUSESCORE_BUILD_MODE


-- Build files have been written to: /build/musescore-git/src/build
[  0%] Generating instruments_af.qm
[  0%] Built target muse_pch_autogen_timestamp_deps
[  0%] Copying muse_ui_qml qml sources into build dir
[  0%] Generating mscore.1.gz
[  0%] Building CXX object muse/framework/ui/CMakeFiles/muse_ui_resources_1.dir/.qt/rcc/qrc_muse_ui_resources_init.cpp.o
[  0%] Built target liblouis_autogen_timestamp_deps
[  0%] Building CXX object muse/framework/uicomponents/qml/Muse/UiComponents/CMakeFiles/muse_uicomponents_qml_resources_4.dir/.qt/rcc/qrc_muse_uicomponents_qml_raw_qml_1_init.cpp.o
[  0%] Copying muse_ui_qml qml resources into build dir
[  0%] Building CXX object muse/framework/ui/qml/Muse/Ui/CMakeFiles/muse_ui_qml_resources_1.dir/.qt/rcc/qrc_qmake_Muse_Ui_init.cpp.o
[  0%] Built target pugixml_autogen_timestamp_deps
[  0%] Building CXX object muse/framework/uicomponents/qml/Muse/UiComponents/CMakeFiles/muse_uicomponents_qml_resources_1.dir/.qt/rcc/qrc_qmake_Muse_UiComponents_init.cpp.o
[  0%] Building CXX object muse/framework/ui/qml/Muse/Ui/CMakeFiles/muse_ui_qml_resources_2.dir/.qt/rcc/qrc_muse_ui_qml_raw_qml_0_init.cpp.o
[  0%] Built target muse_ui_qmlplugin_init_autogen_timestamp_deps
[  0%] Building CXX object muse/framework/uicomponents/qml/Muse/UiComponents/CMakeFiles/muse_uicomponents_qml_resources_3.dir/.qt/rcc/qrc_muse_uicomponents_qml_raw_qml_0_extra_qmldirs_init.cpp.o
[  0%] Built target gtest_autogen_timestamp_deps
[  0%] Populating .qmlls.ini file at /build/musescore-git/src/build/.qt/.qmlls.build.ini
[  0%] Copying muse_uicomponents_qml qml resources into build dir
[  0%] Copying muse_uicomponents_qml qml sources into build dir
[  1%] Building CXX object muse/framework/uicomponents/qml/Muse/UiComponents/CMakeFiles/muse_uicomponents_qml_resources_2.dir/.qt/rcc/qrc_muse_uicomponents_qml_raw_qml_0_init.cpp.o
[  1%] Built target muse_uicomponents_qmlplugin_init_autogen_timestamp_deps
Man pages have been compressed ready for installation.
[  1%] Generating instruments_ar.qm
[  1%] Generating instruments_ar_DZ.qm
[  1%] Built target manpages
[  1%] Built target muse_ui_qml_copy_qml
[  1%] Built target muse_uicomponents_qml_copy_res
[  1%] Built target muse_ui_qml_copy_res
[  1%] Copying muse_legacytreeview_qml qml resources into build dir
[  1%] Building CXX object muse/framework/uicomponents/qml/Muse/UiComponents/LegacyTreeView/CMakeFiles/muse_legacytreeview_qml_resources_1.dir/.qt/rcc/qrc_qmake_Muse_UiComponents_LegacyTreeView_init.cpp.o
[  1%] Copying muse_legacytreeview_qml qml sources into build dir
[  1%] Building CXX object muse/framework/uicomponents/qml/Muse/UiComponents/LegacyTreeView/CMakeFiles/muse_legacytreeview_qml_resources_2.dir/.qt/rcc/qrc_muse_legacytreeview_qml_raw_qml_0_init.cpp.o
[  1%] Built target muse_uicomponents_qml_copy_qml
[  2%] Building CXX object muse/framework/uicomponents/qml/Muse/UiComponents/LegacyTreeView/CMakeFiles/muse_legacytreeview_qml_resources_3.dir/.qt/rcc/qrc_muse_legacytreeview_qml_raw_res_0_init.cpp.o
[  2%] Built target muse_legacytreeview_qml_copy_res
[  2%] Built target muse_legacytreeview_qmlplugin_init_autogen_timestamp_deps
[  2%] Copying muse_graphicaleffects_qml qml sources into build dir
[  2%] Generating instruments_ar_EG.qm
[  2%] Copying muse_graphicaleffects_qml qml resources into build dir
[  2%] Built target muse_legacytreeview_qml_copy_qml
[  2%] Built target generate_qmlls_build_ini_file
[  2%] Generating instruments_ar_SD.qm
Updating '/build/musescore-git/src/build/share/locale/instruments_ar_DZ.qm'...
    Generated 0 translation(s) (0 finished and 0 unfinished)
    Ignored 3135 untranslated source text(s)
[  2%] Built target muse_graphicaleffects_qml_copy_res
[  2%] Built target muse_graphicaleffects_qml_copy_qml
[  3%] Building CXX object muse/framework/uicomponents/qml/Muse/GraphicalEffects/CMakeFiles/muse_graphicaleffects_qml_resources_1.dir/.qt/rcc/qrc_qmake_Muse_GraphicalEffects_init.cpp.o
[  3%] Building CXX object muse/framework/uicomponents/qml/Muse/GraphicalEffects/CMakeFiles/muse_graphicaleffects_qml_resources_2.dir/.qt/rcc/qrc_muse_graphicaleffects_qml_raw_qml_0_init.cpp.o
[  3%] Built target muse_uicomponents_qml_resources_1
[  3%] Generating instruments_ast.qm
[  3%] Generating instruments_be.qm
[  3%] Built target muse_uicomponents_qml_resources_2
[  3%] Built target muse_uicomponents_qml_resources_3
[  3%] Built target muse_ui_qml_resources_1
[  3%] Built target muse_ui_resources_1
[  3%] Built target muse_ui_qml_resources_2
[  3%] Building CXX object muse/framework/uicomponents/qml/Muse/GraphicalEffects/CMakeFiles/muse_graphicaleffects_qml_resources_3.dir/.qt/rcc/qrc_muse_graphicaleffects_qml_shaders_init.cpp.o
[  3%] Built target muse_uicomponents_qml_resources_4
[  3%] Generating instruments_bg.qm
[  3%] Built target muse_graphicaleffects_qmlplugin_init_autogen_timestamp_deps
[  3%] Generating instruments_br.qm
[  4%] Building CXX object muse/framework/uicomponents/api/MuseApi/Controls/CMakeFiles/muse_uicomponents_qmlapi_resources_2.dir/.qt/rcc/qrc_muse_uicomponents_qmlapi_raw_qml_0_init.cpp.o
[  4%] Copying muse_uicomponents_qmlapi qml sources into build dir
[  4%] Building CXX object muse/framework/uicomponents/api/MuseApi/Controls/CMakeFiles/muse_uicomponents_qmlapi_resources_1.dir/.qt/rcc/qrc_qmake_MuseApi_Controls_init.cpp.o
[  4%] Building CXX object muse/framework/uicomponents/api/MuseApi/Controls/CMakeFiles/muse_uicomponents_qmlapi_resources_3.dir/.qt/rcc/qrc_muse_uicomponents_qmlapi_raw_qml_0_extra_qmldirs_init.cpp.o
[  4%] Copying muse_uicomponents_qmlapi qml resources into build dir
[  4%] Built target muse_uicomponents_qmlapiplugin_init_autogen_timestamp_deps
[  4%] Built target muse_legacytreeview_qml_resources_1
[  4%] Built target muse_legacytreeview_qml_resources_2
[  4%] Generating instruments_ca.qm
Updating '/build/musescore-git/src/build/share/locale/instruments_ar.qm'...
    Generated 1076 translation(s) (1076 finished and 0 unfinished)
    Ignored 2059 untranslated source text(s)
[  4%] Generating instruments_ca@valencia.qm
[  4%] Built target muse_legacytreeview_qml_resources_3
[  4%] Built target muse_uicomponents_qmlapi_copy_res
[  4%] Copying muse_interactive_qml qml resources into build dir
[  4%] Built target muse_uicomponents_qmlapi_copy_qml
[  4%] Generating instruments_cs.qm
[  4%] Copying muse_interactive_qml qml sources into build dir
Updating '/build/musescore-git/src/build/share/locale/instruments_bg.qm'...
    Generated 202 translation(s) (202 finished and 0 unfinished)
    Ignored 2933 untranslated source text(s)
[  4%] Built target muse_graphicaleffects_qml_resources_2
[  4%] Built target muse_graphicaleffects_qml_resources_1
[  4%] Building CXX object muse/framework/interactive/qml/Muse/Interactive/CMakeFiles/muse_interactive_qml_resources_1.dir/.qt/rcc/qrc_qmake_Muse_Interactive_init.cpp.o
[  4%] Built target muse_interactive_qml_copy_res
Updating '/build/musescore-git/src/build/share/locale/instruments_br.qm'...
    Generated 8 translation(s) (8 finished and 0 unfinished)
    Ignored 3127 untranslated source text(s)
[  4%] Generating instruments_cy.qm
[  4%] Generating instruments_da.qm
Updating '/build/musescore-git/src/build/share/locale/instruments_ar_EG.qm'...
    Generated 1069 translation(s) (1069 finished and 0 unfinished)
    Ignored 2066 untranslated source text(s)
[  4%] Building CXX object muse/framework/interactive/qml/Muse/Interactive/CMakeFiles/muse_interactive_qml_resources_2.dir/.qt/rcc/qrc_muse_interactive_qml_raw_qml_0_init.cpp.o
Updating '/build/musescore-git/src/build/share/locale/instruments_ar_SD.qm'...
    Generated 1006 translation(s) (1006 finished and 0 unfinished)
    Ignored 2129 untranslated source text(s)
[  4%] Built target muse_graphicaleffects_qml_resources_3
[  4%] Built target muse_interactive_qml_copy_qml
[  4%] Generating instruments_de.qm
[  4%] Generating instruments_en.qm
[  4%] Generating instruments_el.qm
[  4%] Building CXX object muse/framework/interactive/qml/Muse/Interactive/CMakeFiles/muse_interactive_qml_resources_3.dir/.qt/rcc/qrc_muse_interactive_qml_raw_qml_0_extra_qmldirs_init.cpp.o
[  4%] Built target muse_interactive_qmlplugin_init_autogen_timestamp_deps
[  4%] Built target muse_uicomponents_qmlapi_resources_1
[  4%] Built target muse_uicomponents_qmlapi_resources_3
[  4%] Built target muse_uicomponents_qmlapi_resources_2
[  4%] Copying muse_dockwindow_qml qml resources into build dir
[  4%] Built target kddockwidgets_autogen_timestamp_deps
[  4%] Generating instruments_en_GB.qm
Updating '/build/musescore-git/src/build/share/locale/instruments_be.qm'...
    Generated 1451 translation(s) (1451 finished and 0 unfinished)
    Ignored 1684 untranslated source text(s)
Updating '/build/musescore-git/src/build/share/locale/instruments_af.qm'...
    Generated 2858 translation(s) (2858 finished and 0 unfinished)
    Ignored 277 untranslated source text(s)
[  4%] Built target muse_dockwindow_qml_copy_res
[  4%] Copying muse_dockwindow_qml qml sources into build dir
[  4%] Building CXX object muse/framework/dockwindow/qml/Muse/Dock/CMakeFiles/muse_dockwindow_qml_resources_1.dir/.qt/rcc/qrc_qmake_Muse_Dock_init.cpp.o
[  4%] Building CXX object muse/framework/dockwindow/qml/Muse/Dock/CMakeFiles/muse_dockwindow_qml_resources_2.dir/.qt/rcc/qrc_muse_dockwindow_qml_raw_qml_0_init.cpp.o
[  4%] Built target muse_dockwindow_qmlplugin_init_autogen_timestamp_deps
[  4%] Generating instruments_en_US.qm
[  5%] Generating instruments_eo.qm
Updating '/build/musescore-git/src/build/share/locale/instruments_cy.qm'...
    Generated 319 translation(s) (319 finished and 0 unfinished)
    Ignored 2816 untranslated source text(s)
[  5%] Building C object muse/framework/audio/engine/fluidsynth/CMakeFiles/fluidsynth.dir/fluidsynth-2.3.3/src/synth/fluid_chan.c.o
[  5%] Built target muse_dockwindow_qml_copy_qml
[  5%] Building CXX object muse/framework/testflow/CMakeFiles/muse_testflow_resources_1.dir/.qt/rcc/qrc_muse_testflow_resources_init.cpp.o
[  5%] Generating instruments_es.qm
[  5%] Built target muse_interactive_qml_resources_1
[  5%] Built target muse_interactive_qml_resources_2
[  5%] Built target muse_interactive_qml_resources_3
[  5%] Copying muse_testflow_qml qml resources into build dir
[  5%] Generating instruments_et.qm
[  5%] Building C object muse/framework/audio/engine/fluidsynth/CMakeFiles/fluidsynth.dir/fluidsynth-2.3.3/src/synth/fluid_event.c.o
[  5%] Copying muse_testflow_qml qml sources into build dir
[  5%] Built target muse_testflow_qml_copy_res
Updating '/build/musescore-git/src/build/share/locale/instruments_ast.qm'...
    Generated 2858 translation(s) (2858 finished and 0 unfinished)
    Ignored 277 untranslated source text(s)
[  5%] Built target muse_testflow_qml_copy_qml
[  5%] Built target muse_dockwindow_qml_resources_2
[  5%] Built target muse_dockwindow_qml_resources_1
Updating '/build/musescore-git/src/build/share/locale/instruments_ca@valencia.qm'...
    Generated 1993 translation(s) (1993 finished and 0 unfinished)
    Ignored 1142 untranslated source text(s)
[  5%] Generating instruments_eu.qm
[  5%] Building CXX object muse/framework/testflow/qml/Muse/Testflow/CMakeFiles/muse_testflow_qml_resources_1.dir/.qt/rcc/qrc_qmake_Muse_Testflow_init.cpp.o
[  5%] Building C object muse/framework/audio/engine/fluidsynth/CMakeFiles/fluidsynth.dir/fluidsynth-2.3.3/src/synth/fluid_gen.c.o
[  5%] Building C object muse/framework/audio/engine/fluidsynth/CMakeFiles/fluidsynth.dir/fluidsynth-2.3.3/src/synth/fluid_mod.c.o
[  5%] Built target muse_testflow_resources_1
[  5%] Building CXX object muse/framework/testflow/qml/Muse/Testflow/CMakeFiles/muse_testflow_qml_resources_2.dir/.qt/rcc/qrc_muse_testflow_qml_raw_qml_0_init.cpp.o
[  5%] Built target muse_testflow_qmlplugin_init_autogen_timestamp_deps
Updating '/build/musescore-git/src/build/share/locale/instruments_el.qm'...
    Generated 1939 translation(s) (1939 finished and 0 unfinished)
    Ignored 1196 untranslated source text(s)
Updating '/build/musescore-git/src/build/share/locale/instruments_ca.qm'...
    Generated 3033 translation(s) (3033 finished and 0 unfinished)
    Ignored 102 untranslated source text(s)
[  5%] Generating instruments_fa.qm
[  5%] Copying muse_automation_qml qml resources into build dir
[  5%] Copying muse_automation_qml qml sources into build dir
Updating '/build/musescore-git/src/build/share/locale/instruments_cs.qm'...
    Generated 3077 translation(s) (3077 finished and 0 unfinished)
    Ignored 58 untranslated source text(s)
[  5%] Building CXX object muse/framework/automation/qml/Muse/Automation/CMakeFiles/muse_automation_qml_resources_1.dir/.qt/rcc/qrc_qmake_Muse_Automation_init.cpp.o
[  5%] Built target muse_automation_qml_copy_res
[  5%] Generating instruments_fi.qm
[  5%] Built target muse_automation_qml_copy_qml
[  5%] Building C object muse/framework/audio/engine/fluidsynth/CMakeFiles/fluidsynth.dir/fluidsynth-2.3.3/src/synth/fluid_synth.c.o
[  5%] Built target muse_testflow_qml_resources_1
Updating '/build/musescore-git/src/build/share/locale/instruments_de.qm'...
    Generated 3077 translation(s) (3077 finished and 0 unfinished)
    Ignored 58 untranslated source text(s)
Updating '/build/musescore-git/src/build/share/locale/instruments_da.qm'...
    Generated 3033 translation(s) (3033 finished and 0 unfinished)
    Ignored 102 untranslated source text(s)
Updating '/build/musescore-git/src/build/share/locale/instruments_en.qm'...
    Generated 3135 translation(s) (0 finished and 3135 unfinished)
[  5%] Built target muse_automation_qmlplugin_init_autogen_timestamp_deps
[  5%] Building C object muse/framework/audio/engine/fluidsynth/CMakeFiles/fluidsynth.dir/fluidsynth-2.3.3/src/synth/fluid_synth_monopoly.c.o
[  5%] Copying muse_cloud_qml qml resources into build dir
[  5%] Built target muse_testflow_qml_resources_2
[  5%] Generating instruments_fil.qm
[  5%] Copying muse_cloud_qml qml sources into build dir
[  5%] Building C object muse/framework/audio/engine/fluidsynth/CMakeFiles/fluidsynth.dir/fluidsynth-2.3.3/src/synth/fluid_tuning.c.o
[  5%] Building CXX object muse/framework/cloud/qml/Muse/Cloud/CMakeFiles/muse_cloud_qml_resources_1.dir/.qt/rcc/qrc_qmake_Muse_Cloud_init.cpp.o
[  5%] Building CXX object muse/framework/cloud/qml/Muse/Cloud/CMakeFiles/muse_cloud_qml_resources_2.dir/.qt/rcc/qrc_muse_cloud_qml_raw_qml_0_init.cpp.o
[  5%] Generating instruments_fo.qm
Updating '/build/musescore-git/src/build/share/locale/instruments_et.qm'...
    Generated 1910 translation(s) (1910 finished and 0 unfinished)
    Ignored 1225 untranslated source text(s)
[  5%] Building C object muse/framework/audio/engine/fluidsynth/CMakeFiles/fluidsynth.dir/fluidsynth-2.3.3/src/synth/fluid_voice.c.o
Updating '/build/musescore-git/src/build/share/locale/instruments_eo.qm'...
    Generated 2648 translation(s) (2648 finished and 0 unfinished)
    Ignored 487 untranslated source text(s)
Updating '/build/musescore-git/src/build/share/locale/instruments_en_GB.qm'...
    Generated 3077 translation(s) (3077 finished and 0 unfinished)
    Ignored 58 untranslated source text(s)
[  5%] Built target muse_cloud_qml_copy_res
[  5%] Built target muse_cloud_qml_copy_qml
[  5%] Generating instruments_fr.qm
[  5%] Generating instruments_ga.qm
[  5%] Generating instruments_gd.qm
Updating '/build/musescore-git/src/build/share/locale/instruments_en_US.qm'...
    Generated 3077 translation(s) (3077 finished and 0 unfinished)
    Ignored 58 untranslated source text(s)
[  5%] Built target muse_automation_qml_resources_1
[  5%] Building C object muse/framework/audio/engine/fluidsynth/CMakeFiles/fluidsynth.dir/fluidsynth-2.3.3/src/utils/fluid_conv.c.o
[  5%] Building CXX object muse/framework/cloud/qml/Muse/Cloud/CMakeFiles/muse_cloud_qml_resources_3.dir/.qt/rcc/qrc_muse_cloud_qml_raw_qml_0_extra_qmldirs_init.cpp.o
[  5%] Generating instruments_gl.qm
Updating '/build/musescore-git/src/build/share/locale/instruments_eu.qm'...
    Generated 1919 translation(s) (1919 finished and 0 unfinished)
    Ignored 1216 untranslated source text(s)
Updating '/build/musescore-git/src/build/share/locale/instruments_es.qm'...
    Generated 3050 translation(s) (3050 finished and 0 unfinished)
    Ignored 85 untranslated source text(s)
[  5%] Building C object muse/framework/audio/engine/fluidsynth/CMakeFiles/fluidsynth.dir/fluidsynth-2.3.3/src/utils/fluid_hash.c.o
[  5%] Generating instruments_he.qm
[  5%] Built target muse_cloud_qmlplugin_init_autogen_timestamp_deps
[  5%] Generating instruments_hi_IN.qm
[  5%] Built target muse_cloud_qml_resources_1
Updating '/build/musescore-git/src/build/share/locale/instruments_fa.qm'...
    Generated 1718 translation(s) (1718 finished and 0 unfinished)
    Ignored 1417 untranslated source text(s)
[  5%] Copying muse_diagnostics_qml qml resources into build dir
Updating '/build/musescore-git/src/build/share/locale/instruments_fil.qm'...
    Generated 640 translation(s) (640 finished and 0 unfinished)
    Ignored 2495 untranslated source text(s)
[  5%] Generating instruments_hr.qm
[  5%] Building C object muse/framework/audio/engine/fluidsynth/CMakeFiles/fluidsynth.dir/fluidsynth-2.3.3/src/utils/fluid_list.c.o
[  5%] Built target muse_cloud_qml_resources_2
[  5%] Generating instruments_hu.qm
[  5%] Building C object muse/framework/audio/engine/fluidsynth/CMakeFiles/fluidsynth.dir/fluidsynth-2.3.3/src/utils/fluid_ringbuffer.c.o
[  5%] Built target muse_cloud_qml_resources_3
[  5%] Built target muse_diagnostics_qml_copy_res
[  5%] Building C object muse/framework/audio/engine/fluidsynth/CMakeFiles/fluidsynth.dir/fluidsynth-2.3.3/src/utils/fluid_settings.c.o
[  5%] Generating instruments_hy.qm
Updating '/build/musescore-git/src/build/share/locale/instruments_hi_IN.qm'...
    Generated 64 translation(s) (64 finished and 0 unfinished)
    Ignored 3071 untranslated source text(s)
[  5%] Building C object muse/framework/audio/engine/fluidsynth/CMakeFiles/fluidsynth.dir/fluidsynth-2.3.3/src/utils/fluid_sys.c.o
[  5%] Generating instruments_id.qm
[  5%] Copying muse_diagnostics_qml qml sources into build dir
[  5%] Built target muse_diagnostics_qml_copy_qml
[  5%] Building CXX object muse/framework/diagnostics/qml/Muse/Diagnostics/CMakeFiles/muse_diagnostics_qml_resources_1.dir/.qt/rcc/qrc_qmake_Muse_Diagnostics_init.cpp.o
[  5%] Building C object muse/framework/audio/engine/fluidsynth/CMakeFiles/fluidsynth.dir/fluidsynth-2.3.3/src/sfloader/fluid_defsfont.c.o
Updating '/build/musescore-git/src/build/share/locale/instruments_fi.qm'...
    Generated 3135 translation(s) (3135 finished and 0 unfinished)
Updating '/build/musescore-git/src/build/share/locale/instruments_gd.qm'...
    Generated 1877 translation(s) (1877 finished and 0 unfinished)
    Ignored 1258 untranslated source text(s)
[  5%] Building C object muse/framework/audio/engine/fluidsynth/CMakeFiles/fluidsynth.dir/fluidsynth-2.3.3/src/sfloader/fluid_samplecache.c.o
Updating '/build/musescore-git/src/build/share/locale/instruments_ga.qm'...
    Generated 1946 translation(s) (1946 finished and 0 unfinished)
    Ignored 1189 untranslated source text(s)
Updating '/build/musescore-git/src/build/share/locale/instruments_gl.qm'...
    Generated 1921 translation(s) (1921 finished and 0 unfinished)
    Ignored 1214 untranslated source text(s)
[  5%] Generating instruments_it.qm
[  5%] Generating instruments_ig.qm
[  5%] Building CXX object muse/framework/diagnostics/qml/Muse/Diagnostics/CMakeFiles/muse_diagnostics_qml_resources_2.dir/.qt/rcc/qrc_muse_diagnostics_qml_raw_qml_0_init.cpp.o
[  5%] Built target muse_diagnostics_qmlplugin_init_autogen_timestamp_deps
Updating '/build/musescore-git/src/build/share/locale/instruments_id.qm'...
    Generated 325 translation(s) (325 finished and 0 unfinished)
    Ignored 2810 untranslated source text(s)
Updating '/build/musescore-git/src/build/share/locale/instruments_fo.qm'...
    Generated 2780 translation(s) (2780 finished and 0 unfinished)
    Ignored 355 untranslated source text(s)
[  5%] Generating instruments_ja.qm
[  5%] Building C object muse/framework/audio/engine/fluidsynth/CMakeFiles/fluidsynth.dir/fluidsynth-2.3.3/src/sfloader/fluid_sffile.c.o
Updating '/build/musescore-git/src/build/share/locale/instruments_hy.qm'...
    Generated 945 translation(s) (945 finished and 0 unfinished)
    Ignored 2190 untranslated source text(s)
[  5%] Generating instruments_ka.qm
Updating '/build/musescore-git/src/build/share/locale/instruments_he.qm'...
    Generated 2057 translation(s) (2057 finished and 0 unfinished)
    Ignored 1078 untranslated source text(s)
[  5%] Copying muse_midiremote_qml qml resources into build dir
[  5%] Copying muse_midiremote_qml qml sources into build dir
Updating '/build/musescore-git/src/build/share/locale/instruments_fr.qm'...
    Generated 3135 translation(s) (3135 finished and 0 unfinished)
[  5%] Building C object muse/framework/audio/engine/fluidsynth/CMakeFiles/fluidsynth.dir/fluidsynth-2.3.3/src/sfloader/fluid_sfont.c.o
Updating '/build/musescore-git/src/build/share/locale/instruments_ig.qm'...
    Generated 0 translation(s) (0 finished and 0 unfinished)
    Ignored 3135 untranslated source text(s)
[  5%] Generating instruments_kab.qm
[  5%] Built target muse_diagnostics_qml_resources_1
[  5%] Generating instruments_ko.qm
[  5%] Built target muse_midiremote_qml_copy_res
[  5%] Built target muse_midiremote_qml_copy_qml
Updating '/build/musescore-git/src/build/share/locale/instruments_hr.qm'...
    Generated 2161 translation(s) (2161 finished and 0 unfinished)
    Ignored 974 untranslated source text(s)
[  5%] Generating instruments_lt.qm
[  5%] Generating instruments_lv.qm
[  5%] Building CXX object muse/framework/midiremote/qml/Muse/MidiRemote/CMakeFiles/muse_midiremote_qml_resources_1.dir/.qt/rcc/qrc_qmake_Muse_MidiRemote_init.cpp.o
[  5%] Built target muse_diagnostics_qml_resources_2
[  5%] Building C object muse/framework/audio/engine/fluidsynth/CMakeFiles/fluidsynth.dir/fluidsynth-2.3.3/src/rvoice/fluid_adsr_env.c.o
[  5%] Building CXX object muse/framework/midiremote/qml/Muse/MidiRemote/CMakeFiles/muse_midiremote_qml_resources_2.dir/.qt/rcc/qrc_muse_midiremote_qml_raw_qml_0_init.cpp.o
[  5%] Generating instruments_ml.qm
Updating '/build/musescore-git/src/build/share/locale/instruments_kab.qm'...
    Generated 0 translation(s) (0 finished and 0 unfinished)
    Ignored 3135 untranslated source text(s)
Updating '/build/musescore-git/src/build/share/locale/instruments_hu.qm'...
    Generated 2858 translation(s) (2858 finished and 0 unfinished)
    Ignored 277 untranslated source text(s)
[  5%] Generating instruments_mn_MN.qm
[  5%] Building CXX object muse/framework/midiremote/qml/Muse/MidiRemote/CMakeFiles/muse_midiremote_qml_resources_3.dir/.qt/rcc/qrc_muse_midiremote_qml_raw_qml_0_extra_qmldirs_init.cpp.o
[  5%] Generating instruments_mt.qm
Updating '/build/musescore-git/src/build/share/locale/instruments_ka.qm'...
    Generated 1037 translation(s) (1037 finished and 0 unfinished)
    Ignored 2098 untranslated source text(s)
[  5%] Building C object muse/framework/audio/engine/fluidsynth/CMakeFiles/fluidsynth.dir/fluidsynth-2.3.3/src/rvoice/fluid_chorus.c.o
Updating '/build/musescore-git/src/build/share/locale/instruments_ml.qm'...
    Generated 75 translation(s) (75 finished and 0 unfinished)
    Ignored 3060 untranslated source text(s)
Updating '/build/musescore-git/src/build/share/locale/instruments_lv.qm'...
    Generated 654 translation(s) (654 finished and 0 unfinished)
    Ignored 2481 untranslated source text(s)
[  5%] Building C object muse/framework/audio/engine/fluidsynth/CMakeFiles/fluidsynth.dir/fluidsynth-2.3.3/src/rvoice/fluid_iir_filter.c.o
[  5%] Built target muse_midiremote_qml_resources_1
Updating '/build/musescore-git/src/build/share/locale/instruments_mn_MN.qm'...
    Generated 17 translation(s) (17 finished and 0 unfinished)
    Ignored 3118 untranslated source text(s)
[  5%] Generating instruments_nb.qm
[  5%] Built target muse_midiremote_qml_resources_2
[  5%] Built target muse_midiremote_qmlplugin_init_autogen_timestamp_deps
[  5%] Building C object muse/framework/audio/engine/fluidsynth/CMakeFiles/fluidsynth.dir/fluidsynth-2.3.3/src/rvoice/fluid_lfo.c.o
[  5%] Building CXX object muse/framework/mpe/CMakeFiles/muse_mpe_resources_1.dir/.qt/rcc/qrc_muse_mpe_resources_init.cpp.o
[  5%] Built target muse_midiremote_qml_resources_3
[  5%] Copying muse_mpe_qml qml resources into build dir
[  5%] Copying muse_mpe_qml qml sources into build dir
Updating '/build/musescore-git/src/build/share/locale/instruments_lt.qm'...
    Generated 1540 translation(s) (1540 finished and 0 unfinished)
    Ignored 1595 untranslated source text(s)
[  6%] Building CXX object muse/framework/mpe/qml/Muse/Mpe/CMakeFiles/muse_mpe_qml_resources_1.dir/.qt/rcc/qrc_qmake_Muse_Mpe_init.cpp.o
[  6%] Building C object muse/framework/audio/engine/fluidsynth/CMakeFiles/fluidsynth.dir/fluidsynth-2.3.3/src/rvoice/fluid_rev.c.o
Updating '/build/musescore-git/src/build/share/locale/instruments_it.qm'...
    Generated 2884 translation(s) (2884 finished and 0 unfinished)
    Ignored 251 untranslated source text(s)
[  6%] Building C object muse/framework/audio/engine/fluidsynth/CMakeFiles/fluidsynth.dir/fluidsynth-2.3.3/src/rvoice/fluid_rvoice.c.o
[  6%] Generating instruments_nl.qm
Updating '/build/musescore-git/src/build/share/locale/instruments_ja.qm'...
    Generated 2731 translation(s) (2731 finished and 0 unfinished)
    Ignored 404 untranslated source text(s)
[  6%] Built target muse_mpe_qml_copy_res
[  6%] Built target muse_mpe_qml_copy_qml
[  7%] Generating instruments_nn.qm
[  7%] Building CXX object muse/framework/mpe/qml/Muse/Mpe/CMakeFiles/muse_mpe_qml_resources_2.dir/.qt/rcc/qrc_muse_mpe_qml_raw_qml_0_init.cpp.o
[  7%] Building C object muse/framework/audio/engine/fluidsynth/CMakeFiles/fluidsynth.dir/fluidsynth-2.3.3/src/rvoice/fluid_rvoice_dsp.c.o
[  7%] Built target muse_mpe_qmlplugin_init_autogen_timestamp_deps
Updating '/build/musescore-git/src/build/share/locale/instruments_mt.qm'...
    Generated 1327 translation(s) (1327 finished and 0 unfinished)
    Ignored 1808 untranslated source text(s)
[  7%] Building C object muse/framework/audio/engine/fluidsynth/CMakeFiles/fluidsynth.dir/fluidsynth-2.3.3/src/rvoice/fluid_rvoice_event.c.o
[  7%] Copying muse_rcommand_qml qml resources into build dir
[  7%] Generating instruments_pl.qm
[  7%] Copying muse_rcommand_qml qml sources into build dir
[  7%] Built target muse_mpe_resources_1
[  7%] Built target muse_rcommand_qml_copy_res
Updating '/build/musescore-git/src/build/share/locale/instruments_ko.qm'...
    Generated 3077 translation(s) (3077 finished and 0 unfinished)
    Ignored 58 untranslated source text(s)
[  8%] Building C object muse/framework/audio/engine/fluidsynth/CMakeFiles/fluidsynth.dir/fluidsynth-2.3.3/src/rvoice/fluid_rvoice_mixer.c.o
[  8%] Building C object muse/framework/audio/engine/fluidsynth/CMakeFiles/fluidsynth.dir/fluidsynth-2.3.3/src/midi/fluid_midi_router.c.o
[  8%] Built target muse_mpe_qml_resources_1
[  8%] Built target muse_rcommand_qml_copy_qml
[  8%] Building C object muse/framework/audio/engine/fluidsynth/CMakeFiles/fluidsynth.dir/fluidsynth-2.3.3/src/midi/fluid_midi.c.o
[  8%] Building C object muse/framework/audio/engine/fluidsynth/CMakeFiles/fluidsynth.dir/fluidsynth-2.3.3/src/midi/fluid_seq.c.o
Updating '/build/musescore-git/src/build/share/locale/instruments_nn.qm'...
    Generated 523 translation(s) (523 finished and 0 unfinished)
    Ignored 2612 untranslated source text(s)
[  8%] Building CXX object muse/framework/rcommand/qml/Muse/RCommand/CMakeFiles/muse_rcommand_qml_resources_1.dir/.qt/rcc/qrc_qmake_Muse_RCommand_init.cpp.o
[  8%] Building CXX object muse/framework/rcommand/qml/Muse/RCommand/CMakeFiles/muse_rcommand_qml_resources_2.dir/.qt/rcc/qrc_muse_rcommand_qml_raw_qml_0_init.cpp.o
[  8%] Built target muse_rcommand_qmlplugin_init_autogen_timestamp_deps
[  8%] Built target muse_mpe_qml_resources_2
[  8%] Building CXX object muse/framework/audio/engine/fluidsynth/CMakeFiles/fluidsynth.dir/fluidsynth-2.3.3/src/midi/fluid_seq_queue.cpp.o
[  8%] Built target musescore-mcpbridge_autogen_timestamp_deps
[  8%] Building C object muse/framework/audio/engine/fluidsynth/CMakeFiles/fluidsynth.dir/fluidsynth-2.3.3/src/midi/fluid_seqbind.c.o
[  8%] Copying muse_shortcuts_qml qml resources into build dir
[  8%] Generating instruments_pt.qm
[  8%] Built target muse_shortcuts_qml_copy_res
[  8%] Built target muse_rcommand_qml_resources_1
Updating '/build/musescore-git/src/build/share/locale/instruments_nb.qm'...
    Generated 2994 translation(s) (2994 finished and 0 unfinished)
    Ignored 141 untranslated source text(s)
[  8%] Built target muse_rcommand_qml_resources_2
[  8%] Copying muse_shortcuts_qml qml sources into build dir
[  8%] Building CXX object muse/framework/shortcuts/qml/Muse/Shortcuts/CMakeFiles/muse_shortcuts_qml_resources_1.dir/.qt/rcc/qrc_qmake_Muse_Shortcuts_init.cpp.o
[  8%] Building CXX object muse/framework/shortcuts/qml/Muse/Shortcuts/CMakeFiles/muse_shortcuts_qml_resources_3.dir/.qt/rcc/qrc_muse_shortcuts_qml_raw_qml_0_extra_qmldirs_init.cpp.o
[  8%] Building CXX object muse/framework/shortcuts/qml/Muse/Shortcuts/CMakeFiles/muse_shortcuts_qml_resources_2.dir/.qt/rcc/qrc_muse_shortcuts_qml_raw_qml_0_init.cpp.o
[  8%] Built target muse_shortcuts_qmlplugin_init_autogen_timestamp_deps
[  8%] Built target muse_shortcuts_qml_copy_qml
[  8%] Building CXX object muse/framework/audio/engine/fluidsynth/CMakeFiles/fluidsynth.dir/fluidsynth-2.3.3/src/midi/fluid_seqbind_notes.cpp.o
Updating '/build/musescore-git/src/build/share/locale/instruments_nl.qm'...
    Generated 3135 translation(s) (3135 finished and 0 unfinished)
[  8%] Generating instruments_ro.qm
[  8%] Generating instruments_pt_BR.qm
[  8%] Copying muse_tours_qml qml resources into build dir
[  8%] Copying muse_tours_qml qml sources into build dir
[  8%] Building C object muse/framework/audio/engine/fluidsynth/CMakeFiles/fluidsynth.dir/fluidsynth-2.3.3/src/bindings/fluid_filerenderer.c.o
Updating '/build/musescore-git/src/build/share/locale/instruments_pl.qm'...
    Generated 3077 translation(s) (3077 finished and 0 unfinished)
    Ignored 58 untranslated source text(s)
[  8%] Built target muse_tours_qml_copy_res
[  8%] Built target muse_tours_qml_copy_qml
[  8%] Generating instruments_scn.qm
[  8%] Generating instruments_sk.qm
[  8%] Built target muse_shortcuts_qml_resources_1
[  8%] Generating instruments_ru.qm
[  8%] Building C object muse/framework/audio/engine/fluidsynth/CMakeFiles/fluidsynth.dir/fluidsynth-2.3.3/src/drivers/fluid_adriver.c.o
[  8%] Generating instruments_sl.qm
[  8%] Building CXX object muse/framework/tours/qml/Muse/Tours/CMakeFiles/muse_tours_qml_resources_1.dir/.qt/rcc/qrc_qmake_Muse_Tours_init.cpp.o
[  8%] Built target muse_shortcuts_qml_resources_3
[  8%] Built target muse_shortcuts_qml_resources_2
[  8%] Generating instruments_sr_RS.qm
[  8%] Generating instruments_sr.qm
[  8%] Generating instruments_sv.qm
Updating '/build/musescore-git/src/build/share/locale/instruments_scn.qm'...
    Generated 0 translation(s) (0 finished and 0 unfinished)
    Ignored 3135 untranslated source text(s)
[  8%] Building CXX object muse/framework/tours/qml/Muse/Tours/CMakeFiles/muse_tours_qml_resources_2.dir/.qt/rcc/qrc_muse_tours_qml_raw_qml_0_init.cpp.o
[  8%] Building C object muse/framework/audio/engine/fluidsynth/CMakeFiles/fluidsynth.dir/fluidsynth-2.3.3/src/drivers/fluid_mdriver.c.o
[  8%] Building CXX object muse/framework/audio/engine/fluidsynth/CMakeFiles/fluidsynth.dir/vorbis_decode.cpp.o
Updating '/build/musescore-git/src/build/share/locale/instruments_pt.qm'...
    Generated 3009 translation(s) (3009 finished and 0 unfinished)
    Ignored 126 untranslated source text(s)
Updating '/build/musescore-git/src/build/share/locale/instruments_sr.qm'...
    Generated 177 translation(s) (177 finished and 0 unfinished)
    Ignored 2958 untranslated source text(s)
[  8%] Built target muse_tours_qml_resources_1
[  8%] Building CXX object muse/framework/tours/qml/Muse/Tours/CMakeFiles/muse_tours_qml_resources_3.dir/.qt/rcc/qrc_muse_tours_qml_raw_qml_0_extra_qmldirs_init.cpp.o
[  8%] Generating instruments_sv_SE.qm
[  8%] Generating instruments_th.qm
[  8%] Built target muse_tours_qmlplugin_init_autogen_timestamp_deps
Updating '/build/musescore-git/src/build/share/locale/instruments_sk.qm'...
    Generated 1510 translation(s) (1510 finished and 0 unfinished)
    Ignored 1625 untranslated source text(s)
[  8%] Generating instruments_tr.qm
Updating '/build/musescore-git/src/build/share/locale/instruments_ro.qm'...
    Generated 2336 translation(s) (2336 finished and 0 unfinished)
    Ignored 799 untranslated source text(s)
[  8%] Copying muse_multiwindows_qml qml resources into build dir
[  8%] Generating instruments_uk.qm
Updating '/build/musescore-git/src/build/share/locale/instruments_sr_RS.qm'...
    Generated 1354 translation(s) (1354 finished and 0 unfinished)
    Ignored 1781 untranslated source text(s)
[  8%] Copying muse_multiwindows_qml qml sources into build dir
[  8%] Generating instruments_uz@Latn.qm
Updating '/build/musescore-git/src/build/share/locale/instruments_th.qm'...
    Generated 171 translation(s) (171 finished and 0 unfinished)
    Ignored 2964 untranslated source text(s)
[  8%] Built target muse_tours_qml_resources_2
[  8%] Built target muse_multiwindows_qml_copy_res
[  8%] Built target muse_multiwindows_qml_copy_qml
[  8%] Generating instruments_vi.qm
Updating '/build/musescore-git/src/build/share/locale/instruments_pt_BR.qm'...
    Generated 3034 translation(s) (3034 finished and 0 unfinished)
    Ignored 101 untranslated source text(s)
[  8%] Generating instruments_zh_CN.qm
[  8%] Built target muse_tours_qml_resources_3
[  8%] Building CXX object muse/framework/multiwindows/qml/Muse/MultiWindows/CMakeFiles/muse_multiwindows_qml_resources_1.dir/.qt/rcc/qrc_qmake_Muse_MultiWindows_init.cpp.o
[  8%] Generating instruments_zh_HK.qm
[  8%] Building CXX object muse/framework/multiwindows/qml/Muse/MultiWindows/CMakeFiles/muse_multiwindows_qml_resources_2.dir/.qt/rcc/qrc_muse_multiwindows_qml_raw_qml_0_init.cpp.o
[  8%] Built target muse_multiwindows_qmlplugin_init_autogen_timestamp_deps
[  8%] Building CXX object muse/framework/languages/CMakeFiles/muse_languages_resources_1.dir/.qt/rcc/qrc_muse_languages_resources_init.cpp.o
[  8%] Copying muse_learn_qml qml resources into build dir
Updating '/build/musescore-git/src/build/share/locale/instruments_ru.qm'...
    Generated 3077 translation(s) (3077 finished and 0 unfinished)
    Ignored 58 untranslated source text(s)
Updating '/build/musescore-git/src/build/share/locale/instruments_uz@Latn.qm'...
    Generated 64 translation(s) (64 finished and 0 unfinished)
    Ignored 3071 untranslated source text(s)
Updating '/build/musescore-git/src/build/share/locale/instruments_sl.qm'...
    Generated 2932 translation(s) (2932 finished and 0 unfinished)
    Ignored 203 untranslated source text(s)
[  8%] Copying muse_learn_qml qml sources into build dir
[  8%] Generating instruments_zh_TW.qm
[  8%] Generating musescore_af.qm
[  8%] Generating musescore_ar.qm
[  8%] Built target muse_learn_qml_copy_res
[  8%] Built target muse_learn_qml_copy_qml
Updating '/build/musescore-git/src/build/share/locale/instruments_sv.qm'...
    Generated 2991 translation(s) (2991 finished and 0 unfinished)
    Ignored 144 untranslated source text(s)
[  8%] Building CXX object muse/framework/learn/qml/Muse/Learn/CMakeFiles/muse_learn_qml_resources_1.dir/.qt/rcc/qrc_qmake_Muse_Learn_init.cpp.o
[  8%] Built target muse_multiwindows_qml_resources_1
[  8%] Generating musescore_ar_DZ.qm
[  8%] Built target muse_languages_resources_1
[  8%] Building CXX object muse/framework/learn/qml/Muse/Learn/CMakeFiles/muse_learn_qml_resources_2.dir/.qt/rcc/qrc_muse_learn_qml_raw_qml_0_init.cpp.o
[  8%] Built target muse_multiwindows_qml_resources_2
[  8%] Building CXX object muse/framework/learn/qml/Muse/Learn/CMakeFiles/muse_learn_qml_resources_3.dir/.qt/rcc/qrc_muse_learn_qml_raw_res_0_init.cpp.o
[  8%] Building CXX object muse/framework/learn/qml/Muse/Learn/CMakeFiles/muse_learn_qml_resources_4.dir/.qt/rcc/qrc_muse_learn_qml_raw_qml_0_extra_qmldirs_init.cpp.o
Updating '/build/musescore-git/src/build/share/locale/instruments_uk.qm'...
    Generated 1772 translation(s) (1772 finished and 0 unfinished)
    Ignored 1363 untranslated source text(s)
[  9%] Copying muse_extensions_qml qml resources into build dir
[  9%] Built target muse_learn_qmlplugin_init_autogen_timestamp_deps
[  9%] Generating musescore_ar_EG.qm
[  9%] Copying muse_extensions_qml qml sources into build dir
Updating '/build/musescore-git/src/build/share/locale/instruments_vi.qm'...
    Generated 1557 translation(s) (1557 finished and 0 unfinished)
    Ignored 1578 untranslated source text(s)
[  9%] Generating musescore_ar_SD.qm
Updating '/build/musescore-git/src/build/share/locale/instruments_sv_SE.qm'...
    Generated 3135 translation(s) (3135 finished and 0 unfinished)
Updating '/build/musescore-git/src/build/share/locale/musescore_af.qm'...
    Generated 5241 translation(s) (5241 finished and 0 unfinished)
    Ignored 2008 untranslated source text(s)
Updating '/build/musescore-git/src/build/share/locale/musescore_ar.qm'...
    Generated 817 translation(s) (817 finished and 0 unfinished)
    Ignored 6432 untranslated source text(s)
[  9%] Built target muse_extensions_qml_copy_res
[  9%] Built target muse_extensions_qml_copy_qml
[  9%] Building CXX object muse/framework/extensions/qml/Muse/Extensions/CMakeFiles/muse_extensions_qml_resources_1.dir/.qt/rcc/qrc_qmake_Muse_Extensions_init.cpp.o
[  9%] Generating musescore_ast.qm
[  9%] Generating musescore_be.qm
[  9%] Generating musescore_bg.qm
[  9%] Built target muse_learn_qml_resources_1
Updating '/build/musescore-git/src/build/share/locale/musescore_ar_DZ.qm'...
    Generated 5 translation(s) (5 finished and 0 unfinished)
    Ignored 7244 untranslated source text(s)
[  9%] Building CXX object muse/framework/extensions/qml/Muse/Extensions/CMakeFiles/muse_extensions_qml_resources_2.dir/.qt/rcc/qrc_muse_extensions_qml_raw_qml_0_init.cpp.o
Updating '/build/musescore-git/src/build/share/locale/instruments_tr.qm'...
    Generated 3135 translation(s) (3135 finished and 0 unfinished)
[  9%] Built target muse_learn_qml_resources_2
[  9%] Building CXX object muse/framework/extensions/qml/Muse/Extensions/CMakeFiles/muse_extensions_qml_resources_3.dir/.qt/rcc/qrc_muse_extensions_qml_raw_res_0_init.cpp.o
[  9%] Generating musescore_br.qm
[  9%] Generating musescore_ca.qm
[  9%] Built target muse_learn_qml_resources_3
[ 10%] Generating musescore_ca@valencia.qm
[ 10%] Building CXX object muse/framework/extensions/qml/Muse/Extensions/CMakeFiles/muse_extensions_qml_resources_4.dir/.qt/rcc/qrc_muse_extensions_qml_raw_qml_0_extra_qmldirs_init.cpp.o
[ 10%] Built target muse_extensions_qmlplugin_init_autogen_timestamp_deps
[ 10%] Built target muse_learn_qml_resources_4
Updating '/build/musescore-git/src/build/share/locale/instruments_zh_HK.qm'...
    Generated 2858 translation(s) (2858 finished and 0 unfinished)
    Ignored 277 untranslated source text(s)
[ 10%] Generating musescore_cs.qm
Updating '/build/musescore-git/src/build/share/locale/musescore_ar_EG.qm'...
    Generated 671 translation(s) (671 finished and 0 unfinished)
    Ignored 6578 untranslated source text(s)
[ 10%] Generating musescore_cy.qm
[ 10%] Copying muse_workspace_qml qml resources into build dir
[ 10%] Generating musescore_da.qm
Updating '/build/musescore-git/src/build/share/locale/instruments_zh_CN.qm'...
    Generated 3039 translation(s) (3039 finished and 0 unfinished)
    Ignored 96 untranslated source text(s)
Updating '/build/musescore-git/src/build/share/locale/musescore_ar_SD.qm'...
    Generated 287 translation(s) (287 finished and 0 unfinished)
    Ignored 6962 untranslated source text(s)
[ 10%] Generating musescore_de.qm
[ 10%] Built target muse_extensions_qml_resources_1
[ 10%] Built target muse_workspace_qml_copy_res
Updating '/build/musescore-git/src/build/share/locale/musescore_bg.qm'...
    Generated 1112 translation(s) (1112 finished and 0 unfinished)
    Ignored 6137 untranslated source text(s)
[ 10%] Generating musescore_el.qm
Updating '/build/musescore-git/src/build/share/locale/musescore_be.qm'...
Removed plural forms as the target language has less forms.
If this sounds wrong, possibly the target language is not set or recognized.
    Generated 2122 translation(s) (2122 finished and 0 unfinished)
    Ignored 5127 untranslated source text(s)
[ 10%] Copying muse_workspace_qml qml sources into build dir
Updating '/build/musescore-git/src/build/share/locale/instruments_zh_TW.qm'...
    Generated 2925 translation(s) (2925 finished and 0 unfinished)
    Ignored 210 untranslated source text(s)
[ 10%] Building CXX object muse/framework/workspace/qml/Muse/Workspace/CMakeFiles/muse_workspace_qml_resources_1.dir/.qt/rcc/qrc_qmake_Muse_Workspace_init.cpp.o
[ 10%] Built target muse_extensions_qml_resources_2
[ 10%] Generating musescore_en_GB.qm
[ 10%] Generating musescore_en.qm
[ 10%] Built target muse_extensions_qml_resources_3
[ 10%] Building CXX object muse/framework/workspace/qml/Muse/Workspace/CMakeFiles/muse_workspace_qml_resources_2.dir/.qt/rcc/qrc_muse_workspace_qml_raw_qml_0_init.cpp.o
Updating '/build/musescore-git/src/build/share/locale/musescore_ast.qm'...
Removed plural forms as the target language has less forms.
If this sounds wrong, possibly the target language is not set or recognized.
    Generated 5843 translation(s) (5843 finished and 0 unfinished)
    Ignored 1406 untranslated source text(s)
[ 10%] Building CXX object muse/framework/workspace/qml/Muse/Workspace/CMakeFiles/muse_workspace_qml_resources_3.dir/.qt/rcc/qrc_muse_workspace_qml_raw_qml_0_extra_qmldirs_init.cpp.o
Updating '/build/musescore-git/src/build/share/locale/musescore_br.qm'...
Removed plural forms as the target language has less forms.
If this sounds wrong, possibly the target language is not set or recognized.
    Generated 244 translation(s) (244 finished and 0 unfinished)
    Ignored 7005 untranslated source text(s)
[ 10%] Built target muse_workspace_qml_copy_qml
[ 10%] Generating musescore_en_US.qm
[ 10%] Built target muse_workspace_qmlplugin_init_autogen_timestamp_deps
[ 10%] Generating musescore_eo.qm
[ 10%] Built target muse_extensions_qml_resources_4
[ 10%] Copying muse_update_qml qml resources into build dir
Updating '/build/musescore-git/src/build/share/locale/musescore_ca.qm'...
    Generated 6832 translation(s) (6832 finished and 0 unfinished)
    Ignored 417 untranslated source text(s)
Updating '/build/musescore-git/src/build/share/locale/musescore_ca@valencia.qm'...
Removed plural forms as the target language has less forms.
If this sounds wrong, possibly the target language is not set or recognized.
    Generated 4991 translation(s) (4991 finished and 0 unfinished)
    Ignored 2258 untranslated source text(s)
[ 10%] Copying muse_update_qml qml sources into build dir
[ 10%] Building CXX object muse/framework/update/qml/Muse/Update/CMakeFiles/muse_update_qml_resources_1.dir/.qt/rcc/qrc_qmake_Muse_Update_init.cpp.o
[ 10%] Generating musescore_es.qm
[ 10%] Built target muse_update_qml_copy_res
[ 10%] Building CXX object muse/framework/update/qml/Muse/Update/CMakeFiles/muse_update_qml_resources_2.dir/.qt/rcc/qrc_muse_update_qml_raw_qml_0_init.cpp.o
Updating '/build/musescore-git/src/build/share/locale/musescore_cy.qm'...
    Generated 1722 translation(s) (1722 finished and 0 unfinished)
    Ignored 5527 untranslated source text(s)
[ 10%] Built target muse_update_qml_copy_qml
[ 10%] Generating musescore_et.qm
[ 10%] Building CXX object muse/framework/update/qml/Muse/Update/CMakeFiles/muse_update_qml_resources_3.dir/.qt/rcc/qrc_muse_update_qml_raw_qml_0_extra_qmldirs_init.cpp.o
Updating '/build/musescore-git/src/build/share/locale/musescore_cs.qm'...
Removed plural forms as the target language has less forms.
If this sounds wrong, possibly the target language is not set or recognized.
    Generated 7243 translation(s) (7243 finished and 0 unfinished)
    Ignored 6 untranslated source text(s)
[ 10%] Built target muse_workspace_qml_resources_1
[ 10%] Built target muse_update_qmlplugin_init_autogen_timestamp_deps
Updating '/build/musescore-git/src/build/share/locale/musescore_el.qm'...
    Generated 2768 translation(s) (2768 finished and 0 unfinished)
    Ignored 4481 untranslated source text(s)
[ 10%] Generating musescore_eu.qm
[ 10%] Built target muse_workspace_qml_resources_2
Updating '/build/musescore-git/src/build/share/locale/musescore_da.qm'...
    Generated 7249 translation(s) (7249 finished and 0 unfinished)
[ 10%] Running rcc pass 1 for resource fonts_Bravura
Updating '/build/musescore-git/src/build/share/locale/musescore_de.qm'...
    Generated 7249 translation(s) (7249 finished and 0 unfinished)
[ 10%] Built target muse_workspace_qml_resources_3
[ 10%] Running rcc pass 1 for resource fonts_Campania
[ 10%] Generating musescore_fa.qm
[ 10%] Running rcc pass 1 for resource fonts_Edwin
[ 10%] Running rcc pass 1 for resource fonts_FreeSans
Updating '/build/musescore-git/src/build/share/locale/musescore_en_GB.qm'...
    Generated 7249 translation(s) (7249 finished and 0 unfinished)
[ 10%] Running rcc pass 1 for resource fonts_FreeSerif
Updating '/build/musescore-git/src/build/share/locale/musescore_en.qm'...
    Generated 6928 translation(s) (0 finished and 6928 unfinished)
[ 10%] Running rcc pass 1 for resource fonts_Gootville
[ 10%] Generating musescore_fi.qm
Updating '/build/musescore-git/src/build/share/locale/musescore_eo.qm'...
    Generated 2752 translation(s) (2752 finished and 0 unfinished)
    Ignored 4497 untranslated source text(s)
[ 10%] Running rcc pass 1 for resource fonts_Leland
Updating '/build/musescore-git/src/build/share/locale/musescore_en_US.qm'...
    Generated 7249 translation(s) (7249 finished and 0 unfinished)
[ 10%] Built target muse_update_qml_resources_1
[ 10%] Generating musescore_fil.qm
[ 10%] Generating musescore_fo.qm
[ 10%] Generating musescore_fr.qm
[ 10%] Built target muse_update_qml_resources_2
[ 10%] Built target muse_update_qml_resources_3
Updating '/build/musescore-git/src/build/share/locale/musescore_et.qm'...
    Generated 3193 translation(s) (3193 finished and 0 unfinished)
    Ignored 4056 untranslated source text(s)
Updating '/build/musescore-git/src/build/share/locale/musescore_es.qm'...
Removed plural forms as the target language has less forms.
If this sounds wrong, possibly the target language is not set or recognized.
    Generated 6097 translation(s) (6097 finished and 0 unfinished)
    Ignored 1152 untranslated source text(s)
[ 10%] Running rcc pass 1 for resource fonts_MScore
[ 10%] Generating musescore_gd.qm
[ 10%] Generating musescore_ga.qm
[ 10%] Running rcc pass 1 for resource fonts_MuseJazz
[ 10%] Built target big_resources_fonts_Campania
[ 10%] Running rcc pass 1 for resource fonts_Petaluma
Updating '/build/musescore-git/src/build/share/locale/musescore_eu.qm'...
    Generated 3121 translation(s) (3121 finished and 0 unfinished)
    Ignored 4128 untranslated source text(s)
Updating '/build/musescore-git/src/build/share/locale/musescore_fa.qm'...
Removed plural forms as the target language has less forms.
If this sounds wrong, possibly the target language is not set or recognized.
    Generated 1039 translation(s) (1039 finished and 0 unfinished)
    Ignored 6210 untranslated source text(s)
[ 10%] Generating musescore_gl.qm
[ 10%] Running rcc pass 1 for resource fonts_FinaleMaestro
[ 10%] Running rcc pass 1 for resource fonts_FinaleBroadway
Updating '/build/musescore-git/src/build/share/locale/musescore_fil.qm'...
    Generated 1811 translation(s) (1811 finished and 0 unfinished)
    Ignored 5438 untranslated source text(s)
Updating '/build/musescore-git/src/build/share/locale/musescore_fi.qm'...
    Generated 7249 translation(s) (7249 finished and 0 unfinished)
[ 10%] Generating musescore_he.qm
Updating '/build/musescore-git/src/build/share/locale/musescore_fo.qm'...
    Generated 6048 translation(s) (6048 finished and 0 unfinished)
    Ignored 1201 untranslated source text(s)
[ 10%] Running rcc pass 1 for resource fonts_Tabulature
[ 10%] Generating musescore_hi_IN.qm
Updating '/build/musescore-git/src/build/share/locale/musescore_fr.qm'...
Removed plural forms as the target language has less forms.
If this sounds wrong, possibly the target language is not set or recognized.
    Generated 7249 translation(s) (7249 finished and 0 unfinished)
[ 10%] Copying braille_qml qml resources into build dir
Updating '/build/musescore-git/src/build/share/locale/musescore_gd.qm'...
    Generated 2151 translation(s) (2151 finished and 0 unfinished)
    Ignored 5098 untranslated source text(s)
Updating '/build/musescore-git/src/build/share/locale/musescore_ga.qm'...
Removed plural forms as the target language has less forms.
If this sounds wrong, possibly the target language is not set or recognized.
    Generated 1117 translation(s) (1117 finished and 0 unfinished)
    Ignored 6132 untranslated source text(s)
[ 10%] Generating musescore_hr.qm
[ 10%] Built target big_resources_fonts_Edwin
[ 10%] Built target big_resources_fonts_Tabulature
[ 10%] Generating musescore_hu.qm
[ 10%] Generating musescore_hy.qm
[ 10%] Built target braille_qml_copy_res
[ 10%] Copying braille_qml qml sources into build dir
Updating '/build/musescore-git/src/build/share/locale/musescore_gl.qm'...
    Generated 4156 translation(s) (4156 finished and 0 unfinished)
    Ignored 3093 untranslated source text(s)
[ 10%] Building CXX object src/braille/qml/MuseScore/Braille/CMakeFiles/braille_qml_resources_1.dir/.qt/rcc/qrc_qmake_MuseScore_Braille_init.cpp.o
[ 10%] Built target big_resources_fonts_FinaleBroadway
[ 10%] Building CXX object src/braille/qml/MuseScore/Braille/CMakeFiles/braille_qml_resources_2.dir/.qt/rcc/qrc_braille_qml_raw_qml_0_init.cpp.o
[ 10%] Built target big_resources_fonts_Gootville
[ 10%] Built target braille_qml_copy_qml
[ 10%] Built target braille_qmlplugin_init_autogen_timestamp_deps
[ 10%] Built target big_resources_fonts_Leland
[ 10%] Generating musescore_id.qm
[ 10%] Copying engraving_qml qml resources into build dir
Updating '/build/musescore-git/src/build/share/locale/musescore_hi_IN.qm'...
    Generated 156 translation(s) (156 finished and 0 unfinished)
    Ignored 7093 untranslated source text(s)
[ 10%] Generating musescore_ig.qm
Updating '/build/musescore-git/src/build/share/locale/musescore_he.qm'...
Removed plural forms as the target language has less forms.
If this sounds wrong, possibly the target language is not set or recognized.
    Generated 4977 translation(s) (4977 finished and 0 unfinished)
    Ignored 2272 untranslated source text(s)
[ 10%] Copying engraving_qml qml sources into build dir
[ 10%] Generating musescore_it.qm
[ 10%] Built target engraving_qml_copy_res
[ 11%] Building CXX object src/engraving/qml/MuseScore/Engraving/CMakeFiles/engraving_qml_resources_1.dir/.qt/rcc/qrc_qmake_MuseScore_Engraving_init.cpp.o
[ 11%] Building CXX object src/engraving/qml/MuseScore/Engraving/CMakeFiles/engraving_qml_resources_2.dir/.qt/rcc/qrc_engraving_qml_raw_qml_0_init.cpp.o
Updating '/build/musescore-git/src/build/share/locale/musescore_hy.qm'...
    Generated 1710 translation(s) (1710 finished and 0 unfinished)
    Ignored 5539 untranslated source text(s)
[ 11%] Built target engraving_qml_copy_qml
Updating '/build/musescore-git/src/build/share/locale/musescore_hr.qm'...
    Generated 4881 translation(s) (4881 finished and 0 unfinished)
    Ignored 2368 untranslated source text(s)
[ 11%] Generating musescore_ja.qm
Updating '/build/musescore-git/src/build/share/locale/musescore_hu.qm'...
Removed plural forms as the target language has less forms.
If this sounds wrong, possibly the target language is not set or recognized.
    Generated 5438 translation(s) (5438 finished and 0 unfinished)
    Ignored 1811 untranslated source text(s)
[ 11%] Building CXX object src/engraving/qml/MuseScore/Engraving/CMakeFiles/engraving_qml_resources_3.dir/.qt/rcc/qrc_engraving_qml_raw_qml_0_extra_qmldirs_init.cpp.o
[ 11%] Built target braille_qml_resources_1
[ 11%] Generating musescore_ka.qm
[ 11%] Built target engraving_qmlplugin_init_autogen_timestamp_deps
[ 11%] Built target braille_qml_resources_2
[ 11%] Building CXX object src/importexport/capella/thirdparty/rtf2html/CMakeFiles/rtf2html.dir/fmt_opts.cpp.o
[ 12%] Generating musescore_kab.qm
Updating '/build/musescore-git/src/build/share/locale/musescore_ig.qm'...
    Generated 20 translation(s) (20 finished and 0 unfinished)
    Ignored 7229 untranslated source text(s)
[ 12%] Building CXX object src/importexport/capella/thirdparty/rtf2html/CMakeFiles/rtf2html.dir/rtf2html.cpp.o
[ 12%] Built target big_resources_fonts_MuseJazz
[ 13%] Building CXX object src/importexport/midi/thirdparty/beatroot/CMakeFiles/beatroot.dir/Agent.cpp.o
[ 13%] Building CXX object src/importexport/capella/thirdparty/rtf2html/CMakeFiles/rtf2html.dir/rtf_keyword.cpp.o
Updating '/build/musescore-git/src/build/share/locale/musescore_id.qm'...
    Generated 2970 translation(s) (2970 finished and 0 unfinished)
    Ignored 4279 untranslated source text(s)
[ 13%] Building CXX object src/importexport/midi/thirdparty/beatroot/CMakeFiles/beatroot.dir/AgentList.cpp.o
[ 13%] Generating musescore_ko.qm
[ 13%] Built target big_resources_fonts_MScore
[ 13%] Built target engraving_qml_resources_1
[ 13%] Generating musescore_lt.qm
[ 13%] Built target engraving_qml_resources_2
[ 13%] Building CXX object src/importexport/capella/thirdparty/rtf2html/CMakeFiles/rtf2html.dir/rtf_table.cpp.o
Updating '/build/musescore-git/src/build/share/locale/musescore_it.qm'...
Removed plural forms as the target language has less forms.
If this sounds wrong, possibly the target language is not set or recognized.
    Generated 7030 translation(s) (7030 finished and 0 unfinished)
    Ignored 219 untranslated source text(s)
[ 13%] Generating musescore_lv.qm
[ 13%] Built target engraving_qml_resources_3
[ 13%] Generating musescore_ml.qm
[ 13%] Generating musescore_mn_MN.qm
Updating '/build/musescore-git/src/build/share/locale/musescore_kab.qm'...
Removed plural forms as the target language has less forms.
If this sounds wrong, possibly the target language is not set or recognized.
    Generated 1 translation(s) (1 finished and 0 unfinished)
    Ignored 7248 untranslated source text(s)
Updating '/build/musescore-git/src/build/share/locale/musescore_ja.qm'...
    Generated 6909 translation(s) (6909 finished and 0 unfinished)
    Ignored 340 untranslated source text(s)
[ 13%] Building CXX object src/importexport/midi/thirdparty/beatroot/CMakeFiles/beatroot.dir/BeatTracker.cpp.o
Updating '/build/musescore-git/src/build/share/locale/musescore_ka.qm'...
    Generated 5632 translation(s) (5632 finished and 0 unfinished)
    Ignored 1617 untranslated source text(s)
[ 13%] Built target nlohmann_json_schema_validator_autogen_timestamp_deps
[ 13%] Generating musescore_mt.qm
[ 13%] Built target big_resources_fonts_FinaleMaestro
[ 13%] Converting mnx-schema.json to mnx_schema.xxd
[ 13%] Building CXX object src/importexport/midi/thirdparty/beatroot/CMakeFiles/beatroot.dir/Induction.cpp.o
Generating mnx_schema.xxd...
Updating '/build/musescore-git/src/build/share/locale/musescore_ko.qm'...
    Generated 7241 translation(s) (7241 finished and 0 unfinished)
    Ignored 8 untranslated source text(s)
Updating '/build/musescore-git/src/build/share/locale/musescore_lt.qm'...
Removed plural forms as the target language has less forms.
If this sounds wrong, possibly the target language is not set or recognized.
    Generated 3888 translation(s) (3888 finished and 0 unfinished)
    Ignored 3361 untranslated source text(s)
Updating '/build/musescore-git/src/build/share/locale/musescore_lv.qm'...
    Generated 616 translation(s) (616 finished and 0 unfinished)
    Ignored 6633 untranslated source text(s)
Updating '/build/musescore-git/src/build/share/locale/musescore_ml.qm'...
    Generated 479 translation(s) (479 finished and 0 unfinished)
    Ignored 6770 untranslated source text(s)
[ 13%] Generating musescore_nb.qm
Updating '/build/musescore-git/src/build/share/locale/musescore_mn_MN.qm'...
    Generated 440 translation(s) (440 finished and 0 unfinished)
    Ignored 6809 untranslated source text(s)
[ 13%] Generating musescore_nl.qm
[ 13%] Generating musescore_nn.qm
[ 13%] Building CXX object src/importexport/musicxml/CMakeFiles/iex_musicxml_resources_1.dir/.qt/rcc/qrc_iexmusicxml_resources_init.cpp.o
[ 13%] Building CXX object src/importexport/videoexport/CMakeFiles/iex_videoexport_resources_1.dir/.qt/rcc/qrc_iex_videoexport_resources_init.cpp.o
[ 13%] Built target GenerateMnxSchemaXxd
Updating '/build/musescore-git/src/build/share/locale/musescore_mt.qm'...
    Generated 2552 translation(s) (2552 finished and 0 unfinished)
    Ignored 4697 untranslated source text(s)
[ 13%] Copying propertiespanel_qml qml resources into build dir
[ 13%] Generating musescore_pl.qm
[ 13%] Built target propertiespanel_qml_copy_res
[ 13%] Built target iex_musicxml_resources_1
Updating '/build/musescore-git/src/build/share/locale/musescore_nn.qm'...
    Generated 1376 translation(s) (1376 finished and 0 unfinished)
    Ignored 5873 untranslated source text(s)
Updating '/build/musescore-git/src/build/share/locale/musescore_nb.qm'...
    Generated 6250 translation(s) (6250 finished and 0 unfinished)
    Ignored 999 untranslated source text(s)
[ 13%] Built target iex_videoexport_resources_1
[ 13%] Generating musescore_pt_BR.qm
[ 13%] Copying propertiespanel_qml qml sources into build dir
[ 13%] Generating musescore_ro.qm
[ 13%] Generating musescore_pt.qm
Updating '/build/musescore-git/src/build/share/locale/musescore_nl.qm'...
    Generated 7249 translation(s) (7249 finished and 0 unfinished)
[ 13%] Generating musescore_ru.qm
[ 13%] Built target big_resources_fonts_FreeSans
[ 13%] Built target big_resources_fonts_Petaluma
[ 13%] Building CXX object src/propertiespanel/qml/MuseScore/PropertiesPanel/CMakeFiles/propertiespanel_qml_resources_1.dir/.qt/rcc/qrc_qmake_MuseScore_PropertiesPanel_init.cpp.o
[ 13%] Generating musescore_scn.qm
[ 13%] Building CXX object src/propertiespanel/qml/MuseScore/PropertiesPanel/CMakeFiles/propertiespanel_qml_resources_2.dir/.qt/rcc/qrc_propertiespanel_qml_raw_qml_0_init.cpp.o
[ 13%] Built target propertiespanel_qml_copy_qml
Updating '/build/musescore-git/src/build/share/locale/musescore_pl.qm'...
Removed plural forms as the target language has less forms.
If this sounds wrong, possibly the target language is not set or recognized.
    Generated 7232 translation(s) (7232 finished and 0 unfinished)
    Ignored 17 untranslated source text(s)
[ 13%] Generating musescore_sk.qm
[ 13%] Building CXX object src/propertiespanel/qml/MuseScore/PropertiesPanel/CMakeFiles/propertiespanel_qml_resources_3.dir/.qt/rcc/qrc_propertiespanel_qml_raw_qml_0_extra_qmldirs_init.cpp.o
Updating '/build/musescore-git/src/build/share/locale/musescore_scn.qm'...
Removed plural forms as the target language has less forms.
If this sounds wrong, possibly the target language is not set or recognized.
    Generated 13 translation(s) (13 finished and 0 unfinished)
    Ignored 7236 untranslated source text(s)
Updating '/build/musescore-git/src/build/share/locale/musescore_pt_BR.qm'...
Removed plural forms as the target language has less forms.
If this sounds wrong, possibly the target language is not set or recognized.
    Generated 6844 translation(s) (6844 finished and 0 unfinished)
    Ignored 405 untranslated source text(s)
Updating '/build/musescore-git/src/build/share/locale/musescore_pt.qm'...
Removed plural forms as the target language has less forms.
If this sounds wrong, possibly the target language is not set or recognized.
    Generated 5738 translation(s) (5738 finished and 0 unfinished)
    Ignored 1511 untranslated source text(s)
[ 13%] Generating musescore_sl.qm
[ 13%] Generating musescore_sr.qm
Updating '/build/musescore-git/src/build/share/locale/musescore_ro.qm'...
    Generated 7249 translation(s) (7249 finished and 0 unfinished)
[ 13%] Built target propertiespanel_qml_resources_1
[ 13%] Generating musescore_sr_RS.qm
[ 13%] Built target propertiespanel_qml_resources_2
[ 13%] Built target propertiespanel_qmlplugin_init_autogen_timestamp_deps
Updating '/build/musescore-git/src/build/share/locale/musescore_ru.qm'...
Removed plural forms as the target language has less forms.
If this sounds wrong, possibly the target language is not set or recognized.
    Generated 7249 translation(s) (7249 finished and 0 unfinished)
[ 13%] Generating musescore_sv.qm
[ 13%] Copying instrumentsscene_qml qml resources into build dir
[ 13%] Building CXX object src/instrumentsscene/qml/MuseScore/InstrumentsScene/CMakeFiles/instrumentsscene_qml_resources_1.dir/.qt/rcc/qrc_qmake_MuseScore_InstrumentsScene_init.cpp.o
[ 13%] Copying instrumentsscene_qml qml sources into build dir
[ 13%] Built target propertiespanel_qml_resources_3
Updating '/build/musescore-git/src/build/share/locale/musescore_sk.qm'...
Removed plural forms as the target language has less forms.
If this sounds wrong, possibly the target language is not set or recognized.
    Generated 3716 translation(s) (3716 finished and 0 unfinished)
    Ignored 3533 untranslated source text(s)
[ 13%] Built target instrumentsscene_qml_copy_res
[ 13%] Built target instrumentsscene_qml_copy_qml
[ 13%] Generating musescore_sv_SE.qm
Updating '/build/musescore-git/src/build/share/locale/musescore_sr.qm'...
    Generated 917 translation(s) (917 finished and 0 unfinished)
    Ignored 6332 untranslated source text(s)
[ 13%] Building CXX object src/instrumentsscene/qml/MuseScore/InstrumentsScene/CMakeFiles/instrumentsscene_qml_resources_2.dir/.qt/rcc/qrc_instrumentsscene_qml_raw_qml_0_init.cpp.o
[ 13%] Building CXX object src/instrumentsscene/qml/MuseScore/InstrumentsScene/CMakeFiles/instrumentsscene_qml_resources_3.dir/.qt/rcc/qrc_instrumentsscene_qml_raw_qml_0_extra_qmldirs_init.cpp.o
[ 13%] Built target instrumentsscene_qmlplugin_init_autogen_timestamp_deps
Updating '/build/musescore-git/src/build/share/locale/musescore_sr_RS.qm'...
    Generated 1412 translation(s) (1412 finished and 0 unfinished)
    Ignored 5837 untranslated source text(s)
Updating '/build/musescore-git/src/build/share/locale/musescore_sl.qm'...
    Generated 6729 translation(s) (6729 finished and 0 unfinished)
    Ignored 520 untranslated source text(s)
[ 13%] Copying musesounds_qml qml sources into build dir
[ 13%] Copying musesounds_qml qml resources into build dir
[ 13%] Generating musescore_th.qm
[ 13%] Built target instrumentsscene_qml_resources_1
[ 13%] Generating musescore_tr.qm
[ 13%] Generating musescore_uk.qm
[ 13%] Building CXX object src/musesounds/qml/MuseScore/MuseSounds/CMakeFiles/musesounds_qml_resources_1.dir/.qt/rcc/qrc_qmake_MuseScore_MuseSounds_init.cpp.o
[ 13%] Built target musesounds_qml_copy_res
[ 13%] Built target musesounds_qml_copy_qml
Updating '/build/musescore-git/src/build/share/locale/musescore_sv.qm'...
    Generated 7217 translation(s) (7217 finished and 0 unfinished)
    Ignored 32 untranslated source text(s)
[ 13%] Built target big_resources_fonts_Bravura
[ 13%] Building CXX object src/musesounds/qml/MuseScore/MuseSounds/CMakeFiles/musesounds_qml_resources_3.dir/.qt/rcc/qrc_musesounds_qml_raw_res_0_init.cpp.o
[ 13%] Building CXX object src/musesounds/qml/MuseScore/MuseSounds/CMakeFiles/musesounds_qml_resources_2.dir/.qt/rcc/qrc_musesounds_qml_raw_qml_0_init.cpp.o
[ 13%] Building CXX object src/musesounds/qml/MuseScore/MuseSounds/CMakeFiles/musesounds_qml_resources_4.dir/.qt/rcc/qrc_musesounds_qml_raw_qml_0_extra_qmldirs_init.cpp.o
[ 13%] Built target instrumentsscene_qml_resources_3
[ 13%] Built target instrumentsscene_qml_resources_2
[ 13%] Built target musesounds_qmlplugin_init_autogen_timestamp_deps
[ 13%] Generating musescore_uz@Latn.qm
Updating '/build/musescore-git/src/build/share/locale/musescore_sv_SE.qm'...
    Generated 7243 translation(s) (7243 finished and 0 unfinished)
    Ignored 6 untranslated source text(s)
[ 13%] Building CXX object src/notationscene/widgets/CMakeFiles/notationscene_resources_1.dir/.qt/rcc/qrc_notationscene_widgets_resources_init.cpp.o
[ 13%] Running rcc for resource notationscene_widgets_resources
Updating '/build/musescore-git/src/build/share/locale/musescore_th.qm'...
    Generated 817 translation(s) (817 finished and 0 unfinished)
    Ignored 6432 untranslated source text(s)
[ 13%] Copying notationscene_qml qml resources into build dir
[ 13%] Generating musescore_vi.qm
[ 13%] Built target musesounds_qml_resources_1
[ 13%] Copying notationscene_qml qml sources into build dir
Updating '/build/musescore-git/src/build/share/locale/musescore_uk.qm'...
Removed plural forms as the target language has less forms.
If this sounds wrong, possibly the target language is not set or recognized.
    Generated 2645 translation(s) (2645 finished and 0 unfinished)
    Ignored 4604 untranslated source text(s)
Updating '/build/musescore-git/src/build/share/locale/musescore_tr.qm'...
Removed plural forms as the target language has less forms.
If this sounds wrong, possibly the target language is not set or recognized.
    Generated 7249 translation(s) (7249 finished and 0 unfinished)
[ 13%] Built target musesounds_qml_resources_3
[ 13%] Built target notationscene_qml_copy_res
[ 13%] Built target notationscene_notationscene_widgets_resources
[ 13%] Generating musescore_zh_CN.qm
[ 13%] Building CXX object src/notationscene/qml/MuseScore/NotationScene/CMakeFiles/notationscene_qml_resources_1.dir/.qt/rcc/qrc_qmake_MuseScore_NotationScene_init.cpp.o
[ 13%] Built target musesounds_qml_resources_2
[ 13%] Built target musesounds_qml_resources_4
[ 13%] Generating musescore_zh_HK.qm
[ 13%] Built target notationscene_qml_copy_qml
[ 13%] Building CXX object src/notationscene/qml/MuseScore/NotationScene/CMakeFiles/notationscene_qml_resources_2.dir/.qt/rcc/qrc_notationscene_qml_raw_qml_0_init.cpp.o
[ 13%] Generating musescore_zh_TW.qm
Updating '/build/musescore-git/src/build/share/locale/musescore_uz@Latn.qm'...
    Generated 108 translation(s) (108 finished and 0 unfinished)
    Ignored 7141 untranslated source text(s)
[ 13%] Building CXX object src/notationscene/qml/MuseScore/NotationScene/CMakeFiles/notationscene_qml_resources_4.dir/.qt/rcc/qrc_notationscene_qml_raw_qml_0_extra_qmldirs_init.cpp.o
[ 13%] Building CXX object src/notationscene/qml/MuseScore/NotationScene/CMakeFiles/notationscene_qml_resources_3.dir/.qt/rcc/qrc_notationscene_qml_raw_res_0_init.cpp.o
[ 13%] Built target notationscene_qmlplugin_init_autogen_timestamp_deps
[ 13%] Built target notationscene_resources_1
[ 13%] Copying palette_qml qml resources into build dir
[ 13%] Copying palette_qml qml sources into build dir
[ 13%] Building CXX object src/palette/qml/MuseScore/Palette/CMakeFiles/palette_qml_resources_1.dir/.qt/rcc/qrc_qmake_MuseScore_Palette_init.cpp.o
Updating '/build/musescore-git/src/build/share/locale/musescore_vi.qm'...
    Generated 2895 translation(s) (2895 finished and 0 unfinished)
    Ignored 4354 untranslated source text(s)
[ 13%] Built target palette_qml_copy_res
[ 13%] Building CXX object src/palette/qml/MuseScore/Palette/CMakeFiles/palette_qml_resources_2.dir/.qt/rcc/qrc_palette_qml_raw_qml_0_init.cpp.o
[ 13%] Built target palette_qml_copy_qml
[ 13%] Built target notationscene_qml_resources_1
[ 13%] Built target palette_qmlplugin_init_autogen_timestamp_deps
[ 13%] Building CXX object src/palette/qml/MuseScore/Palette/CMakeFiles/palette_qml_resources_3.dir/.qt/rcc/qrc_palette_qml_raw_qml_0_extra_qmldirs_init.cpp.o
[ 13%] Built target notationscene_qml_resources_2
[ 13%] Copying playback_qml qml resources into build dir
Updating '/build/musescore-git/src/build/share/locale/musescore_zh_CN.qm'...
    Generated 7100 translation(s) (7100 finished and 0 unfinished)
    Ignored 149 untranslated source text(s)
[ 13%] Copying playback_qml qml sources into build dir
[ 13%] Building CXX object src/playback/qml/MuseScore/Playback/CMakeFiles/playback_qml_resources_1.dir/.qt/rcc/qrc_qmake_MuseScore_Playback_init.cpp.o
[ 13%] Built target notationscene_qml_resources_3
[ 13%] Built target notationscene_qml_resources_4
Updating '/build/musescore-git/src/build/share/locale/musescore_zh_HK.qm'...
    Generated 5649 translation(s) (5649 finished and 0 unfinished)
    Ignored 1600 untranslated source text(s)
[ 13%] Linking CXX static library libfluidsynth.a
Updating '/build/musescore-git/src/build/share/locale/musescore_zh_TW.qm'...
    Generated 5636 translation(s) (5636 finished and 0 unfinished)
    Ignored 1613 untranslated source text(s)
[ 13%] Built target playback_qml_copy_res
[ 13%] Built target palette_qml_resources_1
[ 13%] Building CXX object src/playback/qml/MuseScore/Playback/CMakeFiles/playback_qml_resources_2.dir/.qt/rcc/qrc_playback_qml_raw_qml_0_init.cpp.o
[ 13%] Built target MuseScoreStudio_lrelease
[ 13%] Built target playback_qml_copy_qml
[ 13%] Building CXX object src/playback/qml/MuseScore/Playback/CMakeFiles/playback_qml_resources_3.dir/.qt/rcc/qrc_playback_qml_raw_qml_0_extra_qmldirs_init.cpp.o
[ 13%] Copying preferences_qml qml resources into build dir
[ 13%] Built target playback_qmlplugin_init_autogen_timestamp_deps
[ 13%] Built target palette_qml_resources_2
[ 13%] Copying preferences_qml qml sources into build dir
[ 13%] Building CXX object src/preferences/qml/MuseScore/Preferences/CMakeFiles/preferences_qml_resources_1.dir/.qt/rcc/qrc_qmake_MuseScore_Preferences_init.cpp.o
[ 13%] Building CXX object src/preferences/qml/MuseScore/Preferences/CMakeFiles/preferences_qml_resources_2.dir/.qt/rcc/qrc_preferences_qml_raw_qml_0_init.cpp.o
[ 13%] Built target preferences_qml_copy_res
[ 13%] Built target preferences_qmlplugin_init_autogen_timestamp_deps
[ 13%] Building CXX object src/preferences/qml/MuseScore/Preferences/CMakeFiles/preferences_qml_resources_3.dir/.qt/rcc/qrc_preferences_qml_raw_qml_0_extra_qmldirs_init.cpp.o
[ 13%] Copying project_qml qml resources into build dir
[ 13%] Copying project_qml qml sources into build dir
[ 13%] Built target palette_qml_resources_3
[ 13%] Building CXX object src/project/qml/MuseScore/Project/CMakeFiles/project_qml_resources_1.dir/.qt/rcc/qrc_qmake_MuseScore_Project_init.cpp.o
[ 13%] Built target preferences_qml_copy_qml
[ 13%] Building CXX object src/project/qml/MuseScore/Project/CMakeFiles/project_qml_resources_2.dir/.qt/rcc/qrc_project_qml_raw_qml_0_init.cpp.o
[ 13%] Building CXX object src/project/qml/MuseScore/Project/CMakeFiles/project_qml_resources_3.dir/.qt/rcc/qrc_project_qml_raw_res_0_init.cpp.o
[ 13%] Built target project_qml_copy_res
[ 13%] Building CXX object src/project/qml/MuseScore/Project/CMakeFiles/project_qml_resources_4.dir/.qt/rcc/qrc_project_qml_raw_qml_0_extra_qmldirs_init.cpp.o
[ 13%] Built target playback_qml_resources_1
[ 13%] Built target project_qml_copy_qml
[ 13%] Built target project_qmlplugin_init_autogen_timestamp_deps
[ 13%] Built target playback_qml_resources_2
[ 13%] Building CXX object src/appshell/CMakeFiles/appshell_resources_1.dir/.qt/rcc/qrc_appshell_resources_init.cpp.o
[ 13%] Built target fluidsynth
[ 13%] Built target playback_qml_resources_3
[ 13%] Copying appshell_qml qml resources into build dir
[ 13%] Copying appshell_qml qml sources into build dir
[ 13%] Building CXX object src/appshell/qml/MuseScore/AppShell/CMakeFiles/appshell_qml_resources_1.dir/.qt/rcc/qrc_qmake_MuseScore_AppShell_init.cpp.o
[ 13%] Building CXX object src/appshell/qml/MuseScore/AppShell/CMakeFiles/appshell_qml_resources_2.dir/.qt/rcc/qrc_appshell_qml_raw_qml_0_init.cpp.o
[ 13%] Built target preferences_qml_resources_1
[ 13%] Built target preferences_qml_resources_3
[ 13%] Built target preferences_qml_resources_2
[ 13%] Building CXX object src/appshell/qml/MuseScore/AppShell/CMakeFiles/appshell_qml_resources_3.dir/.qt/rcc/qrc_appshell_qml_raw_res_0_init.cpp.o
[ 13%] Building CXX object src/appshell/qml/MuseScore/AppShell/CMakeFiles/appshell_qml_resources_4.dir/.qt/rcc/qrc_appshell_qml_raw_qml_0_extra_qmldirs_init.cpp.o
[ 13%] Built target appshell_qml_copy_res
[ 13%] Built target appshell_qml_copy_qml
[ 13%] Built target project_qml_resources_1
[ 13%] Building CXX object src/appshell/qml/MuseScore/AppShell/CMakeFiles/appshell_qml_resources_6.dir/.qt/rcc/qrc_appshell_qml_raw_qml_1_extra_qmldirs_init.cpp.o
[ 13%] Building CXX object src/appshell/qml/MuseScore/AppShell/CMakeFiles/appshell_qml_resources_5.dir/.qt/rcc/qrc_appshell_qml_raw_qml_1_init.cpp.o
[ 13%] Building CXX object src/appshell/qml/MuseScore/AppShell/CMakeFiles/appshell_qml_resources_7.dir/.qt/rcc/qrc_appshell_qml_resources_init.cpp.o
[ 13%] Built target project_qml_resources_4
[ 13%] Built target project_qml_resources_3
[ 13%] Running qmlimportscanner for MuseScoreStudio
[ 13%] Built target project_qml_resources_2
[ 13%] Built target appshell_qmlplugin_init_autogen_timestamp_deps
[ 14%] Automatic MOC and UIC for target liblouis
[ 14%] Linking CXX static library libbeatroot.a
[ 14%] Automatic MOC and UIC for target gtest
[ 14%] Built target appshell_resources_1
[ 14%] Built target translations
[ 14%] Automatic MOC and UIC for target pugixml
[ 14%] Built target MuseScoreStudio_qmlimportscan
[ 14%] Automatic MOC and UIC for target muse_pch
[ 14%] Built target appshell_qml_resources_1
[ 14%] Built target appshell_qml_resources_2
[ 14%] Built target appshell_qml_resources_3
[ 14%] Automatic MOC and UIC for target muse_uicomponents_qmlplugin_init
[ 14%] Built target liblouis_autogen
[ 14%] Automatic MOC and UIC for target muse_ui_qmlplugin_init
[ 14%] Built target appshell_qml_resources_4
[ 14%] Automatic MOC and UIC for target muse_legacytreeview_qmlplugin_init
[ 14%] Automatic MOC and UIC for target muse_graphicaleffects_qmlplugin_init
[ 14%] Automatic MOC and UIC for target muse_uicomponents_qmlapiplugin_init
[ 14%] Built target gtest_autogen
[ 14%] Built target muse_pch_autogen
[ 14%] Built target pugixml_autogen
[ 14%] Automatic MOC and UIC for target kddockwidgets
[ 14%] Automatic MOC and UIC for target muse_interactive_qmlplugin_init
[ 14%] Built target appshell_qml_resources_5
[ 14%] Built target appshell_qml_resources_6
[ 14%] Automatic MOC and UIC for target muse_dockwindow_qmlplugin_init
[ 14%] Built target appshell_qml_resources_7
[ 14%] Built target muse_legacytreeview_qmlplugin_init_autogen
[ 14%] Built target muse_ui_qmlplugin_init_autogen
[ 14%] Automatic MOC and UIC for target muse_testflow_qmlplugin_init
[ 14%] Built target muse_uicomponents_qmlplugin_init_autogen
[ 14%] Automatic MOC and UIC for target muse_automation_qmlplugin_init
[ 14%] Automatic MOC and UIC for target muse_cloud_qmlplugin_init
[ 14%] Automatic MOC and UIC for target muse_midiremote_qmlplugin_init
[ 14%] Automatic MOC and UIC for target muse_diagnostics_qmlplugin_init
[ 14%] Automatic MOC and UIC for target muse_mpe_qmlplugin_init
[ 14%] Built target muse_graphicaleffects_qmlplugin_init_autogen
[ 14%] Built target beatroot
[ 14%] Built target muse_uicomponents_qmlapiplugin_init_autogen
[ 14%] Built target muse_interactive_qmlplugin_init_autogen
[ 14%] Automatic MOC and UIC for target muse_rcommand_qmlplugin_init
[ 14%] Automatic MOC and UIC for target muse_shortcuts_qmlplugin_init
[ 14%] Built target muse_dockwindow_qmlplugin_init_autogen
[ 14%] Automatic MOC and UIC for target musescore-mcpbridge
[ 14%] Automatic MOC and UIC for target muse_tours_qmlplugin_init
[ 14%] Automatic MOC and UIC for target muse_multiwindows_qmlplugin_init
[ 14%] Built target muse_automation_qmlplugin_init_autogen
[ 14%] Automatic MOC and UIC for target muse_extensions_qmlplugin_init
[ 14%] Built target muse_midiremote_qmlplugin_init_autogen
[ 14%] Automatic MOC and UIC for target muse_learn_qmlplugin_init
[ 14%] Built target muse_cloud_qmlplugin_init_autogen
[ 14%] Built target muse_testflow_qmlplugin_init_autogen
[ 14%] Built target muse_rcommand_qmlplugin_init_autogen
[ 14%] Automatic MOC and UIC for target muse_workspace_qmlplugin_init
[ 14%] Built target muse_diagnostics_qmlplugin_init_autogen
[ 14%] Built target muse_mpe_qmlplugin_init_autogen
[ 14%] Building CXX object src/engraving/CMakeFiles/rcc_object_fonts_Bravura.dir/qrc_fonts_Bravuratmp.cpp.o
[ 14%] Building CXX object src/engraving/CMakeFiles/rcc_object_fonts_Campania.dir/qrc_fonts_Campaniatmp.cpp.o
[ 14%] Automatic MOC and UIC for target muse_update_qmlplugin_init
[ 14%] Building CXX object src/engraving/CMakeFiles/rcc_object_fonts_Edwin.dir/qrc_fonts_Edwintmp.cpp.o
[ 14%] Built target muse_tours_qmlplugin_init_autogen
[ 14%] Built target muse_extensions_qmlplugin_init_autogen
[ 14%] Built target musescore-mcpbridge_autogen
[ 14%] Built target muse_shortcuts_qmlplugin_init_autogen
[ 14%] Building CXX object src/engraving/CMakeFiles/rcc_object_fonts_Gootville.dir/qrc_fonts_Gootvilletmp.cpp.o
[ 14%] Built target muse_multiwindows_qmlplugin_init_autogen
[ 14%] Building CXX object src/engraving/CMakeFiles/rcc_object_fonts_FreeSans.dir/qrc_fonts_FreeSanstmp.cpp.o
[ 14%] Building CXX object src/engraving/CMakeFiles/rcc_object_fonts_Leland.dir/qrc_fonts_Lelandtmp.cpp.o
[ 14%] Built target muse_workspace_qmlplugin_init_autogen
[ 14%] Built target muse_learn_qmlplugin_init_autogen
[ 14%] Built target rcc_object_fonts_Campania
[ 14%] Built target rcc_object_fonts_Bravura
[ 14%] Building CXX object src/engraving/CMakeFiles/rcc_object_fonts_MuseJazz.dir/qrc_fonts_MuseJazztmp.cpp.o
[ 14%] Building CXX object src/engraving/CMakeFiles/rcc_object_fonts_FinaleMaestro.dir/qrc_fonts_FinaleMaestrotmp.cpp.o
[ 14%] Building CXX object src/engraving/CMakeFiles/rcc_object_fonts_MScore.dir/qrc_fonts_MScoretmp.cpp.o
[ 14%] Building CXX object src/engraving/CMakeFiles/rcc_object_fonts_Petaluma.dir/qrc_fonts_Petalumatmp.cpp.o
[ 14%] Built target rcc_object_fonts_Edwin
[ 14%] Building CXX object src/engraving/CMakeFiles/rcc_object_fonts_FinaleBroadway.dir/qrc_fonts_FinaleBroadwaytmp.cpp.o
[ 14%] Built target rcc_object_fonts_Gootville
[ 14%] Built target muse_update_qmlplugin_init_autogen
[ 14%] Automatic MOC and UIC for target engraving_qmlplugin_init
[ 14%] Automatic MOC and UIC for target braille_qmlplugin_init
[ 14%] Automatic MOC and UIC for target nlohmann_json_schema_validator
[ 14%] Building CXX object src/engraving/CMakeFiles/rcc_object_fonts_Tabulature.dir/qrc_fonts_Tabulaturetmp.cpp.o
[ 14%] Built target rcc_object_fonts_Leland
[ 14%] Built target rcc_object_fonts_MuseJazz
[ 14%] Built target rcc_object_fonts_FreeSans
[ 14%] Automatic MOC and UIC for target propertiespanel_qmlplugin_init
[ 14%] Automatic MOC and UIC for target musesounds_qmlplugin_init
[ 14%] Automatic MOC and UIC for target instrumentsscene_qmlplugin_init
[ 14%] Automatic MOC and UIC for target notationscene_qmlplugin_init
[ 14%] Built target rcc_object_fonts_MScore
[ 14%] Built target rcc_object_fonts_FinaleMaestro
[ 14%] Built target rcc_object_fonts_FinaleBroadway
[ 14%] Built target rcc_object_fonts_Petaluma
[ 14%] Automatic MOC and UIC for target palette_qmlplugin_init
[ 14%] Built target rcc_object_fonts_Tabulature
[ 14%] Automatic MOC and UIC for target preferences_qmlplugin_init
[ 14%] Automatic MOC and UIC for target playback_qmlplugin_init
[ 14%] Automatic MOC and UIC for target project_qmlplugin_init
[ 14%] Built target nlohmann_json_schema_validator_autogen
[ 14%] Built target braille_qmlplugin_init_autogen
[ 14%] Building CXX object CMakeFiles/pugixml.dir/pugixml_autogen/mocs_compilation.cpp.o
[ 14%] Building CXX object CMakeFiles/liblouis.dir/liblouis_autogen/mocs_compilation.cpp.o
[ 14%] Automatic MOC and UIC for target appshell_qmlplugin_init
[ 14%] Built target engraving_qmlplugin_init_autogen
[ 14%] Built target musesounds_qmlplugin_init_autogen
[ 14%] Built target propertiespanel_qmlplugin_init_autogen
[ 14%] Running AUTOMOC file extraction for target muse_ui_qmlplugin_init
[ 14%] Running AUTOMOC file extraction for target muse_uicomponents_qmlplugin_init
[ 14%] Building CXX object muse/framework/pch/CMakeFiles/muse_pch.dir/cmake_pch.hxx.gch
[ 14%] Building C object CMakeFiles/liblouis.dir/_deps/liblouis/liblouis/liblouis/commonTranslationFunctions.c.o
[ 14%] Built target palette_qmlplugin_init_autogen
[ 14%] Running AUTOMOC file extraction for target muse_legacytreeview_qmlplugin_init
[ 14%] Built target instrumentsscene_qmlplugin_init_autogen
[ 14%] Running AUTOMOC file extraction for target muse_graphicaleffects_qmlplugin_init
[ 14%] Building CXX object CMakeFiles/pugixml.dir/_deps/pugixml/pugixml/src/pugixml.cpp.o
[ 14%] Building CXX object muse/framework/googletest/googletest/CMakeFiles/gtest.dir/gtest_autogen/mocs_compilation.cpp.o
[ 14%] Built target preferences_qmlplugin_init_autogen
[ 14%] Running moc --collect-json for target muse_ui_qmlplugin_init
[ 14%] Built target notationscene_qmlplugin_init_autogen
[ 14%] Built target playback_qmlplugin_init_autogen
[ 14%] Building C object CMakeFiles/liblouis.dir/_deps/liblouis/liblouis/liblouis/compileTranslationTable.c.o
[ 14%] Running AUTOMOC file extraction for target muse_interactive_qmlplugin_init
[ 14%] Built target project_qmlplugin_init_autogen
[ 14%] Running moc --collect-json for target muse_uicomponents_qmlplugin_init
[ 14%] Running moc --collect-json for target muse_legacytreeview_qmlplugin_init
[ 14%] Building CXX object muse/framework/googletest/googletest/CMakeFiles/gtest.dir/src/gtest-all.cc.o
[ 14%] Running moc --collect-json for target muse_graphicaleffects_qmlplugin_init
[ 14%] Running AUTOMOC file extraction for target muse_uicomponents_qmlapiplugin_init
[ 14%] Building C object CMakeFiles/liblouis.dir/_deps/liblouis/liblouis/liblouis/logging.c.o
[ 14%] Running AUTOMOC file extraction for target muse_dockwindow_qmlplugin_init
[ 14%] Running moc --collect-json for target muse_interactive_qmlplugin_init
[ 14%] Built target appshell_qmlplugin_init_autogen
[ 14%] Running AUTOMOC file extraction for target muse_testflow_qmlplugin_init
[ 14%] Running moc --collect-json for target muse_uicomponents_qmlapiplugin_init
[ 14%] Running AUTOMOC file extraction for target muse_automation_qmlplugin_init
[ 14%] Running moc --collect-json for target muse_dockwindow_qmlplugin_init
[ 14%] Running moc --collect-json for target muse_testflow_qmlplugin_init
[ 14%] Building CXX object muse/framework/ui/qml/Muse/Ui/CMakeFiles/muse_ui_qmlplugin_init.dir/muse_ui_qmlplugin_init_autogen/mocs_compilation.cpp.o
[ 14%] Running moc --collect-json for target muse_automation_qmlplugin_init
[ 14%] Building CXX object muse/framework/uicomponents/qml/Muse/UiComponents/CMakeFiles/muse_uicomponents_qmlplugin_init.dir/muse_uicomponents_qmlplugin_init_autogen/mocs_compilation.cpp.o
[ 14%] Building C object CMakeFiles/liblouis.dir/_deps/liblouis/liblouis/liblouis/lou_backTranslateString.c.o
[ 14%] Building CXX object muse/framework/uicomponents/qml/Muse/GraphicalEffects/CMakeFiles/muse_graphicaleffects_qmlplugin_init.dir/muse_graphicaleffects_qmlplugin_init_autogen/mocs_compilation.cpp.o
[ 14%] Building CXX object muse/framework/uicomponents/qml/Muse/UiComponents/LegacyTreeView/CMakeFiles/muse_legacytreeview_qmlplugin_init.dir/muse_legacytreeview_qmlplugin_init_autogen/mocs_compilation.cpp.o
[ 14%] Building CXX object muse/framework/uicomponents/api/MuseApi/Controls/CMakeFiles/muse_uicomponents_qmlapiplugin_init.dir/muse_uicomponents_qmlapiplugin_init_autogen/mocs_compilation.cpp.o
[ 14%] Building CXX object muse/framework/interactive/qml/Muse/Interactive/CMakeFiles/muse_interactive_qmlplugin_init.dir/muse_interactive_qmlplugin_init_autogen/mocs_compilation.cpp.o
[ 14%] Building CXX object muse/framework/ui/qml/Muse/Ui/CMakeFiles/muse_ui_qmlplugin_init.dir/muse_ui_qmlplugin_init.cpp.o
[ 14%] Building CXX object muse/framework/dockwindow/qml/Muse/Dock/CMakeFiles/muse_dockwindow_qmlplugin_init.dir/muse_dockwindow_qmlplugin_init_autogen/mocs_compilation.cpp.o
[ 14%] Building CXX object muse/framework/uicomponents/qml/Muse/GraphicalEffects/CMakeFiles/muse_graphicaleffects_qmlplugin_init.dir/muse_graphicaleffects_qmlplugin_init.cpp.o
[ 14%] Building CXX object muse/framework/testflow/qml/Muse/Testflow/CMakeFiles/muse_testflow_qmlplugin_init.dir/muse_testflow_qmlplugin_init_autogen/mocs_compilation.cpp.o
[ 14%] Building CXX object muse/framework/uicomponents/qml/Muse/UiComponents/CMakeFiles/muse_uicomponents_qmlplugin_init.dir/muse_uicomponents_qmlplugin_init.cpp.o
[ 14%] Building CXX object muse/framework/dockwindow/qml/Muse/Dock/CMakeFiles/muse_dockwindow_qmlplugin_init.dir/muse_dockwindow_qmlplugin_init.cpp.o
[ 14%] Building CXX object muse/framework/uicomponents/qml/Muse/UiComponents/LegacyTreeView/CMakeFiles/muse_legacytreeview_qmlplugin_init.dir/muse_legacytreeview_qmlplugin_init.cpp.o
[ 14%] Building CXX object muse/framework/interactive/qml/Muse/Interactive/CMakeFiles/muse_interactive_qmlplugin_init.dir/muse_interactive_qmlplugin_init.cpp.o
[ 14%] Building CXX object muse/framework/uicomponents/api/MuseApi/Controls/CMakeFiles/muse_uicomponents_qmlapiplugin_init.dir/muse_uicomponents_qmlapiplugin_init.cpp.o
[ 14%] Building CXX object muse/framework/automation/qml/Muse/Automation/CMakeFiles/muse_automation_qmlplugin_init.dir/muse_automation_qmlplugin_init_autogen/mocs_compilation.cpp.o
[ 14%] Building CXX object muse/framework/testflow/qml/Muse/Testflow/CMakeFiles/muse_testflow_qmlplugin_init.dir/muse_testflow_qmlplugin_init.cpp.o
[ 14%] Building CXX object muse/framework/automation/qml/Muse/Automation/CMakeFiles/muse_automation_qmlplugin_init.dir/muse_automation_qmlplugin_init.cpp.o
[ 14%] Running AUTOMOC file extraction for target muse_cloud_qmlplugin_init
[ 14%] Running moc --collect-json for target muse_cloud_qmlplugin_init
[ 14%] Building CXX object muse/framework/cloud/qml/Muse/Cloud/CMakeFiles/muse_cloud_qmlplugin_init.dir/muse_cloud_qmlplugin_init_autogen/mocs_compilation.cpp.o
[ 15%] Building CXX object muse/framework/cloud/qml/Muse/Cloud/CMakeFiles/muse_cloud_qmlplugin_init.dir/muse_cloud_qmlplugin_init.cpp.o
[ 15%] Built target big_resources_fonts_FreeSerif
[ 15%] Running AUTOMOC file extraction for target muse_diagnostics_qmlplugin_init
[ 15%] Running moc --collect-json for target muse_diagnostics_qmlplugin_init
[ 15%] Building CXX object muse/framework/diagnostics/qml/Muse/Diagnostics/CMakeFiles/muse_diagnostics_qmlplugin_init.dir/muse_diagnostics_qmlplugin_init_autogen/mocs_compilation.cpp.o
[ 15%] Building CXX object muse/framework/diagnostics/qml/Muse/Diagnostics/CMakeFiles/muse_diagnostics_qmlplugin_init.dir/muse_diagnostics_qmlplugin_init.cpp.o
[ 15%] Built target kddockwidgets_autogen
[ 15%] Running AUTOMOC file extraction for target muse_midiremote_qmlplugin_init
[ 15%] Running moc --collect-json for target muse_midiremote_qmlplugin_init
[ 15%] Building CXX object muse/framework/midiremote/qml/Muse/MidiRemote/CMakeFiles/muse_midiremote_qmlplugin_init.dir/muse_midiremote_qmlplugin_init_autogen/mocs_compilation.cpp.o
[ 15%] Building C object CMakeFiles/liblouis.dir/_deps/liblouis/liblouis/liblouis/lou_translateString.c.o
[ 15%] Building CXX object muse/framework/midiremote/qml/Muse/MidiRemote/CMakeFiles/muse_midiremote_qmlplugin_init.dir/muse_midiremote_qmlplugin_init.cpp.o
[ 15%] Building C object CMakeFiles/liblouis.dir/_deps/liblouis/liblouis/liblouis/maketable.c.o
[ 15%] Running AUTOMOC file extraction for target muse_mpe_qmlplugin_init
[ 15%] Running moc --collect-json for target muse_mpe_qmlplugin_init
[ 15%] Building CXX object muse/framework/mpe/qml/Muse/Mpe/CMakeFiles/muse_mpe_qmlplugin_init.dir/muse_mpe_qmlplugin_init_autogen/mocs_compilation.cpp.o
[ 15%] Building CXX object muse/framework/mpe/qml/Muse/Mpe/CMakeFiles/muse_mpe_qmlplugin_init.dir/muse_mpe_qmlplugin_init.cpp.o
[ 15%] Running AUTOMOC file extraction for target muse_rcommand_qmlplugin_init
[ 15%] Running moc --collect-json for target muse_rcommand_qmlplugin_init
[ 15%] Building CXX object muse/framework/rcommand/qml/Muse/RCommand/CMakeFiles/muse_rcommand_qmlplugin_init.dir/muse_rcommand_qmlplugin_init_autogen/mocs_compilation.cpp.o
[ 15%] Building CXX object muse/framework/rcommand/qml/Muse/RCommand/CMakeFiles/muse_rcommand_qmlplugin_init.dir/muse_rcommand_qmlplugin_init.cpp.o
[ 15%] Building C object CMakeFiles/liblouis.dir/_deps/liblouis/liblouis/liblouis/pattern.c.o
[ 15%] Building CXX object muse/framework/rcontrol/CMakeFiles/musescore-mcpbridge.dir/musescore-mcpbridge_autogen/mocs_compilation.cpp.o
[ 15%] Building CXX object muse/framework/rcontrol/CMakeFiles/musescore-mcpbridge.dir/mcp/bridge/main.cpp.o
[ 15%] Built target muse_legacytreeview_qmlplugin_init
[ 15%] Running AUTOMOC file extraction for target muse_shortcuts_qmlplugin_init
[ 15%] Built target muse_cloud_qmlplugin_init
[ 15%] Building C object CMakeFiles/liblouis.dir/_deps/liblouis/liblouis/liblouis/utils.c.o
[ 15%] Running moc --collect-json for target muse_shortcuts_qmlplugin_init
[ 15%] Building CXX object muse/framework/shortcuts/qml/Muse/Shortcuts/CMakeFiles/muse_shortcuts_qmlplugin_init.dir/muse_shortcuts_qmlplugin_init_autogen/mocs_compilation.cpp.o
[ 15%] Building CXX object muse/framework/shortcuts/qml/Muse/Shortcuts/CMakeFiles/muse_shortcuts_qmlplugin_init.dir/muse_shortcuts_qmlplugin_init.cpp.o
[ 15%] Running AUTOMOC file extraction for target muse_tours_qmlplugin_init
[ 15%] Built target muse_dockwindow_qmlplugin_init
[ 15%] Running moc --collect-json for target muse_tours_qmlplugin_init
[ 15%] Running AUTOMOC file extraction for target muse_multiwindows_qmlplugin_init
[ 15%] Running moc --collect-json for target muse_multiwindows_qmlplugin_init
[ 15%] Building CXX object muse/framework/tours/qml/Muse/Tours/CMakeFiles/muse_tours_qmlplugin_init.dir/muse_tours_qmlplugin_init_autogen/mocs_compilation.cpp.o
[ 15%] Building CXX object muse/framework/multiwindows/qml/Muse/MultiWindows/CMakeFiles/muse_multiwindows_qmlplugin_init.dir/muse_multiwindows_qmlplugin_init_autogen/mocs_compilation.cpp.o
[ 15%] Building CXX object muse/framework/tours/qml/Muse/Tours/CMakeFiles/muse_tours_qmlplugin_init.dir/muse_tours_qmlplugin_init.cpp.o
[ 15%] Built target muse_graphicaleffects_qmlplugin_init
[ 15%] Built target muse_uicomponents_qmlapiplugin_init
[ 15%] Building CXX object muse/framework/multiwindows/qml/Muse/MultiWindows/CMakeFiles/muse_multiwindows_qmlplugin_init.dir/muse_multiwindows_qmlplugin_init.cpp.o
[ 15%] Running AUTOMOC file extraction for target muse_learn_qmlplugin_init
[ 15%] Running AUTOMOC file extraction for target muse_extensions_qmlplugin_init
[ 15%] Running moc --collect-json for target muse_learn_qmlplugin_init
[ 15%] Running moc --collect-json for target muse_extensions_qmlplugin_init
[ 15%] Built target muse_interactive_qmlplugin_init
[ 15%] Building CXX object muse/framework/learn/qml/Muse/Learn/CMakeFiles/muse_learn_qmlplugin_init.dir/muse_learn_qmlplugin_init_autogen/mocs_compilation.cpp.o
[ 15%] Running AUTOMOC file extraction for target muse_workspace_qmlplugin_init
[ 15%] Built target muse_testflow_qmlplugin_init
[ 15%] Running AUTOMOC file extraction for target muse_update_qmlplugin_init
[ 15%] Building CXX object muse/framework/extensions/qml/Muse/Extensions/CMakeFiles/muse_extensions_qmlplugin_init.dir/muse_extensions_qmlplugin_init_autogen/mocs_compilation.cpp.o
[ 15%] Running moc --collect-json for target muse_workspace_qmlplugin_init
[ 15%] Built target muse_uicomponents_qmlplugin_init
[ 15%] Building CXX object muse/framework/learn/qml/Muse/Learn/CMakeFiles/muse_learn_qmlplugin_init.dir/muse_learn_qmlplugin_init.cpp.o
[ 15%] Running moc --collect-json for target muse_update_qmlplugin_init
[ 15%] Building CXX object muse/framework/extensions/qml/Muse/Extensions/CMakeFiles/muse_extensions_qmlplugin_init.dir/muse_extensions_qmlplugin_init.cpp.o
[ 15%] Building CXX object src/engraving/CMakeFiles/rcc_object_fonts_FreeSerif.dir/qrc_fonts_FreeSeriftmp.cpp.o
[ 15%] Building CXX object muse/framework/workspace/qml/Muse/Workspace/CMakeFiles/muse_workspace_qmlplugin_init.dir/muse_workspace_qmlplugin_init_autogen/mocs_compilation.cpp.o
[ 15%] Linking CXX executable ../../../bin/musescore-mcpbridge
[ 15%] Building CXX object muse/framework/update/qml/Muse/Update/CMakeFiles/muse_update_qmlplugin_init.dir/muse_update_qmlplugin_init_autogen/mocs_compilation.cpp.o
[ 15%] Building CXX object muse/framework/workspace/qml/Muse/Workspace/CMakeFiles/muse_workspace_qmlplugin_init.dir/muse_workspace_qmlplugin_init.cpp.o
[ 15%] Built target rcc_object_fonts_FreeSerif
[ 15%] Building CXX object muse/framework/update/qml/Muse/Update/CMakeFiles/muse_update_qmlplugin_init.dir/muse_update_qmlplugin_init.cpp.o
[ 15%] Running AUTOMOC file extraction for target braille_qmlplugin_init
[ 15%] Running moc --collect-json for target braille_qmlplugin_init
[ 15%] Building CXX object src/braille/qml/MuseScore/Braille/CMakeFiles/braille_qmlplugin_init.dir/braille_qmlplugin_init_autogen/mocs_compilation.cpp.o
[ 15%] Building CXX object src/braille/qml/MuseScore/Braille/CMakeFiles/braille_qmlplugin_init.dir/braille_qmlplugin_init.cpp.o
[ 15%] Built target muse_automation_qmlplugin_init
[ 15%] Built target musescore-mcpbridge
[ 15%] Running AUTOMOC file extraction for target engraving_qmlplugin_init
[ 15%] Running moc --collect-json for target engraving_qmlplugin_init
[ 15%] Building CXX object _deps/json_schema_validator-build/CMakeFiles/nlohmann_json_schema_validator.dir/nlohmann_json_schema_validator_autogen/mocs_compilation.cpp.o
[ 15%] Built target muse_ui_qmlplugin_init
[ 15%] Building CXX object _deps/json_schema_validator-build/CMakeFiles/nlohmann_json_schema_validator.dir/src/smtp-address-validator.cpp.o
[ 15%] Running AUTOMOC file extraction for target propertiespanel_qmlplugin_init
[ 15%] Building CXX object src/engraving/qml/MuseScore/Engraving/CMakeFiles/engraving_qmlplugin_init.dir/engraving_qmlplugin_init_autogen/mocs_compilation.cpp.o
[ 15%] Running moc --collect-json for target propertiespanel_qmlplugin_init
[ 15%] Building CXX object src/engraving/qml/MuseScore/Engraving/CMakeFiles/engraving_qmlplugin_init.dir/engraving_qmlplugin_init.cpp.o
[ 15%] Building CXX object src/propertiespanel/qml/MuseScore/PropertiesPanel/CMakeFiles/propertiespanel_qmlplugin_init.dir/propertiespanel_qmlplugin_init_autogen/mocs_compilation.cpp.o
[ 15%] Building CXX object _deps/json_schema_validator-build/CMakeFiles/nlohmann_json_schema_validator.dir/src/json-schema-draft7.json.cpp.o
[ 15%] Building CXX object src/propertiespanel/qml/MuseScore/PropertiesPanel/CMakeFiles/propertiespanel_qmlplugin_init.dir/propertiespanel_qmlplugin_init.cpp.o
[ 15%] Built target muse_diagnostics_qmlplugin_init
[ 16%] Building CXX object _deps/json_schema_validator-build/CMakeFiles/nlohmann_json_schema_validator.dir/src/json-uri.cpp.o
[ 16%] Linking CXX static library libliblouis.a
[ 17%] Linking CXX static library librtf2html.a
[ 17%] Built target muse_midiremote_qmlplugin_init
[ 17%] Built target liblouis
[ 17%] Building CXX object _deps/json_schema_validator-build/CMakeFiles/nlohmann_json_schema_validator.dir/src/json-validator.cpp.o
[ 17%] Running AUTOMOC file extraction for target instrumentsscene_qmlplugin_init
[ 17%] Running moc --collect-json for target instrumentsscene_qmlplugin_init
[ 17%] Built target rtf2html
[ 17%] Running AUTOMOC file extraction for target musesounds_qmlplugin_init
[ 17%] Running moc --collect-json for target musesounds_qmlplugin_init
[ 17%] Building CXX object src/instrumentsscene/qml/MuseScore/InstrumentsScene/CMakeFiles/instrumentsscene_qmlplugin_init.dir/instrumentsscene_qmlplugin_init_autogen/mocs_compilation.cpp.o
[ 17%] Building CXX object src/instrumentsscene/qml/MuseScore/InstrumentsScene/CMakeFiles/instrumentsscene_qmlplugin_init.dir/instrumentsscene_qmlplugin_init.cpp.o
[ 17%] Building CXX object src/musesounds/qml/MuseScore/MuseSounds/CMakeFiles/musesounds_qmlplugin_init.dir/musesounds_qmlplugin_init_autogen/mocs_compilation.cpp.o
[ 17%] Building CXX object src/musesounds/qml/MuseScore/MuseSounds/CMakeFiles/musesounds_qmlplugin_init.dir/musesounds_qmlplugin_init.cpp.o
[ 17%] Built target muse_rcommand_qmlplugin_init
[ 17%] Running AUTOMOC file extraction for target notationscene_qmlplugin_init
[ 17%] Running moc --collect-json for target notationscene_qmlplugin_init
[ 17%] Built target muse_mpe_qmlplugin_init
[ 17%] Building CXX object src/notationscene/qml/MuseScore/NotationScene/CMakeFiles/notationscene_qmlplugin_init.dir/notationscene_qmlplugin_init_autogen/mocs_compilation.cpp.o
[ 17%] Building CXX object _deps/json_schema_validator-build/CMakeFiles/nlohmann_json_schema_validator.dir/src/json-patch.cpp.o
[ 17%] Building CXX object src/notationscene/qml/MuseScore/NotationScene/CMakeFiles/notationscene_qmlplugin_init.dir/notationscene_qmlplugin_init.cpp.o
[ 17%] Built target muse_shortcuts_qmlplugin_init
[ 17%] Running AUTOMOC file extraction for target palette_qmlplugin_init
[ 17%] Running moc --collect-json for target palette_qmlplugin_init
[ 17%] Building CXX object src/palette/qml/MuseScore/Palette/CMakeFiles/palette_qmlplugin_init.dir/palette_qmlplugin_init_autogen/mocs_compilation.cpp.o
[ 17%] Building CXX object src/palette/qml/MuseScore/Palette/CMakeFiles/palette_qmlplugin_init.dir/palette_qmlplugin_init.cpp.o
[ 17%] Built target braille_qmlplugin_init
[ 17%] Built target muse_learn_qmlplugin_init
[ 17%] Building CXX object _deps/json_schema_validator-build/CMakeFiles/nlohmann_json_schema_validator.dir/src/string-format-check.cpp.o
[ 17%] Running AUTOMOC file extraction for target playback_qmlplugin_init
[ 17%] Running moc --collect-json for target playback_qmlplugin_init
[ 17%] Building CXX object src/playback/qml/MuseScore/Playback/CMakeFiles/playback_qmlplugin_init.dir/playback_qmlplugin_init_autogen/mocs_compilation.cpp.o
[ 17%] Building CXX object src/playback/qml/MuseScore/Playback/CMakeFiles/playback_qmlplugin_init.dir/playback_qmlplugin_init.cpp.o
[ 17%] Built target muse_multiwindows_qmlplugin_init
[ 17%] Running AUTOMOC file extraction for target preferences_qmlplugin_init
[ 17%] Running moc --collect-json for target preferences_qmlplugin_init
[ 17%] Built target muse_tours_qmlplugin_init
[ 18%] Building CXX object src/preferences/qml/MuseScore/Preferences/CMakeFiles/preferences_qmlplugin_init.dir/preferences_qmlplugin_init_autogen/mocs_compilation.cpp.o
[ 18%] Running AUTOMOC file extraction for target project_qmlplugin_init
[ 18%] Running moc --collect-json for target project_qmlplugin_init
[ 18%] Building CXX object src/preferences/qml/MuseScore/Preferences/CMakeFiles/preferences_qmlplugin_init.dir/preferences_qmlplugin_init.cpp.o
[ 18%] Built target muse_update_qmlplugin_init
[ 18%] Running AUTOMOC file extraction for target appshell_qmlplugin_init
[ 18%] Building CXX object src/project/qml/MuseScore/Project/CMakeFiles/project_qmlplugin_init.dir/project_qmlplugin_init_autogen/mocs_compilation.cpp.o
[ 18%] Built target muse_extensions_qmlplugin_init
[ 18%] Running moc --collect-json for target appshell_qmlplugin_init
[ 18%] Automatic RCC for kddockwidgets_qtquick.qrc
[ 18%] Building CXX object src/project/qml/MuseScore/Project/CMakeFiles/project_qmlplugin_init.dir/project_qmlplugin_init.cpp.o
[ 18%] Built target muse_workspace_qmlplugin_init
[ 18%] Automatic RCC for kddockwidgets_resources.qrc
[ 18%] Building CXX object src/appshell/qml/MuseScore/AppShell/CMakeFiles/appshell_qmlplugin_init.dir/appshell_qmlplugin_init_autogen/mocs_compilation.cpp.o
[ 18%] Building CXX object src/appshell/qml/MuseScore/AppShell/CMakeFiles/appshell_qmlplugin_init.dir/appshell_qmlplugin_init.cpp.o
[ 18%] Building CXX object muse/framework/dockwindow/thirdparty/KDDockWidgets/src/CMakeFiles/kddockwidgets.dir/kddockwidgets_autogen/mocs_compilation.cpp.o
[ 18%] Building CXX object muse/framework/dockwindow/thirdparty/KDDockWidgets/src/CMakeFiles/kddockwidgets.dir/ContextData.cpp.o
[ 18%] Built target engraving_qmlplugin_init
[ 18%] Building CXX object muse/framework/dockwindow/thirdparty/KDDockWidgets/src/CMakeFiles/kddockwidgets.dir/Config.cpp.o
[ 18%] Built target propertiespanel_qmlplugin_init
[ 18%] Building CXX object muse/framework/dockwindow/thirdparty/KDDockWidgets/src/CMakeFiles/kddockwidgets.dir/FocusScope.cpp.o
[ 18%] Built target instrumentsscene_qmlplugin_init
[ 18%] Building CXX object muse/framework/dockwindow/thirdparty/KDDockWidgets/src/CMakeFiles/kddockwidgets.dir/FrameworkWidgetFactory.cpp.o
[ 18%] Built target musesounds_qmlplugin_init
[ 18%] Building CXX object muse/framework/dockwindow/thirdparty/KDDockWidgets/src/CMakeFiles/kddockwidgets.dir/DockWidgetBase.cpp.o
[ 18%] Linking CXX static library libpugixml.a
[ 18%] Built target pugixml
[ 20%] Building CXX object muse/framework/dockwindow/thirdparty/KDDockWidgets/src/CMakeFiles/kddockwidgets.dir/MainWindowBase.cpp.o
[ 20%] Building CXX object muse/framework/dockwindow/thirdparty/KDDockWidgets/src/CMakeFiles/kddockwidgets.dir/MainWindowMDI.cpp.o
[ 20%] Built target notationscene_qmlplugin_init
[ 20%] Building CXX object muse/framework/dockwindow/thirdparty/KDDockWidgets/src/CMakeFiles/kddockwidgets.dir/LayoutSaver.cpp.o
[ 20%] Built target palette_qmlplugin_init
[ 20%] Building CXX object muse/framework/dockwindow/thirdparty/KDDockWidgets/src/CMakeFiles/kddockwidgets.dir/private/LayoutWidget.cpp.o
[ 20%] Built target preferences_qmlplugin_init
[ 20%] Building CXX object muse/framework/dockwindow/thirdparty/KDDockWidgets/src/CMakeFiles/kddockwidgets.dir/private/MDILayoutWidget.cpp.o
[ 20%] Built target playback_qmlplugin_init
[ 20%] Building CXX object muse/framework/dockwindow/thirdparty/KDDockWidgets/src/CMakeFiles/kddockwidgets.dir/private/MultiSplitter.cpp.o
[ 20%] Built target project_qmlplugin_init
[ 20%] Building CXX object muse/framework/dockwindow/thirdparty/KDDockWidgets/src/CMakeFiles/kddockwidgets.dir/private/Position.cpp.o
[ 20%] Built target appshell_qmlplugin_init
[ 20%] Building CXX object muse/framework/dockwindow/thirdparty/KDDockWidgets/src/CMakeFiles/kddockwidgets.dir/private/DropIndicatorOverlayInterface.cpp.o
[ 20%] Building CXX object muse/framework/dockwindow/thirdparty/KDDockWidgets/src/CMakeFiles/kddockwidgets.dir/private/DropArea.cpp.o
[ 20%] Building CXX object muse/framework/dockwindow/thirdparty/KDDockWidgets/src/CMakeFiles/kddockwidgets.dir/private/FloatingWindow.cpp.o
[ 20%] Building CXX object muse/framework/dockwindow/thirdparty/KDDockWidgets/src/CMakeFiles/kddockwidgets.dir/private/Logging.cpp.o
[ 20%] Building CXX object muse/framework/dockwindow/thirdparty/KDDockWidgets/src/CMakeFiles/kddockwidgets.dir/private/TabWidget.cpp.o
[ 20%] Building CXX object muse/framework/dockwindow/thirdparty/KDDockWidgets/src/CMakeFiles/kddockwidgets.dir/private/TitleBar.cpp.o
[ 20%] Building CXX object muse/framework/dockwindow/thirdparty/KDDockWidgets/src/CMakeFiles/kddockwidgets.dir/private/SideBar.cpp.o
[ 20%] Building CXX object muse/framework/dockwindow/thirdparty/KDDockWidgets/src/CMakeFiles/kddockwidgets.dir/private/DockRegistry.cpp.o
[ 20%] Building CXX object muse/framework/dockwindow/thirdparty/KDDockWidgets/src/CMakeFiles/kddockwidgets.dir/private/Draggable.cpp.o
[ 20%] Building CXX object muse/framework/pch/CMakeFiles/muse_pch.dir/muse_pch_autogen/mocs_compilation.cpp.o
[ 20%] Building CXX object muse/framework/pch/CMakeFiles/muse_pch.dir/pch.cpp.o
[ 20%] Building CXX object muse/framework/dockwindow/thirdparty/KDDockWidgets/src/CMakeFiles/kddockwidgets.dir/private/WindowBeingDragged.cpp.o
[ 20%] Building CXX object muse/framework/dockwindow/thirdparty/KDDockWidgets/src/CMakeFiles/kddockwidgets.dir/private/DragController.cpp.o
[ 20%] Building CXX object muse/framework/dockwindow/thirdparty/KDDockWidgets/src/CMakeFiles/kddockwidgets.dir/private/Frame.cpp.o
[ 20%] Building CXX object muse/framework/dockwindow/thirdparty/KDDockWidgets/src/CMakeFiles/kddockwidgets.dir/private/DropAreaWithCentralFrame.cpp.o
[ 20%] Building CXX object muse/framework/dockwindow/thirdparty/KDDockWidgets/src/CMakeFiles/kddockwidgets.dir/private/WidgetResizeHandler.cpp.o
[ 20%] Building CXX object muse/framework/dockwindow/thirdparty/KDDockWidgets/src/CMakeFiles/kddockwidgets.dir/private/indicators/NullIndicators.cpp.o
[ 20%] Building CXX object muse/framework/dockwindow/thirdparty/KDDockWidgets/src/CMakeFiles/kddockwidgets.dir/private/indicators/ClassicIndicators.cpp.o
[ 20%] Linking CXX static library libmuse_pch.a
[ 20%] Built target muse_pch
[ 20%] Building CXX object muse/framework/dockwindow/thirdparty/KDDockWidgets/src/CMakeFiles/kddockwidgets.dir/private/indicators/ClassicIndicatorsWindow.cpp.o
[ 20%] Built target muse_global_autogen_timestamp_deps
[ 20%] Building CXX object muse/framework/dockwindow/thirdparty/KDDockWidgets/src/CMakeFiles/kddockwidgets.dir/private/multisplitter/Item.cpp.o
[ 20%] Automatic MOC and UIC for target muse_global
[ 20%] Building CXX object muse/framework/dockwindow/thirdparty/KDDockWidgets/src/CMakeFiles/kddockwidgets.dir/private/multisplitter/ItemFreeContainer.cpp.o
[ 20%] Building CXX object muse/framework/dockwindow/thirdparty/KDDockWidgets/src/CMakeFiles/kddockwidgets.dir/private/multisplitter/Logging.cpp.o
[ 20%] Built target muse_global_autogen
[ 20%] Building CXX object muse/framework/dockwindow/thirdparty/KDDockWidgets/src/CMakeFiles/kddockwidgets.dir/private/multisplitter/MultiSplitterConfig.cpp.o
[ 20%] Building CXX object muse/framework/dockwindow/thirdparty/KDDockWidgets/src/CMakeFiles/kddockwidgets.dir/private/multisplitter/Separator.cpp.o
[ 20%] Building CXX object muse/framework/dockwindow/thirdparty/KDDockWidgets/src/CMakeFiles/kddockwidgets.dir/private/multisplitter/Widget.cpp.o
[ 20%] Running AUTOMOC file extraction for target muse_global
[ 20%] Running moc --collect-json for target muse_global
[ 20%] Building CXX object muse/framework/global/CMakeFiles/muse_global.dir/Unity/unity_5_cxx.cxx.o
[ 20%] Building CXX object muse/framework/dockwindow/thirdparty/KDDockWidgets/src/CMakeFiles/kddockwidgets.dir/DockWidgetQuick.cpp.o
[ 21%] Building CXX object muse/framework/dockwindow/thirdparty/KDDockWidgets/src/CMakeFiles/kddockwidgets.dir/private/quick/DockWidgetInstantiator.cpp.o
[ 21%] Building CXX object muse/framework/dockwindow/thirdparty/KDDockWidgets/src/CMakeFiles/kddockwidgets.dir/private/quick/QWidgetAdapter_quick.cpp.o
[ 21%] Building CXX object muse/framework/global/CMakeFiles/muse_global.dir/Unity/unity_4_cxx.cxx.o
[ 21%] Building CXX object muse/framework/dockwindow/thirdparty/KDDockWidgets/src/CMakeFiles/kddockwidgets.dir/private/quick/FloatingWindowQuick.cpp.o
[ 21%] Building CXX object muse/framework/dockwindow/thirdparty/KDDockWidgets/src/CMakeFiles/kddockwidgets.dir/private/quick/TabWidgetQuick.cpp.o
[ 21%] Building CXX object muse/framework/global/CMakeFiles/muse_global.dir/Unity/unity_3_cxx.cxx.o
[ 21%] Building CXX object muse/framework/dockwindow/thirdparty/KDDockWidgets/src/CMakeFiles/kddockwidgets.dir/private/quick/TabBarQuick.cpp.o
[ 21%] Building CXX object muse/framework/dockwindow/thirdparty/KDDockWidgets/src/CMakeFiles/kddockwidgets.dir/private/quick/TitleBarQuick.cpp.o
[ 21%] Building CXX object muse/framework/dockwindow/thirdparty/KDDockWidgets/src/CMakeFiles/kddockwidgets.dir/private/quick/QmlTypes.cpp.o
[ 21%] Building CXX object muse/framework/dockwindow/thirdparty/KDDockWidgets/src/CMakeFiles/kddockwidgets.dir/private/quick/Helpers.cpp.o
[ 21%] Building CXX object muse/framework/dockwindow/thirdparty/KDDockWidgets/src/CMakeFiles/kddockwidgets.dir/private/quick/FrameQuick.cpp.o
[ 21%] Building CXX object muse/framework/global/CMakeFiles/muse_global.dir/Unity/unity_2_cxx.cxx.o
[ 21%] Linking CXX static library ../../../../lib/libgtest.a
[ 21%] Building CXX object muse/framework/dockwindow/thirdparty/KDDockWidgets/src/CMakeFiles/kddockwidgets.dir/private/quick/LayoutSaverInstantiator.cpp.o
[ 21%] Built target gtest
[ 21%] Building CXX object muse/framework/global/CMakeFiles/muse_global.dir/Unity/unity_1_cxx.cxx.o
[ 21%] Building CXX object muse/framework/dockwindow/thirdparty/KDDockWidgets/src/CMakeFiles/kddockwidgets.dir/private/quick/RubberBandQuick.cpp.o
[ 21%] Building CXX object muse/framework/dockwindow/thirdparty/KDDockWidgets/src/CMakeFiles/kddockwidgets.dir/private/quick/MainWindowQuick.cpp.o
[ 21%] Building CXX object muse/framework/dockwindow/thirdparty/KDDockWidgets/src/CMakeFiles/kddockwidgets.dir/private/quick/MainWindowInstantiator.cpp.o
[ 21%] Building CXX object muse/framework/global/CMakeFiles/muse_global.dir/Unity/unity_0_cxx.cxx.o
[ 21%] Building CXX object muse/framework/dockwindow/thirdparty/KDDockWidgets/src/CMakeFiles/kddockwidgets.dir/private/multisplitter/Widget_quick.cpp.o
[ 21%] Built target gmock_autogen_timestamp_deps
[ 21%] Building CXX object muse/framework/dockwindow/thirdparty/KDDockWidgets/src/CMakeFiles/kddockwidgets.dir/private/multisplitter/Separator_quick.cpp.o
[ 21%] Building CXX object muse/framework/dockwindow/thirdparty/KDDockWidgets/src/CMakeFiles/kddockwidgets.dir/private/multisplitter/Rubberband_quick.cpp.o
[ 21%] Building CXX object muse/framework/dockwindow/thirdparty/KDDockWidgets/src/CMakeFiles/kddockwidgets.dir/kddockwidgets_autogen/EWIEGA46WW/qrc_kddockwidgets_qtquick.cpp.o
[ 21%] Building CXX object muse/framework/dockwindow/thirdparty/KDDockWidgets/src/CMakeFiles/kddockwidgets.dir/kddockwidgets_autogen/EWIEGA46WW/qrc_kddockwidgets_resources.cpp.o
[ 21%] Built target gtest_main_autogen_timestamp_deps
[ 21%] Automatic MOC and UIC for target gmock
[ 21%] Automatic MOC and UIC for target gtest_main
[ 21%] Built target gmock_autogen
[ 21%] Built target gtest_main_autogen
[ 21%] Building CXX object muse/framework/googletest/googlemock/CMakeFiles/gmock.dir/gmock_autogen/mocs_compilation.cpp.o
[ 21%] Building CXX object muse/framework/googletest/googletest/CMakeFiles/gtest_main.dir/gtest_main_autogen/mocs_compilation.cpp.o
[ 21%] Building CXX object muse/framework/googletest/googlemock/CMakeFiles/gmock.dir/src/gmock-all.cc.o
[ 22%] Building CXX object muse/framework/googletest/googletest/CMakeFiles/gtest_main.dir/src/gtest_main.cc.o
[ 22%] Linking CXX static library ../../../../lib/libgtest_main.a
[ 22%] Built target gtest_main
[ 22%] Linking CXX static library libkddockwidgets-qt6.a
[ 22%] Built target kddockwidgets
[ 22%] Linking CXX static library libnlohmann_json_schema_validator.a
[ 22%] Built target nlohmann_json_schema_validator
[ 22%] Built target mnxdom_autogen_timestamp_deps
[ 22%] Automatic MOC and UIC for target mnxdom
[ 22%] Built target mnxdom_autogen
[ 22%] Building CXX object _deps/mnxdom-build/CMakeFiles/mnxdom.dir/src/validation/SemanticValidate.cpp.o
[ 22%] Building CXX object _deps/mnxdom-build/CMakeFiles/mnxdom.dir/mnxdom_autogen/mocs_compilation.cpp.o
[ 22%] Building CXX object _deps/mnxdom-build/CMakeFiles/mnxdom.dir/src/EnumerationMaps.cpp.o
[ 22%] Building CXX object _deps/mnxdom-build/CMakeFiles/mnxdom.dir/src/validation/SchemaValidate.cpp.o
[ 22%] Building CXX object _deps/mnxdom-build/CMakeFiles/mnxdom.dir/src/Implementations.cpp.o
[ 22%] Linking CXX static library ../../../../lib/libgmock.a
[ 22%] Built target gmock
[ 22%] Built target gmock_main_autogen_timestamp_deps
[ 22%] Automatic MOC and UIC for target gmock_main
[ 22%] Built target gmock_main_autogen
[ 22%] Building CXX object muse/framework/googletest/googlemock/CMakeFiles/gmock_main.dir/src/gmock_main.cc.o
[ 22%] Building CXX object muse/framework/googletest/googlemock/CMakeFiles/gmock_main.dir/gmock_main_autogen/mocs_compilation.cpp.o
[ 22%] Linking CXX static library ../../../../lib/libgmock_main.a
[ 22%] Built target gmock_main
[ 22%] Linking CXX static library libmuse_global.a
[ 22%] Built target muse_global
[ 22%] Built target muse_actions_autogen_timestamp_deps
[ 22%] Built target muse_global_tests_autogen_timestamp_deps
[ 22%] Built target muse_accessibility_autogen_timestamp_deps
[ 22%] Built target muse_audioplugins_autogen_timestamp_deps
[ 22%] Built target muse_rcommand_autogen_timestamp_deps
[ 22%] Built target muse_uicomponents_autogen_timestamp_deps
[ 22%] Built target muse_interactive_tests_autogen_timestamp_deps
[ 22%] Built target muse_audio_common_autogen_timestamp_deps
[ 22%] Built target muse_ui_autogen_timestamp_deps
[ 22%] Built target muse_cloud_autogen_timestamp_deps
[ 22%] Built target muse_diagnostics_autogen_timestamp_deps
[ 22%] Built target muse_audio_tests_autogen_timestamp_deps
[ 22%] Built target muse_automation_autogen_timestamp_deps
[ 22%] Built target muse_dockwindow_autogen_timestamp_deps
[ 22%] Built target muse_draw_autogen_timestamp_deps
[ 22%] Built target muse_mpe_autogen_timestamp_deps
[ 22%] Built target muse_midiremote_autogen_timestamp_deps
[ 22%] Built target muse_midi_autogen_timestamp_deps
[ 22%] Built target muse_musesampler_autogen_timestamp_deps
[ 22%] Built target muse_network_autogen_timestamp_deps
[ 22%] Built target muse_rcontrol_autogen_timestamp_deps
[ 22%] Built target muse_workspace_autogen_timestamp_deps
[ 22%] Built target muse_languages_autogen_timestamp_deps
[ 22%] Built target muse_multiwindows_autogen_timestamp_deps
[ 22%] Built target muse_extensions_autogen_timestamp_deps
[ 22%] Built target muse_shortcuts_autogen_timestamp_deps
[ 22%] Built target muse_learn_autogen_timestamp_deps
[ 22%] Built target muse_tours_autogen_timestamp_deps
[ 22%] Built target muse_media_autogen_timestamp_deps
[ 22%] Built target muse_vst_autogen_timestamp_deps
[ 22%] Built target iex_audioexport_autogen_timestamp_deps
[ 22%] Built target muse_update_autogen_timestamp_deps
[ 22%] Built target converter_autogen_timestamp_deps
[ 22%] Built target iex_tabledit_autogen_timestamp_deps
[ 22%] Built target propertiespanel_autogen_timestamp_deps
[ 22%] Built target context_autogen_timestamp_deps
[ 22%] Automatic MOC and UIC for target muse_audio_common
[ 22%] Automatic MOC and UIC for target muse_global_tests
[ 22%] Built target preferences_autogen_timestamp_deps
[ 22%] Automatic MOC and UIC for target muse_audioplugins
[ 22%] Built target print_autogen_timestamp_deps
[ 22%] Automatic MOC and UIC for target muse_ui
[ 22%] Automatic MOC and UIC for target muse_rcommand
[ 22%] Automatic MOC and UIC for target muse_actions
[ 22%] Automatic MOC and UIC for target muse_draw
[ 22%] Built target playback_autogen_timestamp_deps
[ 22%] Automatic MOC and UIC for target muse_dockwindow
[ 22%] Built target musesounds_autogen_timestamp_deps
[ 22%] Automatic MOC and UIC for target muse_accessibility
[ 22%] Automatic MOC and UIC for target muse_interactive_tests
[ 22%] Automatic MOC and UIC for target muse_uicomponents
[ 22%] Automatic MOC and UIC for target muse_audio_tests
[ 22%] Automatic MOC and UIC for target muse_automation
[ 22%] Automatic MOC and UIC for target muse_cloud
[ 22%] Automatic MOC and UIC for target muse_diagnostics
[ 22%] Automatic MOC and UIC for target muse_midiremote
[ 22%] Automatic MOC and UIC for target muse_mpe
[ 22%] Automatic MOC and UIC for target muse_midi
[ 22%] Built target muse_audio_tests_autogen
[ 22%] Built target muse_rcommand_autogen
[ 22%] Built target muse_draw_autogen
[ 22%] Built target muse_audio_common_autogen
[ 22%] Built target muse_automation_autogen
[ 22%] Built target muse_interactive_tests_autogen
[ 22%] Built target muse_audioplugins_autogen
[ 22%] Built target muse_global_tests_autogen
[ 22%] Built target muse_midiremote_autogen
[ 22%] Automatic MOC and UIC for target muse_network
[ 22%] Automatic MOC and UIC for target muse_shortcuts
[ 22%] Automatic MOC and UIC for target muse_tours
[ 22%] Built target muse_midi_autogen
[ 22%] Automatic MOC and UIC for target muse_multiwindows
[ 22%] Automatic MOC and UIC for target muse_rcontrol
[ 22%] Automatic MOC and UIC for target muse_learn
[ 22%] Automatic MOC and UIC for target muse_musesampler
[ 22%] Built target muse_diagnostics_autogen
[ 22%] Automatic MOC and UIC for target muse_languages
[ 22%] Built target muse_mpe_autogen
[ 22%] Automatic MOC and UIC for target muse_media
[ 22%] Automatic MOC and UIC for target muse_extensions
[ 22%] Automatic MOC and UIC for target muse_update
[ 22%] Automatic MOC and UIC for target muse_workspace
[ 22%] Built target muse_learn_autogen
[ 22%] Built target muse_multiwindows_autogen
[ 22%] Built target muse_languages_autogen
[ 22%] Built target muse_musesampler_autogen
[ 22%] Built target muse_media_autogen
[ 22%] Automatic MOC and UIC for target muse_vst
[ 22%] Built target muse_update_autogen
[ 22%] Automatic MOC and UIC for target context
[ 22%] Automatic MOC and UIC for target converter
[ 22%] Automatic MOC and UIC for target iex_audioexport
[ 22%] Built target muse_workspace_autogen
[ 22%] Automatic MOC and UIC for target propertiespanel
[ 22%] Automatic MOC and UIC for target iex_tabledit
[ 22%] Automatic MOC and UIC for target musesounds
[ 22%] Built target muse_vst_autogen
[ 22%] Built target iex_audioexport_autogen
[ 22%] Built target context_autogen
[ 22%] Built target iex_tabledit_autogen
[ 22%] Built target propertiespanel_autogen
[ 22%] Automatic MOC and UIC for target playback
[ 22%] Automatic MOC and UIC for target print
[ 22%] Running AUTOMOC file extraction for target muse_rcommand
[ 22%] Automatic MOC and UIC for target preferences
[ 22%] Built target musesounds_autogen
[ 22%] Building CXX object muse/framework/global/tests/CMakeFiles/muse_global_tests.dir/muse_global_tests_autogen/mocs_compilation.cpp.o
[ 22%] Running moc --collect-json for target muse_rcommand
[ 22%] Building CXX object muse/framework/global/tests/CMakeFiles/muse_global_tests.dir/__/__/testing/gmain.cpp.o
[ 22%] Built target playback_autogen
[ 22%] Running AUTOMOC file extraction for target muse_audio_common
[ 22%] Built target print_autogen
[ 22%] Built target muse_tours_autogen
[ 22%] Built target preferences_autogen
[ 22%] Building CXX object muse/framework/interactive/tests/CMakeFiles/muse_interactive_tests.dir/muse_interactive_tests_autogen/mocs_compilation.cpp.o
[ 22%] Running moc --collect-json for target muse_audio_common
[ 22%] Building CXX object muse/framework/interactive/tests/CMakeFiles/muse_interactive_tests.dir/__/__/testing/gmain.cpp.o
[ 22%] Built target muse_accessibility_autogen
[ 22%] Building CXX object muse/framework/interactive/tests/CMakeFiles/muse_interactive_tests.dir/__/__/testing/environment.cpp.o
[ 22%] Building CXX object muse/framework/audio/tests/CMakeFiles/muse_audio_tests.dir/muse_audio_tests_autogen/mocs_compilation.cpp.o
[ 22%] Building CXX object muse/framework/rcommand/CMakeFiles/muse_rcommand.dir/Unity/unity_0_cxx.cxx.o
[ 22%] Running AUTOMOC file extraction for target muse_audioplugins
[ 23%] Building CXX object muse/framework/audio/tests/CMakeFiles/muse_audio_tests.dir/__/__/testing/gmain.cpp.o
[ 23%] Built target muse_uicomponents_autogen
[ 23%] Building CXX object muse/framework/audio/tests/CMakeFiles/muse_audio_tests.dir/__/__/testing/environment.cpp.o
[ 23%] Built target muse_dockwindow_autogen
[ 23%] Running moc --collect-json for target muse_audioplugins
[ 24%] Building CXX object muse/framework/global/tests/CMakeFiles/muse_global_tests.dir/__/__/testing/environment.cpp.o
[ 24%] Running AUTOMOC file extraction for target muse_draw
[ 24%] Building CXX object muse/framework/audio/common/CMakeFiles/muse_audio_common.dir/Unity/unity_0_cxx.cxx.o
[ 24%] Built target muse_actions_autogen
[ 24%] Running moc --collect-json for target muse_draw
[ 24%] Building CXX object muse/framework/audioplugins/CMakeFiles/muse_audioplugins.dir/Unity/unity_0_cxx.cxx.o
[ 24%] Running AUTOMOC file extraction for target muse_automation
[ 24%] Built target muse_shortcuts_autogen
[ 24%] Building CXX object muse/framework/audio/tests/CMakeFiles/muse_audio_tests.dir/rpcpacker_tests.cpp.o
[ 24%] Running moc --collect-json for target muse_automation
[ 24%] Built target converter_autogen
[ 24%] Built target muse_rcontrol_autogen
[ 24%] Built target muse_cloud_autogen
[ 24%] Building CXX object muse/framework/draw/CMakeFiles/muse_draw.dir/Unity/unity_2_cxx.cxx.o
[ 24%] Running AUTOMOC file extraction for target muse_diagnostics
[ 24%] Building CXX object muse/framework/global/tests/CMakeFiles/muse_global_tests.dir/uri_tests.cpp.o
[ 24%] Running moc --collect-json for target muse_diagnostics
[ 25%] Running AUTOMOC file extraction for target muse_midi
[ 25%] Building CXX object muse/framework/automation/CMakeFiles/muse_automation.dir/Unity/unity_0_cxx.cxx.o
[ 25%] Built target muse_network_autogen
[ 25%] Running moc --collect-json for target muse_midi
[ 25%] Building CXX object muse/framework/global/tests/CMakeFiles/muse_global_tests.dir/val_tests.cpp.o
[ 25%] Building CXX object muse/framework/diagnostics/CMakeFiles/muse_diagnostics.dir/Unity/unity_0_cxx.cxx.o
[ 25%] Building CXX object muse/framework/midi/CMakeFiles/muse_midi.dir/Unity/unity_0_cxx.cxx.o
[ 25%] Built target muse_extensions_autogen
[ 25%] Building CXX object muse/framework/audio/tests/CMakeFiles/muse_audio_tests.dir/alignbuffer_tests.cpp.o
[ 25%] Built target muse_ui_autogen
[ 25%] Building CXX object muse/framework/draw/CMakeFiles/muse_draw.dir/Unity/unity_1_cxx.cxx.o
[ 25%] Linking CXX static library libmuse_automation.a
[ 25%] Built target muse_automation
[ 25%] Building CXX object muse/framework/draw/CMakeFiles/muse_draw.dir/Unity/unity_0_cxx.cxx.o
[ 25%] Building CXX object muse/framework/global/tests/CMakeFiles/muse_global_tests.dir/logremover_tests.cpp.o
[ 25%] Building CXX object muse/framework/audio/tests/CMakeFiles/muse_audio_tests.dir/audioresourcetypes_tests.cpp.o
[ 25%] Building CXX object muse/framework/global/tests/CMakeFiles/muse_global_tests.dir/bytearray_tests.cpp.o
[ 25%] Building CXX object muse/framework/global/tests/CMakeFiles/muse_global_tests.dir/buffer_tests.cpp.o
[ 25%] Running AUTOMOC file extraction for target muse_midiremote
[ 25%] Running moc --collect-json for target muse_midiremote
[ 25%] Building CXX object muse/framework/midiremote/CMakeFiles/muse_midiremote.dir/Unity/unity_0_cxx.cxx.o
[ 25%] Building CXX object muse/framework/global/tests/CMakeFiles/muse_global_tests.dir/file_tests.cpp.o
[ 26%] Linking CXX executable muse_interactive_tests
[ 26%] Building CXX object muse/framework/global/tests/CMakeFiles/muse_global_tests.dir/filestream_tests.cpp.o
[ 26%] Building CXX object muse/framework/global/tests/CMakeFiles/muse_global_tests.dir/iodevice_tests.cpp.o
[ 26%] Running AUTOMOC file extraction for target muse_mpe
[ 26%] Running rcc for resource muse_mpe_resources
[ 26%] Running moc --collect-json for target muse_mpe
[ 26%] Building CXX object muse/framework/mpe/CMakeFiles/muse_mpe.dir/Unity/unity_0_cxx.cxx.o
[ 26%] Building CXX object muse/framework/global/tests/CMakeFiles/muse_global_tests.dir/fileinfo_tests.cpp.o
[ 26%] Running AUTOMOC file extraction for target muse_musesampler
[ 27%] Running moc --collect-json for target muse_musesampler
[ 27%] Building CXX object muse/framework/musesampler/CMakeFiles/muse_musesampler.dir/Unity/unity_0_cxx.cxx.o
[ 27%] Built target muse_interactive_tests
[ 27%] Running AUTOMOC file extraction for target muse_network
[ 27%] Running moc --collect-json for target muse_network
[ 27%] Building CXX object muse/framework/network/CMakeFiles/muse_network.dir/Unity/unity_0_cxx.cxx.o
[ 27%] Linking CXX static library libmnxdom.a
[ 27%] Built target mnxdom
[ 27%] Building CXX object muse/framework/global/tests/CMakeFiles/muse_global_tests.dir/string_tests.cpp.o
[ 27%] Running AUTOMOC file extraction for target muse_rcontrol
[ 27%] Running moc --collect-json for target muse_rcontrol
[ 27%] Building CXX object muse/framework/rcontrol/CMakeFiles/muse_rcontrol.dir/Unity/unity_0_cxx.cxx.o
[ 28%] Building CXX object muse/framework/mpe/CMakeFiles/muse_mpe.dir/.qt/rcc/qrc_muse_mpe_resources.cpp.o
[ 28%] Running AUTOMOC file extraction for target muse_shortcuts
[ 29%] Running moc --collect-json for target muse_shortcuts
[ 29%] Building CXX object muse/framework/shortcuts/CMakeFiles/muse_shortcuts.dir/Unity/unity_0_cxx.cxx.o
[ 29%] Building CXX object muse/framework/global/tests/CMakeFiles/muse_global_tests.dir/stringutils_tests.cpp.o
[ 29%] Building CXX object muse/framework/global/tests/CMakeFiles/muse_global_tests.dir/json_tests.cpp.o
[ 29%] Linking CXX static library libmuse_rcommand.a
[ 29%] Built target muse_rcommand
[ 29%] Running AUTOMOC file extraction for target muse_tours
[ 29%] Running moc --collect-json for target muse_tours
[ 29%] Building CXX object muse/framework/tours/CMakeFiles/muse_tours.dir/Unity/unity_0_cxx.cxx.o
[ 29%] Linking CXX static library libmuse_audio_common.a
[ 29%] Built target muse_audio_common
[ 29%] Building CXX object muse/framework/global/tests/CMakeFiles/muse_global_tests.dir/datetime_tests.cpp.o
[ 29%] Running AUTOMOC file extraction for target muse_multiwindows
[ 29%] Running moc --collect-json for target muse_multiwindows
[ 29%] Building CXX object muse/framework/multiwindows/CMakeFiles/muse_multiwindows.dir/Unity/unity_0_cxx.cxx.o
[ 29%] Building CXX object muse/framework/global/tests/CMakeFiles/muse_global_tests.dir/flags_tests.cpp.o
[ 29%] Linking CXX static library libmuse_midi.a
[ 29%] Built target muse_midi
[ 29%] Running AUTOMOC file extraction for target muse_languages
[ 29%] Running rcc for resource muse_languages_resources
[ 29%] Running moc --collect-json for target muse_languages
[ 29%] Building CXX object muse/framework/languages/CMakeFiles/muse_languages.dir/Unity/unity_0_cxx.cxx.o
[ 29%] Linking CXX static library libmuse_diagnostics.a
[ 29%] Building CXX object muse/framework/global/tests/CMakeFiles/muse_global_tests.dir/allocator_tests.cpp.o
[ 29%] Built target muse_diagnostics
[ 29%] Building CXX object muse/framework/languages/CMakeFiles/muse_languages.dir/.qt/rcc/qrc_muse_languages_resources.cpp.o
[ 29%] Running AUTOMOC file extraction for target muse_learn
[ 29%] Running moc --collect-json for target muse_learn
[ 29%] Building CXX object muse/framework/learn/CMakeFiles/muse_learn.dir/Unity/unity_0_cxx.cxx.o
[ 29%] Building CXX object muse/framework/global/tests/CMakeFiles/muse_global_tests.dir/mnemonicstring_tests.cpp.o
[ 29%] Linking CXX static library libmuse_draw.a
[ 29%] Linking CXX static library libmuse_rcontrol.a
[ 29%] Built target muse_draw
[ 29%] Running AUTOMOC file extraction for target muse_media
[ 29%] Built target muse_rcontrol
[ 29%] Running moc --collect-json for target muse_media
[ 29%] Building CXX object muse/framework/global/tests/CMakeFiles/muse_global_tests.dir/containers_tests.cpp.o
[ 29%] Running AUTOMOC file extraction for target muse_extensions
[ 29%] Running moc --collect-json for target muse_extensions
[ 29%] Building CXX object muse/framework/media/CMakeFiles/muse_media.dir/muse_media_autogen/mocs_compilation.cpp.o
[ 29%] Building CXX object muse/framework/media/CMakeFiles/muse_media.dir/mediamodule.cpp.o
[ 29%] Building CXX object muse/framework/extensions/CMakeFiles/muse_extensions.dir/Unity/unity_1_cxx.cxx.o
[ 29%] Building CXX object muse/framework/global/tests/CMakeFiles/muse_global_tests.dir/vectorview_tests.cpp.o
[ 29%] Running AUTOMOC file extraction for target muse_workspace
[ 29%] Running moc --collect-json for target muse_workspace
[ 29%] Building CXX object muse/framework/workspace/CMakeFiles/muse_workspace.dir/Unity/unity_0_cxx.cxx.o
[ 29%] Building CXX object muse/framework/global/tests/CMakeFiles/muse_global_tests.dir/version_tests.cpp.o
[ 29%] Linking CXX static library libmuse_midiremote.a
[ 29%] Built target muse_midiremote
[ 29%] Building CXX object muse/framework/global/tests/CMakeFiles/muse_global_tests.dir/number_tests.cpp.o
[ 29%] Linking CXX static library libmuse_network.a
[ 29%] Built target muse_network
[ 29%] Running AUTOMOC file extraction for target muse_update
[ 29%] Running moc --collect-json for target muse_update
[ 29%] Running AUTOMOC file extraction for target muse_vst
[ 29%] Running moc --collect-json for target muse_vst
[ 29%] Building CXX object muse/framework/update/CMakeFiles/muse_update.dir/Unity/unity_0_cxx.cxx.o
[ 29%] Building CXX object muse/framework/stubs/vst/CMakeFiles/muse_vst.dir/Unity/unity_0_cxx.cxx.o
[ 29%] Linking CXX static library libmuse_audioplugins.a
[ 29%] Built target muse_audioplugins
[ 29%] Built target engraving_autogen_timestamp_deps
[ 29%] Running AUTOMOC file extraction for target context
[ 29%] Running moc --collect-json for target context
[ 29%] Building CXX object muse/framework/media/CMakeFiles/muse_media.dir/internal/mediaconfiguration.cpp.o
[ 29%] Building CXX object src/context/CMakeFiles/context.dir/Unity/unity_0_cxx.cxx.o
[ 29%] Building CXX object muse/framework/global/tests/CMakeFiles/muse_global_tests.dir/progress_tests.cpp.o
[ 29%] Running AUTOMOC file extraction for target converter
[ 29%] Running moc --collect-json for target converter
[ 29%] Building CXX object src/converter/CMakeFiles/converter.dir/Unity/unity_0_cxx.cxx.o
[ 30%] Linking CXX static library libmuse_tours.a
[ 30%] Built target muse_tours
[ 30%] Building CXX object muse/framework/global/tests/CMakeFiles/muse_global_tests.dir/ziprw_tests.cpp.o
[ 30%] Linking CXX static library libmuse_mpe.a
[ 30%] Built target muse_mpe
[ 31%] Building CXX object muse/framework/extensions/CMakeFiles/muse_extensions.dir/Unity/unity_0_cxx.cxx.o
[ 31%] Building CXX object muse/framework/global/tests/CMakeFiles/muse_global_tests.dir/msgpack_tests.cpp.o
[ 31%] Building CXX object muse/framework/media/CMakeFiles/muse_media.dir/internal/videoencoderresolver.cpp.o
[ 31%] Linking CXX static library libmuse_vst.a
[ 31%] Linking CXX static library libmuse_shortcuts.a
[ 31%] Built target muse_vst
[ 31%] Running AUTOMOC file extraction for target iex_audioexport
[ 31%] Running moc --collect-json for target iex_audioexport
[ 31%] Built target muse_shortcuts
[ 31%] Running AUTOMOC file extraction for target iex_tabledit
[ 31%] Running moc --collect-json for target iex_tabledit
[ 31%] Building CXX object src/importexport/audioexport/CMakeFiles/iex_audioexport.dir/Unity/unity_0_cxx.cxx.o
[ 31%] Building CXX object src/importexport/tabledit/CMakeFiles/iex_tabledit.dir/Unity/unity_0_cxx.cxx.o
[ 31%] Running AUTOMOC file extraction for target propertiespanel
[ 31%] Running moc --collect-json for target propertiespanel
[ 31%] Building CXX object src/propertiespanel/CMakeFiles/propertiespanel.dir/Unity/unity_0_cxx.cxx.o
[ 31%] Linking CXX static library libmuse_learn.a
[ 31%] Built target muse_learn
[ 31%] Building CXX object muse/framework/global/tests/CMakeFiles/muse_global_tests.dir/ret_tests.cpp.o
[ 31%] Building CXX object muse/framework/global/tests/CMakeFiles/muse_global_tests.dir/xmldom_tests.cpp.o
[ 31%] Building CXX object muse/framework/global/tests/CMakeFiles/muse_global_tests.dir/xmlstreamreader_tests.cpp.o
[ 31%] Building CXX object muse/framework/media/CMakeFiles/muse_media.dir/internal/ffmpegutils.cpp.o
[ 31%] Running AUTOMOC file extraction for target musesounds
[ 31%] Running moc --collect-json for target musesounds
[ 31%] Building CXX object src/musesounds/CMakeFiles/musesounds.dir/Unity/unity_0_cxx.cxx.o
[ 31%] Building CXX object muse/framework/global/tests/CMakeFiles/muse_global_tests.dir/xmlstreamwriter_tests.cpp.o
[ 31%] Building CXX object muse/framework/global/tests/CMakeFiles/muse_global_tests.dir/ringqueue_tests.cpp.o
[ 31%] Building CXX object muse/framework/media/CMakeFiles/muse_media.dir/internal/ffmpeg/v8/ffmpeglibhandler.cpp.o
[ 31%] Linking CXX executable muse_audio_tests
[ 31%] Running AUTOMOC file extraction for target playback
[ 32%] Running moc --collect-json for target playback
[ 32%] Building CXX object src/playback/CMakeFiles/playback.dir/Unity/unity_0_cxx.cxx.o
[ 32%] Linking CXX static library libmuse_languages.a
[ 32%] Built target muse_languages
[ 32%] Running AUTOMOC file extraction for target preferences
[ 32%] Running moc --collect-json for target preferences
[ 32%] Building CXX object src/preferences/CMakeFiles/preferences.dir/Unity/unity_0_cxx.cxx.o
[ 32%] Building CXX object muse/framework/media/CMakeFiles/muse_media.dir/internal/ffmpeg/v8/videoencoder.cpp.o
[ 32%] Built target muse_audio_tests
[ 32%] Building CXX object muse/framework/global/tests/CMakeFiles/muse_global_tests.dir/rpcqueue_tests.cpp.o
[ 32%] Building CXX object muse/framework/media/CMakeFiles/muse_media.dir/internal/ffmpeg/v7/ffmpeglibhandler.cpp.o
[ 32%] Linking CXX static library libmuse_multiwindows.a
[ 32%] Built target muse_multiwindows
[ 32%] Running AUTOMOC file extraction for target print
[ 32%] Running moc --collect-json for target print
[ 32%] Building CXX object src/print/CMakeFiles/print.dir/Unity/unity_0_cxx.cxx.o
[ 32%] Linking CXX static library libpreferences.a
[ 32%] Built target preferences
[ 32%] Building CXX object muse/framework/global/tests/CMakeFiles/muse_global_tests.dir/geometry_tests.cpp.o
[ 32%] Building CXX object muse/framework/media/CMakeFiles/muse_media.dir/internal/ffmpeg/v7/videoencoder.cpp.o
[ 32%] Linking CXX static library libpropertiespanel.a
[ 32%] Built target propertiespanel
[ 32%] Running AUTOMOC file extraction for target muse_ui
[ 32%] Running moc --collect-json for target muse_ui
[ 32%] Running rcc for resource muse_ui_resources
[ 33%] Building CXX object muse/framework/global/tests/CMakeFiles/muse_global_tests.dir/sharedmap_tests.cpp.o
[ 33%] Building CXX object muse/framework/ui/CMakeFiles/muse_ui.dir/Unity/unity_2_cxx.cxx.o
[ 33%] Building CXX object muse/framework/global/tests/CMakeFiles/muse_global_tests.dir/sharedhashmap_tests.cpp.o
[ 33%] Building CXX object muse/framework/media/CMakeFiles/muse_media.dir/internal/ffmpeg/v6/ffmpeglibhandler.cpp.o
[ 33%] Linking CXX static library libiex_tabledit.a
[ 33%] Building CXX object muse/framework/media/CMakeFiles/muse_media.dir/internal/ffmpeg/v6/videoencoder.cpp.o
[ 33%] Built target iex_tabledit
[ 33%] Running AUTOMOC file extraction for target muse_actions
[ 33%] Running moc --collect-json for target muse_actions
[ 33%] Building CXX object muse/framework/actions/CMakeFiles/muse_actions.dir/Unity/unity_0_cxx.cxx.o
[ 33%] Linking CXX static library libmuse_workspace.a
[ 33%] Built target muse_workspace
[ 33%] Building CXX object muse/framework/ui/CMakeFiles/muse_ui.dir/Unity/unity_1_cxx.cxx.o
[ 33%] Building CXX object muse/framework/ui/CMakeFiles/muse_ui.dir/Unity/unity_0_cxx.cxx.o
[ 33%] Linking CXX static library libprint.a
[ 33%] Built target print
[ 33%] Building CXX object muse/framework/ui/CMakeFiles/muse_ui.dir/.qt/rcc/qrc_muse_ui_resources.cpp.o
[ 33%] Building CXX object muse/framework/media/CMakeFiles/muse_media.dir/internal/ffmpeg/v5/ffmpeglibhandler.cpp.o
[ 33%] Running AUTOMOC file extraction for target muse_uicomponents
[ 34%] Running moc --collect-json for target muse_uicomponents
[ 34%] Building CXX object muse/framework/uicomponents/CMakeFiles/muse_uicomponents.dir/Unity/unity_0_cxx.cxx.o
[ 34%] Building CXX object muse/framework/media/CMakeFiles/muse_media.dir/internal/ffmpeg/v5/videoencoder.cpp.o
[ 34%] Running AUTOMOC file extraction for target muse_dockwindow
[ 34%] Running moc --collect-json for target muse_dockwindow
[ 34%] Building CXX object muse/framework/dockwindow/CMakeFiles/muse_dockwindow.dir/Unity/unity_0_cxx.cxx.o
[ 34%] Linking CXX executable muse_global_tests
[ 34%] Linking CXX static library libmuse_musesampler.a
[ 34%] Built target muse_musesampler
[ 34%] Building CXX object muse/framework/media/CMakeFiles/muse_media.dir/internal/ffmpeg/v4/ffmpeglibhandler.cpp.o
[ 34%] Building CXX object muse/framework/media/CMakeFiles/muse_media.dir/internal/ffmpeg/v4/videoencoder.cpp.o
[ 34%] Built target muse_global_tests
[ 34%] Running AUTOMOC file extraction for target muse_accessibility
[ 34%] Built target muse_audio_driver_autogen_timestamp_deps
[ 34%] Running moc --collect-json for target muse_accessibility
[ 34%] Built target muse_audio_main_autogen_timestamp_deps
[ 34%] Building CXX object muse/framework/accessibility/CMakeFiles/muse_accessibility.dir/Unity/unity_0_cxx.cxx.o
[ 34%] Built target muse_audio_engine_autogen_timestamp_deps
[ 34%] Built target muse_audioplugins_test_autogen_timestamp_deps
[ 34%] Built target muse_testflow_autogen_timestamp_deps
[ 34%] Running AUTOMOC file extraction for target muse_cloud
[ 34%] Linking CXX static library libmuse_uicomponents.a
[ 34%] Running moc --collect-json for target muse_cloud
[ 34%] Building CXX object muse/framework/cloud/CMakeFiles/muse_cloud.dir/Unity/unity_0_cxx.cxx.o
[ 34%] Built target muse_uicomponents
[ 34%] Built target muse_diagnostics_tests_autogen_timestamp_deps
[ 34%] Built target muse_draw_tests_autogen_timestamp_deps
[ 34%] Built target muse_midi_test_autogen_timestamp_deps
[ 34%] Built target muse_midiremote_test_autogen_timestamp_deps
[ 34%] Built target muse_mpe_test_autogen_timestamp_deps
[ 34%] Built target muse_network_test_autogen_timestamp_deps
[ 34%] Built target muse_multiwindows_tests_autogen_timestamp_deps
[ 34%] Built target muse_languages_test_autogen_timestamp_deps
[ 34%] Built target muse_workspace_tests_autogen_timestamp_deps
[ 34%] Automatic MOC and UIC for target engraving
[ 34%] Built target engraving_autogen
[ 34%] Built target muse_graphicaleffects_qml_autogen_timestamp_deps
[ 34%] Built target muse_uicomponents_qmlapi_autogen_timestamp_deps
[ 34%] Automatic MOC and UIC for target muse_audio_driver
[ 34%] Built target muse_audio_driver_autogen
[ 34%] Automatic MOC and UIC for target muse_audio_main
[ 34%] Automatic MOC and UIC for target muse_audio_engine
[ 34%] Built target muse_audio_main_autogen
[ 34%] Built target muse_audio_engine_autogen
[ 34%] Automatic MOC and UIC for target muse_audioplugins_test
[ 34%] Automatic MOC and UIC for target muse_testflow
[ 34%] Built target muse_audioplugins_test_autogen
[ 34%] Automatic MOC and UIC for target muse_diagnostics_tests
[ 34%] Built target muse_diagnostics_tests_autogen
[ 34%] Automatic MOC and UIC for target muse_draw_tests
[ 34%] Built target muse_draw_tests_autogen
[ 34%] Automatic MOC and UIC for target muse_midi_test
[ 34%] Automatic MOC and UIC for target muse_midiremote_test
[ 34%] Built target muse_midi_test_autogen
[ 34%] Built target muse_midiremote_test_autogen
[ 34%] Automatic MOC and UIC for target muse_mpe_test
[ 34%] Linking CXX static library libcontext.a
[ 34%] Automatic MOC and UIC for target muse_network_test
[ 34%] Built target muse_testflow_autogen
[ 34%] Built target muse_mpe_test_autogen
[ 34%] Automatic MOC and UIC for target muse_multiwindows_tests
[ 34%] Built target muse_network_test_autogen
[ 34%] Automatic MOC and UIC for target muse_languages_test
[ 34%] Automatic MOC and UIC for target muse_workspace_tests
[ 34%] Built target muse_multiwindows_tests_autogen
[ 34%] Built target context
[ 34%] Built target muse_languages_test_autogen
[ 34%] Running rcc pass 2 for resource fonts_Tabulature
[ 34%] Built target muse_workspace_tests_autogen
[ 34%] Running AUTOMOC file extraction for target engraving
[ 34%] Automatic MOC and UIC for target muse_graphicaleffects_qml
[ 34%] Generating qrc_engraving.cpp
[ 34%] Automatic MOC and UIC for target muse_uicomponents_qmlapi
[ 34%] Running AUTOMOC file extraction for target muse_audio_driver
[ 34%] Running moc --collect-json for target muse_audio_driver
[ 34%] Built target muse_graphicaleffects_qml_autogen
[ 34%] Built target muse_uicomponents_qmlapi_autogen
[ 34%] Running rcc pass 2 for resource fonts_Bravura
[ 34%] Building CXX object muse/framework/audio/driver/CMakeFiles/muse_audio_driver.dir/Unity/unity_0_cxx.cxx.o
[ 34%] Running AUTOMOC file extraction for target muse_audio_engine
[ 34%] Running AUTOMOC file extraction for target muse_audio_main
[ 34%] Running moc --collect-json for target muse_audio_engine
[ 34%] Running moc --collect-json for target muse_audio_main
[ 34%] Building CXX object muse/framework/audio/engine/CMakeFiles/muse_audio_engine.dir/Unity/unity_3_cxx.cxx.o
[ 34%] Building CXX object muse/framework/audio/main/CMakeFiles/muse_audio_main.dir/Unity/unity_0_cxx.cxx.o
[ 34%] Building CXX object muse/framework/audio/engine/CMakeFiles/muse_audio_engine.dir/Unity/unity_2_cxx.cxx.o
[ 34%] Running rcc pass 2 for resource fonts_Campania
[ 34%] Building CXX object muse/framework/audioplugins/tests/CMakeFiles/muse_audioplugins_test.dir/muse_audioplugins_test_autogen/mocs_compilation.cpp.o
[ 34%] Building CXX object muse/framework/audioplugins/tests/CMakeFiles/muse_audioplugins_test.dir/__/__/testing/gmain.cpp.o
[ 34%] Linking CXX static library libmuse_actions.a
[ 34%] Built target muse_actions
[ 34%] Running rcc pass 2 for resource fonts_Edwin
[ 34%] Running AUTOMOC file extraction for target muse_testflow
[ 34%] Running rcc for resource muse_testflow_resources
[ 34%] Running moc --collect-json for target muse_testflow
[ 34%] Building CXX object muse/framework/testflow/CMakeFiles/muse_testflow.dir/Unity/unity_1_cxx.cxx.o
[ 34%] Running rcc pass 2 for resource fonts_FinaleBroadway
[ 34%] Running rcc pass 2 for resource fonts_FinaleMaestro
[ 34%] Running rcc pass 2 for resource fonts_FreeSans
[ 34%] Building CXX object muse/framework/audio/engine/CMakeFiles/muse_audio_engine.dir/Unity/unity_1_cxx.cxx.o
[ 34%] Linking CXX static library libiex_audioexport.a
[ 34%] Built target iex_audioexport
[ 34%] Building CXX object muse/framework/audio/engine/CMakeFiles/muse_audio_engine.dir/Unity/unity_0_cxx.cxx.o
[ 34%] Running rcc pass 2 for resource fonts_FreeSerif
[ 34%] Linking CXX static library libmuse_extensions.a
[ 34%] Built target muse_extensions
[ 34%] Building CXX object muse/framework/audioplugins/tests/CMakeFiles/muse_audioplugins_test.dir/__/__/testing/environment.cpp.o
[ 34%] Linking CXX static library libmuse_media.a
[ 34%] Built target muse_media
[ 34%] Building CXX object muse/framework/audio/engine/CMakeFiles/muse_audio_engine.dir/internal/codecs/vorbisdecoder.cpp.o
[ 34%] Running rcc pass 2 for resource fonts_Gootville
[ 34%] Running rcc pass 2 for resource fonts_Leland
[ 35%] Running rcc pass 2 for resource fonts_MScore
[ 35%] Running rcc pass 2 for resource fonts_MuseJazz
[ 35%] Running rcc pass 2 for resource fonts_Petaluma
[ 35%] Building CXX object muse/framework/audioplugins/tests/CMakeFiles/muse_audioplugins_test.dir/knownaudiopluginsregistertest.cpp.o
[ 35%] Generating qrc_fonts_Smufl.cpp
[ 35%] Running moc --collect-json for target engraving
[ 35%] Building CXX object src/engraving/CMakeFiles/engraving.dir/Unity/unity_31_cxx.cxx.o
[ 35%] Building CXX object muse/framework/testflow/CMakeFiles/muse_testflow.dir/Unity/unity_0_cxx.cxx.o
[ 35%] Linking CXX static library libmuse_dockwindow.a
[ 35%] Built target muse_dockwindow
[ 35%] Building CXX object muse/framework/testflow/CMakeFiles/muse_testflow.dir/.qt/rcc/qrc_muse_testflow_resources.cpp.o
[ 35%] Building CXX object src/engraving/CMakeFiles/engraving.dir/Unity/unity_30_cxx.cxx.o
[ 35%] Building CXX object muse/framework/audioplugins/tests/CMakeFiles/muse_audioplugins_test.dir/knownaudiopluginsmigrationregistertest.cpp.o
[ 35%] Linking CXX static library libmusesounds.a
[ 35%] Built target musesounds
[ 35%] Building CXX object muse/framework/audioplugins/tests/CMakeFiles/muse_audioplugins_test.dir/registeraudiopluginsscenariotest.cpp.o
[ 36%] Linking CXX static library libmuse_update.a
[ 36%] Built target muse_update
[ 36%] Building CXX object muse/framework/diagnostics/tests/CMakeFiles/muse_diagnostics_tests.dir/muse_diagnostics_tests_autogen/mocs_compilation.cpp.o
[ 36%] Building CXX object muse/framework/diagnostics/tests/CMakeFiles/muse_diagnostics_tests.dir/__/__/testing/gmain.cpp.o
[ 36%] Building CXX object src/engraving/CMakeFiles/engraving.dir/Unity/unity_29_cxx.cxx.o
[ 36%] Linking CXX static library libmuse_accessibility.a
[ 36%] Built target muse_accessibility
[ 36%] Building CXX object src/engraving/CMakeFiles/engraving.dir/Unity/unity_28_cxx.cxx.o
[ 36%] Building CXX object muse/framework/diagnostics/tests/CMakeFiles/muse_diagnostics_tests.dir/__/__/testing/environment.cpp.o
[ 36%] Linking CXX static library libmuse_audio_driver.a
[ 36%] Built target muse_audio_driver
[ 36%] Building CXX object muse/framework/draw/tests/CMakeFiles/muse_draw_tests.dir/muse_draw_tests_autogen/mocs_compilation.cpp.o
[ 36%] Building CXX object muse/framework/draw/tests/CMakeFiles/muse_draw_tests.dir/__/__/testing/gmain.cpp.o
[ 36%] Building CXX object muse/framework/diagnostics/tests/CMakeFiles/muse_diagnostics_tests.dir/environment.cpp.o
[ 36%] Linking CXX static library libconverter.a
[ 36%] Built target converter
[ 36%] Building CXX object muse/framework/draw/tests/CMakeFiles/muse_draw_tests.dir/__/__/testing/environment.cpp.o
[ 36%] Building CXX object muse/framework/draw/tests/CMakeFiles/muse_draw_tests.dir/painter_tests.cpp.o
[ 36%] Building CXX object src/engraving/CMakeFiles/engraving.dir/Unity/unity_27_cxx.cxx.o
[ 36%] Building CXX object muse/framework/midi/tests/CMakeFiles/muse_midi_test.dir/muse_midi_test_autogen/mocs_compilation.cpp.o
[ 36%] Building CXX object muse/framework/midi/tests/CMakeFiles/muse_midi_test.dir/__/__/testing/gmain.cpp.o
[ 36%] Building CXX object src/engraving/CMakeFiles/engraving.dir/Unity/unity_26_cxx.cxx.o
[ 36%] Linking CXX executable muse_diagnostics_tests
[ 36%] Linking CXX static library libmuse_ui.a
[ 36%] Built target muse_ui
[ 36%] Building CXX object muse/framework/midiremote/tests/CMakeFiles/muse_midiremote_test.dir/muse_midiremote_test_autogen/mocs_compilation.cpp.o
[ 36%] Building CXX object muse/framework/midiremote/tests/CMakeFiles/muse_midiremote_test.dir/__/__/testing/gmain.cpp.o
[ 36%] Built target muse_diagnostics_tests
[ 36%] Building CXX object muse/framework/draw/tests/CMakeFiles/muse_draw_tests.dir/fontsprovider_qt_tests.cpp.o
[ 36%] Building CXX object src/engraving/CMakeFiles/engraving.dir/Unity/unity_25_cxx.cxx.o
[ 36%] Building CXX object muse/framework/mpe/tests/CMakeFiles/muse_mpe_test.dir/muse_mpe_test_autogen/mocs_compilation.cpp.o
[ 36%] Building CXX object muse/framework/mpe/tests/CMakeFiles/muse_mpe_test.dir/__/__/testing/gmain.cpp.o
[ 36%] Building CXX object muse/framework/midi/tests/CMakeFiles/muse_midi_test.dir/__/__/testing/environment.cpp.o
[ 36%] Building CXX object muse/framework/midiremote/tests/CMakeFiles/muse_midiremote_test.dir/__/__/testing/environment.cpp.o
[ 36%] Building CXX object muse/framework/mpe/tests/CMakeFiles/muse_mpe_test.dir/__/__/testing/environment.cpp.o
[ 36%] Linking CXX executable muse_draw_tests
[ 36%] Building CXX object muse/framework/midi/tests/CMakeFiles/muse_midi_test.dir/midievent_tests.cpp.o
[ 36%] Built target muse_draw_tests
[ 36%] Building CXX object src/engraving/CMakeFiles/engraving.dir/Unity/unity_24_cxx.cxx.o
[ 36%] Linking CXX static library libmuse_testflow.a
[ 36%] Built target muse_testflow
[ 36%] Building CXX object muse/framework/network/tests/CMakeFiles/muse_network_test.dir/muse_network_test_autogen/mocs_compilation.cpp.o
[ 36%] Building CXX object muse/framework/network/tests/CMakeFiles/muse_network_test.dir/__/__/testing/gmain.cpp.o
[ 36%] Building CXX object muse/framework/midiremote/tests/CMakeFiles/muse_midiremote_test.dir/mmcdecoder_tests.cpp.o
[ 36%] Building CXX object src/engraving/CMakeFiles/engraving.dir/Unity/unity_23_cxx.cxx.o
[ 36%] Building CXX object muse/framework/network/tests/CMakeFiles/muse_network_test.dir/__/__/testing/environment.cpp.o
[ 36%] Building CXX object src/engraving/CMakeFiles/engraving.dir/Unity/unity_22_cxx.cxx.o
[ 36%] Building CXX object muse/framework/mpe/tests/CMakeFiles/muse_mpe_test.dir/singlenotearticulationstest.cpp.o
[ 36%] Linking CXX static library libmuse_cloud.a
[ 36%] Linking CXX executable muse_midiremote_test
[ 36%] Built target muse_cloud
[ 36%] Building CXX object muse/framework/multiwindows/tests/CMakeFiles/muse_multiwindows_tests.dir/muse_multiwindows_tests_autogen/mocs_compilation.cpp.o
[ 36%] Linking CXX executable muse_midi_test
[ 36%] Building CXX object muse/framework/multiwindows/tests/CMakeFiles/muse_multiwindows_tests.dir/__/__/testing/gmain.cpp.o
[ 36%] Built target muse_midi_test
[ 36%] Building CXX object muse/framework/languages/tests/CMakeFiles/muse_languages_test.dir/muse_languages_test_autogen/mocs_compilation.cpp.o
[ 36%] Building CXX object muse/framework/languages/tests/CMakeFiles/muse_languages_test.dir/__/__/testing/gmain.cpp.o
[ 36%] Built target muse_midiremote_test
[ 36%] Building CXX object muse/framework/multiwindows/tests/CMakeFiles/muse_multiwindows_tests.dir/__/__/testing/environment.cpp.o
[ 36%] Building CXX object src/engraving/CMakeFiles/engraving.dir/Unity/unity_21_cxx.cxx.o
[ 36%] Building CXX object src/engraving/CMakeFiles/engraving.dir/Unity/unity_20_cxx.cxx.o
[ 36%] Linking CXX executable muse_network_test
[ 36%] Building CXX object src/engraving/CMakeFiles/engraving.dir/Unity/unity_19_cxx.cxx.o
[ 36%] Built target muse_network_test
[ 36%] Building CXX object muse/framework/workspace/tests/CMakeFiles/muse_workspace_tests.dir/muse_workspace_tests_autogen/mocs_compilation.cpp.o
[ 37%] Building CXX object muse/framework/workspace/tests/CMakeFiles/muse_workspace_tests.dir/__/__/testing/gmain.cpp.o
[ 37%] Building CXX object muse/framework/mpe/tests/CMakeFiles/muse_mpe_test.dir/multinotearticulationstest.cpp.o
[ 37%] Building CXX object muse/framework/languages/tests/CMakeFiles/muse_languages_test.dir/__/__/testing/environment.cpp.o
[ 37%] Building CXX object muse/framework/multiwindows/tests/CMakeFiles/muse_multiwindows_tests.dir/environment.cpp.o
[ 37%] Building CXX object muse/framework/workspace/tests/CMakeFiles/muse_workspace_tests.dir/__/__/testing/environment.cpp.o
[ 37%] Linking CXX executable muse_multiwindows_tests
[ 37%] Building CXX object muse/framework/languages/tests/CMakeFiles/muse_languages_test.dir/languagesjson_tests.cpp.o
[ 37%] Built target muse_multiwindows_tests
[ 37%] Building CXX object muse/framework/workspace/tests/CMakeFiles/muse_workspace_tests.dir/workspace_test_helpers.cpp.o
[ 37%] Building CXX object src/engraving/CMakeFiles/engraving.dir/Unity/unity_18_cxx.cxx.o
[ 37%] Built target muse_update_test_autogen_timestamp_deps
[ 37%] Building CXX object src/engraving/CMakeFiles/engraving.dir/Unity/unity_17_cxx.cxx.o
[ 37%] Building CXX object muse/framework/workspace/tests/CMakeFiles/muse_workspace_tests.dir/environment.cpp.o
[ 37%] Building CXX object src/engraving/CMakeFiles/engraving.dir/Unity/unity_16_cxx.cxx.o
[ 37%] Building CXX object muse/framework/workspace/tests/CMakeFiles/muse_workspace_tests.dir/workspaceconfig_tests.cpp.o
[ 37%] Building CXX object src/engraving/CMakeFiles/engraving.dir/Unity/unity_15_cxx.cxx.o
[ 37%] Linking CXX executable muse_languages_test
[ 37%] Linking CXX executable muse_mpe_test
[ 37%] Built target muse_languages_test
[ 37%] Building CXX object muse/framework/workspace/tests/CMakeFiles/muse_workspace_tests.dir/workspacemanager_tests.cpp.o
[ 37%] Built target muse_mpe_test
[ 37%] Built target appshell_autogen_timestamp_deps
[ 37%] Building CXX object src/engraving/CMakeFiles/engraving.dir/Unity/unity_14_cxx.cxx.o
[ 37%] Built target muse_ui_qml_autogen_timestamp_deps
[ 37%] Building CXX object src/engraving/CMakeFiles/engraving.dir/Unity/unity_13_cxx.cxx.o
[ 37%] Running AUTOMOC file extraction for target muse_graphicaleffects_qml
[ 37%] Generating .qsb/shaders/roundcorners.frag.qsb
[ 37%] Running rcc for resource muse_graphicaleffects_qml_raw_qml_0
[ 37%] Running rcc for resource muse_graphicaleffects_qml_shaders
[ 37%] Running rcc for resource qmake_Muse_GraphicalEffects
[ 37%] Generating .rcc/qmlcache/muse_graphicaleffects_qml_qmlcache_loader.cpp
[ 37%] Running moc --collect-json for target muse_graphicaleffects_qml
[ 37%] Generating meta_types/qt6muse_graphicaleffects_qml_metatypes.json
[ 37%] Automatic QML type registration for target muse_graphicaleffects_qml
[ 37%] Building CXX object src/engraving/CMakeFiles/engraving.dir/Unity/unity_12_cxx.cxx.o
[ 37%] Generating .rcc/qmlcache/muse_graphicaleffects_qml_EffectColorOverlay_qml.cpp, .rcc/qmlcache/muse_graphicaleffects_qml_EffectColorOverlay_qml.cpp.aotstats
[ 37%] Generating .rcc/qmlcache/muse_graphicaleffects_qml_EffectDropShadow_qml.cpp, .rcc/qmlcache/muse_graphicaleffects_qml_EffectDropShadow_qml.cpp.aotstats
[ 37%] Generating .rcc/qmlcache/muse_graphicaleffects_qml_EffectFastBlur_qml.cpp, .rcc/qmlcache/muse_graphicaleffects_qml_EffectFastBlur_qml.cpp.aotstats
[ 37%] Generating .rcc/qmlcache/muse_graphicaleffects_qml_EffectRectangularGlow_qml.cpp, .rcc/qmlcache/muse_graphicaleffects_qml_EffectRectangularGlow_qml.cpp.aotstats
[ 37%] Generating .rcc/qmlcache/muse_graphicaleffects_qml_RoundedCornersEffect_qml.cpp, .rcc/qmlcache/muse_graphicaleffects_qml_RoundedCornersEffect_qml.cpp.aotstats
[ 37%] Building CXX object muse/framework/uicomponents/qml/Muse/GraphicalEffects/CMakeFiles/muse_graphicaleffects_qml.dir/Unity/unity_0_cxx.cxx.o
[ 37%] Building CXX object muse/framework/uicomponents/qml/Muse/GraphicalEffects/CMakeFiles/muse_graphicaleffects_qml.dir/.qt/rcc/qrc_qmake_Muse_GraphicalEffects.cpp.o
[ 37%] Building CXX object muse/framework/uicomponents/qml/Muse/GraphicalEffects/CMakeFiles/muse_graphicaleffects_qml.dir/.qt/rcc/qrc_muse_graphicaleffects_qml_raw_qml_0.cpp.o
[ 37%] Building CXX object muse/framework/uicomponents/qml/Muse/GraphicalEffects/CMakeFiles/muse_graphicaleffects_qml.dir/.qt/rcc/qrc_muse_graphicaleffects_qml_shaders.cpp.o
[ 37%] Linking CXX static library libmuse_graphicaleffects_qml.a
[ 37%] Built target muse_graphicaleffects_qml
[ 37%] Running AUTOMOC file extraction for target muse_uicomponents_qmlapi
[ 37%] Running rcc for resource muse_uicomponents_qmlapi_raw_qml_0
[ 37%] Running rcc for resource muse_uicomponents_qmlapi_raw_qml_0_extra_qmldirs
[ 37%] Running rcc for resource qmake_MuseApi_Controls
[ 37%] Generating .rcc/qmlcache/muse_uicomponents_qmlapi_qmlcache_loader.cpp
[ 37%] Running moc --collect-json for target muse_uicomponents_qmlapi
[ 37%] Generating meta_types/qt6muse_uicomponents_qmlapi_metatypes.json
[ 37%] Automatic QML type registration for target muse_uicomponents_qmlapi
[ 37%] Generating .rcc/qml/Muse/UiComponents/Border_qml.cpp, .rcc/qml/Muse/UiComponents/Border_qml.cpp.aotstats
[ 37%] Generating .rcc/qml/Muse/UiComponents/ButtonBox_qml.cpp, .rcc/qml/Muse/UiComponents/ButtonBox_qml.cpp.aotstats
[ 37%] Generating .rcc/qml/Muse/UiComponents/CheckBox_qml.cpp, .rcc/qml/Muse/UiComponents/CheckBox_qml.cpp.aotstats
[ 37%] Building CXX object src/engraving/CMakeFiles/engraving.dir/Unity/unity_11_cxx.cxx.o
[ 37%] Generating .rcc/qml/Muse/UiComponents/ColorPicker_qml.cpp, .rcc/qml/Muse/UiComponents/ColorPicker_qml.cpp.aotstats
[ 37%] Generating .rcc/qml/Muse/UiComponents/ContextMenuLoader_qml.cpp, .rcc/qml/Muse/UiComponents/ContextMenuLoader_qml.cpp.aotstats
[ 37%] Generating .rcc/qml/Muse/UiComponents/ExpandableBlankSection_qml.cpp, .rcc/qml/Muse/UiComponents/ExpandableBlankSection_qml.cpp.aotstats
[ 37%] Building CXX object src/engraving/CMakeFiles/engraving.dir/Unity/unity_10_cxx.cxx.o
[ 37%] Generating .rcc/qml/Muse/UiComponents/ExpandableBlank_qml.cpp, .rcc/qml/Muse/UiComponents/ExpandableBlank_qml.cpp.aotstats
[ 37%] Generating .rcc/qml/Muse/UiComponents/FilePicker_qml.cpp, .rcc/qml/Muse/UiComponents/FilePicker_qml.cpp.aotstats
[ 37%] Generating .rcc/qml/Muse/UiComponents/FlatButtonMenuIndicatorTriangle_qml.cpp, .rcc/qml/Muse/UiComponents/FlatButtonMenuIndicatorTriangle_qml.cpp.aotstats
[ 37%] Generating .rcc/qml/Muse/UiComponents/FlatButton_qml.cpp, .rcc/qml/Muse/UiComponents/FlatButton_qml.cpp.aotstats
[ 37%] Building CXX object src/engraving/CMakeFiles/engraving.dir/Unity/unity_9_cxx.cxx.o
[ 37%] Generating .rcc/qml/Muse/UiComponents/FlatRadioButtonList_qml.cpp, .rcc/qml/Muse/UiComponents/FlatRadioButtonList_qml.cpp.aotstats
[ 37%] Generating .rcc/qml/Muse/UiComponents/FlatRadioButton_qml.cpp, .rcc/qml/Muse/UiComponents/FlatRadioButton_qml.cpp.aotstats
[ 37%] Generating .rcc/qml/Muse/UiComponents/FlatToggleButton_qml.cpp, .rcc/qml/Muse/UiComponents/FlatToggleButton_qml.cpp.aotstats
[ 37%] Generating .rcc/qml/Muse/UiComponents/FocusableControl_qml.cpp, .rcc/qml/Muse/UiComponents/FocusableControl_qml.cpp.aotstats
[ 37%] Generating .rcc/qml/Muse/UiComponents/FocusableItem_qml.cpp, .rcc/qml/Muse/UiComponents/FocusableItem_qml.cpp.aotstats
[ 37%] Generating .rcc/qml/Muse/UiComponents/GradientRectangle_qml.cpp, .rcc/qml/Muse/UiComponents/GradientRectangle_qml.cpp.aotstats
[ 37%] Generating .rcc/qml/Muse/UiComponents/GridViewSectional_qml.cpp, .rcc/qml/Muse/UiComponents/GridViewSectional_qml.cpp.aotstats
[ 38%] Generating .rcc/qml/Muse/UiComponents/IncrementalPropertyControl_qml.cpp, .rcc/qml/Muse/UiComponents/IncrementalPropertyControl_qml.cpp.aotstats
[ 38%] Generating .rcc/qml/Muse/UiComponents/InfoPanel_qml.cpp, .rcc/qml/Muse/UiComponents/InfoPanel_qml.cpp.aotstats
[ 38%] Generating .rcc/qml/Muse/UiComponents/ListItemBlank_qml.cpp, .rcc/qml/Muse/UiComponents/ListItemBlank_qml.cpp.aotstats
[ 38%] Generating .rcc/qml/Muse/UiComponents/MenuButton_qml.cpp, .rcc/qml/Muse/UiComponents/MenuButton_qml.cpp.aotstats
[ 38%] Generating .rcc/qml/Muse/UiComponents/NumberInputField_qml.cpp, .rcc/qml/Muse/UiComponents/NumberInputField_qml.cpp.aotstats
[ 38%] Generating .rcc/qml/Muse/UiComponents/PageIndicator_qml.cpp, .rcc/qml/Muse/UiComponents/PageIndicator_qml.cpp.aotstats
[ 38%] Generating .rcc/qml/Muse/UiComponents/PageTabButton_qml.cpp, .rcc/qml/Muse/UiComponents/PageTabButton_qml.cpp.aotstats
[ 38%] Generating .rcc/qml/Muse/UiComponents/PopupPanel_qml.cpp, .rcc/qml/Muse/UiComponents/PopupPanel_qml.cpp.aotstats
[ 38%] Generating .rcc/qml/Muse/UiComponents/ProgressBar_qml.cpp, .rcc/qml/Muse/UiComponents/ProgressBar_qml.cpp.aotstats
[ 38%] Built target muse_interactive_autogen_timestamp_deps
[ 38%] Built target muse_accessibility_tests_autogen_timestamp_deps
[ 40%] Building CXX object src/engraving/CMakeFiles/engraving.dir/Unity/unity_8_cxx.cxx.o
[ 40%] Generating .rcc/qml/Muse/UiComponents/ProgressButton_qml.cpp, .rcc/qml/Muse/UiComponents/ProgressButton_qml.cpp.aotstats
[ 40%] Generating .rcc/qml/Muse/UiComponents/RadioButtonGroup_qml.cpp, .rcc/qml/Muse/UiComponents/RadioButtonGroup_qml.cpp.aotstats
[ 40%] Linking CXX static library libplayback.a
[ 40%] Generating .rcc/qml/Muse/UiComponents/RealInputField_qml.cpp, .rcc/qml/Muse/UiComponents/RealInputField_qml.cpp.aotstats
[ 40%] Built target playback
[ 40%] Generating .rcc/qml/Muse/UiComponents/RoundedRadioButton_qml.cpp, .rcc/qml/Muse/UiComponents/RoundedRadioButton_qml.cpp.aotstats
[ 40%] Built target muse_actions_tests_autogen_timestamp_deps
[ 40%] Automatic MOC and UIC for target muse_update_test
[ 40%] Built target muse_update_test_autogen
[ 40%] Building CXX object src/engraving/CMakeFiles/engraving.dir/Unity/unity_7_cxx.cxx.o
[ 40%] Generating .rcc/qml/Muse/UiComponents/RoundedRectangle_qml.cpp, .rcc/qml/Muse/UiComponents/RoundedRectangle_qml.cpp.aotstats
[ 40%] Generating .rcc/qml/Muse/UiComponents/SearchField_qml.cpp, .rcc/qml/Muse/UiComponents/SearchField_qml.cpp.aotstats
[ 40%] Generating .rcc/qml/Muse/UiComponents/SelectMultipleDirectoriesDialog_qml.cpp, .rcc/qml/Muse/UiComponents/SelectMultipleDirectoriesDialog_qml.cpp.aotstats
[ 40%] Generating .rcc/qml/Muse/UiComponents/SeparatorLine_qml.cpp, .rcc/qml/Muse/UiComponents/SeparatorLine_qml.cpp.aotstats
[ 40%] Generating .rcc/qml/Muse/UiComponents/StyledBusyIndicator_qml.cpp, .rcc/qml/Muse/UiComponents/StyledBusyIndicator_qml.cpp.aotstats
[ 40%] Generating .rcc/qml/Muse/UiComponents/StyledDialogView_qml.cpp, .rcc/qml/Muse/UiComponents/StyledDialogView_qml.cpp.aotstats
[ 40%] Generating .rcc/qml/Muse/UiComponents/StyledDropdown_qml.cpp, .rcc/qml/Muse/UiComponents/StyledDropdown_qml.cpp.aotstats
[ 40%] Generating .rcc/qml/Muse/UiComponents/StyledFlickable_qml.cpp, .rcc/qml/Muse/UiComponents/StyledFlickable_qml.cpp.aotstats
[ 40%] Generating .rcc/qml/Muse/UiComponents/StyledGridView_qml.cpp, .rcc/qml/Muse/UiComponents/StyledGridView_qml.cpp.aotstats
[ 40%] Generating .rcc/qml/Muse/UiComponents/StyledGroupBox_qml.cpp, .rcc/qml/Muse/UiComponents/StyledGroupBox_qml.cpp.aotstats
[ 40%] Built target playback_test_autogen_timestamp_deps
[ 40%] Automatic MOC and UIC for target appshell
[ 40%] Generating .rcc/qml/Muse/UiComponents/StyledIconLabel_qml.cpp, .rcc/qml/Muse/UiComponents/StyledIconLabel_qml.cpp.aotstats
[ 40%] Generating .rcc/qml/Muse/UiComponents/StyledListView_qml.cpp, .rcc/qml/Muse/UiComponents/StyledListView_qml.cpp.aotstats
[ 40%] Generating .rcc/qml/Muse/UiComponents/StyledMenuLoader_qml.cpp, .rcc/qml/Muse/UiComponents/StyledMenuLoader_qml.cpp.aotstats
[ 40%] Built target appshell_autogen
[ 40%] Automatic MOC and UIC for target muse_ui_qml
[ 40%] Generating .rcc/qml/Muse/UiComponents/StyledPopupView_qml.cpp, .rcc/qml/Muse/UiComponents/StyledPopupView_qml.cpp.aotstats
[ 40%] Generating .rcc/qml/Muse/UiComponents/StyledScrollBar_qml.cpp, .rcc/qml/Muse/UiComponents/StyledScrollBar_qml.cpp.aotstats
[ 40%] Generating .rcc/qml/Muse/UiComponents/StyledSlider_qml.cpp, .rcc/qml/Muse/UiComponents/StyledSlider_qml.cpp.aotstats
[ 40%] Generating .rcc/qml/Muse/UiComponents/StyledTabBar_qml.cpp, .rcc/qml/Muse/UiComponents/StyledTabBar_qml.cpp.aotstats
[ 40%] Generating .rcc/qml/Muse/UiComponents/StyledTabButton_qml.cpp, .rcc/qml/Muse/UiComponents/StyledTabButton_qml.cpp.aotstats
[ 40%] Built target muse_ui_qml_autogen
[ 40%] Building CXX object src/engraving/CMakeFiles/engraving.dir/Unity/unity_6_cxx.cxx.o
[ 40%] Linking CXX executable muse_audioplugins_test
[ 41%] Generating .rcc/qml/Muse/UiComponents/StyledTextLabel_qml.cpp, .rcc/qml/Muse/UiComponents/StyledTextLabel_qml.cpp.aotstats
[ 41%] Generating .rcc/qml/Muse/UiComponents/StyledToolBarItem_qml.cpp, .rcc/qml/Muse/UiComponents/StyledToolBarItem_qml.cpp.aotstats
[ 41%] Generating .rcc/qml/Muse/UiComponents/StyledToolBarView_qml.cpp, .rcc/qml/Muse/UiComponents/StyledToolBarView_qml.cpp.aotstats
[ 41%] Generating .rcc/qml/Muse/UiComponents/StyledToolTip_qml.cpp, .rcc/qml/Muse/UiComponents/StyledToolTip_qml.cpp.aotstats
[ 41%] Generating .rcc/qml/Muse/UiComponents/StyledTreeView_qml.cpp, .rcc/qml/Muse/UiComponents/StyledTreeView_qml.cpp.aotstats
[ 41%] Generating .rcc/qml/Muse/UiComponents/StyledViewScrollAndZoomArea_qml.cpp, .rcc/qml/Muse/UiComponents/StyledViewScrollAndZoomArea_qml.cpp.aotstats
[ 41%] Generating .rcc/qml/Muse/UiComponents/TextInputArea_qml.cpp, .rcc/qml/Muse/UiComponents/TextInputArea_qml.cpp.aotstats
[ 41%] Generating .rcc/qml/Muse/UiComponents/TextInputField_qml.cpp, .rcc/qml/Muse/UiComponents/TextInputField_qml.cpp.aotstats
[ 41%] Generating .rcc/qml/Muse/UiComponents/TimeInputField_qml.cpp, .rcc/qml/Muse/UiComponents/TimeInputField_qml.cpp.aotstats
[ 41%] Generating .rcc/qml/Muse/UiComponents/ToggleButton_qml.cpp, .rcc/qml/Muse/UiComponents/ToggleButton_qml.cpp.aotstats
[ 41%] Building CXX object src/engraving/CMakeFiles/engraving.dir/Unity/unity_5_cxx.cxx.o
[ 41%] Generating .rcc/qml/Muse/UiComponents/ValueAdjustControl_qml.cpp, .rcc/qml/Muse/UiComponents/ValueAdjustControl_qml.cpp.aotstats
[ 41%] Generating .rcc/qml/Muse/UiComponents/ValueList_qml.cpp, .rcc/qml/Muse/UiComponents/ValueList_qml.cpp.aotstats
[ 41%] Built target muse_audioplugins_test
[ 41%] Built target muse_graphicaleffects_qmlplugin_autogen_timestamp_deps
[ 41%] Generating .rcc/qml/Muse/UiComponents/VisibilityBox_qml.cpp, .rcc/qml/Muse/UiComponents/VisibilityBox_qml.cpp.aotstats
[ 41%] Building CXX object src/engraving/CMakeFiles/engraving.dir/Unity/unity_4_cxx.cxx.o
[ 41%] Generating .rcc/qml/Muse/UiComponents/VisibilityControls_qml.cpp, .rcc/qml/Muse/UiComponents/VisibilityControls_qml.cpp.aotstats
[ 41%] Generating .rcc/qmlcache/muse_uicomponents_qmlapi_ExtensionBlank_qml.cpp, .rcc/qmlcache/muse_uicomponents_qmlapi_ExtensionBlank_qml.cpp.aotstats
[ 41%] Linking CXX static library libmuse_audio_engine.a
[ 41%] Linking CXX executable muse_workspace_tests
[ 41%] Automatic MOC and UIC for target muse_interactive
[ 41%] Building CXX object muse/framework/uicomponents/api/MuseApi/Controls/CMakeFiles/muse_uicomponents_qmlapi.dir/Unity/unity_5_cxx.cxx.o
[ 41%] Built target muse_audio_engine
[ 41%] Building CXX object muse/framework/uicomponents/api/MuseApi/Controls/CMakeFiles/muse_uicomponents_qmlapi.dir/Unity/unity_4_cxx.cxx.o
[ 41%] Building CXX object src/engraving/CMakeFiles/engraving.dir/Unity/unity_3_cxx.cxx.o
[ 41%] Built target muse_interactive_autogen
[ 41%] Building CXX object muse/framework/uicomponents/api/MuseApi/Controls/CMakeFiles/muse_uicomponents_qmlapi.dir/Unity/unity_3_cxx.cxx.o
[ 41%] Built target muse_workspace_tests
[ 41%] Automatic MOC and UIC for target muse_accessibility_tests
[ 41%] Built target muse_accessibility_tests_autogen
[ 41%] Building CXX object src/engraving/CMakeFiles/engraving.dir/Unity/unity_2_cxx.cxx.o
[ 41%] Building CXX object muse/framework/uicomponents/api/MuseApi/Controls/CMakeFiles/muse_uicomponents_qmlapi.dir/Unity/unity_2_cxx.cxx.o
[ 42%] Automatic MOC and UIC for target muse_actions_tests
[ 42%] Built target muse_actions_tests_autogen
[ 42%] Building CXX object muse/framework/update/tests/CMakeFiles/muse_update_test.dir/muse_update_test_autogen/mocs_compilation.cpp.o
[ 42%] Building CXX object muse/framework/update/tests/CMakeFiles/muse_update_test.dir/__/__/testing/gmain.cpp.o
[ 42%] Building CXX object muse/framework/uicomponents/api/MuseApi/Controls/CMakeFiles/muse_uicomponents_qmlapi.dir/Unity/unity_1_cxx.cxx.o
[ 42%] Building CXX object muse/framework/uicomponents/api/MuseApi/Controls/CMakeFiles/muse_uicomponents_qmlapi.dir/Unity/unity_0_cxx.cxx.o
[ 42%] Automatic MOC and UIC for target playback_test
[ 42%] Built target playback_test_autogen
[ 42%] Building CXX object muse/framework/update/tests/CMakeFiles/muse_update_test.dir/__/__/testing/environment.cpp.o
[ 42%] Building CXX object src/engraving/CMakeFiles/engraving.dir/Unity/unity_1_cxx.cxx.o
[ 42%] Building CXX object muse/framework/uicomponents/api/MuseApi/Controls/CMakeFiles/muse_uicomponents_qmlapi.dir/.qt/rcc/qrc_qmake_MuseApi_Controls.cpp.o
[ 42%] Building CXX object src/engraving/CMakeFiles/engraving.dir/Unity/unity_0_cxx.cxx.o
[ 42%] Building CXX object src/engraving/CMakeFiles/engraving.dir/qrc_engraving.cpp.o
[ 42%] Running AUTOMOC file extraction for target appshell
[ 42%] Running rcc for resource appshell_resources
[ 42%] Running moc --collect-json for target appshell
[ 42%] Building CXX object src/appshell/CMakeFiles/appshell.dir/Unity/unity_0_cxx.cxx.o
[ 42%] Building CXX object src/engraving/CMakeFiles/engraving.dir/qrc_fonts_Smufl.cpp.o
[ 42%] Building CXX object src/appshell/CMakeFiles/appshell.dir/.qt/rcc/qrc_appshell_resources.cpp.o
[ 42%] Building CXX object muse/framework/update/tests/CMakeFiles/muse_update_test.dir/appupdateservice_tests.cpp.o
[ 42%] Building CXX object src/engraving/CMakeFiles/engraving.dir/infrastructure/mscreader.cpp.o
[ 42%] Building CXX object src/engraving/CMakeFiles/engraving.dir/infrastructure/mscwriter.cpp.o
[ 42%] Running AUTOMOC file extraction for target muse_ui_qml
[ 42%] Running rcc for resource muse_ui_qml_raw_qml_0
[ 42%] Running rcc for resource qmake_Muse_Ui
[ 42%] Generating .rcc/qmlcache/muse_ui_qml_qmlcache_loader.cpp
[ 42%] Running moc --collect-json for target muse_ui_qml
[ 42%] Generating meta_types/qt6muse_ui_qml_metatypes.json
[ 42%] Automatic QML type registration for target muse_ui_qml
Warning: iconcodes.h:54: char16_t is used as enum type but cannot be found.
Warning: musicalsymbolcodes.h:36: char16_t is used as enum type but cannot be found.
[ 42%] Building CXX object muse/framework/uicomponents/api/MuseApi/Controls/CMakeFiles/muse_uicomponents_qmlapi.dir/.qt/rcc/qrc_muse_uicomponents_qmlapi_raw_qml_0.cpp.o
[ 42%] Generating .rcc/qmlcache/muse_ui_qml_ToolTipProvider_qml.cpp, .rcc/qmlcache/muse_ui_qml_ToolTipProvider_qml.cpp.aotstats
[ 42%] Building CXX object muse/framework/uicomponents/api/MuseApi/Controls/CMakeFiles/muse_uicomponents_qmlapi.dir/.qt/rcc/qrc_muse_uicomponents_qmlapi_raw_qml_0_extra_qmldirs.cpp.o
[ 42%] Linking CXX static library libmuse_uicomponents_qmlapi.a
[ 42%] Building CXX object src/engraving/CMakeFiles/engraving.dir/dom/excerpt.cpp.o
[ 42%] Building CXX object muse/framework/ui/qml/Muse/Ui/CMakeFiles/muse_ui_qml.dir/Unity/unity_1_cxx.cxx.o
[ 42%] Built target muse_uicomponents_qmlapi
[ 42%] Automatic MOC and UIC for target muse_graphicaleffects_qmlplugin
[ 42%] Built target muse_graphicaleffects_qmlplugin_autogen
[ 42%] Building CXX object muse/framework/ui/qml/Muse/Ui/CMakeFiles/muse_ui_qml.dir/Unity/unity_0_cxx.cxx.o
[ 42%] Building CXX object src/engraving/CMakeFiles/engraving.dir/dom/instrument.cpp.o
[ 42%] Built target muse_uicomponents_qmlapiplugin_autogen_timestamp_deps
[ 42%] Building CXX object muse/framework/ui/qml/Muse/Ui/CMakeFiles/muse_ui_qml.dir/.qt/rcc/qrc_qmake_Muse_Ui.cpp.o
[ 42%] Building CXX object src/engraving/CMakeFiles/engraving.dir/dom/part.cpp.o
[ 42%] Running AUTOMOC file extraction for target muse_interactive
[ 42%] Running moc --collect-json for target muse_interactive
[ 42%] Building CXX object muse/framework/interactive/CMakeFiles/muse_interactive.dir/Unity/unity_0_cxx.cxx.o
[ 42%] Building CXX object src/engraving/CMakeFiles/engraving.dir/dom/score.cpp.o
[ 42%] Building CXX object muse/framework/accessibility/tests/CMakeFiles/muse_accessibility_tests.dir/muse_accessibility_tests_autogen/mocs_compilation.cpp.o
[ 42%] Building CXX object muse/framework/accessibility/tests/CMakeFiles/muse_accessibility_tests.dir/__/__/testing/gmain.cpp.o
[ 42%] Building CXX object muse/framework/ui/qml/Muse/Ui/CMakeFiles/muse_ui_qml.dir/.qt/rcc/qrc_muse_ui_qml_raw_qml_0.cpp.o
[ 42%] Building CXX object src/engraving/CMakeFiles/engraving.dir/editing/transpose.cpp.o
[ 42%] Building CXX object muse/framework/accessibility/tests/CMakeFiles/muse_accessibility_tests.dir/__/__/testing/environment.cpp.o
[ 42%] Building CXX object src/engraving/CMakeFiles/engraving.dir/rw/read206/read206.cpp.o
[ 42%] Building CXX object muse/framework/accessibility/tests/CMakeFiles/muse_accessibility_tests.dir/environment.cpp.o
[ 42%] Linking CXX static library libmuse_audio_main.a
[ 42%] Built target muse_audio_main
[ 42%] Building CXX object muse/framework/actions/tests/CMakeFiles/muse_actions_tests.dir/muse_actions_tests_autogen/mocs_compilation.cpp.o
[ 42%] Building CXX object muse/framework/actions/tests/CMakeFiles/muse_actions_tests.dir/__/__/testing/gmain.cpp.o
[ 42%] Building CXX object muse/framework/accessibility/tests/CMakeFiles/muse_accessibility_tests.dir/accessibilitycontroller_tests.cpp.o
[ 42%] Building CXX object src/engraving/CMakeFiles/engraving.dir/rw/read400/readcontext.cpp.o
[ 42%] Building CXX object muse/framework/actions/tests/CMakeFiles/muse_actions_tests.dir/__/__/testing/environment.cpp.o
[ 42%] Building CXX object src/engraving/CMakeFiles/engraving.dir/rw/read400/tread.cpp.o
[ 42%] Built target muse_audio_autogen_timestamp_deps
[ 42%] Building CXX object src/playback/tests/CMakeFiles/playback_test.dir/playback_test_autogen/mocs_compilation.cpp.o
[ 42%] Building CXX object src/playback/tests/CMakeFiles/playback_test.dir/__/__/__/muse/framework/testing/gmain.cpp.o
[ 42%] Building CXX object src/engraving/CMakeFiles/engraving.dir/rw/read400/connectorinforeader.cpp.o
[ 42%] Building CXX object muse/framework/uicomponents/qml/Muse/GraphicalEffects/CMakeFiles/muse_graphicaleffects_qmlplugin.dir/muse_graphicaleffects_qmlplugin_autogen/mocs_compilation.cpp.o
[ 42%] Building CXX object muse/framework/uicomponents/qml/Muse/GraphicalEffects/CMakeFiles/muse_graphicaleffects_qmlplugin.dir/muse_graphicaleffects_qmlplugin_Muse_GraphicalEffectsPlugin.cpp.o
[ 42%] Building CXX object src/engraving/CMakeFiles/engraving.dir/rw/read410/staffread.cpp.o
[ 42%] Building CXX object src/playback/tests/CMakeFiles/playback_test.dir/__/__/__/muse/framework/testing/environment.cpp.o
[ 42%] Building CXX object src/engraving/CMakeFiles/engraving.dir/rw/read410/measureread.cpp.o
[ 42%] Linking CXX static library libmuse_graphicaleffects_qmlplugin.a
[ 42%] Built target muse_graphicaleffects_qmlplugin
[ 42%] Automatic MOC and UIC for target muse_uicomponents_qmlapiplugin
[ 42%] Building CXX object src/engraving/CMakeFiles/engraving.dir/rw/read410/readcontext.cpp.o
[ 42%] Built target muse_uicomponents_qmlapiplugin_autogen
[ 42%] Automatic MOC and UIC for target muse_audio
[ 42%] Linking CXX executable muse_actions_tests
[ 42%] Building CXX object src/engraving/CMakeFiles/engraving.dir/rw/read410/tread.cpp.o
[ 42%] Built target muse_audio_autogen
[ 42%] Building CXX object muse/framework/uicomponents/api/MuseApi/Controls/CMakeFiles/muse_uicomponents_qmlapiplugin.dir/muse_uicomponents_qmlapiplugin_autogen/mocs_compilation.cpp.o
[ 42%] Building CXX object muse/framework/uicomponents/api/MuseApi/Controls/CMakeFiles/muse_uicomponents_qmlapiplugin.dir/muse_uicomponents_qmlapiplugin_MuseApi_ControlsPlugin.cpp.o
[ 42%] Built target muse_actions_tests
[ 42%] Building CXX object src/engraving/CMakeFiles/engraving.dir/rw/read410/connectorinforeader.cpp.o
[ 42%] Linking CXX executable muse_update_test
[ 42%] Linking CXX executable playback_test
[ 42%] Built target muse_update_test
[ 42%] Running AUTOMOC file extraction for target muse_audio
[ 42%] Running moc --collect-json for target muse_audio
[ 42%] Building CXX object muse/framework/audio/CMakeFiles/muse_audio.dir/Unity/unity_0_cxx.cxx.o
[ 42%] Linking CXX static library libmuse_uicomponents_qmlapiplugin.a
[ 42%] Built target muse_uicomponents_qmlapiplugin
[ 42%] Building CXX object src/engraving/CMakeFiles/engraving.dir/rw/read460/staffread.cpp.o
[ 42%] Built target playback_test
[ 42%] Building CXX object src/engraving/CMakeFiles/engraving.dir/rw/read460/measureread.cpp.o
[ 42%] Linking CXX static library libmuse_ui_qml.a
[ 42%] Built target muse_ui_qml
[ 42%] Built target muse_ui_tests_autogen_timestamp_deps
[ 42%] Building CXX object src/engraving/CMakeFiles/engraving.dir/rw/read460/readcontext.cpp.o
[ 42%] Linking CXX static library libmuse_audio.a
[ 42%] Built target muse_audio
[ 42%] Built target muse_ui_qmlplugin_autogen_timestamp_deps
[ 42%] Building CXX object src/engraving/CMakeFiles/engraving.dir/rw/read460/tread.cpp.o
[ 42%] Automatic MOC and UIC for target muse_ui_tests
[ 42%] Built target muse_ui_tests_autogen
[ 42%] Built target muse_ui_qml_tests_autogen_timestamp_deps
[ 43%] Building CXX object src/engraving/CMakeFiles/engraving.dir/rw/read460/connectorinforeader.cpp.o
[ 43%] Building CXX object src/engraving/CMakeFiles/engraving.dir/rw/read500/staffread.cpp.o
[ 43%] Built target muse_uicomponents_qml_autogen_timestamp_deps
[ 43%] Automatic MOC and UIC for target muse_ui_qmlplugin
[ 43%] Built target muse_ui_qmlplugin_autogen
[ 43%] Automatic MOC and UIC for target muse_ui_qml_tests
[ 43%] Built target muse_ui_qml_tests_autogen
[ 43%] Automatic MOC and UIC for target muse_uicomponents_qml
[ 43%] Building CXX object src/engraving/CMakeFiles/engraving.dir/rw/read500/measureread.cpp.o
[ 43%] Built target muse_uicomponents_qml_autogen
[ 43%] Building CXX object muse/framework/ui/qml/Muse/Ui/CMakeFiles/muse_ui_qmlplugin.dir/muse_ui_qmlplugin_autogen/mocs_compilation.cpp.o
[ 43%] Building CXX object muse/framework/ui/qml/Muse/Ui/CMakeFiles/muse_ui_qmlplugin.dir/muse_ui_qmlplugin_Muse_UiPlugin.cpp.o
[ 43%] Building CXX object src/engraving/CMakeFiles/engraving.dir/rw/read500/readcontext.cpp.o
[ 43%] Building CXX object src/engraving/CMakeFiles/engraving.dir/rw/read500/tread.cpp.o
[ 43%] Running AUTOMOC file extraction for target muse_uicomponents_qml
[ 44%] Running rcc for resource muse_uicomponents_qml_raw_qml_0
[ 44%] Running rcc for resource muse_uicomponents_qml_raw_qml_0_extra_qmldirs
[ 44%] Running rcc for resource muse_uicomponents_qml_raw_qml_1
[ 44%] Running rcc for resource qmake_Muse_UiComponents
[ 44%] Generating .rcc/qmlcache/muse_uicomponents_qml_qmlcache_loader.cpp
[ 44%] Running moc --collect-json for target muse_uicomponents_qml
[ 44%] Generating meta_types/qt6muse_uicomponents_qml_metatypes.json
[ 44%] Automatic QML type registration for target muse_uicomponents_qml
[ 44%] Generating .rcc/qmlcache/muse_uicomponents_qml_Border_qml.cpp, .rcc/qmlcache/muse_uicomponents_qml_Border_qml.cpp.aotstats
[ 44%] Generating .rcc/qmlcache/muse_uicomponents_qml_ButtonBox_qml.cpp, .rcc/qmlcache/muse_uicomponents_qml_ButtonBox_qml.cpp.aotstats
[ 44%] Linking CXX static library libmuse_ui_qmlplugin.a
[ 44%] Built target muse_ui_qmlplugin
[ 44%] Generating .rcc/qmlcache/muse_uicomponents_qml_CheckBox_qml.cpp, .rcc/qmlcache/muse_uicomponents_qml_CheckBox_qml.cpp.aotstats
[ 44%] Building CXX object muse/framework/ui/tests/CMakeFiles/muse_ui_tests.dir/muse_ui_tests_autogen/mocs_compilation.cpp.o
[ 44%] Building CXX object muse/framework/ui/tests/CMakeFiles/muse_ui_tests.dir/__/__/testing/gmain.cpp.o
[ 44%] Generating .rcc/qmlcache/muse_uicomponents_qml_ColorPicker_qml.cpp, .rcc/qmlcache/muse_uicomponents_qml_ColorPicker_qml.cpp.aotstats
[ 44%] Generating .rcc/qmlcache/muse_uicomponents_qml_ContextMenuLoader_qml.cpp, .rcc/qmlcache/muse_uicomponents_qml_ContextMenuLoader_qml.cpp.aotstats
[ 44%] Generating .rcc/qmlcache/muse_uicomponents_qml_ExpandableBlankSection_qml.cpp, .rcc/qmlcache/muse_uicomponents_qml_ExpandableBlankSection_qml.cpp.aotstats
[ 44%] Building CXX object muse/framework/ui/tests/CMakeFiles/muse_ui_tests.dir/__/__/testing/environment.cpp.o
[ 44%] Generating .rcc/qmlcache/muse_uicomponents_qml_ExpandableBlank_qml.cpp, .rcc/qmlcache/muse_uicomponents_qml_ExpandableBlank_qml.cpp.aotstats
[ 44%] Generating .rcc/qmlcache/muse_uicomponents_qml_FilePicker_qml.cpp, .rcc/qmlcache/muse_uicomponents_qml_FilePicker_qml.cpp.aotstats
[ 44%] Generating .rcc/qmlcache/muse_uicomponents_qml_FlatButtonMenuIndicatorTriangle_qml.cpp, .rcc/qmlcache/muse_uicomponents_qml_FlatButtonMenuIndicatorTriangle_qml.cpp.aotstats
[ 44%] Building CXX object src/engraving/CMakeFiles/engraving.dir/rw/read500/connectorinforeader.cpp.o
[ 44%] Generating .rcc/qmlcache/muse_uicomponents_qml_FlatButton_qml.cpp, .rcc/qmlcache/muse_uicomponents_qml_FlatButton_qml.cpp.aotstats
[ 44%] Generating .rcc/qmlcache/muse_uicomponents_qml_FlatRadioButtonList_qml.cpp, .rcc/qmlcache/muse_uicomponents_qml_FlatRadioButtonList_qml.cpp.aotstats
[ 44%] Building CXX object muse/framework/ui/tests/CMakeFiles/muse_ui_tests.dir/environment.cpp.o
[ 44%] Generating .rcc/qmlcache/muse_uicomponents_qml_FlatRadioButton_qml.cpp, .rcc/qmlcache/muse_uicomponents_qml_FlatRadioButton_qml.cpp.aotstats
[ 44%] Generating .rcc/qmlcache/muse_uicomponents_qml_FlatToggleButton_qml.cpp, .rcc/qmlcache/muse_uicomponents_qml_FlatToggleButton_qml.cpp.aotstats
[ 44%] Generating .rcc/qmlcache/muse_uicomponents_qml_FocusableControl_qml.cpp, .rcc/qmlcache/muse_uicomponents_qml_FocusableControl_qml.cpp.aotstats
[ 44%] Building CXX object muse/framework/ui/qml/Muse/Ui/tests/CMakeFiles/muse_ui_qml_tests.dir/muse_ui_qml_tests_autogen/mocs_compilation.cpp.o
[ 44%] Building CXX object muse/framework/ui/qml/Muse/Ui/tests/CMakeFiles/muse_ui_qml_tests.dir/__/__/__/__/__/testing/gmain.cpp.o
[ 44%] Generating .rcc/qmlcache/muse_uicomponents_qml_FocusableItem_qml.cpp, .rcc/qmlcache/muse_uicomponents_qml_FocusableItem_qml.cpp.aotstats
[ 44%] Building CXX object muse/framework/ui/tests/CMakeFiles/muse_ui_tests.dir/navigationcontroller_tests.cpp.o
[ 44%] Generating .rcc/qmlcache/muse_uicomponents_qml_FontDropdown_qml.cpp, .rcc/qmlcache/muse_uicomponents_qml_FontDropdown_qml.cpp.aotstats
[ 44%] Building CXX object muse/framework/ui/qml/Muse/Ui/tests/CMakeFiles/muse_ui_qml_tests.dir/__/__/__/__/__/testing/environment.cpp.o
[ 44%] Generating .rcc/qmlcache/muse_uicomponents_qml_GradientRectangle_qml.cpp, .rcc/qmlcache/muse_uicomponents_qml_GradientRectangle_qml.cpp.aotstats
[ 44%] Generating .rcc/qmlcache/muse_uicomponents_qml_GridViewSectional_qml.cpp, .rcc/qmlcache/muse_uicomponents_qml_GridViewSectional_qml.cpp.aotstats
[ 44%] Generating .rcc/qmlcache/muse_uicomponents_qml_IncrementalPropertyControl_qml.cpp, .rcc/qmlcache/muse_uicomponents_qml_IncrementalPropertyControl_qml.cpp.aotstats
[ 44%] Building CXX object src/engraving/CMakeFiles/engraving.dir/style/style.cpp.o
[ 44%] Generating .rcc/qmlcache/muse_uicomponents_qml_InfoPanel_qml.cpp, .rcc/qmlcache/muse_uicomponents_qml_InfoPanel_qml.cpp.aotstats
[ 44%] Generating .rcc/qmlcache/muse_uicomponents_qml_ListItemBlank_qml.cpp, .rcc/qmlcache/muse_uicomponents_qml_ListItemBlank_qml.cpp.aotstats
[ 44%] Generating .rcc/qmlcache/muse_uicomponents_qml_MenuButton_qml.cpp, .rcc/qmlcache/muse_uicomponents_qml_MenuButton_qml.cpp.aotstats
[ 45%] Generating .rcc/qmlcache/muse_uicomponents_qml_NavigationFocusBorder_qml.cpp, .rcc/qmlcache/muse_uicomponents_qml_NavigationFocusBorder_qml.cpp.aotstats
[ 45%] Generating .rcc/qmlcache/muse_uicomponents_qml_NumberInputField_qml.cpp, .rcc/qmlcache/muse_uicomponents_qml_NumberInputField_qml.cpp.aotstats
[ 45%] Generating .rcc/qmlcache/muse_uicomponents_qml_PageIndicator_qml.cpp, .rcc/qmlcache/muse_uicomponents_qml_PageIndicator_qml.cpp.aotstats
[ 45%] Generating .rcc/qmlcache/muse_uicomponents_qml_PageTabButton_qml.cpp, .rcc/qmlcache/muse_uicomponents_qml_PageTabButton_qml.cpp.aotstats
[ 45%] Generating .rcc/qmlcache/muse_uicomponents_qml_PopupButton_qml.cpp, .rcc/qmlcache/muse_uicomponents_qml_PopupButton_qml.cpp.aotstats
[ 45%] Building CXX object muse/framework/ui/tests/CMakeFiles/muse_ui_tests.dir/themeconverter_tests.cpp.o
[ 45%] Generating .rcc/qmlcache/muse_uicomponents_qml_PopupPanel_qml.cpp, .rcc/qmlcache/muse_uicomponents_qml_PopupPanel_qml.cpp.aotstats
[ 45%] Building CXX object src/engraving/CMakeFiles/engraving.dir/api/v1/engravingapiv1.cpp.o
[ 45%] Generating .rcc/qmlcache/muse_uicomponents_qml_ProgressBar_qml.cpp, .rcc/qmlcache/muse_uicomponents_qml_ProgressBar_qml.cpp.aotstats
[ 45%] Generating .rcc/qmlcache/muse_uicomponents_qml_ProgressButton_qml.cpp, .rcc/qmlcache/muse_uicomponents_qml_ProgressButton_qml.cpp.aotstats
[ 45%] Generating .rcc/qmlcache/muse_uicomponents_qml_RadioButtonGroup_qml.cpp, .rcc/qmlcache/muse_uicomponents_qml_RadioButtonGroup_qml.cpp.aotstats
[ 45%] Generating .rcc/qmlcache/muse_uicomponents_qml_RealInputField_qml.cpp, .rcc/qmlcache/muse_uicomponents_qml_RealInputField_qml.cpp.aotstats
[ 45%] Generating .rcc/qmlcache/muse_uicomponents_qml_RoundedRadioButton_qml.cpp, .rcc/qmlcache/muse_uicomponents_qml_RoundedRadioButton_qml.cpp.aotstats
[ 45%] Building CXX object muse/framework/ui/qml/Muse/Ui/tests/CMakeFiles/muse_ui_qml_tests.dir/qmltooltip_tests.cpp.o
[ 45%] Generating .rcc/qmlcache/muse_uicomponents_qml_RoundedRectangle_qml.cpp, .rcc/qmlcache/muse_uicomponents_qml_RoundedRectangle_qml.cpp.aotstats
[ 45%] Generating .rcc/qmlcache/muse_uicomponents_qml_SearchField_qml.cpp, .rcc/qmlcache/muse_uicomponents_qml_SearchField_qml.cpp.aotstats
[ 45%] Building CXX object src/engraving/CMakeFiles/engraving.dir/api/v1/qmlpluginapi.cpp.o
[ 45%] Linking CXX static library libappshell.a
[ 45%] Generating .rcc/qmlcache/muse_uicomponents_qml_SelectMultipleDirectoriesDialog_qml.cpp, .rcc/qmlcache/muse_uicomponents_qml_SelectMultipleDirectoriesDialog_qml.cpp.aotstats
[ 45%] Built target appshell
[ 45%] Building CXX object src/engraving/CMakeFiles/engraving.dir/api/v1/enums.cpp.o
[ 45%] Generating .rcc/qmlcache/muse_uicomponents_qml_SeparatorLine_qml.cpp, .rcc/qmlcache/muse_uicomponents_qml_SeparatorLine_qml.cpp.aotstats
[ 45%] Building CXX object src/engraving/CMakeFiles/engraving.dir/api/v1/apistructs.cpp.o
[ 45%] Generating .rcc/qmlcache/muse_uicomponents_qml_StyledBusyIndicator_qml.cpp, .rcc/qmlcache/muse_uicomponents_qml_StyledBusyIndicator_qml.cpp.aotstats
[ 45%] Generating .rcc/qmlcache/muse_uicomponents_qml_StyledDialogView_qml.cpp, .rcc/qmlcache/muse_uicomponents_qml_StyledDialogView_qml.cpp.aotstats
[ 45%] Generating .rcc/qmlcache/muse_uicomponents_qml_StyledDropdown_qml.cpp, .rcc/qmlcache/muse_uicomponents_qml_StyledDropdown_qml.cpp.aotstats
[ 45%] Generating .rcc/qmlcache/muse_uicomponents_qml_StyledFlickable_qml.cpp, .rcc/qmlcache/muse_uicomponents_qml_StyledFlickable_qml.cpp.aotstats
[ 45%] Generating .rcc/qmlcache/muse_uicomponents_qml_StyledGridView_qml.cpp, .rcc/qmlcache/muse_uicomponents_qml_StyledGridView_qml.cpp.aotstats
[ 45%] Building CXX object src/engraving/CMakeFiles/engraving.dir/api/v1/scoreelement.cpp.o
[ 45%] Generating .rcc/qmlcache/muse_uicomponents_qml_StyledGroupBox_qml.cpp, .rcc/qmlcache/muse_uicomponents_qml_StyledGroupBox_qml.cpp.aotstats
[ 45%] Generating .rcc/qmlcache/muse_uicomponents_qml_StyledIconLabel_qml.cpp, .rcc/qmlcache/muse_uicomponents_qml_StyledIconLabel_qml.cpp.aotstats
[ 45%] Generating .rcc/qmlcache/muse_uicomponents_qml_StyledListView_qml.cpp, .rcc/qmlcache/muse_uicomponents_qml_StyledListView_qml.cpp.aotstats
[ 45%] Building CXX object src/engraving/CMakeFiles/engraving.dir/api/v1/elements.cpp.o
[ 45%] Generating .rcc/qmlcache/muse_uicomponents_qml_StyledMenuLoader_qml.cpp, .rcc/qmlcache/muse_uicomponents_qml_StyledMenuLoader_qml.cpp.aotstats
[ 45%] Building CXX object src/engraving/CMakeFiles/engraving.dir/api/v1/score.cpp.o
[ 45%] Generating .rcc/qmlcache/muse_uicomponents_qml_StyledPopupLoader_qml.cpp, .rcc/qmlcache/muse_uicomponents_qml_StyledPopupLoader_qml.cpp.aotstats
[ 45%] Generating .rcc/qmlcache/muse_uicomponents_qml_StyledPopupView_qml.cpp, .rcc/qmlcache/muse_uicomponents_qml_StyledPopupView_qml.cpp.aotstats
[ 45%] Generating .rcc/qmlcache/muse_uicomponents_qml_StyledRectangularShadow_qml.cpp
[ 45%] Building CXX object src/engraving/CMakeFiles/engraving.dir/api/v1/style.cpp.o
[ 45%] Building CXX object src/engraving/CMakeFiles/engraving.dir/api/v1/excerpt.cpp.o
[ 45%] Generating .rcc/qmlcache/muse_uicomponents_qml_StyledScrollBar_qml.cpp, .rcc/qmlcache/muse_uicomponents_qml_StyledScrollBar_qml.cpp.aotstats
[ 45%] Generating .rcc/qmlcache/muse_uicomponents_qml_StyledSlider_qml.cpp, .rcc/qmlcache/muse_uicomponents_qml_StyledSlider_qml.cpp.aotstats
[ 45%] Generating .rcc/qmlcache/muse_uicomponents_qml_StyledTabBar_qml.cpp, .rcc/qmlcache/muse_uicomponents_qml_StyledTabBar_qml.cpp.aotstats
[ 45%] Generating .rcc/qmlcache/muse_uicomponents_qml_StyledTabButton_qml.cpp, .rcc/qmlcache/muse_uicomponents_qml_StyledTabButton_qml.cpp.aotstats
[ 45%] Generating .rcc/qmlcache/muse_uicomponents_qml_StyledTableView_qml.cpp, .rcc/qmlcache/muse_uicomponents_qml_StyledTableView_qml.cpp.aotstats
[ 45%] Building CXX object src/engraving/CMakeFiles/engraving.dir/api/v1/cursor.cpp.o
[ 45%] Generating .rcc/qmlcache/muse_uicomponents_qml_StyledTextLabel_qml.cpp, .rcc/qmlcache/muse_uicomponents_qml_StyledTextLabel_qml.cpp.aotstats
[ 46%] Generating .rcc/qmlcache/muse_uicomponents_qml_StyledToolBarItem_qml.cpp, .rcc/qmlcache/muse_uicomponents_qml_StyledToolBarItem_qml.cpp.aotstats
[ 46%] Building CXX object src/engraving/CMakeFiles/engraving.dir/api/v1/part.cpp.o
[ 46%] Generating .rcc/qmlcache/muse_uicomponents_qml_StyledToolBarView_qml.cpp, .rcc/qmlcache/muse_uicomponents_qml_StyledToolBarView_qml.cpp.aotstats
[ 46%] Generating .rcc/qmlcache/muse_uicomponents_qml_StyledToolTip_qml.cpp, .rcc/qmlcache/muse_uicomponents_qml_StyledToolTip_qml.cpp.aotstats
[ 46%] Generating .rcc/qmlcache/muse_uicomponents_qml_StyledTreeView_qml.cpp, .rcc/qmlcache/muse_uicomponents_qml_StyledTreeView_qml.cpp.aotstats
[ 46%] Generating .rcc/qmlcache/muse_uicomponents_qml_StyledViewScrollAndZoomArea_qml.cpp, .rcc/qmlcache/muse_uicomponents_qml_StyledViewScrollAndZoomArea_qml.cpp.aotstats
[ 46%] Generating .rcc/qmlcache/muse_uicomponents_qml_TextInputArea_qml.cpp, .rcc/qmlcache/muse_uicomponents_qml_TextInputArea_qml.cpp.aotstats
[ 46%] Generating .rcc/qmlcache/muse_uicomponents_qml_TextInputField_qml.cpp, .rcc/qmlcache/muse_uicomponents_qml_TextInputField_qml.cpp.aotstats
[ 46%] Generating .rcc/qmlcache/muse_uicomponents_qml_TimeInputField_qml.cpp, .rcc/qmlcache/muse_uicomponents_qml_TimeInputField_qml.cpp.aotstats
[ 46%] Generating .rcc/qmlcache/muse_uicomponents_qml_ToggleButton_qml.cpp, .rcc/qmlcache/muse_uicomponents_qml_ToggleButton_qml.cpp.aotstats
[ 46%] Generating .rcc/qmlcache/muse_uicomponents_qml_Utils_mjs.cpp
[ 46%] Building CXX object src/engraving/CMakeFiles/engraving.dir/api/v1/instrument.cpp.o
[ 46%] Generating .rcc/qmlcache/muse_uicomponents_qml_ValueAdjustControl_qml.cpp, .rcc/qmlcache/muse_uicomponents_qml_ValueAdjustControl_qml.cpp.aotstats
[ 46%] Generating .rcc/qmlcache/muse_uicomponents_qml_ValueList_qml.cpp, .rcc/qmlcache/muse_uicomponents_qml_ValueList_qml.cpp.aotstats
[ 46%] Generating .rcc/qmlcache/muse_uicomponents_qml_VisibilityBox_qml.cpp, .rcc/qmlcache/muse_uicomponents_qml_VisibilityBox_qml.cpp.aotstats
[ 46%] Generating .rcc/qmlcache/muse_uicomponents_qml_VisibilityControls_qml.cpp, .rcc/qmlcache/muse_uicomponents_qml_VisibilityControls_qml.cpp.aotstats
[ 46%] Linking CXX executable muse_accessibility_tests
[ 46%] Generating .rcc/qmlcache/muse_uicomponents_qml_internal/ArrowScrollButton_qml.cpp, .rcc/qmlcache/muse_uicomponents_qml_internal/ArrowScrollButton_qml.cpp.aotstats
[ 46%] Generating .rcc/qmlcache/muse_uicomponents_qml_internal/DirectoriesTopPanel_qml.cpp, .rcc/qmlcache/muse_uicomponents_qml_internal/DirectoriesTopPanel_qml.cpp.aotstats
[ 46%] Generating .rcc/qmlcache/muse_uicomponents_qml_internal/DirectoriesView_qml.cpp, .rcc/qmlcache/muse_uicomponents_qml_internal/DirectoriesView_qml.cpp.aotstats
[ 46%] Generating .rcc/qmlcache/muse_uicomponents_qml_internal/GridViewDelegate_qml.cpp, .rcc/qmlcache/muse_uicomponents_qml_internal/GridViewDelegate_qml.cpp.aotstats
[ 46%] Generating .rcc/qmlcache/muse_uicomponents_qml_internal/GridViewSection_qml.cpp, .rcc/qmlcache/muse_uicomponents_qml_internal/GridViewSection_qml.cpp.aotstats
[ 46%] Linking CXX static library libmuse_interactive.a
[ 46%] Generating .rcc/qmlcache/muse_uicomponents_qml_internal/MenuMetrics_qml.cpp, .rcc/qmlcache/muse_uicomponents_qml_internal/MenuMetrics_qml.cpp.aotstats
[ 46%] Built target muse_interactive
[ 46%] Generating .rcc/qmlcache/muse_uicomponents_qml_internal/PopupContent_qml.cpp, .rcc/qmlcache/muse_uicomponents_qml_internal/PopupContent_qml.cpp.aotstats
[ 46%] Building CXX object src/engraving/CMakeFiles/engraving.dir/api/v1/playevent.cpp.o
[ 46%] Generating .rcc/qmlcache/muse_uicomponents_qml_internal/StyledDropdownLoader_qml.cpp, .rcc/qmlcache/muse_uicomponents_qml_internal/StyledDropdownLoader_qml.cpp.aotstats
[ 46%] Building CXX object src/engraving/CMakeFiles/engraving.dir/api/v1/selection.cpp.o
[ 46%] Generating .rcc/qmlcache/muse_uicomponents_qml_internal/StyledDropdownView_qml.cpp, .rcc/qmlcache/muse_uicomponents_qml_internal/StyledDropdownView_qml.cpp.aotstats
[ 46%] Building CXX object src/engraving/CMakeFiles/engraving.dir/api/v1/util.cpp.o
[ 46%] Built target muse_accessibility_tests
[ 46%] Generating .rcc/qmlcache/muse_uicomponents_qml_internal/StyledMenuItem_qml.cpp, .rcc/qmlcache/muse_uicomponents_qml_internal/StyledMenuItem_qml.cpp.aotstats
[ 46%] Generating .rcc/qmlcache/muse_uicomponents_qml_internal/StyledMenu_qml.cpp, .rcc/qmlcache/muse_uicomponents_qml_internal/StyledMenu_qml.cpp.aotstats
[ 46%] Generating .rcc/qmlcache/muse_uicomponents_qml_internal/StyledTableViewCell_qml.cpp, .rcc/qmlcache/muse_uicomponents_qml_internal/StyledTableViewCell_qml.cpp.aotstats
[ 46%] Generating .rcc/qmlcache/muse_uicomponents_qml_internal/StyledTableViewColumn_qml.cpp, .rcc/qmlcache/muse_uicomponents_qml_internal/StyledTableViewColumn_qml.cpp.aotstats
[ 46%] Generating .rcc/qmlcache/muse_uicomponents_qml_internal/ValueListHeaderItem_qml.cpp, .rcc/qmlcache/muse_uicomponents_qml_internal/ValueListHeaderItem_qml.cpp.aotstats
[ 46%] Generating .rcc/qmlcache/muse_uicomponents_qml_internal/ValueListItem_qml.cpp, .rcc/qmlcache/muse_uicomponents_qml_internal/ValueListItem_qml.cpp.aotstats
[ 46%] Generating .rcc/qmlcache/muse_uicomponents_qml_internal/ViewScrollBar_qml.cpp, .rcc/qmlcache/muse_uicomponents_qml_internal/ViewScrollBar_qml.cpp.aotstats
[ 46%] Building CXX object muse/framework/uicomponents/qml/Muse/UiComponents/CMakeFiles/muse_uicomponents_qml.dir/Unity/unity_10_cxx.cxx.o
[ 46%] Building CXX object muse/framework/uicomponents/qml/Muse/UiComponents/CMakeFiles/muse_uicomponents_qml.dir/Unity/unity_8_cxx.cxx.o
[ 46%] Building CXX object muse/framework/uicomponents/qml/Muse/UiComponents/CMakeFiles/muse_uicomponents_qml.dir/Unity/unity_9_cxx.cxx.o
[ 46%] Building CXX object muse/framework/uicomponents/qml/Muse/UiComponents/CMakeFiles/muse_uicomponents_qml.dir/Unity/unity_7_cxx.cxx.o
[ 46%] Building CXX object muse/framework/uicomponents/qml/Muse/UiComponents/CMakeFiles/muse_uicomponents_qml.dir/Unity/unity_6_cxx.cxx.o
[ 46%] Building CXX object muse/framework/uicomponents/qml/Muse/UiComponents/CMakeFiles/muse_uicomponents_qml.dir/Unity/unity_5_cxx.cxx.o
[ 46%] Building CXX object muse/framework/uicomponents/qml/Muse/UiComponents/CMakeFiles/muse_uicomponents_qml.dir/Unity/unity_4_cxx.cxx.o
[ 46%] Building CXX object muse/framework/uicomponents/qml/Muse/UiComponents/CMakeFiles/muse_uicomponents_qml.dir/Unity/unity_3_cxx.cxx.o
[ 46%] Linking CXX executable muse_ui_tests
[ 46%] Building CXX object muse/framework/uicomponents/qml/Muse/UiComponents/CMakeFiles/muse_uicomponents_qml.dir/Unity/unity_2_cxx.cxx.o
[ 46%] Building CXX object muse/framework/uicomponents/qml/Muse/UiComponents/CMakeFiles/muse_uicomponents_qml.dir/Unity/unity_1_cxx.cxx.o
[ 46%] Building CXX object muse/framework/uicomponents/qml/Muse/UiComponents/CMakeFiles/muse_uicomponents_qml.dir/Unity/unity_0_cxx.cxx.o
[ 46%] Building CXX object muse/framework/uicomponents/qml/Muse/UiComponents/CMakeFiles/muse_uicomponents_qml.dir/.qt/rcc/qrc_qmake_Muse_UiComponents.cpp.o
[ 46%] Building CXX object muse/framework/uicomponents/qml/Muse/UiComponents/CMakeFiles/muse_uicomponents_qml.dir/.qt/rcc/qrc_muse_uicomponents_qml_raw_qml_0.cpp.o
[ 46%] Building CXX object muse/framework/uicomponents/qml/Muse/UiComponents/CMakeFiles/muse_uicomponents_qml.dir/.qt/rcc/qrc_muse_uicomponents_qml_raw_qml_0_extra_qmldirs.cpp.o
[ 46%] Building CXX object muse/framework/uicomponents/qml/Muse/UiComponents/CMakeFiles/muse_uicomponents_qml.dir/.qt/rcc/qrc_muse_uicomponents_qml_raw_qml_1.cpp.o
[ 46%] Linking CXX executable muse_ui_qml_tests
[ 46%] Built target muse_ui_tests
[ 46%] Built target muse_ui_qml_tests
[ 46%] Linking CXX static library libmuse_uicomponents_qml.a
[ 46%] Built target muse_uicomponents_qml
[ 46%] Built target muse_legacytreeview_qml_autogen_timestamp_deps
[ 46%] Built target muse_dockwindow_qml_autogen_timestamp_deps
[ 46%] Built target muse_uicomponents_qml_tests_autogen_timestamp_deps
[ 46%] Built target muse_testflow_qml_autogen_timestamp_deps
[ 46%] Built target muse_diagnostics_qml_autogen_timestamp_deps
[ 46%] Built target muse_mpe_qml_autogen_timestamp_deps
[ 46%] Built target muse_midiremote_qml_autogen_timestamp_deps
[ 46%] Built target muse_rcommand_qml_autogen_timestamp_deps
[ 46%] Built target muse_extensions_qml_autogen_timestamp_deps
[ 46%] Built target muse_uicomponents_qmlplugin_autogen_timestamp_deps
[ 46%] Built target muse_cloud_qml_autogen_timestamp_deps
[ 46%] Built target muse_automation_qml_autogen_timestamp_deps
[ 46%] Built target muse_multiwindows_qml_autogen_timestamp_deps
[ 46%] Built target muse_tours_qml_autogen_timestamp_deps
[ 46%] Built target muse_interactive_qml_autogen_timestamp_deps
[ 46%] Built target muse_learn_qml_autogen_timestamp_deps
[ 46%] Built target muse_update_qml_autogen_timestamp_deps
[ 46%] Built target muse_workspace_qml_autogen_timestamp_deps
[ 46%] Built target muse_shortcuts_qml_autogen_timestamp_deps
[ 46%] Built target musesounds_qml_autogen_timestamp_deps
[ 46%] Automatic MOC and UIC for target muse_testflow_qml
[ 46%] Automatic MOC and UIC for target muse_legacytreeview_qml
[ 46%] Automatic MOC and UIC for target muse_mpe_qml
[ 46%] Automatic MOC and UIC for target muse_dockwindow_qml
[ 46%] Automatic MOC and UIC for target muse_midiremote_qml
[ 46%] Built target propertiespanel_qml_autogen_timestamp_deps
[ 46%] Automatic MOC and UIC for target muse_multiwindows_qml
[ 46%] Automatic MOC and UIC for target muse_uicomponents_qml_tests
[ 46%] Built target preferences_qml_autogen_timestamp_deps
[ 46%] Automatic MOC and UIC for target muse_update_qml
[ 46%] Automatic MOC and UIC for target muse_rcommand_qml
[ 46%] Automatic MOC and UIC for target muse_diagnostics_qml
[ 46%] Automatic MOC and UIC for target muse_tours_qml
[ 46%] Automatic MOC and UIC for target muse_uicomponents_qmlplugin
[ 46%] Automatic MOC and UIC for target muse_extensions_qml
[ 46%] Automatic MOC and UIC for target muse_automation_qml
[ 46%] Automatic MOC and UIC for target muse_interactive_qml
[ 46%] Automatic MOC and UIC for target muse_learn_qml
[ 46%] Automatic MOC and UIC for target muse_shortcuts_qml
[ 46%] Automatic MOC and UIC for target muse_cloud_qml
[ 46%] Automatic MOC and UIC for target muse_workspace_qml
[ 46%] Built target muse_automation_qml_autogen
[ 46%] Built target muse_uicomponents_qml_tests_autogen
[ 46%] Automatic MOC and UIC for target propertiespanel_qml
[ 46%] Automatic MOC and UIC for target musesounds_qml
[ 46%] Built target muse_uicomponents_qmlplugin_autogen
[ 46%] Automatic MOC and UIC for target preferences_qml
[ 46%] Built target muse_tours_qml_autogen
[ 46%] Built target muse_learn_qml_autogen
[ 46%] Building CXX object muse/framework/uicomponents/qml/Muse/UiComponents/CMakeFiles/muse_uicomponents_qmlplugin.dir/muse_uicomponents_qmlplugin_autogen/mocs_compilation.cpp.o
[ 46%] Running AUTOMOC file extraction for target muse_automation_qml
[ 46%] Running rcc for resource qmake_Muse_Automation
[ 46%] Building CXX object muse/framework/uicomponents/qml/Muse/UiComponents/CMakeFiles/muse_uicomponents_qmlplugin.dir/muse_uicomponents_qmlplugin_Muse_UiComponentsPlugin.cpp.o
[ 46%] Running moc --collect-json for target muse_automation_qml
[ 46%] Generating meta_types/qt6muse_automation_qml_metatypes.json
[ 46%] Built target muse_midiremote_qml_autogen
[ 46%] Running AUTOMOC file extraction for target muse_tours_qml
[ 46%] Automatic QML type registration for target muse_automation_qml
[ 46%] Running rcc for resource muse_tours_qml_raw_qml_0
[ 46%] Built target muse_update_qml_autogen
[ 46%] Built target muse_rcommand_qml_autogen
[ 46%] Running AUTOMOC file extraction for target muse_learn_qml
[ 46%] Running AUTOMOC file extraction for target muse_update_qml
[ 46%] Running rcc for resource muse_update_qml_raw_qml_0
[ 46%] Running rcc for resource muse_learn_qml_raw_qml_0
[ 46%] Running rcc for resource muse_tours_qml_raw_qml_0_extra_qmldirs
[ 46%] Running rcc for resource muse_update_qml_raw_qml_0_extra_qmldirs
[ 47%] Running rcc for resource muse_learn_qml_raw_qml_0_extra_qmldirs
[ 47%] Running rcc for resource qmake_Muse_Tours
[ 47%] Running rcc for resource qmake_Muse_Update
[ 47%] Running rcc for resource muse_learn_qml_raw_res_0
[ 47%] Building CXX object muse/framework/automation/qml/Muse/Automation/CMakeFiles/muse_automation_qml.dir/Unity/unity_0_cxx.cxx.o
[ 47%] Generating .rcc/qmlcache/muse_update_qml_qmlcache_loader.cpp
[ 47%] Generating .rcc/qmlcache/muse_tours_qml_qmlcache_loader.cpp
[ 47%] Running rcc for resource qmake_Muse_Learn
[ 47%] Running moc --collect-json for target muse_tours_qml
[ 47%] Running moc --collect-json for target muse_update_qml
[ 47%] Generating .rcc/qmlcache/muse_learn_qml_qmlcache_loader.cpp
[ 47%] Built target muse_legacytreeview_qml_autogen
[ 47%] Running moc --collect-json for target muse_learn_qml
[ 47%] Generating meta_types/qt6muse_tours_qml_metatypes.json
[ 48%] Building CXX object muse/framework/automation/qml/Muse/Automation/CMakeFiles/muse_automation_qml.dir/.qt/rcc/qrc_qmake_Muse_Automation.cpp.o
[ 48%] Automatic QML type registration for target muse_tours_qml
[ 48%] Built target muse_shortcuts_qml_autogen
[ 48%] Running AUTOMOC file extraction for target muse_midiremote_qml
[ 48%] Generating meta_types/qt6muse_update_qml_metatypes.json
[ 48%] Running rcc for resource muse_midiremote_qml_raw_qml_0
[ 48%] Running rcc for resource muse_midiremote_qml_raw_qml_0_extra_qmldirs
[ 48%] Generating meta_types/qt6muse_learn_qml_metatypes.json
[ 48%] Running rcc for resource qmake_Muse_MidiRemote
[ 48%] Automatic QML type registration for target muse_update_qml
[ 48%] Generating .rcc/qmlcache/muse_midiremote_qml_qmlcache_loader.cpp
[ 48%] Running moc --collect-json for target muse_midiremote_qml
[ 48%] Automatic QML type registration for target muse_learn_qml
[ 48%] Running AUTOMOC file extraction for target muse_rcommand_qml
[ 48%] Generating meta_types/qt6muse_midiremote_qml_metatypes.json
[ 49%] Running rcc for resource muse_rcommand_qml_raw_qml_0
[ 49%] Running rcc for resource qmake_Muse_RCommand
[ 49%] Generating .rcc/qmlcache/muse_tours_qml_ToursProvider_qml.cpp, .rcc/qmlcache/muse_tours_qml_ToursProvider_qml.cpp.aotstats
[ 49%] Generating .rcc/qmlcache/muse_update_qml_AppReleaseInfoDialog_qml.cpp, .rcc/qmlcache/muse_update_qml_AppReleaseInfoDialog_qml.cpp.aotstats
[ 49%] Automatic QML type registration for target muse_midiremote_qml
[ 49%] Generating .rcc/qmlcache/muse_rcommand_qml_qmlcache_loader.cpp
[ 49%] Running moc --collect-json for target muse_rcommand_qml
[ 49%] Built target muse_testflow_qml_autogen
[ 49%] Generating .rcc/qmlcache/muse_update_qml_AppUpdateProgressDialog_qml.cpp, .rcc/qmlcache/muse_update_qml_AppUpdateProgressDialog_qml.cpp.aotstats
[ 49%] Built target muse_workspace_qml_autogen
[ 49%] Generating .rcc/qmlcache/muse_learn_qml_LearnPage_qml.cpp, .rcc/qmlcache/muse_learn_qml_LearnPage_qml.cpp.aotstats
[ 49%] Generating .rcc/qmlcache/muse_tours_qml_internal/TourStepPopup_qml.cpp, .rcc/qmlcache/muse_tours_qml_internal/TourStepPopup_qml.cpp.aotstats
[ 49%] Generating .rcc/qmlcache/muse_midiremote_qml_EditMidiMappingDialog_qml.cpp, .rcc/qmlcache/muse_midiremote_qml_EditMidiMappingDialog_qml.cpp.aotstats
[ 49%] Built target muse_interactive_qml_autogen
[ 49%] Generating .rcc/qmlcache/muse_update_qml_internal/AppReleaseInfoBottomPanel_qml.cpp, .rcc/qmlcache/muse_update_qml_internal/AppReleaseInfoBottomPanel_qml.cpp.aotstats
[ 49%] Generating .rcc/qmlcache/muse_midiremote_qml_MidiDeviceMappingPage_qml.cpp, .rcc/qmlcache/muse_midiremote_qml_MidiDeviceMappingPage_qml.cpp.aotstats
[ 49%] Generating meta_types/qt6muse_rcommand_qml_metatypes.json
[ 49%] Generating .rcc/qmlcache/muse_learn_qml_internal/ClassesPage_qml.cpp, .rcc/qmlcache/muse_learn_qml_internal/ClassesPage_qml.cpp.aotstats
[ 49%] Built target muse_cloud_qml_autogen
[ 49%] Automatic QML type registration for target muse_rcommand_qml
[ 49%] Built target muse_diagnostics_qml_autogen
[ 49%] Built target musesounds_qml_autogen
[ 49%] Built target muse_multiwindows_qml_autogen
[ 49%] Running AUTOMOC file extraction for target muse_shortcuts_qml
[ 49%] Generating .rcc/qmlcache/muse_update_qml_internal/ReleaseNotesView_qml.cpp, .rcc/qmlcache/muse_update_qml_internal/ReleaseNotesView_qml.cpp.aotstats
[ 49%] Generating .rcc/qmlcache/muse_learn_qml_internal/PlaylistItem_qml.cpp, .rcc/qmlcache/muse_learn_qml_internal/PlaylistItem_qml.cpp.aotstats
[ 49%] Running rcc for resource muse_shortcuts_qml_raw_qml_0
[ 49%] Running AUTOMOC file extraction for target muse_workspace_qml
[ 49%] Running rcc for resource muse_shortcuts_qml_raw_qml_0_extra_qmldirs
[ 49%] Running rcc for resource muse_workspace_qml_raw_qml_0
[ 49%] Built target muse_extensions_qml_autogen
[ 49%] Built target muse_dockwindow_qml_autogen
[ 49%] Building CXX object muse/framework/tours/qml/Muse/Tours/CMakeFiles/muse_tours_qml.dir/Unity/unity_0_cxx.cxx.o
[ 49%] Building CXX object muse/framework/tours/qml/Muse/Tours/CMakeFiles/muse_tours_qml.dir/.qt/rcc/qrc_qmake_Muse_Tours.cpp.o
[ 49%] Running rcc for resource qmake_Muse_Shortcuts
[ 49%] Running rcc for resource muse_workspace_qml_raw_qml_0_extra_qmldirs
[ 49%] Generating .rcc/qmlcache/muse_shortcuts_qml_qmlcache_loader.cpp
[ 49%] Generating .rcc/qmlcache/muse_midiremote_qml_internal/MidiMappingBottomPanel_qml.cpp, .rcc/qmlcache/muse_midiremote_qml_internal/MidiMappingBottomPanel_qml.cpp.aotstats
[ 49%] Running rcc for resource qmake_Muse_Workspace
[ 49%] Generating .rcc/qmlcache/muse_rcommand_qml_CommandListDialog_qml.cpp, .rcc/qmlcache/muse_rcommand_qml_CommandListDialog_qml.cpp.aotstats
[ 49%] Generating .rcc/qmlcache/muse_workspace_qml_qmlcache_loader.cpp
[ 49%] Running moc --collect-json for target muse_workspace_qml
[ 49%] Generating .rcc/qmlcache/muse_midiremote_qml_internal/MidiMappingTopPanel_qml.cpp, .rcc/qmlcache/muse_midiremote_qml_internal/MidiMappingTopPanel_qml.cpp.aotstats
[ 49%] Running moc --collect-json for target muse_shortcuts_qml
[ 49%] Running AUTOMOC file extraction for target musesounds_qml
[ 49%] Running rcc for resource musesounds_qml_raw_qml_0
[ 49%] Generating meta_types/qt6muse_workspace_qml_metatypes.json
[ 49%] Generating meta_types/qt6muse_shortcuts_qml_metatypes.json
[ 49%] Running AUTOMOC file extraction for target muse_legacytreeview_qml
[ 49%] Building CXX object muse/framework/tours/qml/Muse/Tours/CMakeFiles/muse_tours_qml.dir/.qt/rcc/qrc_muse_tours_qml_raw_qml_0.cpp.o
[ 49%] Running rcc for resource musesounds_qml_raw_qml_0_extra_qmldirs
[ 49%] Running rcc for resource muse_legacytreeview_qml_raw_qml_0
[ 49%] Linking CXX static library libmuse_automation_qml.a
[ 49%] Automatic QML type registration for target muse_workspace_qml
[ 49%] Automatic QML type registration for target muse_shortcuts_qml
[ 49%] Running rcc for resource muse_legacytreeview_qml_raw_res_0
[ 49%] Running rcc for resource qmake_Muse_UiComponents_LegacyTreeView
[ 49%] Generating .rcc/qmlcache/muse_legacytreeview_qml_qmlcache_loader.cpp
[ 49%] Generating .rcc/qmlcache/muse_rcommand_qml_CommandListPanel_qml.cpp, .rcc/qmlcache/muse_rcommand_qml_CommandListPanel_qml.cpp.aotstats
Warning: workspacesmenumodel.h:34: uicomponents::AbstractMenuModel is used as base type but cannot be found.
[ 49%] Running rcc for resource musesounds_qml_raw_res_0
[ 49%] Building CXX object muse/framework/tours/qml/Muse/Tours/CMakeFiles/muse_tours_qml.dir/.qt/rcc/qrc_muse_tours_qml_raw_qml_0_extra_qmldirs.cpp.o
[ 49%] Running rcc for resource qmake_MuseScore_MuseSounds
[ 49%] Generating .rcc/qmlcache/musesounds_qml_qmlcache_loader.cpp
[ 49%] Built target preferences_qml_autogen
[ 49%] Running moc --collect-json for target muse_legacytreeview_qml
[ 49%] Built target muse_mpe_qml_autogen
[ 49%] Generating .rcc/qmlcache/muse_learn_qml_internal/Playlist_qml.cpp, .rcc/qmlcache/muse_learn_qml_internal/Playlist_qml.cpp.aotstats
[ 50%] Running AUTOMOC file extraction for target muse_interactive_qml
[ 50%] Building CXX object muse/framework/update/qml/Muse/Update/CMakeFiles/muse_update_qml.dir/Unity/unity_0_cxx.cxx.o
[ 50%] Running moc --collect-json for target musesounds_qml
[ 50%] Building CXX object muse/framework/update/qml/Muse/Update/CMakeFiles/muse_update_qml.dir/.qt/rcc/qrc_qmake_Muse_Update.cpp.o
[ 50%] Running AUTOMOC file extraction for target muse_dockwindow_qml
[ 50%] Building CXX object muse/framework/update/qml/Muse/Update/CMakeFiles/muse_update_qml.dir/.qt/rcc/qrc_muse_update_qml_raw_qml_0.cpp.o
[ 50%] Building CXX object muse/framework/update/qml/Muse/Update/CMakeFiles/muse_update_qml.dir/.qt/rcc/qrc_muse_update_qml_raw_qml_0_extra_qmldirs.cpp.o
[ 50%] Built target muse_automation_qml
[ 50%] Generating .rcc/qmlcache/muse_workspace_qml_NewWorkspaceDialog_qml.cpp, .rcc/qmlcache/muse_workspace_qml_NewWorkspaceDialog_qml.cpp.aotstats
[ 50%] Running rcc for resource muse_interactive_qml_raw_qml_0_extra_qmldirs
[ 50%] Running rcc for resource muse_interactive_qml_raw_qml_0
[ 50%] Generating meta_types/qt6muse_legacytreeview_qml_metatypes.json
[ 50%] Running AUTOMOC file extraction for target muse_testflow_qml
[ 50%] Running rcc for resource muse_dockwindow_qml_raw_qml_0
[ 50%] Generating meta_types/qt6musesounds_qml_metatypes.json
[ 51%] Running rcc for resource muse_testflow_qml_raw_qml_0
[ 51%] Generating .rcc/qmlcache/muse_shortcuts_qml_EditShortcutDialogContent_qml.cpp, .rcc/qmlcache/muse_shortcuts_qml_EditShortcutDialogContent_qml.cpp.aotstats
[ 51%] Running rcc for resource qmake_Muse_Interactive
[ 51%] Building CXX object muse/framework/midiremote/qml/Muse/MidiRemote/CMakeFiles/muse_midiremote_qml.dir/Unity/unity_0_cxx.cxx.o
[ 51%] Running rcc for resource qmake_Muse_Dock
[ 51%] Running AUTOMOC file extraction for target muse_cloud_qml
[ 52%] Automatic QML type registration for target muse_legacytreeview_qml
[ 52%] Generating .rcc/qmlcache/muse_shortcuts_qml_ShortcutsPage_qml.cpp, .rcc/qmlcache/muse_shortcuts_qml_ShortcutsPage_qml.cpp.aotstats
[ 52%] Building CXX object muse/framework/midiremote/qml/Muse/MidiRemote/CMakeFiles/muse_midiremote_qml.dir/.qt/rcc/qrc_qmake_Muse_MidiRemote.cpp.o
[ 52%] Generating .rcc/qmlcache/muse_interactive_qml_qmlcache_loader.cpp
[ 52%] Automatic QML type registration for target musesounds_qml
[ 52%] Running moc --collect-json for target muse_interactive_qml
[ 52%] Generating .rcc/qmlcache/muse_shortcuts_qml_Shortcuts_qml.cpp, .rcc/qmlcache/muse_shortcuts_qml_Shortcuts_qml.cpp.aotstats
[ 52%] Running rcc for resource qmake_Muse_Testflow
[ 52%] Generating .rcc/qmlcache/muse_dockwindow_qml_qmlcache_loader.cpp
[ 52%] Running rcc for resource muse_cloud_qml_raw_qml_0
[ 52%] Generating .rcc/qmlcache/muse_testflow_qml_qmlcache_loader.cpp
[ 52%] Running moc --collect-json for target muse_testflow_qml
[ 52%] Generating .rcc/qmlcache/muse_shortcuts_qml_StandardEditShortcutDialog_qml.cpp, .rcc/qmlcache/muse_shortcuts_qml_StandardEditShortcutDialog_qml.cpp.aotstats
[ 52%] Running rcc for resource muse_cloud_qml_raw_qml_0_extra_qmldirs
[ 52%] Generating meta_types/qt6muse_interactive_qml_metatypes.json
[ 53%] Running moc --collect-json for target muse_dockwindow_qml
[ 53%] Running rcc for resource qmake_Muse_Cloud
[ 53%] Generating .rcc/qmlcache/muse_shortcuts_qml_internal/ShortcutsBottomPanel_qml.cpp, .rcc/qmlcache/muse_shortcuts_qml_internal/ShortcutsBottomPanel_qml.cpp.aotstats
[ 53%] Generating meta_types/qt6muse_testflow_qml_metatypes.json
[ 53%] Generating .rcc/qmlcache/muse_legacytreeview_qml_BasicTableViewStyle_qml.cpp, .rcc/qmlcache/muse_legacytreeview_qml_BasicTableViewStyle_qml.cpp.aotstats
[ 53%] Automatic QML type registration for target muse_interactive_qml
[ 53%] Generating meta_types/qt6muse_dockwindow_qml_metatypes.json
[ 53%] Building CXX object muse/framework/rcommand/qml/Muse/RCommand/CMakeFiles/muse_rcommand_qml.dir/Unity/unity_0_cxx.cxx.o
[ 53%] Generating .rcc/qmlcache/muse_cloud_qml_qmlcache_loader.cpp
[ 53%] Automatic QML type registration for target muse_testflow_qml
[ 53%] Building CXX object muse/framework/learn/qml/Muse/Learn/CMakeFiles/muse_learn_qml.dir/Unity/unity_0_cxx.cxx.o
[ 53%] Automatic QML type registration for target muse_dockwindow_qml
[ 53%] Generating .rcc/qmlcache/musesounds_qml_MuseSoundsPage_qml.cpp, .rcc/qmlcache/musesounds_qml_MuseSoundsPage_qml.cpp.aotstats
[ 53%] Generating .rcc/qmlcache/musesounds_qml_MuseSoundsReleaseInfoDialog_qml.cpp, .rcc/qmlcache/musesounds_qml_MuseSoundsReleaseInfoDialog_qml.cpp.aotstats
[ 53%] Building CXX object muse/framework/midiremote/qml/Muse/MidiRemote/CMakeFiles/muse_midiremote_qml.dir/.qt/rcc/qrc_muse_midiremote_qml_raw_qml_0.cpp.o
[ 53%] Running moc --collect-json for target muse_cloud_qml
[ 53%] Generating meta_types/qt6muse_cloud_qml_metatypes.json
[ 53%] Generating .rcc/qmlcache/muse_interactive_qml_ErrorDetailsView_qml.cpp, .rcc/qmlcache/muse_interactive_qml_ErrorDetailsView_qml.cpp.aotstats
[ 53%] Generating .rcc/qmlcache/muse_interactive_qml_FileDialog_qml.cpp, .rcc/qmlcache/muse_interactive_qml_FileDialog_qml.cpp.aotstats
[ 53%] Generating .rcc/qmlcache/muse_workspace_qml_WorkspacesDialog_qml.cpp, .rcc/qmlcache/muse_workspace_qml_WorkspacesDialog_qml.cpp.aotstats
[ 53%] Generating .rcc/qmlcache/muse_workspace_qml_internal/WorkspacesTopPanel_qml.cpp, .rcc/qmlcache/muse_workspace_qml_internal/WorkspacesTopPanel_qml.cpp.aotstats
[ 53%] Generating .rcc/qmlcache/muse_testflow_qml_ScriptsDialog_qml.cpp, .rcc/qmlcache/muse_testflow_qml_ScriptsDialog_qml.cpp.aotstats
[ 53%] Automatic QML type registration for target muse_cloud_qml
[ 53%] Generating .rcc/qmlcache/muse_legacytreeview_qml_BasicTableView_qml.cpp, .rcc/qmlcache/muse_legacytreeview_qml_BasicTableView_qml.cpp.aotstats
[ 53%] Building CXX object muse/framework/midiremote/qml/Muse/MidiRemote/CMakeFiles/muse_midiremote_qml.dir/.qt/rcc/qrc_muse_midiremote_qml_raw_qml_0_extra_qmldirs.cpp.o
[ 53%] Generating .rcc/qmlcache/muse_shortcuts_qml_internal/ShortcutsList_qml.cpp, .rcc/qmlcache/muse_shortcuts_qml_internal/ShortcutsList_qml.cpp.aotstats
[ 53%] Generating .rcc/qmlcache/muse_dockwindow_qml_DockFloatingWindow_qml.cpp, .rcc/qmlcache/muse_dockwindow_qml_DockFloatingWindow_qml.cpp.aotstats
[ 53%] Generating .rcc/qmlcache/muse_dockwindow_qml_DockFrame_qml.cpp, .rcc/qmlcache/muse_dockwindow_qml_DockFrame_qml.cpp.aotstats
[ 53%] Generating .rcc/qmlcache/muse_dockwindow_qml_DockPage_qml.cpp, .rcc/qmlcache/muse_dockwindow_qml_DockPage_qml.cpp.aotstats
[ 53%] Generating .rcc/qmlcache/muse_cloud_qml_AccountAvatar_qml.cpp, .rcc/qmlcache/muse_cloud_qml_AccountAvatar_qml.cpp.aotstats
[ 53%] Building CXX object muse/framework/learn/qml/Muse/Learn/CMakeFiles/muse_learn_qml.dir/.qt/rcc/qrc_qmake_Muse_Learn.cpp.o
[ 53%] Generating .rcc/qmlcache/muse_shortcuts_qml_internal/ShortcutsTopPanel_qml.cpp, .rcc/qmlcache/muse_shortcuts_qml_internal/ShortcutsTopPanel_qml.cpp.aotstats
[ 53%] Generating .rcc/qmlcache/musesounds_qml_internal/MuseSoundsReleaseInfoBottomPanel_qml.cpp, .rcc/qmlcache/musesounds_qml_internal/MuseSoundsReleaseInfoBottomPanel_qml.cpp.aotstats
[ 53%] Generating .rcc/qmlcache/muse_legacytreeview_qml_LegacyTreeViewItemDelegateLoader_qml.cpp, .rcc/qmlcache/muse_legacytreeview_qml_LegacyTreeViewItemDelegateLoader_qml.cpp.aotstats
[ 53%] Generating .rcc/qmlcache/muse_dockwindow_qml_DockPanelTab_qml.cpp, .rcc/qmlcache/muse_dockwindow_qml_DockPanelTab_qml.cpp.aotstats
[ 53%] Generating .rcc/qmlcache/muse_dockwindow_qml_DockPanel_qml.cpp, .rcc/qmlcache/muse_dockwindow_qml_DockPanel_qml.cpp.aotstats
[ 54%] Generating .rcc/qmlcache/muse_workspace_qml_internal/WorkspacesView_qml.cpp, .rcc/qmlcache/muse_workspace_qml_internal/WorkspacesView_qml.cpp.aotstats
[ 54%] Generating .rcc/qmlcache/muse_testflow_qml_ScriptsPanel_qml.cpp, .rcc/qmlcache/muse_testflow_qml_ScriptsPanel_qml.cpp.aotstats
[ 54%] Generating .rcc/qmlcache/muse_interactive_qml_InteractiveProvider_qml.cpp, .rcc/qmlcache/muse_interactive_qml_InteractiveProvider_qml.cpp.aotstats
[ 54%] Generating .rcc/qmlcache/muse_interactive_qml_FolderDialog_qml.cpp, .rcc/qmlcache/muse_interactive_qml_FolderDialog_qml.cpp.aotstats
[ 54%] Generating .rcc/qmlcache/muse_interactive_qml_ProgressDialog_qml.cpp, .rcc/qmlcache/muse_interactive_qml_ProgressDialog_qml.cpp.aotstats
[ 54%] Generating .rcc/qmlcache/muse_cloud_qml_AccountInfoButton_qml.cpp, .rcc/qmlcache/muse_cloud_qml_AccountInfoButton_qml.cpp.aotstats
[ 54%] Generating .rcc/qmlcache/muse_legacytreeview_qml_LegacyTreeViewStyle_qml.cpp, .rcc/qmlcache/muse_legacytreeview_qml_LegacyTreeViewStyle_qml.cpp.aotstats
[ 54%] Generating .rcc/qmlcache/musesounds_qml_internal/SoundCatalogListView_qml.cpp, .rcc/qmlcache/musesounds_qml_internal/SoundCatalogListView_qml.cpp.aotstats
[ 54%] Generating .rcc/qmlcache/musesounds_qml_internal/SoundLibraryItem_qml.cpp, .rcc/qmlcache/musesounds_qml_internal/SoundLibraryItem_qml.cpp.aotstats
[ 54%] Generating .rcc/qmlcache/muse_legacytreeview_qml_LegacyTreeView_qml.cpp, .rcc/qmlcache/muse_legacytreeview_qml_LegacyTreeView_qml.cpp.aotstats
[ 54%] Running AUTOMOC file extraction for target muse_diagnostics_qml
[ 54%] Building CXX object muse/framework/learn/qml/Muse/Learn/CMakeFiles/muse_learn_qml.dir/.qt/rcc/qrc_muse_learn_qml_raw_qml_0.cpp.o
[ 54%] Running rcc for resource muse_diagnostics_qml_raw_qml_0
[ 54%] Building CXX object muse/framework/shortcuts/qml/Muse/Shortcuts/CMakeFiles/muse_shortcuts_qml.dir/Unity/unity_1_cxx.cxx.o
[ 54%] Running rcc for resource qmake_Muse_Diagnostics
[ 54%] Building CXX object muse/framework/shortcuts/qml/Muse/Shortcuts/CMakeFiles/muse_shortcuts_qml.dir/Unity/unity_0_cxx.cxx.o
[ 54%] Generating .rcc/qmlcache/muse_diagnostics_qml_qmlcache_loader.cpp
[ 54%] Generating .rcc/qmlcache/muse_interactive_qml_StandardDialogPanel_qml.cpp, .rcc/qmlcache/muse_interactive_qml_StandardDialogPanel_qml.cpp.aotstats
[ 54%] Generating .rcc/qmlcache/muse_testflow_qml_TestCaseRunPanel_qml.cpp, .rcc/qmlcache/muse_testflow_qml_TestCaseRunPanel_qml.cpp.aotstats
[ 54%] Running moc --collect-json for target muse_diagnostics_qml
[ 54%] Building CXX object muse/framework/workspace/qml/Muse/Workspace/CMakeFiles/muse_workspace_qml.dir/Unity/unity_0_cxx.cxx.o
[ 54%] Generating .rcc/qmlcache/muse_interactive_qml_StandardDialog_qml.cpp, .rcc/qmlcache/muse_interactive_qml_StandardDialog_qml.cpp.aotstats
[ 55%] Generating .rcc/qmlcache/muse_cloud_qml_AccountPage_qml.cpp, .rcc/qmlcache/muse_cloud_qml_AccountPage_qml.cpp.aotstats
[ 55%] Generating meta_types/qt6muse_diagnostics_qml_metatypes.json
[ 55%] Building CXX object muse/framework/workspace/qml/Muse/Workspace/CMakeFiles/muse_workspace_qml.dir/.qt/rcc/qrc_qmake_Muse_Workspace.cpp.o
[ 55%] Generating .rcc/qmlcache/muse_legacytreeview_qml_Style_qml.cpp, .rcc/qmlcache/muse_legacytreeview_qml_Style_qml.cpp.aotstats
[ 55%] Generating .rcc/qmlcache/muse_legacytreeview_qml_TableViewColumn_qml.cpp, .rcc/qmlcache/muse_legacytreeview_qml_TableViewColumn_qml.cpp.aotstats
[ 55%] Generating .rcc/qmlcache/muse_dockwindow_qml_DockSeparator_qml.cpp, .rcc/qmlcache/muse_dockwindow_qml_DockSeparator_qml.cpp.aotstats
[ 55%] Automatic QML type registration for target muse_diagnostics_qml
[ 56%] Building CXX object src/musesounds/qml/MuseScore/MuseSounds/CMakeFiles/musesounds_qml.dir/Unity/unity_0_cxx.cxx.o
[ 56%] Generating .rcc/qmlcache/muse_testflow_qml_TestflowSelectFileDialog_qml.cpp, .rcc/qmlcache/muse_testflow_qml_TestflowSelectFileDialog_qml.cpp.aotstats
[ 56%] Building CXX object src/musesounds/qml/MuseScore/MuseSounds/CMakeFiles/musesounds_qml.dir/.qt/rcc/qrc_qmake_MuseScore_MuseSounds.cpp.o
[ 56%] Generating .rcc/qmlcache/muse_diagnostics_qml_DiagnosticAccessiblePanel_qml.cpp, .rcc/qmlcache/muse_diagnostics_qml_DiagnosticAccessiblePanel_qml.cpp.aotstats
[ 56%] Generating .rcc/qmlcache/muse_diagnostics_qml_DiagnosticAccessibleDialog_qml.cpp, .rcc/qmlcache/muse_diagnostics_qml_DiagnosticAccessibleDialog_qml.cpp.aotstats
[ 56%] Generating .rcc/qmlcache/muse_interactive_qml_dev/SampleDialog_qml.cpp, .rcc/qmlcache/muse_interactive_qml_dev/SampleDialog_qml.cpp.aotstats
[ 56%] Building CXX object muse/framework/shortcuts/qml/Muse/Shortcuts/CMakeFiles/muse_shortcuts_qml.dir/.qt/rcc/qrc_qmake_Muse_Shortcuts.cpp.o
[ 56%] Generating .rcc/qmlcache/muse_cloud_qml_RequireAuthorizationDialog_qml.cpp, .rcc/qmlcache/muse_cloud_qml_RequireAuthorizationDialog_qml.cpp.aotstats
[ 56%] Generating .rcc/qmlcache/muse_dockwindow_qml_DockTabBar_qml.cpp, .rcc/qmlcache/muse_dockwindow_qml_DockTabBar_qml.cpp.aotstats
[ 56%] Generating .rcc/qmlcache/muse_dockwindow_qml_DockTitleBarMouseArea_qml.cpp, .rcc/qmlcache/muse_dockwindow_qml_DockTitleBarMouseArea_qml.cpp.aotstats
[ 56%] Generating .rcc/qmlcache/muse_dockwindow_qml_DockTitleBar_qml.cpp, .rcc/qmlcache/muse_dockwindow_qml_DockTitleBar_qml.cpp.aotstats
[ 56%] Generating .rcc/qmlcache/muse_diagnostics_qml_DiagnosticActionsDialog_qml.cpp, .rcc/qmlcache/muse_diagnostics_qml_DiagnosticActionsDialog_qml.cpp.aotstats
[ 56%] Generating .rcc/qmlcache/muse_cloud_qml_internal/CloudItem_qml.cpp, .rcc/qmlcache/muse_cloud_qml_internal/CloudItem_qml.cpp.aotstats
[ 56%] Building CXX object muse/framework/testflow/qml/Muse/Testflow/CMakeFiles/muse_testflow_qml.dir/Unity/unity_0_cxx.cxx.o
[ 56%] Building CXX object src/musesounds/qml/MuseScore/MuseSounds/CMakeFiles/musesounds_qml.dir/.qt/rcc/qrc_musesounds_qml_raw_qml_0.cpp.o
[ 56%] Generating .rcc/qmlcache/muse_diagnostics_qml_DiagnosticActionsPanel_qml.cpp, .rcc/qmlcache/muse_diagnostics_qml_DiagnosticActionsPanel_qml.cpp.aotstats
[ 56%] Building CXX object muse/framework/shortcuts/qml/Muse/Shortcuts/CMakeFiles/muse_shortcuts_qml.dir/.qt/rcc/qrc_muse_shortcuts_qml_raw_qml_0.cpp.o
[ 56%] Generating .rcc/qmlcache/muse_dockwindow_qml_DockToolBar_qml.cpp, .rcc/qmlcache/muse_dockwindow_qml_DockToolBar_qml.cpp.aotstats
[ 56%] Generating .rcc/qmlcache/muse_cloud_qml_internal/CloudsListView_qml.cpp, .rcc/qmlcache/muse_cloud_qml_internal/CloudsListView_qml.cpp.aotstats
[ 56%] Building CXX object muse/framework/interactive/qml/Muse/Interactive/CMakeFiles/muse_interactive_qml.dir/Unity/unity_1_cxx.cxx.o
[ 56%] Generating .rcc/qmlcache/muse_diagnostics_qml_DiagnosticGraphicsInfoDialog_qml.cpp, .rcc/qmlcache/muse_diagnostics_qml_DiagnosticGraphicsInfoDialog_qml.cpp.aotstats
[ 56%] Generating .rcc/qmlcache/muse_diagnostics_qml_DiagnosticGraphicsInfoPanel_qml.cpp, .rcc/qmlcache/muse_diagnostics_qml_DiagnosticGraphicsInfoPanel_qml.cpp.aotstats
[ 56%] Generating .rcc/qmlcache/muse_legacytreeview_qml_TableViewItemDelegateLoader_qml.cpp, .rcc/qmlcache/muse_legacytreeview_qml_TableViewItemDelegateLoader_qml.cpp.aotstats
[ 56%] Generating .rcc/qmlcache/muse_dockwindow_qml_DockWidget_qml.cpp, .rcc/qmlcache/muse_dockwindow_qml_DockWidget_qml.cpp.aotstats
[ 56%] Building CXX object muse/framework/testflow/qml/Muse/Testflow/CMakeFiles/muse_testflow_qml.dir/.qt/rcc/qrc_qmake_Muse_Testflow.cpp.o
[ 56%] Building CXX object muse/framework/testflow/qml/Muse/Testflow/CMakeFiles/muse_testflow_qml.dir/.qt/rcc/qrc_muse_testflow_qml_raw_qml_0.cpp.o
[ 56%] Generating .rcc/qmlcache/muse_diagnostics_qml_DiagnosticNavigationDialog_qml.cpp, .rcc/qmlcache/muse_diagnostics_qml_DiagnosticNavigationDialog_qml.cpp.aotstats
[ 56%] Running AUTOMOC file extraction for target muse_mpe_qml
[ 56%] Building CXX object muse/framework/workspace/qml/Muse/Workspace/CMakeFiles/muse_workspace_qml.dir/.qt/rcc/qrc_muse_workspace_qml_raw_qml_0.cpp.o
[ 56%] Running rcc for resource muse_mpe_qml_raw_qml_0
[ 56%] Building CXX object muse/framework/cloud/qml/Muse/Cloud/CMakeFiles/muse_cloud_qml.dir/Unity/unity_0_cxx.cxx.o
[ 56%] Generating .rcc/qmlcache/muse_dockwindow_qml_DockingHolder_qml.cpp, .rcc/qmlcache/muse_dockwindow_qml_DockingHolder_qml.cpp.aotstats
[ 56%] Running rcc for resource qmake_Muse_Mpe
[ 56%] Generating .rcc/qmlcache/muse_mpe_qml_qmlcache_loader.cpp
[ 56%] Running moc --collect-json for target muse_mpe_qml
[ 56%] Generating .rcc/qmlcache/muse_diagnostics_qml_DiagnosticNavigationPanel_qml.cpp, .rcc/qmlcache/muse_diagnostics_qml_DiagnosticNavigationPanel_qml.cpp.aotstats
[ 56%] Building CXX object muse/framework/interactive/qml/Muse/Interactive/CMakeFiles/muse_interactive_qml.dir/Unity/unity_0_cxx.cxx.o
[ 56%] Generating meta_types/qt6muse_mpe_qml_metatypes.json
[ 56%] Automatic QML type registration for target muse_mpe_qml
[ 56%] Building CXX object muse/framework/uicomponents/qml/Muse/UiComponents/LegacyTreeView/CMakeFiles/muse_legacytreeview_qml.dir/Unity/unity_1_cxx.cxx.o
[ 56%] Generating .rcc/qmlcache/muse_diagnostics_qml_DiagnosticPathsDialog_qml.cpp, .rcc/qmlcache/muse_diagnostics_qml_DiagnosticPathsDialog_qml.cpp.aotstats
[ 56%] Generating .rcc/qmlcache/muse_mpe_qml_ArrangementPatternControl_qml.cpp, .rcc/qmlcache/muse_mpe_qml_ArrangementPatternControl_qml.cpp.aotstats
[ 56%] Building CXX object muse/framework/dockwindow/qml/Muse/Dock/CMakeFiles/muse_dockwindow_qml.dir/Unity/unity_2_cxx.cxx.o
[ 56%] Generating .rcc/qmlcache/muse_diagnostics_qml_DiagnosticPathsPanel_qml.cpp, .rcc/qmlcache/muse_diagnostics_qml_DiagnosticPathsPanel_qml.cpp.aotstats
[ 56%] Generating .rcc/qmlcache/muse_mpe_qml_ArticulationPatternControlsTab_qml.cpp, .rcc/qmlcache/muse_mpe_qml_ArticulationPatternControlsTab_qml.cpp.aotstats
[ 56%] Generating .rcc/qmlcache/muse_diagnostics_qml_DiagnosticProfilerDialog_qml.cpp, .rcc/qmlcache/muse_diagnostics_qml_DiagnosticProfilerDialog_qml.cpp.aotstats
[ 56%] Generating .rcc/qmlcache/muse_mpe_qml_ArticulationPatternPlot_qml.cpp, .rcc/qmlcache/muse_mpe_qml_ArticulationPatternPlot_qml.cpp.aotstats
[ 56%] Generating .rcc/qmlcache/muse_diagnostics_qml_DiagnosticProfilerPanel_qml.cpp, .rcc/qmlcache/muse_diagnostics_qml_DiagnosticProfilerPanel_qml.cpp.aotstats
[ 56%] Generating .rcc/qmlcache/muse_mpe_qml_ArticulationPatternSegmentsList_qml.cpp, .rcc/qmlcache/muse_mpe_qml_ArticulationPatternSegmentsList_qml.cpp.aotstats
[ 56%] Building CXX object muse/framework/uicomponents/qml/Muse/UiComponents/LegacyTreeView/CMakeFiles/muse_legacytreeview_qml.dir/Unity/unity_0_cxx.cxx.o
[ 56%] Linking CXX static library libmuse_uicomponents_qmlplugin.a
[ 56%] Generating .rcc/qmlcache/muse_mpe_qml_ArticulationPatternsList_qml.cpp, .rcc/qmlcache/muse_mpe_qml_ArticulationPatternsList_qml.cpp.aotstats
[ 56%] Built target muse_uicomponents_qmlplugin
[ 56%] Building CXX object src/musesounds/qml/MuseScore/MuseSounds/CMakeFiles/musesounds_qml.dir/.qt/rcc/qrc_musesounds_qml_raw_res_0.cpp.o
[ 56%] Building CXX object muse/framework/diagnostics/qml/Muse/Diagnostics/CMakeFiles/muse_diagnostics_qml.dir/Unity/unity_2_cxx.cxx.o
[ 56%] Building CXX object src/musesounds/qml/MuseScore/MuseSounds/CMakeFiles/musesounds_qml.dir/.qt/rcc/qrc_musesounds_qml_raw_qml_0_extra_qmldirs.cpp.o
[ 56%] Building CXX object muse/framework/diagnostics/qml/Muse/Diagnostics/CMakeFiles/muse_diagnostics_qml.dir/Unity/unity_1_cxx.cxx.o
[ 56%] Built target propertiespanel_qml_autogen
[ 56%] Building CXX object muse/framework/cloud/qml/Muse/Cloud/CMakeFiles/muse_cloud_qml.dir/.qt/rcc/qrc_qmake_Muse_Cloud.cpp.o
[ 56%] Building CXX object muse/framework/cloud/qml/Muse/Cloud/CMakeFiles/muse_cloud_qml.dir/.qt/rcc/qrc_muse_cloud_qml_raw_qml_0.cpp.o
[ 56%] Generating .rcc/qmlcache/muse_mpe_qml_ArticulationPatternsTab_qml.cpp, .rcc/qmlcache/muse_mpe_qml_ArticulationPatternsTab_qml.cpp.aotstats
[ 56%] Building CXX object muse/framework/rcommand/qml/Muse/RCommand/CMakeFiles/muse_rcommand_qml.dir/.qt/rcc/qrc_qmake_Muse_RCommand.cpp.o
[ 56%] Building CXX object muse/framework/learn/qml/Muse/Learn/CMakeFiles/muse_learn_qml.dir/.qt/rcc/qrc_muse_learn_qml_raw_res_0.cpp.o
[ 56%] Building CXX object muse/framework/interactive/qml/Muse/Interactive/CMakeFiles/muse_interactive_qml.dir/.qt/rcc/qrc_qmake_Muse_Interactive.cpp.o
[ 56%] Building CXX object muse/framework/learn/qml/Muse/Learn/CMakeFiles/muse_learn_qml.dir/.qt/rcc/qrc_muse_learn_qml_raw_qml_0_extra_qmldirs.cpp.o
[ 56%] Building CXX object muse/framework/dockwindow/qml/Muse/Dock/CMakeFiles/muse_dockwindow_qml.dir/Unity/unity_1_cxx.cxx.o
[ 56%] Generating .rcc/qmlcache/muse_mpe_qml_ExpressionPatternControl_qml.cpp, .rcc/qmlcache/muse_mpe_qml_ExpressionPatternControl_qml.cpp.aotstats
[ 56%] Building CXX object muse/framework/shortcuts/qml/Muse/Shortcuts/CMakeFiles/muse_shortcuts_qml.dir/.qt/rcc/qrc_muse_shortcuts_qml_raw_qml_0_extra_qmldirs.cpp.o
[ 56%] Building CXX object muse/framework/workspace/qml/Muse/Workspace/CMakeFiles/muse_workspace_qml.dir/.qt/rcc/qrc_muse_workspace_qml_raw_qml_0_extra_qmldirs.cpp.o
[ 56%] Generating .rcc/qmlcache/muse_mpe_qml_PitchPatternControl_qml.cpp, .rcc/qmlcache/muse_mpe_qml_PitchPatternControl_qml.cpp.aotstats
[ 56%] Building CXX object muse/framework/uicomponents/qml/Muse/UiComponents/LegacyTreeView/CMakeFiles/muse_legacytreeview_qml.dir/.qt/rcc/qrc_qmake_Muse_UiComponents_LegacyTreeView.cpp.o
[ 56%] Building CXX object muse/framework/cloud/qml/Muse/Cloud/CMakeFiles/muse_cloud_qml.dir/.qt/rcc/qrc_muse_cloud_qml_raw_qml_0_extra_qmldirs.cpp.o
[ 56%] Building CXX object muse/framework/interactive/qml/Muse/Interactive/CMakeFiles/muse_interactive_qml.dir/.qt/rcc/qrc_muse_interactive_qml_raw_qml_0.cpp.o
[ 56%] Building CXX object muse/framework/diagnostics/qml/Muse/Diagnostics/CMakeFiles/muse_diagnostics_qml.dir/Unity/unity_0_cxx.cxx.o
[ 56%] Building CXX object muse/framework/rcommand/qml/Muse/RCommand/CMakeFiles/muse_rcommand_qml.dir/.qt/rcc/qrc_muse_rcommand_qml_raw_qml_0.cpp.o
[ 56%] Building CXX object muse/framework/mpe/qml/Muse/Mpe/CMakeFiles/muse_mpe_qml.dir/Unity/unity_1_cxx.cxx.o
[ 56%] Building CXX object muse/framework/uicomponents/qml/Muse/UiComponents/LegacyTreeView/CMakeFiles/muse_legacytreeview_qml.dir/.qt/rcc/qrc_muse_legacytreeview_qml_raw_qml_0.cpp.o
[ 57%] Running AUTOMOC file extraction for target muse_multiwindows_qml
[ 57%] Running rcc for resource muse_multiwindows_qml_raw_qml_0
[ 57%] Running rcc for resource qmake_Muse_MultiWindows
[ 57%] Generating .rcc/qmlcache/muse_multiwindows_qml_qmlcache_loader.cpp
[ 57%] Running moc --collect-json for target muse_multiwindows_qml
[ 57%] Generating meta_types/qt6muse_multiwindows_qml_metatypes.json
[ 57%] Automatic QML type registration for target muse_multiwindows_qml
[ 57%] Generating .rcc/qmlcache/muse_multiwindows_qml_MultiInstancesDevDialog_qml.cpp, .rcc/qmlcache/muse_multiwindows_qml_MultiInstancesDevDialog_qml.cpp.aotstats
[ 57%] Generating .rcc/qmlcache/muse_multiwindows_qml_MultiInstancesDevPanel_qml.cpp, .rcc/qmlcache/muse_multiwindows_qml_MultiInstancesDevPanel_qml.cpp.aotstats
[ 57%] Building CXX object muse/framework/multiwindows/qml/Muse/MultiWindows/CMakeFiles/muse_multiwindows_qml.dir/Unity/unity_0_cxx.cxx.o
[ 57%] Linking CXX static library libmuse_tours_qml.a
[ 57%] Built target muse_tours_qml
[ 57%] Building CXX object muse/framework/diagnostics/qml/Muse/Diagnostics/CMakeFiles/muse_diagnostics_qml.dir/.qt/rcc/qrc_qmake_Muse_Diagnostics.cpp.o
[ 57%] Building CXX object muse/framework/mpe/qml/Muse/Mpe/CMakeFiles/muse_mpe_qml.dir/Unity/unity_0_cxx.cxx.o
[ 57%] Building CXX object muse/framework/interactive/qml/Muse/Interactive/CMakeFiles/muse_interactive_qml.dir/.qt/rcc/qrc_muse_interactive_qml_raw_qml_0_extra_qmldirs.cpp.o
[ 57%] Running AUTOMOC file extraction for target muse_extensions_qml
[ 57%] Running rcc for resource muse_extensions_qml_raw_qml_0
[ 57%] Running rcc for resource muse_extensions_qml_raw_qml_0_extra_qmldirs
[ 57%] Running rcc for resource muse_extensions_qml_raw_res_0
[ 57%] Running rcc for resource qmake_Muse_Extensions
[ 57%] Building CXX object muse/framework/dockwindow/qml/Muse/Dock/CMakeFiles/muse_dockwindow_qml.dir/Unity/unity_0_cxx.cxx.o
[ 57%] Generating .rcc/qmlcache/muse_extensions_qml_qmlcache_loader.cpp
[ 57%] Running moc --collect-json for target muse_extensions_qml
[ 57%] Generating meta_types/qt6muse_extensions_qml_metatypes.json
[ 57%] Automatic QML type registration for target muse_extensions_qml
Warning: extensionstoolbarmodel.h:30: muse::uicomponents::AbstractToolBarModel is used as base type but cannot be found.
[ 57%] Generating .rcc/qmlcache/muse_extensions_qml_ExtensionErrorMessage_qml.cpp, .rcc/qmlcache/muse_extensions_qml_ExtensionErrorMessage_qml.cpp.aotstats
[ 57%] Generating .rcc/qmlcache/muse_extensions_qml_ExtensionViewerDialog_qml.cpp, .rcc/qmlcache/muse_extensions_qml_ExtensionViewerDialog_qml.cpp.aotstats
[ 57%] Generating .rcc/qmlcache/muse_extensions_qml_ExtensionViewer_qml.cpp, .rcc/qmlcache/muse_extensions_qml_ExtensionViewer_qml.cpp.aotstats
[ 57%] Building CXX object muse/framework/uicomponents/qml/Muse/UiComponents/LegacyTreeView/CMakeFiles/muse_legacytreeview_qml.dir/.qt/rcc/qrc_muse_legacytreeview_qml_raw_res_0.cpp.o
[ 57%] Generating .rcc/qmlcache/muse_extensions_qml_ExtensionsApiDumpDialog_qml.cpp, .rcc/qmlcache/muse_extensions_qml_ExtensionsApiDumpDialog_qml.cpp.aotstats
[ 57%] Running AUTOMOC file extraction for target propertiespanel_qml
[ 57%] Running rcc for resource propertiespanel_qml_raw_qml_0
[ 57%] Generating .rcc/qmlcache/muse_extensions_qml_ExtensionsApiDump_qml.cpp, .rcc/qmlcache/muse_extensions_qml_ExtensionsApiDump_qml.cpp.aotstats
[ 57%] Running rcc for resource propertiespanel_qml_raw_qml_0_extra_qmldirs
[ 57%] Running rcc for resource qmake_MuseScore_PropertiesPanel
[ 57%] Generating .rcc/qmlcache/propertiespanel_qml_qmlcache_loader.cpp
[ 57%] Running moc --collect-json for target propertiespanel_qml
[ 57%] Generating meta_types/qt6propertiespanel_qml_metatypes.json
[ 57%] Automatic QML type registration for target propertiespanel_qml
[ 57%] Generating .rcc/qmlcache/muse_extensions_qml_ExtensionsListPanel_qml.cpp, .rcc/qmlcache/muse_extensions_qml_ExtensionsListPanel_qml.cpp.aotstats
Warning: bendgridcanvas.h:41: muse::uicomponents::QuickPaintedView is used as base type but cannot be found.
Warning: bendgridcanvas.h:41: muse::async::Asyncable is used as base type but cannot be found.
Warning: bendgridcanvas.h:41: muse::Contextable is used as base type but cannot be found.
Warning: fretcanvas.h:35: muse::uicomponents::QuickPaintedView is used as base type but cannot be found.
Warning: fretcanvas.h:35: muse::Contextable is used as base type but cannot be found.
Warning: fretframechorditem.h:30: muse::uicomponents::SelectableItemListModel::Item is used as base type but cannot be found.
Warning: fretframechordlistmodel.h:38: muse::uicomponents::SelectableItemListModel is used as base type but cannot be found.
Warning: fretframechordlistmodel.h:38: muse::Contextable is used as base type but cannot be found.
Warning: gridcanvas.h:35: muse::uicomponents::QuickPaintedView is used as base type but cannot be found.
Warning: gridcanvas.h:35: muse::Contextable is used as base type but cannot be found.
Warning: textstylepopupmodel.h:37: notation::AbstractElementPopupModel is used as base type but cannot be found.
[ 57%] Generating .rcc/qmlcache/propertiespanel_qml_PropertiesPanelSectionDelegate_qml.cpp, .rcc/qmlcache/propertiespanel_qml_PropertiesPanelSectionDelegate_qml.cpp.aotstats
[ 57%] Generating .rcc/qmlcache/muse_extensions_qml_ExtensionsToolBar_qml.cpp, .rcc/qmlcache/muse_extensions_qml_ExtensionsToolBar_qml.cpp.aotstats
[ 57%] Generating .rcc/qmlcache/muse_extensions_qml_internal/EnablePanel_qml.cpp, .rcc/qmlcache/muse_extensions_qml_internal/EnablePanel_qml.cpp.aotstats
[ 57%] Generating .rcc/qmlcache/muse_extensions_qml_internal/ExtensionItem_qml.cpp, .rcc/qmlcache/muse_extensions_qml_internal/ExtensionItem_qml.cpp.aotstats
[ 57%] Generating .rcc/qmlcache/muse_extensions_qml_internal/ExtensionsListView_qml.cpp, .rcc/qmlcache/muse_extensions_qml_internal/ExtensionsListView_qml.cpp.aotstats
[ 57%] Building CXX object muse/framework/extensions/qml/Muse/Extensions/CMakeFiles/muse_extensions_qml.dir/Unity/unity_1_cxx.cxx.o
[ 57%] Linking CXX static library libmuse_rcommand_qml.a
[ 57%] Built target muse_rcommand_qml
[ 57%] Building CXX object muse/framework/multiwindows/qml/Muse/MultiWindows/CMakeFiles/muse_multiwindows_qml.dir/.qt/rcc/qrc_qmake_Muse_MultiWindows.cpp.o
[ 57%] Building CXX object muse/framework/mpe/qml/Muse/Mpe/CMakeFiles/muse_mpe_qml.dir/.qt/rcc/qrc_qmake_Muse_Mpe.cpp.o
[ 58%] Running AUTOMOC file extraction for target preferences_qml
[ 58%] Running rcc for resource preferences_qml_raw_qml_0
[ 58%] Running rcc for resource preferences_qml_raw_qml_0_extra_qmldirs
[ 58%] Running rcc for resource qmake_MuseScore_Preferences
[ 58%] Generating .rcc/qmlcache/preferences_qml_qmlcache_loader.cpp
[ 58%] Running moc --collect-json for target preferences_qml
[ 58%] Generating meta_types/qt6preferences_qml_metatypes.json
[ 58%] Automatic QML type registration for target preferences_qml
[ 58%] Generating .rcc/qmlcache/preferences_qml_AccentColorsList_qml.cpp, .rcc/qmlcache/preferences_qml_AccentColorsList_qml.cpp.aotstats
[ 58%] Building CXX object muse/framework/multiwindows/qml/Muse/MultiWindows/CMakeFiles/muse_multiwindows_qml.dir/.qt/rcc/qrc_muse_multiwindows_qml_raw_qml_0.cpp.o
[ 58%] Linking CXX static library libmuse_multiwindows_qml.a
[ 58%] Built target muse_multiwindows_qml
[ 58%] Generating .rcc/qmlcache/propertiespanel_qml_PropertiesPanel_qml.cpp, .rcc/qmlcache/propertiespanel_qml_PropertiesPanel_qml.cpp.aotstats
[ 58%] Generating .rcc/qmlcache/preferences_qml_AdvancedPreferencesPage_qml.cpp, .rcc/qmlcache/preferences_qml_AdvancedPreferencesPage_qml.cpp.aotstats
[ 58%] Generating .rcc/qmlcache/preferences_qml_AppearancePreferencesPage_qml.cpp, .rcc/qmlcache/preferences_qml_AppearancePreferencesPage_qml.cpp.aotstats
[ 58%] Generating .rcc/qmlcache/preferences_qml_AudioMidiPreferencesPage_qml.cpp, .rcc/qmlcache/preferences_qml_AudioMidiPreferencesPage_qml.cpp.aotstats
[ 58%] Linking CXX static library libmuse_learn_qml.a
[ 58%] Built target muse_learn_qml
[ 58%] Building CXX object muse/framework/uicomponents/qml/Muse/UiComponents/tests/CMakeFiles/muse_uicomponents_qml_tests.dir/muse_uicomponents_qml_tests_autogen/mocs_compilation.cpp.o
[ 58%] Building CXX object muse/framework/uicomponents/qml/Muse/UiComponents/tests/CMakeFiles/muse_uicomponents_qml_tests.dir/__/__/__/__/__/testing/gmain.cpp.o
[ 58%] Built target muse_automation_qmlplugin_autogen_timestamp_deps
[ 58%] Generating .rcc/qmlcache/propertiespanel_qml_common/CheckBoxPropertyView_qml.cpp, .rcc/qmlcache/propertiespanel_qml_common/CheckBoxPropertyView_qml.cpp.aotstats
[ 58%] Generating .rcc/qmlcache/preferences_qml_BraillePreferencesPage_qml.cpp, .rcc/qmlcache/preferences_qml_BraillePreferencesPage_qml.cpp.aotstats
[ 60%] Linking CXX static library libmuse_midiremote_qml.a
[ 60%] Building CXX object muse/framework/diagnostics/qml/Muse/Diagnostics/CMakeFiles/muse_diagnostics_qml.dir/.qt/rcc/qrc_muse_diagnostics_qml_raw_qml_0.cpp.o
[ 60%] Generating .rcc/qmlcache/propertiespanel_qml_common/ColorSection_qml.cpp, .rcc/qmlcache/propertiespanel_qml_common/ColorSection_qml.cpp.aotstats
[ 60%] Built target muse_midiremote_qml
[ 60%] Building CXX object muse/framework/dockwindow/qml/Muse/Dock/CMakeFiles/muse_dockwindow_qml.dir/.qt/rcc/qrc_qmake_Muse_Dock.cpp.o
[ 60%] Built target muse_rcommand_qmlplugin_autogen_timestamp_deps
[ 60%] Building CXX object muse/framework/extensions/qml/Muse/Extensions/CMakeFiles/muse_extensions_qml.dir/Unity/unity_0_cxx.cxx.o
[ 60%] Generating .rcc/qmlcache/preferences_qml_CanvasPreferencesPage_qml.cpp, .rcc/qmlcache/preferences_qml_CanvasPreferencesPage_qml.cpp.aotstats
[ 60%] Building CXX object muse/framework/dockwindow/qml/Muse/Dock/CMakeFiles/muse_dockwindow_qml.dir/.qt/rcc/qrc_muse_dockwindow_qml_raw_qml_0.cpp.o
[ 60%] Building CXX object muse/framework/mpe/qml/Muse/Mpe/CMakeFiles/muse_mpe_qml.dir/.qt/rcc/qrc_muse_mpe_qml_raw_qml_0.cpp.o
[ 60%] Building CXX object muse/framework/uicomponents/qml/Muse/UiComponents/tests/CMakeFiles/muse_uicomponents_qml_tests.dir/__/__/__/__/__/testing/environment.cpp.o
[ 60%] Building CXX object muse/framework/uicomponents/qml/Muse/UiComponents/tests/CMakeFiles/muse_uicomponents_qml_tests.dir/doubleinputvalidator_tests.cpp.o
[ 60%] Generating .rcc/qmlcache/preferences_qml_FoldersPreferencesPage_qml.cpp, .rcc/qmlcache/preferences_qml_FoldersPreferencesPage_qml.cpp.aotstats
[ 60%] Built target muse_tours_qmlplugin_autogen_timestamp_deps
[ 60%] Generating .rcc/qmlcache/propertiespanel_qml_common/DirectionSection_qml.cpp, .rcc/qmlcache/propertiespanel_qml_common/DirectionSection_qml.cpp.aotstats
[ 60%] Generating .rcc/qmlcache/preferences_qml_GeneralPreferencesPage_qml.cpp, .rcc/qmlcache/preferences_qml_GeneralPreferencesPage_qml.cpp.aotstats
[ 60%] Building CXX object muse/framework/uicomponents/qml/Muse/UiComponents/tests/CMakeFiles/muse_uicomponents_qml_tests.dir/intinputvalidator_tests.cpp.o
[ 60%] Built target muse_multiwindows_qmlplugin_autogen_timestamp_deps
[ 60%] Building CXX object muse/framework/extensions/qml/Muse/Extensions/CMakeFiles/muse_extensions_qml.dir/.qt/rcc/qrc_qmake_Muse_Extensions.cpp.o
[ 60%] Built target muse_learn_qmlplugin_autogen_timestamp_deps
[ 60%] Building CXX object muse/framework/extensions/qml/Muse/Extensions/CMakeFiles/muse_extensions_qml.dir/.qt/rcc/qrc_muse_extensions_qml_raw_qml_0.cpp.o
[ 60%] Generating .rcc/qmlcache/propertiespanel_qml_common/DropdownPropertyView_qml.cpp, .rcc/qmlcache/propertiespanel_qml_common/DropdownPropertyView_qml.cpp.aotstats
[ 60%] Linking CXX static library libmuse_update_qml.a
[ 60%] Generating .rcc/qmlcache/preferences_qml_ImportPreferencesPage_qml.cpp, .rcc/qmlcache/preferences_qml_ImportPreferencesPage_qml.cpp.aotstats
[ 60%] Built target muse_update_qml
[ 60%] Building CXX object muse/framework/extensions/qml/Muse/Extensions/CMakeFiles/muse_extensions_qml.dir/.qt/rcc/qrc_muse_extensions_qml_raw_res_0.cpp.o
[ 60%] Generating .rcc/qmlcache/propertiespanel_qml_common/FlatRadioButtonGroupPropertyView_qml.cpp, .rcc/qmlcache/propertiespanel_qml_common/FlatRadioButtonGroupPropertyView_qml.cpp.aotstats
[ 60%] Automatic MOC and UIC for target muse_automation_qmlplugin
[ 61%] Generating .rcc/qmlcache/preferences_qml_MidiDeviceMappingPreferencesPage_qml.cpp, .rcc/qmlcache/preferences_qml_MidiDeviceMappingPreferencesPage_qml.cpp.aotstats
[ 61%] Built target muse_automation_qmlplugin_autogen
[ 61%] Generating .rcc/qmlcache/preferences_qml_NoteInputPreferencesPage_qml.cpp, .rcc/qmlcache/preferences_qml_NoteInputPreferencesPage_qml.cpp.aotstats
[ 61%] Generating .rcc/qmlcache/preferences_qml_PercussionPreferencesPage_qml.cpp, .rcc/qmlcache/preferences_qml_PercussionPreferencesPage_qml.cpp.aotstats
[ 61%] Building CXX object muse/framework/extensions/qml/Muse/Extensions/CMakeFiles/muse_extensions_qml.dir/.qt/rcc/qrc_muse_extensions_qml_raw_qml_0_extra_qmldirs.cpp.o
[ 61%] Built target muse_midiremote_qmlplugin_autogen_timestamp_deps
[ 61%] Automatic MOC and UIC for target muse_rcommand_qmlplugin
[ 61%] Generating .rcc/qmlcache/preferences_qml_PreferencesDialog_qml.cpp, .rcc/qmlcache/preferences_qml_PreferencesDialog_qml.cpp.aotstats
[ 61%] Built target muse_rcommand_qmlplugin_autogen
[ 61%] Generating .rcc/qmlcache/preferences_qml_PreferencesPage_qml.cpp, .rcc/qmlcache/preferences_qml_PreferencesPage_qml.cpp.aotstats
[ 62%] Automatic MOC and UIC for target muse_tours_qmlplugin
[ 62%] Generating .rcc/qmlcache/propertiespanel_qml_common/FrameSettings_qml.cpp, .rcc/qmlcache/propertiespanel_qml_common/FrameSettings_qml.cpp.aotstats
[ 62%] Generating .rcc/qmlcache/preferences_qml_SaveAndPublishPreferencesPage_qml.cpp, .rcc/qmlcache/preferences_qml_SaveAndPublishPreferencesPage_qml.cpp.aotstats
[ 62%] Built target muse_tours_qmlplugin_autogen
[ 62%] Automatic MOC and UIC for target muse_multiwindows_qmlplugin
[ 62%] Generating .rcc/qmlcache/preferences_qml_ScorePreferencesPage_qml.cpp, .rcc/qmlcache/preferences_qml_ScorePreferencesPage_qml.cpp.aotstats
[ 62%] Generating .rcc/qmlcache/propertiespanel_qml_common/OffsetSection_qml.cpp, .rcc/qmlcache/propertiespanel_qml_common/OffsetSection_qml.cpp.aotstats
[ 62%] Built target muse_multiwindows_qmlplugin_autogen
[ 62%] Linking CXX static library libmuse_cloud_qml.a
[ 62%] Automatic MOC and UIC for target muse_learn_qmlplugin
[ 62%] Built target muse_cloud_qml
[ 62%] Generating .rcc/qmlcache/preferences_qml_ShortcutsPreferencesPage_qml.cpp, .rcc/qmlcache/preferences_qml_ShortcutsPreferencesPage_qml.cpp.aotstats
[ 62%] Generating .rcc/qmlcache/propertiespanel_qml_common/PlacementSection_qml.cpp, .rcc/qmlcache/propertiespanel_qml_common/PlacementSection_qml.cpp.aotstats
[ 62%] Generating .rcc/qmlcache/preferences_qml_ThemeSamplesList_qml.cpp, .rcc/qmlcache/preferences_qml_ThemeSamplesList_qml.cpp.aotstats
[ 62%] Built target muse_learn_qmlplugin_autogen
[ 62%] Generating .rcc/qmlcache/propertiespanel_qml_common/PropertiesPanelPopupButton_qml.cpp, .rcc/qmlcache/propertiespanel_qml_common/PropertiesPanelPopupButton_qml.cpp.aotstats
[ 62%] Built target muse_update_qmlplugin_autogen_timestamp_deps
[ 62%] Generating .rcc/qmlcache/preferences_qml_VideoPreferencesPage_qml.cpp, .rcc/qmlcache/preferences_qml_VideoPreferencesPage_qml.cpp.aotstats
[ 62%] Building CXX object muse/framework/automation/qml/Muse/Automation/CMakeFiles/muse_automation_qmlplugin.dir/muse_automation_qmlplugin_autogen/mocs_compilation.cpp.o
[ 62%] Building CXX object muse/framework/automation/qml/Muse/Automation/CMakeFiles/muse_automation_qmlplugin.dir/muse_automation_qmlplugin_Muse_AutomationPlugin.cpp.o
[ 62%] Generating .rcc/qmlcache/propertiespanel_qml_common/PropertiesPanelSection_qml.cpp, .rcc/qmlcache/propertiespanel_qml_common/PropertiesPanelSection_qml.cpp.aotstats
[ 62%] Built target muse_cloud_qmlplugin_autogen_timestamp_deps
[ 62%] Generating .rcc/qmlcache/preferences_qml_internal/AccentColorsSection_qml.cpp, .rcc/qmlcache/preferences_qml_internal/AccentColorsSection_qml.cpp.aotstats
[ 62%] Automatic MOC and UIC for target muse_midiremote_qmlplugin
[ 62%] Generating .rcc/qmlcache/propertiespanel_qml_common/PropertiesPanelTabBar_qml.cpp, .rcc/qmlcache/propertiespanel_qml_common/PropertiesPanelTabBar_qml.cpp.aotstats
[ 62%] Generating .rcc/qmlcache/preferences_qml_internal/AdvancedTopSection_qml.cpp, .rcc/qmlcache/preferences_qml_internal/AdvancedTopSection_qml.cpp.aotstats
[ 62%] Linking CXX static library libmuse_legacytreeview_qml.a
[ 62%] Generating .rcc/qmlcache/propertiespanel_qml_common/PropertiesPanelTabButton_qml.cpp, .rcc/qmlcache/propertiespanel_qml_common/PropertiesPanelTabButton_qml.cpp.aotstats
[ 62%] Building CXX object muse/framework/rcommand/qml/Muse/RCommand/CMakeFiles/muse_rcommand_qmlplugin.dir/muse_rcommand_qmlplugin_autogen/mocs_compilation.cpp.o
[ 62%] Building CXX object muse/framework/rcommand/qml/Muse/RCommand/CMakeFiles/muse_rcommand_qmlplugin.dir/muse_rcommand_qmlplugin_Muse_RCommandPlugin.cpp.o
[ 62%] Built target muse_legacytreeview_qml
[ 62%] Generating .rcc/qmlcache/preferences_qml_internal/AudioDriverSection_qml.cpp, .rcc/qmlcache/preferences_qml_internal/AudioDriverSection_qml.cpp.aotstats
[ 62%] Building CXX object muse/framework/tours/qml/Muse/Tours/CMakeFiles/muse_tours_qmlplugin.dir/muse_tours_qmlplugin_autogen/mocs_compilation.cpp.o
[ 62%] Building CXX object muse/framework/tours/qml/Muse/Tours/CMakeFiles/muse_tours_qmlplugin.dir/muse_tours_qmlplugin_Muse_ToursPlugin.cpp.o
[ 62%] Built target muse_midiremote_qmlplugin_autogen
[ 62%] Building CXX object muse/framework/multiwindows/qml/Muse/MultiWindows/CMakeFiles/muse_multiwindows_qmlplugin.dir/muse_multiwindows_qmlplugin_autogen/mocs_compilation.cpp.o
[ 62%] Generating .rcc/qmlcache/propertiespanel_qml_common/PropertyCheckBox_qml.cpp, .rcc/qmlcache/propertiespanel_qml_common/PropertyCheckBox_qml.cpp.aotstats
[ 62%] Building CXX object muse/framework/multiwindows/qml/Muse/MultiWindows/CMakeFiles/muse_multiwindows_qmlplugin.dir/muse_multiwindows_qmlplugin_Muse_MultiWindowsPlugin.cpp.o
[ 62%] Generating .rcc/qmlcache/propertiespanel_qml_common/PropertyResetButton_qml.cpp, .rcc/qmlcache/propertiespanel_qml_common/PropertyResetButton_qml.cpp.aotstats
[ 62%] Generating .rcc/qmlcache/preferences_qml_internal/AudioEngineSection_qml.cpp, .rcc/qmlcache/preferences_qml_internal/AudioEngineSection_qml.cpp.aotstats
[ 62%] Generating .rcc/qmlcache/preferences_qml_internal/AutoSaveSection_qml.cpp, .rcc/qmlcache/preferences_qml_internal/AutoSaveSection_qml.cpp.aotstats
[ 62%] Generating .rcc/qmlcache/propertiespanel_qml_common/PropertyToggle_qml.cpp, .rcc/qmlcache/propertiespanel_qml_common/PropertyToggle_qml.cpp.aotstats
[ 62%] Building CXX object muse/framework/learn/qml/Muse/Learn/CMakeFiles/muse_learn_qmlplugin.dir/muse_learn_qmlplugin_autogen/mocs_compilation.cpp.o
[ 62%] Building CXX object muse/framework/learn/qml/Muse/Learn/CMakeFiles/muse_learn_qmlplugin.dir/muse_learn_qmlplugin_Muse_LearnPlugin.cpp.o
[ 62%] Generating .rcc/qmlcache/preferences_qml_internal/AutomaticUpdateSection_qml.cpp, .rcc/qmlcache/preferences_qml_internal/AutomaticUpdateSection_qml.cpp.aotstats
[ 62%] Generating .rcc/qmlcache/propertiespanel_qml_common/PropertyView_qml.cpp, .rcc/qmlcache/propertiespanel_qml_common/PropertyView_qml.cpp.aotstats
[ 63%] Generating .rcc/qmlcache/propertiespanel_qml_common/SpinBoxPropertyView_qml.cpp, .rcc/qmlcache/propertiespanel_qml_common/SpinBoxPropertyView_qml.cpp.aotstats
[ 63%] Generating .rcc/qmlcache/preferences_qml_internal/BaseSection_qml.cpp, .rcc/qmlcache/preferences_qml_internal/BaseSection_qml.cpp.aotstats
[ 63%] Generating .rcc/qmlcache/propertiespanel_qml_common/TextSection_qml.cpp, .rcc/qmlcache/propertiespanel_qml_common/TextSection_qml.cpp.aotstats
[ 63%] Generating .rcc/qmlcache/preferences_qml_internal/BrailleAdvancedSection_qml.cpp, .rcc/qmlcache/preferences_qml_internal/BrailleAdvancedSection_qml.cpp.aotstats
[ 63%] Linking CXX static library libmuse_workspace_qml.a
[ 63%] Generating .rcc/qmlcache/propertiespanel_qml_common/VoicesAndPositionSection_qml.cpp, .rcc/qmlcache/propertiespanel_qml_common/VoicesAndPositionSection_qml.cpp.aotstats
[ 63%] Generating .rcc/qmlcache/preferences_qml_internal/BrailleSection_qml.cpp, .rcc/qmlcache/preferences_qml_internal/BrailleSection_qml.cpp.aotstats
[ 63%] Built target muse_workspace_qml
[ 63%] Generating .rcc/qmlcache/preferences_qml_internal/CharsetsSection_qml.cpp, .rcc/qmlcache/preferences_qml_internal/CharsetsSection_qml.cpp.aotstats
[ 63%] Generating .rcc/qmlcache/propertiespanel_qml_emptystaves/EmptyStavesSection_qml.cpp, .rcc/qmlcache/propertiespanel_qml_emptystaves/EmptyStavesSection_qml.cpp.aotstats
[ 63%] Generating .rcc/qmlcache/propertiespanel_qml_general/GeneralSection_qml.cpp, .rcc/qmlcache/propertiespanel_qml_general/GeneralSection_qml.cpp.aotstats
[ 63%] Automatic MOC and UIC for target muse_update_qmlplugin
[ 63%] Linking CXX static library libmuse_shortcuts_qml.a
[ 63%] Generating .rcc/qmlcache/propertiespanel_qml_general/appearance/AppearanceSettings_qml.cpp, .rcc/qmlcache/propertiespanel_qml_general/appearance/AppearanceSettings_qml.cpp.aotstats
[ 63%] Generating .rcc/qmlcache/preferences_qml_internal/ColorAndWallpaperSection_qml.cpp, .rcc/qmlcache/preferences_qml_internal/ColorAndWallpaperSection_qml.cpp.aotstats
[ 63%] Linking CXX executable muse_uicomponents_qml_tests
[ 63%] Generating .rcc/qmlcache/propertiespanel_qml_general/appearance/internal/AppearanceOffsetSection_qml.cpp, .rcc/qmlcache/propertiespanel_qml_general/appearance/internal/AppearanceOffsetSection_qml.cpp.aotstats
[ 63%] Built target muse_shortcuts_qml
[ 63%] Built target muse_legacytreeview_qmlplugin_autogen_timestamp_deps
[ 63%] Generating .rcc/qmlcache/preferences_qml_internal/ComboBoxWithTitle_qml.cpp, .rcc/qmlcache/preferences_qml_internal/ComboBoxWithTitle_qml.cpp.aotstats
[ 63%] Generating .rcc/qmlcache/preferences_qml_internal/CommonAudioDriverConfiguration_qml.cpp, .rcc/qmlcache/preferences_qml_internal/CommonAudioDriverConfiguration_qml.cpp.aotstats
[ 63%] Built target muse_update_qmlplugin_autogen
[ 63%] Automatic MOC and UIC for target muse_cloud_qmlplugin
[ 63%] Generating .rcc/qmlcache/propertiespanel_qml_general/appearance/internal/ArrangeSection_qml.cpp, .rcc/qmlcache/propertiespanel_qml_general/appearance/internal/ArrangeSection_qml.cpp.aotstats
[ 63%] Generating .rcc/qmlcache/propertiespanel_qml_general/appearance/internal/HorizontalSpacingSection_qml.cpp, .rcc/qmlcache/propertiespanel_qml_general/appearance/internal/HorizontalSpacingSection_qml.cpp.aotstats
[ 63%] Generating .rcc/qmlcache/preferences_qml_internal/DefaultStyleSection_qml.cpp, .rcc/qmlcache/preferences_qml_internal/DefaultStyleSection_qml.cpp.aotstats
[ 63%] Building CXX object muse/framework/midiremote/qml/Muse/MidiRemote/CMakeFiles/muse_midiremote_qmlplugin.dir/muse_midiremote_qmlplugin_autogen/mocs_compilation.cpp.o
[ 63%] Generating .rcc/qmlcache/propertiespanel_qml_general/appearance/internal/VerticalSpacingSection_qml.cpp, .rcc/qmlcache/propertiespanel_qml_general/appearance/internal/VerticalSpacingSection_qml.cpp.aotstats
[ 63%] Building CXX object muse/framework/midiremote/qml/Muse/MidiRemote/CMakeFiles/muse_midiremote_qmlplugin.dir/muse_midiremote_qmlplugin_Muse_MidiRemotePlugin.cpp.o
[ 63%] Generating .rcc/qmlcache/preferences_qml_internal/FFmpegSection_qml.cpp, .rcc/qmlcache/preferences_qml_internal/FFmpegSection_qml.cpp.aotstats
[ 63%] Built target muse_cloud_qmlplugin_autogen
[ 63%] Built target muse_shortcuts_qmlplugin_autogen_timestamp_deps
[ 63%] Generating .rcc/qmlcache/propertiespanel_qml_general/playback/PlaybackSettings_qml.cpp, .rcc/qmlcache/propertiespanel_qml_general/playback/PlaybackSettings_qml.cpp.aotstats
[ 63%] Generating .rcc/qmlcache/preferences_qml_internal/FoldersSection_qml.cpp, .rcc/qmlcache/preferences_qml_internal/FoldersSection_qml.cpp.aotstats
[ 63%] Generating .rcc/qmlcache/propertiespanel_qml_general/playback/internal/ArpeggioExpandableBlank_qml.cpp, .rcc/qmlcache/propertiespanel_qml_general/playback/internal/ArpeggioExpandableBlank_qml.cpp.aotstats
[ 63%] Generating .rcc/qmlcache/preferences_qml_internal/ImportStyleSection_qml.cpp, .rcc/qmlcache/preferences_qml_internal/ImportStyleSection_qml.cpp.aotstats
[ 63%] Built target muse_workspace_qmlplugin_autogen_timestamp_deps
[ 63%] Generating .rcc/qmlcache/propertiespanel_qml_general/playback/internal/BreathExpandableBlank_qml.cpp, .rcc/qmlcache/propertiespanel_qml_general/playback/internal/BreathExpandableBlank_qml.cpp.aotstats
[ 63%] Building CXX object muse/framework/update/qml/Muse/Update/CMakeFiles/muse_update_qmlplugin.dir/muse_update_qmlplugin_autogen/mocs_compilation.cpp.o
[ 64%] Building CXX object muse/framework/update/qml/Muse/Update/CMakeFiles/muse_update_qmlplugin.dir/muse_update_qmlplugin_Muse_UpdatePlugin.cpp.o
[ 64%] Linking CXX static library libmuse_automation_qmlplugin.a
[ 64%] Generating .rcc/qmlcache/preferences_qml_internal/IncrementalPropertyControlWithTitle_qml.cpp, .rcc/qmlcache/preferences_qml_internal/IncrementalPropertyControlWithTitle_qml.cpp.aotstats
[ 64%] Generating .rcc/qmlcache/preferences_qml_internal/KeyboardLayoutsSection_qml.cpp, .rcc/qmlcache/preferences_qml_internal/KeyboardLayoutsSection_qml.cpp.aotstats
[ 64%] Built target muse_automation_qmlplugin
[ 64%] Generating .rcc/qmlcache/propertiespanel_qml_general/playback/internal/FermataExpandableBlank_qml.cpp, .rcc/qmlcache/propertiespanel_qml_general/playback/internal/FermataExpandableBlank_qml.cpp.aotstats
[ 64%] Automatic MOC and UIC for target muse_legacytreeview_qmlplugin
[ 64%] Generating .rcc/qmlcache/propertiespanel_qml_general/playback/internal/GlissandoExpandableBlank_qml.cpp, .rcc/qmlcache/propertiespanel_qml_general/playback/internal/GlissandoExpandableBlank_qml.cpp.aotstats
[ 64%] Building CXX object muse/framework/cloud/qml/Muse/Cloud/CMakeFiles/muse_cloud_qmlplugin.dir/muse_cloud_qmlplugin_autogen/mocs_compilation.cpp.o
[ 64%] Generating .rcc/qmlcache/preferences_qml_internal/LanguagesSection_qml.cpp, .rcc/qmlcache/preferences_qml_internal/LanguagesSection_qml.cpp.aotstats
[ 64%] Building CXX object muse/framework/cloud/qml/Muse/Cloud/CMakeFiles/muse_cloud_qmlplugin.dir/muse_cloud_qmlplugin_Muse_CloudPlugin.cpp.o
[ 64%] Linking CXX static library libmuse_rcommand_qmlplugin.a
[ 64%] Built target muse_legacytreeview_qmlplugin_autogen
[ 64%] Automatic MOC and UIC for target muse_shortcuts_qmlplugin
[ 64%] Generating .rcc/qmlcache/propertiespanel_qml_general/playback/internal/GradualTempoChangeBlank_qml.cpp, .rcc/qmlcache/propertiespanel_qml_general/playback/internal/GradualTempoChangeBlank_qml.cpp.aotstats
[ 64%] Built target muse_rcommand_qmlplugin
[ 64%] Generating .rcc/qmlcache/preferences_qml_internal/MeiSection_qml.cpp, .rcc/qmlcache/preferences_qml_internal/MeiSection_qml.cpp.aotstats
[ 64%] Generating .rcc/qmlcache/propertiespanel_qml_general/playback/internal/NoteExpandableBlank_qml.cpp, .rcc/qmlcache/propertiespanel_qml_general/playback/internal/NoteExpandableBlank_qml.cpp.aotstats
[ 64%] Linking CXX static library libmuse_tours_qmlplugin.a
[ 64%] Automatic MOC and UIC for target muse_workspace_qmlplugin
[ 65%] Generating .rcc/qmlcache/preferences_qml_internal/MidiDevicesSection_qml.cpp, .rcc/qmlcache/preferences_qml_internal/MidiDevicesSection_qml.cpp.aotstats
[ 65%] Built target muse_tours_qmlplugin
[ 65%] Generating .rcc/qmlcache/propertiespanel_qml_measures/InsertMeasuresPopup_qml.cpp, .rcc/qmlcache/propertiespanel_qml_measures/InsertMeasuresPopup_qml.cpp.aotstats
[ 65%] Built target muse_shortcuts_qmlplugin_autogen
[ 65%] Linking CXX static library libmuse_multiwindows_qmlplugin.a
[ 65%] Building CXX object muse/framework/uicomponents/qml/Muse/UiComponents/LegacyTreeView/CMakeFiles/muse_legacytreeview_qmlplugin.dir/muse_legacytreeview_qmlplugin_autogen/mocs_compilation.cpp.o
[ 65%] Building CXX object muse/framework/uicomponents/qml/Muse/UiComponents/LegacyTreeView/CMakeFiles/muse_legacytreeview_qmlplugin.dir/muse_legacytreeview_qmlplugin_Muse_UiComponents_LegacyTreeViewPlugin.cpp.o
[ 65%] Built target muse_multiwindows_qmlplugin
[ 65%] Generating .rcc/qmlcache/propertiespanel_qml_measures/MeasuresFlowSection_qml.cpp, .rcc/qmlcache/propertiespanel_qml_measures/MeasuresFlowSection_qml.cpp.aotstats
[ 65%] Building CXX object muse/framework/shortcuts/qml/Muse/Shortcuts/CMakeFiles/muse_shortcuts_qmlplugin.dir/muse_shortcuts_qmlplugin_autogen/mocs_compilation.cpp.o
[ 65%] Linking CXX static library libmuse_learn_qmlplugin.a
[ 65%] Building CXX object muse/framework/shortcuts/qml/Muse/Shortcuts/CMakeFiles/muse_shortcuts_qmlplugin.dir/muse_shortcuts_qmlplugin_Muse_ShortcutsPlugin.cpp.o
[ 65%] Generating .rcc/qmlcache/preferences_qml_internal/MidiSection_qml.cpp, .rcc/qmlcache/preferences_qml_internal/MidiSection_qml.cpp.aotstats
[ 65%] Built target muse_workspace_qmlplugin_autogen
[ 65%] Generating .rcc/qmlcache/propertiespanel_qml_measures/MeasuresSection_qml.cpp, .rcc/qmlcache/propertiespanel_qml_measures/MeasuresSection_qml.cpp.aotstats
[ 65%] Generating .rcc/qmlcache/preferences_qml_internal/MiscellaneousSection_qml.cpp, .rcc/qmlcache/preferences_qml_internal/MiscellaneousSection_qml.cpp.aotstats
[ 65%] Built target muse_learn_qmlplugin
[ 65%] Building CXX object muse/framework/workspace/qml/Muse/Workspace/CMakeFiles/muse_workspace_qmlplugin.dir/muse_workspace_qmlplugin_autogen/mocs_compilation.cpp.o
[ 65%] Building CXX object muse/framework/workspace/qml/Muse/Workspace/CMakeFiles/muse_workspace_qmlplugin.dir/muse_workspace_qmlplugin_Muse_WorkspacePlugin.cpp.o
[ 65%] Generating .rcc/qmlcache/propertiespanel_qml_notation/NotationMultiElementView_qml.cpp, .rcc/qmlcache/propertiespanel_qml_notation/NotationMultiElementView_qml.cpp.aotstats
[ 66%] Linking CXX static library libmuse_diagnostics_qml.a
[ 66%] Generating .rcc/qmlcache/preferences_qml_internal/MixerSection_qml.cpp, .rcc/qmlcache/preferences_qml_internal/MixerSection_qml.cpp.aotstats
[ 66%] Generating .rcc/qmlcache/preferences_qml_internal/MnxSection_qml.cpp, .rcc/qmlcache/preferences_qml_internal/MnxSection_qml.cpp.aotstats
[ 66%] Generating .rcc/qmlcache/propertiespanel_qml_notation/NotationSectionLoader_qml.cpp, .rcc/qmlcache/propertiespanel_qml_notation/NotationSectionLoader_qml.cpp.aotstats
[ 66%] Built target muse_diagnostics_qml
[ 66%] Generating .rcc/qmlcache/propertiespanel_qml_notation/NotationSingleElementView_qml.cpp, .rcc/qmlcache/propertiespanel_qml_notation/NotationSingleElementView_qml.cpp.aotstats
[ 66%] Generating .rcc/qmlcache/propertiespanel_qml_notation/accidentals/AccidentalSettings_qml.cpp, .rcc/qmlcache/propertiespanel_qml_notation/accidentals/AccidentalSettings_qml.cpp.aotstats
[ 66%] Generating .rcc/qmlcache/preferences_qml_internal/MusicXmlSection_qml.cpp, .rcc/qmlcache/preferences_qml_internal/MusicXmlSection_qml.cpp.aotstats
[ 66%] Generating .rcc/qmlcache/propertiespanel_qml_notation/ambituses/AmbitusSettings_qml.cpp, .rcc/qmlcache/propertiespanel_qml_notation/ambituses/AmbitusSettings_qml.cpp.aotstats
[ 66%] Built target muse_uicomponents_qml_tests
[ 66%] Built target muse_diagnostics_qmlplugin_autogen_timestamp_deps
[ 66%] Generating .rcc/qmlcache/preferences_qml_internal/NoteInput/FretboardDiagramsSection_qml.cpp, .rcc/qmlcache/preferences_qml_internal/NoteInput/FretboardDiagramsSection_qml.cpp.aotstats
[ 66%] Generating .rcc/qmlcache/propertiespanel_qml_notation/articulations/ArticulationSettings_qml.cpp, .rcc/qmlcache/propertiespanel_qml_notation/articulations/ArticulationSettings_qml.cpp.aotstats
[ 66%] Generating .rcc/qmlcache/preferences_qml_internal/NoteInput/MidiInputSection_qml.cpp, .rcc/qmlcache/preferences_qml_internal/NoteInput/MidiInputSection_qml.cpp.aotstats
[ 66%] Generating .rcc/qmlcache/propertiespanel_qml_notation/barlines/BarlineSettings_qml.cpp, .rcc/qmlcache/propertiespanel_qml_notation/barlines/BarlineSettings_qml.cpp.aotstats
[ 66%] Generating .rcc/qmlcache/preferences_qml_internal/NoteInput/NoteColorsSection_qml.cpp, .rcc/qmlcache/preferences_qml_internal/NoteInput/NoteColorsSection_qml.cpp.aotstats
[ 66%] Automatic MOC and UIC for target muse_diagnostics_qmlplugin
[ 66%] Generating .rcc/qmlcache/propertiespanel_qml_notation/beams/BeamTypeSelector_qml.cpp, .rcc/qmlcache/propertiespanel_qml_notation/beams/BeamTypeSelector_qml.cpp.aotstats
[ 66%] Generating .rcc/qmlcache/preferences_qml_internal/NoteInput/NoteInputSection_qml.cpp, .rcc/qmlcache/preferences_qml_internal/NoteInput/NoteInputSection_qml.cpp.aotstats
[ 66%] Built target muse_diagnostics_qmlplugin_autogen
[ 66%] Building CXX object muse/framework/diagnostics/qml/Muse/Diagnostics/CMakeFiles/muse_diagnostics_qmlplugin.dir/muse_diagnostics_qmlplugin_autogen/mocs_compilation.cpp.o
[ 66%] Generating .rcc/qmlcache/propertiespanel_qml_notation/bends/BendSettings_qml.cpp, .rcc/qmlcache/propertiespanel_qml_notation/bends/BendSettings_qml.cpp.aotstats
[ 66%] Building CXX object muse/framework/diagnostics/qml/Muse/Diagnostics/CMakeFiles/muse_diagnostics_qmlplugin.dir/muse_diagnostics_qmlplugin_Muse_DiagnosticsPlugin.cpp.o
[ 66%] Generating .rcc/qmlcache/preferences_qml_internal/NoteInput/NotePreviewSection_qml.cpp, .rcc/qmlcache/preferences_qml_internal/NoteInput/NotePreviewSection_qml.cpp.aotstats
[ 66%] Generating .rcc/qmlcache/propertiespanel_qml_notation/brackets/BracketSettings_qml.cpp, .rcc/qmlcache/propertiespanel_qml_notation/brackets/BracketSettings_qml.cpp.aotstats
[ 66%] Linking CXX static library libmuse_midiremote_qmlplugin.a
[ 66%] Built target muse_midiremote_qmlplugin
[ 66%] Generating .rcc/qmlcache/preferences_qml_internal/NoteInput/VoiceAssignmentSection_qml.cpp, .rcc/qmlcache/preferences_qml_internal/NoteInput/VoiceAssignmentSection_qml.cpp.aotstats
[ 66%] Generating .rcc/qmlcache/preferences_qml_internal/OnlineSoundsSection_qml.cpp, .rcc/qmlcache/preferences_qml_internal/OnlineSoundsSection_qml.cpp.aotstats
[ 66%] Generating .rcc/qmlcache/propertiespanel_qml_notation/chordsymbols/ChordSymbolSettings_qml.cpp, .rcc/qmlcache/propertiespanel_qml_notation/chordsymbols/ChordSymbolSettings_qml.cpp.aotstats
[ 66%] Generating .rcc/qmlcache/preferences_qml_internal/PageSection_qml.cpp, .rcc/qmlcache/preferences_qml_internal/PageSection_qml.cpp.aotstats
[ 66%] Generating .rcc/qmlcache/preferences_qml_internal/PlaybackQualitySection_qml.cpp, .rcc/qmlcache/preferences_qml_internal/PlaybackQualitySection_qml.cpp.aotstats
[ 67%] Generating .rcc/qmlcache/propertiespanel_qml_notation/clefs/ClefSettings_qml.cpp, .rcc/qmlcache/propertiespanel_qml_notation/clefs/ClefSettings_qml.cpp.aotstats
[ 67%] Generating .rcc/qmlcache/preferences_qml_internal/PreferencesButtonsPanel_qml.cpp, .rcc/qmlcache/preferences_qml_internal/PreferencesButtonsPanel_qml.cpp.aotstats
[ 67%] Linking CXX static library libmusesounds_qml.a
[ 67%] Generating .rcc/qmlcache/preferences_qml_internal/PreferencesMenu_qml.cpp, .rcc/qmlcache/preferences_qml_internal/PreferencesMenu_qml.cpp.aotstats
[ 67%] Linking CXX static library libmuse_update_qmlplugin.a
[ 67%] Generating .rcc/qmlcache/propertiespanel_qml_notation/dynamics/DynamicsSettings_qml.cpp, .rcc/qmlcache/propertiespanel_qml_notation/dynamics/DynamicsSettings_qml.cpp.aotstats
[ 67%] Built target musesounds_qml
[ 67%] Built target muse_update_qmlplugin
[ 67%] Generating .rcc/qmlcache/preferences_qml_internal/ProgramStartSection_qml.cpp, .rcc/qmlcache/preferences_qml_internal/ProgramStartSection_qml.cpp.aotstats
[ 67%] Built target musesounds_qmlplugin_autogen_timestamp_deps
[ 67%] Generating .rcc/qmlcache/propertiespanel_qml_notation/expressions/ExpressionSettings_qml.cpp, .rcc/qmlcache/propertiespanel_qml_notation/expressions/ExpressionSettings_qml.cpp.aotstats
[ 67%] Automatic MOC and UIC for target musesounds_qmlplugin
[ 67%] Generating .rcc/qmlcache/preferences_qml_internal/PublishMuseScoreComSection_qml.cpp, .rcc/qmlcache/preferences_qml_internal/PublishMuseScoreComSection_qml.cpp.aotstats
[ 67%] Generating .rcc/qmlcache/propertiespanel_qml_notation/fermatas/FermataSettings_qml.cpp, .rcc/qmlcache/propertiespanel_qml_notation/fermatas/FermataSettings_qml.cpp.aotstats
[ 67%] Linking CXX static library libmuse_testflow_qml.a
[ 67%] Built target muse_testflow_qml
[ 67%] Generating .rcc/qmlcache/preferences_qml_internal/RemoteControlSection_qml.cpp, .rcc/qmlcache/preferences_qml_internal/RemoteControlSection_qml.cpp.aotstats
[ 67%] Generating .rcc/qmlcache/preferences_qml_internal/SaveToCloudSection_qml.cpp, .rcc/qmlcache/preferences_qml_internal/SaveToCloudSection_qml.cpp.aotstats
[ 67%] Built target muse_testflow_qmlplugin_autogen_timestamp_deps
[ 67%] Generating .rcc/qmlcache/propertiespanel_qml_notation/frames/FretFrameSettings_qml.cpp, .rcc/qmlcache/propertiespanel_qml_notation/frames/FretFrameSettings_qml.cpp.aotstats
[ 67%] Built target musesounds_qmlplugin_autogen
[ 67%] Linking CXX static library libmuse_cloud_qmlplugin.a
[ 67%] Automatic MOC and UIC for target muse_testflow_qmlplugin
[ 67%] Generating .rcc/qmlcache/preferences_qml_internal/ScrollPagesSection_qml.cpp, .rcc/qmlcache/preferences_qml_internal/ScrollPagesSection_qml.cpp.aotstats
[ 67%] Generating .rcc/qmlcache/propertiespanel_qml_notation/frames/HorizontalFrameSettings_qml.cpp, .rcc/qmlcache/propertiespanel_qml_notation/frames/HorizontalFrameSettings_qml.cpp.aotstats
[ 67%] Built target muse_cloud_qmlplugin
[ 67%] Building CXX object src/musesounds/qml/MuseScore/MuseSounds/CMakeFiles/musesounds_qmlplugin.dir/musesounds_qmlplugin_autogen/mocs_compilation.cpp.o
[ 67%] Generating .rcc/qmlcache/preferences_qml_internal/ThemeAdditionalOptionsSection_qml.cpp, .rcc/qmlcache/preferences_qml_internal/ThemeAdditionalOptionsSection_qml.cpp.aotstats
[ 67%] Building CXX object src/musesounds/qml/MuseScore/MuseSounds/CMakeFiles/musesounds_qmlplugin.dir/musesounds_qmlplugin_MuseScore_MuseSoundsPlugin.cpp.o
[ 67%] Generating .rcc/qmlcache/propertiespanel_qml_notation/frames/TextFrameSettings_qml.cpp, .rcc/qmlcache/propertiespanel_qml_notation/frames/TextFrameSettings_qml.cpp.aotstats
[ 67%] Generating .rcc/qmlcache/preferences_qml_internal/ThemeSample_qml.cpp, .rcc/qmlcache/preferences_qml_internal/ThemeSample_qml.cpp.aotstats
[ 67%] Linking CXX static library libmuse_legacytreeview_qmlplugin.a
[ 67%] Generating .rcc/qmlcache/preferences_qml_internal/ThemesSection_qml.cpp, .rcc/qmlcache/preferences_qml_internal/ThemesSection_qml.cpp.aotstats
[ 67%] Generating .rcc/qmlcache/propertiespanel_qml_notation/frames/VerticalFrameSettings_qml.cpp, .rcc/qmlcache/propertiespanel_qml_notation/frames/VerticalFrameSettings_qml.cpp.aotstats
[ 67%] Generating .rcc/qmlcache/preferences_qml_internal/UiColorsSection_qml.cpp, .rcc/qmlcache/preferences_qml_internal/UiColorsSection_qml.cpp.aotstats
[ 67%] Built target muse_legacytreeview_qmlplugin
[ 67%] Built target muse_testflow_qmlplugin_autogen
[ 67%] Linking CXX static library libmuse_workspace_qmlplugin.a
[ 67%] Generating .rcc/qmlcache/preferences_qml_internal/UiFontSection_qml.cpp, .rcc/qmlcache/preferences_qml_internal/UiFontSection_qml.cpp.aotstats
[ 67%] Generating .rcc/qmlcache/propertiespanel_qml_notation/frames/internal/FretFrameAlignmentSection_qml.cpp, .rcc/qmlcache/propertiespanel_qml_notation/frames/internal/FretFrameAlignmentSection_qml.cpp.aotstats
[ 67%] Linking CXX static library libmuse_interactive_qml.a
[ 67%] Built target muse_workspace_qmlplugin
[ 67%] Building CXX object muse/framework/testflow/qml/Muse/Testflow/CMakeFiles/muse_testflow_qmlplugin.dir/muse_testflow_qmlplugin_autogen/mocs_compilation.cpp.o
[ 67%] Building CXX object muse/framework/testflow/qml/Muse/Testflow/CMakeFiles/muse_testflow_qmlplugin.dir/muse_testflow_qmlplugin_Muse_TestflowPlugin.cpp.o
[ 67%] Generating .rcc/qmlcache/preferences_qml_internal/WelcomeDialogSection_qml.cpp, .rcc/qmlcache/preferences_qml_internal/WelcomeDialogSection_qml.cpp.aotstats
[ 67%] Generating .rcc/qmlcache/propertiespanel_qml_notation/frames/internal/FretFrameChordsControlPanel_qml.cpp, .rcc/qmlcache/propertiespanel_qml_notation/frames/internal/FretFrameChordsControlPanel_qml.cpp.aotstats
[ 67%] Built target muse_interactive_qml
[ 67%] Generating .rcc/qmlcache/preferences_qml_internal/ZoomSection_qml.cpp, .rcc/qmlcache/preferences_qml_internal/ZoomSection_qml.cpp.aotstats
[ 67%] Generating .rcc/qmlcache/propertiespanel_qml_notation/frames/internal/FretFrameChordsTab_qml.cpp, .rcc/qmlcache/propertiespanel_qml_notation/frames/internal/FretFrameChordsTab_qml.cpp.aotstats
[ 67%] Generating .rcc/qmlcache/propertiespanel_qml_notation/frames/internal/FretFrameChordsView_qml.cpp, .rcc/qmlcache/propertiespanel_qml_notation/frames/internal/FretFrameChordsView_qml.cpp.aotstats
[ 67%] Linking CXX static library libmuse_shortcuts_qmlplugin.a
[ 67%] Built target muse_interactive_qmlplugin_autogen_timestamp_deps
[ 67%] Generating .rcc/qmlcache/propertiespanel_qml_notation/frames/internal/FretFrameGapsSection_qml.cpp, .rcc/qmlcache/propertiespanel_qml_notation/frames/internal/FretFrameGapsSection_qml.cpp.aotstats
[ 67%] Built target muse_shortcuts_qmlplugin
[ 67%] Generating .rcc/qmlcache/propertiespanel_qml_notation/frames/internal/FretFrameScalesSection_qml.cpp, .rcc/qmlcache/propertiespanel_qml_notation/frames/internal/FretFrameScalesSection_qml.cpp.aotstats
[ 67%] Automatic MOC and UIC for target muse_interactive_qmlplugin
[ 67%] Generating .rcc/qmlcache/propertiespanel_qml_notation/frames/internal/FretFrameSettingsTab_qml.cpp, .rcc/qmlcache/propertiespanel_qml_notation/frames/internal/FretFrameSettingsTab_qml.cpp.aotstats
[ 67%] Generating .rcc/qmlcache/propertiespanel_qml_notation/frames/internal/HorizontalGapsSection_qml.cpp, .rcc/qmlcache/propertiespanel_qml_notation/frames/internal/HorizontalGapsSection_qml.cpp.aotstats
[ 67%] Generating .rcc/qmlcache/propertiespanel_qml_notation/frames/internal/HorizontalMarginsSection_qml.cpp, .rcc/qmlcache/propertiespanel_qml_notation/frames/internal/HorizontalMarginsSection_qml.cpp.aotstats
[ 67%] Generating .rcc/qmlcache/propertiespanel_qml_notation/frames/internal/VerticalGapsSection_qml.cpp, .rcc/qmlcache/propertiespanel_qml_notation/frames/internal/VerticalGapsSection_qml.cpp.aotstats
[ 67%] Generating .rcc/qmlcache/propertiespanel_qml_notation/frames/internal/VerticalMarginsSection_qml.cpp, .rcc/qmlcache/propertiespanel_qml_notation/frames/internal/VerticalMarginsSection_qml.cpp.aotstats
[ 67%] Generating .rcc/qmlcache/propertiespanel_qml_notation/fretdiagrams/FretDiagramSettings_qml.cpp, .rcc/qmlcache/propertiespanel_qml_notation/fretdiagrams/FretDiagramSettings_qml.cpp.aotstats
[ 67%] Built target muse_interactive_qmlplugin_autogen
[ 67%] Building CXX object muse/framework/interactive/qml/Muse/Interactive/CMakeFiles/muse_interactive_qmlplugin.dir/muse_interactive_qmlplugin_autogen/mocs_compilation.cpp.o
[ 67%] Building CXX object muse/framework/interactive/qml/Muse/Interactive/CMakeFiles/muse_interactive_qmlplugin.dir/muse_interactive_qmlplugin_Muse_InteractivePlugin.cpp.o
[ 67%] Generating .rcc/qmlcache/propertiespanel_qml_notation/fretdiagrams/internal/FretAdvancedSettingsTab_qml.cpp, .rcc/qmlcache/propertiespanel_qml_notation/fretdiagrams/internal/FretAdvancedSettingsTab_qml.cpp.aotstats
[ 67%] Generating .rcc/qmlcache/propertiespanel_qml_notation/fretdiagrams/internal/FretDiagramTabPanel_qml.cpp, .rcc/qmlcache/propertiespanel_qml_notation/fretdiagrams/internal/FretDiagramTabPanel_qml.cpp.aotstats
[ 67%] Generating .rcc/qmlcache/propertiespanel_qml_notation/fretdiagrams/internal/FretGeneralSettingsTab_qml.cpp, .rcc/qmlcache/propertiespanel_qml_notation/fretdiagrams/internal/FretGeneralSettingsTab_qml.cpp.aotstats
[ 67%] Generating .rcc/qmlcache/propertiespanel_qml_notation/images/ImageSettings_qml.cpp, .rcc/qmlcache/propertiespanel_qml_notation/images/ImageSettings_qml.cpp.aotstats
[ 67%] Generating .rcc/qmlcache/propertiespanel_qml_notation/instrumentname/InstrumentNameSettings_qml.cpp, .rcc/qmlcache/propertiespanel_qml_notation/instrumentname/InstrumentNameSettings_qml.cpp.aotstats
[ 67%] Generating .rcc/qmlcache/propertiespanel_qml_notation/jumps/JumpSettings_qml.cpp, .rcc/qmlcache/propertiespanel_qml_notation/jumps/JumpSettings_qml.cpp.aotstats
[ 67%] Generating .rcc/qmlcache/propertiespanel_qml_notation/keysignatures/KeySignatureSettings_qml.cpp, .rcc/qmlcache/propertiespanel_qml_notation/keysignatures/KeySignatureSettings_qml.cpp.aotstats
[ 67%] Generating .rcc/qmlcache/propertiespanel_qml_notation/lines/ChordBracketSettings_qml.cpp, .rcc/qmlcache/propertiespanel_qml_notation/lines/ChordBracketSettings_qml.cpp.aotstats
[ 67%] Generating .rcc/qmlcache/propertiespanel_qml_notation/lines/GlissandoSettings_qml.cpp, .rcc/qmlcache/propertiespanel_qml_notation/lines/GlissandoSettings_qml.cpp.aotstats
[ 67%] Generating .rcc/qmlcache/propertiespanel_qml_notation/lines/GradualTempoChangeSettings_qml.cpp, .rcc/qmlcache/propertiespanel_qml_notation/lines/GradualTempoChangeSettings_qml.cpp.aotstats
[ 67%] Generating .rcc/qmlcache/propertiespanel_qml_notation/lines/HairpinLineSettings_qml.cpp, .rcc/qmlcache/propertiespanel_qml_notation/lines/HairpinLineSettings_qml.cpp.aotstats
[ 67%] Generating .rcc/qmlcache/propertiespanel_qml_notation/lines/LineSettings_qml.cpp, .rcc/qmlcache/propertiespanel_qml_notation/lines/LineSettings_qml.cpp.aotstats
[ 67%] Building CXX object src/preferences/qml/MuseScore/Preferences/CMakeFiles/preferences_qml.dir/Unity/unity_7_cxx.cxx.o
[ 67%] Building CXX object src/preferences/qml/MuseScore/Preferences/CMakeFiles/preferences_qml.dir/Unity/unity_6_cxx.cxx.o
[ 67%] Generating .rcc/qmlcache/propertiespanel_qml_notation/lines/LyricsLineSettings_qml.cpp, .rcc/qmlcache/propertiespanel_qml_notation/lines/LyricsLineSettings_qml.cpp.aotstats
[ 67%] Building CXX object src/preferences/qml/MuseScore/Preferences/CMakeFiles/preferences_qml.dir/Unity/unity_5_cxx.cxx.o
[ 67%] Generating .rcc/qmlcache/propertiespanel_qml_notation/lines/SlurAndTieSettings_qml.cpp, .rcc/qmlcache/propertiespanel_qml_notation/lines/SlurAndTieSettings_qml.cpp.aotstats
[ 67%] Generating .rcc/qmlcache/propertiespanel_qml_notation/lines/VibratoSettings_qml.cpp, .rcc/qmlcache/propertiespanel_qml_notation/lines/VibratoSettings_qml.cpp.aotstats
[ 67%] Generating .rcc/qmlcache/propertiespanel_qml_notation/lines/internal/CrescDimLineStyleSettings_qml.cpp, .rcc/qmlcache/propertiespanel_qml_notation/lines/internal/CrescDimLineStyleSettings_qml.cpp.aotstats
[ 67%] Linking CXX static library libmuse_diagnostics_qmlplugin.a
[ 68%] Generating .rcc/qmlcache/propertiespanel_qml_notation/lines/internal/GradualTempoChangePositionSettingsTab_qml.cpp, .rcc/qmlcache/propertiespanel_qml_notation/lines/internal/GradualTempoChangePositionSettingsTab_qml.cpp.aotstats
[ 68%] Built target muse_diagnostics_qmlplugin
[ 68%] Building CXX object src/preferences/qml/MuseScore/Preferences/CMakeFiles/preferences_qml.dir/Unity/unity_4_cxx.cxx.o
[ 68%] Generating .rcc/qmlcache/propertiespanel_qml_notation/lines/internal/GradualTempoChangeStyleTab_qml.cpp, .rcc/qmlcache/propertiespanel_qml_notation/lines/internal/GradualTempoChangeStyleTab_qml.cpp.aotstats
[ 68%] Generating .rcc/qmlcache/propertiespanel_qml_notation/lines/internal/HairpinPositionSettingsTab_qml.cpp, .rcc/qmlcache/propertiespanel_qml_notation/lines/internal/HairpinPositionSettingsTab_qml.cpp.aotstats
[ 68%] Generating .rcc/qmlcache/propertiespanel_qml_notation/lines/internal/HairpinStyleSettings_qml.cpp, .rcc/qmlcache/propertiespanel_qml_notation/lines/internal/HairpinStyleSettings_qml.cpp.aotstats
[ 68%] Generating .rcc/qmlcache/propertiespanel_qml_notation/lines/internal/HooksAndArrowsSection_qml.cpp, .rcc/qmlcache/propertiespanel_qml_notation/lines/internal/HooksAndArrowsSection_qml.cpp.aotstats
[ 68%] Building CXX object src/preferences/qml/MuseScore/Preferences/CMakeFiles/preferences_qml.dir/Unity/unity_3_cxx.cxx.o
[ 68%] Generating .rcc/qmlcache/propertiespanel_qml_notation/lines/internal/HooksSection_qml.cpp, .rcc/qmlcache/propertiespanel_qml_notation/lines/internal/HooksSection_qml.cpp.aotstats
[ 68%] Generating .rcc/qmlcache/propertiespanel_qml_notation/lines/internal/LineStyleSection_qml.cpp, .rcc/qmlcache/propertiespanel_qml_notation/lines/internal/LineStyleSection_qml.cpp.aotstats
[ 68%] Generating .rcc/qmlcache/propertiespanel_qml_notation/lines/internal/LineTextSettingsTab_qml.cpp, .rcc/qmlcache/propertiespanel_qml_notation/lines/internal/LineTextSettingsTab_qml.cpp.aotstats
[ 68%] Building CXX object src/preferences/qml/MuseScore/Preferences/CMakeFiles/preferences_qml.dir/Unity/unity_2_cxx.cxx.o
[ 68%] Generating .rcc/qmlcache/propertiespanel_qml_notation/lines/internal/LineWithHooksCommonStyleSettings_qml.cpp, .rcc/qmlcache/propertiespanel_qml_notation/lines/internal/LineWithHooksCommonStyleSettings_qml.cpp.aotstats
[ 68%] Building CXX object src/preferences/qml/MuseScore/Preferences/CMakeFiles/preferences_qml.dir/Unity/unity_1_cxx.cxx.o
[ 68%] Generating .rcc/qmlcache/propertiespanel_qml_notation/lines/internal/OttavaStyleSettings_qml.cpp, .rcc/qmlcache/propertiespanel_qml_notation/lines/internal/OttavaStyleSettings_qml.cpp.aotstats
[ 68%] Generating .rcc/qmlcache/propertiespanel_qml_notation/lines/internal/PedalStyleSettings_qml.cpp, .rcc/qmlcache/propertiespanel_qml_notation/lines/internal/PedalStyleSettings_qml.cpp.aotstats
[ 68%] Generating .rcc/qmlcache/propertiespanel_qml_notation/lines/internal/VoltaStyleSettings_qml.cpp, .rcc/qmlcache/propertiespanel_qml_notation/lines/internal/VoltaStyleSettings_qml.cpp.aotstats
[ 68%] Building CXX object src/preferences/qml/MuseScore/Preferences/CMakeFiles/preferences_qml.dir/Unity/unity_0_cxx.cxx.o
[ 68%] Generating .rcc/qmlcache/propertiespanel_qml_notation/lyrics/LyricsSettings_qml.cpp, .rcc/qmlcache/propertiespanel_qml_notation/lyrics/LyricsSettings_qml.cpp.aotstats
[ 68%] Linking CXX static library libmuse_mpe_qml.a
[ 68%] Built target muse_mpe_qml
[ 68%] Generating .rcc/qmlcache/propertiespanel_qml_notation/markers/MarkerSettings_qml.cpp, .rcc/qmlcache/propertiespanel_qml_notation/markers/MarkerSettings_qml.cpp.aotstats
[ 68%] Generating .rcc/qmlcache/propertiespanel_qml_notation/measurerepeats/MeasureRepeatSettings_qml.cpp, .rcc/qmlcache/propertiespanel_qml_notation/measurerepeats/MeasureRepeatSettings_qml.cpp.aotstats
[ 68%] Building CXX object src/preferences/qml/MuseScore/Preferences/CMakeFiles/preferences_qml.dir/.qt/rcc/qrc_qmake_MuseScore_Preferences.cpp.o
[ 68%] Built target muse_mpe_qmlplugin_autogen_timestamp_deps
[ 68%] Generating .rcc/qmlcache/propertiespanel_qml_notation/mmrests/MMRestSettings_qml.cpp, .rcc/qmlcache/propertiespanel_qml_notation/mmrests/MMRestSettings_qml.cpp.aotstats
[ 68%] Building CXX object src/preferences/qml/MuseScore/Preferences/CMakeFiles/preferences_qml.dir/.qt/rcc/qrc_preferences_qml_raw_qml_0.cpp.o
[ 68%] Building CXX object src/preferences/qml/MuseScore/Preferences/CMakeFiles/preferences_qml.dir/.qt/rcc/qrc_preferences_qml_raw_qml_0_extra_qmldirs.cpp.o
[ 68%] Automatic MOC and UIC for target muse_mpe_qmlplugin
[ 68%] Generating .rcc/qmlcache/propertiespanel_qml_notation/notes/NoteSettings_qml.cpp, .rcc/qmlcache/propertiespanel_qml_notation/notes/NoteSettings_qml.cpp.aotstats
[ 68%] Generating .rcc/qmlcache/propertiespanel_qml_notation/notes/beams/BeamSettings_qml.cpp, .rcc/qmlcache/propertiespanel_qml_notation/notes/beams/BeamSettings_qml.cpp.aotstats
[ 68%] Linking CXX static library libmusesounds_qmlplugin.a
[ 68%] Generating .rcc/qmlcache/propertiespanel_qml_notation/notes/internal/NoteheadGroupSelector_qml.cpp, .rcc/qmlcache/propertiespanel_qml_notation/notes/internal/NoteheadGroupSelector_qml.cpp.aotstats
[ 68%] Built target musesounds_qmlplugin
[ 68%] Generating .rcc/qmlcache/propertiespanel_qml_notation/notes/internal/NoteheadTypeSelector_qml.cpp, .rcc/qmlcache/propertiespanel_qml_notation/notes/internal/NoteheadTypeSelector_qml.cpp.aotstats
[ 68%] Generating .rcc/qmlcache/propertiespanel_qml_notation/notes/noteheads/HeadSettings_qml.cpp, .rcc/qmlcache/propertiespanel_qml_notation/notes/noteheads/HeadSettings_qml.cpp.aotstats
[ 68%] Built target muse_mpe_qmlplugin_autogen
[ 68%] Generating .rcc/qmlcache/propertiespanel_qml_notation/notes/stems/StemSettings_qml.cpp, .rcc/qmlcache/propertiespanel_qml_notation/notes/stems/StemSettings_qml.cpp.aotstats
[ 68%] Generating .rcc/qmlcache/propertiespanel_qml_notation/ornaments/OrnamentSettings_qml.cpp, .rcc/qmlcache/propertiespanel_qml_notation/ornaments/OrnamentSettings_qml.cpp.aotstats
[ 68%] Linking CXX static library libmuse_testflow_qmlplugin.a
[ 69%] Generating .rcc/qmlcache/propertiespanel_qml_notation/playcounttext/PlayCountSettings_qml.cpp, .rcc/qmlcache/propertiespanel_qml_notation/playcounttext/PlayCountSettings_qml.cpp.aotstats
[ 69%] Building CXX object muse/framework/mpe/qml/Muse/Mpe/CMakeFiles/muse_mpe_qmlplugin.dir/muse_mpe_qmlplugin_autogen/mocs_compilation.cpp.o
[ 69%] Generating .rcc/qmlcache/propertiespanel_qml_notation/rests/RestSettings_qml.cpp, .rcc/qmlcache/propertiespanel_qml_notation/rests/RestSettings_qml.cpp.aotstats
[ 69%] Building CXX object muse/framework/mpe/qml/Muse/Mpe/CMakeFiles/muse_mpe_qmlplugin.dir/muse_mpe_qmlplugin_Muse_MpePlugin.cpp.o
[ 69%] Built target muse_testflow_qmlplugin
[ 69%] Generating .rcc/qmlcache/propertiespanel_qml_notation/rests/beams/RestBeamSettings_qml.cpp, .rcc/qmlcache/propertiespanel_qml_notation/rests/beams/RestBeamSettings_qml.cpp.aotstats
[ 69%] Generating .rcc/qmlcache/propertiespanel_qml_notation/sectionbreaks/SectionBreakSettings_qml.cpp, .rcc/qmlcache/propertiespanel_qml_notation/sectionbreaks/SectionBreakSettings_qml.cpp.aotstats
[ 69%] Generating .rcc/qmlcache/propertiespanel_qml_notation/spacers/SpacerSettings_qml.cpp, .rcc/qmlcache/propertiespanel_qml_notation/spacers/SpacerSettings_qml.cpp.aotstats
[ 69%] Generating .rcc/qmlcache/propertiespanel_qml_notation/stafftype/StaffTypeSettings_qml.cpp, .rcc/qmlcache/propertiespanel_qml_notation/stafftype/StaffTypeSettings_qml.cpp.aotstats
[ 69%] Generating .rcc/qmlcache/propertiespanel_qml_notation/stringtunings/StringTuningsSettings_qml.cpp, .rcc/qmlcache/propertiespanel_qml_notation/stringtunings/StringTuningsSettings_qml.cpp.aotstats
[ 69%] Generating .rcc/qmlcache/propertiespanel_qml_notation/symbols/SymbolSettings_qml.cpp, .rcc/qmlcache/propertiespanel_qml_notation/symbols/SymbolSettings_qml.cpp.aotstats
[ 69%] Generating .rcc/qmlcache/propertiespanel_qml_notation/tempos/TempoRestorePreviousSettings_qml.cpp, .rcc/qmlcache/propertiespanel_qml_notation/tempos/TempoRestorePreviousSettings_qml.cpp.aotstats
[ 69%] Generating .rcc/qmlcache/propertiespanel_qml_notation/tempos/TempoSettings_qml.cpp, .rcc/qmlcache/propertiespanel_qml_notation/tempos/TempoSettings_qml.cpp.aotstats
[ 69%] Generating .rcc/qmlcache/propertiespanel_qml_notation/timesignatures/TimeSignatureSettings_qml.cpp, .rcc/qmlcache/propertiespanel_qml_notation/timesignatures/TimeSignatureSettings_qml.cpp.aotstats
[ 69%] Generating .rcc/qmlcache/propertiespanel_qml_notation/tremolobars/TremoloBarSettings_qml.cpp, .rcc/qmlcache/propertiespanel_qml_notation/tremolobars/TremoloBarSettings_qml.cpp.aotstats
[ 69%] Generating .rcc/qmlcache/propertiespanel_qml_notation/tremolos/TremoloSettings_qml.cpp, .rcc/qmlcache/propertiespanel_qml_notation/tremolos/TremoloSettings_qml.cpp.aotstats
[ 69%] Generating .rcc/qmlcache/propertiespanel_qml_notation/tuplets/TupletSettings_qml.cpp, .rcc/qmlcache/propertiespanel_qml_notation/tuplets/TupletSettings_qml.cpp.aotstats
[ 69%] Linking CXX static library libmuse_interactive_qmlplugin.a
[ 69%] Generating .rcc/qmlcache/propertiespanel_qml_parts/PartsSettings_qml.cpp, .rcc/qmlcache/propertiespanel_qml_parts/PartsSettings_qml.cpp.aotstats
[ 69%] Generating .rcc/qmlcache/propertiespanel_qml_score/HideEmptyStavesSettings_qml.cpp, .rcc/qmlcache/propertiespanel_qml_score/HideEmptyStavesSettings_qml.cpp.aotstats
[ 69%] Built target muse_interactive_qmlplugin
[ 69%] Generating .rcc/qmlcache/propertiespanel_qml_score/ScoreAppearanceSection_qml.cpp, .rcc/qmlcache/propertiespanel_qml_score/ScoreAppearanceSection_qml.cpp.aotstats
[ 69%] Generating .rcc/qmlcache/propertiespanel_qml_score/ScoreDisplaySection_qml.cpp, .rcc/qmlcache/propertiespanel_qml_score/ScoreDisplaySection_qml.cpp.aotstats
[ 69%] Generating .rcc/qmlcache/propertiespanel_qml_systemlayout/SystemLayoutSection_qml.cpp, .rcc/qmlcache/propertiespanel_qml_systemlayout/SystemLayoutSection_qml.cpp.aotstats
[ 69%] Generating .rcc/qmlcache/propertiespanel_qml_text/TextPropertiesSection_qml.cpp, .rcc/qmlcache/propertiespanel_qml_text/TextPropertiesSection_qml.cpp.aotstats
[ 69%] Generating .rcc/qmlcache/propertiespanel_qml_text/TextSettings_qml.cpp, .rcc/qmlcache/propertiespanel_qml_text/TextSettings_qml.cpp.aotstats
[ 69%] Generating .rcc/qmlcache/propertiespanel_qml_text/textstylepopup/FrameSubPopup_qml.cpp, .rcc/qmlcache/propertiespanel_qml_text/textstylepopup/FrameSubPopup_qml.cpp.aotstats
[ 69%] Generating .rcc/qmlcache/propertiespanel_qml_text/textstylepopup/TextStylePopup_qml.cpp, .rcc/qmlcache/propertiespanel_qml_text/textstylepopup/TextStylePopup_qml.cpp.aotstats
[ 69%] Generating .rcc/qmlcache/propertiespanel_qml_text/textstylepopup/TextStyleSubPopup_qml.cpp, .rcc/qmlcache/propertiespanel_qml_text/textstylepopup/TextStyleSubPopup_qml.cpp.aotstats
[ 70%] Building CXX object src/propertiespanel/qml/MuseScore/PropertiesPanel/CMakeFiles/propertiespanel_qml.dir/Unity/unity_19_cxx.cxx.o
[ 70%] Building CXX object src/propertiespanel/qml/MuseScore/PropertiesPanel/CMakeFiles/propertiespanel_qml.dir/Unity/unity_18_cxx.cxx.o
[ 70%] Building CXX object src/propertiespanel/qml/MuseScore/PropertiesPanel/CMakeFiles/propertiespanel_qml.dir/Unity/unity_15_cxx.cxx.o
[ 70%] Building CXX object src/propertiespanel/qml/MuseScore/PropertiesPanel/CMakeFiles/propertiespanel_qml.dir/Unity/unity_13_cxx.cxx.o
[ 70%] Building CXX object src/propertiespanel/qml/MuseScore/PropertiesPanel/CMakeFiles/propertiespanel_qml.dir/Unity/unity_16_cxx.cxx.o
[ 70%] Building CXX object src/propertiespanel/qml/MuseScore/PropertiesPanel/CMakeFiles/propertiespanel_qml.dir/Unity/unity_11_cxx.cxx.o
[ 70%] Building CXX object src/propertiespanel/qml/MuseScore/PropertiesPanel/CMakeFiles/propertiespanel_qml.dir/Unity/unity_14_cxx.cxx.o
[ 70%] Building CXX object src/propertiespanel/qml/MuseScore/PropertiesPanel/CMakeFiles/propertiespanel_qml.dir/Unity/unity_17_cxx.cxx.o
[ 70%] Building CXX object src/propertiespanel/qml/MuseScore/PropertiesPanel/CMakeFiles/propertiespanel_qml.dir/Unity/unity_12_cxx.cxx.o
[ 70%] Building CXX object src/propertiespanel/qml/MuseScore/PropertiesPanel/CMakeFiles/propertiespanel_qml.dir/Unity/unity_10_cxx.cxx.o
[ 70%] Building CXX object src/propertiespanel/qml/MuseScore/PropertiesPanel/CMakeFiles/propertiespanel_qml.dir/Unity/unity_9_cxx.cxx.o
[ 70%] Building CXX object src/propertiespanel/qml/MuseScore/PropertiesPanel/CMakeFiles/propertiespanel_qml.dir/Unity/unity_8_cxx.cxx.o
[ 70%] Linking CXX static library libmuse_dockwindow_qml.a
[ 70%] Linking CXX static library libmuse_mpe_qmlplugin.a
[ 70%] Built target muse_mpe_qmlplugin
[ 70%] Built target muse_dockwindow_qml
[ 70%] Building CXX object src/propertiespanel/qml/MuseScore/PropertiesPanel/CMakeFiles/propertiespanel_qml.dir/Unity/unity_7_cxx.cxx.o
[ 70%] Built target muse_dockwindow_qmlplugin_autogen_timestamp_deps
[ 70%] Automatic MOC and UIC for target muse_dockwindow_qmlplugin
[ 70%] Built target muse_dockwindow_qmlplugin_autogen
[ 70%] Building CXX object src/propertiespanel/qml/MuseScore/PropertiesPanel/CMakeFiles/propertiespanel_qml.dir/Unity/unity_6_cxx.cxx.o
[ 70%] Building CXX object src/propertiespanel/qml/MuseScore/PropertiesPanel/CMakeFiles/propertiespanel_qml.dir/Unity/unity_5_cxx.cxx.o
[ 70%] Building CXX object muse/framework/dockwindow/qml/Muse/Dock/CMakeFiles/muse_dockwindow_qmlplugin.dir/muse_dockwindow_qmlplugin_autogen/mocs_compilation.cpp.o
[ 70%] Building CXX object muse/framework/dockwindow/qml/Muse/Dock/CMakeFiles/muse_dockwindow_qmlplugin.dir/muse_dockwindow_qmlplugin_Muse_DockPlugin.cpp.o
[ 70%] Building CXX object src/propertiespanel/qml/MuseScore/PropertiesPanel/CMakeFiles/propertiespanel_qml.dir/Unity/unity_4_cxx.cxx.o
[ 70%] Linking CXX static library libmuse_extensions_qml.a
[ 70%] Built target muse_extensions_qml
[ 70%] Built target muse_extensions_qmlplugin_autogen_timestamp_deps
[ 70%] Building CXX object src/propertiespanel/qml/MuseScore/PropertiesPanel/CMakeFiles/propertiespanel_qml.dir/Unity/unity_3_cxx.cxx.o
[ 70%] Linking CXX static library libmuse_dockwindow_qmlplugin.a
[ 70%] Built target muse_dockwindow_qmlplugin
[ 70%] Automatic MOC and UIC for target muse_extensions_qmlplugin
[ 70%] Built target muse_extensions_qmlplugin_autogen
[ 70%] Building CXX object muse/framework/extensions/qml/Muse/Extensions/CMakeFiles/muse_extensions_qmlplugin.dir/muse_extensions_qmlplugin_autogen/mocs_compilation.cpp.o
[ 70%] Building CXX object muse/framework/extensions/qml/Muse/Extensions/CMakeFiles/muse_extensions_qmlplugin.dir/muse_extensions_qmlplugin_Muse_ExtensionsPlugin.cpp.o
[ 70%] Building CXX object src/propertiespanel/qml/MuseScore/PropertiesPanel/CMakeFiles/propertiespanel_qml.dir/Unity/unity_2_cxx.cxx.o
[ 70%] Building CXX object src/propertiespanel/qml/MuseScore/PropertiesPanel/CMakeFiles/propertiespanel_qml.dir/Unity/unity_1_cxx.cxx.o
[ 70%] Building CXX object src/propertiespanel/qml/MuseScore/PropertiesPanel/CMakeFiles/propertiespanel_qml.dir/Unity/unity_0_cxx.cxx.o
[ 70%] Linking CXX static library libmuse_extensions_qmlplugin.a
[ 70%] Built target muse_extensions_qmlplugin
[ 70%] Building CXX object src/propertiespanel/qml/MuseScore/PropertiesPanel/CMakeFiles/propertiespanel_qml.dir/.qt/rcc/qrc_qmake_MuseScore_PropertiesPanel.cpp.o
[ 70%] Building CXX object src/propertiespanel/qml/MuseScore/PropertiesPanel/CMakeFiles/propertiespanel_qml.dir/.qt/rcc/qrc_propertiespanel_qml_raw_qml_0.cpp.o
[ 70%] Building CXX object src/propertiespanel/qml/MuseScore/PropertiesPanel/CMakeFiles/propertiespanel_qml.dir/.qt/rcc/qrc_propertiespanel_qml_raw_qml_0_extra_qmldirs.cpp.o
[ 70%] Linking CXX static library libpreferences_qml.a
[ 70%] Built target preferences_qml
[ 70%] Built target preferences_qmlplugin_autogen_timestamp_deps
[ 70%] Automatic MOC and UIC for target preferences_qmlplugin
[ 70%] Built target preferences_qmlplugin_autogen
[ 70%] Building CXX object src/preferences/qml/MuseScore/Preferences/CMakeFiles/preferences_qmlplugin.dir/preferences_qmlplugin_autogen/mocs_compilation.cpp.o
[ 70%] Building CXX object src/preferences/qml/MuseScore/Preferences/CMakeFiles/preferences_qmlplugin.dir/preferences_qmlplugin_MuseScore_PreferencesPlugin.cpp.o
[ 70%] Linking CXX static library libpreferences_qmlplugin.a
[ 70%] Built target preferences_qmlplugin
[ 70%] Linking CXX static library libpropertiespanel_qml.a
[ 70%] Built target propertiespanel_qml
[ 70%] Built target propertiespanel_qmlplugin_autogen_timestamp_deps
[ 70%] Automatic MOC and UIC for target propertiespanel_qmlplugin
[ 70%] Built target propertiespanel_qmlplugin_autogen
[ 71%] Building CXX object src/propertiespanel/qml/MuseScore/PropertiesPanel/CMakeFiles/propertiespanel_qmlplugin.dir/propertiespanel_qmlplugin_autogen/mocs_compilation.cpp.o
[ 71%] Building CXX object src/propertiespanel/qml/MuseScore/PropertiesPanel/CMakeFiles/propertiespanel_qmlplugin.dir/propertiespanel_qmlplugin_MuseScore_PropertiesPanelPlugin.cpp.o
[ 71%] Linking CXX static library libpropertiespanel_qmlplugin.a
[ 71%] Built target propertiespanel_qmlplugin
In file included from /build/musescore-git/src/build/src/engraving/CMakeFiles/engraving.dir/Unity/unity_23_cxx.cxx:37:
/build/musescore-git/src/MuseScore/src/engraving/rendering/score/scorerenderer.cpp: In function ‘void __static_initialization_and_destruction_0()’:
/build/musescore-git/src/MuseScore/src/engraving/rendering/score/scorerenderer.cpp:141:1: note: variable tracking size limit exceeded with ‘-fvar-tracking-assignments’, retrying without
  141 | }
      | ^
[ 71%] Linking CXX static library libengraving.a
[ 71%] Built target engraving
[ 71%] Built target converter_tests_autogen_timestamp_deps
[ 71%] Built target iex_capella_autogen_timestamp_deps
[ 71%] Built target engraving_api_tests_autogen_timestamp_deps
[ 71%] Built target braille_autogen_timestamp_deps
[ 71%] Built target iex_bww_autogen_timestamp_deps
[ 71%] Built target engraving_qml_autogen_timestamp_deps
[ 71%] Built target iex_mnx_autogen_timestamp_deps
[ 71%] Built target iex_videoexport_autogen_timestamp_deps
[ 71%] Built target iex_bb_autogen_timestamp_deps
[ 71%] Built target iex_imagesexport_autogen_timestamp_deps
[ 71%] Built target engraving_tests_autogen_timestamp_deps
[ 71%] Built target iex_guitarpro_autogen_timestamp_deps
[ 71%] Built target iex_mei_autogen_timestamp_deps
[ 71%] Built target iex_midi_autogen_timestamp_deps
[ 71%] Built target iex_lyricsexport_autogen_timestamp_deps
[ 71%] Built target iex_musicxml_autogen_timestamp_deps
[ 71%] Built target iex_ove_autogen_timestamp_deps
[ 71%] Built target instrumentsscene_autogen_timestamp_deps
[ 71%] Built target iex_musedata_autogen_timestamp_deps
[ 71%] Built target iex_tabledit_tests_autogen_timestamp_deps
[ 71%] Built target notation_autogen_timestamp_deps
[ 71%] Automatic MOC and UIC for target iex_bww
[ 72%] Automatic MOC and UIC for target converter_tests
[ 72%] Automatic MOC and UIC for target iex_mei
[ 72%] Automatic MOC and UIC for target engraving_qml
[ 72%] Automatic MOC and UIC for target engraving_api_tests
[ 72%] Automatic MOC and UIC for target iex_ove
[ 72%] Automatic MOC and UIC for target iex_guitarpro
[ 72%] Automatic MOC and UIC for target iex_bb
[ 72%] Automatic MOC and UIC for target iex_capella
[ 72%] Built target palette_autogen_timestamp_deps
[ 72%] Automatic MOC and UIC for target iex_imagesexport
[ 72%] Automatic MOC and UIC for target iex_lyricsexport
[ 72%] Automatic MOC and UIC for target braille
[ 72%] Automatic MOC and UIC for target iex_mnx
[ 72%] Automatic MOC and UIC for target iex_midi
[ 72%] Automatic MOC and UIC for target iex_musicxml
[ 72%] Automatic MOC and UIC for target iex_tabledit_tests
[ 72%] Automatic MOC and UIC for target iex_videoexport
[ 72%] Automatic MOC and UIC for target iex_musedata
[ 72%] Automatic MOC and UIC for target notation
[ 72%] Automatic MOC and UIC for target instrumentsscene
[ 72%] Built target iex_bww_autogen
[ 72%] Built target iex_bb_autogen
[ 72%] Built target iex_imagesexport_autogen
[ 72%] Built target iex_capella_autogen
[ 72%] Built target iex_lyricsexport_autogen
[ 72%] Built target converter_tests_autogen
[ 72%] Built target iex_mnx_autogen
[ 72%] Built target engraving_api_tests_autogen
[ 72%] Built target iex_musedata_autogen
[ 72%] Built target iex_ove_autogen
[ 72%] Built target iex_tabledit_tests_autogen
[ 72%] Built target braille_autogen
[ 72%] Built target iex_videoexport_autogen
[ 72%] Built target iex_midi_autogen
[ 72%] Built target iex_mei_autogen
[ 72%] Built target iex_guitarpro_autogen
[ 72%] Built target iex_musicxml_autogen
[ 72%] Running AUTOMOC file extraction for target iex_bb
[ 72%] Running AUTOMOC file extraction for target iex_lyricsexport
[ 72%] Running AUTOMOC file extraction for target iex_bww
[ 72%] Running AUTOMOC file extraction for target iex_imagesexport
[ 72%] Running AUTOMOC file extraction for target iex_mnx
[ 72%] Running AUTOMOC file extraction for target iex_musedata
[ 72%] Running AUTOMOC file extraction for target iex_capella
[ 72%] Running AUTOMOC file extraction for target braille
[ 72%] Running AUTOMOC file extraction for target iex_ove
[ 72%] Running AUTOMOC file extraction for target iex_videoexport
[ 72%] Running rcc for resource iex_videoexport_resources
[ 72%] Automatic MOC and UIC for target palette
[ 72%] Running AUTOMOC file extraction for target iex_guitarpro
[ 72%] Running moc --collect-json for target iex_lyricsexport
[ 72%] Building CXX object src/converter/tests/CMakeFiles/converter_tests.dir/converter_tests_autogen/mocs_compilation.cpp.o
[ 72%] Building CXX object src/importexport/tabledit/tests/CMakeFiles/iex_tabledit_tests.dir/iex_tabledit_tests_autogen/mocs_compilation.cpp.o
[ 72%] Automatic MOC and UIC for target engraving_tests
[ 72%] Running moc --collect-json for target iex_imagesexport
[ 72%] Built target instrumentsscene_autogen
[ 72%] Built target notation_autogen
[ 72%] Building CXX object src/engraving/api/tests/CMakeFiles/engraving_api_tests.dir/engraving_api_tests_autogen/mocs_compilation.cpp.o
[ 72%] Building CXX object src/engraving/api/tests/CMakeFiles/engraving_api_tests.dir/__/__/__/__/muse/framework/testing/gmain.cpp.o
[ 72%] Running moc --collect-json for target iex_mnx
[ 72%] Running moc --collect-json for target iex_guitarpro
[ 72%] Running moc --collect-json for target iex_bww
[ 72%] Running moc --collect-json for target iex_ove
[ 72%] Running moc --collect-json for target iex_bb
[ 72%] Running moc --collect-json for target iex_capella
[ 72%] Building CXX object src/importexport/tabledit/tests/CMakeFiles/iex_tabledit_tests.dir/__/__/__/__/muse/framework/testing/environment.cpp.o
[ 72%] Running moc --collect-json for target iex_musedata
[ 72%] Building CXX object src/importexport/tabledit/tests/CMakeFiles/iex_tabledit_tests.dir/__/__/__/__/muse/framework/testing/gmain.cpp.o
[ 72%] Running moc --collect-json for target braille
[ 72%] Building CXX object src/importexport/tabledit/tests/CMakeFiles/iex_tabledit_tests.dir/__/__/__/engraving/tests/utils/scorerw.cpp.o
[ 72%] Building CXX object src/converter/tests/CMakeFiles/converter_tests.dir/__/__/__/muse/framework/testing/gmain.cpp.o
[ 72%] Building CXX object src/converter/tests/CMakeFiles/converter_tests.dir/__/__/__/muse/framework/testing/environment.cpp.o
[ 72%] Building CXX object src/importexport/lyricsexport/CMakeFiles/iex_lyricsexport.dir/Unity/unity_0_cxx.cxx.o
[ 72%] Building CXX object src/importexport/imagesexport/CMakeFiles/iex_imagesexport.dir/Unity/unity_0_cxx.cxx.o
[ 72%] Building CXX object src/importexport/guitarpro/CMakeFiles/iex_guitarpro.dir/Unity/unity_3_cxx.cxx.o
[ 72%] Building CXX object src/importexport/mnx/CMakeFiles/iex_mnx.dir/Unity/unity_1_cxx.cxx.o
[ 72%] Building CXX object src/importexport/musedata/CMakeFiles/iex_musedata.dir/Unity/unity_0_cxx.cxx.o
[ 72%] Building CXX object src/braille/CMakeFiles/braille.dir/Unity/unity_0_cxx.cxx.o
[ 72%] Building CXX object src/importexport/ove/CMakeFiles/iex_ove.dir/Unity/unity_0_cxx.cxx.o
[ 72%] Building CXX object src/importexport/bww/CMakeFiles/iex_bww.dir/Unity/unity_0_cxx.cxx.o
[ 72%] Built target engraving_tests_autogen
[ 72%] Building CXX object src/importexport/capella/CMakeFiles/iex_capella.dir/Unity/unity_0_cxx.cxx.o
[ 72%] Building CXX object src/importexport/bb/CMakeFiles/iex_bb.dir/Unity/unity_0_cxx.cxx.o
[ 73%] Building CXX object src/importexport/mnx/CMakeFiles/iex_mnx.dir/Unity/unity_0_cxx.cxx.o
[ 73%] Built target engraving_qml_autogen
[ 73%] Building CXX object src/importexport/guitarpro/CMakeFiles/iex_guitarpro.dir/Unity/unity_2_cxx.cxx.o
[ 73%] Running moc --collect-json for target iex_videoexport
[ 73%] Building CXX object src/importexport/videoexport/CMakeFiles/iex_videoexport.dir/Unity/unity_0_cxx.cxx.o
[ 73%] Built target palette_autogen
[ 73%] Building CXX object src/engraving/api/tests/CMakeFiles/engraving_api_tests.dir/__/__/__/__/muse/framework/testing/environment.cpp.o
[ 73%] Building CXX object src/converter/tests/CMakeFiles/converter_tests.dir/__/__/engraving/tests/utils/scorerw.cpp.o
[ 73%] Building CXX object src/importexport/videoexport/CMakeFiles/iex_videoexport.dir/.qt/rcc/qrc_iex_videoexport_resources.cpp.o
[ 73%] Building CXX object src/importexport/guitarpro/CMakeFiles/iex_guitarpro.dir/Unity/unity_1_cxx.cxx.o
[ 73%] Building CXX object src/importexport/guitarpro/CMakeFiles/iex_guitarpro.dir/Unity/unity_0_cxx.cxx.o
[ 73%] Building CXX object src/engraving/api/tests/CMakeFiles/engraving_api_tests.dir/__/__/tests/utils/scorerw.cpp.o
[ 73%] Building CXX object src/converter/tests/CMakeFiles/converter_tests.dir/environment.cpp.o
[ 73%] Running AUTOMOC file extraction for target iex_mei
[ 73%] Running moc --collect-json for target iex_mei
[ 73%] Building CXX object src/importexport/mei/CMakeFiles/iex_mei.dir/Unity/unity_2_cxx.cxx.o
[ 73%] Building CXX object src/importexport/tabledit/tests/CMakeFiles/iex_tabledit_tests.dir/__/__/__/engraving/tests/utils/scorecomp.cpp.o
[ 73%] Building CXX object src/importexport/mei/CMakeFiles/iex_mei.dir/Unity/unity_1_cxx.cxx.o
[ 73%] Linking CXX static library libiex_musedata.a
[ 73%] Built target iex_musedata
[ 73%] Building CXX object src/importexport/mei/CMakeFiles/iex_mei.dir/Unity/unity_0_cxx.cxx.o
[ 73%] Building CXX object src/importexport/tabledit/tests/CMakeFiles/iex_tabledit_tests.dir/environment.cpp.o
[ 73%] Linking CXX static library libiex_bb.a
[ 73%] Built target iex_bb
[ 73%] Running AUTOMOC file extraction for target iex_midi
[ 73%] Running moc --collect-json for target iex_midi
[ 73%] Building CXX object src/importexport/midi/CMakeFiles/iex_midi.dir/Unity/unity_2_cxx.cxx.o
[ 73%] Building CXX object src/converter/tests/CMakeFiles/converter_tests.dir/scoreelementsscanner_tests.cpp.o
[ 73%] Running AUTOMOC file extraction for target iex_musicxml
[ 73%] Linking CXX static library libiex_lyricsexport.a
[ 73%] Running rcc for resource iexmusicxml_resources
[ 73%] Built target iex_lyricsexport
[ 73%] Building CXX object src/importexport/midi/CMakeFiles/iex_midi.dir/Unity/unity_1_cxx.cxx.o
[ 73%] Running moc --collect-json for target iex_musicxml
[ 73%] Building CXX object src/importexport/musicxml/CMakeFiles/iex_musicxml.dir/Unity/unity_1_cxx.cxx.o
[ 73%] Building CXX object src/engraving/api/tests/CMakeFiles/engraving_api_tests.dir/environment.cpp.o
[ 73%] Linking CXX static library libiex_bww.a
[ 73%] Built target iex_bww
[ 73%] Building CXX object src/importexport/musicxml/CMakeFiles/iex_musicxml.dir/Unity/unity_0_cxx.cxx.o
[ 73%] Building CXX object src/importexport/musicxml/CMakeFiles/iex_musicxml.dir/.qt/rcc/qrc_iexmusicxml_resources.cpp.o
[ 73%] Building CXX object src/importexport/tabledit/tests/CMakeFiles/iex_tabledit_tests.dir/tabledit_tests.cpp.o
[ 73%] Linking CXX static library libiex_imagesexport.a
[ 73%] Built target iex_imagesexport
[ 73%] Building CXX object src/importexport/midi/CMakeFiles/iex_midi.dir/Unity/unity_0_cxx.cxx.o
[ 73%] Linking CXX static library libiex_capella.a
[ 73%] Built target iex_capella
[ 73%] Building CXX object src/engraving/api/tests/CMakeFiles/engraving_api_tests.dir/util_tests.cpp.o
[ 73%] Building CXX object src/engraving/api/tests/CMakeFiles/engraving_api_tests.dir/score_tests.cpp.o
[ 73%] Running AUTOMOC file extraction for target instrumentsscene
[ 74%] Running moc --collect-json for target instrumentsscene
[ 74%] Building CXX object src/instrumentsscene/CMakeFiles/instrumentsscene.dir/Unity/unity_0_cxx.cxx.o
[ 74%] Building CXX object src/engraving/api/tests/CMakeFiles/engraving_api_tests.dir/spanner_tests.cpp.o
[ 74%] Linking CXX executable converter_tests
[ 74%] Running AUTOMOC file extraction for target notation
[ 74%] Running moc --collect-json for target notation
[ 74%] Building CXX object src/notation/CMakeFiles/notation.dir/Unity/unity_2_cxx.cxx.o
[ 74%] Building CXX object src/notation/CMakeFiles/notation.dir/Unity/unity_1_cxx.cxx.o
[ 74%] Linking CXX static library libiex_ove.a
[ 74%] Built target iex_ove
[ 74%] Running AUTOMOC file extraction for target palette
[ 74%] Running moc --collect-json for target palette
[ 74%] Building CXX object src/palette/CMakeFiles/palette.dir/Unity/unity_1_cxx.cxx.o
[ 74%] Linking CXX executable iex_tabledit_tests
[ 74%] Building CXX object src/notation/CMakeFiles/notation.dir/Unity/unity_0_cxx.cxx.o
[ 74%] Built target converter_tests
[ 74%] Building CXX object src/palette/CMakeFiles/palette.dir/Unity/unity_0_cxx.cxx.o
[ 74%] Linking CXX static library libiex_videoexport.a
[ 74%] Built target iex_videoexport
[ 74%] Building CXX object src/engraving/tests/CMakeFiles/engraving_tests.dir/engraving_tests_autogen/mocs_compilation.cpp.o
[ 74%] Building CXX object src/engraving/tests/CMakeFiles/engraving_tests.dir/__/__/__/muse/framework/testing/gmain.cpp.o
[ 74%] Building CXX object src/engraving/tests/CMakeFiles/engraving_tests.dir/__/__/__/muse/framework/testing/environment.cpp.o
[ 74%] Running AUTOMOC file extraction for target engraving_qml
[ 74%] Running rcc for resource engraving_qml_raw_qml_0
[ 74%] Running rcc for resource engraving_qml_raw_qml_0_extra_qmldirs
[ 74%] Running rcc for resource qmake_MuseScore_Engraving
[ 74%] Generating .rcc/qmlcache/engraving_qml_qmlcache_loader.cpp
[ 74%] Running moc --collect-json for target engraving_qml
[ 74%] Generating meta_types/qt6engraving_qml_metatypes.json
[ 74%] Automatic QML type registration for target engraving_qml
[ 74%] Generating .rcc/qmlcache/engraving_qml_devtools/EngravingElementsDialog_qml.cpp, .rcc/qmlcache/engraving_qml_devtools/EngravingElementsDialog_qml.cpp.aotstats
[ 74%] Generating .rcc/qmlcache/engraving_qml_devtools/EngravingElementsPanel_qml.cpp, .rcc/qmlcache/engraving_qml_devtools/EngravingElementsPanel_qml.cpp.aotstats
[ 74%] Generating .rcc/qmlcache/engraving_qml_devtools/EngravingStyleDialog_qml.cpp, .rcc/qmlcache/engraving_qml_devtools/EngravingStyleDialog_qml.cpp.aotstats
[ 74%] Generating .rcc/qmlcache/engraving_qml_devtools/EngravingStylePanel_qml.cpp, .rcc/qmlcache/engraving_qml_devtools/EngravingStylePanel_qml.cpp.aotstats
[ 74%] Generating .rcc/qmlcache/engraving_qml_devtools/EngravingUndoStackDialog_qml.cpp, .rcc/qmlcache/engraving_qml_devtools/EngravingUndoStackDialog_qml.cpp.aotstats
[ 74%] Building CXX object src/engraving/tests/CMakeFiles/engraving_tests.dir/environment.cpp.o
[ 74%] Generating .rcc/qmlcache/engraving_qml_devtools/EngravingUndoStackPanel_qml.cpp, .rcc/qmlcache/engraving_qml_devtools/EngravingUndoStackPanel_qml.cpp.aotstats
[ 74%] Building CXX object src/engraving/qml/MuseScore/Engraving/CMakeFiles/engraving_qml.dir/Unity/unity_1_cxx.cxx.o
[ 74%] Built target iex_bb_tests_autogen_timestamp_deps
[ 74%] Building CXX object src/engraving/tests/CMakeFiles/engraving_tests.dir/msczfile_tests.cpp.o
[ 74%] Built target iex_tabledit_tests
[ 74%] Built target iex_bww_tests_autogen_timestamp_deps
[ 74%] Built target iex_capella_tests_autogen_timestamp_deps
[ 74%] Building CXX object src/engraving/qml/MuseScore/Engraving/CMakeFiles/engraving_qml.dir/Unity/unity_0_cxx.cxx.o
[ 74%] Building CXX object src/engraving/tests/CMakeFiles/engraving_tests.dir/utils/scorerw.cpp.o
[ 74%] Built target iex_lyricsexport_tests_autogen_timestamp_deps
[ 74%] Building CXX object src/engraving/qml/MuseScore/Engraving/CMakeFiles/engraving_qml.dir/.qt/rcc/qrc_qmake_MuseScore_Engraving.cpp.o
[ 74%] Automatic MOC and UIC for target iex_bb_tests
[ 74%] Built target iex_bb_tests_autogen
[ 74%] Building CXX object src/engraving/qml/MuseScore/Engraving/CMakeFiles/engraving_qml.dir/.qt/rcc/qrc_engraving_qml_raw_qml_0.cpp.o
[ 74%] Building CXX object src/engraving/tests/CMakeFiles/engraving_tests.dir/utils/scorecomp.cpp.o
[ 74%] Linking CXX static library libiex_guitarpro.a
[ 74%] Built target iex_guitarpro
[ 74%] Building CXX object src/engraving/qml/MuseScore/Engraving/CMakeFiles/engraving_qml.dir/.qt/rcc/qrc_engraving_qml_raw_qml_0_extra_qmldirs.cpp.o
[ 74%] Building CXX object src/engraving/tests/CMakeFiles/engraving_tests.dir/utils/testutils.cpp.o
[ 74%] Building CXX object src/engraving/tests/CMakeFiles/engraving_tests.dir/barline_tests.cpp.o
[ 74%] Linking CXX static library libiex_midi.a
[ 74%] Built target iex_midi
[ 74%] Automatic MOC and UIC for target iex_bww_tests
[ 74%] Built target iex_bww_tests_autogen
[ 74%] Building CXX object src/engraving/tests/CMakeFiles/engraving_tests.dir/beam_tests.cpp.o
[ 74%] Building CXX object src/engraving/tests/CMakeFiles/engraving_tests.dir/box_tests.cpp.o
[ 74%] Automatic MOC and UIC for target iex_capella_tests
[ 74%] Built target iex_capella_tests_autogen
[ 74%] Built target iex_guitarpro_tests_autogen_timestamp_deps
[ 74%] Automatic MOC and UIC for target iex_lyricsexport_tests
[ 74%] Built target iex_lyricsexport_tests_autogen
[ 74%] Built target iex_midi_tests_autogen_timestamp_deps
[ 74%] Building CXX object src/engraving/tests/CMakeFiles/engraving_tests.dir/breath_tests.cpp.o
[ 74%] Building CXX object src/importexport/bb/tests/CMakeFiles/iex_bb_tests.dir/iex_bb_tests_autogen/mocs_compilation.cpp.o
[ 74%] Building CXX object src/importexport/bb/tests/CMakeFiles/iex_bb_tests.dir/__/__/__/__/muse/framework/testing/gmain.cpp.o
[ 74%] Building CXX object src/importexport/bb/tests/CMakeFiles/iex_bb_tests.dir/__/__/__/__/muse/framework/testing/environment.cpp.o
[ 75%] Linking CXX executable engraving_api_tests
[ 75%] Building CXX object src/engraving/tests/CMakeFiles/engraving_tests.dir/bsptree_tests.cpp.o
[ 75%] Building CXX object src/importexport/bww/tests/CMakeFiles/iex_bww_tests.dir/iex_bww_tests_autogen/mocs_compilation.cpp.o
[ 75%] Building CXX object src/importexport/bww/tests/CMakeFiles/iex_bww_tests.dir/__/__/__/__/muse/framework/testing/gmain.cpp.o
[ 75%] Building CXX object src/importexport/capella/tests/CMakeFiles/iex_capella_tests.dir/iex_capella_tests_autogen/mocs_compilation.cpp.o
[ 75%] Building CXX object src/importexport/capella/tests/CMakeFiles/iex_capella_tests.dir/__/__/__/__/muse/framework/testing/gmain.cpp.o
[ 75%] Building CXX object src/engraving/tests/CMakeFiles/engraving_tests.dir/capo_tests.cpp.o
[ 75%] Linking CXX static library libinstrumentsscene.a
[ 75%] Built target instrumentsscene
[ 75%] Automatic MOC and UIC for target iex_guitarpro_tests
[ 75%] Built target iex_guitarpro_tests_autogen
[ 75%] Building CXX object src/importexport/lyricsexport/tests/CMakeFiles/iex_lyricsexport_tests.dir/iex_lyricsexport_tests_autogen/mocs_compilation.cpp.o
[ 75%] Building CXX object src/importexport/lyricsexport/tests/CMakeFiles/iex_lyricsexport_tests.dir/__/__/__/__/muse/framework/testing/gmain.cpp.o
[ 75%] Building CXX object src/importexport/bb/tests/CMakeFiles/iex_bb_tests.dir/environment.cpp.o
[ 75%] Building CXX object src/engraving/tests/CMakeFiles/engraving_tests.dir/chordsymbol_tests.cpp.o
[ 75%] Building CXX object src/importexport/lyricsexport/tests/CMakeFiles/iex_lyricsexport_tests.dir/__/__/__/__/muse/framework/testing/environment.cpp.o
[ 75%] Building CXX object src/importexport/bww/tests/CMakeFiles/iex_bww_tests.dir/__/__/__/__/muse/framework/testing/environment.cpp.o
[ 75%] Building CXX object src/importexport/capella/tests/CMakeFiles/iex_capella_tests.dir/__/__/__/__/muse/framework/testing/environment.cpp.o
[ 75%] Built target engraving_api_tests
[ 75%] Building CXX object src/importexport/lyricsexport/tests/CMakeFiles/iex_lyricsexport_tests.dir/__/__/__/engraving/tests/utils/scorerw.cpp.o
[ 75%] Building CXX object src/importexport/bww/tests/CMakeFiles/iex_bww_tests.dir/environment.cpp.o
[ 75%] Linking CXX static library libbraille.a
[ 75%] Built target braille
[ 75%] Building CXX object src/importexport/lyricsexport/tests/CMakeFiles/iex_lyricsexport_tests.dir/__/__/__/engraving/tests/utils/scorecomp.cpp.o
[ 75%] Building CXX object src/engraving/tests/CMakeFiles/engraving_tests.dir/clef_courtesy_tests.cpp.o
[ 75%] Building CXX object src/engraving/tests/CMakeFiles/engraving_tests.dir/clef_tests.cpp.o
[ 75%] Building CXX object src/importexport/bb/tests/CMakeFiles/iex_bb_tests.dir/testbase.cpp.o
[ 75%] Building CXX object src/importexport/lyricsexport/tests/CMakeFiles/iex_lyricsexport_tests.dir/environment.cpp.o
[ 75%] Building CXX object src/importexport/capella/tests/CMakeFiles/iex_capella_tests.dir/__/__/__/engraving/tests/utils/scorerw.cpp.o
[ 75%] Automatic MOC and UIC for target iex_midi_tests
[ 75%] Built target iex_midi_tests_autogen
[ 75%] Building CXX object src/engraving/tests/CMakeFiles/engraving_tests.dir/compat114_tests.cpp.o
[ 75%] Linking CXX static library libiex_mei.a
[ 76%] Building CXX object src/importexport/bww/tests/CMakeFiles/iex_bww_tests.dir/testbase.cpp.o
[ 76%] Built target iex_mei
[ 76%] Building CXX object src/engraving/tests/CMakeFiles/engraving_tests.dir/compat206_tests.cpp.o
[ 76%] Building CXX object src/importexport/lyricsexport/tests/CMakeFiles/iex_lyricsexport_tests.dir/lrc_tests.cpp.o
[ 76%] Building CXX object src/importexport/capella/tests/CMakeFiles/iex_capella_tests.dir/__/__/__/engraving/tests/utils/scorecomp.cpp.o
[ 76%] Building CXX object src/importexport/capella/tests/CMakeFiles/iex_capella_tests.dir/environment.cpp.o
[ 76%] Building CXX object src/importexport/bb/tests/CMakeFiles/iex_bb_tests.dir/__/__/__/engraving/tests/utils/scorecomp.cpp.o
[ 76%] Linking CXX static library libengraving_qml.a
[ 76%] Built target engraving_qml
[ 77%] Building CXX object src/engraving/tests/CMakeFiles/engraving_tests.dir/copypaste_tests.cpp.o
[ 77%] Linking CXX static library libiex_mnx.a
[ 77%] Building CXX object src/importexport/bww/tests/CMakeFiles/iex_bww_tests.dir/__/__/__/engraving/tests/utils/scorecomp.cpp.o
[ 77%] Building CXX object src/engraving/tests/CMakeFiles/engraving_tests.dir/copypastesymbollist_tests.cpp.o
[ 77%] Built target iex_mnx
[ 77%] Building CXX object src/importexport/capella/tests/CMakeFiles/iex_capella_tests.dir/capella_tests.cpp.o
[ 77%] Building CXX object src/importexport/bb/tests/CMakeFiles/iex_bb_tests.dir/__/__/__/engraving/tests/utils/scorerw.cpp.o
[ 77%] Building CXX object src/importexport/bww/tests/CMakeFiles/iex_bww_tests.dir/__/__/__/engraving/tests/utils/scorerw.cpp.o
[ 77%] Building CXX object src/engraving/tests/CMakeFiles/engraving_tests.dir/courtesy_changes_tests.cpp.o
[ 77%] Building CXX object src/engraving/tests/CMakeFiles/engraving_tests.dir/durationtype_tests.cpp.o
[ 77%] Built target instrumentsscene_qml_autogen_timestamp_deps
[ 77%] Building CXX object src/engraving/tests/CMakeFiles/engraving_tests.dir/dynamic_tests.cpp.o
[ 77%] Built target braille_tests_autogen_timestamp_deps
[ 77%] Building CXX object src/engraving/tests/CMakeFiles/engraving_tests.dir/earlymusic_tests.cpp.o
[ 77%] Built target braille_qml_autogen_timestamp_deps
[ 77%] Building CXX object src/engraving/tests/CMakeFiles/engraving_tests.dir/eid_tests.cpp.o
[ 77%] Built target engraving_qmlplugin_autogen_timestamp_deps
[ 77%] Building CXX object src/importexport/guitarpro/tests/CMakeFiles/iex_guitarpro_tests.dir/iex_guitarpro_tests_autogen/mocs_compilation.cpp.o
[ 77%] Building CXX object src/importexport/guitarpro/tests/CMakeFiles/iex_guitarpro_tests.dir/__/__/__/__/muse/framework/testing/gmain.cpp.o
[ 77%] Building CXX object src/importexport/guitarpro/tests/CMakeFiles/iex_guitarpro_tests.dir/__/__/__/__/muse/framework/testing/environment.cpp.o
[ 77%] Linking CXX executable iex_lyricsexport_tests
[ 77%] Built target iex_mei_tests_autogen_timestamp_deps
[ 77%] Building CXX object src/importexport/guitarpro/tests/CMakeFiles/iex_guitarpro_tests.dir/__/__/__/engraving/tests/utils/scorerw.cpp.o
[ 77%] Building CXX object src/engraving/tests/CMakeFiles/engraving_tests.dir/element_tests.cpp.o
[ 77%] Building CXX object src/engraving/tests/CMakeFiles/engraving_tests.dir/exchangevoices_tests.cpp.o
[ 77%] Linking CXX executable iex_bb_tests
[ 78%] Building CXX object src/importexport/guitarpro/tests/CMakeFiles/iex_guitarpro_tests.dir/__/__/__/engraving/tests/utils/scorecomp.cpp.o
[ 78%] Building CXX object src/engraving/tests/CMakeFiles/engraving_tests.dir/expression_tests.cpp.o
[ 78%] Linking CXX executable iex_bww_tests
[ 78%] Linking CXX executable iex_capella_tests
[ 78%] Building CXX object src/importexport/midi/tests/CMakeFiles/iex_midi_tests.dir/iex_midi_tests_autogen/mocs_compilation.cpp.o
[ 78%] Building CXX object src/importexport/midi/tests/CMakeFiles/iex_midi_tests.dir/__/__/__/__/muse/framework/testing/gmain.cpp.o
[ 78%] Building CXX object src/importexport/guitarpro/tests/CMakeFiles/iex_guitarpro_tests.dir/environment.cpp.o
[ 78%] Building CXX object src/engraving/tests/CMakeFiles/engraving_tests.dir/hairpin_tests.cpp.o
[ 78%] Building CXX object src/engraving/tests/CMakeFiles/engraving_tests.dir/harpdiagram_tests.cpp.o
[ 78%] Building CXX object src/importexport/midi/tests/CMakeFiles/iex_midi_tests.dir/__/__/__/__/muse/framework/testing/environment.cpp.o
[ 78%] Built target iex_mnx_tests_autogen_timestamp_deps
[ 78%] Building CXX object src/importexport/midi/tests/CMakeFiles/iex_midi_tests.dir/__/__/__/engraving/tests/utils/scorerw.cpp.o
[ 78%] Built target iex_lyricsexport_tests
[ 78%] Building CXX object src/importexport/guitarpro/tests/CMakeFiles/iex_guitarpro_tests.dir/guitarpro_tests.cpp.o
[ 78%] Built target iex_bb_tests
[ 78%] Automatic MOC and UIC for target instrumentsscene_qml
[ 78%] Building CXX object src/importexport/midi/tests/CMakeFiles/iex_midi_tests.dir/__/__/__/engraving/tests/utils/scorecomp.cpp.o
[ 78%] Automatic MOC and UIC for target braille_tests
[ 78%] Built target braille_tests_autogen
[ 78%] Building CXX object src/importexport/midi/tests/CMakeFiles/iex_midi_tests.dir/utils/smfyamlserializer.cpp.o
[ 78%] Building CXX object src/importexport/midi/tests/CMakeFiles/iex_midi_tests.dir/environment.cpp.o
[ 78%] Built target instrumentsscene_qml_autogen
[ 78%] Building CXX object src/engraving/tests/CMakeFiles/engraving_tests.dir/hideemptystaves_tests.cpp.o
[ 78%] Building CXX object src/importexport/midi/tests/CMakeFiles/iex_midi_tests.dir/midiimport_tests.cpp.o
[ 78%] Built target iex_bww_tests
[ 78%] Automatic MOC and UIC for target braille_qml
[ 78%] Building CXX object src/engraving/tests/CMakeFiles/engraving_tests.dir/implodeexplode_tests.cpp.o
[ 78%] Built target iex_capella_tests
[ 78%] Building CXX object src/importexport/guitarpro/tests/CMakeFiles/iex_guitarpro_tests.dir/guitarbendimporter_tests.cpp.o
[ 78%] Built target braille_qml_autogen
[ 78%] Building CXX object src/importexport/midi/tests/CMakeFiles/iex_midi_tests.dir/midiexport_tests.cpp.o
[ 78%] Automatic MOC and UIC for target engraving_qmlplugin
[ 78%] Built target engraving_qmlplugin_autogen
[ 78%] Building CXX object src/engraving/tests/CMakeFiles/engraving_tests.dir/instrumentchange_tests.cpp.o
[ 78%] Automatic MOC and UIC for target iex_mei_tests
[ 78%] Built target iex_mei_tests_autogen
[ 78%] Building CXX object src/engraving/tests/CMakeFiles/engraving_tests.dir/join_tests.cpp.o
[ 78%] Automatic MOC and UIC for target iex_mnx_tests
[ 78%] Built target iex_mnx_tests_autogen
[ 78%] Building CXX object src/engraving/tests/CMakeFiles/engraving_tests.dir/keysig_tests.cpp.o
[ 78%] Building CXX object src/engraving/tests/CMakeFiles/engraving_tests.dir/layoutelements_tests.cpp.o
[ 78%] Running AUTOMOC file extraction for target instrumentsscene_qml
[ 78%] Running rcc for resource instrumentsscene_qml_raw_qml_0
[ 78%] Running rcc for resource instrumentsscene_qml_raw_qml_0_extra_qmldirs
[ 78%] Running rcc for resource qmake_MuseScore_InstrumentsScene
[ 78%] Generating .rcc/qmlcache/instrumentsscene_qml_qmlcache_loader.cpp
[ 78%] Running moc --collect-json for target instrumentsscene_qml
[ 78%] Generating meta_types/qt6instrumentsscene_qml_metatypes.json
[ 78%] Automatic QML type registration for target instrumentsscene_qml
Warning: instrumentsonscorelistmodel.h:32: muse::uicomponents::SelectableItemListModel is used as base type but cannot be found.
Warning: instrumentsonscorelistmodel.h:32: muse::Contextable is used as base type but cannot be found.
Warning: layoutpanelcontextmenumodel.h:34: muse::uicomponents::AbstractMenuModel is used as base type but cannot be found.
Warning: layoutpanelcontextmenumodel.h:34: muse::actions::Actionable is used as base type but cannot be found.
[ 78%] Generating .rcc/qmlcache/instrumentsscene_qml_ChooseInstrumentsPage_qml.cpp, .rcc/qmlcache/instrumentsscene_qml_ChooseInstrumentsPage_qml.cpp.aotstats
[ 78%] Generating .rcc/qmlcache/instrumentsscene_qml_InstrumentsDialog_qml.cpp, .rcc/qmlcache/instrumentsscene_qml_InstrumentsDialog_qml.cpp.aotstats
[ 78%] Building CXX object src/braille/tests/CMakeFiles/braille_tests.dir/braille_tests_autogen/mocs_compilation.cpp.o
[ 78%] Building CXX object src/braille/tests/CMakeFiles/braille_tests.dir/__/__/__/muse/framework/testing/gmain.cpp.o
[ 78%] Building CXX object src/braille/tests/CMakeFiles/braille_tests.dir/__/__/__/muse/framework/testing/environment.cpp.o
[ 78%] Generating .rcc/qmlcache/instrumentsscene_qml_LayoutPanel_qml.cpp, .rcc/qmlcache/instrumentsscene_qml_LayoutPanel_qml.cpp.aotstats
[ 78%] Running AUTOMOC file extraction for target braille_qml
[ 78%] Running rcc for resource braille_qml_raw_qml_0
[ 78%] Running rcc for resource qmake_MuseScore_Braille
[ 78%] Generating .rcc/qmlcache/braille_qml_qmlcache_loader.cpp
[ 78%] Running moc --collect-json for target braille_qml
[ 78%] Generating meta_types/qt6braille_qml_metatypes.json
[ 78%] Automatic QML type registration for target braille_qml
[ 78%] Generating .rcc/qmlcache/braille_qml_BrailleView_qml.cpp, .rcc/qmlcache/braille_qml_BrailleView_qml.cpp.aotstats
[ 78%] Generating .rcc/qmlcache/instrumentsscene_qml_internal/FamilyView_qml.cpp, .rcc/qmlcache/instrumentsscene_qml_internal/FamilyView_qml.cpp.aotstats
[ 80%] Building CXX object src/braille/qml/MuseScore/Braille/CMakeFiles/braille_qml.dir/Unity/unity_0_cxx.cxx.o
[ 80%] Generating .rcc/qmlcache/instrumentsscene_qml_internal/InstrumentSettingsPopup_qml.cpp, .rcc/qmlcache/instrumentsscene_qml_internal/InstrumentSettingsPopup_qml.cpp.aotstats
[ 80%] Generating .rcc/qmlcache/instrumentsscene_qml_internal/InstrumentsOnScoreView_qml.cpp, .rcc/qmlcache/instrumentsscene_qml_internal/InstrumentsOnScoreView_qml.cpp.aotstats
[ 80%] Generating .rcc/qmlcache/instrumentsscene_qml_internal/InstrumentsView_qml.cpp, .rcc/qmlcache/instrumentsscene_qml_internal/InstrumentsView_qml.cpp.aotstats
[ 80%] Generating .rcc/qmlcache/instrumentsscene_qml_internal/LayoutControlPanel_qml.cpp, .rcc/qmlcache/instrumentsscene_qml_internal/LayoutControlPanel_qml.cpp.aotstats
[ 80%] Generating .rcc/qmlcache/instrumentsscene_qml_internal/LayoutPanelAddButton_qml.cpp, .rcc/qmlcache/instrumentsscene_qml_internal/LayoutPanelAddButton_qml.cpp.aotstats
[ 80%] Generating .rcc/qmlcache/instrumentsscene_qml_internal/LayoutPanelItemControl_qml.cpp, .rcc/qmlcache/instrumentsscene_qml_internal/LayoutPanelItemControl_qml.cpp.aotstats
[ 80%] Generating .rcc/qmlcache/instrumentsscene_qml_internal/LayoutPanelItemDelegate_qml.cpp, .rcc/qmlcache/instrumentsscene_qml_internal/LayoutPanelItemDelegate_qml.cpp.aotstats
[ 80%] Building CXX object src/braille/qml/MuseScore/Braille/CMakeFiles/braille_qml.dir/.qt/rcc/qrc_qmake_MuseScore_Braille.cpp.o
[ 80%] Building CXX object src/braille/qml/MuseScore/Braille/CMakeFiles/braille_qml.dir/.qt/rcc/qrc_braille_qml_raw_qml_0.cpp.o
[ 80%] Building CXX object src/braille/tests/CMakeFiles/braille_tests.dir/__/__/engraving/tests/utils/scorerw.cpp.o
[ 80%] Building CXX object src/braille/tests/CMakeFiles/braille_tests.dir/__/__/engraving/tests/utils/scorecomp.cpp.o
[ 80%] Generating .rcc/qmlcache/instrumentsscene_qml_internal/StaffSettingsPopup_qml.cpp, .rcc/qmlcache/instrumentsscene_qml_internal/StaffSettingsPopup_qml.cpp.aotstats
[ 80%] Generating .rcc/qmlcache/instrumentsscene_qml_internal/SystemObjectsLayerSettingsPopup_qml.cpp, .rcc/qmlcache/instrumentsscene_qml_internal/SystemObjectsLayerSettingsPopup_qml.cpp.aotstats
[ 80%] Building CXX object src/braille/tests/CMakeFiles/braille_tests.dir/environment.cpp.o
[ 80%] Linking CXX static library libnotation.a
[ 80%] Building CXX object src/instrumentsscene/qml/MuseScore/InstrumentsScene/CMakeFiles/instrumentsscene_qml.dir/Unity/unity_2_cxx.cxx.o
[ 80%] Built target notation
[ 80%] Building CXX object src/engraving/qml/MuseScore/Engraving/CMakeFiles/engraving_qmlplugin.dir/engraving_qmlplugin_autogen/mocs_compilation.cpp.o
[ 80%] Building CXX object src/engraving/qml/MuseScore/Engraving/CMakeFiles/engraving_qmlplugin.dir/engraving_qmlplugin_MuseScore_EngravingPlugin.cpp.o
[ 80%] Building CXX object src/importexport/mei/tests/CMakeFiles/iex_mei_tests.dir/iex_mei_tests_autogen/mocs_compilation.cpp.o
[ 80%] Building CXX object src/importexport/mei/tests/CMakeFiles/iex_mei_tests.dir/__/__/__/__/muse/framework/testing/gmain.cpp.o
[ 80%] Building CXX object src/engraving/tests/CMakeFiles/engraving_tests.dir/links_tests.cpp.o
[ 80%] Building CXX object src/importexport/mei/tests/CMakeFiles/iex_mei_tests.dir/__/__/__/__/muse/framework/testing/environment.cpp.o
[ 80%] Building CXX object src/instrumentsscene/qml/MuseScore/InstrumentsScene/CMakeFiles/instrumentsscene_qml.dir/Unity/unity_1_cxx.cxx.o
[ 80%] Building CXX object src/braille/tests/CMakeFiles/braille_tests.dir/braille_tests.cpp.o
[ 80%] Linking CXX static library libengraving_qmlplugin.a
[ 80%] Built target engraving_qmlplugin
[ 80%] Building CXX object src/engraving/tests/CMakeFiles/engraving_tests.dir/measure_tests.cpp.o
[ 80%] Building CXX object src/importexport/mnx/tests/CMakeFiles/iex_mnx_tests.dir/iex_mnx_tests_autogen/mocs_compilation.cpp.o
[ 80%] Building CXX object src/importexport/mnx/tests/CMakeFiles/iex_mnx_tests.dir/__/__/__/__/muse/framework/testing/gmain.cpp.o
[ 80%] Building CXX object src/instrumentsscene/qml/MuseScore/InstrumentsScene/CMakeFiles/instrumentsscene_qml.dir/Unity/unity_0_cxx.cxx.o
[ 80%] Building CXX object src/engraving/tests/CMakeFiles/engraving_tests.dir/midi/midirenderer_tests.cpp.o
[ 80%] Built target notationscene_autogen_timestamp_deps
[ 80%] Building CXX object src/instrumentsscene/qml/MuseScore/InstrumentsScene/CMakeFiles/instrumentsscene_qml.dir/.qt/rcc/qrc_qmake_MuseScore_InstrumentsScene.cpp.o
[ 80%] Building CXX object src/engraving/tests/CMakeFiles/engraving_tests.dir/midi/midirenderer_bend_tests.cpp.o
[ 80%] Linking CXX static library libiex_musicxml.a
[ 80%] Building CXX object src/instrumentsscene/qml/MuseScore/InstrumentsScene/CMakeFiles/instrumentsscene_qml.dir/.qt/rcc/qrc_instrumentsscene_qml_raw_qml_0.cpp.o
[ 80%] Building CXX object src/importexport/mnx/tests/CMakeFiles/iex_mnx_tests.dir/__/__/__/__/muse/framework/testing/environment.cpp.o
[ 80%] Linking CXX static library libpalette.a
[ 80%] Built target iex_musicxml
[ 80%] Built target project_autogen_timestamp_deps
[ 80%] Building CXX object src/engraving/tests/CMakeFiles/engraving_tests.dir/note_tests.cpp.o
[ 80%] Building CXX object src/importexport/mei/tests/CMakeFiles/iex_mei_tests.dir/__/__/__/engraving/tests/utils/scorerw.cpp.o
[ 80%] Built target palette
[ 80%] Built target iex_musicxml_tests_autogen_timestamp_deps
[ 80%] Automatic MOC and UIC for target notationscene
[ 80%] Built target notationscene_autogen
[ 81%] Building CXX object src/instrumentsscene/qml/MuseScore/InstrumentsScene/CMakeFiles/instrumentsscene_qml.dir/.qt/rcc/qrc_instrumentsscene_qml_raw_qml_0_extra_qmldirs.cpp.o
[ 81%] Building CXX object src/importexport/mnx/tests/CMakeFiles/iex_mnx_tests.dir/__/__/__/engraving/tests/utils/scorerw.cpp.o
[ 81%] Building CXX object src/importexport/mnx/tests/CMakeFiles/iex_mnx_tests.dir/__/__/__/engraving/tests/utils/scorecomp.cpp.o
[ 81%] Built target palette_qml_autogen_timestamp_deps
[ 81%] Building CXX object src/engraving/tests/CMakeFiles/engraving_tests.dir/parts_tests.cpp.o
[ 81%] Building CXX object src/importexport/mei/tests/CMakeFiles/iex_mei_tests.dir/__/__/__/engraving/tests/utils/scorecomp.cpp.o
[ 81%] Building CXX object src/importexport/mnx/tests/CMakeFiles/iex_mnx_tests.dir/environment.cpp.o
[ 81%] Building CXX object src/importexport/mei/tests/CMakeFiles/iex_mei_tests.dir/environment.cpp.o
[ 81%] Building CXX object src/importexport/mnx/tests/CMakeFiles/iex_mnx_tests.dir/mnx_tests.cpp.o
[ 81%] Building CXX object src/engraving/tests/CMakeFiles/engraving_tests.dir/partialtie_tests.cpp.o
[ 81%] Linking CXX static library libbraille_qml.a
[ 81%] Built target braille_qml
[ 81%] Automatic MOC and UIC for target project
[ 81%] Built target project_autogen
[ 81%] Building CXX object src/engraving/tests/CMakeFiles/engraving_tests.dir/pitchwheelrender_tests.cpp.o
[ 81%] Linking CXX executable iex_midi_tests
[ 82%] Linking CXX executable braille_tests
[ 82%] Building CXX object src/engraving/tests/CMakeFiles/engraving_tests.dir/readwriteundoreset_tests.cpp.o
[ 82%] Building CXX object src/importexport/mei/tests/CMakeFiles/iex_mei_tests.dir/mei_tests.cpp.o
[ 82%] Building CXX object src/engraving/tests/CMakeFiles/engraving_tests.dir/remove_tests.cpp.o
[ 82%] Built target braille_qmlplugin_autogen_timestamp_deps
[ 82%] Automatic MOC and UIC for target iex_musicxml_tests
[ 82%] Built target iex_musicxml_tests_autogen
[ 82%] Running AUTOMOC file extraction for target notationscene
[ 82%] Running moc --collect-json for target notationscene
[ 82%] Building CXX object src/notationscene/CMakeFiles/notationscene.dir/Unity/unity_2_cxx.cxx.o
[ 82%] Running AUTOMOC file extraction for target project
[ 82%] Automatic MOC and UIC for target palette_qml
[ 82%] Running moc --collect-json for target project
[ 82%] Building CXX object src/project/CMakeFiles/project.dir/Unity/unity_1_cxx.cxx.o
[ 82%] Built target palette_qml_autogen
[ 82%] Building CXX object src/engraving/tests/CMakeFiles/engraving_tests.dir/repeat_tests.cpp.o
[ 82%] Building CXX object src/notationscene/CMakeFiles/notationscene.dir/Unity/unity_1_cxx.cxx.o
[ 82%] Building CXX object src/engraving/tests/CMakeFiles/engraving_tests.dir/rhythmicgrouping_tests.cpp.o
[ 82%] Building CXX object src/engraving/tests/CMakeFiles/engraving_tests.dir/selectionfilter_tests.cpp.o
[ 82%] Building CXX object src/project/CMakeFiles/project.dir/Unity/unity_0_cxx.cxx.o
[ 83%] Building CXX object src/engraving/tests/CMakeFiles/engraving_tests.dir/selectionrange_tests.cpp.o
[ 83%] Built target braille_tests
[ 83%] Automatic MOC and UIC for target braille_qmlplugin
[ 83%] Built target iex_midi_tests
[ 83%] Building CXX object src/notationscene/CMakeFiles/notationscene.dir/Unity/unity_0_cxx.cxx.o
[ 83%] Building CXX object src/engraving/tests/CMakeFiles/engraving_tests.dir/spanners_tests.cpp.o
[ 83%] Built target braille_qmlplugin_autogen
[ 83%] Building CXX object src/engraving/tests/CMakeFiles/engraving_tests.dir/split_tests.cpp.o
[ 83%] Linking CXX executable iex_guitarpro_tests
[ 83%] Building CXX object src/engraving/tests/CMakeFiles/engraving_tests.dir/splitstaff_tests.cpp.o
[ 83%] Building CXX object src/engraving/tests/CMakeFiles/engraving_tests.dir/staffmove_tests.cpp.o
[ 83%] Building CXX object src/importexport/musicxml/tests/CMakeFiles/iex_musicxml_tests.dir/iex_musicxml_tests_autogen/mocs_compilation.cpp.o
[ 83%] Building CXX object src/importexport/musicxml/tests/CMakeFiles/iex_musicxml_tests.dir/__/__/__/__/muse/framework/testing/gmain.cpp.o
[ 83%] Building CXX object src/notationscene/CMakeFiles/notationscene.dir/internal/notationuiactions.cpp.o
[ 83%] Running AUTOMOC file extraction for target palette_qml
[ 83%] Running rcc for resource palette_qml_raw_qml_0
[ 83%] Running rcc for resource palette_qml_raw_qml_0_extra_qmldirs
[ 83%] Running rcc for resource qmake_MuseScore_Palette
[ 83%] Generating .rcc/qmlcache/palette_qml_qmlcache_loader.cpp
[ 83%] Running moc --collect-json for target palette_qml
[ 83%] Generating meta_types/qt6palette_qml_metatypes.json
[ 83%] Automatic QML type registration for target palette_qml
Warning: palettespanelcontextmenumodel.h:33: muse::uicomponents::AbstractMenuModel is used as base type but cannot be found.
Warning: palettespanelcontextmenumodel.h:33: muse::actions::Actionable is used as base type but cannot be found.
[ 83%] Building CXX object src/notationscene/CMakeFiles/notationscene.dir/widgets/.qt/rcc/qrc_notationscene_widgets_resources.cpp.o
[ 83%] Building CXX object src/importexport/musicxml/tests/CMakeFiles/iex_musicxml_tests.dir/__/__/__/__/muse/framework/testing/environment.cpp.o
[ 83%] Generating .rcc/qmlcache/palette_qml_PaletteCellPropertiesDialog_qml.cpp, .rcc/qmlcache/palette_qml_PaletteCellPropertiesDialog_qml.cpp.aotstats
[ 83%] Generating .rcc/qmlcache/palette_qml_PalettePropertiesDialog_qml.cpp, .rcc/qmlcache/palette_qml_PalettePropertiesDialog_qml.cpp.aotstats
[ 84%] Generating .rcc/qmlcache/palette_qml_PalettesPanel_qml.cpp, .rcc/qmlcache/palette_qml_PalettesPanel_qml.cpp.aotstats
[ 84%] Generating .rcc/qmlcache/palette_qml_internal/AddPalettesPopup_qml.cpp, .rcc/qmlcache/palette_qml_internal/AddPalettesPopup_qml.cpp.aotstats
[ 84%] Linking CXX executable iex_mei_tests
[ 84%] Generating .rcc/qmlcache/palette_qml_internal/CreateCustomPalettePopup_qml.cpp, .rcc/qmlcache/palette_qml_internal/CreateCustomPalettePopup_qml.cpp.aotstats
[ 84%] Generating .rcc/qmlcache/palette_qml_internal/MoreElementsPopup_qml.cpp, .rcc/qmlcache/palette_qml_internal/MoreElementsPopup_qml.cpp.aotstats
[ 84%] Generating .rcc/qmlcache/palette_qml_internal/PaletteGridLinesCanvas_qml.cpp, .rcc/qmlcache/palette_qml_internal/PaletteGridLinesCanvas_qml.cpp.aotstats
[ 84%] Generating .rcc/qmlcache/palette_qml_internal/PaletteGridView_qml.cpp, .rcc/qmlcache/palette_qml_internal/PaletteGridView_qml.cpp.aotstats
[ 84%] Building CXX object src/engraving/tests/CMakeFiles/engraving_tests.dir/stavesharing_tests.cpp.o
[ 84%] Building CXX object src/braille/qml/MuseScore/Braille/CMakeFiles/braille_qmlplugin.dir/braille_qmlplugin_autogen/mocs_compilation.cpp.o
[ 84%] Building CXX object src/braille/qml/MuseScore/Braille/CMakeFiles/braille_qmlplugin.dir/braille_qmlplugin_MuseScore_BraillePlugin.cpp.o
[ 84%] Generating .rcc/qmlcache/palette_qml_internal/PalettePropertyItem_qml.cpp, .rcc/qmlcache/palette_qml_internal/PalettePropertyItem_qml.cpp.aotstats
[ 84%] Generating .rcc/qmlcache/palette_qml_internal/PaletteTree_qml.cpp, .rcc/qmlcache/palette_qml_internal/PaletteTree_qml.cpp.aotstats
[ 84%] Building CXX object src/importexport/musicxml/tests/CMakeFiles/iex_musicxml_tests.dir/__/__/__/engraving/tests/utils/scorerw.cpp.o
[ 84%] Generating .rcc/qmlcache/palette_qml_internal/PaletteUtils_mjs.cpp
[ 84%] Generating .rcc/qmlcache/palette_qml_internal/PalettesPanelHeader_qml.cpp, .rcc/qmlcache/palette_qml_internal/PalettesPanelHeader_qml.cpp.aotstats
[ 84%] Generating .rcc/qmlcache/palette_qml_internal/PlaceholderManager_qml.cpp, .rcc/qmlcache/palette_qml_internal/PlaceholderManager_qml.cpp.aotstats
[ 84%] Built target iex_guitarpro_tests
[ 84%] Generating .rcc/qmlcache/palette_qml_internal/TreePaletteHeader_qml.cpp, .rcc/qmlcache/palette_qml_internal/TreePaletteHeader_qml.cpp.aotstats
[ 84%] Building CXX object src/engraving/tests/CMakeFiles/engraving_tests.dir/system_locks_tests.cpp.o
[ 84%] Building CXX object src/palette/qml/MuseScore/Palette/CMakeFiles/palette_qml.dir/Unity/unity_1_cxx.cxx.o
[ 84%] Building CXX object src/palette/qml/MuseScore/Palette/CMakeFiles/palette_qml.dir/Unity/unity_0_cxx.cxx.o
[ 84%] Building CXX object src/palette/qml/MuseScore/Palette/CMakeFiles/palette_qml.dir/.qt/rcc/qrc_qmake_MuseScore_Palette.cpp.o
[ 84%] Building CXX object src/importexport/musicxml/tests/CMakeFiles/iex_musicxml_tests.dir/__/__/__/engraving/tests/utils/scorecomp.cpp.o
[ 84%] Building CXX object src/engraving/tests/CMakeFiles/engraving_tests.dir/system_dividers_tests.cpp.o
[ 84%] Building CXX object src/engraving/tests/CMakeFiles/engraving_tests.dir/tempomap_tests.cpp.o
[ 84%] Linking CXX static library libbraille_qmlplugin.a
[ 84%] Built target braille_qmlplugin
[ 85%] Building CXX object src/importexport/musicxml/tests/CMakeFiles/iex_musicxml_tests.dir/environment.cpp.o
[ 85%] Building CXX object src/palette/qml/MuseScore/Palette/CMakeFiles/palette_qml.dir/.qt/rcc/qrc_palette_qml_raw_qml_0.cpp.o
[ 85%] Building CXX object src/importexport/musicxml/tests/CMakeFiles/iex_musicxml_tests.dir/musicxml_tests.cpp.o
[ 85%] Built target iex_mei_tests
[ 85%] Building CXX object src/engraving/tests/CMakeFiles/engraving_tests.dir/textbase_tests.cpp.o
[ 85%] Building CXX object src/palette/qml/MuseScore/Palette/CMakeFiles/palette_qml.dir/.qt/rcc/qrc_palette_qml_raw_qml_0_extra_qmldirs.cpp.o
[ 85%] Building CXX object src/engraving/tests/CMakeFiles/engraving_tests.dir/timesig_tests.cpp.o
[ 85%] Building CXX object src/engraving/tests/CMakeFiles/engraving_tests.dir/tools_tests.cpp.o
[ 85%] Building CXX object src/engraving/tests/CMakeFiles/engraving_tests.dir/transpose_tests.cpp.o
[ 85%] Building CXX object src/engraving/tests/CMakeFiles/engraving_tests.dir/tab_transpose_tests.cpp.o
[ 85%] Building CXX object src/engraving/tests/CMakeFiles/engraving_tests.dir/tuplet_tests.cpp.o
[ 85%] Linking CXX executable iex_mnx_tests
[ 85%] Building CXX object src/engraving/tests/CMakeFiles/engraving_tests.dir/unrollrepeats_tests.cpp.o
[ 85%] Building CXX object src/engraving/tests/CMakeFiles/engraving_tests.dir/changevisibility_tests.cpp.o
[ 85%] Building CXX object src/engraving/tests/CMakeFiles/engraving_tests.dir/scoreutils_tests.cpp.o
[ 85%] Building CXX object src/engraving/tests/CMakeFiles/engraving_tests.dir/voiceswitching_tests.cpp.o
[ 85%] Linking CXX static library libinstrumentsscene_qml.a
[ 85%] Built target instrumentsscene_qml
[ 85%] Building CXX object src/engraving/tests/CMakeFiles/engraving_tests.dir/fretbox_tests.cpp.o
[ 85%] Building CXX object src/engraving/tests/CMakeFiles/engraving_tests.dir/fretdiagram_tests.cpp.o
[ 85%] Building CXX object src/engraving/tests/CMakeFiles/engraving_tests.dir/engraving_xml_tests.cpp.o
[ 85%] Built target instrumentsscene_qmlplugin_autogen_timestamp_deps
[ 85%] Automatic MOC and UIC for target instrumentsscene_qmlplugin
[ 85%] Building CXX object src/engraving/tests/CMakeFiles/engraving_tests.dir/parentheses_tests.cpp.o
[ 85%] Built target instrumentsscene_qmlplugin_autogen
[ 85%] Building CXX object src/engraving/tests/CMakeFiles/engraving_tests.dir/lyrics_tests.cpp.o
[ 85%] Built target iex_mnx_tests
[ 85%] Building CXX object src/instrumentsscene/qml/MuseScore/InstrumentsScene/CMakeFiles/instrumentsscene_qmlplugin.dir/instrumentsscene_qmlplugin_autogen/mocs_compilation.cpp.o
[ 85%] Building CXX object src/instrumentsscene/qml/MuseScore/InstrumentsScene/CMakeFiles/instrumentsscene_qmlplugin.dir/instrumentsscene_qmlplugin_MuseScore_InstrumentsScenePlugin.cpp.o
[ 85%] Building CXX object src/engraving/tests/CMakeFiles/engraving_tests.dir/page_locks_tests.cpp.o
[ 85%] Building CXX object src/engraving/tests/CMakeFiles/engraving_tests.dir/automation/automation_tests.cpp.o
[ 85%] Building CXX object src/engraving/tests/CMakeFiles/engraving_tests.dir/automation/automationrw_tests.cpp.o
[ 85%] Linking CXX static library libinstrumentsscene_qmlplugin.a
[ 85%] Building CXX object src/engraving/tests/CMakeFiles/engraving_tests.dir/automation/scoreautomationcontroller_tests.cpp.o
[ 85%] Built target instrumentsscene_qmlplugin
[ 85%] Building CXX object src/engraving/tests/CMakeFiles/engraving_tests.dir/lv_tests.cpp.o
[ 85%] Building CXX object src/engraving/tests/CMakeFiles/engraving_tests.dir/drawdata_tests.cpp.o
[ 85%] Building CXX object src/engraving/tests/CMakeFiles/engraving_tests.dir/playback/playbackeventsrendering_tests.cpp.o
[ 86%] Building CXX object src/engraving/tests/CMakeFiles/engraving_tests.dir/playback/playbackmodel_tests.cpp.o
[ 86%] Building CXX object src/engraving/tests/CMakeFiles/engraving_tests.dir/playback/playbackcontext_tests.cpp.o
[ 86%] Building CXX object src/engraving/tests/CMakeFiles/engraving_tests.dir/playback/bendsrenderer_tests.cpp.o
[ 86%] Linking CXX static library libpalette_qml.a
[ 86%] Built target palette_qml
[ 86%] Built target palette_qmlplugin_autogen_timestamp_deps
[ 86%] Automatic MOC and UIC for target palette_qmlplugin
[ 86%] Built target palette_qmlplugin_autogen
[ 86%] Building CXX object src/palette/qml/MuseScore/Palette/CMakeFiles/palette_qmlplugin.dir/palette_qmlplugin_autogen/mocs_compilation.cpp.o
[ 86%] Building CXX object src/palette/qml/MuseScore/Palette/CMakeFiles/palette_qmlplugin.dir/palette_qmlplugin_MuseScore_PalettePlugin.cpp.o
[ 86%] Linking CXX static library libpalette_qmlplugin.a
[ 86%] Built target palette_qmlplugin
[ 86%] Linking CXX executable engraving_tests
[ 86%] Linking CXX static library libproject.a
[ 86%] Built target project
[ 86%] Built target project_test_autogen_timestamp_deps
[ 86%] Automatic MOC and UIC for target project_test
[ 86%] Built target project_test_autogen
[ 86%] Building CXX object src/project/tests/CMakeFiles/project_test.dir/project_test_autogen/mocs_compilation.cpp.o
[ 86%] Building CXX object src/project/tests/CMakeFiles/project_test.dir/__/__/__/muse/framework/testing/environment.cpp.o
[ 86%] Building CXX object src/project/tests/CMakeFiles/project_test.dir/templatesrepositorytest.cpp.o
[ 87%] Building CXX object src/project/tests/CMakeFiles/project_test.dir/mscmetareadertests.cpp.o
[ 87%] Building CXX object src/project/tests/CMakeFiles/project_test.dir/__/__/__/muse/framework/testing/gmain.cpp.o
/build/musescore-git/src/MuseScore/src/importexport/musicxml/tests/musicxml_tests.cpp: In function ‘void __static_initialization_and_destruction_0()’:
/build/musescore-git/src/MuseScore/src/importexport/musicxml/tests/musicxml_tests.cpp:1495:1: note: variable tracking size limit exceeded with ‘-fvar-tracking-assignments’, retrying without
 1495 | }
      | ^
[ 87%] Linking CXX executable iex_musicxml_tests
[ 87%] Built target engraving_tests
[ 87%] Built target iex_musicxml_tests
In file included from /build/musescore-git/src/build/src/notationscene/CMakeFiles/notationscene.dir/Unity/unity_0_cxx.cxx:37:
/build/musescore-git/src/MuseScore/src/notationscene/widgets/breaksdialog.cpp: In function ‘void __static_initialization_and_destruction_0()’:
/build/musescore-git/src/MuseScore/src/notationscene/widgets/breaksdialog.cpp:117:1: note: variable tracking size limit exceeded with ‘-fvar-tracking-assignments’, retrying without
  117 | }
      | ^
[ 87%] Linking CXX executable project_test
[ 87%] Linking CXX static library libnotationscene.a
[ 87%] Built target notationscene
[ 87%] Built target notationscene_qml_autogen_timestamp_deps
[ 87%] Automatic MOC and UIC for target notationscene_qml
[ 87%] Built target project_test
[ 87%] Built target notationscene_qml_autogen
[ 87%] Running rcc for resource qmake_MuseScore_NotationScene
[ 87%] Running AUTOMOC file extraction for target notationscene_qml
[ 87%] Running rcc for resource notationscene_qml_raw_qml_0_extra_qmldirs
[ 87%] Running rcc for resource notationscene_qml_raw_res_0
[ 87%] Generating .rcc/qmlcache/notationscene_qml_qmlcache_loader.cpp
[ 87%] Running rcc for resource notationscene_qml_raw_qml_0
[ 87%] Running moc --collect-json for target notationscene_qml
[ 87%] Generating meta_types/qt6notationscene_qml_metatypes.json
[ 87%] Automatic QML type registration for target notationscene_qml
Warning: noteinputbarcustomiseitem.h:31: muse::uicomponents::SelectableItemListModel::Item is used as base type but cannot be found.
[ 88%] Generating .rcc/qmlcache/notationscene_qml_PercussionPanel_qml.cpp, .rcc/qmlcache/notationscene_qml_PercussionPanel_qml.cpp.aotstats
[ 88%] Generating .rcc/qmlcache/notationscene_qml_AbstractElementPopup_qml.cpp, .rcc/qmlcache/notationscene_qml_AbstractElementPopup_qml.cpp.aotstats
[ 88%] Generating .rcc/qmlcache/notationscene_qml_PianoKeyboardPanel_qml.cpp, .rcc/qmlcache/notationscene_qml_PianoKeyboardPanel_qml.cpp.aotstats
[ 88%] Generating .rcc/qmlcache/notationscene_qml_PercussionPanelPadSwapDialog_qml.cpp, .rcc/qmlcache/notationscene_qml_PercussionPanelPadSwapDialog_qml.cpp.aotstats
[ 88%] Generating .rcc/qmlcache/notationscene_qml_PartsDialog_qml.cpp, .rcc/qmlcache/notationscene_qml_PartsDialog_qml.cpp.aotstats
[ 88%] Generating .rcc/qmlcache/notationscene_qml_EditGridSizeDialog_qml.cpp, .rcc/qmlcache/notationscene_qml_EditGridSizeDialog_qml.cpp.aotstats
[ 88%] Generating .rcc/qmlcache/notationscene_qml_NotationToolBar_qml.cpp, .rcc/qmlcache/notationscene_qml_NotationToolBar_qml.cpp.aotstats
[ 88%] Generating .rcc/qmlcache/notationscene_qml_ConcertPitchControl_qml.cpp, .rcc/qmlcache/notationscene_qml_ConcertPitchControl_qml.cpp.aotstats
[ 88%] Generating .rcc/qmlcache/notationscene_qml_NotationView_qml.cpp, .rcc/qmlcache/notationscene_qml_NotationView_qml.cpp.aotstats
[ 88%] Generating .rcc/qmlcache/notationscene_qml_NoteInputBar_qml.cpp, .rcc/qmlcache/notationscene_qml_NoteInputBar_qml.cpp.aotstats
[ 88%] Generating .rcc/qmlcache/notationscene_qml_SelectMeasuresCountDialog_qml.cpp, .rcc/qmlcache/notationscene_qml_SelectMeasuresCountDialog_qml.cpp.aotstats
[ 88%] Generating .rcc/qmlcache/notationscene_qml_EditPercussionShortcutDialog_qml.cpp, .rcc/qmlcache/notationscene_qml_EditPercussionShortcutDialog_qml.cpp.aotstats
[ 88%] Generating .rcc/qmlcache/notationscene_qml_Timeline_qml.cpp, .rcc/qmlcache/notationscene_qml_Timeline_qml.cpp.aotstats
[ 88%] Generating .rcc/qmlcache/notationscene_qml_SelectionFilterPanel_qml.cpp, .rcc/qmlcache/notationscene_qml_SelectionFilterPanel_qml.cpp.aotstats
[ 88%] Generating .rcc/qmlcache/notationscene_qml_TempoView_qml.cpp, .rcc/qmlcache/notationscene_qml_TempoView_qml.cpp.aotstats
[ 88%] Generating .rcc/qmlcache/notationscene_qml_ViewModeControl_qml.cpp, .rcc/qmlcache/notationscene_qml_ViewModeControl_qml.cpp.aotstats
[ 88%] Generating .rcc/qmlcache/notationscene_qml_UndoHistoryPanel_qml.cpp, .rcc/qmlcache/notationscene_qml_UndoHistoryPanel_qml.cpp.aotstats
[ 88%] Generating .rcc/qmlcache/notationscene_qml_ZoomControl_qml.cpp, .rcc/qmlcache/notationscene_qml_ZoomControl_qml.cpp.aotstats
[ 88%] Generating .rcc/qmlcache/notationscene_qml_UndoRedoToolBar_qml.cpp, .rcc/qmlcache/notationscene_qml_UndoRedoToolBar_qml.cpp.aotstats
[ 89%] Generating .rcc/qmlcache/notationscene_qml_elementpopups/CapoPopup_qml.cpp, .rcc/qmlcache/notationscene_qml_elementpopups/CapoPopup_qml.cpp.aotstats
[ 89%] Generating .rcc/qmlcache/notationscene_qml_elementpopups/DynamicPopup_qml.cpp, .rcc/qmlcache/notationscene_qml_elementpopups/DynamicPopup_qml.cpp.aotstats
[ 89%] Generating .rcc/qmlcache/notationscene_qml_elementpopups/ElementPopupLoader_qml.cpp, .rcc/qmlcache/notationscene_qml_elementpopups/ElementPopupLoader_qml.cpp.aotstats
[ 89%] Generating .rcc/qmlcache/notationscene_qml_elementpopups/HarpPedalPopup_qml.cpp, .rcc/qmlcache/notationscene_qml_elementpopups/HarpPedalPopup_qml.cpp.aotstats
[ 89%] Generating .rcc/qmlcache/notationscene_qml_elementpopups/PartialTieMenuRowItem_qml.cpp, .rcc/qmlcache/notationscene_qml_elementpopups/PartialTieMenuRowItem_qml.cpp.aotstats
[ 89%] Generating .rcc/qmlcache/notationscene_qml_elementpopups/PartialTiePopup_qml.cpp, .rcc/qmlcache/notationscene_qml_elementpopups/PartialTiePopup_qml.cpp.aotstats
[ 89%] Generating .rcc/qmlcache/notationscene_qml_elementpopups/PercussionNotePopupContent_qml.cpp, .rcc/qmlcache/notationscene_qml_elementpopups/PercussionNotePopupContent_qml.cpp.aotstats
[ 89%] Generating .rcc/qmlcache/notationscene_qml_elementpopups/ShadowNotePopup_qml.cpp, .rcc/qmlcache/notationscene_qml_elementpopups/ShadowNotePopup_qml.cpp.aotstats
[ 89%] Generating .rcc/qmlcache/notationscene_qml_elementpopups/StaffVisibilityPopup_qml.cpp, .rcc/qmlcache/notationscene_qml_elementpopups/StaffVisibilityPopup_qml.cpp.aotstats
[ 89%] Generating .rcc/qmlcache/notationscene_qml_elementpopups/StringTuningsPopup_qml.cpp, .rcc/qmlcache/notationscene_qml_elementpopups/StringTuningsPopup_qml.cpp.aotstats
[ 89%] Generating .rcc/qmlcache/notationscene_qml_internal/CustomiseControlPanel_qml.cpp, .rcc/qmlcache/notationscene_qml_internal/CustomiseControlPanel_qml.cpp.aotstats
[ 89%] Generating .rcc/qmlcache/notationscene_qml_internal/CustomiseView_qml.cpp, .rcc/qmlcache/notationscene_qml_internal/CustomiseView_qml.cpp.aotstats
[ 89%] Generating .rcc/qmlcache/notationscene_qml_internal/NotationSwitchPanel_qml.cpp, .rcc/qmlcache/notationscene_qml_internal/NotationSwitchPanel_qml.cpp.aotstats
[ 89%] Generating .rcc/qmlcache/notationscene_qml_internal/NotationSwitchButton_qml.cpp, .rcc/qmlcache/notationscene_qml_internal/NotationSwitchButton_qml.cpp.aotstats
[ 89%] Generating .rcc/qmlcache/notationscene_qml_internal/NotationSwitchScrollArrowButton_qml.cpp, .rcc/qmlcache/notationscene_qml_internal/NotationSwitchScrollArrowButton_qml.cpp.aotstats
[ 89%] Generating .rcc/qmlcache/notationscene_qml_internal/NoteInputBarActionDelegate_qml.cpp, .rcc/qmlcache/notationscene_qml_internal/NoteInputBarActionDelegate_qml.cpp.aotstats
[ 89%] Generating .rcc/qmlcache/notationscene_qml_internal/NoteInputBarCustomisePopup_qml.cpp, .rcc/qmlcache/notationscene_qml_internal/NoteInputBarCustomisePopup_qml.cpp.aotstats
[ 89%] Generating .rcc/qmlcache/notationscene_qml_internal/PartDelegate_qml.cpp, .rcc/qmlcache/notationscene_qml_internal/PartDelegate_qml.cpp.aotstats
[ 89%] Generating .rcc/qmlcache/notationscene_qml_internal/PartsTopPanel_qml.cpp, .rcc/qmlcache/notationscene_qml_internal/PartsTopPanel_qml.cpp.aotstats
[ 89%] Generating .rcc/qmlcache/notationscene_qml_internal/PartsView_qml.cpp, .rcc/qmlcache/notationscene_qml_internal/PartsView_qml.cpp.aotstats
[ 89%] Generating .rcc/qmlcache/notationscene_qml_internal/SearchPopup_qml.cpp, .rcc/qmlcache/notationscene_qml_internal/SearchPopup_qml.cpp.aotstats
[ 89%] Generating .rcc/qmlcache/notationscene_qml_internal/SelectionFilterSection_qml.cpp, .rcc/qmlcache/notationscene_qml_internal/SelectionFilterSection_qml.cpp.aotstats
[ 89%] Generating .rcc/qmlcache/notationscene_qml_internal/VoicesPopup_qml.cpp, .rcc/qmlcache/notationscene_qml_internal/VoicesPopup_qml.cpp.aotstats
[ 89%] Generating .rcc/qmlcache/notationscene_qml_percussionpanel/PercussionPanelPadContent_qml.cpp, .rcc/qmlcache/notationscene_qml_percussionpanel/PercussionPanelPadContent_qml.cpp.aotstats
[ 89%] Generating .rcc/qmlcache/notationscene_qml_percussionpanel/PercussionPanelPad_qml.cpp, .rcc/qmlcache/notationscene_qml_percussionpanel/PercussionPanelPad_qml.cpp.aotstats
[ 89%] Generating .rcc/qmlcache/notationscene_qml_percussionpanel/PercussionPanelToolBar_qml.cpp, .rcc/qmlcache/notationscene_qml_percussionpanel/PercussionPanelToolBar_qml.cpp.aotstats
[ 89%] Generating .rcc/qmlcache/notationscene_qml_styledialog/AccidentalsPage_qml.cpp, .rcc/qmlcache/notationscene_qml_styledialog/AccidentalsPage_qml.cpp.aotstats
[ 89%] Generating .rcc/qmlcache/notationscene_qml_styledialog/BeamsPage_qml.cpp, .rcc/qmlcache/notationscene_qml_styledialog/BeamsPage_qml.cpp.aotstats
[ 89%] Generating .rcc/qmlcache/notationscene_qml_styledialog/BendsPage_qml.cpp, .rcc/qmlcache/notationscene_qml_styledialog/BendsPage_qml.cpp.aotstats
[ 89%] Generating .rcc/qmlcache/notationscene_qml_styledialog/ChordSymbolsPage_qml.cpp, .rcc/qmlcache/notationscene_qml_styledialog/ChordSymbolsPage_qml.cpp.aotstats
[ 89%] Generating .rcc/qmlcache/notationscene_qml_styledialog/ClefKeyTimeSigPage_qml.cpp, .rcc/qmlcache/notationscene_qml_styledialog/ClefKeyTimeSigPage_qml.cpp.aotstats
[ 89%] Generating .rcc/qmlcache/notationscene_qml_styledialog/ComboBoxDropdown_qml.cpp, .rcc/qmlcache/notationscene_qml_styledialog/ComboBoxDropdown_qml.cpp.aotstats
[ 89%] Generating .rcc/qmlcache/notationscene_qml_styledialog/FretboardsPage_qml.cpp, .rcc/qmlcache/notationscene_qml_styledialog/FretboardsPage_qml.cpp.aotstats
[ 89%] Generating .rcc/qmlcache/notationscene_qml_styledialog/GlissandoSection_qml.cpp, .rcc/qmlcache/notationscene_qml_styledialog/GlissandoSection_qml.cpp.aotstats
[ 89%] Generating .rcc/qmlcache/notationscene_qml_styledialog/HammerOnPullOffTappingPage_qml.cpp, .rcc/qmlcache/notationscene_qml_styledialog/HammerOnPullOffTappingPage_qml.cpp.aotstats
[ 89%] Generating .rcc/qmlcache/notationscene_qml_styledialog/IconAndTextButtonSelector_qml.cpp, .rcc/qmlcache/notationscene_qml_styledialog/IconAndTextButtonSelector_qml.cpp.aotstats
[ 89%] Generating .rcc/qmlcache/notationscene_qml_styledialog/InstrumentNamesPage_qml.cpp, .rcc/qmlcache/notationscene_qml_styledialog/InstrumentNamesPage_qml.cpp.aotstats
[ 89%] Generating .rcc/qmlcache/notationscene_qml_styledialog/ItemWithTitle_qml.cpp, .rcc/qmlcache/notationscene_qml_styledialog/ItemWithTitle_qml.cpp.aotstats
[ 89%] Generating .rcc/qmlcache/notationscene_qml_styledialog/LaissezVibrSection_qml.cpp, .rcc/qmlcache/notationscene_qml_styledialog/LaissezVibrSection_qml.cpp.aotstats
[ 89%] Generating .rcc/qmlcache/notationscene_qml_styledialog/LineStyleSection_qml.cpp, .rcc/qmlcache/notationscene_qml_styledialog/LineStyleSection_qml.cpp.aotstats
[ 89%] Generating .rcc/qmlcache/notationscene_qml_styledialog/MeasureNumbersPage_qml.cpp, .rcc/qmlcache/notationscene_qml_styledialog/MeasureNumbersPage_qml.cpp.aotstats
[ 89%] Generating .rcc/qmlcache/notationscene_qml_styledialog/NoteFlagsTypeSelector_qml.cpp, .rcc/qmlcache/notationscene_qml_styledialog/NoteFlagsTypeSelector_qml.cpp.aotstats
[ 89%] Generating .rcc/qmlcache/notationscene_qml_styledialog/NoteLineSection_qml.cpp, .rcc/qmlcache/notationscene_qml_styledialog/NoteLineSection_qml.cpp.aotstats
[ 89%] Generating .rcc/qmlcache/notationscene_qml_styledialog/RadioButtonSelectorWithReset_qml.cpp, .rcc/qmlcache/notationscene_qml_styledialog/RadioButtonSelectorWithReset_qml.cpp.aotstats
[ 89%] Generating .rcc/qmlcache/notationscene_qml_styledialog/RepeatBarlinesSection_qml.cpp, .rcc/qmlcache/notationscene_qml_styledialog/RepeatBarlinesSection_qml.cpp.aotstats
[ 89%] Generating .rcc/qmlcache/notationscene_qml_styledialog/RepeatPage_qml.cpp, .rcc/qmlcache/notationscene_qml_styledialog/RepeatPage_qml.cpp.aotstats
[ 89%] Generating .rcc/qmlcache/notationscene_qml_styledialog/RestOffsetSelector_qml.cpp, .rcc/qmlcache/notationscene_qml_styledialog/RestOffsetSelector_qml.cpp.aotstats
[ 89%] Generating .rcc/qmlcache/notationscene_qml_styledialog/SelectableStyledImage_qml.cpp, .rcc/qmlcache/notationscene_qml_styledialog/SelectableStyledImage_qml.cpp.aotstats
[ 89%] Generating .rcc/qmlcache/notationscene_qml_styledialog/SlursAndTiesPage_qml.cpp, .rcc/qmlcache/notationscene_qml_styledialog/SlursAndTiesPage_qml.cpp.aotstats
[ 89%] Generating .rcc/qmlcache/notationscene_qml_styledialog/SlursSection_qml.cpp, .rcc/qmlcache/notationscene_qml_styledialog/SlursSection_qml.cpp.aotstats
[ 89%] Generating .rcc/qmlcache/notationscene_qml_styledialog/StaveSharingPage_qml.cpp, .rcc/qmlcache/notationscene_qml_styledialog/StaveSharingPage_qml.cpp.aotstats
[ 89%] Generating .rcc/qmlcache/notationscene_qml_styledialog/StyleControlRowWithReset_qml.cpp, .rcc/qmlcache/notationscene_qml_styledialog/StyleControlRowWithReset_qml.cpp.aotstats
[ 89%] Generating .rcc/qmlcache/notationscene_qml_styledialog/StyleDialogPage_qml.cpp, .rcc/qmlcache/notationscene_qml_styledialog/StyleDialogPage_qml.cpp.aotstats
[ 89%] Generating .rcc/qmlcache/notationscene_qml_styledialog/StyleResetButton_qml.cpp, .rcc/qmlcache/notationscene_qml_styledialog/StyleResetButton_qml.cpp.aotstats
[ 89%] Generating .rcc/qmlcache/notationscene_qml_styledialog/StyleSpinboxWithReset_qml.cpp, .rcc/qmlcache/notationscene_qml_styledialog/StyleSpinboxWithReset_qml.cpp.aotstats
[ 89%] Generating .rcc/qmlcache/notationscene_qml_styledialog/StyleToggleWithImage_qml.cpp, .rcc/qmlcache/notationscene_qml_styledialog/StyleToggleWithImage_qml.cpp.aotstats
[ 89%] Generating .rcc/qmlcache/notationscene_qml_styledialog/StyleToggle_qml.cpp, .rcc/qmlcache/notationscene_qml_styledialog/StyleToggle_qml.cpp.aotstats
[ 90%] Generating .rcc/qmlcache/notationscene_qml_styledialog/StyledImage_qml.cpp, .rcc/qmlcache/notationscene_qml_styledialog/StyledImage_qml.cpp.aotstats
[ 90%] Generating .rcc/qmlcache/notationscene_qml_styledialog/StyledXYControllerWithReset_qml.cpp, .rcc/qmlcache/notationscene_qml_styledialog/StyledXYControllerWithReset_qml.cpp.aotstats
[ 90%] Generating .rcc/qmlcache/notationscene_qml_styledialog/TextFieldWithReset_qml.cpp, .rcc/qmlcache/notationscene_qml_styledialog/TextFieldWithReset_qml.cpp.aotstats
[ 90%] Generating .rcc/qmlcache/notationscene_qml_styledialog/TupletCenteringSelector_qml.cpp, .rcc/qmlcache/notationscene_qml_styledialog/TupletCenteringSelector_qml.cpp.aotstats
[ 90%] Generating .rcc/qmlcache/notationscene_qml_styledialog/TiesSection_qml.cpp, .rcc/qmlcache/notationscene_qml_styledialog/TiesSection_qml.cpp.aotstats
[ 90%] Generating .rcc/qmlcache/notationscene_qml_styledialog/VoltasPage_qml.cpp, .rcc/qmlcache/notationscene_qml_styledialog/VoltasPage_qml.cpp.aotstats
[ 90%] Building CXX object src/notationscene/qml/MuseScore/NotationScene/CMakeFiles/notationscene_qml.dir/Unity/unity_2_cxx.cxx.o
[ 91%] Building CXX object src/notationscene/qml/MuseScore/NotationScene/CMakeFiles/notationscene_qml.dir/Unity/unity_5_cxx.cxx.o
[ 91%] Building CXX object src/notationscene/qml/MuseScore/NotationScene/CMakeFiles/notationscene_qml.dir/Unity/unity_1_cxx.cxx.o
[ 91%] Building CXX object src/notationscene/qml/MuseScore/NotationScene/CMakeFiles/notationscene_qml.dir/Unity/unity_12_cxx.cxx.o
[ 91%] Building CXX object src/notationscene/qml/MuseScore/NotationScene/CMakeFiles/notationscene_qml.dir/Unity/unity_8_cxx.cxx.o
[ 91%] Building CXX object src/notationscene/qml/MuseScore/NotationScene/CMakeFiles/notationscene_qml.dir/Unity/unity_3_cxx.cxx.o
[ 91%] Building CXX object src/notationscene/qml/MuseScore/NotationScene/CMakeFiles/notationscene_qml.dir/Unity/unity_9_cxx.cxx.o
[ 91%] Building CXX object src/notationscene/qml/MuseScore/NotationScene/CMakeFiles/notationscene_qml.dir/Unity/unity_6_cxx.cxx.o
[ 91%] Building CXX object src/notationscene/qml/MuseScore/NotationScene/CMakeFiles/notationscene_qml.dir/Unity/unity_10_cxx.cxx.o
[ 91%] Building CXX object src/notationscene/qml/MuseScore/NotationScene/CMakeFiles/notationscene_qml.dir/Unity/unity_11_cxx.cxx.o
[ 91%] Building CXX object src/notationscene/qml/MuseScore/NotationScene/CMakeFiles/notationscene_qml.dir/Unity/unity_4_cxx.cxx.o
[ 91%] Building CXX object src/notationscene/qml/MuseScore/NotationScene/CMakeFiles/notationscene_qml.dir/Unity/unity_7_cxx.cxx.o
[ 91%] Building CXX object src/notationscene/qml/MuseScore/NotationScene/CMakeFiles/notationscene_qml.dir/Unity/unity_0_cxx.cxx.o
[ 91%] Building CXX object src/notationscene/qml/MuseScore/NotationScene/CMakeFiles/notationscene_qml.dir/.qt/rcc/qrc_qmake_MuseScore_NotationScene.cpp.o
[ 91%] Building CXX object src/notationscene/qml/MuseScore/NotationScene/CMakeFiles/notationscene_qml.dir/.qt/rcc/qrc_notationscene_qml_raw_qml_0.cpp.o
[ 91%] Building CXX object src/notationscene/qml/MuseScore/NotationScene/CMakeFiles/notationscene_qml.dir/.qt/rcc/qrc_notationscene_qml_raw_res_0.cpp.o
[ 91%] Building CXX object src/notationscene/qml/MuseScore/NotationScene/CMakeFiles/notationscene_qml.dir/.qt/rcc/qrc_notationscene_qml_raw_qml_0_extra_qmldirs.cpp.o
[ 91%] Linking CXX static library libnotationscene_qml.a
[ 91%] Built target notationscene_qml
[ 91%] Built target notationscene_qml_tests_autogen_timestamp_deps
[ 91%] Built target project_qml_autogen_timestamp_deps
[ 91%] Built target playback_qml_autogen_timestamp_deps
[ 91%] Built target notationscene_qmlplugin_autogen_timestamp_deps
[ 91%] Automatic MOC and UIC for target notationscene_qml_tests
[ 91%] Automatic MOC and UIC for target notationscene_qmlplugin
[ 91%] Automatic MOC and UIC for target playback_qml
[ 91%] Automatic MOC and UIC for target project_qml
[ 91%] Built target notationscene_qml_tests_autogen
[ 91%] Built target notationscene_qmlplugin_autogen
[ 91%] Building CXX object src/notationscene/qml/MuseScore/NotationScene/CMakeFiles/notationscene_qmlplugin.dir/notationscene_qmlplugin_autogen/mocs_compilation.cpp.o
[ 91%] Building CXX object src/notationscene/qml/MuseScore/NotationScene/CMakeFiles/notationscene_qmlplugin.dir/notationscene_qmlplugin_MuseScore_NotationScenePlugin.cpp.o
[ 91%] Built target playback_qml_autogen
[ 91%] Running AUTOMOC file extraction for target playback_qml
[ 91%] Generating .rcc/qmlcache/playback_qml_qmlcache_loader.cpp
[ 91%] Running rcc for resource playback_qml_raw_qml_0_extra_qmldirs
[ 91%] Running rcc for resource playback_qml_raw_qml_0
[ 91%] Running rcc for resource qmake_MuseScore_Playback
[ 91%] Running moc --collect-json for target playback_qml
[ 91%] Generating meta_types/qt6playback_qml_metatypes.json
[ 91%] Built target project_qml_autogen
[ 91%] Automatic QML type registration for target playback_qml
[ 91%] Running rcc for resource project_qml_raw_qml_0
[ 91%] Running AUTOMOC file extraction for target project_qml
[ 91%] Running rcc for resource project_qml_raw_qml_0_extra_qmldirs
[ 91%] Running rcc for resource project_qml_raw_res_0
[ 91%] Running rcc for resource qmake_MuseScore_Project
[ 91%] Generating .rcc/qmlcache/project_qml_qmlcache_loader.cpp
[ 91%] Running moc --collect-json for target project_qml
Warning: mixerpanelcontextmenumodel.h:34: muse::uicomponents::AbstractMenuModel is used as base type but cannot be found.
Warning: mixerpanelcontextmenumodel.h:34: muse::actions::Actionable is used as base type but cannot be found.
Warning: playbacktoolbarmodel.h:33: muse::uicomponents::AbstractMenuModel is used as base type but cannot be found.
Warning: soundflagsettingsmodel.h:37: mu::notation::AbstractElementPopupModel is used as base type but cannot be found.
[ 91%] Generating meta_types/qt6project_qml_metatypes.json
[ 91%] Automatic QML type registration for target project_qml
[ 91%] Generating .rcc/qmlcache/playback_qml_internal/AudioProcessingProgressBar_qml.cpp, .rcc/qmlcache/playback_qml_internal/AudioProcessingProgressBar_qml.cpp.aotstats
[ 92%] Generating .rcc/qmlcache/playback_qml_MixerPanel_qml.cpp, .rcc/qmlcache/playback_qml_MixerPanel_qml.cpp.aotstats
[ 92%] Generating .rcc/qmlcache/playback_qml_NotationRegionsBeingProcessedView_qml.cpp, .rcc/qmlcache/playback_qml_NotationRegionsBeingProcessedView_qml.cpp.aotstats
[ 92%] Generating .rcc/qmlcache/playback_qml_PlaybackLoadingInfo_qml.cpp, .rcc/qmlcache/playback_qml_PlaybackLoadingInfo_qml.cpp.aotstats
[ 92%] Generating .rcc/qmlcache/playback_qml_SoundFlagPopup_qml.cpp, .rcc/qmlcache/playback_qml_SoundFlagPopup_qml.cpp.aotstats
[ 92%] Generating .rcc/qmlcache/playback_qml_OnlineSoundsStatusView_qml.cpp, .rcc/qmlcache/playback_qml_OnlineSoundsStatusView_qml.cpp.aotstats
[ 92%] Generating .rcc/qmlcache/playback_qml_PlaybackToolBar_qml.cpp, .rcc/qmlcache/playback_qml_PlaybackToolBar_qml.cpp.aotstats
[ 92%] Generating .rcc/qmlcache/playback_qml_internal/AudioResourceControl_qml.cpp, .rcc/qmlcache/playback_qml_internal/AudioResourceControl_qml.cpp.aotstats
[ 92%] Generating .rcc/qmlcache/playback_qml_internal/AuxSendControl_qml.cpp, .rcc/qmlcache/playback_qml_internal/AuxSendControl_qml.cpp.aotstats
[ 92%] Generating .rcc/qmlcache/playback_qml_internal/MeasureAndBeatFields_qml.cpp, .rcc/qmlcache/playback_qml_internal/MeasureAndBeatFields_qml.cpp.aotstats
[ 92%] Generating .rcc/qmlcache/playback_qml_internal/MixerBalanceSection_qml.cpp, .rcc/qmlcache/playback_qml_internal/MixerBalanceSection_qml.cpp.aotstats
[ 92%] Generating .rcc/qmlcache/playback_qml_internal/MixerFxSection_qml.cpp, .rcc/qmlcache/playback_qml_internal/MixerFxSection_qml.cpp.aotstats
[ 92%] Generating .rcc/qmlcache/playback_qml_internal/MixerMuteAndSoloSection_qml.cpp, .rcc/qmlcache/playback_qml_internal/MixerMuteAndSoloSection_qml.cpp.aotstats
[ 92%] Generating .rcc/qmlcache/playback_qml_internal/MixerAuxSendsSection_qml.cpp, .rcc/qmlcache/playback_qml_internal/MixerAuxSendsSection_qml.cpp.aotstats
[ 92%] Generating .rcc/qmlcache/playback_qml_internal/MixerFaderSection_qml.cpp, .rcc/qmlcache/playback_qml_internal/MixerFaderSection_qml.cpp.aotstats
[ 92%] Generating .rcc/qmlcache/playback_qml_internal/KnobControl_qml.cpp, .rcc/qmlcache/playback_qml_internal/KnobControl_qml.cpp.aotstats
[ 92%] Generating .rcc/qmlcache/playback_qml_SoundProfilesDialog_qml.cpp, .rcc/qmlcache/playback_qml_SoundProfilesDialog_qml.cpp.aotstats
Warning: pixmapscorethumbnailview.h:30: muse::uicomponents::QuickPaintedView is used as base type but cannot be found.
Warning: templatepaintview.h:33: notation::AbstractNotationPaintView is used as base type but cannot be found.
[ 92%] Generating .rcc/qmlcache/playback_qml_internal/MixerPanelSection_qml.cpp, .rcc/qmlcache/playback_qml_internal/MixerPanelSection_qml.cpp.aotstats
[ 92%] Generating .rcc/qmlcache/project_qml_AlsoShareAudioComDialog_qml.cpp, .rcc/qmlcache/project_qml_AlsoShareAudioComDialog_qml.cpp.aotstats
[ 92%] Generating .rcc/qmlcache/playback_qml_internal/MixerPanelToolbar_qml.cpp, .rcc/qmlcache/playback_qml_internal/MixerPanelToolbar_qml.cpp.aotstats
[ 92%] Generating .rcc/qmlcache/playback_qml_internal/MixerSoundSection_qml.cpp, .rcc/qmlcache/playback_qml_internal/MixerSoundSection_qml.cpp.aotstats
[ 92%] Generating .rcc/qmlcache/playback_qml_internal/MixerTitleSection_qml.cpp, .rcc/qmlcache/playback_qml_internal/MixerTitleSection_qml.cpp.aotstats
[ 92%] Generating .rcc/qmlcache/playback_qml_internal/MixerVolumeSection_qml.cpp, .rcc/qmlcache/playback_qml_internal/MixerVolumeSection_qml.cpp.aotstats
[ 92%] Generating .rcc/qmlcache/project_qml_AskSaveLocationTypeDialog_qml.cpp, .rcc/qmlcache/project_qml_AskSaveLocationTypeDialog_qml.cpp.aotstats
[ 92%] Generating .rcc/qmlcache/playback_qml_internal/PlaybackSpeedPopup_qml.cpp, .rcc/qmlcache/playback_qml_internal/PlaybackSpeedPopup_qml.cpp.aotstats
[ 92%] Generating .rcc/qmlcache/playback_qml_internal/PlaybackSpeedSlider_qml.cpp, .rcc/qmlcache/playback_qml_internal/PlaybackSpeedSlider_qml.cpp.aotstats
[ 92%] Generating .rcc/qmlcache/playback_qml_internal/PlaybackToolBarActions_qml.cpp, .rcc/qmlcache/playback_qml_internal/PlaybackToolBarActions_qml.cpp.aotstats
[ 92%] Generating .rcc/qmlcache/playback_qml_internal/SoundFlag/MuseSoundsParams_qml.cpp, .rcc/qmlcache/playback_qml_internal/SoundFlag/MuseSoundsParams_qml.cpp.aotstats
[ 92%] Generating .rcc/qmlcache/project_qml_AudioGenerationSettingsDialog_qml.cpp, .rcc/qmlcache/project_qml_AudioGenerationSettingsDialog_qml.cpp.aotstats
[ 92%] Generating .rcc/qmlcache/playback_qml_internal/SoundFlag/ParamsGridView_qml.cpp, .rcc/qmlcache/playback_qml_internal/SoundFlag/ParamsGridView_qml.cpp.aotstats
[ 92%] Generating .rcc/qmlcache/playback_qml_internal/VolumePressureMeter_qml.cpp, .rcc/qmlcache/playback_qml_internal/VolumePressureMeter_qml.cpp.aotstats
[ 92%] Generating .rcc/qmlcache/playback_qml_internal/VolumeSlider_qml.cpp, .rcc/qmlcache/playback_qml_internal/VolumeSlider_qml.cpp.aotstats
[ 92%] Generating .rcc/qmlcache/project_qml_AudioGenerationSettings_qml.cpp, .rcc/qmlcache/project_qml_AudioGenerationSettings_qml.cpp.aotstats
[ 92%] Generating .rcc/qmlcache/project_qml_ExportDialog_qml.cpp, .rcc/qmlcache/project_qml_ExportDialog_qml.cpp.aotstats
[ 92%] Generating .rcc/qmlcache/project_qml_Message_qml.cpp, .rcc/qmlcache/project_qml_Message_qml.cpp.aotstats
[ 92%] Generating .rcc/qmlcache/project_qml_MigrationDialog_qml.cpp, .rcc/qmlcache/project_qml_MigrationDialog_qml.cpp.aotstats
[ 92%] Generating .rcc/qmlcache/project_qml_NewScoreDialog_qml.cpp, .rcc/qmlcache/project_qml_NewScoreDialog_qml.cpp.aotstats
[ 92%] Generating .rcc/qmlcache/project_qml_ProjectPropertiesDialog_qml.cpp, .rcc/qmlcache/project_qml_ProjectPropertiesDialog_qml.cpp.aotstats
[ 92%] Generating .rcc/qmlcache/project_qml_ProjectUploadedDialog_qml.cpp, .rcc/qmlcache/project_qml_ProjectUploadedDialog_qml.cpp.aotstats
[ 92%] Generating .rcc/qmlcache/project_qml_SaveToCloudDialog_qml.cpp, .rcc/qmlcache/project_qml_SaveToCloudDialog_qml.cpp.aotstats
[ 92%] Generating .rcc/qmlcache/project_qml_UploadProgressDialog_qml.cpp, .rcc/qmlcache/project_qml_UploadProgressDialog_qml.cpp.aotstats
[ 92%] Generating .rcc/qmlcache/project_qml_ScoresPage_qml.cpp, .rcc/qmlcache/project_qml_ScoresPage_qml.cpp.aotstats
[ 92%] Generating .rcc/qmlcache/project_qml_internal/Export/AudioSettings_qml.cpp, .rcc/qmlcache/project_qml_internal/Export/AudioSettings_qml.cpp.aotstats
[ 92%] Generating .rcc/qmlcache/project_qml_internal/Export/AacSettingsPage_qml.cpp, .rcc/qmlcache/project_qml_internal/Export/AacSettingsPage_qml.cpp.aotstats
[ 92%] Generating .rcc/qmlcache/project_qml_internal/Export/ExportOptionItem_qml.cpp, .rcc/qmlcache/project_qml_internal/Export/ExportOptionItem_qml.cpp.aotstats
[ 92%] Generating .rcc/qmlcache/project_qml_internal/Export/ExportOptionsView_qml.cpp, .rcc/qmlcache/project_qml_internal/Export/ExportOptionsView_qml.cpp.aotstats
[ 92%] Generating .rcc/qmlcache/project_qml_internal/Export/ExportScoresListView_qml.cpp, .rcc/qmlcache/project_qml_internal/Export/ExportScoresListView_qml.cpp.aotstats
[ 92%] Generating .rcc/qmlcache/project_qml_internal/Export/ExportSettingsPage_qml.cpp, .rcc/qmlcache/project_qml_internal/Export/ExportSettingsPage_qml.cpp.aotstats
[ 92%] Generating .rcc/qmlcache/project_qml_internal/Export/FlacSettingsPage_qml.cpp, .rcc/qmlcache/project_qml_internal/Export/FlacSettingsPage_qml.cpp.aotstats
[ 92%] Generating .rcc/qmlcache/project_qml_internal/Export/LrcSettingsPage_qml.cpp, .rcc/qmlcache/project_qml_internal/Export/LrcSettingsPage_qml.cpp.aotstats
[ 93%] Generating .rcc/qmlcache/project_qml_internal/Export/MeiSettingsPage_qml.cpp, .rcc/qmlcache/project_qml_internal/Export/MeiSettingsPage_qml.cpp.aotstats
[ 93%] Generating .rcc/qmlcache/project_qml_internal/Export/MidiSettingsPage_qml.cpp, .rcc/qmlcache/project_qml_internal/Export/MidiSettingsPage_qml.cpp.aotstats
[ 93%] Generating .rcc/qmlcache/project_qml_internal/Export/MnxSettingsPage_qml.cpp, .rcc/qmlcache/project_qml_internal/Export/MnxSettingsPage_qml.cpp.aotstats
[ 93%] Generating .rcc/qmlcache/project_qml_internal/Export/Mp4SettingsPage_qml.cpp, .rcc/qmlcache/project_qml_internal/Export/Mp4SettingsPage_qml.cpp.aotstats
[ 93%] Generating .rcc/qmlcache/project_qml_internal/Export/Mp3SettingsPage_qml.cpp, .rcc/qmlcache/project_qml_internal/Export/Mp3SettingsPage_qml.cpp.aotstats
[ 93%] Generating .rcc/qmlcache/project_qml_internal/Export/MusicXmlSettingsPage_qml.cpp, .rcc/qmlcache/project_qml_internal/Export/MusicXmlSettingsPage_qml.cpp.aotstats
[ 93%] Generating .rcc/qmlcache/project_qml_internal/Export/OggSettingsPage_qml.cpp, .rcc/qmlcache/project_qml_internal/Export/OggSettingsPage_qml.cpp.aotstats
[ 93%] Building CXX object src/playback/qml/MuseScore/Playback/CMakeFiles/playback_qml.dir/Unity/unity_3_cxx.cxx.o
[ 93%] Building CXX object src/playback/qml/MuseScore/Playback/CMakeFiles/playback_qml.dir/Unity/unity_2_cxx.cxx.o
[ 93%] Generating .rcc/qmlcache/project_qml_internal/Export/PdfSettingsPage_qml.cpp, .rcc/qmlcache/project_qml_internal/Export/PdfSettingsPage_qml.cpp.aotstats
[ 93%] Generating .rcc/qmlcache/project_qml_internal/Export/PngSettingsPage_qml.cpp, .rcc/qmlcache/project_qml_internal/Export/PngSettingsPage_qml.cpp.aotstats
[ 93%] Building CXX object src/playback/qml/MuseScore/Playback/CMakeFiles/playback_qml.dir/Unity/unity_1_cxx.cxx.o
[ 93%] Generating .rcc/qmlcache/project_qml_internal/Export/SvgSettingsPage_qml.cpp, .rcc/qmlcache/project_qml_internal/Export/SvgSettingsPage_qml.cpp.aotstats
[ 93%] Building CXX object src/playback/qml/MuseScore/Playback/CMakeFiles/playback_qml.dir/Unity/unity_0_cxx.cxx.o
[ 93%] Generating .rcc/qmlcache/project_qml_internal/Export/WavSettingsPage_qml.cpp, .rcc/qmlcache/project_qml_internal/Export/WavSettingsPage_qml.cpp.aotstats
[ 93%] Building CXX object src/playback/qml/MuseScore/Playback/CMakeFiles/playback_qml.dir/.qt/rcc/qrc_qmake_MuseScore_Playback.cpp.o
[ 93%] Generating .rcc/qmlcache/project_qml_internal/Migration/MigrationContentFor362_qml.cpp, .rcc/qmlcache/project_qml_internal/Migration/MigrationContentFor362_qml.cpp.aotstats
[ 93%] Generating .rcc/qmlcache/project_qml_internal/Migration/MigrationContentForPre362_qml.cpp, .rcc/qmlcache/project_qml_internal/Migration/MigrationContentForPre362_qml.cpp.aotstats
[ 93%] Building CXX object src/playback/qml/MuseScore/Playback/CMakeFiles/playback_qml.dir/.qt/rcc/qrc_playback_qml_raw_qml_0.cpp.o
[ 93%] Building CXX object src/playback/qml/MuseScore/Playback/CMakeFiles/playback_qml.dir/.qt/rcc/qrc_playback_qml_raw_qml_0_extra_qmldirs.cpp.o
[ 93%] Generating .rcc/qmlcache/project_qml_internal/NewScore/AdditionalInfoView_qml.cpp, .rcc/qmlcache/project_qml_internal/NewScore/AdditionalInfoView_qml.cpp.aotstats
[ 93%] Generating .rcc/qmlcache/project_qml_internal/NewScore/ChooseInstrumentsAndTemplatesPage_qml.cpp, .rcc/qmlcache/project_qml_internal/NewScore/ChooseInstrumentsAndTemplatesPage_qml.cpp.aotstats
[ 93%] Generating .rcc/qmlcache/project_qml_internal/NewScore/CreateFromTemplatePage_qml.cpp, .rcc/qmlcache/project_qml_internal/NewScore/CreateFromTemplatePage_qml.cpp.aotstats
[ 93%] Generating .rcc/qmlcache/project_qml_internal/NewScore/GeneralInfoItem_qml.cpp, .rcc/qmlcache/project_qml_internal/NewScore/GeneralInfoItem_qml.cpp.aotstats
[ 93%] Generating .rcc/qmlcache/project_qml_internal/NewScore/GeneralInfoView_qml.cpp, .rcc/qmlcache/project_qml_internal/NewScore/GeneralInfoView_qml.cpp.aotstats
[ 93%] Generating .rcc/qmlcache/project_qml_internal/NewScore/KeySignatureListView_qml.cpp, .rcc/qmlcache/project_qml_internal/NewScore/KeySignatureListView_qml.cpp.aotstats
[ 93%] Generating .rcc/qmlcache/project_qml_internal/NewScore/KeySignatureSettings_qml.cpp, .rcc/qmlcache/project_qml_internal/NewScore/KeySignatureSettings_qml.cpp.aotstats
[ 93%] Generating .rcc/qmlcache/project_qml_internal/NewScore/KeySignature_qml.cpp, .rcc/qmlcache/project_qml_internal/NewScore/KeySignature_qml.cpp.aotstats
[ 93%] Generating .rcc/qmlcache/project_qml_internal/NewScore/MeasuresSettings_qml.cpp, .rcc/qmlcache/project_qml_internal/NewScore/MeasuresSettings_qml.cpp.aotstats
[ 93%] Generating .rcc/qmlcache/project_qml_internal/NewScore/ScoreInfoPage_qml.cpp, .rcc/qmlcache/project_qml_internal/NewScore/ScoreInfoPage_qml.cpp.aotstats
[ 93%] Generating .rcc/qmlcache/project_qml_internal/NewScore/TemplatePreview_qml.cpp, .rcc/qmlcache/project_qml_internal/NewScore/TemplatePreview_qml.cpp.aotstats
[ 93%] Generating .rcc/qmlcache/project_qml_internal/NewScore/TempoSettings_qml.cpp, .rcc/qmlcache/project_qml_internal/NewScore/TempoSettings_qml.cpp.aotstats
[ 93%] Generating .rcc/qmlcache/project_qml_internal/NewScore/TimeSignatureFraction_qml.cpp, .rcc/qmlcache/project_qml_internal/NewScore/TimeSignatureFraction_qml.cpp.aotstats
[ 93%] Generating .rcc/qmlcache/project_qml_internal/NewScore/TimeSignatureSettings_qml.cpp, .rcc/qmlcache/project_qml_internal/NewScore/TimeSignatureSettings_qml.cpp.aotstats
[ 93%] Generating .rcc/qmlcache/project_qml_internal/NewScore/TimeSignatureView_qml.cpp, .rcc/qmlcache/project_qml_internal/NewScore/TimeSignatureView_qml.cpp.aotstats
[ 93%] Generating .rcc/qmlcache/project_qml_internal/NewScore/TitleListView_qml.cpp, .rcc/qmlcache/project_qml_internal/NewScore/TitleListView_qml.cpp.aotstats
[ 94%] Generating .rcc/qmlcache/project_qml_internal/Properties/ProjectPropertiesFileInfoPanel_qml.cpp, .rcc/qmlcache/project_qml_internal/Properties/ProjectPropertiesFileInfoPanel_qml.cpp.aotstats
[ 94%] Generating .rcc/qmlcache/project_qml_internal/Properties/ProjectPropertiesView_qml.cpp, .rcc/qmlcache/project_qml_internal/Properties/ProjectPropertiesView_qml.cpp.aotstats
[ 94%] Generating .rcc/qmlcache/project_qml_internal/Properties/PropertyItem_qml.cpp, .rcc/qmlcache/project_qml_internal/Properties/PropertyItem_qml.cpp.aotstats
[ 94%] Generating .rcc/qmlcache/project_qml_internal/SaveToCloud/SaveLocationOption_qml.cpp, .rcc/qmlcache/project_qml_internal/SaveToCloud/SaveLocationOption_qml.cpp.aotstats
[ 94%] Generating .rcc/qmlcache/project_qml_internal/ScoresPage/CloudScoreIndicatorButton_qml.cpp, .rcc/qmlcache/project_qml_internal/ScoresPage/CloudScoreIndicatorButton_qml.cpp.aotstats
[ 94%] Generating .rcc/qmlcache/project_qml_internal/ScoresPage/CloudScoresGridView_qml.cpp, .rcc/qmlcache/project_qml_internal/ScoresPage/CloudScoresGridView_qml.cpp.aotstats
[ 94%] Generating .rcc/qmlcache/project_qml_internal/ScoresPage/CloudScoresListView_qml.cpp, .rcc/qmlcache/project_qml_internal/ScoresPage/CloudScoresListView_qml.cpp.aotstats
[ 94%] Generating .rcc/qmlcache/project_qml_internal/ScoresPage/CloudScoresView_qml.cpp, .rcc/qmlcache/project_qml_internal/ScoresPage/CloudScoresView_qml.cpp.aotstats
[ 94%] Generating .rcc/qmlcache/project_qml_internal/ScoresPage/RecentScoresView_qml.cpp, .rcc/qmlcache/project_qml_internal/ScoresPage/RecentScoresView_qml.cpp.aotstats
[ 94%] Generating .rcc/qmlcache/project_qml_internal/ScoresPage/ScoreGridItem_qml.cpp, .rcc/qmlcache/project_qml_internal/ScoresPage/ScoreGridItem_qml.cpp.aotstats
[ 94%] Generating .rcc/qmlcache/project_qml_internal/ScoresPage/ScoreThumbnail_qml.cpp, .rcc/qmlcache/project_qml_internal/ScoresPage/ScoreThumbnail_qml.cpp.aotstats
[ 94%] Generating .rcc/qmlcache/project_qml_internal/ScoresPage/ScoreListItem_qml.cpp, .rcc/qmlcache/project_qml_internal/ScoresPage/ScoreListItem_qml.cpp.aotstats
[ 94%] Generating .rcc/qmlcache/project_qml_internal/ScoresPage/ScoresGridView_qml.cpp, .rcc/qmlcache/project_qml_internal/ScoresPage/ScoresGridView_qml.cpp.aotstats
[ 94%] Generating .rcc/qmlcache/project_qml_internal/ScoresPage/ScoresListView_qml.cpp, .rcc/qmlcache/project_qml_internal/ScoresPage/ScoresListView_qml.cpp.aotstats
[ 94%] Generating .rcc/qmlcache/project_qml_internal/ScoresPage/ScoresView_qml.cpp, .rcc/qmlcache/project_qml_internal/ScoresPage/ScoresView_qml.cpp.aotstats
[ 94%] Building CXX object src/project/qml/MuseScore/Project/CMakeFiles/project_qml.dir/Unity/unity_6_cxx.cxx.o
[ 95%] Building CXX object src/project/qml/MuseScore/Project/CMakeFiles/project_qml.dir/Unity/unity_3_cxx.cxx.o
[ 95%] Building CXX object src/project/qml/MuseScore/Project/CMakeFiles/project_qml.dir/Unity/unity_4_cxx.cxx.o
[ 95%] Building CXX object src/project/qml/MuseScore/Project/CMakeFiles/project_qml.dir/.qt/rcc/qrc_project_qml_raw_qml_0_extra_qmldirs.cpp.o
[ 95%] Building CXX object src/project/qml/MuseScore/Project/CMakeFiles/project_qml.dir/.qt/rcc/qrc_project_qml_raw_qml_0.cpp.o
[ 95%] Building CXX object src/project/qml/MuseScore/Project/CMakeFiles/project_qml.dir/Unity/unity_0_cxx.cxx.o
[ 95%] Building CXX object src/project/qml/MuseScore/Project/CMakeFiles/project_qml.dir/.qt/rcc/qrc_qmake_MuseScore_Project.cpp.o
[ 95%] Building CXX object src/project/qml/MuseScore/Project/CMakeFiles/project_qml.dir/Unity/unity_1_cxx.cxx.o
[ 95%] Building CXX object src/project/qml/MuseScore/Project/CMakeFiles/project_qml.dir/.qt/rcc/qrc_project_qml_raw_res_0.cpp.o
[ 95%] Building CXX object src/project/qml/MuseScore/Project/CMakeFiles/project_qml.dir/Unity/unity_2_cxx.cxx.o
[ 95%] Building CXX object src/project/qml/MuseScore/Project/CMakeFiles/project_qml.dir/Unity/unity_5_cxx.cxx.o
[ 96%] Linking CXX static library libnotationscene_qmlplugin.a
[ 96%] Built target notationscene_qmlplugin
[ 96%] Building CXX object src/notationscene/qml/MuseScore/NotationScene/tests/CMakeFiles/notationscene_qml_tests.dir/notationscene_qml_tests_autogen/mocs_compilation.cpp.o
[ 96%] Building CXX object src/notationscene/qml/MuseScore/NotationScene/tests/CMakeFiles/notationscene_qml_tests.dir/environment.cpp.o
[ 96%] Building CXX object src/notationscene/qml/MuseScore/NotationScene/tests/CMakeFiles/notationscene_qml_tests.dir/__/__/__/__/__/__/muse/framework/testing/gmain.cpp.o
[ 96%] Building CXX object src/notationscene/qml/MuseScore/NotationScene/tests/CMakeFiles/notationscene_qml_tests.dir/notationviewinputcontroller_tests.cpp.o
[ 96%] Building CXX object src/notationscene/qml/MuseScore/NotationScene/tests/CMakeFiles/notationscene_qml_tests.dir/__/__/__/__/__/__/muse/framework/testing/environment.cpp.o
[ 96%] Building CXX object src/notationscene/qml/MuseScore/NotationScene/tests/CMakeFiles/notationscene_qml_tests.dir/__/__/__/__/__/engraving/tests/utils/scorerw.cpp.o
[ 96%] Linking CXX static library libproject_qml.a
[ 96%] Built target project_qml
[ 96%] Built target project_qmlplugin_autogen_timestamp_deps
[ 96%] Automatic MOC and UIC for target project_qmlplugin
[ 96%] Built target project_qmlplugin_autogen
[ 96%] Building CXX object src/project/qml/MuseScore/Project/CMakeFiles/project_qmlplugin.dir/project_qmlplugin_MuseScore_ProjectPlugin.cpp.o
[ 96%] Building CXX object src/project/qml/MuseScore/Project/CMakeFiles/project_qmlplugin.dir/project_qmlplugin_autogen/mocs_compilation.cpp.o
[ 96%] Linking CXX static library libproject_qmlplugin.a
[ 96%] Built target project_qmlplugin
[ 96%] Linking CXX static library libplayback_qml.a
[ 96%] Built target playback_qml
[ 96%] Built target playback_qmlplugin_autogen_timestamp_deps
[ 96%] Built target appshell_qml_autogen_timestamp_deps
[ 96%] Automatic MOC and UIC for target playback_qmlplugin
[ 96%] Automatic MOC and UIC for target appshell_qml
[ 96%] Built target playback_qmlplugin_autogen
[ 97%] Building CXX object src/playback/qml/MuseScore/Playback/CMakeFiles/playback_qmlplugin.dir/playback_qmlplugin_autogen/mocs_compilation.cpp.o
[ 97%] Building CXX object src/playback/qml/MuseScore/Playback/CMakeFiles/playback_qmlplugin.dir/playback_qmlplugin_MuseScore_PlaybackPlugin.cpp.o
[ 97%] Built target appshell_qml_autogen
[ 97%] Running AUTOMOC file extraction for target appshell_qml
[ 97%] Running rcc for resource appshell_qml_raw_qml_0_extra_qmldirs
[ 97%] Running rcc for resource appshell_qml_raw_res_0
[ 97%] Running rcc for resource qmake_MuseScore_AppShell
[ 97%] Running rcc for resource appshell_qml_raw_qml_0
[ 97%] Running rcc for resource appshell_qml_raw_qml_1_extra_qmldirs
[ 97%] Running rcc for resource appshell_qml_raw_qml_1
[ 97%] Running rcc for resource appshell_qml_resources
[ 97%] Generating .rcc/qmlcache/appshell_qml_qmlcache_loader.cpp
[ 97%] Running moc --collect-json for target appshell_qml
[ 97%] Generating meta_types/qt6appshell_qml_metatypes.json
[ 97%] Automatic QML type registration for target appshell_qml
Warning: appmenumodel.h:51: muse::uicomponents::AbstractMenuModel is used as base type but cannot be found.
Warning: publishtoolbarmodel.h:30: muse::uicomponents::AbstractToolBarModel is used as base type but cannot be found.
[ 97%] Generating .rcc/qmlcache/appshell_qml_DevTools/CorruptScore/CorruptScoreDevTools_qml.cpp, .rcc/qmlcache/appshell_qml_DevTools/CorruptScore/CorruptScoreDevTools_qml.cpp.aotstats
[ 97%] Generating .rcc/qmlcache/appshell_qml_AboutDialog_qml.cpp, .rcc/qmlcache/appshell_qml_AboutDialog_qml.cpp.aotstats
[ 97%] Generating .rcc/qmlcache/appshell_qml_DevTools/Extensions/ExtensionsListView_qml.cpp, .rcc/qmlcache/appshell_qml_DevTools/Extensions/ExtensionsListView_qml.cpp.aotstats
[ 97%] Generating .rcc/qmlcache/appshell_qml_DevTools/DevToolsMenu_qml.cpp, .rcc/qmlcache/appshell_qml_DevTools/DevToolsMenu_qml.cpp.aotstats
[ 97%] Generating .rcc/qmlcache/appshell_qml_AppWindow_qml.cpp, .rcc/qmlcache/appshell_qml_AppWindow_qml.cpp.aotstats
[ 97%] Generating .rcc/qmlcache/appshell_qml_DevTools/CrashHandler/CrashHandlerDevTools_qml.cpp, .rcc/qmlcache/appshell_qml_DevTools/CrashHandler/CrashHandlerDevTools_qml.cpp.aotstats
[ 97%] Generating .rcc/qmlcache/appshell_qml_AboutMusicXMLDialog_qml.cpp, .rcc/qmlcache/appshell_qml_AboutMusicXMLDialog_qml.cpp.aotstats
[ 97%] Generating .rcc/qmlcache/appshell_qml_DevTools/DevToolsPage_qml.cpp, .rcc/qmlcache/appshell_qml_DevTools/DevToolsPage_qml.cpp.aotstats
[ 97%] Generating .rcc/qmlcache/appshell_qml_DevTools/Gallery/GeneralComponentsGallery_qml.cpp, .rcc/qmlcache/appshell_qml_DevTools/Gallery/GeneralComponentsGallery_qml.cpp.aotstats
[ 97%] Generating .rcc/qmlcache/appshell_qml_DevTools/KeyNav/KeyNavExample_qml.cpp, .rcc/qmlcache/appshell_qml_DevTools/KeyNav/KeyNavExample_qml.cpp.aotstats
[ 97%] Generating .rcc/qmlcache/appshell_qml_DevTools/KeyNav/KeyNavSection_qml.cpp, .rcc/qmlcache/appshell_qml_DevTools/KeyNav/KeyNavSection_qml.cpp.aotstats
[ 97%] Generating .rcc/qmlcache/appshell_qml_DevTools/KeyNav/KeyNavSubSection_qml.cpp, .rcc/qmlcache/appshell_qml_DevTools/KeyNav/KeyNavSubSection_qml.cpp.aotstats
[ 97%] Generating .rcc/qmlcache/appshell_qml_DevTools/MuseSounds/MuseSoundsDevTools_qml.cpp, .rcc/qmlcache/appshell_qml_DevTools/MuseSounds/MuseSoundsDevTools_qml.cpp.aotstats
[ 97%] Generating .rcc/qmlcache/appshell_qml_DevTools/Settings/SettingsPage_qml.cpp, .rcc/qmlcache/appshell_qml_DevTools/Settings/SettingsPage_qml.cpp.aotstats
[ 97%] Generating .rcc/qmlcache/appshell_qml_FirstLaunchSetup/FirstLaunchSetupDialog_qml.cpp, .rcc/qmlcache/appshell_qml_FirstLaunchSetup/FirstLaunchSetupDialog_qml.cpp.aotstats
[ 97%] Generating .rcc/qmlcache/appshell_qml_DevTools/Interactive/InteractiveTests_qml.cpp, .rcc/qmlcache/appshell_qml_DevTools/Interactive/InteractiveTests_qml.cpp.aotstats
[ 97%] Generating .rcc/qmlcache/appshell_qml_FirstLaunchSetup/Page_qml.cpp, .rcc/qmlcache/appshell_qml_FirstLaunchSetup/Page_qml.cpp.aotstats
[ 97%] Generating .rcc/qmlcache/appshell_qml_DevTools/MPE/ArticulationsProfileEditorView_qml.cpp, .rcc/qmlcache/appshell_qml_DevTools/MPE/ArticulationsProfileEditorView_qml.cpp.aotstats
[ 97%] Generating .rcc/qmlcache/appshell_qml_FirstLaunchSetup/PlaybackPage_qml.cpp, .rcc/qmlcache/appshell_qml_FirstLaunchSetup/PlaybackPage_qml.cpp.aotstats
[ 98%] Generating .rcc/qmlcache/appshell_qml_FirstLaunchSetup/ThemesPage_qml.cpp, .rcc/qmlcache/appshell_qml_FirstLaunchSetup/ThemesPage_qml.cpp.aotstats
[ 98%] Generating .rcc/qmlcache/appshell_qml_FirstLaunchSetup/TutorialsPage_qml.cpp, .rcc/qmlcache/appshell_qml_FirstLaunchSetup/TutorialsPage_qml.cpp.aotstats
[ 98%] Generating .rcc/qmlcache/appshell_qml_HomePage/HomeMenu_qml.cpp, .rcc/qmlcache/appshell_qml_HomePage/HomeMenu_qml.cpp.aotstats
[ 98%] Generating .rcc/qmlcache/appshell_qml_HomePage/HomePage_qml.cpp, .rcc/qmlcache/appshell_qml_HomePage/HomePage_qml.cpp.aotstats
[ 98%] Generating .rcc/qmlcache/appshell_qml_MainToolBar_qml.cpp, .rcc/qmlcache/appshell_qml_MainToolBar_qml.cpp.aotstats
[ 98%] Generating .rcc/qmlcache/appshell_qml_HomePage/PluginsPage_qml.cpp, .rcc/qmlcache/appshell_qml_HomePage/PluginsPage_qml.cpp.aotstats
[ 98%] Generating .rcc/qmlcache/appshell_qml_NotationPage/NotationPage_qml.cpp, .rcc/qmlcache/appshell_qml_NotationPage/NotationPage_qml.cpp.aotstats
[ 98%] Generating .rcc/qmlcache/appshell_qml_NotationPage/NotationStatusBar_qml.cpp, .rcc/qmlcache/appshell_qml_NotationPage/NotationStatusBar_qml.cpp.aotstats
[ 98%] Generating .rcc/qmlcache/appshell_qml_PublishPage/PublishPage_qml.cpp, .rcc/qmlcache/appshell_qml_PublishPage/PublishPage_qml.cpp.aotstats
[ 98%] Generating .rcc/qmlcache/appshell_qml_PublishPage/PublishToolBar_qml.cpp, .rcc/qmlcache/appshell_qml_PublishPage/PublishToolBar_qml.cpp.aotstats
[ 98%] Generating .rcc/qmlcache/appshell_qml_WelcomeDialog_qml.cpp, .rcc/qmlcache/appshell_qml_WelcomeDialog_qml.cpp.aotstats
[ 98%] Generating .rcc/qmlcache/appshell_qml_WindowContent_qml.cpp, .rcc/qmlcache/appshell_qml_WindowContent_qml.cpp.aotstats
[ 98%] Generating .rcc/qmlcache/appshell_qml_platform/AppButtonBackground_qml.cpp, .rcc/qmlcache/appshell_qml_platform/AppButtonBackground_qml.cpp.aotstats
[ 98%] Generating .rcc/qmlcache/appshell_qml_platform/AppMenuBar_qml.cpp, .rcc/qmlcache/appshell_qml_platform/AppMenuBar_qml.cpp.aotstats
[ 98%] Generating .rcc/qmlcache/appshell_qml_platform/PlatformMenuBar_qml.cpp, .rcc/qmlcache/appshell_qml_platform/PlatformMenuBar_qml.cpp.aotstats
[ 98%] Generating .rcc/qmlcache/appshell_qml_platform/linux/Main_qml.cpp
[ 98%] Linking CXX static library libplayback_qmlplugin.a
[ 98%] Built target playback_qmlplugin
[ 98%] Building CXX object src/appshell/qml/MuseScore/AppShell/CMakeFiles/appshell_qml.dir/Unity/unity_4_cxx.cxx.o
[ 98%] Building CXX object src/appshell/qml/MuseScore/AppShell/CMakeFiles/appshell_qml.dir/Unity/unity_1_cxx.cxx.o
[ 98%] Building CXX object src/appshell/qml/MuseScore/AppShell/CMakeFiles/appshell_qml.dir/Unity/unity_2_cxx.cxx.o
[100%] Building CXX object src/appshell/qml/MuseScore/AppShell/CMakeFiles/appshell_qml.dir/.qt/rcc/qrc_appshell_qml_raw_res_0.cpp.o
[100%] Building CXX object src/appshell/qml/MuseScore/AppShell/CMakeFiles/appshell_qml.dir/.qt/rcc/qrc_qmake_MuseScore_AppShell.cpp.o
[100%] Building CXX object src/appshell/qml/MuseScore/AppShell/CMakeFiles/appshell_qml.dir/.qt/rcc/qrc_appshell_qml_raw_qml_0_extra_qmldirs.cpp.o
[100%] Building CXX object src/appshell/qml/MuseScore/AppShell/CMakeFiles/appshell_qml.dir/Unity/unity_3_cxx.cxx.o
[100%] Building CXX object src/appshell/qml/MuseScore/AppShell/CMakeFiles/appshell_qml.dir/.qt/rcc/qrc_appshell_qml_raw_qml_0.cpp.o
[100%] Building CXX object src/appshell/qml/MuseScore/AppShell/CMakeFiles/appshell_qml.dir/.qt/rcc/qrc_appshell_qml_raw_qml_1_extra_qmldirs.cpp.o
[100%] Building CXX object src/appshell/qml/MuseScore/AppShell/CMakeFiles/appshell_qml.dir/Unity/unity_0_cxx.cxx.o
[100%] Building CXX object src/appshell/qml/MuseScore/AppShell/CMakeFiles/appshell_qml.dir/.qt/rcc/qrc_appshell_qml_raw_qml_1.cpp.o
[100%] Building CXX object src/appshell/qml/MuseScore/AppShell/CMakeFiles/appshell_qml.dir/.qt/rcc/qrc_appshell_qml_resources.cpp.o
[100%] Linking CXX static library libappshell_qml.a
[100%] Built target appshell_qml
[100%] Built target MuseScoreStudio_autogen_timestamp_deps
[100%] Built target appshell_qmlplugin_autogen_timestamp_deps
[100%] Automatic MOC and UIC for target MuseScoreStudio
[100%] Automatic MOC and UIC for target appshell_qmlplugin
[100%] Built target MuseScoreStudio_autogen
[100%] Built target appshell_qmlplugin_autogen
[100%] Building CXX object src/appshell/qml/MuseScore/AppShell/CMakeFiles/appshell_qmlplugin.dir/appshell_qmlplugin_autogen/mocs_compilation.cpp.o
[100%] Building CXX object src/appshell/qml/MuseScore/AppShell/CMakeFiles/appshell_qmlplugin.dir/appshell_qmlplugin_MuseScore_AppShellPlugin.cpp.o
[100%] Linking CXX static library libappshell_qmlplugin.a
[100%] Built target appshell_qmlplugin
[100%] Generating qrc_app.cpp
[100%] Building CXX object src/app/CMakeFiles/MuseScoreStudio.dir/appfactory.cpp.o
[100%] Building CXX object src/app/CMakeFiles/MuseScoreStudio.dir/MuseScoreStudio_autogen/mocs_compilation.cpp.o
[100%] Building CXX object src/app/CMakeFiles/MuseScoreStudio.dir/main.cpp.o
[100%] Building CXX object src/app/CMakeFiles/MuseScoreStudio.dir/internal/consoleapp.cpp.o
[100%] Building CXX object src/app/CMakeFiles/MuseScoreStudio.dir/qrc_app.cpp.o
[100%] Building CXX object src/app/CMakeFiles/MuseScoreStudio.dir/internal/commandlineparser.cpp.o
[100%] Building CXX object src/app/CMakeFiles/MuseScoreStudio.dir/internal/guiapp.cpp.o
[100%] Linking CXX executable notationscene_qml_tests
[100%] Built target notationscene_qml_tests
[100%] Linking CXX executable mscore
[100%] Built target MuseScoreStudio
