The no-dev option is deprecated.  Use -Wno-author instead.
-- The CXX compiler identification is GNU 16.1.1
-- The C compiler identification is GNU 16.1.1
-- Detecting CXX compiler ABI info
-- Detecting CXX compiler ABI info - done
-- Check for working CXX compiler: /usr/bin/c++ - skipped
-- Detecting CXX compile features
-- Detecting CXX compile features - done
-- Detecting C compiler ABI info
-- Detecting C compiler ABI info - done
-- Check for working C compiler: /usr/bin/cc - skipped
-- Detecting C compile features
-- Detecting C compile features - done
-- Detected processor: x86_64
-- Found PythonInterp: /usr/bin/python3 (found suitable version "3.14.6", minimum required is "3.2")
-- Found PythonLibs: /usr/lib/libpython3.14.so (found suitable exact version "3.14.6")
-- Looking for ccache - not found
-- Performing Test HAVE_CXX_FSIGNED_CHAR
-- Performing Test HAVE_CXX_FSIGNED_CHAR - Success
-- Performing Test HAVE_C_FSIGNED_CHAR
-- Performing Test HAVE_C_FSIGNED_CHAR - Success
-- Performing Test HAVE_CXX_W
-- Performing Test HAVE_CXX_W - Success
-- Performing Test HAVE_C_W
-- Performing Test HAVE_C_W - Success
-- Performing Test HAVE_CXX_WALL
-- Performing Test HAVE_CXX_WALL - Success
-- Performing Test HAVE_C_WALL
-- Performing Test HAVE_C_WALL - Success
-- Performing Test HAVE_CXX_WRETURN_TYPE
-- Performing Test HAVE_CXX_WRETURN_TYPE - Success
-- Performing Test HAVE_C_WRETURN_TYPE
-- Performing Test HAVE_C_WRETURN_TYPE - Success
-- Performing Test HAVE_CXX_WNON_VIRTUAL_DTOR
-- Performing Test HAVE_CXX_WNON_VIRTUAL_DTOR - Success
-- Performing Test HAVE_C_WNON_VIRTUAL_DTOR
-- Performing Test HAVE_C_WNON_VIRTUAL_DTOR - Failed
-- Performing Test HAVE_CXX_WADDRESS
-- Performing Test HAVE_CXX_WADDRESS - Success
-- Performing Test HAVE_C_WADDRESS
-- Performing Test HAVE_C_WADDRESS - Success
-- Performing Test HAVE_CXX_WSEQUENCE_POINT
-- Performing Test HAVE_CXX_WSEQUENCE_POINT - Success
-- Performing Test HAVE_C_WSEQUENCE_POINT
-- Performing Test HAVE_C_WSEQUENCE_POINT - Success
-- Performing Test HAVE_CXX_WFORMAT
-- Performing Test HAVE_CXX_WFORMAT - Success
-- Performing Test HAVE_C_WFORMAT
-- Performing Test HAVE_C_WFORMAT - Success
-- Performing Test HAVE_CXX_WFORMAT_SECURITY
-- Performing Test HAVE_CXX_WFORMAT_SECURITY - Success
-- Performing Test HAVE_C_WFORMAT_SECURITY
-- Performing Test HAVE_C_WFORMAT_SECURITY - Success
-- Performing Test HAVE_CXX_WMISSING_DECLARATIONS
-- Performing Test HAVE_CXX_WMISSING_DECLARATIONS - Success
-- Performing Test HAVE_C_WMISSING_DECLARATIONS
-- Performing Test HAVE_C_WMISSING_DECLARATIONS - Success
-- Performing Test HAVE_CXX_WMISSING_PROTOTYPES
-- Performing Test HAVE_CXX_WMISSING_PROTOTYPES - Failed
-- Performing Test HAVE_C_WMISSING_PROTOTYPES
-- Performing Test HAVE_C_WMISSING_PROTOTYPES - Success
-- Performing Test HAVE_CXX_WSTRICT_PROTOTYPES
-- Performing Test HAVE_CXX_WSTRICT_PROTOTYPES - Failed
-- Performing Test HAVE_C_WSTRICT_PROTOTYPES
-- Performing Test HAVE_C_WSTRICT_PROTOTYPES - Success
-- Performing Test HAVE_CXX_WUNDEF
-- Performing Test HAVE_CXX_WUNDEF - Success
-- Performing Test HAVE_C_WUNDEF
-- Performing Test HAVE_C_WUNDEF - Success
-- Performing Test HAVE_CXX_WINIT_SELF
-- Performing Test HAVE_CXX_WINIT_SELF - Success
-- Performing Test HAVE_C_WINIT_SELF
-- Performing Test HAVE_C_WINIT_SELF - Success
-- Performing Test HAVE_CXX_WPOINTER_ARITH
-- Performing Test HAVE_CXX_WPOINTER_ARITH - Success
-- Performing Test HAVE_C_WPOINTER_ARITH
-- Performing Test HAVE_C_WPOINTER_ARITH - Success
-- Performing Test HAVE_CXX_WSHADOW
-- Performing Test HAVE_CXX_WSHADOW - Success
-- Performing Test HAVE_C_WSHADOW
-- Performing Test HAVE_C_WSHADOW - Success
-- Performing Test HAVE_CXX_WSIGN_PROMO
-- Performing Test HAVE_CXX_WSIGN_PROMO - Success
-- Performing Test HAVE_C_WSIGN_PROMO
-- Performing Test HAVE_C_WSIGN_PROMO - Failed
-- Performing Test HAVE_CXX_WUNINITIALIZED
-- Performing Test HAVE_CXX_WUNINITIALIZED - Success
-- Performing Test HAVE_C_WUNINITIALIZED
-- Performing Test HAVE_C_WUNINITIALIZED - Success
-- Performing Test HAVE_CXX_WSUGGEST_OVERRIDE
-- Performing Test HAVE_CXX_WSUGGEST_OVERRIDE - Success
-- Performing Test HAVE_C_WSUGGEST_OVERRIDE
-- Performing Test HAVE_C_WSUGGEST_OVERRIDE - Failed
-- Performing Test HAVE_CXX_WNO_DELETE_NON_VIRTUAL_DTOR
-- Performing Test HAVE_CXX_WNO_DELETE_NON_VIRTUAL_DTOR - Success
-- Performing Test HAVE_C_WNO_DELETE_NON_VIRTUAL_DTOR
-- Performing Test HAVE_C_WNO_DELETE_NON_VIRTUAL_DTOR - Failed
-- Performing Test HAVE_CXX_WNO_UNNAMED_TYPE_TEMPLATE_ARGS
-- Performing Test HAVE_CXX_WNO_UNNAMED_TYPE_TEMPLATE_ARGS - Failed
-- Performing Test HAVE_C_WNO_UNNAMED_TYPE_TEMPLATE_ARGS
-- Performing Test HAVE_C_WNO_UNNAMED_TYPE_TEMPLATE_ARGS - Failed
-- Performing Test HAVE_CXX_WNO_COMMENT
-- Performing Test HAVE_CXX_WNO_COMMENT - Success
-- Performing Test HAVE_C_WNO_COMMENT
-- Performing Test HAVE_C_WNO_COMMENT - Success
-- Performing Test HAVE_CXX_WIMPLICIT_FALLTHROUGH_3
-- Performing Test HAVE_CXX_WIMPLICIT_FALLTHROUGH_3 - Success
-- Performing Test HAVE_C_WIMPLICIT_FALLTHROUGH_3
-- Performing Test HAVE_C_WIMPLICIT_FALLTHROUGH_3 - Success
-- Performing Test HAVE_CXX_WNO_STRICT_OVERFLOW
-- Performing Test HAVE_CXX_WNO_STRICT_OVERFLOW - Success
-- Performing Test HAVE_C_WNO_STRICT_OVERFLOW
-- Performing Test HAVE_C_WNO_STRICT_OVERFLOW - Success
-- Performing Test HAVE_CXX_FDIAGNOSTICS_SHOW_OPTION
-- Performing Test HAVE_CXX_FDIAGNOSTICS_SHOW_OPTION - Success
-- Performing Test HAVE_C_FDIAGNOSTICS_SHOW_OPTION
-- Performing Test HAVE_C_FDIAGNOSTICS_SHOW_OPTION - Success
-- Performing Test HAVE_CXX_PTHREAD
-- Performing Test HAVE_CXX_PTHREAD - Success
-- Performing Test HAVE_C_PTHREAD
-- Performing Test HAVE_C_PTHREAD - Success
-- Performing Test HAVE_CXX_FOMIT_FRAME_POINTER
-- Performing Test HAVE_CXX_FOMIT_FRAME_POINTER - Success
-- Performing Test HAVE_C_FOMIT_FRAME_POINTER
-- Performing Test HAVE_C_FOMIT_FRAME_POINTER - Success
-- Performing Test HAVE_CXX_FFUNCTION_SECTIONS
-- Performing Test HAVE_CXX_FFUNCTION_SECTIONS - Success
-- Performing Test HAVE_C_FFUNCTION_SECTIONS
-- Performing Test HAVE_C_FFUNCTION_SECTIONS - Success
-- Performing Test HAVE_CXX_FDATA_SECTIONS
-- Performing Test HAVE_CXX_FDATA_SECTIONS - Success
-- Performing Test HAVE_C_FDATA_SECTIONS
-- Performing Test HAVE_C_FDATA_SECTIONS - Success
-- Performing Test HAVE_CPU_SSE_SUPPORT (check file: cmake/checks/cpu_sse.cpp)
-- Performing Test HAVE_CPU_SSE_SUPPORT - Success
-- Performing Test HAVE_CPU_SSE2_SUPPORT (check file: cmake/checks/cpu_sse2.cpp)
-- Performing Test HAVE_CPU_SSE2_SUPPORT - Success
-- Performing Test HAVE_CXX_MSSE3 (check file: cmake/checks/cpu_sse3.cpp)
-- Performing Test HAVE_CXX_MSSE3 - Success
-- Performing Test HAVE_CXX_MSSSE3 (check file: cmake/checks/cpu_ssse3.cpp)
-- Performing Test HAVE_CXX_MSSSE3 - Success
-- Performing Test HAVE_CXX_MSSE4_1 (check file: cmake/checks/cpu_sse41.cpp)
-- Performing Test HAVE_CXX_MSSE4_1 - Success
-- Performing Test HAVE_CXX_MPOPCNT (check file: cmake/checks/cpu_popcnt.cpp)
-- Performing Test HAVE_CXX_MPOPCNT - Success
-- Performing Test HAVE_CXX_MSSE4_2 (check file: cmake/checks/cpu_sse42.cpp)
-- Performing Test HAVE_CXX_MSSE4_2 - Success
-- Performing Test HAVE_CXX_MAVX (check file: cmake/checks/cpu_avx.cpp)
-- Performing Test HAVE_CXX_MAVX - Success
-- Performing Test HAVE_CXX_MF16C (check file: cmake/checks/cpu_fp16.cpp)
-- Performing Test HAVE_CXX_MF16C - Success
-- Performing Test HAVE_CXX_MAVX2 (check file: cmake/checks/cpu_avx2.cpp)
-- Performing Test HAVE_CXX_MAVX2 - Success
-- Performing Test HAVE_CXX_MFMA
-- Performing Test HAVE_CXX_MFMA - Success
-- Performing Test HAVE_CXX_MAVX512F (check file: cmake/checks/cpu_avx512.cpp)
-- Performing Test HAVE_CXX_MAVX512F - Success
-- Performing Test HAVE_CXX_MAVX512F_MAVX512CD (check file: cmake/checks/cpu_avx512common.cpp)
-- Performing Test HAVE_CXX_MAVX512F_MAVX512CD - Success
-- Performing Test HAVE_CXX_MAVX512F_MAVX512CD_MAVX512VL_MAVX512BW_MAVX512DQ (check file: cmake/checks/cpu_avx512skx.cpp)
-- Performing Test HAVE_CXX_MAVX512F_MAVX512CD_MAVX512VL_MAVX512BW_MAVX512DQ - Success
-- Optimization SSE3 is not available, skipped
-- Performing Test HAVE_CPU_BASELINE_FLAGS
-- Performing Test HAVE_CPU_BASELINE_FLAGS - Success
-- Performing Test HAVE_CPU_DISPATCH_FLAGS_SSE4_1
-- Performing Test HAVE_CPU_DISPATCH_FLAGS_SSE4_1 - Success
-- Performing Test HAVE_CPU_DISPATCH_FLAGS_SSE4_2
-- Performing Test HAVE_CPU_DISPATCH_FLAGS_SSE4_2 - Success
-- Performing Test HAVE_CPU_DISPATCH_FLAGS_AVX
-- Performing Test HAVE_CPU_DISPATCH_FLAGS_AVX - Success
-- Performing Test HAVE_CPU_DISPATCH_FLAGS_FP16
-- Performing Test HAVE_CPU_DISPATCH_FLAGS_FP16 - Success
-- Performing Test HAVE_CPU_DISPATCH_FLAGS_AVX2
-- Performing Test HAVE_CPU_DISPATCH_FLAGS_AVX2 - Success
-- Performing Test HAVE_CPU_DISPATCH_FLAGS_AVX512_SKX
-- Performing Test HAVE_CPU_DISPATCH_FLAGS_AVX512_SKX - Success
-- Performing Test HAVE_CXX_FVISIBILITY_HIDDEN
-- Performing Test HAVE_CXX_FVISIBILITY_HIDDEN - Success
-- Performing Test HAVE_C_FVISIBILITY_HIDDEN
-- Performing Test HAVE_C_FVISIBILITY_HIDDEN - Success
-- Performing Test HAVE_CXX_FVISIBILITY_INLINES_HIDDEN
-- Performing Test HAVE_CXX_FVISIBILITY_INLINES_HIDDEN - Success
-- Performing Test HAVE_C_FVISIBILITY_INLINES_HIDDEN
-- Performing Test HAVE_C_FVISIBILITY_INLINES_HIDDEN - Failed
-- Performing Test HAVE_LINK_AS_NEEDED
-- Performing Test HAVE_LINK_AS_NEEDED - Success
-- Performing Test HAVE_LINK_NO_UNDEFINED
-- Performing Test HAVE_LINK_NO_UNDEFINED - Success
-- Looking for pthread.h
-- Looking for pthread.h - found
-- Looking for posix_memalign
-- Looking for posix_memalign - found
-- Looking for malloc.h
-- Looking for malloc.h - found
-- Looking for memalign
-- Looking for memalign - found
-- Looking for getauxval
-- Looking for getauxval - found
-- Looking for elf_aux_info
-- Looking for elf_aux_info - not found
-- Found ZLIB: /usr/lib/libz.so (found suitable version "1.3.2", minimum required is "1.2.3")
-- Could NOT find AVIF (missing: AVIF_LIBRARY AVIF_INCLUDE_DIR) 
-- Found JPEG: /usr/lib/libjpeg.so (found version "80")
-- Found TIFF: /usr/lib/cmake/tiff (found version "4.7.2")
-- Found WebP: /usr/lib/libwebp.so
-- Found JPEGXL: /usr/lib/libjxl.so;/usr/lib/libjxl_cms.so;/usr/lib/liblcms2.so;/usr/lib/libjxl_threads.so;/usr/lib/libbrotlidec.so;/usr/lib/libbrotlienc.so;/usr/lib/libbrotlicommon.so;/usr/lib/libhwy.so
-- Found system JPEG-XL: ver 0.12.0
-- Found system OpenJPEG: openjp2 (found version "2.5.4")
-- Performing Test HAVE_STDATOMIC
-- Performing Test HAVE_STDATOMIC - Success
-- Found OpenGL: /usr/lib/libGL.so
-- Found TBB (cmake): _lib-NOTFOUND
-- IPPICV: Downloading ippicv_2022.2.0_lnx_intel64_20250730_general.tgz from https://raw.githubusercontent.com/opencv/opencv_3rdparty/c934a2a15a6df020446ac3dfa07e3acf72b63a8f/ippicv/ippicv_2022.2.0_lnx_intel64_20250730_general.tgz
-- found Intel IPP (ICV version): 2022.2.0 [2022.2.0]
-- at: /build/opencv4/src/build/3rdparty/ippicv/ippicv_lnx/icv
-- found Intel IPP Integration Wrappers sources: 2022.2.0
-- at: /build/opencv4/src/build/3rdparty/ippicv/ippicv_lnx/iw
-- LAPACK(Unknown): LAPACK_LIBRARIES: /usr/lib/liblapack.so;/usr/lib/libblas.so;/usr/lib/libcblas.so
-- Looking for /usr/include/cblas.h
-- Looking for /usr/include/cblas.h - found
-- Looking for /usr/include/lapacke.h
-- Looking for /usr/include/lapacke.h - found
-- LAPACK(Unknown): Support is enabled.
-- Found apache ant: /bin/ant (1.10.17)
-- Found JNI: /usr/lib/jvm/default/include  found components: AWT JVM
-- Found VTK 9.6.2
-- Performing Test HAVE_CXX_WNO_SUGGEST_OVERRIDE
-- Performing Test HAVE_CXX_WNO_SUGGEST_OVERRIDE - Success
-- Looking for dlerror in dl
-- Looking for dlerror in dl - found
-- Performing Test HAVE_C_WNO_IMPLICIT_FALLTHROUGH
-- Performing Test HAVE_C_WNO_IMPLICIT_FALLTHROUGH - Success
-- Performing Test HAVE_C_WNO_UNDEF
-- Performing Test HAVE_C_WNO_UNDEF - Success
-- Performing Test HAVE_C_WNO_SIGN_COMPARE
-- Performing Test HAVE_C_WNO_SIGN_COMPARE - Success
-- Performing Test HAVE_C_WNO_STRICT_PROTOTYPES
-- Performing Test HAVE_C_WNO_STRICT_PROTOTYPES - Success
-- ADE: Downloading v0.1.2e.zip from https://github.com/opencv/ade/archive/v0.1.2e.zip
-- Checking for module 'gtk+-3.0'
--   Package 'gtk+-3.0' not found
-- Checking for module 'gtk+-2.0'
--   Package 'gtk+-2.0' not found
-- Checking for modules 'libavcodec;libavformat;libavutil;libswscale'
--   Found libavcodec, version 62.28.102
--   Found libavformat, version 62.12.102
--   Found libavutil, version 60.26.102
--   Found libswscale, version 9.5.102
-- Checking for module 'libavdevice'
--   Found libavdevice, version 62.3.102
-- Checking for module 'gstreamer-base-1.0'
--   Found gstreamer-base-1.0, version 1.28.5
-- Checking for module 'gstreamer-app-1.0'
--   Found gstreamer-app-1.0, version 1.28.5
-- Checking for module 'gstreamer-riff-1.0'
--   Found gstreamer-riff-1.0, version 1.28.5
-- Checking for module 'gstreamer-pbutils-1.0'
--   Found gstreamer-pbutils-1.0, version 1.28.5
-- Checking for module 'gstreamer-video-1.0'
--   Found gstreamer-video-1.0, version 1.28.5
-- Checking for module 'gstreamer-audio-1.0'
--   Found gstreamer-audio-1.0, version 1.28.5
-- Performing Test HAVE_CXX_WNO_UNDEF
-- Performing Test HAVE_CXX_WNO_UNDEF - Success
-- Checking for module 'freetype2'
--   Found freetype2, version 26.6.20
-- Checking for module 'harfbuzz'
--   Found harfbuzz, version 14.2.1
-- freetype2:   YES (ver 26.6.20)
-- harfbuzz:    YES (ver 14.2.1)
-- Found HDF5: /usr/lib/libhdf5.so (found version "2.1.1")
-- Performing Test HAVE_CXX_WNO_INVALID_OFFSETOF
-- Performing Test HAVE_CXX_WNO_INVALID_OFFSETOF - Success
-- Julia not found. Not compiling Julia Bindings. 
-- Module opencv_ovis disabled because OGRE3D was not found
-- No preference for use of exported gflags CMake configuration set, and no hints for include/library directories provided. Defaulting to preferring an installed/exported gflags CMake configuration if available.
-- Failed to find installed gflags CMake configuration, searching for gflags build directories exported with CMake.
-- Failed to find gflags - Failed to find an installed/exported CMake configuration for gflags, will perform search for installed gflags components.
-- Failed to find gflags - Could not find gflags include directory, set GFLAGS_INCLUDE_DIR to directory containing gflags/gflags.h
-- Failed to find glog - Could not find glog include directory, set GLOG_INCLUDE_DIR to directory containing glog/logging.h
-- Module opencv_sfm disabled because the following dependencies are not found: Glog/Gflags
-- Checking for module 'tesseract'
--   Package 'tesseract' not found
-- Tesseract:   NO
-- Performing Test HAVE_CXX_WNO_INCONSISTENT_MISSING_OVERRIDE
-- Performing Test HAVE_CXX_WNO_INCONSISTENT_MISSING_OVERRIDE - Failed
-- Allocator metrics storage type: 'long long'
-- Excluding from source files list: modules/imgproc/src/imgwarp.lasx.cpp
-- Excluding from source files list: modules/imgproc/src/resize.lasx.cpp
-- Registering hook 'INIT_MODULE_SOURCES_opencv_dnn': /build/opencv4/src/opencv-4.13.0/modules/dnn/cmake/hooks/INIT_MODULE_SOURCES_opencv_dnn.cmake
-- Performing Test HAVE_CXX_WNO_DEPRECATED
-- Performing Test HAVE_CXX_WNO_DEPRECATED - Success
-- Performing Test HAVE_CXX_WNO_MISSING_PROTOTYPES
-- Performing Test HAVE_CXX_WNO_MISSING_PROTOTYPES - Failed
-- Performing Test HAVE_CXX_WNO_MISSING_DECLARATIONS
-- Performing Test HAVE_CXX_WNO_MISSING_DECLARATIONS - Success
-- Performing Test HAVE_CXX_WNO_SHADOW
-- Performing Test HAVE_CXX_WNO_SHADOW - Success
-- Performing Test HAVE_CXX_WNO_UNUSED_PARAMETER
-- Performing Test HAVE_CXX_WNO_UNUSED_PARAMETER - Success
-- Performing Test HAVE_CXX_WNO_SIGN_COMPARE
-- Performing Test HAVE_CXX_WNO_SIGN_COMPARE - Success
-- Performing Test HAVE_CXX_WNO_ARRAY_BOUNDS
-- Performing Test HAVE_CXX_WNO_ARRAY_BOUNDS - Success
-- opencv_dnn: filter out cuda4dnn source code
-- Excluding from source files list: <BUILD>/modules/dnn/layers/layers_common.rvv.cpp
-- Excluding from source files list: <BUILD>/modules/dnn/layers/layers_common.lasx.cpp
-- Excluding from source files list: <BUILD>/modules/dnn/layers/layers_common.neon.cpp
-- Excluding from source files list: <BUILD>/modules/dnn/layers/layers_common.sve.cpp
-- Excluding from source files list: <BUILD>/modules/dnn/int8layers/layers_common.rvv.cpp
-- Excluding from source files list: <BUILD>/modules/dnn/int8layers/layers_common.lasx.cpp
-- Excluding from source files list: <BUILD>/modules/dnn/int8layers/layers_common.neon.cpp
-- Excluding from source files list: <BUILD>/modules/dnn/layers/cpu_kernels/conv_block.neon.cpp
-- Excluding from source files list: <BUILD>/modules/dnn/layers/cpu_kernels/conv_block.neon_fp16.cpp
-- Excluding from source files list: <BUILD>/modules/dnn/layers/cpu_kernels/conv_depthwise.rvv.cpp
-- Excluding from source files list: <BUILD>/modules/dnn/layers/cpu_kernels/conv_depthwise.lasx.cpp
-- Excluding from source files list: <BUILD>/modules/dnn/layers/cpu_kernels/fast_gemm_kernels.neon.cpp
-- Excluding from source files list: <BUILD>/modules/dnn/layers/cpu_kernels/fast_gemm_kernels.lasx.cpp
-- JPEGXL_INCLUDE_DIRS: /usr/include
-- Performing Test HAVE_CXX_WNO_DEPRECATED_DECLARATIONS
-- Performing Test HAVE_CXX_WNO_DEPRECATED_DECLARATIONS - Success
-- Performing Test HAVE_CXX_WNO_OVERLOADED_VIRTUAL
-- Performing Test HAVE_CXX_WNO_OVERLOADED_VIRTUAL - Success
-- Performing Test HAVE_CXX_WNO_IMPLICIT_FALLTHROUGH
-- Performing Test HAVE_CXX_WNO_IMPLICIT_FALLTHROUGH - Success
-- highgui: using builtin backend: QT6
-- Performing Test Iconv_IS_BUILT_IN
-- Performing Test Iconv_IS_BUILT_IN - Success
-- wechat_qrcode: Downloading detect.caffemodel from https://raw.githubusercontent.com/WeChatCV/opencv_3rdparty/a8b69ccc738421293254aec5ddb38bd523503252/detect.caffemodel
-- wechat_qrcode: Downloading detect.prototxt from https://raw.githubusercontent.com/WeChatCV/opencv_3rdparty/a8b69ccc738421293254aec5ddb38bd523503252/detect.prototxt
-- wechat_qrcode: Downloading sr.caffemodel from https://raw.githubusercontent.com/WeChatCV/opencv_3rdparty/a8b69ccc738421293254aec5ddb38bd523503252/sr.caffemodel
-- wechat_qrcode: Downloading sr.prototxt from https://raw.githubusercontent.com/WeChatCV/opencv_3rdparty/a8b69ccc738421293254aec5ddb38bd523503252/sr.prototxt
-- xfeatures2d/boostdesc: Downloading boostdesc_bgm.i from https://raw.githubusercontent.com/opencv/opencv_3rdparty/34e4206aef44d50e6bbcd0ab06354b52e7466d26/boostdesc_bgm.i
-- xfeatures2d/boostdesc: Downloading boostdesc_bgm_bi.i from https://raw.githubusercontent.com/opencv/opencv_3rdparty/34e4206aef44d50e6bbcd0ab06354b52e7466d26/boostdesc_bgm_bi.i
-- xfeatures2d/boostdesc: Downloading boostdesc_bgm_hd.i from https://raw.githubusercontent.com/opencv/opencv_3rdparty/34e4206aef44d50e6bbcd0ab06354b52e7466d26/boostdesc_bgm_hd.i
-- xfeatures2d/boostdesc: Downloading boostdesc_binboost_064.i from https://raw.githubusercontent.com/opencv/opencv_3rdparty/34e4206aef44d50e6bbcd0ab06354b52e7466d26/boostdesc_binboost_064.i
-- xfeatures2d/boostdesc: Downloading boostdesc_binboost_128.i from https://raw.githubusercontent.com/opencv/opencv_3rdparty/34e4206aef44d50e6bbcd0ab06354b52e7466d26/boostdesc_binboost_128.i
-- xfeatures2d/boostdesc: Downloading boostdesc_binboost_256.i from https://raw.githubusercontent.com/opencv/opencv_3rdparty/34e4206aef44d50e6bbcd0ab06354b52e7466d26/boostdesc_binboost_256.i
-- xfeatures2d/boostdesc: Downloading boostdesc_lbgm.i from https://raw.githubusercontent.com/opencv/opencv_3rdparty/34e4206aef44d50e6bbcd0ab06354b52e7466d26/boostdesc_lbgm.i
-- xfeatures2d/vgg: Downloading vgg_generated_48.i from https://raw.githubusercontent.com/opencv/opencv_3rdparty/fccf7cd6a4b12079f73bbfb21745f9babcd4eb1d/vgg_generated_48.i
-- xfeatures2d/vgg: Downloading vgg_generated_64.i from https://raw.githubusercontent.com/opencv/opencv_3rdparty/fccf7cd6a4b12079f73bbfb21745f9babcd4eb1d/vgg_generated_64.i
-- xfeatures2d/vgg: Downloading vgg_generated_80.i from https://raw.githubusercontent.com/opencv/opencv_3rdparty/fccf7cd6a4b12079f73bbfb21745f9babcd4eb1d/vgg_generated_80.i
-- xfeatures2d/vgg: Downloading vgg_generated_120.i from https://raw.githubusercontent.com/opencv/opencv_3rdparty/fccf7cd6a4b12079f73bbfb21745f9babcd4eb1d/vgg_generated_120.i
-- data: Downloading face_landmark_model.dat from https://raw.githubusercontent.com/opencv/opencv_3rdparty/8afa57abc8229d611c4937165d20e2a2d9fc5a12/face_landmark_model.dat
-- Use autogenerated whitelist /build/opencv4/src/build/modules/js_bindings_generator/whitelist.json
-- Set Cleaners to True
-- Performing Test HAVE_CXX_WNO_UNUSED_PRIVATE_FIELD
-- Performing Test HAVE_CXX_WNO_UNUSED_PRIVATE_FIELD - Failed
-- 
-- General configuration for OpenCV 4.13.0 =====================================
--   Version control:               unknown
-- 
--   Extra modules:
--     Location (extra):            /build/opencv4/src/opencv_contrib-4.13.0/modules
--     Version control (extra):     unknown
-- 
--   Platform:
--     Timestamp:                   2026-07-14T21:05:57Z
--     Host:                        Linux 7.1.3-arch1-2 x86_64
--     CMake:                       4.4.0
--     CMake generator:             Ninja
--     CMake build tool:            /usr/bin/ninja
--     Configuration:               Release
--     Algorithm Hint:              ALGO_HINT_ACCURATE
-- 
--   CPU/HW features:
--     Baseline:                    SSE SSE2
--       requested:                 SSE3
--       required:                  SSE2
--       disabled:                  SSE3
--     Dispatched code generation:  SSE4_1 SSE4_2 AVX FP16 AVX2 AVX512_SKX
--       SSE4_1 (17 files):         + SSE3 SSSE3 SSE4_1
--       SSE4_2 (1 files):          + SSE3 SSSE3 SSE4_1 POPCNT SSE4_2
--       AVX (9 files):             + SSE3 SSSE3 SSE4_1 POPCNT SSE4_2 AVX
--       FP16 (0 files):            + SSE3 SSSE3 SSE4_1 POPCNT SSE4_2 AVX FP16
--       AVX2 (37 files):           + SSE3 SSSE3 SSE4_1 POPCNT SSE4_2 AVX FP16 AVX2 FMA3
--       AVX512_SKX (7 files):      + SSE3 SSSE3 SSE4_1 POPCNT SSE4_2 AVX FP16 AVX2 FMA3 AVX_512F AVX512_COMMON AVX512_SKX
-- 
--   C/C++:
--     Built as dynamic libs?:      YES
--     C++ standard:                17
--     C++ Compiler:                /usr/bin/c++  (ver 16.1.1)
--     C++ flags (Release):         -march=x86-64 -mtune=generic -O2 -pipe -fno-plt -fexceptions         -Wp,-D_FORTIFY_SOURCE=3 -Wformat -Werror=format-security         -fstack-clash-protection -fcf-protection         -fno-omit-frame-pointer -mno-omit-leaf-frame-pointer -Wp,-D_GLIBCXX_ASSERTIONS -g -ffile-prefix-map=/build/opencv4/src=/usr/src/debug/opencv4   -fsigned-char -W -Wall -Wreturn-type -Wnon-virtual-dtor -Waddress -Wsequence-point -Wformat -Wformat-security -Wmissing-declarations -Wundef -Winit-self -Wpointer-arith -Wshadow -Wsign-promo -Wuninitialized -Wsuggest-override -Wno-delete-non-virtual-dtor -Wno-comment -Wimplicit-fallthrough=3 -Wno-strict-overflow -fdiagnostics-show-option -pthread -fomit-frame-pointer -ffunction-sections -fdata-sections  -fvisibility=hidden -fvisibility-inlines-hidden -O3 -DNDEBUG  -DNDEBUG
--     C++ flags (Debug):           -march=x86-64 -mtune=generic -O2 -pipe -fno-plt -fexceptions         -Wp,-D_FORTIFY_SOURCE=3 -Wformat -Werror=format-security         -fstack-clash-protection -fcf-protection         -fno-omit-frame-pointer -mno-omit-leaf-frame-pointer -Wp,-D_GLIBCXX_ASSERTIONS -g -ffile-prefix-map=/build/opencv4/src=/usr/src/debug/opencv4   -fsigned-char -W -Wall -Wreturn-type -Wnon-virtual-dtor -Waddress -Wsequence-point -Wformat -Wformat-security -Wmissing-declarations -Wundef -Winit-self -Wpointer-arith -Wshadow -Wsign-promo -Wuninitialized -Wsuggest-override -Wno-delete-non-virtual-dtor -Wno-comment -Wimplicit-fallthrough=3 -Wno-strict-overflow -fdiagnostics-show-option -pthread -fomit-frame-pointer -ffunction-sections -fdata-sections  -fvisibility=hidden -fvisibility-inlines-hidden -g  -DDEBUG -D_DEBUG
--     C Compiler:                  /usr/bin/cc
--     C flags (Release):           -march=x86-64 -mtune=generic -O2 -pipe -fno-plt -fexceptions         -Wp,-D_FORTIFY_SOURCE=3 -Wformat -Werror=format-security         -fstack-clash-protection -fcf-protection         -fno-omit-frame-pointer -mno-omit-leaf-frame-pointer -g -ffile-prefix-map=/build/opencv4/src=/usr/src/debug/opencv4   -fsigned-char -W -Wall -Wreturn-type -Waddress -Wsequence-point -Wformat -Wformat-security -Wmissing-declarations -Wmissing-prototypes -Wstrict-prototypes -Wundef -Winit-self -Wpointer-arith -Wshadow -Wuninitialized -Wno-comment -Wimplicit-fallthrough=3 -Wno-strict-overflow -fdiagnostics-show-option -pthread -fomit-frame-pointer -ffunction-sections -fdata-sections  -fvisibility=hidden -O3 -DNDEBUG  -DNDEBUG
--     C flags (Debug):             -march=x86-64 -mtune=generic -O2 -pipe -fno-plt -fexceptions         -Wp,-D_FORTIFY_SOURCE=3 -Wformat -Werror=format-security         -fstack-clash-protection -fcf-protection         -fno-omit-frame-pointer -mno-omit-leaf-frame-pointer -g -ffile-prefix-map=/build/opencv4/src=/usr/src/debug/opencv4   -fsigned-char -W -Wall -Wreturn-type -Waddress -Wsequence-point -Wformat -Wformat-security -Wmissing-declarations -Wmissing-prototypes -Wstrict-prototypes -Wundef -Winit-self -Wpointer-arith -Wshadow -Wuninitialized -Wno-comment -Wimplicit-fallthrough=3 -Wno-strict-overflow -fdiagnostics-show-option -pthread -fomit-frame-pointer -ffunction-sections -fdata-sections  -fvisibility=hidden -g  -DDEBUG -D_DEBUG
--     Linker flags (Release):      -Wl,--exclude-libs,libippicv.a -Wl,--exclude-libs,libippiw.a -Wl,-O1 -Wl,--sort-common -Wl,--as-needed -Wl,-z,relro -Wl,-z,now          -Wl,-z,pack-relative-relocs  -Wl,--gc-sections -Wl,--as-needed -Wl,--no-undefined  
--     Linker flags (Debug):        -Wl,--exclude-libs,libippicv.a -Wl,--exclude-libs,libippiw.a -Wl,-O1 -Wl,--sort-common -Wl,--as-needed -Wl,-z,relro -Wl,-z,now          -Wl,-z,pack-relative-relocs  -Wl,--gc-sections -Wl,--as-needed -Wl,--no-undefined  
--     ccache:                      NO
--     Precompiled headers:         NO
--     Extra dependencies:          dl m pthread rt
--     3rdparty dependencies:
-- 
--   OpenCV modules:
--     To be built:                 alphamat aruco bgsegm bioinspired calib3d ccalib core cvv datasets dnn dnn_objdetect dnn_superres dpm face features2d flann freetype fuzzy gapi hdf hfs highgui img_hash imgcodecs imgproc intensity_transform java line_descriptor mcc ml objdetect optflow phase_unwrapping photo plot python3 quality rapid reg rgbd saliency shape signal stereo stitching structured_light superres surface_matching text tracking video videoio videostab viz wechat_qrcode xfeatures2d ximgproc xobjdetect xphoto
--     Disabled:                    world
--     Disabled by dependency:      -
--     Unavailable:                 cannops cudaarithm cudabgsegm cudacodec cudafeatures2d cudafilters cudaimgproc cudalegacy cudaobjdetect cudaoptflow cudastereo cudawarping cudev fastcv julia matlab ovis python2 sfm ts
--     Applications:                apps
--     Documentation:               NO
--     Non-free algorithms:         YES
-- 
--   GUI:                           QT6
--     QT:                          YES (ver 6.11.1 )
--       QT OpenGL support:         YES (Qt6::OpenGL )
--     GTK+:                        NO
--     OpenGL support:              YES (/usr/lib/libGL.so /usr/lib/libGLU.so)
--     VTK support:                 YES (ver 9.6.2)
-- 
--   Media I/O: 
--     ZLib:                        /usr/lib/libz.so (ver 1.3.2)
--     JPEG:                        /usr/lib/libjpeg.so (ver 80)
--     WEBP:                        /usr/lib/libwebp.so (ver decoder: 0x0210, encoder: 0x0210, demux: 0x0107)
--     AVIF:                        NO
--     PNG:                         /usr/lib/libpng.so (ver 1.6.58)
--     TIFF:                        (ver 4.7.2 / 4.7.2)
--     JPEG XL:                     /usr/lib/libjxl.so /usr/lib/libjxl_cms.so /usr/lib/liblcms2.so /usr/lib/libjxl_threads.so /usr/lib/libbrotlidec.so /usr/lib/libbrotlienc.so /usr/lib/libbrotlicommon.so /usr/lib/libhwy.so (ver 0.12.0)
--     JPEG 2000:                   OpenJPEG (ver 2.5.4)
--     OpenEXR:                     OpenEXR::OpenEXR (ver 3.4.13)
--     GIF:                         YES
--     HDR:                         YES
--     SUNRASTER:                   YES
--     PXM:                         YES
--     PFM:                         YES
-- 
--   Video I/O:
--     FFMPEG:                      YES
--       avcodec:                   YES (62.28.102)
--       avformat:                  YES (62.12.102)
--       avutil:                    YES (60.26.102)
--       swscale:                   YES (9.5.102)
--       avdevice:                  YES (62.3.102)
--     GStreamer:                   YES (1.28.5)
--     v4l/v4l2:                    YES (linux/videodev2.h)
--     Orbbec:                      YES
-- 
--   Parallel framework:            TBB (ver 2023.0 interface 12180)
-- 
--   Trace:                         YES (with Intel ITT(3.25.4))
-- 
--   Other third-party libraries:
--     Intel IPP:                   2022.2.0 [2022.2.0]
--            at:                   /build/opencv4/src/build/3rdparty/ippicv/ippicv_lnx/icv
--     Intel IPP IW:                sources (2022.2.0)
--               at:                /build/opencv4/src/build/3rdparty/ippicv/ippicv_lnx/iw
--     VA:                          YES
--     Lapack:                      YES (/usr/lib/liblapack.so /usr/lib/libblas.so /usr/lib/libcblas.so)
--     Eigen:                       YES (ver 5.0.1)
--     Custom HAL:                  YES (ipp (ver 0.0.1))
--     Protobuf:                    /usr/lib/libprotobuf.so.35.1.0 (35.1.0)
--     Flatbuffers:                 builtin/3rdparty (25.9.23)
-- 
--   Vulkan:                        YES
--     Include path:                /build/opencv4/src/opencv-4.13.0/3rdparty/include
--     Link libraries:              Dynamic load
-- 
--   OpenCL:                        YES (INTELVA)
--     Include path:                /build/opencv4/src/opencv-4.13.0/3rdparty/include/opencl/1.2
--     Link libraries:              Dynamic load
-- 
--   Python 3:
--     Interpreter:                 /usr/bin/python3 (ver 3.14.6)
--     Libraries:                   /usr/lib/libpython3.14.so (ver 3.14.6)
--     Limited API:                 NO
--     numpy:                       /usr/lib/python3.14/site-packages/numpy/_core/include (ver 2.5.1)
--     install path:                lib/python3.14/site-packages
-- 
--   Python (for build):            /usr/bin/python3
-- 
--   Java:                          
--     ant:                         /bin/ant (ver 1.10.17)
--     Java:                        YES (ver 26.0.1)
--     JNI:                         /usr/lib/jvm/default/include /usr/lib/jvm/default/include/linux /usr/lib/jvm/default/include
--     Java wrappers:               YES (ANT)
--     Java tests:                  NO
-- 
--   Install to:                    /usr
-- -----------------------------------------------------------------
-- 
-- Configuring done (43.3s)
-- Generating done (0.5s)
-- Build files have been written to: /build/opencv4/src/build
[1/1483] Building C object 3rdparty/ippiw/CMakeFiles/ippiw.dir/src/iw_image_transform_rotate.c.o
[2/1483] Building C object 3rdparty/ippiw/CMakeFiles/ippiw.dir/src/iw_image_filter_laplacian.c.o
[3/1483] Building C object 3rdparty/ippiw/CMakeFiles/ippiw.dir/src/iw_core.c.o
[4/1483] Building C object 3rdparty/ippiw/CMakeFiles/ippiw.dir/src/iw_image_op_copy.c.o
[5/1483] Building C object 3rdparty/ippiw/CMakeFiles/ippiw.dir/src/iw_image_color_convert_rgbs.c.o
[6/1483] Building C object 3rdparty/ippiw/CMakeFiles/ippiw.dir/src/iw_image_op_set_channel.c.o
[7/1483] Building C object 3rdparty/ippiw/CMakeFiles/ippiw.dir/src/iw_image_op_copy_channel.c.o
[8/1483] Building C object 3rdparty/ippiw/CMakeFiles/ippiw.dir/src/iw_image_op_copy_merge.c.o
[9/1483] Building C object 3rdparty/ippiw/CMakeFiles/ippiw.dir/src/iw_image_filter_bilateral.c.o
[10/1483] Building C object 3rdparty/ippiw/CMakeFiles/ippiw.dir/src/iw_image_op_copy_split.c.o
[11/1483] Building C object 3rdparty/ippiw/CMakeFiles/ippiw.dir/src/iw_image_op_scale.c.o
[12/1483] Building C object 3rdparty/ippiw/CMakeFiles/ippiw.dir/src/iw_image_filter_sobel.c.o
[13/1483] Building C object 3rdparty/ippiw/CMakeFiles/ippiw.dir/src/iw_image_transform_mirror.c.o
[14/1483] Building C object 3rdparty/ippiw/CMakeFiles/ippiw.dir/src/iw_image_op_swap_channels.c.o
[15/1483] Building C object 3rdparty/ippiw/CMakeFiles/ippiw.dir/src/iw_image_filter_canny.c.o
[16/1483] Building C object 3rdparty/ippiw/CMakeFiles/ippiw.dir/src/iw_image_color_convert_all.c.o
[17/1483] Building C object 3rdparty/ippiw/CMakeFiles/ippiw.dir/src/iw_image_filter_scharr.c.o
[18/1483] Building C object 3rdparty/ippiw/CMakeFiles/ippiw.dir/src/iw_image_filter_box.c.o
[19/1483] Building C object 3rdparty/ippiw/CMakeFiles/ippiw.dir/src/iw_image_transform_warpaffine.c.o
[20/1483] Building C object 3rdparty/ippiw/CMakeFiles/ippiw.dir/src/iw_image_filter_general.c.o
[21/1483] Building C object 3rdparty/ittnotify/CMakeFiles/ittnotify.dir/src/ittnotify/jitprofiling.c.o
[22/1483] Building C object 3rdparty/ippiw/CMakeFiles/ippiw.dir/src/iw_image_filter_morphology.c.o
[23/1483] Building CXX object CMakeFiles/ade.dir/3rdparty/ade/ade-0.1.2e/sources/ade/source/alloc.cpp.o
[24/1483] Building C object 3rdparty/ippiw/CMakeFiles/ippiw.dir/src/iw_image_transform_resize.c.o
[25/1483] Building CXX object CMakeFiles/ade.dir/3rdparty/ade/ade-0.1.2e/sources/ade/source/assert.cpp.o
[26/1483] Building C object 3rdparty/ippiw/CMakeFiles/ippiw.dir/src/iw_own.c.o
[27/1483] Building C object 3rdparty/ippiw/CMakeFiles/ippiw.dir/src/iw_image_filter_gaussian.c.o
[28/1483] Building C object 3rdparty/ippiw/CMakeFiles/ippiw.dir/src/iw_image_op_set.c.o
[29/1483] Building C object 3rdparty/ippiw/CMakeFiles/ippiw.dir/src/iw_image.c.o
[30/1483] Building C object 3rdparty/ippiw/CMakeFiles/ippiw.dir/src/iw_image_op_copy_make_border.c.o
[31/1483] Linking C static library 3rdparty/lib/libippiw.a
[32/1483] Generate opencv4.pc
CMake Warning (deprecated) at /build/opencv4/src/opencv-4.13.0/cmake/OpenCVGenPkgconfig.cmake:113 (cmake_minimum_required):
  Compatibility with CMake < 3.10 will be removed from a future version of
  CMake.

  Update the VERSION argument <min> value.  Or, use the <min>...<max> syntax
  to tell CMake that the project requires at least <min> but has been updated
  to work with policies introduced by <max> or earlier.
This warning is for project developers.  Use -Wno-author or -Wno-deprecated
to suppress it.

[33/1483] Building CXX object CMakeFiles/ade.dir/3rdparty/ade/ade-0.1.2e/sources/ade/source/edge.cpp.o
[34/1483] Building CXX object CMakeFiles/ade.dir/3rdparty/ade/ade-0.1.2e/sources/ade/source/memory_descriptor.cpp.o
[35/1483] Building CXX object CMakeFiles/ade.dir/3rdparty/ade/ade-0.1.2e/sources/ade/source/check_cycles.cpp.o
[36/1483] Building CXX object CMakeFiles/ade.dir/3rdparty/ade/ade-0.1.2e/sources/ade/source/memory_descriptor_ref.cpp.o
[37/1483] Building CXX object CMakeFiles/ade.dir/3rdparty/ade/ade-0.1.2e/sources/ade/source/metadata.cpp.o
[38/1483] Building CXX object CMakeFiles/ade.dir/3rdparty/ade/ade-0.1.2e/sources/ade/source/metatypes.cpp.o
[39/1483] Building CXX object CMakeFiles/ade.dir/3rdparty/ade/ade-0.1.2e/sources/ade/source/node.cpp.o
[40/1483] Building CXX object hal/ipp/CMakeFiles/ipphal.dir/src/cart_polar_ipp.cpp.o
[41/1483] Building CXX object hal/ipp/CMakeFiles/ipphal.dir/src/sum_ipp.cpp.o
[42/1483] Building CXX object hal/ipp/CMakeFiles/ipphal.dir/src/mean_ipp.cpp.o
[43/1483] Building CXX object hal/ipp/CMakeFiles/ipphal.dir/src/minmax_ipp.cpp.o
[44/1483] Building C object 3rdparty/ittnotify/CMakeFiles/ittnotify.dir/src/ittnotify/ittnotify_static.c.o
[45/1483] Building CXX object CMakeFiles/ade.dir/3rdparty/ade/ade-0.1.2e/sources/ade/source/search.cpp.o
[46/1483] Building CXX object CMakeFiles/ade.dir/3rdparty/ade/ade-0.1.2e/sources/ade/source/memory_accessor.cpp.o
[47/1483] Building CXX object hal/ipp/CMakeFiles/ipphal.dir/src/norm_ipp.cpp.o
[48/1483] Building CXX object hal/ipp/CMakeFiles/ipphal.dir/src/transforms_ipp.cpp.o
[49/1483] Linking C static library 3rdparty/lib/libittnotify.a
[50/1483] Building CXX object CMakeFiles/ade.dir/3rdparty/ade/ade-0.1.2e/sources/ade/source/memory_descriptor_view.cpp.o
[51/1483] Building CXX object CMakeFiles/ade.dir/3rdparty/ade/ade-0.1.2e/sources/ade/source/topological_sort.cpp.o
[52/1483] Building CXX object hal/ipp/CMakeFiles/ipphal.dir/src/warp_ipp.cpp.o
[53/1483] Linking CXX static library 3rdparty/lib/libipphal.a
[54/1483] Processing OpenCL kernels (core)
[55/1483] Generate files for Java bindings
duplicated: CLASS cv::.Algorithm : 
/build/opencv4/src/opencv-4.13.0/modules/java/generator/../generator/gen_java.py:592: DeprecationWarning: codecs.open() is deprecated. Use open() instead.
  with codecs.open(path, "w", "utf-8") as f:
JAVA: Processing OpenCV modules: 28
cleaner_dst:  ./gen/java/org/opencv/core/CleanableMat.java
Generated files: 449 (updated 448)
[56/1483] Building CXX object CMakeFiles/ade.dir/3rdparty/ade/ade-0.1.2e/sources/ade/source/graph.cpp.o
[57/1483] Building CXX object CMakeFiles/ade.dir/3rdparty/ade/ade-0.1.2e/sources/ade/source/execution_engine.cpp.o
[58/1483] Generate files for Python bindings and documentation
Note: Class cv::detail::GraphCutSeamFinder has more than 1 base class (not supported by Python C extensions)
      Bases:  cv::detail::GraphCutSeamFinderBase, cv::detail::SeamFinder
      Only the first base class will be used
[59/1483] Building CXX object CMakeFiles/ade.dir/3rdparty/ade/ade-0.1.2e/sources/ade/source/subgraphs.cpp.o
[60/1483] Building CXX object modules/core/CMakeFiles/opencv_core.dir/src/buffer_area.cpp.o
[61/1483] Building CXX object modules/core/CMakeFiles/opencv_core.dir/src/alloc.cpp.o
[62/1483] Building CXX object modules/core/CMakeFiles/opencv_core.dir/src/algorithm.cpp.o
[63/1483] Building CXX object modules/core/CMakeFiles/opencv_core.dir/src/cuda_host_mem.cpp.o
[64/1483] Building CXX object modules/core/CMakeFiles/opencv_core.dir/src/cuda_info.cpp.o
[65/1483] Building CXX object modules/core/CMakeFiles/opencv_core.dir/src/convert_c.cpp.o
[66/1483] Building CXX object modules/core/CMakeFiles/opencv_core.dir/src/async.cpp.o
[67/1483] Building CXX object modules/core/CMakeFiles/opencv_core.dir/src/conjugate_gradient.cpp.o
[68/1483] Building CXX object modules/core/CMakeFiles/opencv_core.dir/src/cuda_gpu_mat_nd.cpp.o
[69/1483] Building CXX object modules/core/CMakeFiles/opencv_core.dir/src/bindings_utils.cpp.o
[70/1483] Building CXX object CMakeFiles/ade.dir/3rdparty/ade/ade-0.1.2e/sources/ade/source/passes/communications.cpp.o
[71/1483] Building CXX object modules/core/CMakeFiles/opencv_core.dir/src/count_non_zero.dispatch.cpp.o
[72/1483] Building CXX object modules/core/CMakeFiles/opencv_core.dir/src/cuda_gpu_mat.cpp.o
[73/1483] Building CXX object modules/core/CMakeFiles/opencv_core.dir/src/cuda_stream.cpp.o
[74/1483] Building CXX object modules/core/CMakeFiles/opencv_core.dir/src/directx.cpp.o
[75/1483] Building CXX object modules/core/CMakeFiles/opencv_core.dir/src/check.cpp.o
[76/1483] Building CXX object modules/core/CMakeFiles/opencv_core.dir/src/batch_distance.cpp.o
[77/1483] Building CXX object modules/core/CMakeFiles/opencv_core.dir/src/convert.dispatch.cpp.o
[78/1483] Building CXX object modules/core/CMakeFiles/opencv_core.dir/src/channels.cpp.o
[79/1483] Building CXX object modules/core/CMakeFiles/opencv_core.dir/src/copy.cpp.o
[80/1483] Building CXX object modules/core/CMakeFiles/opencv_core.dir/src/downhill_simplex.cpp.o
[81/1483] Building CXX object modules/core/CMakeFiles/opencv_core.dir/src/array.cpp.o
[82/1483] Building CXX object modules/core/CMakeFiles/opencv_core.dir/src/convert_scale.dispatch.cpp.o
[83/1483] Building CXX object modules/core/CMakeFiles/opencv_core.dir/src/has_non_zero.dispatch.cpp.o
[84/1483] Building CXX object modules/core/CMakeFiles/opencv_core.dir/src/logger.cpp.o
[85/1483] Building CXX object modules/core/CMakeFiles/opencv_core.dir/src/lpsolver.cpp.o
[86/1483] Building CXX object modules/core/CMakeFiles/opencv_core.dir/src/lut.cpp.o
[87/1483] Building CXX object modules/core/CMakeFiles/opencv_core.dir/src/command_line_parser.cpp.o
[88/1483] Building CXX object modules/core/CMakeFiles/opencv_core.dir/src/hal_internal.cpp.o
[89/1483] Building CXX object modules/core/CMakeFiles/opencv_core.dir/src/arithm.cpp.o
[90/1483] Building CXX object modules/core/CMakeFiles/opencv_core.dir/src/matrix_c.cpp.o
[91/1483] Building CXX object modules/core/CMakeFiles/opencv_core.dir/src/kmeans.cpp.o
[92/1483] Building CXX object modules/core/CMakeFiles/opencv_core.dir/src/glob.cpp.o
[93/1483] Building CXX object modules/core/CMakeFiles/opencv_core.dir/src/datastructs.cpp.o
[94/1483] Building CXX object modules/core/CMakeFiles/opencv_core.dir/src/mathfuncs_core.dispatch.cpp.o
[95/1483] Building CXX object modules/core/CMakeFiles/opencv_core.dir/src/matrix.cpp.o
[96/1483] Building CXX object modules/core/CMakeFiles/opencv_core.dir/src/matrix_iterator.cpp.o
[97/1483] Building CXX object modules/core/CMakeFiles/opencv_core.dir/src/gl_core_3_1.cpp.o
[98/1483] Building CXX object modules/core/CMakeFiles/opencv_core.dir/src/mathfuncs.cpp.o
[99/1483] Building CXX object modules/core/CMakeFiles/opencv_core.dir/src/lda.cpp.o
[100/1483] Building CXX object modules/core/CMakeFiles/opencv_core.dir/src/opencl/runtime/opencl_clblas.cpp.o
[101/1483] Building CXX object modules/core/CMakeFiles/opencv_core.dir/src/opencl/runtime/opencl_clfft.cpp.o
[102/1483] Building CXX object modules/core/CMakeFiles/opencv_core.dir/src/matrix_decomp.cpp.o
[103/1483] Building CXX object modules/core/CMakeFiles/opencv_core.dir/src/matrix_expressions.cpp.o
[104/1483] Building CXX object modules/core/CMakeFiles/opencv_core.dir/src/ovx.cpp.o
[105/1483] Building CXX object modules/core/CMakeFiles/opencv_core.dir/src/mean.dispatch.cpp.o
[106/1483] Building CXX object modules/core/CMakeFiles/opencv_core.dir/src/merge.dispatch.cpp.o
[107/1483] Building CXX object modules/core/CMakeFiles/opencv_core.dir/src/matrix_sparse.cpp.o
[108/1483] Building CXX object modules/core/CMakeFiles/opencv_core.dir/src/out.cpp.o
[109/1483] Building CXX object modules/core/CMakeFiles/opencv_core.dir/src/opencl/runtime/opencl_core.cpp.o
[110/1483] Building CXX object modules/core/CMakeFiles/opencv_core.dir/src/opengl.cpp.o
[111/1483] Building CXX object modules/core/CMakeFiles/opencv_core.dir/src/matrix_transform.cpp.o
[112/1483] Building CXX object modules/core/CMakeFiles/opencv_core.dir/src/parallel/parallel_openmp.cpp.o
[113/1483] Building CXX object modules/core/CMakeFiles/opencv_core.dir/src/minmax.cpp.o
[114/1483] Building CXX object modules/core/CMakeFiles/opencv_core.dir/src/parallel/parallel_tbb.cpp.o
[115/1483] Building CXX object modules/core/CMakeFiles/opencv_core.dir/src/arithm.dispatch.cpp.o
[116/1483] Building CXX object modules/core/CMakeFiles/opencv_core.dir/src/pca.cpp.o
[117/1483] Building CXX object modules/core/CMakeFiles/opencv_core.dir/src/persistence_base64_encoding.cpp.o
[118/1483] Building CXX object modules/core/CMakeFiles/opencv_core.dir/src/norm.dispatch.cpp.o
[119/1483] Building CXX object modules/core/CMakeFiles/opencv_core.dir/src/persistence_json.cpp.o
[120/1483] Building CXX object modules/core/CMakeFiles/opencv_core.dir/src/parallel.cpp.o
/build/opencv4/src/opencv-4.13.0/modules/core/src/parallel.cpp:320:14: warning: ‘virtual void cv::{anonymous}::ParallelLoopBodyWrapper::operator()(const cv::Range&) const’ was hidden [-Woverloaded-virtual=]
  320 |         void operator()(const cv::Range& sr) const CV_OVERRIDE
      |              ^~~~~~~~
/build/opencv4/src/opencv-4.13.0/modules/core/src/parallel.cpp:399:14: note:   by ‘void cv::{anonymous}::ProxyLoopBody::operator()(const tbb::detail::d1::blocked_range<int>&) const’
  399 |         void operator ()(const tbb::blocked_range<int>& range) const
      |              ^~~~~~~~
[121/1483] Building CXX object modules/core/CMakeFiles/opencv_core.dir/src/dxt.cpp.o
[122/1483] Building CXX object modules/core/CMakeFiles/opencv_core.dir/src/parallel_impl.cpp.o
[123/1483] Building CXX object modules/core/CMakeFiles/opencv_core.dir/src/persistence_yml.cpp.o
[124/1483] Building CXX object modules/core/CMakeFiles/opencv_core.dir/src/stat.dispatch.cpp.o
[125/1483] Building CXX object modules/core/CMakeFiles/opencv_core.dir/src/stl.cpp.o
[126/1483] Building CXX object modules/core/CMakeFiles/opencv_core.dir/src/stat_c.cpp.o
[127/1483] Building CXX object modules/core/CMakeFiles/opencv_core.dir/src/persistence_xml.cpp.o
[128/1483] Building CXX object modules/core/CMakeFiles/opencv_core.dir/src/tables.cpp.o
[129/1483] Building CXX object modules/core/CMakeFiles/opencv_core.dir/src/persistence_types.cpp.o
[130/1483] Building CXX object modules/core/CMakeFiles/opencv_core.dir/opencl_kernels_core.cpp.o
[131/1483] Building CXX object modules/core/CMakeFiles/opencv_core.dir/src/split.dispatch.cpp.o
[132/1483] Building CXX object modules/core/CMakeFiles/opencv_core.dir/src/parallel/parallel.cpp.o
[133/1483] Building CXX object modules/core/CMakeFiles/opencv_core.dir/src/rand.cpp.o
[134/1483] Building CXX object modules/core/CMakeFiles/opencv_core.dir/src/sum.dispatch.cpp.o
[135/1483] Building CXX object modules/core/CMakeFiles/opencv_core.dir/src/types.cpp.o
[136/1483] Building CXX object modules/core/CMakeFiles/opencv_core.dir/src/softfloat.cpp.o
[137/1483] Building CXX object modules/core/CMakeFiles/opencv_core.dir/src/utils/samples.cpp.o
[138/1483] Building CXX object modules/core/CMakeFiles/opencv_core.dir/src/persistence.cpp.o
/build/opencv4/src/opencv-4.13.0/modules/core/src/persistence.cpp: In member function ‘bool cv::FileStorage::Impl::open(const char*, int, const char*)’:
/build/opencv4/src/opencv-4.13.0/modules/core/src/persistence.cpp:525:12: warning: variable ‘fnamelen’ set but not used [-Wunused-but-set-variable=]
  525 |     size_t fnamelen = 0;
      |            ^~~~~~~~
[139/1483] Building CXX object modules/core/CMakeFiles/opencv_core.dir/src/trace.cpp.o
[140/1483] Building CXX object modules/core/CMakeFiles/opencv_core.dir/src/umatrix.cpp.o
[141/1483] Building CXX object modules/core/CMakeFiles/opencv_core.dir/src/utils/logtagconfigparser.cpp.o
[142/1483] Building CXX object modules/core/CMakeFiles/opencv_core.dir/src/matrix_operations.cpp.o
[143/1483] Building CXX object modules/core/CMakeFiles/opencv_core.dir/src/utils/logtagmanager.cpp.o
[144/1483] Building CXX object modules/core/CMakeFiles/opencv_core.dir/src/va_intel.cpp.o
[145/1483] Building CXX object modules/core/CMakeFiles/opencv_core.dir/stat.sse4_2.cpp.o
[146/1483] Building CXX object modules/core/CMakeFiles/opencv_core.dir/src/utils/filesystem.cpp.o
[147/1483] Building CXX object modules/core/CMakeFiles/opencv_core.dir/src/system.cpp.o
[148/1483] Building CXX object modules/core/CMakeFiles/opencv_core.dir/src/matrix_wrap.cpp.o
[149/1483] Building CXX object modules/core/CMakeFiles/opencv_core.dir/src/utils/datafile.cpp.o
[150/1483] Building CXX object modules/core/CMakeFiles/opencv_core.dir/matmul.sse4_1.cpp.o
[151/1483] Building CXX object modules/core/CMakeFiles/opencv_core.dir/stat.avx2.cpp.o
[152/1483] Building CXX object modules/core/CMakeFiles/opencv_core.dir/mathfuncs_core.avx.cpp.o
[153/1483] Building CXX object modules/core/CMakeFiles/opencv_core.dir/has_non_zero.avx2.cpp.o
[154/1483] Building CXX object modules/core/CMakeFiles/opencv_core.dir/norm.sse4_1.cpp.o
[155/1483] Building CXX object modules/core/CMakeFiles/opencv_core.dir/count_non_zero.avx2.cpp.o
[156/1483] Building CXX object modules/core/CMakeFiles/opencv_core.dir/mathfuncs_core.avx2.cpp.o
[157/1483] Building CXX object modules/flann/CMakeFiles/opencv_flann.dir/src/flann.cpp.o
[158/1483] Building CXX object modules/core/CMakeFiles/opencv_core.dir/src/matmul.dispatch.cpp.o
[159/1483] Building CXX object modules/core/CMakeFiles/opencv_core.dir/mean.avx2.cpp.o
[160/1483] Building CXX object modules/core/CMakeFiles/opencv_core.dir/split.avx2.cpp.o
[161/1483] Building CXX object modules/core/CMakeFiles/opencv_core.dir/merge.avx2.cpp.o
[162/1483] Building CXX object modules/core/CMakeFiles/opencv_core.dir/norm.avx.cpp.o
[163/1483] Building CXX object modules/core/CMakeFiles/opencv_core.dir/convert_scale.avx2.cpp.o
[164/1483] Building CXX object modules/ml/CMakeFiles/opencv_ml.dir/src/boost.cpp.o
[165/1483] Building CXX object modules/core/CMakeFiles/opencv_core.dir/convert.avx2.cpp.o
[166/1483] Building CXX object modules/core/CMakeFiles/opencv_core.dir/sum.avx2.cpp.o
[167/1483] Building CXX object modules/ml/CMakeFiles/opencv_ml.dir/src/gbt.cpp.o
[168/1483] Building CXX object modules/ml/CMakeFiles/opencv_ml.dir/src/inner_functions.cpp.o
[169/1483] Building CXX object modules/core/CMakeFiles/opencv_core.dir/matmul.avx2.cpp.o
[170/1483] Building CXX object modules/ml/CMakeFiles/opencv_ml.dir/src/kdtree.cpp.o
[171/1483] Building CXX object modules/core/CMakeFiles/opencv_core.dir/norm.avx2.cpp.o
[172/1483] Building CXX object modules/core/CMakeFiles/opencv_core.dir/src/ocl.cpp.o
[173/1483] Building CXX object modules/ml/CMakeFiles/opencv_ml.dir/src/knearest.cpp.o
[174/1483] Building CXX object modules/ml/CMakeFiles/opencv_ml.dir/src/em.cpp.o
[175/1483] Building CXX object modules/ml/CMakeFiles/opencv_ml.dir/src/testset.cpp.o
[176/1483] Building CXX object modules/ml/CMakeFiles/opencv_ml.dir/src/nbayes.cpp.o
[177/1483] Building CXX object modules/ml/CMakeFiles/opencv_ml.dir/src/lr.cpp.o
[178/1483] Building CXX object modules/ml/CMakeFiles/opencv_ml.dir/src/data.cpp.o
[179/1483] Building CXX object modules/core/CMakeFiles/opencv_core.dir/matmul.avx512_skx.cpp.o
[180/1483] Linking CXX static library 3rdparty/lib/libade.a
[181/1483] Building CXX object modules/ml/CMakeFiles/opencv_ml.dir/src/rtrees.cpp.o
[182/1483] Building CXX object modules/ml/CMakeFiles/opencv_ml.dir/src/ann_mlp.cpp.o
[183/1483] Building CXX object modules/ml/CMakeFiles/opencv_ml.dir/src/svmsgd.cpp.o
[184/1483] Building CXX object modules/viz/CMakeFiles/opencv_viz.dir/src/types.cpp.o
/build/opencv4/src/opencv_contrib-4.13.0/modules/viz/src/types.cpp: In static member function ‘static cv::viz::Mesh cv::viz::Mesh::load(const cv::String&, int)’:
/build/opencv4/src/opencv_contrib-4.13.0/modules/viz/src/types.cpp:99:46: warning: ‘vtkIdType vtkCellArray::GetSize()’ is deprecated: Method incompatible with current internal storage. [-Wdeprecated-declarations]
   99 |     mesh.polygons.create(1, polygons->GetSize(), CV_32SC1);
      |                             ~~~~~~~~~~~~~~~~~^~
In file included from /usr/include/vtk/vtkPolyData.h:57,
                 from /usr/include/vtk/vtkPolyDataAlgorithm.h:24,
                 from /usr/include/vtk/vtkAppendPolyData.h:29,
                 from /build/opencv4/src/opencv_contrib-4.13.0/modules/viz/src/precomp.hpp:57,
                 from /build/opencv4/src/opencv_contrib-4.13.0/modules/viz/src/types.cpp:46:
/usr/include/vtk/vtkCellArray.h:1408:13: note: declared here
 1408 |   vtkIdType GetSize();
      |             ^~~~~~~
[185/1483] Building CXX object modules/viz/CMakeFiles/opencv_viz.dir/src/viz3d.cpp.o
[186/1483] Building CXX object modules/core/CMakeFiles/opencv_core.dir/arithm.sse4_1.cpp.o
[187/1483] Copy Java(JAR) source files
[188/1483] Building CXX object modules/viz/CMakeFiles/opencv_viz.dir/src/vtk/vtkImageMatSource.cpp.o
[189/1483] Building CXX object modules/viz/CMakeFiles/opencv_viz.dir/src/vtk/vtkCloudMatSink.cpp.o
[190/1483] Building CXX object modules/viz/CMakeFiles/opencv_viz.dir/src/vizimpl.cpp.o
[191/1483] Building CXX object modules/viz/CMakeFiles/opencv_viz.dir/src/clouds.cpp.o
/build/opencv4/src/opencv_contrib-4.13.0/modules/viz/src/clouds.cpp: In constructor ‘cv::viz::WMesh::WMesh(const cv::viz::Mesh&)’:
/build/opencv4/src/opencv_contrib-4.13.0/modules/viz/src/clouds.cpp:421:24: warning: ‘vtkIdTypeArray* vtkCellArray::GetData()’ is deprecated: Use ExportLegacyFormat, or GetOffsetsArray/GetConnectivityArray instead. [-Wdeprecated-declarations]
  421 |     cell_array->GetData()->SetNumberOfValues(idx);
      |     ~~~~~~~~~~~~~~~~~~~^~
In file included from /usr/include/vtk/vtkPolyData.h:57,
                 from /usr/include/vtk/vtkPolyDataAlgorithm.h:24,
                 from /usr/include/vtk/vtkAppendPolyData.h:29,
                 from /build/opencv4/src/opencv_contrib-4.13.0/modules/viz/src/precomp.hpp:57,
                 from /build/opencv4/src/opencv_contrib-4.13.0/modules/viz/src/clouds.cpp:46:
/usr/include/vtk/vtkCellArray.h:1520:19: note: declared here
 1520 |   vtkIdTypeArray* GetData();
      |                   ^~~~~~~
[192/1483] Building CXX object modules/signal/CMakeFiles/opencv_signal.dir/src/signal_resample.cpp.o
[193/1483] Building CXX object modules/viz/CMakeFiles/opencv_viz.dir/src/vtk/vtkCloudMatSource.cpp.o
/build/opencv4/src/opencv_contrib-4.13.0/modules/viz/src/vtk/vtkCloudMatSource.cpp: In member function ‘virtual int cv::viz::vtkCloudMatSource::SetCloud(cv::InputArray)’:
/build/opencv4/src/opencv_contrib-4.13.0/modules/viz/src/vtk/vtkCloudMatSource.cpp:79:46: warning: ‘vtkIdType vtkCellArray::EstimateSize(vtkIdType, int)’ is deprecated: Use AllocateEstimate directly instead. [-Wdeprecated-declarations]
   79 |     vertices->Allocate(vertices->EstimateSize(1, total));
      |                        ~~~~~~~~~~~~~~~~~~~~~~^~~~~~~~~~
In file included from /usr/include/vtk/vtkPolyData.h:57,
                 from /usr/include/vtk/vtkPolyDataAlgorithm.h:24,
                 from /usr/include/vtk/vtkAppendPolyData.h:29,
                 from /build/opencv4/src/opencv_contrib-4.13.0/modules/viz/src/vtk/../precomp.hpp:57,
                 from /build/opencv4/src/opencv_contrib-4.13.0/modules/viz/src/vtk/vtkCloudMatSource.cpp:45:
/usr/include/vtk/vtkCellArray.h:1397:13: note: declared here
 1397 |   vtkIdType EstimateSize(vtkIdType numCells, int maxPtsPerCell);
      |             ^~~~~~~~~~~~
/build/opencv4/src/opencv_contrib-4.13.0/modules/viz/src/vtk/vtkCloudMatSource.cpp:79:23: warning: ‘vtkTypeBool vtkCellArray::Allocate(vtkIdType, vtkIdType)’ is deprecated: Use AllocateEstimate or AllocateExact instead. [-Wdeprecated-declarations]
   79 |     vertices->Allocate(vertices->EstimateSize(1, total));
      |     ~~~~~~~~~~~~~~~~~~^~~~~~~~~~~~~~~~~~~~~~~~~~~~~~~~~~
/usr/include/vtk/vtkCellArray.h:228:15: note: declared here
  228 |   vtkTypeBool Allocate(vtkIdType sz, vtkIdType vtkNotUsed(ext) = 1000)
      |               ^~~~~~~~
[194/1483] Building CXX object modules/viz/CMakeFiles/opencv_viz.dir/src/vizcore.cpp.o
[195/1483] Building CXX object modules/viz/CMakeFiles/opencv_viz.dir/src/vtk/vtkOBJWriter.cpp.o
[196/1483] Building CXX object modules/surface_matching/CMakeFiles/opencv_surface_matching.dir/src/pose_3d.cpp.o
[197/1483] Building CXX object modules/viz/CMakeFiles/opencv_viz.dir/src/vtk/vtkXYZReader.cpp.o
[198/1483] Building CXX object modules/viz/CMakeFiles/opencv_viz.dir/src/vtk/vtkTrajectorySource.cpp.o
[199/1483] Building CXX object modules/surface_matching/CMakeFiles/opencv_surface_matching.dir/src/t_hash_int.cpp.o
[200/1483] Building CXX object modules/surface_matching/CMakeFiles/opencv_surface_matching.dir/src/icp.cpp.o
[201/1483] Building CXX object modules/hdf/CMakeFiles/opencv_hdf.dir/src/hdf5.cpp.o
[202/1483] Building CXX object modules/viz/CMakeFiles/opencv_viz.dir/src/vtk/vtkXYZWriter.cpp.o
[203/1483] Building CXX object apps/version/CMakeFiles/opencv_version.dir/opencv_version.cpp.o
[204/1483] Building CXX object modules/viz/CMakeFiles/opencv_viz.dir/src/vtk/vtkVizInteractorStyle.cpp.o
/build/opencv4/src/opencv_contrib-4.13.0/modules/viz/src/vtk/vtkVizInteractorStyle.cpp: In member function ‘void cv::viz::vtkVizInteractorStyle::exportScene(const cv::String&)’:
/build/opencv4/src/opencv_contrib-4.13.0/modules/viz/src/vtk/vtkVizInteractorStyle.cpp:119:23: warning: ‘void vtkExporter::SetInput(vtkRenderWindow*)’ is deprecated: Please use SetRenderWindow instead [-Wdeprecated-declarations]
  119 |     exporter->SetInput(Interactor->GetRenderWindow());
      |     ~~~~~~~~~~~~~~~~~~^~~~~~~~~~~~~~~~~~~~~~~~~~~~~~~
In file included from /usr/include/vtk/vtkOBJExporter.h:19,
                 from /build/opencv4/src/opencv_contrib-4.13.0/modules/viz/src/vtk/../precomp.hpp:126,
                 from /build/opencv4/src/opencv_contrib-4.13.0/modules/viz/src/vtk/vtkVizInteractorStyle.cpp:47:
/usr/include/vtk/vtkExporter.h:86:8: note: declared here
   86 |   void SetInput(vtkRenderWindow* renWin) { this->SetRenderWindow(renWin); }
      |        ^~~~~~~~
[205/1483] Building CXX object modules/viz/CMakeFiles/opencv_viz.dir/src/shapes.cpp.o
/build/opencv4/src/opencv_contrib-4.13.0/modules/viz/src/shapes.cpp: In constructor ‘cv::viz::WPolyLine::WPolyLine(cv::InputArray, cv::InputArray)’:
/build/opencv4/src/opencv_contrib-4.13.0/modules/viz/src/shapes.cpp:403:50: warning: ‘vtkIdType vtkCellArray::EstimateSize(vtkIdType, int)’ is deprecated: Use AllocateEstimate directly instead. [-Wdeprecated-declarations]
  403 |     cell_array->Allocate(cell_array->EstimateSize(1, polydata->GetNumberOfPoints()));
      |                          ~~~~~~~~~~~~~~~~~~~~~~~~^~~~~~~~~~~~~~~~~~~~~~~~~~~~~~~~~~
In file included from /usr/include/vtk/vtkPolyData.h:57,
                 from /usr/include/vtk/vtkPolyDataAlgorithm.h:24,
                 from /usr/include/vtk/vtkAppendPolyData.h:29,
                 from /build/opencv4/src/opencv_contrib-4.13.0/modules/viz/src/precomp.hpp:57,
                 from /build/opencv4/src/opencv_contrib-4.13.0/modules/viz/src/shapes.cpp:46:
/usr/include/vtk/vtkCellArray.h:1397:13: note: declared here
 1397 |   vtkIdType EstimateSize(vtkIdType numCells, int maxPtsPerCell);
      |             ^~~~~~~~~~~~
/build/opencv4/src/opencv_contrib-4.13.0/modules/viz/src/shapes.cpp:403:25: warning: ‘vtkTypeBool vtkCellArray::Allocate(vtkIdType, vtkIdType)’ is deprecated: Use AllocateEstimate or AllocateExact instead. [-Wdeprecated-declarations]
  403 |     cell_array->Allocate(cell_array->EstimateSize(1, polydata->GetNumberOfPoints()));
      |     ~~~~~~~~~~~~~~~~~~~~^~~~~~~~~~~~~~~~~~~~~~~~~~~~~~~~~~~~~~~~~~~~~~~~~~~~~~~~~~~~
/usr/include/vtk/vtkCellArray.h:228:15: note: declared here
  228 |   vtkTypeBool Allocate(vtkIdType sz, vtkIdType vtkNotUsed(ext) = 1000)
      |               ^~~~~~~~
[206/1483] Building CXX object modules/viz/CMakeFiles/opencv_viz.dir/src/widget.cpp.o
[207/1483] Building CXX object modules/ml/CMakeFiles/opencv_ml.dir/src/svm.cpp.o
[208/1483] Building CXX object modules/ml/CMakeFiles/opencv_ml.dir/src/tree.cpp.o
[209/1483] Generating opencv-4130.jar
Buildfile: /build/opencv4/src/build/modules/java/jar/opencv/build.xml
   [tstamp] Honouring environment variable SOURCE_DATE_EPOCH which has been set to 1784063157

jar:
    [javac] Compiling 306 source files to /build/opencv4/src/build/modules/java/jar/opencv/build/classes
      [jar] Building jar: /build/opencv4/src/build/bin/opencv-4130.jar

BUILD SUCCESSFUL
Total time: 4 seconds
[210/1483] Building CXX object modules/core/CMakeFiles/opencv_core.dir/arithm.avx2.cpp.o
[211/1483] Building CXX object modules/surface_matching/CMakeFiles/opencv_surface_matching.dir/src/ppf_match_3d.cpp.o
[212/1483] Building CXX object modules/core/CMakeFiles/opencv_core.dir/src/lapack.cpp.o
[213/1483] Linking CXX shared library lib/libopencv_core.so.4.13.0
[214/1483] Creating library symlink lib/libopencv_core.so.413 lib/libopencv_core.so
[215/1483] Processing OpenCL kernels (imgproc)
[216/1483] Linking CXX executable bin/opencv_version
[217/1483] Linking CXX shared library lib/libopencv_hdf.so.4.13.0
[218/1483] Linking CXX shared library lib/libopencv_signal.so.4.13.0
[219/1483] Linking CXX shared library lib/libopencv_ml.so.4.13.0
[220/1483] Linking CXX shared library lib/libopencv_viz.so.4.13.0
[221/1483] Building CXX object modules/imgproc/CMakeFiles/opencv_imgproc.dir/src/cornersubpix.cpp.o
[222/1483] Building CXX object modules/imgproc/CMakeFiles/opencv_imgproc.dir/src/color.cpp.o
[223/1483] Building CXX object modules/imgproc/CMakeFiles/opencv_imgproc.dir/src/contours_approx.cpp.o
[224/1483] Building CXX object modules/imgproc/CMakeFiles/opencv_imgproc.dir/src/contours_common.cpp.o
[225/1483] Building CXX object modules/imgproc/CMakeFiles/opencv_imgproc.dir/src/corner.cpp.o
[226/1483] Building CXX object modules/imgproc/CMakeFiles/opencv_imgproc.dir/src/accum.cpp.o
[227/1483] Building CXX object modules/imgproc/CMakeFiles/opencv_imgproc.dir/src/blend.cpp.o
[228/1483] Building CXX object modules/imgproc/CMakeFiles/opencv_imgproc.dir/src/approx.cpp.o
[229/1483] Building CXX object modules/imgproc/CMakeFiles/opencv_imgproc.dir/src/contours_new.cpp.o
[230/1483] Building CXX object modules/imgproc/CMakeFiles/opencv_imgproc.dir/src/contours_link.cpp.o
/build/opencv4/src/opencv-4.13.0/modules/imgproc/src/contours_link.cpp: In member function ‘void {anonymous}::LinkRunner::convertLinks(int&, int&, bool)’:
/build/opencv4/src/opencv-4.13.0/modules/imgproc/src/contours_link.cpp:114:9: warning: variable ‘count’ set but not used [-Wunused-but-set-variable=]
  114 |     int count = 0;
      |         ^~~~~
[231/1483] Building CXX object modules/imgproc/CMakeFiles/opencv_imgproc.dir/src/convhull.cpp.o
[232/1483] Building CXX object modules/imgproc/CMakeFiles/opencv_imgproc.dir/src/contours.cpp.o
[233/1483] Building CXX object modules/imgproc/CMakeFiles/opencv_imgproc.dir/src/clahe.cpp.o
[234/1483] Building CXX object modules/imgproc/CMakeFiles/opencv_imgproc.dir/src/canny.cpp.o
[235/1483] Building CXX object modules/imgproc/CMakeFiles/opencv_imgproc.dir/src/bilateral_filter.dispatch.cpp.o
[236/1483] Building CXX object modules/surface_matching/CMakeFiles/opencv_surface_matching.dir/src/ppf_helpers.cpp.o
[237/1483] Building CXX object modules/imgproc/CMakeFiles/opencv_imgproc.dir/src/colormap.cpp.o
[238/1483] Building CXX object modules/imgproc/CMakeFiles/opencv_imgproc.dir/src/color_hsv.dispatch.cpp.o
[239/1483] Building CXX object modules/imgproc/CMakeFiles/opencv_imgproc.dir/src/gabor.cpp.o
[240/1483] Building CXX object modules/imgproc/CMakeFiles/opencv_imgproc.dir/src/hershey_fonts.cpp.o
[241/1483] Building CXX object modules/imgproc/CMakeFiles/opencv_imgproc.dir/src/distransform.cpp.o
[242/1483] Building CXX object modules/imgproc/CMakeFiles/opencv_imgproc.dir/src/deriv.cpp.o
[243/1483] Building CXX object modules/imgproc/CMakeFiles/opencv_imgproc.dir/src/emd.cpp.o
[244/1483] Building CXX object modules/imgproc/CMakeFiles/opencv_imgproc.dir/src/color_rgb.dispatch.cpp.o
[245/1483] Building CXX object modules/imgproc/CMakeFiles/opencv_imgproc.dir/src/emd_new.cpp.o
[246/1483] Building CXX object modules/imgproc/CMakeFiles/opencv_imgproc.dir/src/accum.dispatch.cpp.o
[247/1483] Building CXX object modules/imgproc/CMakeFiles/opencv_imgproc.dir/src/featureselect.cpp.o
[248/1483] Building CXX object modules/imgproc/CMakeFiles/opencv_imgproc.dir/src/geometry.cpp.o
[249/1483] Building CXX object modules/imgproc/CMakeFiles/opencv_imgproc.dir/src/intersection.cpp.o
[250/1483] Building CXX object modules/imgproc/CMakeFiles/opencv_imgproc.dir/src/main.cpp.o
[251/1483] Building CXX object modules/imgproc/CMakeFiles/opencv_imgproc.dir/src/grabcut.cpp.o
[252/1483] Building CXX object modules/imgproc/CMakeFiles/opencv_imgproc.dir/src/linefit.cpp.o
[253/1483] Building CXX object modules/imgproc/CMakeFiles/opencv_imgproc.dir/src/demosaicing.cpp.o
[254/1483] Building CXX object modules/imgproc/CMakeFiles/opencv_imgproc.dir/src/generalized_hough.cpp.o
[255/1483] Building CXX object modules/imgproc/CMakeFiles/opencv_imgproc.dir/src/matchcontours.cpp.o
[256/1483] Building CXX object modules/imgproc/CMakeFiles/opencv_imgproc.dir/src/intelligent_scissors.cpp.o
[257/1483] Building CXX object modules/imgproc/CMakeFiles/opencv_imgproc.dir/src/drawing.cpp.o
[258/1483] Building CXX object modules/imgproc/CMakeFiles/opencv_imgproc.dir/src/floodfill.cpp.o
[259/1483] Building CXX object modules/imgproc/CMakeFiles/opencv_imgproc.dir/src/min_enclosing_triangle.cpp.o
[260/1483] Building CXX object modules/imgproc/CMakeFiles/opencv_imgproc.dir/src/color_lab.cpp.o
[261/1483] Building CXX object modules/imgproc/CMakeFiles/opencv_imgproc.dir/src/moments.cpp.o
[262/1483] Building CXX object modules/imgproc/CMakeFiles/opencv_imgproc.dir/src/lsd.cpp.o
[263/1483] Building CXX object modules/imgproc/CMakeFiles/opencv_imgproc.dir/src/phasecorr.cpp.o
[264/1483] Building CXX object modules/imgproc/CMakeFiles/opencv_imgproc.dir/src/phasecorr_iterative.cpp.o
[265/1483] Building CXX object modules/flann/CMakeFiles/opencv_flann.dir/src/miniflann.cpp.o
[266/1483] Building CXX object modules/imgproc/CMakeFiles/opencv_imgproc.dir/src/rotcalipers.cpp.o
[267/1483] Building CXX object modules/imgproc/CMakeFiles/opencv_imgproc.dir/src/min_enclosing_convex_polygon.cpp.o
[268/1483] Building CXX object modules/imgproc/CMakeFiles/opencv_imgproc.dir/src/box_filter.dispatch.cpp.o
[269/1483] Building CXX object modules/imgproc/CMakeFiles/opencv_imgproc.dir/opencl_kernels_imgproc.cpp.o
[270/1483] Building CXX object modules/imgproc/CMakeFiles/opencv_imgproc.dir/src/segmentation.cpp.o
[271/1483] Building CXX object modules/imgproc/CMakeFiles/opencv_imgproc.dir/src/samplers.cpp.o
[272/1483] Building CXX object modules/imgproc/CMakeFiles/opencv_imgproc.dir/src/tables.cpp.o
[273/1483] Building CXX object modules/imgproc/CMakeFiles/opencv_imgproc.dir/src/spatialgradient.cpp.o
[274/1483] Building CXX object modules/imgproc/CMakeFiles/opencv_imgproc.dir/src/hough.cpp.o
[275/1483] Building CXX object modules/imgproc/CMakeFiles/opencv_imgproc.dir/src/histogram.cpp.o
[276/1483] Building CXX object modules/imgproc/CMakeFiles/opencv_imgproc.dir/src/color_yuv.dispatch.cpp.o
[277/1483] Building CXX object modules/imgproc/CMakeFiles/opencv_imgproc.dir/src/shapedescr.cpp.o
[278/1483] Building CXX object modules/imgproc/CMakeFiles/opencv_imgproc.dir/src/utils.cpp.o
[279/1483] Building CXX object modules/imgproc/CMakeFiles/opencv_imgproc.dir/src/resize.sse4_1.cpp.o
[280/1483] Building CXX object modules/imgproc/CMakeFiles/opencv_imgproc.dir/src/subdivision2d.cpp.o
[281/1483] Building CXX object modules/imgproc/CMakeFiles/opencv_imgproc.dir/src/imgwarp.sse4_1.cpp.o
[282/1483] Building CXX object modules/imgproc/CMakeFiles/opencv_imgproc.dir/src/templmatch.cpp.o
[283/1483] Building CXX object modules/imgproc/CMakeFiles/opencv_imgproc.dir/src/median_blur.dispatch.cpp.o
[284/1483] Building CXX object modules/imgproc/CMakeFiles/opencv_imgproc.dir/src/sumpixels.dispatch.cpp.o
[285/1483] Building CXX object modules/imgproc/CMakeFiles/opencv_imgproc.dir/src/stackblur.cpp.o
[286/1483] Building CXX object modules/imgproc/CMakeFiles/opencv_imgproc.dir/src/corner.avx.cpp.o
[287/1483] Building CXX object modules/imgproc/CMakeFiles/opencv_imgproc.dir/src/thresh.cpp.o
[288/1483] Building CXX object modules/imgproc/CMakeFiles/opencv_imgproc.dir/src/morph.dispatch.cpp.o
[289/1483] Building CXX object modules/imgproc/CMakeFiles/opencv_imgproc.dir/src/pyramids.cpp.o
[290/1483] Building CXX object modules/imgproc/CMakeFiles/opencv_imgproc.dir/src/resize.avx2.cpp.o
[291/1483] Building CXX object modules/imgproc/CMakeFiles/opencv_imgproc.dir/color_hsv.sse4_1.cpp.o
[292/1483] Building CXX object modules/imgproc/CMakeFiles/opencv_imgproc.dir/src/imgwarp.avx2.cpp.o
[293/1483] Building CXX object modules/imgproc/CMakeFiles/opencv_imgproc.dir/color_rgb.sse4_1.cpp.o
[294/1483] Building CXX object modules/imgproc/CMakeFiles/opencv_imgproc.dir/accum.sse4_1.cpp.o
[295/1483] Building CXX object modules/imgproc/CMakeFiles/opencv_imgproc.dir/accum.avx.cpp.o
[296/1483] Linking CXX shared library lib/libopencv_flann.so.4.13.0
[297/1483] Creating library symlink lib/libopencv_flann.so.413 lib/libopencv_flann.so
[298/1483] Building CXX object modules/imgproc/CMakeFiles/opencv_imgproc.dir/bilateral_filter.avx2.cpp.o
[299/1483] Building CXX object modules/imgproc/CMakeFiles/opencv_imgproc.dir/morph.sse4_1.cpp.o
[300/1483] Building CXX object modules/imgproc/CMakeFiles/opencv_imgproc.dir/accum.avx2.cpp.o
[301/1483] Building CXX object modules/imgproc/CMakeFiles/opencv_imgproc.dir/color_hsv.avx2.cpp.o
[302/1483] Building CXX object modules/imgproc/CMakeFiles/opencv_imgproc.dir/box_filter.sse4_1.cpp.o
[303/1483] Building CXX object modules/imgproc/CMakeFiles/opencv_imgproc.dir/color_rgb.avx2.cpp.o
[304/1483] Building CXX object modules/imgproc/CMakeFiles/opencv_imgproc.dir/sumpixels.avx2.cpp.o
[305/1483] Building CXX object modules/imgproc/CMakeFiles/opencv_imgproc.dir/median_blur.sse4_1.cpp.o
[306/1483] Building CXX object modules/imgcodecs/CMakeFiles/opencv_imgcodecs.dir/src/grfmt_avif.cpp.o
[307/1483] Building CXX object modules/imgproc/CMakeFiles/opencv_imgproc.dir/color_yuv.sse4_1.cpp.o
[308/1483] Building CXX object modules/imgcodecs/CMakeFiles/opencv_imgcodecs.dir/src/utils.cpp.o
[309/1483] Building CXX object modules/imgproc/CMakeFiles/opencv_imgproc.dir/src/imgwarp.cpp.o
[310/1483] Building CXX object modules/imgproc/CMakeFiles/opencv_imgproc.dir/src/resize.cpp.o
[311/1483] Building CXX object modules/imgcodecs/CMakeFiles/opencv_imgcodecs.dir/src/grfmt_gdal.cpp.o
[312/1483] Building CXX object modules/imgcodecs/CMakeFiles/opencv_imgcodecs.dir/src/grfmt_gdcm.cpp.o
[313/1483] Building CXX object modules/imgproc/CMakeFiles/opencv_imgproc.dir/sumpixels.avx512_skx.cpp.o
[314/1483] Building CXX object modules/imgproc/CMakeFiles/opencv_imgproc.dir/src/filter.dispatch.cpp.o
[315/1483] Building CXX object modules/imgcodecs/CMakeFiles/opencv_imgcodecs.dir/src/grfmt_bmp.cpp.o
[316/1483] Building CXX object modules/imgproc/CMakeFiles/opencv_imgproc.dir/smooth.sse4_1.cpp.o
[317/1483] Building CXX object modules/imgcodecs/CMakeFiles/opencv_imgcodecs.dir/src/grfmt_base.cpp.o
[318/1483] Building CXX object modules/imgcodecs/CMakeFiles/opencv_imgcodecs.dir/src/grfmt_jpeg2000.cpp.o
[319/1483] Building CXX object modules/imgproc/CMakeFiles/opencv_imgproc.dir/src/smooth.dispatch.cpp.o
[320/1483] Building CXX object modules/imgcodecs/CMakeFiles/opencv_imgcodecs.dir/src/grfmt_hdr.cpp.o
[321/1483] Building CXX object modules/imgcodecs/CMakeFiles/opencv_imgcodecs.dir/src/grfmt_jpeg2000_openjpeg.cpp.o
[322/1483] Building CXX object modules/imgcodecs/CMakeFiles/opencv_imgcodecs.dir/src/grfmt_pfm.cpp.o
[323/1483] Building CXX object modules/imgcodecs/CMakeFiles/opencv_imgcodecs.dir/src/grfmt_spng.cpp.o
[324/1483] Building CXX object modules/imgcodecs/CMakeFiles/opencv_imgcodecs.dir/src/grfmt_pam.cpp.o
[325/1483] Building CXX object modules/imgcodecs/CMakeFiles/opencv_imgcodecs.dir/src/grfmt_jpeg.cpp.o
[326/1483] Building CXX object modules/imgproc/CMakeFiles/opencv_imgproc.dir/morph.avx2.cpp.o
[327/1483] Building CXX object modules/imgcodecs/CMakeFiles/opencv_imgcodecs.dir/src/grfmt_jpegxl.cpp.o
[328/1483] Building CXX object modules/imgcodecs/CMakeFiles/opencv_imgcodecs.dir/src/grfmt_gif.cpp.o
[329/1483] Building CXX object modules/imgproc/CMakeFiles/opencv_imgproc.dir/median_blur.avx2.cpp.o
[330/1483] Building CXX object modules/imgcodecs/CMakeFiles/opencv_imgcodecs.dir/src/grfmt_sunras.cpp.o
[331/1483] Building CXX object modules/imgcodecs/CMakeFiles/opencv_imgcodecs.dir/src/rgbe.cpp.o
[332/1483] Building CXX object modules/imgproc/CMakeFiles/opencv_imgproc.dir/color_yuv.avx2.cpp.o
[333/1483] Building CXX object modules/imgcodecs/CMakeFiles/opencv_imgcodecs.dir/src/bitstrm.cpp.o
[334/1483] Building CXX object modules/imgcodecs/CMakeFiles/opencv_imgcodecs.dir/src/grfmt_exr.cpp.o
[335/1483] Building CXX object modules/imgcodecs/CMakeFiles/opencv_imgcodecs.dir/src/grfmt_pxm.cpp.o
[336/1483] Building CXX object modules/imgproc/CMakeFiles/opencv_imgproc.dir/box_filter.avx2.cpp.o
[337/1483] Building CXX object modules/videoio/CMakeFiles/opencv_videoio.dir/src/videoio_c.cpp.o
[338/1483] Creating library symlink lib/libopencv_ml.so.413 lib/libopencv_ml.so
[339/1483] Building CXX object modules/imgproc/CMakeFiles/opencv_imgproc.dir/filter.sse4_1.cpp.o
[340/1483] Building CXX object modules/imgcodecs/CMakeFiles/opencv_imgcodecs.dir/src/exif.cpp.o
[341/1483] Building CXX object modules/imgcodecs/CMakeFiles/opencv_imgcodecs.dir/src/loadsave.cpp.o
[342/1483] Building CXX object modules/imgproc/CMakeFiles/opencv_imgproc.dir/median_blur.avx512_skx.cpp.o
[343/1483] Building CXX object modules/imgcodecs/CMakeFiles/opencv_imgcodecs.dir/src/grfmt_webp.cpp.o
[344/1483] Building CXX object modules/videoio/CMakeFiles/opencv_videoio.dir/src/backend_static.cpp.o
[345/1483] Creating library symlink lib/libopencv_viz.so.413 lib/libopencv_viz.so
[346/1483] Building CXX object modules/imgcodecs/CMakeFiles/opencv_imgcodecs.dir/src/grfmt_png.cpp.o
[347/1483] Building CXX object modules/quality/CMakeFiles/opencv_quality.dir/src/qualitymse.cpp.o
[348/1483] Building CXX object modules/quality/CMakeFiles/opencv_quality.dir/src/qualitygmsd.cpp.o
[349/1483] Building CXX object modules/imgproc/CMakeFiles/opencv_imgproc.dir/box_filter.avx512_skx.cpp.o
[350/1483] Building CXX object modules/plot/CMakeFiles/opencv_plot.dir/src/plot.cpp.o
[351/1483] Building CXX object modules/quality/CMakeFiles/opencv_quality.dir/src/qualityssim.cpp.o
[352/1483] Building CXX object modules/quality/CMakeFiles/opencv_quality.dir/src/qualitybrisque.cpp.o
[353/1483] Building CXX object modules/videoio/CMakeFiles/opencv_videoio.dir/src/cap_images.cpp.o
[354/1483] Building CXX object modules/videoio/CMakeFiles/opencv_videoio.dir/src/cap_mjpeg_encoder.cpp.o
[355/1483] Building CXX object modules/phase_unwrapping/CMakeFiles/opencv_phase_unwrapping.dir/src/histogramphaseunwrapping.cpp.o
[356/1483] Building CXX object modules/videoio/CMakeFiles/opencv_videoio.dir/src/cap_mjpeg_decoder.cpp.o
[357/1483] Building CXX object modules/videoio/CMakeFiles/opencv_videoio.dir/src/cap_obsensor_capture.cpp.o
[358/1483] Building CXX object modules/videoio/CMakeFiles/opencv_videoio.dir/src/videoio_registry.cpp.o
[359/1483] Building CXX object modules/reg/CMakeFiles/opencv_reg.dir/src/map.cpp.o
[360/1483] Building CXX object modules/videoio/CMakeFiles/opencv_videoio.dir/src/cap_obsensor/obsensor_uvc_stream_channel.cpp.o
[361/1483] Building CXX object modules/intensity_transform/CMakeFiles/opencv_intensity_transform.dir/src/intensity_transform.cpp.o
[362/1483] Building CXX object modules/videoio/CMakeFiles/opencv_videoio.dir/src/container_avi.cpp.o
/build/opencv4/src/opencv-4.13.0/modules/videoio/src/container_avi.cpp: In member function ‘bool cv::AVIReadContainer::parseStrl(char, cv::Codecs)’:
/build/opencv4/src/opencv-4.13.0/modules/videoio/src/container_avi.cpp:328:30: warning: ‘strh.cv::RiffChunk::m_four_cc’ may be used uninitialized [-Wmaybe-uninitialized]
  328 |     if(m_file_stream && strh.m_four_cc == STRH_CC)
      |                         ~~~~~^~~~~~~~~
/build/opencv4/src/opencv-4.13.0/modules/videoio/src/container_avi.cpp:325:15: note: ‘strh’ declared here
  325 |     RiffChunk strh;
      |               ^~~~
[363/1483] Building CXX object modules/reg/CMakeFiles/opencv_reg.dir/src/mapaffine.cpp.o
[364/1483] Building CXX object modules/reg/CMakeFiles/opencv_reg.dir/src/mapper.cpp.o
[365/1483] Building CXX object modules/reg/CMakeFiles/opencv_reg.dir/src/mappergradaffine.cpp.o
[366/1483] Building CXX object modules/reg/CMakeFiles/opencv_reg.dir/src/mappergradeuclid.cpp.o
[367/1483] Building CXX object modules/reg/CMakeFiles/opencv_reg.dir/src/mappergradshift.cpp.o
[368/1483] Building CXX object modules/reg/CMakeFiles/opencv_reg.dir/src/mappergradsimilar.cpp.o
[369/1483] Building CXX object modules/reg/CMakeFiles/opencv_reg.dir/src/mappergradproj.cpp.o
[370/1483] Building CXX object modules/imgcodecs/CMakeFiles/opencv_imgcodecs.dir/src/grfmt_tiff.cpp.o
[371/1483] Building CXX object modules/reg/CMakeFiles/opencv_reg.dir/src/mapprojec.cpp.o
[372/1483] Building CXX object modules/reg/CMakeFiles/opencv_reg.dir/src/mapperpyramid.cpp.o
[373/1483] Building CXX object modules/reg/CMakeFiles/opencv_reg.dir/src/mapshift.cpp.o
[374/1483] Building CXX object modules/freetype/CMakeFiles/opencv_freetype.dir/src/freetype.cpp.o
[375/1483] Building CXX object modules/imgproc/CMakeFiles/opencv_imgproc.dir/filter.avx2.cpp.o
[376/1483] Building CXX object modules/hfs/CMakeFiles/opencv_hfs.dir/src/slic/gslic_engine.cpp.o
[377/1483] Building CXX object modules/hfs/CMakeFiles/opencv_hfs.dir/src/merge/merge.cpp.o
[378/1483] Building CXX object modules/hfs/CMakeFiles/opencv_hfs.dir/src/hfs.cpp.o
[379/1483] Building CXX object modules/videoio/CMakeFiles/opencv_videoio.dir/src/backend_plugin.cpp.o
[380/1483] Linking CXX shared library lib/libopencv_surface_matching.so.4.13.0
[381/1483] Creating library symlink lib/libopencv_hdf.so.413 lib/libopencv_hdf.so
[382/1483] Creating library symlink lib/libopencv_signal.so.413 lib/libopencv_signal.so
[383/1483] Creating library symlink lib/libopencv_surface_matching.so.413 lib/libopencv_surface_matching.so
[384/1483] Building CXX object modules/img_hash/CMakeFiles/opencv_img_hash.dir/src/img_hash_base.cpp.o
[385/1483] Building CXX object modules/hfs/CMakeFiles/opencv_hfs.dir/src/magnitude/magnitude.cpp.o
[386/1483] Building CXX object modules/img_hash/CMakeFiles/opencv_img_hash.dir/src/block_mean_hash.cpp.o
[387/1483] Building CXX object modules/img_hash/CMakeFiles/opencv_img_hash.dir/src/average_hash.cpp.o
[388/1483] Building CXX object modules/fuzzy/CMakeFiles/opencv_fuzzy.dir/src/fuzzy_image.cpp.o
[389/1483] Building CXX object modules/hfs/CMakeFiles/opencv_hfs.dir/src/slic/slic.cpp.o
[390/1483] Building CXX object modules/img_hash/CMakeFiles/opencv_img_hash.dir/src/color_moment_hash.cpp.o
[391/1483] Building CXX object modules/videoio/CMakeFiles/opencv_videoio.dir/src/cap_obsensor/obsensor_stream_channel_v4l2.cpp.o
[392/1483] Building CXX object modules/img_hash/CMakeFiles/opencv_img_hash.dir/src/marr_hildreth_hash.cpp.o
[393/1483] Building CXX object modules/img_hash/CMakeFiles/opencv_img_hash.dir/src/phash.cpp.o
[394/1483] Building CXX object modules/fuzzy/CMakeFiles/opencv_fuzzy.dir/src/fuzzy_F1_math.cpp.o
[395/1483] Building CXX object modules/hfs/CMakeFiles/opencv_hfs.dir/src/hfs_core.cpp.o
[396/1483] Building CXX object modules/videoio/CMakeFiles/opencv_videoio.dir/src/cap_v4l.cpp.o
[397/1483] Building CXX object modules/videoio/CMakeFiles/opencv_videoio.dir/src/cap.cpp.o
[398/1483] Building CXX object modules/img_hash/CMakeFiles/opencv_img_hash.dir/src/radial_variance_hash.cpp.o
[399/1483] Building CXX object modules/fuzzy/CMakeFiles/opencv_fuzzy.dir/src/fuzzy_F0_math.cpp.o
[400/1483] Building CXX object modules/videoio/CMakeFiles/opencv_videoio.dir/src/cap_gstreamer.cpp.o
[401/1483] Building CXX object modules/alphamat/CMakeFiles/opencv_alphamat.dir/src/local_info.cpp.o
[402/1483] Building CXX object modules/videoio/CMakeFiles/opencv_videoio.dir/src/cap_ffmpeg.cpp.o
[403/1483] Building CXX object modules/alphamat/CMakeFiles/opencv_alphamat.dir/src/cm.cpp.o
[404/1483] Building CXX object modules/alphamat/CMakeFiles/opencv_alphamat.dir/src/intraU.cpp.o
[405/1483] Building CXX object modules/imgproc/CMakeFiles/opencv_imgproc.dir/src/connectedcomponents.cpp.o
[406/1483] Building CXX object modules/imgproc/CMakeFiles/opencv_imgproc.dir/smooth.avx2.cpp.o
[407/1483] Building CXX object modules/alphamat/CMakeFiles/opencv_alphamat.dir/src/infoflow.cpp.o
[408/1483] Linking CXX shared library lib/libopencv_imgproc.so.4.13.0
[409/1483] Creating library symlink lib/libopencv_imgproc.so.413 lib/libopencv_imgproc.so
[410/1483] Processing OpenCL kernels (photo)
[411/1483] Processing OpenCL kernels (features2d)
[412/1483] Processing OpenCL kernels (dnn)
[413/1483] Running cpp protocol buffer compiler on /build/opencv4/src/opencv-4.13.0/modules/dnn/src/tensorflow/tensor_shape.proto
[414/1483] Running cpp protocol buffer compiler on /build/opencv4/src/opencv-4.13.0/modules/dnn/src/tensorflow/types.proto
[415/1483] Running cpp protocol buffer compiler on /build/opencv4/src/opencv-4.13.0/modules/dnn/src/tensorflow/versions.proto
[416/1483] Running cpp protocol buffer compiler on /build/opencv4/src/opencv-4.13.0/modules/dnn/src/tensorflow/tensor.proto
[417/1483] Running cpp protocol buffer compiler on /build/opencv4/src/opencv-4.13.0/modules/dnn/src/tensorflow/graph.proto
[418/1483] Running cpp protocol buffer compiler on /build/opencv4/src/opencv-4.13.0/modules/dnn/src/tensorflow/attr_value.proto
[419/1483] Running cpp protocol buffer compiler on /build/opencv4/src/opencv-4.13.0/modules/dnn/src/tensorflow/function.proto
[420/1483] Running cpp protocol buffer compiler on /build/opencv4/src/opencv-4.13.0/modules/dnn/src/tensorflow/op_def.proto
[421/1483] Running cpp protocol buffer compiler on /build/opencv4/src/opencv-4.13.0/modules/dnn/src/onnx/opencv-onnx.proto
[422/1483] Linking CXX shared library lib/libopencv_freetype.so.4.13.0
[423/1483] Linking CXX shared library lib/libopencv_hfs.so.4.13.0
[424/1483] Linking CXX shared library lib/libopencv_plot.so.4.13.0
[425/1483] Linking CXX shared library lib/libopencv_fuzzy.so.4.13.0
[426/1483] Linking CXX shared library lib/libopencv_img_hash.so.4.13.0
[427/1483] Linking CXX shared library lib/libopencv_reg.so.4.13.0
[428/1483] Linking CXX shared library lib/libopencv_phase_unwrapping.so.4.13.0
[429/1483] Linking CXX shared library lib/libopencv_quality.so.4.13.0
[430/1483] Linking CXX shared library lib/libopencv_alphamat.so.4.13.0
[431/1483] Running cpp protocol buffer compiler on /build/opencv4/src/opencv-4.13.0/modules/dnn/src/caffe/opencv-caffe.proto
[432/1483] Linking CXX shared library lib/libopencv_imgcodecs.so.4.13.0
[433/1483] Building CXX object modules/intensity_transform/CMakeFiles/opencv_intensity_transform.dir/src/bimef.cpp.o
[434/1483] Building CXX object modules/features2d/CMakeFiles/opencv_features2d.dir/src/akaze.cpp.o
[435/1483] Building CXX object modules/features2d/CMakeFiles/opencv_features2d.dir/src/gftt.cpp.o
[436/1483] Building CXX object modules/features2d/CMakeFiles/opencv_features2d.dir/src/kaze/fed.cpp.o
[437/1483] Building CXX object modules/features2d/CMakeFiles/opencv_features2d.dir/src/dynamic.cpp.o
[438/1483] Building CXX object modules/features2d/CMakeFiles/opencv_features2d.dir/src/draw.cpp.o
[439/1483] Building CXX object modules/features2d/CMakeFiles/opencv_features2d.dir/src/affine_feature.cpp.o
[440/1483] Building CXX object modules/features2d/CMakeFiles/opencv_features2d.dir/src/bagofwords.cpp.o
[441/1483] Building CXX object modules/features2d/CMakeFiles/opencv_features2d.dir/src/feature2d.cpp.o
[442/1483] Building CXX object modules/features2d/CMakeFiles/opencv_features2d.dir/src/kaze/nldiffusion_functions.cpp.o
[443/1483] Building CXX object modules/features2d/CMakeFiles/opencv_features2d.dir/src/kaze.cpp.o
[444/1483] Building CXX object modules/features2d/CMakeFiles/opencv_features2d.dir/src/main.cpp.o
[445/1483] Building CXX object modules/features2d/CMakeFiles/opencv_features2d.dir/src/fast_score.cpp.o
[446/1483] Building CXX object modules/features2d/CMakeFiles/opencv_features2d.dir/opencl_kernels_features2d.cpp.o
[447/1483] Building CXX object modules/photo/CMakeFiles/opencv_photo.dir/src/align.cpp.o
[448/1483] Building CXX object modules/photo/CMakeFiles/opencv_photo.dir/src/calibrate.cpp.o
[449/1483] Building CXX object modules/photo/CMakeFiles/opencv_photo.dir/src/contrast_preserve.cpp.o
[450/1483] Building CXX object modules/features2d/CMakeFiles/opencv_features2d.dir/src/evaluation.cpp.o
/build/opencv4/src/opencv-4.13.0/modules/features2d/src/evaluation.cpp: In function ‘void filterEllipticKeyPointsByImageSize(std::vector<EllipticKeyPoint>&, const cv::Size&)’:
/build/opencv4/src/opencv-4.13.0/modules/features2d/src/evaluation.cpp:233:18: warning: variable ‘i’ set but not used [-Wunused-but-set-variable=]
  233 |         for( int i = 0; it != keypoints.end(); ++it, i++ )
      |                  ^
[451/1483] Building CXX object modules/features2d/CMakeFiles/opencv_features2d.dir/src/blobdetector.cpp.o
[452/1483] Building CXX object modules/features2d/CMakeFiles/opencv_features2d.dir/src/keypoint.cpp.o
[453/1483] Building CXX object modules/features2d/CMakeFiles/opencv_features2d.dir/src/kaze/KAZEFeatures.cpp.o
[454/1483] Building CXX object modules/features2d/CMakeFiles/opencv_features2d.dir/src/mser.cpp.o
[455/1483] Building CXX object modules/features2d/CMakeFiles/opencv_features2d.dir/src/fast.cpp.o
[456/1483] Building CXX object modules/features2d/CMakeFiles/opencv_features2d.dir/src/brisk.cpp.o
[457/1483] Building CXX object modules/features2d/CMakeFiles/opencv_features2d.dir/src/kaze/AKAZEFeatures.cpp.o
[458/1483] Building CXX object modules/features2d/CMakeFiles/opencv_features2d.dir/src/agast.cpp.o
[459/1483] Building CXX object modules/features2d/CMakeFiles/opencv_features2d.dir/sift.sse4_1.cpp.o
[460/1483] Building CXX object modules/features2d/CMakeFiles/opencv_features2d.dir/src/fast.avx2.cpp.o
[461/1483] Building CXX object modules/features2d/CMakeFiles/opencv_features2d.dir/src/orb.cpp.o
[462/1483] Building CXX object modules/dnn/CMakeFiles/opencv_dnn.dir/tensor_shape.pb.cc.o
[463/1483] Building CXX object modules/dnn/CMakeFiles/opencv_dnn.dir/src/dnn.cpp.o
[464/1483] Building CXX object modules/features2d/CMakeFiles/opencv_features2d.dir/src/matchers.cpp.o
[465/1483] Building CXX object modules/dnn/CMakeFiles/opencv_dnn.dir/src/dnn_params.cpp.o
[466/1483] Building CXX object modules/features2d/CMakeFiles/opencv_features2d.dir/sift.avx2.cpp.o
[467/1483] Building CXX object modules/dnn/CMakeFiles/opencv_dnn.dir/types.pb.cc.o
[468/1483] Building CXX object modules/features2d/CMakeFiles/opencv_features2d.dir/sift.avx512_skx.cpp.o
[469/1483] Building CXX object modules/features2d/CMakeFiles/opencv_features2d.dir/src/sift.dispatch.cpp.o
[470/1483] Building CXX object modules/dnn/CMakeFiles/opencv_dnn.dir/versions.pb.cc.o
[471/1483] Building CXX object modules/dnn/CMakeFiles/opencv_dnn.dir/src/dnn_read.cpp.o
[472/1483] Building CXX object modules/dnn/CMakeFiles/opencv_dnn.dir/src/ie_ngraph.cpp.o
[473/1483] Building CXX object modules/dnn/CMakeFiles/opencv_dnn.dir/op_def.pb.cc.o
[474/1483] Building CXX object modules/dnn/CMakeFiles/opencv_dnn.dir/src/halide_scheduler.cpp.o
[475/1483] Building CXX object modules/dnn/CMakeFiles/opencv_dnn.dir/src/debug_utils.cpp.o
[476/1483] Building CXX object modules/dnn/CMakeFiles/opencv_dnn.dir/src/darknet/darknet_importer.cpp.o
[477/1483] Building CXX object modules/dnn/CMakeFiles/opencv_dnn.dir/tensor.pb.cc.o
[478/1483] Building CXX object modules/dnn/CMakeFiles/opencv_dnn.dir/attr_value.pb.cc.o
[479/1483] Building CXX object modules/dnn/CMakeFiles/opencv_dnn.dir/function.pb.cc.o
[480/1483] Building CXX object modules/dnn/CMakeFiles/opencv_dnn.dir/graph.pb.cc.o
[481/1483] Building CXX object modules/dnn/CMakeFiles/opencv_dnn.dir/src/backend.cpp.o
[482/1483] Building CXX object modules/dnn/CMakeFiles/opencv_dnn.dir/src/int8layers/layers_rvp052.cpp.o
[483/1483] Building CXX object modules/dnn/CMakeFiles/opencv_dnn.dir/src/int8layers/batch_norm_layer.cpp.o
[484/1483] Building CXX object modules/dnn/CMakeFiles/opencv_dnn.dir/src/int8layers/elementwise_layers.cpp.o
[485/1483] Building CXX object modules/dnn/CMakeFiles/opencv_dnn.dir/src/layer_factory.cpp.o
[486/1483] Building CXX object modules/dnn/CMakeFiles/opencv_dnn.dir/src/caffe/caffe_shrinker.cpp.o
/build/opencv4/src/opencv-4.13.0/modules/dnn/src/caffe/caffe_shrinker.cpp: In function ‘void cv::dnn::dnn4_v20251223::shrinkCaffeModel(const cv::String&, const cv::String&, const std::vector<std::__cxx11::basic_string<char> >&)’:
/build/opencv4/src/opencv-4.13.0/modules/dnn/src/caffe/caffe_shrinker.cpp:63:40: warning: ignoring return value of ‘uint8_t* google::protobuf::MessageLite::SerializeWithCachedSizesToArray(uint8_t*) const’, declared with attribute ‘nodiscard’ [-Wunused-result]
   63 |     net.SerializeWithCachedSizesToArray(&output[0]);
      |     ~~~~~~~~~~~~~~~~~~~~~~~~~~~~~~~~~~~^~~~~~~~~~~~
In file included from /usr/include/google/protobuf/generated_message_tctable_decl.h:23,
                 from /build/opencv4/src/build/modules/dnn/opencv-caffe.pb.h:24,
                 from /build/opencv4/src/opencv-4.13.0/modules/dnn/src/caffe/caffe_io.hpp:98,
                 from /build/opencv4/src/opencv-4.13.0/modules/dnn/src/caffe/caffe_shrinker.cpp:12:
/usr/include/google/protobuf/message_lite.h:1107:48: note: declared here
 1107 |   PROTOBUF_FUTURE_ADD_EARLY_NODISCARD uint8_t* SerializeWithCachedSizesToArray(
      |                                                ^~~~~~~~~~~~~~~~~~~~~~~~~~~~~~~
[487/1483] Building CXX object modules/dnn/CMakeFiles/opencv_dnn.dir/src/layers/arg_layer.cpp.o
[488/1483] Building CXX object modules/dnn/CMakeFiles/opencv_dnn.dir/opencv-onnx.pb.cc.o
[489/1483] Building CXX object modules/dnn/CMakeFiles/opencv_dnn.dir/src/layer.cpp.o
[490/1483] Building CXX object modules/dnn/CMakeFiles/opencv_dnn.dir/src/int8layers/quantization_utils.cpp.o
[491/1483] Building CXX object modules/dnn/CMakeFiles/opencv_dnn.dir/src/int8layers/softmax_layer.cpp.o
[492/1483] Building CXX object modules/dnn/CMakeFiles/opencv_dnn.dir/src/int8layers/fully_connected_layer.cpp.o
[493/1483] Building CXX object modules/dnn/CMakeFiles/opencv_dnn.dir/src/graph_simplifier.cpp.o
[494/1483] Building CXX object modules/dnn/CMakeFiles/opencv_dnn.dir/src/layers/const_layer.cpp.o
[495/1483] Building CXX object modules/dnn/CMakeFiles/opencv_dnn.dir/src/layers/accum_layer.cpp.o
[496/1483] Building CXX object modules/dnn/CMakeFiles/opencv_dnn.dir/src/layers/blank_layer.cpp.o
[497/1483] Building CXX object modules/dnn/CMakeFiles/opencv_dnn.dir/src/int8layers/pooling_layer.cpp.o
[498/1483] Building CXX object modules/dnn/CMakeFiles/opencv_dnn.dir/src/int8layers/eltwise_layer.cpp.o
[499/1483] Building CXX object modules/dnn/CMakeFiles/opencv_dnn.dir/src/layers/cpu_kernels/conv_winograd_f63.dispatch.cpp.o
[500/1483] Building CXX object modules/dnn/CMakeFiles/opencv_dnn.dir/src/layers/cpu_kernels/conv_winograd_f63.cpp.o
[501/1483] Building CXX object modules/dnn/CMakeFiles/opencv_dnn.dir/src/init.cpp.o
[502/1483] Building CXX object modules/dnn/CMakeFiles/opencv_dnn.dir/src/layers/batch_norm_layer.cpp.o
[503/1483] Building CXX object modules/dnn/CMakeFiles/opencv_dnn.dir/src/layers/correlation_layer.cpp.o
[504/1483] Building CXX object modules/dnn/CMakeFiles/opencv_dnn.dir/src/int8layers/convolution_layer.cpp.o
[505/1483] Building CXX object modules/dnn/CMakeFiles/opencv_dnn.dir/src/int8layers/scale_layer.cpp.o
[506/1483] Building CXX object modules/dnn/CMakeFiles/opencv_dnn.dir/src/layers/attention_layer.cpp.o
[507/1483] Building CXX object modules/dnn/CMakeFiles/opencv_dnn.dir/src/dnn_utils.cpp.o
[508/1483] Building CXX object modules/dnn/CMakeFiles/opencv_dnn.dir/src/layers/cpu_kernels/conv_depthwise.cpp.o
[509/1483] Building CXX object modules/dnn/CMakeFiles/opencv_dnn.dir/src/layers/cpu_kernels/softmax.cpp.o
[510/1483] Building CXX object modules/dnn/CMakeFiles/opencv_dnn.dir/src/layers/cpu_kernels/fast_norm.cpp.o
[511/1483] Building CXX object modules/dnn/CMakeFiles/opencv_dnn.dir/src/layers/crop_and_resize_layer.cpp.o
[512/1483] Building CXX object modules/dnn/CMakeFiles/opencv_dnn.dir/src/layers/cumsum_layer.cpp.o
[513/1483] Building CXX object modules/dnn/CMakeFiles/opencv_dnn.dir/src/layers/concat_layer.cpp.o
[514/1483] Building CXX object modules/dnn/CMakeFiles/opencv_dnn.dir/src/darknet/darknet_io.cpp.o
[515/1483] Building CXX object modules/dnn/CMakeFiles/opencv_dnn.dir/src/layers/flow_warp_layer.cpp.o
[516/1483] Building CXX object modules/dnn/CMakeFiles/opencv_dnn.dir/src/layers/flatten_layer.cpp.o
[517/1483] Building CXX object modules/dnn/CMakeFiles/opencv_dnn.dir/src/layers/depth_space_ops_layer.cpp.o
[518/1483] Building CXX object modules/dnn/CMakeFiles/opencv_dnn.dir/src/layers/gather_layer.cpp.o
[519/1483] Building CXX object modules/dnn/CMakeFiles/opencv_dnn.dir/src/caffe/caffe_importer.cpp.o
[520/1483] Building CXX object modules/dnn/CMakeFiles/opencv_dnn.dir/src/layers/group_norm_layer.cpp.o
[521/1483] Building CXX object modules/dnn/CMakeFiles/opencv_dnn.dir/src/layers/expand_layer.cpp.o
[522/1483] Building CXX object modules/dnn/CMakeFiles/opencv_dnn.dir/src/layers/gather_elements_layer.cpp.o
[523/1483] Building CXX object modules/dnn/CMakeFiles/opencv_dnn.dir/src/layers/cpu_kernels/fast_gemm.cpp.o
[524/1483] Building CXX object modules/dnn/CMakeFiles/opencv_dnn.dir/src/caffe/caffe_io.cpp.o
[525/1483] Building CXX object modules/dnn/CMakeFiles/opencv_dnn.dir/src/layers/instance_norm_layer.cpp.o
[526/1483] Building CXX object modules/dnn/CMakeFiles/opencv_dnn.dir/src/layers/layer_norm.cpp.o
[527/1483] Building CXX object modules/dnn/CMakeFiles/opencv_dnn.dir/src/layers/gemm_layer.cpp.o
[528/1483] Building CXX object modules/dnn/CMakeFiles/opencv_dnn.dir/src/layers/not_implemented_layer.cpp.o
[529/1483] Building CXX object modules/dnn/CMakeFiles/opencv_dnn.dir/src/layers/cpu_kernels/convolution.cpp.o
/build/opencv4/src/opencv-4.13.0/modules/dnn/src/layers/cpu_kernels/convolution.cpp: In lambda function:
/build/opencv4/src/opencv-4.13.0/modules/dnn/src/layers/cpu_kernels/convolution.cpp:1514:37: warning: variable ‘cptr_f16’ set but not used [-Wunused-but-set-variable=]
 1514 |                             hfloat* cptr_f16 = (hfloat*)cbuf_task + stripe*CONV_NR;
      |                                     ^~~~~~~~
/build/opencv4/src/opencv-4.13.0/modules/dnn/src/layers/cpu_kernels/convolution.cpp:1550:35: warning: variable ‘cptr_fp16’ set but not used [-Wunused-but-set-variable=]
 1550 |                     const hfloat *cptr_fp16 = (const hfloat *)cbuf_task;
      |                                   ^~~~~~~~~
[530/1483] Building CXX object modules/dnn/CMakeFiles/opencv_dnn.dir/src/layers/mvn_layer.cpp.o
[531/1483] Building CXX object modules/dnn/CMakeFiles/opencv_dnn.dir/src/layers/max_unpooling_layer.cpp.o
[532/1483] Building CXX object modules/dnn/CMakeFiles/opencv_dnn.dir/src/layers/eltwise_layer.cpp.o
[533/1483] Building CXX object modules/dnn/CMakeFiles/opencv_dnn.dir/src/layers/normalize_bbox_layer.cpp.o
[534/1483] Building CXX object modules/dnn/CMakeFiles/opencv_dnn.dir/src/layers/lrn_layer.cpp.o
[535/1483] Building CXX object modules/dnn/CMakeFiles/opencv_dnn.dir/src/layers/randomnormallike_layer.cpp.o
[536/1483] Building CXX object modules/dnn/CMakeFiles/opencv_dnn.dir/src/layers/convolution_layer.cpp.o
[537/1483] Building CXX object modules/dnn/CMakeFiles/opencv_dnn.dir/src/layers/layers_common.cpp.o
[538/1483] Building CXX object modules/dnn/CMakeFiles/opencv_dnn.dir/src/layers/fully_connected_layer.cpp.o
[539/1483] Building CXX object modules/dnn/CMakeFiles/opencv_dnn.dir/src/layers/einsum_layer.cpp.o
[540/1483] Building CXX object modules/dnn/CMakeFiles/opencv_dnn.dir/src/layers/padding_layer.cpp.o
[541/1483] Building CXX object modules/dnn/CMakeFiles/opencv_dnn.dir/src/layers/permute_layer.cpp.o
[542/1483] Building CXX object modules/dnn/CMakeFiles/opencv_dnn.dir/src/layers/matmul_layer.cpp.o
[543/1483] Building CXX object modules/dnn/CMakeFiles/opencv_dnn.dir/src/layers/reorg_layer.cpp.o
[544/1483] Building CXX object modules/dnn/CMakeFiles/opencv_dnn.dir/src/layers/prior_box_layer.cpp.o
[545/1483] Building CXX object modules/dnn/CMakeFiles/opencv_dnn.dir/src/layers/region_layer.cpp.o
[546/1483] Building CXX object modules/dnn/CMakeFiles/opencv_dnn.dir/src/layers/shuffle_channel_layer.cpp.o
[547/1483] Building CXX object modules/dnn/CMakeFiles/opencv_dnn.dir/src/layers/reshape_layer.cpp.o
[548/1483] Building CXX object modules/dnn/CMakeFiles/opencv_dnn.dir/src/layers/proposal_layer.cpp.o
[549/1483] Building CXX object modules/dnn/CMakeFiles/opencv_dnn.dir/src/layers/split_layer.cpp.o
[550/1483] Building CXX object modules/dnn/CMakeFiles/opencv_dnn.dir/src/layers/tile_layer.cpp.o
[551/1483] Building CXX object modules/dnn/CMakeFiles/opencv_dnn.dir/src/layers/recurrent_layers.cpp.o
[552/1483] Building CXX object modules/dnn/CMakeFiles/opencv_dnn.dir/src/layers/detection_output_layer.cpp.o
[553/1483] Building CXX object modules/dnn/CMakeFiles/opencv_dnn.dir/src/legacy_backend.cpp.o
[554/1483] Building CXX object modules/dnn/CMakeFiles/opencv_dnn.dir/src/layers/softmax_layer.cpp.o
[555/1483] Building CXX object modules/dnn/CMakeFiles/opencv_dnn.dir/src/layers/resize_layer.cpp.o
[556/1483] Building CXX object modules/dnn/CMakeFiles/opencv_dnn.dir/src/layers/scatter_layer.cpp.o
[557/1483] Building CXX object modules/dnn/CMakeFiles/opencv_dnn.dir/src/net_cann.cpp.o
[558/1483] Building CXX object modules/dnn/CMakeFiles/opencv_dnn.dir/src/net_openvino.cpp.o
[559/1483] Building CXX object modules/dnn/CMakeFiles/opencv_dnn.dir/src/layers/pooling_layer.cpp.o
[560/1483] Building CXX object modules/dnn/CMakeFiles/opencv_dnn.dir/src/layers/scatterND_layer.cpp.o
[561/1483] Building CXX object modules/dnn/CMakeFiles/opencv_dnn.dir/src/ocl4dnn/src/common.cpp.o
[562/1483] Building CXX object modules/dnn/CMakeFiles/opencv_dnn.dir/src/layers/topk_layer.cpp.o
[563/1483] Building CXX object modules/dnn/CMakeFiles/opencv_dnn.dir/src/ocl4dnn/src/ocl4dnn_inner_product.cpp.o
[564/1483] Building CXX object modules/dnn/CMakeFiles/opencv_dnn.dir/src/net.cpp.o
[565/1483] Building CXX object modules/dnn/CMakeFiles/opencv_dnn.dir/src/net_impl_backend.cpp.o
[566/1483] Building CXX object modules/dnn/CMakeFiles/opencv_dnn.dir/src/layers/scale_layer.cpp.o
[567/1483] Building CXX object modules/dnn/CMakeFiles/opencv_dnn.dir/src/op_cann.cpp.o
[568/1483] Building CXX object modules/dnn/CMakeFiles/opencv_dnn.dir/src/ocl4dnn/src/ocl4dnn_softmax.cpp.o
[569/1483] Building CXX object modules/dnn/CMakeFiles/opencv_dnn.dir/src/ocl4dnn/src/math_functions.cpp.o
[570/1483] Building CXX object modules/dnn/CMakeFiles/opencv_dnn.dir/src/ocl4dnn/src/ocl4dnn_lrn.cpp.o
[571/1483] Building CXX object modules/dnn/CMakeFiles/opencv_dnn.dir/src/op_cuda.cpp.o
[572/1483] Building CXX object modules/dnn/CMakeFiles/opencv_dnn.dir/src/ocl4dnn/src/ocl4dnn_pool.cpp.o
[573/1483] Building CXX object modules/dnn/CMakeFiles/opencv_dnn.dir/src/op_inf_engine.cpp.o
[574/1483] Building CXX object modules/dnn/CMakeFiles/opencv_dnn.dir/src/op_halide.cpp.o
[575/1483] Building CXX object modules/dnn/CMakeFiles/opencv_dnn.dir/src/nms.cpp.o
[576/1483] Building CXX object modules/dnn/CMakeFiles/opencv_dnn.dir/src/op_timvx.cpp.o
[577/1483] Building CXX object modules/dnn/CMakeFiles/opencv_dnn.dir/src/op_webnn.cpp.o
[578/1483] Building CXX object modules/dnn/CMakeFiles/opencv_dnn.dir/src/registry.cpp.o
[579/1483] Building CXX object modules/dnn/CMakeFiles/opencv_dnn.dir/src/layers/slice_layer.cpp.o
[580/1483] Building CXX object modules/dnn/CMakeFiles/opencv_dnn.dir/src/torch/THGeneral.cpp.o
[581/1483] Building CXX object modules/dnn/CMakeFiles/opencv_dnn.dir/src/torch/THFile.cpp.o
[582/1483] Building CXX object modules/dnn/CMakeFiles/opencv_dnn.dir/opencv-caffe.pb.cc.o
[583/1483] Building CXX object modules/dnn/CMakeFiles/opencv_dnn.dir/src/vkcom/shader/conv_1x1_fast_spv.cpp.o
[584/1483] Building CXX object modules/dnn/CMakeFiles/opencv_dnn.dir/src/torch/THDiskFile.cpp.o
[585/1483] Building CXX object modules/dnn/CMakeFiles/opencv_dnn.dir/src/vkcom/shader/conv_depthwise_3x3_spv.cpp.o
[586/1483] Building CXX object modules/dnn/CMakeFiles/opencv_dnn.dir/src/vkcom/shader/conv_depthwise_spv.cpp.o
[587/1483] Building CXX object modules/dnn/CMakeFiles/opencv_dnn.dir/src/op_vkcom.cpp.o
[588/1483] Building CXX object modules/dnn/CMakeFiles/opencv_dnn.dir/src/vkcom/shader/conv_implicit_gemm_spv.cpp.o
[589/1483] Building CXX object modules/dnn/CMakeFiles/opencv_dnn.dir/src/vkcom/shader/nary_eltwise_binary_forward_spv.cpp.o
[590/1483] Building CXX object modules/dnn/CMakeFiles/opencv_dnn.dir/src/vkcom/shader/gemm_spv.cpp.o
[591/1483] Building CXX object modules/dnn/CMakeFiles/opencv_dnn.dir/src/vkcom/shader/spv_shader.cpp.o
[592/1483] Building CXX object modules/dnn/CMakeFiles/opencv_dnn.dir/src/model.cpp.o
[593/1483] Building CXX object modules/dnn/CMakeFiles/opencv_dnn.dir/src/vkcom/src/fence.cpp.o
[594/1483] Building CXX object modules/dnn/CMakeFiles/opencv_dnn.dir/src/vkcom/src/internal.cpp.o
[595/1483] Building CXX object modules/dnn/CMakeFiles/opencv_dnn.dir/src/vkcom/src/op_base.cpp.o
[596/1483] Building CXX object modules/dnn/CMakeFiles/opencv_dnn.dir/src/vkcom/src/buffer.cpp.o
[597/1483] Building CXX object modules/dnn/CMakeFiles/opencv_dnn.dir/src/vkcom/src/command.cpp.o
[598/1483] Building CXX object modules/dnn/CMakeFiles/opencv_dnn.dir/src/net_quantization.cpp.o
[599/1483] Building CXX object modules/dnn/CMakeFiles/opencv_dnn.dir/src/net_impl_fuse.cpp.o
[600/1483] Building CXX object modules/dnn/CMakeFiles/opencv_dnn.dir/src/vkcom/vulkan/vk_functions.cpp.o
[601/1483] Building CXX object modules/dnn/CMakeFiles/opencv_dnn.dir/opencl_kernels_dnn.cpp.o
[602/1483] Building CXX object modules/dnn/CMakeFiles/opencv_dnn.dir/src/ocl4dnn/src/ocl4dnn_conv_spatial.cpp.o
[603/1483] Building CXX object modules/dnn/CMakeFiles/opencv_dnn.dir/src/vkcom/src/op_naryEltwise.cpp.o
[604/1483] Building CXX object modules/dnn/CMakeFiles/opencv_dnn.dir/src/vkcom/src/tensor.cpp.o
[605/1483] Building CXX object modules/dnn/CMakeFiles/opencv_dnn.dir/src/vkcom/vulkan/vk_loader.cpp.o
[606/1483] Building CXX object modules/dnn/CMakeFiles/opencv_dnn.dir/src/tensorflow/tf_io.cpp.o
[607/1483] Building CXX object modules/dnn/CMakeFiles/opencv_dnn.dir/src/vkcom/src/op_matmul.cpp.o
[608/1483] Building CXX object modules/dnn/CMakeFiles/opencv_dnn.dir/src/vkcom/src/context.cpp.o
[609/1483] Building CXX object modules/dnn/CMakeFiles/opencv_dnn.dir/src/vkcom/src/pipeline.cpp.o
[610/1483] Creating library symlink lib/libopencv_imgcodecs.so.413 lib/libopencv_imgcodecs.so
[611/1483] Building CXX object modules/dnn/CMakeFiles/opencv_dnn.dir/layers/layers_common.avx.cpp.o
[612/1483] Building CXX object modules/dnn/CMakeFiles/opencv_dnn.dir/layers/cpu_kernels/conv_block.avx.cpp.o
[613/1483] Building CXX object modules/dnn/CMakeFiles/opencv_dnn.dir/src/vkcom/src/op_conv.cpp.o
[614/1483] Building CXX object modules/dnn/CMakeFiles/opencv_dnn.dir/src/layers/reduce_layer.cpp.o
[615/1483] Building CXX object modules/dnn/CMakeFiles/opencv_dnn.dir/layers/cpu_kernels/conv_depthwise.avx.cpp.o
[616/1483] Linking CXX shared library lib/libopencv_videoio.so.4.13.0
[617/1483] Building CXX object modules/dnn/CMakeFiles/opencv_dnn.dir/layers/cpu_kernels/conv_winograd_f63.avx.cpp.o
[618/1483] Building CXX object modules/dnn/CMakeFiles/opencv_dnn.dir/layers/layers_common.avx2.cpp.o
[619/1483] Creating library symlink lib/libopencv_videoio.so.413 lib/libopencv_videoio.so
[620/1483] Generating src/moc_window_QT.cpp
[621/1483] Generating qrc_window_QT.cpp
[622/1483] Building CXX object modules/dnn/CMakeFiles/opencv_dnn.dir/layers/cpu_kernels/conv_block.avx2.cpp.o
[623/1483] Building CXX object modules/dnn/CMakeFiles/opencv_dnn.dir/layers/cpu_kernels/conv_depthwise.avx2.cpp.o
[624/1483] Building CXX object modules/dnn/CMakeFiles/opencv_dnn.dir/src/layers/elementwise_layers.cpp.o
[625/1483] Building CXX object modules/dnn/CMakeFiles/opencv_dnn.dir/layers/cpu_kernels/conv_winograd_f63.avx2.cpp.o
[626/1483] Building CXX object modules/dnn/CMakeFiles/opencv_dnn.dir/int8layers/layers_common.avx2.cpp.o
[627/1483] Building CXX object modules/text/CMakeFiles/opencv_text.dir/src/text_detectorCNN.cpp.o
[628/1483] Building CXX object modules/text/CMakeFiles/opencv_text.dir/src/ocr_tesseract.cpp.o
[629/1483] Building CXX object modules/datasets/CMakeFiles/opencv_datasets.dir/src/dataset.cpp.o
[630/1483] Building CXX object modules/dnn/CMakeFiles/opencv_dnn.dir/layers/cpu_kernels/fast_gemm_kernels.avx.cpp.o
[631/1483] Building CXX object modules/dnn/CMakeFiles/opencv_dnn.dir/layers/layers_common.avx512_skx.cpp.o
[632/1483] Building CXX object modules/text/CMakeFiles/opencv_text.dir/src/ocr_holistic.cpp.o
[633/1483] Building CXX object modules/dnn/CMakeFiles/opencv_dnn.dir/layers/cpu_kernels/fast_gemm_kernels.avx2.cpp.o
[634/1483] Building CXX object modules/dnn/CMakeFiles/opencv_dnn.dir/int8layers/layers_common.avx512_skx.cpp.o
[635/1483] Building CXX object modules/datasets/CMakeFiles/opencv_datasets.dir/src/gr_skig.cpp.o
[636/1483] Building CXX object modules/dnn/CMakeFiles/opencv_dnn.dir/src/torch/torch_importer.cpp.o
[637/1483] Building CXX object modules/datasets/CMakeFiles/opencv_datasets.dir/src/is_bsds.cpp.o
[638/1483] Building CXX object modules/datasets/CMakeFiles/opencv_datasets.dir/src/hpe_parse.cpp.o
[639/1483] Building CXX object modules/datasets/CMakeFiles/opencv_datasets.dir/src/ir_affine.cpp.o
[640/1483] Building CXX object modules/datasets/CMakeFiles/opencv_datasets.dir/src/ir_robot.cpp.o
[641/1483] Building CXX object modules/dnn/CMakeFiles/opencv_dnn.dir/src/onnx/onnx_graph_simplifier.cpp.o
[642/1483] Building CXX object modules/datasets/CMakeFiles/opencv_datasets.dir/src/gr_chalearn.cpp.o
[643/1483] Building CXX object modules/datasets/CMakeFiles/opencv_datasets.dir/src/fr_adience.cpp.o
[644/1483] Building CXX object modules/dnn/CMakeFiles/opencv_dnn.dir/src/tensorflow/tf_graph_simplifier.cpp.o
[645/1483] Building CXX object modules/datasets/CMakeFiles/opencv_datasets.dir/src/is_weizmann.cpp.o
[646/1483] Building CXX object modules/datasets/CMakeFiles/opencv_datasets.dir/src/hpe_humaneva.cpp.o
[647/1483] Building CXX object modules/dnn/CMakeFiles/opencv_dnn.dir/src/tflite/tflite_importer.cpp.o
[648/1483] Building CXX object modules/datasets/CMakeFiles/opencv_datasets.dir/src/msm_epfl.cpp.o
[649/1483] Building CXX object modules/text/CMakeFiles/opencv_text.dir/src/ocr_beamsearch_decoder.cpp.o
[650/1483] Building CXX object modules/datasets/CMakeFiles/opencv_datasets.dir/src/ar_sports.cpp.o
[651/1483] Building CXX object modules/datasets/CMakeFiles/opencv_datasets.dir/src/ar_hmdb.cpp.o
[652/1483] Building CXX object modules/datasets/CMakeFiles/opencv_datasets.dir/src/msm_middlebury.cpp.o
[653/1483] Building CXX object modules/text/CMakeFiles/opencv_text.dir/src/text_detector_swt.cpp.o
[654/1483] Building CXX object modules/datasets/CMakeFiles/opencv_datasets.dir/src/or_mnist.cpp.o
[655/1483] Building CXX object modules/datasets/CMakeFiles/opencv_datasets.dir/src/fr_lfw.cpp.o
[656/1483] Building CXX object modules/datasets/CMakeFiles/opencv_datasets.dir/src/or_sun.cpp.o
[657/1483] Building CXX object modules/text/CMakeFiles/opencv_text.dir/src/ocr_hmm_decoder.cpp.o
[658/1483] Building CXX object modules/datasets/CMakeFiles/opencv_datasets.dir/src/pd_inria.cpp.o
[659/1483] Building CXX object modules/datasets/CMakeFiles/opencv_datasets.dir/src/sr_general100.cpp.o
[660/1483] Building CXX object modules/dnn/CMakeFiles/opencv_dnn.dir/src/net_impl.cpp.o
[661/1483] Building CXX object modules/datasets/CMakeFiles/opencv_datasets.dir/src/sr_div2k.cpp.o
[662/1483] Creating library symlink lib/libopencv_plot.so.413 lib/libopencv_plot.so
[663/1483] Building CXX object modules/highgui/CMakeFiles/opencv_highgui.dir/qrc_window_QT.cpp.o
[664/1483] Building CXX object modules/dnn/CMakeFiles/opencv_dnn.dir/src/layers/nary_eltwise_layers.cpp.o
[665/1483] Building CXX object modules/datasets/CMakeFiles/opencv_datasets.dir/src/pd_caltech.cpp.o
[666/1483] Building CXX object modules/datasets/CMakeFiles/opencv_datasets.dir/src/sr_bsds.cpp.o
[667/1483] Building CXX object modules/datasets/CMakeFiles/opencv_datasets.dir/src/slam_tumindoor.cpp.o
[668/1483] Building CXX object modules/datasets/CMakeFiles/opencv_datasets.dir/src/tinyxml2/tinyxml2.cpp.o
[669/1483] Building CXX object modules/datasets/CMakeFiles/opencv_datasets.dir/src/or_imagenet.cpp.o
[670/1483] Building CXX object modules/datasets/CMakeFiles/opencv_datasets.dir/src/util.cpp.o
[671/1483] Building CXX object modules/datasets/CMakeFiles/opencv_datasets.dir/src/slam_kitti.cpp.o
[672/1483] Building CXX object modules/datasets/CMakeFiles/opencv_datasets.dir/src/tr_svt.cpp.o
[673/1483] Creating library symlink lib/libopencv_phase_unwrapping.so.413 lib/libopencv_phase_unwrapping.so
[674/1483] Creating library symlink lib/libopencv_quality.so.413 lib/libopencv_quality.so
[675/1483] Building CXX object modules/datasets/CMakeFiles/opencv_datasets.dir/src/tr_chars.cpp.o
[676/1483] Building CXX object modules/datasets/CMakeFiles/opencv_datasets.dir/src/or_pascal.cpp.o
[677/1483] Building CXX object modules/datasets/CMakeFiles/opencv_datasets.dir/src/track_vot.cpp.o
[678/1483] Building CXX object modules/highgui/CMakeFiles/opencv_highgui.dir/src/roiSelector.cpp.o
[679/1483] Building CXX object modules/photo/CMakeFiles/opencv_photo.dir/opencl_kernels_photo.cpp.o
[680/1483] Building CXX object modules/photo/CMakeFiles/opencv_photo.dir/src/denoising.cuda.cpp.o
[681/1483] Building CXX object modules/photo/CMakeFiles/opencv_photo.dir/src/denoise_tvl1.cpp.o
[682/1483] Building CXX object modules/photo/CMakeFiles/opencv_photo.dir/src/hdr_common.cpp.o
[683/1483] Building CXX object modules/xphoto/CMakeFiles/opencv_xphoto.dir/src/dct_image_denoising.cpp.o
[684/1483] Building CXX object modules/datasets/CMakeFiles/opencv_datasets.dir/src/tr_icdar.cpp.o
[685/1483] Building CXX object modules/photo/CMakeFiles/opencv_photo.dir/src/seamless_cloning.cpp.o
[686/1483] Building CXX object modules/photo/CMakeFiles/opencv_photo.dir/src/seamless_cloning_impl.cpp.o
[687/1483] Building CXX object modules/xphoto/CMakeFiles/opencv_xphoto.dir/src/grayworld_white_balance.cpp.o
[688/1483] Building CXX object modules/photo/CMakeFiles/opencv_photo.dir/src/npr.cpp.o
[689/1483] Building CXX object modules/xphoto/CMakeFiles/opencv_xphoto.dir/src/simple_color_balance.cpp.o
[690/1483] Building CXX object modules/xphoto/CMakeFiles/opencv_xphoto.dir/src/oilpainting.cpp.o
[691/1483] Building CXX object modules/xphoto/CMakeFiles/opencv_xphoto.dir/src/tonemap.cpp.o
[692/1483] Building CXX object modules/photo/CMakeFiles/opencv_photo.dir/src/tonemap.cpp.o
[693/1483] Building CXX object modules/dnn_superres/CMakeFiles/opencv_dnn_superres.dir/src/dnn_superres.cpp.o
[694/1483] Building CXX object modules/xphoto/CMakeFiles/opencv_xphoto.dir/src/learning_based_color_balance.cpp.o
[695/1483] Building CXX object modules/saliency/CMakeFiles/opencv_saliency.dir/src/BING/CmFile.cpp.o
[696/1483] Building CXX object modules/photo/CMakeFiles/opencv_photo.dir/src/merge.cpp.o
[697/1483] Building CXX object modules/line_descriptor/CMakeFiles/opencv_line_descriptor.dir/src/draw.cpp.o
[698/1483] Building CXX object modules/datasets/CMakeFiles/opencv_datasets.dir/src/track_alov.cpp.o
[699/1483] Building CXX object modules/saliency/CMakeFiles/opencv_saliency.dir/src/BING/FilterTIG.cpp.o
[700/1483] Building CXX object modules/highgui/CMakeFiles/opencv_highgui.dir/src/backend.cpp.o
[701/1483] Building CXX object modules/highgui/CMakeFiles/opencv_highgui.dir/src/window.cpp.o
[702/1483] Creating library symlink lib/libopencv_reg.so.413 lib/libopencv_reg.so
[703/1483] Creating library symlink lib/libopencv_alphamat.so.413 lib/libopencv_alphamat.so
[704/1483] Creating library symlink lib/libopencv_freetype.so.413 lib/libopencv_freetype.so
[705/1483] Creating library symlink lib/libopencv_fuzzy.so.413 lib/libopencv_fuzzy.so
[706/1483] Creating library symlink lib/libopencv_hfs.so.413 lib/libopencv_hfs.so
[707/1483] Creating library symlink lib/libopencv_img_hash.so.413 lib/libopencv_img_hash.so
[708/1483] Building CXX object modules/saliency/CMakeFiles/opencv_saliency.dir/src/BING/ValStructVec.cpp.o
[709/1483] Linking CXX shared library lib/libopencv_intensity_transform.so.4.13.0
[710/1483] Creating library symlink lib/libopencv_intensity_transform.so.413 lib/libopencv_intensity_transform.so
[711/1483] Building CXX object modules/line_descriptor/CMakeFiles/opencv_line_descriptor.dir/src/binary_descriptor_matcher.cpp.o
[712/1483] Building CXX object modules/dnn/CMakeFiles/opencv_dnn.dir/src/tensorflow/tf_importer.cpp.o
/build/opencv4/src/opencv-4.13.0/modules/dnn/src/tensorflow/tf_importer.cpp: In instantiation of ‘typename std::enable_if<std::is_base_of<google::protobuf::Message, T>::value>::type cv::dnn::dnn4_v20251223::PrintToStringImpl(const GRAPH_DEF&, std::string*) [with GRAPH_DEF = opencv_tensorflow::GraphDef; typename std::enable_if<std::is_base_of<google::protobuf::Message, T>::value>::type = void; std::string = std::__cxx11::basic_string<char>]’:
/build/opencv4/src/opencv-4.13.0/modules/dnn/src/tensorflow/tf_importer.cpp:3329:22:   required from here
 3329 |     PrintToStringImpl(net, &content);
      |     ~~~~~~~~~~~~~~~~~^~~~~~~~~~~~~~~
/build/opencv4/src/opencv-4.13.0/modules/dnn/src/tensorflow/tf_importer.cpp:3298:46: warning: ignoring return value of ‘static bool google::protobuf::TextFormat::PrintToString(const google::protobuf::Message&, std::string*)’, declared with attribute ‘nodiscard’ [-Wunused-result]
 3298 |   google::protobuf::TextFormat::PrintToString(net, content);
      |   ~~~~~~~~~~~~~~~~~~~~~~~~~~~~~~~~~~~~~~~~~~~^~~~~~~~~~~~~~
In file included from /build/opencv4/src/opencv-4.13.0/modules/dnn/src/tensorflow/tf_io.hpp:23,
                 from /build/opencv4/src/opencv-4.13.0/modules/dnn/src/tensorflow/tf_importer.cpp:23:
/usr/include/google/protobuf/text_format.h:124:51: note: declared here
  124 |   PROTOBUF_FUTURE_ADD_EARLY_NODISCARD static bool PrintToString(
      |                                                   ^~~~~~~~~~~~~
[713/1483] Building CXX object modules/text/CMakeFiles/opencv_text.dir/src/erfilter.cpp.o
[714/1483] Building CXX object modules/saliency/CMakeFiles/opencv_saliency.dir/src/motionSaliency.cpp.o
[715/1483] Building CXX object modules/saliency/CMakeFiles/opencv_saliency.dir/src/objectness.cpp.o
[716/1483] Building CXX object modules/saliency/CMakeFiles/opencv_saliency.dir/src/saliency.cpp.o
[717/1483] Building CXX object modules/line_descriptor/CMakeFiles/opencv_line_descriptor.dir/src/LSDDetector.cpp.o
[718/1483] Building CXX object modules/saliency/CMakeFiles/opencv_saliency.dir/src/BING/CmShow.cpp.o
[719/1483] Building CXX object modules/saliency/CMakeFiles/opencv_saliency.dir/src/staticSaliencyFineGrained.cpp.o
In file included from /usr/include/c++/16/string:58,
                 from /build/opencv4/src/opencv-4.13.0/modules/core/include/opencv2/core/cvstd.hpp:56,
                 from /build/opencv4/src/opencv-4.13.0/modules/core/include/opencv2/core/base.hpp:58,
                 from /build/opencv4/src/opencv-4.13.0/modules/core/include/opencv2/core.hpp:53,
                 from /build/opencv4/src/opencv_contrib-4.13.0/modules/saliency/include/opencv2/saliency/saliencyBaseClasses.hpp:45,
                 from /build/opencv4/src/opencv_contrib-4.13.0/modules/saliency/include/opencv2/saliency.hpp:45,
                 from /build/opencv4/src/opencv_contrib-4.13.0/modules/saliency/src/precomp.hpp:45,
                 from /build/opencv4/src/opencv_contrib-4.13.0/modules/saliency/src/staticSaliencyFineGrained.cpp:42:
In member function ‘std::__cxx11::basic_string<_CharT, _Traits, _Alloc>::pointer std::__cxx11::basic_string<_CharT, _Traits, _Alloc>::_M_data() const [with _CharT = char; _Traits = std::char_traits<char>; _Alloc = std::allocator<char>]’,
    inlined from ‘bool std::__cxx11::basic_string<_CharT, _Traits, _Alloc>::_M_is_local() const [with _CharT = char; _Traits = std::char_traits<char>; _Alloc = std::allocator<char>]’ at /usr/include/c++/16/bits/basic_string.h:279:13,
    inlined from ‘std::__cxx11::basic_string<_CharT, _Traits, _Alloc>::size_type std::__cxx11::basic_string<_CharT, _Traits, _Alloc>::capacity() const [with _CharT = char; _Traits = std::char_traits<char>; _Alloc = std::allocator<char>]’ at /usr/include/c++/16/bits/basic_string.h:1303:27,
    inlined from ‘std::__cxx11::basic_string<_CharT, _Traits, _Alloc>& std::__cxx11::basic_string<_CharT, _Traits, _Alloc>::_M_replace(size_type, size_type, const _CharT*, size_type) [with _CharT = char; _Traits = std::char_traits<char>; _Alloc = std::allocator<char>]’ at /usr/include/c++/16/bits/basic_string.tcc:583:39,
    inlined from ‘std::__cxx11::basic_string<_CharT, _Traits, _Alloc>& std::__cxx11::basic_string<_CharT, _Traits, _Alloc>::assign(const _CharT*) [with _CharT = char; _Traits = std::char_traits<char>; _Alloc = std::allocator<char>]’ at /usr/include/c++/16/bits/basic_string.h:1871:19,
    inlined from ‘std::__cxx11::basic_string<_CharT, _Traits, _Alloc>& std::__cxx11::basic_string<_CharT, _Traits, _Alloc>::operator=(const _CharT*) [with _CharT = char; _Traits = std::char_traits<char>; _Alloc = std::allocator<char>]’ at /usr/include/c++/16/bits/basic_string.h:940:28,
    inlined from ‘cv::saliency::StaticSaliencyFineGrained::StaticSaliencyFineGrained()’ at /build/opencv4/src/opencv_contrib-4.13.0/modules/saliency/src/staticSaliencyFineGrained.cpp:56:17:
/usr/include/c++/16/bits/basic_string.h:238:28: warning: ‘*(const std::__cxx11::basic_string<char, std::char_traits<char>, std::allocator<char> >*)((char*)<unknown> + 8).std::__cxx11::basic_string<char>::_M_dataplus.std::__cxx11::basic_string<char>::_Alloc_hider::_M_p’ is used uninitialized [-Wuninitialized]
  238 |       { return _M_dataplus._M_p; }
      |                            ^~~~
In member function ‘std::__cxx11::basic_string<_CharT, _Traits, _Alloc>::size_type std::__cxx11::basic_string<_CharT, _Traits, _Alloc>::size() const [with _CharT = char; _Traits = std::char_traits<char>; _Alloc = std::allocator<char>]’,
    inlined from ‘std::__cxx11::basic_string<_CharT, _Traits, _Alloc>& std::__cxx11::basic_string<_CharT, _Traits, _Alloc>::assign(const _CharT*) [with _CharT = char; _Traits = std::char_traits<char>; _Alloc = std::allocator<char>]’ at /usr/include/c++/16/bits/basic_string.h:1871:19,
    inlined from ‘std::__cxx11::basic_string<_CharT, _Traits, _Alloc>& std::__cxx11::basic_string<_CharT, _Traits, _Alloc>::operator=(const _CharT*) [with _CharT = char; _Traits = std::char_traits<char>; _Alloc = std::allocator<char>]’ at /usr/include/c++/16/bits/basic_string.h:940:28,
    inlined from ‘cv::saliency::StaticSaliencyFineGrained::StaticSaliencyFineGrained()’ at /build/opencv4/src/opencv_contrib-4.13.0/modules/saliency/src/staticSaliencyFineGrained.cpp:56:17:
/usr/include/c++/16/bits/basic_string.h:1189:19: warning: ‘*(const std::__cxx11::basic_string<char, std::char_traits<char>, std::allocator<char> >*)((char*)<unknown> + 8).std::__cxx11::basic_string<char>::_M_string_length’ may be used uninitialized [-Wmaybe-uninitialized]
 1189 |         size_type __sz = _M_string_length;
      |                   ^~~~
[720/1483] Building CXX object modules/photo/CMakeFiles/opencv_photo.dir/src/inpaint.cpp.o
[721/1483] Building CXX object modules/saliency/CMakeFiles/opencv_saliency.dir/src/staticSaliency.cpp.o
[722/1483] Building CXX object modules/saliency/CMakeFiles/opencv_saliency.dir/src/staticSaliencySpectralResidual.cpp.o
In file included from /usr/include/c++/16/string:58,
                 from /build/opencv4/src/opencv-4.13.0/modules/core/include/opencv2/core/cvstd.hpp:56,
                 from /build/opencv4/src/opencv-4.13.0/modules/core/include/opencv2/core/base.hpp:58,
                 from /build/opencv4/src/opencv-4.13.0/modules/core/include/opencv2/core.hpp:53,
                 from /build/opencv4/src/opencv_contrib-4.13.0/modules/saliency/include/opencv2/saliency/saliencyBaseClasses.hpp:45,
                 from /build/opencv4/src/opencv_contrib-4.13.0/modules/saliency/include/opencv2/saliency.hpp:45,
                 from /build/opencv4/src/opencv_contrib-4.13.0/modules/saliency/src/precomp.hpp:45,
                 from /build/opencv4/src/opencv_contrib-4.13.0/modules/saliency/src/staticSaliencySpectralResidual.cpp:42:
In member function ‘std::__cxx11::basic_string<_CharT, _Traits, _Alloc>::size_type std::__cxx11::basic_string<_CharT, _Traits, _Alloc>::size() const [with _CharT = char; _Traits = std::char_traits<char>; _Alloc = std::allocator<char>]’,
    inlined from ‘std::__cxx11::basic_string<_CharT, _Traits, _Alloc>& std::__cxx11::basic_string<_CharT, _Traits, _Alloc>::assign(const _CharT*) [with _CharT = char; _Traits = std::char_traits<char>; _Alloc = std::allocator<char>]’ at /usr/include/c++/16/bits/basic_string.h:1871:19,
    inlined from ‘std::__cxx11::basic_string<_CharT, _Traits, _Alloc>& std::__cxx11::basic_string<_CharT, _Traits, _Alloc>::operator=(const _CharT*) [with _CharT = char; _Traits = std::char_traits<char>; _Alloc = std::allocator<char>]’ at /usr/include/c++/16/bits/basic_string.h:940:28,
    inlined from ‘cv::saliency::StaticSaliencySpectralResidual::StaticSaliencySpectralResidual()’ at /build/opencv4/src/opencv_contrib-4.13.0/modules/saliency/src/staticSaliencySpectralResidual.cpp:56:15:
/usr/include/c++/16/bits/basic_string.h:1189:19: warning: ‘*(const std::__cxx11::basic_string<char, std::char_traits<char>, std::allocator<char> >*)((char*)<unknown> + 8).std::__cxx11::basic_string<char>::_M_string_length’ is used uninitialized [-Wuninitialized]
 1189 |         size_type __sz = _M_string_length;
      |                   ^~~~
In member function ‘std::__cxx11::basic_string<_CharT, _Traits, _Alloc>::pointer std::__cxx11::basic_string<_CharT, _Traits, _Alloc>::_M_data() const [with _CharT = char; _Traits = std::char_traits<char>; _Alloc = std::allocator<char>]’,
    inlined from ‘bool std::__cxx11::basic_string<_CharT, _Traits, _Alloc>::_M_is_local() const [with _CharT = char; _Traits = std::char_traits<char>; _Alloc = std::allocator<char>]’ at /usr/include/c++/16/bits/basic_string.h:279:13,
    inlined from ‘std::__cxx11::basic_string<_CharT, _Traits, _Alloc>::size_type std::__cxx11::basic_string<_CharT, _Traits, _Alloc>::capacity() const [with _CharT = char; _Traits = std::char_traits<char>; _Alloc = std::allocator<char>]’ at /usr/include/c++/16/bits/basic_string.h:1303:27,
    inlined from ‘std::__cxx11::basic_string<_CharT, _Traits, _Alloc>& std::__cxx11::basic_string<_CharT, _Traits, _Alloc>::_M_replace(size_type, size_type, const _CharT*, size_type) [with _CharT = char; _Traits = std::char_traits<char>; _Alloc = std::allocator<char>]’ at /usr/include/c++/16/bits/basic_string.tcc:583:39,
    inlined from ‘std::__cxx11::basic_string<_CharT, _Traits, _Alloc>& std::__cxx11::basic_string<_CharT, _Traits, _Alloc>::assign(const _CharT*) [with _CharT = char; _Traits = std::char_traits<char>; _Alloc = std::allocator<char>]’ at /usr/include/c++/16/bits/basic_string.h:1871:19,
    inlined from ‘std::__cxx11::basic_string<_CharT, _Traits, _Alloc>& std::__cxx11::basic_string<_CharT, _Traits, _Alloc>::operator=(const _CharT*) [with _CharT = char; _Traits = std::char_traits<char>; _Alloc = std::allocator<char>]’ at /usr/include/c++/16/bits/basic_string.h:940:28,
    inlined from ‘cv::saliency::StaticSaliencySpectralResidual::StaticSaliencySpectralResidual()’ at /build/opencv4/src/opencv_contrib-4.13.0/modules/saliency/src/staticSaliencySpectralResidual.cpp:56:15:
/usr/include/c++/16/bits/basic_string.h:238:28: warning: ‘*(const std::__cxx11::basic_string<char, std::char_traits<char>, std::allocator<char> >*)((char*)<unknown> + 8).std::__cxx11::basic_string<char>::_M_dataplus.std::__cxx11::basic_string<char>::_Alloc_hider::_M_p’ is used uninitialized [-Wuninitialized]
  238 |       { return _M_dataplus._M_p; }
      |                            ^~~~
[723/1483] Building CXX object modules/saliency/CMakeFiles/opencv_saliency.dir/src/motionSaliencyBinWangApr2014.cpp.o
[724/1483] Building CXX object apps/annotation/CMakeFiles/opencv_annotation.dir/opencv_annotation.cpp.o
[725/1483] Building CXX object apps/model-diagnostics/CMakeFiles/opencv_model_diagnostics.dir/model_diagnostics.cpp.o
[726/1483] Building CXX object modules/dnn_objdetect/CMakeFiles/opencv_dnn_objdetect.dir/src/core_detect.cpp.o
[727/1483] Building CXX object modules/saliency/CMakeFiles/opencv_saliency.dir/src/BING/objectnessBING.cpp.o
[728/1483] Building CXX object modules/line_descriptor/CMakeFiles/opencv_line_descriptor.dir/src/binary_descriptor.cpp.o
[729/1483] Building CXX object apps/visualisation/CMakeFiles/opencv_visualisation.dir/opencv_visualisation.cpp.o
/build/opencv4/src/opencv-4.13.0/apps/visualisation/opencv_visualisation.cpp: In function ‘int main(int, const char**)’:
/build/opencv4/src/opencv-4.13.0/apps/visualisation/opencv_visualisation.cpp:164:17: warning: variable ‘idy’ set but not used [-Wunused-but-set-variable=]
  164 |         for(int idy = 0; it_weak != it_weak_end; it_weak++, idy++ ){
      |                 ^~~
/build/opencv4/src/opencv-4.13.0/apps/visualisation/opencv_visualisation.cpp:195:17: warning: variable ‘idf’ set but not used [-Wunused-but-set-variable=]
  195 |         for(int idf = 0; it_features != it_features_end; it_features++, idf++ ){
      |                 ^~~
/build/opencv4/src/opencv-4.13.0/apps/visualisation/opencv_visualisation.cpp:281:17: warning: variable ‘idf’ set but not used [-Wunused-but-set-variable=]
  281 |         for(int idf = 0; it_features != it_features_end; it_features++, idf++ ){
      |                 ^~~
/build/opencv4/src/opencv-4.13.0/apps/visualisation/opencv_visualisation.cpp:158:9: warning: variable ‘idx’ set but not used [-Wunused-but-set-variable=]
  158 |     int idx = 0;
      |         ^~~
[730/1483] Building CXX object modules/highgui/CMakeFiles/opencv_highgui.dir/src/moc_window_QT.cpp.o
[731/1483] Building CXX object modules/dnn/CMakeFiles/opencv_dnn.dir/src/onnx/onnx_importer.cpp.o
[732/1483] Building CXX object modules/xphoto/CMakeFiles/opencv_xphoto.dir/src/bm3d_image_denoising.cpp.o
[733/1483] Linking CXX shared library lib/libopencv_dnn.so.4.13.0
[734/1483] Creating library symlink lib/libopencv_dnn.so.413 lib/libopencv_dnn.so
[735/1483] Linking CXX shared library lib/libopencv_dnn_superres.so.4.13.0
[736/1483] Creating library symlink lib/libopencv_dnn_superres.so.413 lib/libopencv_dnn_superres.so
[737/1483] Linking CXX executable bin/opencv_model_diagnostics
[738/1483] Building CXX object modules/highgui/CMakeFiles/opencv_highgui.dir/src/window_QT.cpp.o
[739/1483] Linking CXX shared library lib/libopencv_highgui.so.4.13.0
[740/1483] Creating library symlink lib/libopencv_highgui.so.413 lib/libopencv_highgui.so
[741/1483] Processing OpenCL kernels (bioinspired)
[742/1483] Linking CXX shared library lib/libopencv_dnn_objdetect.so.4.13.0
[743/1483] Creating library symlink lib/libopencv_dnn_objdetect.so.413 lib/libopencv_dnn_objdetect.so
[744/1483] Linking CXX executable bin/opencv_annotation
[745/1483] Linking CXX executable bin/opencv_visualisation
[746/1483] Building CXX object modules/bioinspired/CMakeFiles/opencv_bioinspired.dir/opencl_kernels_bioinspired.cpp.o
[747/1483] Building CXX object modules/xphoto/CMakeFiles/opencv_xphoto.dir/src/inpainting.cpp.o
[748/1483] Building CXX object modules/bioinspired/CMakeFiles/opencv_bioinspired.dir/src/magnoretinafilter.cpp.o
[749/1483] Building CXX object modules/bioinspired/CMakeFiles/opencv_bioinspired.dir/src/parvoretinafilter.cpp.o
[750/1483] Building CXX object modules/bioinspired/CMakeFiles/opencv_bioinspired.dir/src/imagelogpolprojection.cpp.o
[751/1483] Building CXX object modules/bioinspired/CMakeFiles/opencv_bioinspired.dir/src/retinafilter.cpp.o
[752/1483] Building CXX object modules/bioinspired/CMakeFiles/opencv_bioinspired.dir/src/retinacolor.cpp.o
/build/opencv4/src/opencv_contrib-4.13.0/modules/bioinspired/src/retinacolor.cpp: In member function ‘void cv::bioinspired::RetinaColor::runColorDemultiplexing(const std::valarray<float>&, bool, float)’:
/build/opencv4/src/opencv_contrib-4.13.0/modules/bioinspired/src/retinacolor.cpp:284:12: warning: variable ‘colorLocalDensityPTR’ set but not used [-Wunused-but-set-variable=]
  284 |     float *colorLocalDensityPTR= &_colorLocalDensity[0];
      |            ^~~~~~~~~~~~~~~~~~~~
[753/1483] Building CXX object modules/bioinspired/CMakeFiles/opencv_bioinspired.dir/src/retinafasttonemapping.cpp.o
[754/1483] Building CXX object modules/bioinspired/CMakeFiles/opencv_bioinspired.dir/src/basicretinafilter.cpp.o
[755/1483] Building CXX object modules/bioinspired/CMakeFiles/opencv_bioinspired.dir/src/transientareassegmentationmodule.cpp.o
[756/1483] Building CXX object modules/bioinspired/CMakeFiles/opencv_bioinspired.dir/src/retina.cpp.o
[757/1483] Building CXX object modules/bioinspired/CMakeFiles/opencv_bioinspired.dir/src/retina_ocl.cpp.o
[758/1483] Linking CXX shared library lib/libopencv_bioinspired.so.4.13.0
[759/1483] Creating library symlink lib/libopencv_bioinspired.so.413 lib/libopencv_bioinspired.so
[760/1483] Building CXX object modules/photo/CMakeFiles/opencv_photo.dir/src/denoising.cpp.o
[761/1483] Linking CXX shared library lib/libopencv_photo.so.4.13.0
[762/1483] Creating library symlink lib/libopencv_photo.so.413 lib/libopencv_photo.so
[763/1483] Linking CXX shared library lib/libopencv_xphoto.so.4.13.0
[764/1483] Creating library symlink lib/libopencv_xphoto.so.413 lib/libopencv_xphoto.so
[765/1483] Building CXX object modules/features2d/CMakeFiles/opencv_features2d.dir/src/agast_score.cpp.o
[766/1483] Linking CXX shared library lib/libopencv_features2d.so.4.13.0
[767/1483] Creating library symlink lib/libopencv_features2d.so.413 lib/libopencv_features2d.so
[768/1483] Processing OpenCL kernels (calib3d)
[769/1483] Linking CXX shared library lib/libopencv_line_descriptor.so.4.13.0
[770/1483] Linking CXX shared library lib/libopencv_text.so.4.13.0
[771/1483] Linking CXX shared library lib/libopencv_saliency.so.4.13.0
[772/1483] Building CXX object modules/calib3d/CMakeFiles/opencv_calib3d.dir/src/main.cpp.o
[773/1483] Building CXX object modules/calib3d/CMakeFiles/opencv_calib3d.dir/src/checkchessboard.cpp.o
[774/1483] Building CXX object modules/calib3d/CMakeFiles/opencv_calib3d.dir/src/compat_ptsetreg.cpp.o
[775/1483] Automatic MOC for target opencv_cvv
[776/1483] Building CXX object modules/calib3d/CMakeFiles/opencv_calib3d.dir/src/polynom_solver.cpp.o
[777/1483] Building CXX object modules/calib3d/CMakeFiles/opencv_calib3d.dir/src/p3p.cpp.o
[778/1483] Building CXX object modules/calib3d/CMakeFiles/opencv_calib3d.dir/src/levmarq.cpp.o
[779/1483] Building CXX object modules/calib3d/CMakeFiles/opencv_calib3d.dir/src/rho.cpp.o
[780/1483] Building CXX object modules/calib3d/CMakeFiles/opencv_calib3d.dir/src/ap3p.cpp.o
[781/1483] Building CXX object modules/calib3d/CMakeFiles/opencv_calib3d.dir/src/quadsubpix.cpp.o
[782/1483] Building CXX object modules/calib3d/CMakeFiles/opencv_calib3d.dir/src/epnp.cpp.o
[783/1483] Building CXX object modules/calib3d/CMakeFiles/opencv_calib3d.dir/src/ippe.cpp.o
[784/1483] Building CXX object modules/calib3d/CMakeFiles/opencv_calib3d.dir/src/homography_decomp.cpp.o
[785/1483] Building CXX object modules/calib3d/CMakeFiles/opencv_calib3d.dir/src/upnp.cpp.o
[786/1483] Building CXX object modules/calib3d/CMakeFiles/opencv_calib3d.dir/src/fundam.cpp.o
[787/1483] Building CXX object modules/calib3d/CMakeFiles/opencv_calib3d.dir/src/calibration_base.cpp.o
[788/1483] Building CXX object modules/calib3d/CMakeFiles/opencv_calib3d.dir/src/calibration_handeye.cpp.o
[789/1483] Building CXX object modules/calib3d/CMakeFiles/opencv_calib3d.dir/src/solvepnp.cpp.o
[790/1483] Building CXX object modules/calib3d/CMakeFiles/opencv_calib3d.dir/src/triangulate.cpp.o
[791/1483] Building CXX object modules/calib3d/CMakeFiles/opencv_calib3d.dir/src/ptsetreg.cpp.o
[792/1483] Building CXX object modules/calib3d/CMakeFiles/opencv_calib3d.dir/src/usac/bundle.cpp.o
[793/1483] Building CXX object modules/calib3d/CMakeFiles/opencv_calib3d.dir/src/stereo_geom.cpp.o
[794/1483] Building CXX object modules/calib3d/CMakeFiles/opencv_calib3d.dir/src/usac/gamma_values.cpp.o
[795/1483] Building CXX object modules/calib3d/CMakeFiles/opencv_calib3d.dir/src/circlesgrid.cpp.o
[796/1483] Building CXX object modules/calib3d/CMakeFiles/opencv_calib3d.dir/src/undistort.dispatch.cpp.o
[797/1483] Building CXX object modules/calib3d/CMakeFiles/opencv_calib3d.dir/src/usac/estimator.cpp.o
[798/1483] Building CXX object modules/calib3d/CMakeFiles/opencv_calib3d.dir/opencl_kernels_calib3d.cpp.o
[799/1483] Building CXX object modules/calib3d/CMakeFiles/opencv_calib3d.dir/src/stereosgbm.cpp.o
[800/1483] Building CXX object modules/calib3d/CMakeFiles/opencv_calib3d.dir/src/calibration.cpp.o
[801/1483] Building CXX object modules/calib3d/CMakeFiles/opencv_calib3d.dir/src/usac/quality.cpp.o
[802/1483] Creating library symlink lib/libopencv_text.so.413 lib/libopencv_text.so
[803/1483] Building CXX object modules/calib3d/CMakeFiles/opencv_calib3d.dir/src/usac/termination.cpp.o
[804/1483] Linking CXX shared library lib/libopencv_datasets.so.4.13.0
[805/1483] Creating library symlink lib/libopencv_datasets.so.413 lib/libopencv_datasets.so
[806/1483] Building CXX object modules/calib3d/CMakeFiles/opencv_calib3d.dir/src/fisheye.cpp.o
[807/1483] Building CXX object modules/calib3d/CMakeFiles/opencv_calib3d.dir/src/five-point.cpp.o
[808/1483] Building CXX object modules/calib3d/CMakeFiles/opencv_calib3d.dir/src/usac/sampler.cpp.o
[809/1483] Building CXX object modules/calib3d/CMakeFiles/opencv_calib3d.dir/src/usac/degeneracy.cpp.o
[810/1483] Building CXX object modules/calib3d/CMakeFiles/opencv_calib3d.dir/src/sqpnp.cpp.o
[811/1483] Building CXX object modules/shape/CMakeFiles/opencv_shape.dir/src/haus_dis.cpp.o
[812/1483] Building CXX object modules/calib3d/CMakeFiles/opencv_calib3d.dir/src/usac/fundamental_solver.cpp.o
[813/1483] Building CXX object modules/calib3d/CMakeFiles/opencv_calib3d.dir/undistort.avx2.cpp.o
[814/1483] Building CXX object modules/calib3d/CMakeFiles/opencv_calib3d.dir/src/usac/local_optimization.cpp.o
[815/1483] Building CXX object modules/shape/CMakeFiles/opencv_shape.dir/src/aff_trans.cpp.o
[816/1483] Building CXX object modules/calib3d/CMakeFiles/opencv_calib3d.dir/src/stereobm.cpp.o
[817/1483] Building CXX object modules/shape/CMakeFiles/opencv_shape.dir/src/hist_cost.cpp.o
[818/1483] Building CXX object modules/shape/CMakeFiles/opencv_shape.dir/src/tps_trans.cpp.o
[819/1483] Building CXX object modules/calib3d/CMakeFiles/opencv_calib3d.dir/src/chessboard.cpp.o
[820/1483] Building CXX object modules/shape/CMakeFiles/opencv_shape.dir/src/emdL1.cpp.o
[821/1483] Building CXX object modules/calib3d/CMakeFiles/opencv_calib3d.dir/src/usac/utils.cpp.o
[822/1483] Building CXX object modules/cvv/CMakeFiles/opencv_cvv.dir/src/impl/call.cpp.o
[823/1483] Building CXX object modules/cvv/CMakeFiles/opencv_cvv.dir/src/gui/image_call_tab.cpp.o
[824/1483] Building CXX object modules/shape/CMakeFiles/opencv_shape.dir/src/sc_dis.cpp.o
[825/1483] Building CXX object modules/cvv/CMakeFiles/opencv_cvv.dir/src/extension_api/api.cpp.o
[826/1483] Building CXX object modules/cvv/CMakeFiles/opencv_cvv.dir/src/gui/call_window.cpp.o
[827/1483] Building CXX object modules/cvv/CMakeFiles/opencv_cvv.dir/src/gui/main_call_window.cpp.o
[828/1483] Building CXX object modules/cvv/CMakeFiles/opencv_cvv.dir/src/impl/dmatch.cpp.o
[829/1483] Building CXX object modules/cvv/CMakeFiles/opencv_cvv.dir/src/gui/overview_table_row.cpp.o
[830/1483] Building CXX object modules/cvv/CMakeFiles/opencv_cvv.dir/src/impl/show_image.cpp.o
[831/1483] Building CXX object modules/cvv/CMakeFiles/opencv_cvv.dir/src/impl/filter.cpp.o
[832/1483] Building CXX object modules/cvv/CMakeFiles/opencv_cvv.dir/src/gui/rawview_table.cpp.o
[833/1483] Building CXX object modules/calib3d/CMakeFiles/opencv_calib3d.dir/src/usac/ransac_solvers.cpp.o
[834/1483] Building CXX object modules/cvv/CMakeFiles/opencv_cvv.dir/src/impl/data_controller.cpp.o
[835/1483] Building CXX object modules/cvv/CMakeFiles/opencv_cvv.dir/src/gui/overview_table.cpp.o
[836/1483] Building CXX object modules/cvv/CMakeFiles/opencv_cvv.dir/src/impl/final_show.cpp.o
[837/1483] Building CXX object modules/cvv/CMakeFiles/opencv_cvv.dir/src/impl/filter_call.cpp.o
[838/1483] Building CXX object modules/cvv/CMakeFiles/opencv_cvv.dir/src/gui/rawview_group_subtable.cpp.o
[839/1483] Building CXX object modules/cvv/CMakeFiles/opencv_cvv.dir/src/impl/single_image_call.cpp.o
[840/1483] Building CXX object modules/cvv/CMakeFiles/opencv_cvv.dir/src/qtutil/collapsable.cpp.o
[841/1483] Building CXX object modules/cvv/CMakeFiles/opencv_cvv.dir/src/qtutil/accordion.cpp.o
[842/1483] Building CXX object modules/cvv/CMakeFiles/opencv_cvv.dir/src/gui/overview_group_subtable.cpp.o
[843/1483] Building CXX object modules/cvv/CMakeFiles/opencv_cvv.dir/src/impl/match_call.cpp.o
[844/1483] Building CXX object modules/cvv/CMakeFiles/opencv_cvv.dir/src/controller/view_controller.cpp.o
[845/1483] Building CXX object modules/calib3d/CMakeFiles/opencv_calib3d.dir/src/calibinit.cpp.o
[846/1483] Building CXX object modules/cvv/CMakeFiles/opencv_cvv.dir/src/qtutil/filter/channelreorderfilter.cpp.o
[847/1483] Building CXX object modules/cvv/CMakeFiles/opencv_cvv.dir/src/gui/rawview_table_row.cpp.o
[848/1483] Building CXX object modules/cvv/CMakeFiles/opencv_cvv.dir/src/qtutil/filter/grayfilterwidget.cpp.o
[849/1483] Building CXX object modules/cvv/CMakeFiles/opencv_cvv.dir/src/qtutil/filter/diffFilterWidget.cpp.o
[850/1483] Building CXX object modules/cvv/CMakeFiles/opencv_cvv.dir/src/qtutil/histogramoptpanel.cpp.o
[851/1483] Building CXX object modules/cvv/CMakeFiles/opencv_cvv.dir/src/qtutil/filter/sobelfilterwidget.cpp.o
[852/1483] Building CXX object modules/cvv/CMakeFiles/opencv_cvv.dir/src/qtutil/filter/overlayfilterwidget.cpp.o
[853/1483] Building CXX object modules/cvv/CMakeFiles/opencv_cvv.dir/src/qtutil/filter/changed_pixels_widget.cpp.o
In file included from /build/opencv4/src/opencv_contrib-4.13.0/modules/cvv/src/qtutil/filter/changed_pixels_widget.cpp:7:
/build/opencv4/src/opencv_contrib-4.13.0/modules/cvv/src/qtutil/filter/../types.hpp: In function ‘uchar cvv::qtutil::convertTo8U(DepthType<depth>)’:
/build/opencv4/src/opencv_contrib-4.13.0/modules/cvv/src/qtutil/filter/../types.hpp:114:19: warning: self-comparison always evaluates to false [-Wtautological-compare]
  114 |             depth != depth, // we are not allowed to write false directly
      |             ~~~~~~^~~~~~~~
[854/1483] Building CXX object modules/cvv/CMakeFiles/opencv_cvv.dir/src/qtutil/histogram.cpp.o
[855/1483] Building CXX object modules/cvv/CMakeFiles/opencv_cvv.dir/src/qtutil/matchview/falsecolormatchpen.cpp.o
[856/1483] Building CXX object modules/cvv/CMakeFiles/opencv_cvv.dir/src/qtutil/matchview/keypointportionselector.cpp.o
[857/1483] Building CXX object modules/cvv/CMakeFiles/opencv_cvv.dir/src/qtutil/matchview/cvvkeypoint.cpp.o
[858/1483] Building CXX object modules/cvv/CMakeFiles/opencv_cvv.dir/src/qtutil/matchview/cvvmatch.cpp.o
[859/1483] Building CXX object modules/cvv/CMakeFiles/opencv_cvv.dir/src/qtutil/matchview/cvvpointmatch.cpp.o
[860/1483] Building CXX object modules/cvv/CMakeFiles/opencv_cvv.dir/src/qtutil/matchview/keypointintervallselection.cpp.o
[861/1483] Building CXX object modules/cvv/CMakeFiles/opencv_cvv.dir/src/qtutil/matchview/keypointshowsetting.cpp.o
[862/1483] Building CXX object modules/cvv/CMakeFiles/opencv_cvv.dir/src/qtutil/matchview/falsecolorkeypointpen.cpp.o
[863/1483] Building CXX object modules/cvv/CMakeFiles/opencv_cvv.dir/src/qtutil/matchview/keypointselectionselector.cpp.o
[864/1483] Building CXX object modules/cvv/CMakeFiles/opencv_cvv.dir/src/qtutil/matchview/keypointmanagement.cpp.o
[865/1483] Building CXX object modules/calib3d/CMakeFiles/opencv_calib3d.dir/src/usac/homography_solver.cpp.o
[866/1483] Building CXX object modules/cvv/CMakeFiles/opencv_cvv.dir/src/qtutil/matchview/keypointvaluechooser.cpp.o
[867/1483] Building CXX object modules/cvv/CMakeFiles/opencv_cvv.dir/src/qtutil/matchview/matchintervallselection.cpp.o
[868/1483] Building CXX object modules/cvv/CMakeFiles/opencv_cvv.dir/src/qtutil/matchview/keypointsettingsselector.cpp.o
[869/1483] Building CXX object modules/cvv/CMakeFiles/opencv_cvv.dir/src/qtutil/matchview/matchportionselector.cpp.o
[870/1483] Building CXX object modules/cvv/CMakeFiles/opencv_cvv.dir/src/qtutil/matchview/rawview_window.cpp.o
[871/1483] Building CXX object modules/cvv/CMakeFiles/opencv_cvv.dir/opencv_cvv_autogen/mocs_compilation.cpp.o
[872/1483] Building CXX object modules/calib3d/CMakeFiles/opencv_calib3d.dir/src/usac/pnp_solver.cpp.o
[873/1483] Building CXX object modules/cvv/CMakeFiles/opencv_cvv.dir/src/impl/init.cpp.o
[874/1483] Building CXX object modules/cvv/CMakeFiles/opencv_cvv.dir/src/qtutil/matchview/singlecolorkeypointpen.cpp.o
[875/1483] Building CXX object modules/cvv/CMakeFiles/opencv_cvv.dir/src/qtutil/matchview/showinrawviewwidget.cpp.o
[876/1483] Building CXX object modules/cvv/CMakeFiles/opencv_cvv.dir/src/qtutil/matchview/matchmanagement.cpp.o
[877/1483] Building CXX object modules/cvv/CMakeFiles/opencv_cvv.dir/src/qtutil/matchview/matchsettingsselector.cpp.o
[878/1483] Building CXX object modules/cvv/CMakeFiles/opencv_cvv.dir/src/qtutil/matchview/matchscene.cpp.o
[879/1483] Building CXX object modules/cvv/CMakeFiles/opencv_cvv.dir/src/qtutil/matchview/zoomableproxyobject.cpp.o
[880/1483] Building CXX object modules/cvv/CMakeFiles/opencv_cvv.dir/src/qtutil/matchview/matchselectionselector.cpp.o
[881/1483] Building CXX object modules/cvv/CMakeFiles/opencv_cvv.dir/src/qtutil/stfl_query_widget.cpp.o
[882/1483] Building CXX object modules/cvv/CMakeFiles/opencv_cvv.dir/src/qtutil/matchview/matchshowsetting.cpp.o
[883/1483] Building CXX object modules/cvv/CMakeFiles/opencv_cvv.dir/src/qtutil/matchview/singlecolormatchpen.cpp.o
[884/1483] Building CXX object modules/calib3d/CMakeFiles/opencv_calib3d.dir/src/dls.cpp.o
[885/1483] Building CXX object modules/cvv/CMakeFiles/opencv_cvv.dir/src/qtutil/synczoomwidget.cpp.o
[886/1483] Building CXX object modules/cvv/CMakeFiles/opencv_cvv.dir/src/qtutil/stfl_query_widget_lineedit.cpp.o
[887/1483] Building CXX object modules/mcc/CMakeFiles/opencv_mcc.dir/src/charts.cpp.o
[888/1483] Building CXX object modules/cvv/CMakeFiles/opencv_cvv.dir/src/stfl/stringutils.cpp.o
/build/opencv4/src/opencv_contrib-4.13.0/modules/cvv/src/stfl/stringutils.cpp: In function ‘QString cvv::stfl::removeRepeatedCharacters(const QString&)’:
/build/opencv4/src/opencv_contrib-4.13.0/modules/cvv/src/stfl/stringutils.cpp:161:10: warning: variable ‘iterator’ set but not used [-Wunused-but-set-variable=]
  161 |     auto iterator = str.begin();
      |          ^~~~~~~~
[889/1483] Building CXX object modules/cvv/CMakeFiles/opencv_cvv.dir/src/gui/overview_panel.cpp.o
[890/1483] Building CXX object modules/mcc/CMakeFiles/opencv_mcc.dir/src/debug.cpp.o
[891/1483] Building CXX object modules/mcc/CMakeFiles/opencv_mcc.dir/src/bound_min.cpp.o
[892/1483] Building CXX object modules/mcc/CMakeFiles/opencv_mcc.dir/src/common.cpp.o
[893/1483] Building CXX object modules/cvv/CMakeFiles/opencv_cvv.dir/src/qtutil/zoomableimageoptpanel.cpp.o
[894/1483] Building CXX object modules/cvv/CMakeFiles/opencv_cvv.dir/src/view/defaultfilterview.cpp.o
[895/1483] Building CXX object modules/mcc/CMakeFiles/opencv_mcc.dir/src/distance.cpp.o
[896/1483] Building CXX object modules/mcc/CMakeFiles/opencv_mcc.dir/src/ccm.cpp.o
[897/1483] Building CXX object modules/mcc/CMakeFiles/opencv_mcc.dir/src/graph_cluster.cpp.o
[898/1483] Building CXX object modules/mcc/CMakeFiles/opencv_mcc.dir/src/mcc.cpp.o
[899/1483] Building CXX object modules/cvv/CMakeFiles/opencv_cvv.dir/src/view/image_view.cpp.o
[900/1483] Building CXX object modules/mcc/CMakeFiles/opencv_mcc.dir/src/operations.cpp.o
[901/1483] Building CXX object modules/mcc/CMakeFiles/opencv_mcc.dir/src/io.cpp.o
[902/1483] Creating library symlink lib/libopencv_line_descriptor.so.413 lib/libopencv_line_descriptor.so
[903/1483] Creating library symlink lib/libopencv_saliency.so.413 lib/libopencv_saliency.so
[904/1483] Building CXX object modules/mcc/CMakeFiles/opencv_mcc.dir/src/color.cpp.o
[905/1483] Building CXX object modules/mcc/CMakeFiles/opencv_mcc.dir/src/utils.cpp.o
[906/1483] Building CXX object modules/mcc/CMakeFiles/opencv_mcc.dir/src/wiener_filter.cpp.o
[907/1483] Building CXX object modules/cvv/CMakeFiles/opencv_cvv.dir/src/qtutil/util.cpp.o
In file included from /build/opencv4/src/opencv_contrib-4.13.0/modules/cvv/src/qtutil/util.cpp:13:
/build/opencv4/src/opencv_contrib-4.13.0/modules/cvv/src/qtutil/types.hpp: In function ‘uchar cvv::qtutil::convertTo8U(DepthType<depth>)’:
/build/opencv4/src/opencv_contrib-4.13.0/modules/cvv/src/qtutil/types.hpp:114:19: warning: self-comparison always evaluates to false [-Wtautological-compare]
  114 |             depth != depth, // we are not allowed to write false directly
      |             ~~~~~~^~~~~~~~
[908/1483] Building CXX object modules/cvv/CMakeFiles/opencv_cvv.dir/src/view/pointmatchview.cpp.o
[909/1483] Building CXX object modules/cvv/CMakeFiles/opencv_cvv.dir/src/view/linematchview.cpp.o
[910/1483] Building CXX object modules/mcc/CMakeFiles/opencv_mcc.dir/src/checker_model.cpp.o
[911/1483] Building CXX object modules/rapid/CMakeFiles/opencv_rapid.dir/src/histogram.cpp.o
[912/1483] Building CXX object modules/cvv/CMakeFiles/opencv_cvv.dir/src/view/translationsmatchview.cpp.o
[913/1483] Building CXX object modules/mcc/CMakeFiles/opencv_mcc.dir/src/linearize.cpp.o
[914/1483] Building CXX object modules/cvv/CMakeFiles/opencv_cvv.dir/src/view/singlefilterview.cpp.o
[915/1483] Building CXX object modules/rapid/CMakeFiles/opencv_rapid.dir/src/rapid.cpp.o
[916/1483] Building CXX object modules/calib3d/CMakeFiles/opencv_calib3d.dir/src/usac/dls_solver.cpp.o
[917/1483] Building CXX object modules/ccalib/CMakeFiles/opencv_ccalib.dir/src/ccalib.cpp.o
[918/1483] Building CXX object modules/structured_light/CMakeFiles/opencv_structured_light.dir/src/graycodepattern.cpp.o
[919/1483] Building CXX object modules/ccalib/CMakeFiles/opencv_ccalib.dir/src/randpattern.cpp.o
[920/1483] Building CXX object modules/mcc/CMakeFiles/opencv_mcc.dir/src/colorspace.cpp.o
[921/1483] Building CXX object modules/cvv/CMakeFiles/opencv_cvv.dir/src/qtutil/zoomableimage.cpp.o
In file included from /build/opencv4/src/opencv_contrib-4.13.0/modules/cvv/src/qtutil/zoomableimage.cpp:12:
/build/opencv4/src/opencv_contrib-4.13.0/modules/cvv/src/qtutil/types.hpp: In function ‘uchar cvv::qtutil::convertTo8U(DepthType<depth>)’:
/build/opencv4/src/opencv_contrib-4.13.0/modules/cvv/src/qtutil/types.hpp:114:19: warning: self-comparison always evaluates to false [-Wtautological-compare]
  114 |             depth != depth, // we are not allowed to write false directly
      |             ~~~~~~^~~~~~~~
[922/1483] Building CXX object modules/structured_light/CMakeFiles/opencv_structured_light.dir/src/sinusoidalpattern.cpp.o
[923/1483] Building CXX object modules/mcc/CMakeFiles/opencv_mcc.dir/src/checker_detector.cpp.o
[924/1483] Building CXX object modules/cvv/CMakeFiles/opencv_cvv.dir/src/view/dual_filter_view.cpp.o
[925/1483] Building CXX object modules/ccalib/CMakeFiles/opencv_ccalib.dir/src/multicalib.cpp.o
[926/1483] Building CXX object modules/calib3d/CMakeFiles/opencv_calib3d.dir/src/usac/essential_solver.cpp.o
[927/1483] Linking CXX shared library lib/libopencv_calib3d.so.4.13.0
[928/1483] Creating library symlink lib/libopencv_calib3d.so.413 lib/libopencv_calib3d.so
[929/1483] Processing OpenCL kernels (objdetect)
[930/1483] Processing OpenCL kernels (video)
[931/1483] Processing OpenCL kernels (rgbd)
[932/1483] Linking CXX shared library lib/libopencv_structured_light.so.4.13.0
[933/1483] Linking CXX shared library lib/libopencv_rapid.so.4.13.0
[934/1483] Linking CXX shared library lib/libopencv_shape.so.4.13.0
[935/1483] Linking CXX shared library lib/libopencv_mcc.so.4.13.0
[936/1483] Building CXX object modules/objdetect/CMakeFiles/opencv_objdetect.dir/src/aruco/aruco_utils.cpp.o
[937/1483] Building CXX object modules/objdetect/CMakeFiles/opencv_objdetect.dir/src/aruco/apriltag/zmaxheap.cpp.o
[938/1483] Building CXX object modules/objdetect/CMakeFiles/opencv_objdetect.dir/src/barcode_decoder/common/utils.cpp.o
[939/1483] Building CXX object modules/objdetect/CMakeFiles/opencv_objdetect.dir/src/barcode_decoder/ean13_decoder.cpp.o
[940/1483] Building CXX object modules/video/CMakeFiles/opencv_video.dir/src/camshift.cpp.o
[941/1483] Building CXX object modules/objdetect/CMakeFiles/opencv_objdetect.dir/src/barcode_decoder/common/super_scale.cpp.o
[942/1483] Building CXX object modules/ccalib/CMakeFiles/opencv_ccalib.dir/src/omnidir.cpp.o
[943/1483] Building CXX object modules/video/CMakeFiles/opencv_video.dir/src/kalman.cpp.o
[944/1483] Building CXX object modules/objdetect/CMakeFiles/opencv_objdetect.dir/src/barcode_decoder/abs_decoder.cpp.o
[945/1483] Building CXX object modules/cvv/CMakeFiles/opencv_cvv.dir/src/view/rawview.cpp.o
[946/1483] Building CXX object modules/objdetect/CMakeFiles/opencv_objdetect.dir/src/barcode_decoder/ean8_decoder.cpp.o
[947/1483] Building CXX object modules/objdetect/CMakeFiles/opencv_objdetect.dir/src/barcode_decoder/common/hybrid_binarizer.cpp.o
[948/1483] Building CXX object modules/objdetect/CMakeFiles/opencv_objdetect.dir/src/barcode_decoder/upcean_decoder.cpp.o
[949/1483] Building CXX object modules/objdetect/CMakeFiles/opencv_objdetect.dir/src/barcode_detector/bardetect.cpp.o
[950/1483] Building CXX object modules/video/CMakeFiles/opencv_video.dir/src/bgfg_gaussmix2.cpp.o
[951/1483] Building CXX object modules/video/CMakeFiles/opencv_video.dir/src/bgfg_KNN.cpp.o
[952/1483] Building CXX object modules/objdetect/CMakeFiles/opencv_objdetect.dir/src/aruco/aruco_dictionary.cpp.o
[953/1483] Building CXX object modules/objdetect/CMakeFiles/opencv_objdetect.dir/src/aruco/apriltag/apriltag_quad_thresh.cpp.o
[954/1483] Building CXX object modules/objdetect/CMakeFiles/opencv_objdetect.dir/src/barcode.cpp.o
[955/1483] Building CXX object modules/objdetect/CMakeFiles/opencv_objdetect.dir/src/cascadedetect_convert.cpp.o
[956/1483] Building CXX object modules/video/CMakeFiles/opencv_video.dir/src/tracking/detail/tracker_feature_set.cpp.o
[957/1483] Building CXX object modules/video/CMakeFiles/opencv_video.dir/src/ecc.cpp.o
[958/1483] Creating library symlink lib/libopencv_shape.so.413 lib/libopencv_shape.so
[959/1483] Processing OpenCL kernels (xfeatures2d)
[960/1483] Building CXX object modules/video/CMakeFiles/opencv_video.dir/src/optical_flow_io.cpp.o
[961/1483] Building CXX object modules/video/CMakeFiles/opencv_video.dir/src/tracking/detail/tracker_feature.cpp.o
[962/1483] Building CXX object modules/video/CMakeFiles/opencv_video.dir/src/tracking/detail/tracker_sampler_algorithm.cpp.o
[963/1483] Building CXX object modules/video/CMakeFiles/opencv_video.dir/src/tracking/detail/tracker_mil_model.cpp.o
[964/1483] Building CXX object modules/video/CMakeFiles/opencv_video.dir/opencl_kernels_video.cpp.o
[965/1483] Building CXX object modules/objdetect/CMakeFiles/opencv_objdetect.dir/src/aruco/aruco_board.cpp.o
[966/1483] Building CXX object modules/video/CMakeFiles/opencv_video.dir/src/tracking/tracker_goturn.cpp.o
[967/1483] Building CXX object modules/video/CMakeFiles/opencv_video.dir/src/tracking/detail/tracking_feature.cpp.o
[968/1483] Building CXX object modules/video/CMakeFiles/opencv_video.dir/src/tracking/tracker.cpp.o
[969/1483] Building CXX object modules/video/CMakeFiles/opencv_video.dir/src/tracking/detail/tracker_mil_state.cpp.o
[970/1483] Building CXX object modules/video/CMakeFiles/opencv_video.dir/src/tracking/detail/tracker_sampler.cpp.o
[971/1483] Building CXX object modules/video/CMakeFiles/opencv_video.dir/src/tracking/detail/tracker_state_estimator.cpp.o
[972/1483] Building CXX object modules/objdetect/CMakeFiles/opencv_objdetect.dir/src/aruco/charuco_detector.cpp.o
[973/1483] Building CXX object modules/video/CMakeFiles/opencv_video.dir/src/tracking/detail/tracker_model.cpp.o
[974/1483] Building CXX object modules/video/CMakeFiles/opencv_video.dir/src/tracking/tracker_vit.cpp.o
[975/1483] Building CXX object modules/video/CMakeFiles/opencv_video.dir/src/tracking/detail/tracking_online_mil.cpp.o
[976/1483] Building CXX object modules/xfeatures2d/CMakeFiles/opencv_xfeatures2d.dir/src/logos/Point.cpp.o
[977/1483] Building CXX object modules/xfeatures2d/CMakeFiles/opencv_xfeatures2d.dir/src/logos/Logos.cpp.o
[978/1483] Building CXX object modules/xfeatures2d/CMakeFiles/opencv_xfeatures2d.dir/src/logos/Match.cpp.o
[979/1483] Building CXX object modules/objdetect/CMakeFiles/opencv_objdetect.dir/src/cascadedetect.cpp.o
[980/1483] Building CXX object modules/xfeatures2d/CMakeFiles/opencv_xfeatures2d.dir/src/ellipticKeyPoint.cpp.o
[981/1483] Building CXX object modules/xfeatures2d/CMakeFiles/opencv_xfeatures2d.dir/src/fast.cpp.o
[982/1483] Building CXX object modules/video/CMakeFiles/opencv_video.dir/src/tracking/tracker_dasiamrpn.cpp.o
[983/1483] Building CXX object modules/video/CMakeFiles/opencv_video.dir/src/optflowgf.cpp.o
[984/1483] Building CXX object modules/video/CMakeFiles/opencv_video.dir/src/lkpyramid.cpp.o
[985/1483] Building CXX object modules/video/CMakeFiles/opencv_video.dir/src/tracking/tracker_nano.cpp.o
[986/1483] Building CXX object modules/xfeatures2d/CMakeFiles/opencv_xfeatures2d.dir/src/logos/PointPair.cpp.o
[987/1483] Building CXX object modules/video/CMakeFiles/opencv_video.dir/src/tracking/tracker_mil.cpp.o
[988/1483] Building CXX object modules/xfeatures2d/CMakeFiles/opencv_xfeatures2d.dir/src/affine_feature2d.cpp.o
[989/1483] Building CXX object modules/video/CMakeFiles/opencv_video.dir/src/variational_refinement.cpp.o
[990/1483] Building CXX object modules/xfeatures2d/CMakeFiles/opencv_xfeatures2d.dir/src/logos.cpp.o
[991/1483] Building CXX object modules/xfeatures2d/CMakeFiles/opencv_xfeatures2d.dir/src/boostdesc.cpp.o
[992/1483] Building CXX object modules/xfeatures2d/CMakeFiles/opencv_xfeatures2d.dir/src/latch.cpp.o
[993/1483] Building CXX object modules/xfeatures2d/CMakeFiles/opencv_xfeatures2d.dir/src/beblid.cpp.o
[994/1483] Building CXX object modules/xfeatures2d/CMakeFiles/opencv_xfeatures2d.dir/src/pct_signatures/grayscale_bitmap.cpp.o
[995/1483] Building CXX object modules/xfeatures2d/CMakeFiles/opencv_xfeatures2d.dir/opencl_kernels_xfeatures2d.cpp.o
[996/1483] Building CXX object modules/xfeatures2d/CMakeFiles/opencv_xfeatures2d.dir/src/gms.cpp.o
[997/1483] Building CXX object modules/xfeatures2d/CMakeFiles/opencv_xfeatures2d.dir/src/surf.cuda.cpp.o
[998/1483] Building CXX object modules/xfeatures2d/CMakeFiles/opencv_xfeatures2d.dir/src/lucid.cpp.o
[999/1483] Building CXX object modules/xfeatures2d/CMakeFiles/opencv_xfeatures2d.dir/src/pct_signatures/pct_clusterizer.cpp.o
[1000/1483] Building CXX object modules/xfeatures2d/CMakeFiles/opencv_xfeatures2d.dir/src/daisy.cpp.o
[1001/1483] Building CXX object modules/xfeatures2d/CMakeFiles/opencv_xfeatures2d.dir/src/pct_signatures/pct_sampler.cpp.o
[1002/1483] Building CXX object modules/xfeatures2d/CMakeFiles/opencv_xfeatures2d.dir/src/msd.cpp.o
[1003/1483] Building CXX object modules/xfeatures2d/CMakeFiles/opencv_xfeatures2d.dir/src/harris_lapace_detector.cpp.o
[1004/1483] Building CXX object modules/xfeatures2d/CMakeFiles/opencv_xfeatures2d.dir/src/xfeatures2d_init.cpp.o
[1005/1483] Building CXX object modules/xfeatures2d/CMakeFiles/opencv_xfeatures2d.dir/src/pct_signatures_sqfd.cpp.o
[1006/1483] Building CXX object modules/objdetect/CMakeFiles/opencv_objdetect.dir/opencl_kernels_objdetect.cpp.o
[1007/1483] Building CXX object modules/xfeatures2d/CMakeFiles/opencv_xfeatures2d.dir/src/surf.ocl.cpp.o
[1008/1483] Building CXX object modules/xfeatures2d/CMakeFiles/opencv_xfeatures2d.dir/src/pct_signatures.cpp.o
[1009/1483] Building CXX object modules/xfeatures2d/CMakeFiles/opencv_xfeatures2d.dir/src/stardetector.cpp.o
[1010/1483] Building CXX object modules/xfeatures2d/CMakeFiles/opencv_xfeatures2d.dir/src/freak.cpp.o
[1011/1483] Building CXX object modules/objdetect/CMakeFiles/opencv_objdetect.dir/src/graphical_code_detector.cpp.o
[1012/1483] Building CXX object modules/objdetect/CMakeFiles/opencv_objdetect.dir/src/main.cpp.o
[1013/1483] Building CXX object modules/xfeatures2d/CMakeFiles/opencv_xfeatures2d.dir/src/tbmr.cpp.o
[1014/1483] Building CXX object modules/objdetect/CMakeFiles/opencv_objdetect.dir/src/face_detect.cpp.o
[1015/1483] Building CXX object modules/objdetect/CMakeFiles/opencv_objdetect.dir/src/aruco/aruco_detector.cpp.o
[1016/1483] Building CXX object modules/rgbd/CMakeFiles/opencv_rgbd.dir/src/dqb.cpp.o
[1017/1483] Building CXX object modules/objdetect/CMakeFiles/opencv_objdetect.dir/src/detection_based_tracker.cpp.o
[1018/1483] Building CXX object modules/objdetect/CMakeFiles/opencv_objdetect.dir/src/face_recognize.cpp.o
[1019/1483] Building CXX object modules/xfeatures2d/CMakeFiles/opencv_xfeatures2d.dir/src/vgg.cpp.o
[1020/1483] Building CXX object modules/xfeatures2d/CMakeFiles/opencv_xfeatures2d.dir/src/surf.cpp.o
[1021/1483] Building CXX object modules/video/CMakeFiles/opencv_video.dir/src/dis_flow.cpp.o
[1022/1483] Linking CXX shared library lib/libopencv_video.so.4.13.0
[1023/1483] Creating library symlink lib/libopencv_video.so.413 lib/libopencv_video.so
[1024/1483] Processing OpenCL kernels (ximgproc)
[1025/1483] Building CXX object modules/rgbd/CMakeFiles/opencv_rgbd.dir/src/depth_registration.cpp.o
[1026/1483] Building CXX object modules/rgbd/CMakeFiles/opencv_rgbd.dir/src/depth_to_3d.cpp.o
[1027/1483] Building CXX object modules/rgbd/CMakeFiles/opencv_rgbd.dir/src/depth_cleaner.cpp.o
[1028/1483] Building CXX object modules/rgbd/CMakeFiles/opencv_rgbd.dir/src/colored_kinfu.cpp.o
[1029/1483] Building CXX object modules/rgbd/CMakeFiles/opencv_rgbd.dir/src/fast_icp.cpp.o
[1030/1483] Building CXX object modules/rgbd/CMakeFiles/opencv_rgbd.dir/src/kinfu_frame.cpp.o
[1031/1483] Building CXX object modules/rgbd/CMakeFiles/opencv_rgbd.dir/src/utils.cpp.o
[1032/1483] Building CXX object modules/rgbd/CMakeFiles/opencv_rgbd.dir/src/tsdf_functions.cpp.o
[1033/1483] Building CXX object modules/objdetect/CMakeFiles/opencv_objdetect.dir/src/hog.cpp.o
[1034/1483] Building CXX object modules/objdetect/CMakeFiles/opencv_objdetect.dir/src/qrcode_encoder.cpp.o
[1035/1483] Building CXX object modules/rgbd/CMakeFiles/opencv_rgbd.dir/src/plane.cpp.o
[1036/1483] Building CXX object modules/rgbd/CMakeFiles/opencv_rgbd.dir/src/colored_tsdf.cpp.o
[1037/1483] Building CXX object modules/rgbd/CMakeFiles/opencv_rgbd.dir/src/kinfu.cpp.o
[1038/1483] Building CXX object modules/rgbd/CMakeFiles/opencv_rgbd.dir/src/dynafu.cpp.o
[1039/1483] Building CXX object modules/rgbd/CMakeFiles/opencv_rgbd.dir/src/nonrigid_icp.cpp.o
[1040/1483] Building CXX object modules/ximgproc/CMakeFiles/opencv_ximgproc.dir/src/brightedges.cpp.o
[1041/1483] Building CXX object modules/ximgproc/CMakeFiles/opencv_ximgproc.dir/src/bilateral_texture_filter.cpp.o
[1042/1483] Building CXX object modules/ximgproc/CMakeFiles/opencv_ximgproc.dir/src/anisodiff.cpp.o
[1043/1483] Building CXX object modules/ximgproc/CMakeFiles/opencv_ximgproc.dir/src/domain_transform.cpp.o
[1044/1483] Building CXX object modules/rgbd/CMakeFiles/opencv_rgbd.dir/src/normal.cpp.o
[1045/1483] Building CXX object modules/xfeatures2d/CMakeFiles/opencv_xfeatures2d.dir/src/brief.cpp.o
[1046/1483] Building CXX object modules/rgbd/CMakeFiles/opencv_rgbd.dir/src/dynafu_tsdf.cpp.o
[1047/1483] Building CXX object modules/rgbd/CMakeFiles/opencv_rgbd.dir/src/tsdf.cpp.o
[1048/1483] Building CXX object modules/ximgproc/CMakeFiles/opencv_ximgproc.dir/src/adaptive_manifold_filter_n.cpp.o
[1049/1483] Building CXX object modules/ximgproc/CMakeFiles/opencv_ximgproc.dir/src/edgeaware_filters_common.cpp.o
[1050/1483] Building CXX object modules/ximgproc/CMakeFiles/opencv_ximgproc.dir/src/edgepreserving_filter.cpp.o
[1051/1483] Building CXX object modules/ximgproc/CMakeFiles/opencv_ximgproc.dir/src/deriche_filter.cpp.o
[1052/1483] Building CXX object modules/ximgproc/CMakeFiles/opencv_ximgproc.dir/src/disparity_filters.cpp.o
[1053/1483] Building CXX object modules/ximgproc/CMakeFiles/opencv_ximgproc.dir/src/estimated_covariance.cpp.o
[1054/1483] Building CXX object modules/rgbd/CMakeFiles/opencv_rgbd.dir/src/large_kinfu.cpp.o
[1055/1483] Building CXX object modules/rgbd/CMakeFiles/opencv_rgbd.dir/src/linemod.cpp.o
[1056/1483] Building CXX object modules/rgbd/CMakeFiles/opencv_rgbd.dir/src/hash_tsdf.cpp.o
[1057/1483] Building CXX object modules/ximgproc/CMakeFiles/opencv_ximgproc.dir/src/fast_line_detector.cpp.o
[1058/1483] Building CXX object modules/ximgproc/CMakeFiles/opencv_ximgproc.dir/src/fgs_filter.cpp.o
[1059/1483] Building CXX object modules/ximgproc/CMakeFiles/opencv_ximgproc.dir/src/edgeboxes.cpp.o
[1060/1483] Building CXX object modules/ximgproc/CMakeFiles/opencv_ximgproc.dir/src/fourier_descriptors.cpp.o
[1061/1483] Building CXX object modules/ximgproc/CMakeFiles/opencv_ximgproc.dir/src/graphsegmentation.cpp.o
[1062/1483] Building CXX object modules/ximgproc/CMakeFiles/opencv_ximgproc.dir/src/niblack_thresholding.cpp.o
[1063/1483] Building CXX object modules/ximgproc/CMakeFiles/opencv_ximgproc.dir/src/peilin.cpp.o
[1064/1483] Building CXX object modules/ximgproc/CMakeFiles/opencv_ximgproc.dir/src/radon_transform.cpp.o
[1065/1483] Building CXX object modules/ximgproc/CMakeFiles/opencv_ximgproc.dir/src/l0_smooth.cpp.o
[1066/1483] Building CXX object modules/ximgproc/CMakeFiles/opencv_ximgproc.dir/src/ridgedetectionfilter.cpp.o
[1067/1483] Building CXX object modules/ximgproc/CMakeFiles/opencv_ximgproc.dir/src/joint_bilateral_filter.cpp.o
[1068/1483] Processing OpenCL kernels (tracking)
[1069/1483] Building CXX object modules/ximgproc/CMakeFiles/opencv_ximgproc.dir/src/guided_filter.cpp.o
[1070/1483] Building CXX object modules/ximgproc/CMakeFiles/opencv_ximgproc.dir/src/dtfilter_cpu.cpp.o
[1071/1483] Linking CXX shared library lib/libopencv_xfeatures2d.so.4.13.0
[1072/1483] Creating library symlink lib/libopencv_xfeatures2d.so.413 lib/libopencv_xfeatures2d.so
[1073/1483] Building CXX object modules/ximgproc/CMakeFiles/opencv_ximgproc.dir/src/rolling_guidance_filter.cpp.o
[1074/1483] Building CXX object modules/ximgproc/CMakeFiles/opencv_ximgproc.dir/src/paillou_filter.cpp.o
[1075/1483] Building CXX object modules/ximgproc/CMakeFiles/opencv_ximgproc.dir/opencl_kernels_ximgproc.cpp.o
[1076/1483] Building CXX object modules/ximgproc/CMakeFiles/opencv_ximgproc.dir/src/quaternion.cpp.o
[1077/1483] Building CXX object modules/ximgproc/CMakeFiles/opencv_ximgproc.dir/src/fast_hough_transform.cpp.o
[1078/1483] Building CXX object modules/rgbd/CMakeFiles/opencv_rgbd.dir/src/pose_graph.cpp.o
[1079/1483] Building CXX object modules/ximgproc/CMakeFiles/opencv_ximgproc.dir/src/thinning.cpp.o
[1080/1483] Building CXX object modules/tracking/CMakeFiles/opencv_tracking.dir/src/gtrUtils.cpp.o
[1081/1483] Building CXX object modules/ximgproc/CMakeFiles/opencv_ximgproc.dir/src/scansegment.cpp.o
[1082/1483] Building CXX object modules/tracking/CMakeFiles/opencv_tracking.dir/src/augmented_unscented_kalman.cpp.o
[1083/1483] Building CXX object modules/ximgproc/CMakeFiles/opencv_ximgproc.dir/src/find_ellipses.cpp.o
[1084/1483] Building CXX object modules/tracking/CMakeFiles/opencv_tracking.dir/src/mosseTracker.cpp.o
In destructor ‘virtual cv::tracking::impl::MosseImpl::~MosseImpl()’,
    inlined from ‘constexpr void std::_Destroy(_Tp*) [with _Tp = cv::tracking::impl::MosseImpl]’ at /usr/include/c++/16/bits/stl_construct.h:166:22,
    inlined from ‘static void std::allocator_traits<std::allocator<void> >::destroy(allocator_type&, _Up*) [with _Up = cv::tracking::impl::MosseImpl]’ at /usr/include/c++/16/bits/alloc_traits.h:859:17,
    inlined from ‘void std::_Sp_counted_ptr_inplace<_Tp, _Alloc, _Lp>::_M_dispose() [with _Tp = cv::tracking::impl::MosseImpl; _Alloc = std::allocator<void>; __gnu_cxx::_Lock_policy _Lp = __gnu_cxx::_S_atomic]’ at /usr/include/c++/16/bits/shared_ptr_base.h:682:35,
    inlined from ‘void std::_Sp_counted_base<_Lp>::_M_release() [with __gnu_cxx::_Lock_policy _Lp = __gnu_cxx::_S_atomic]’ at /usr/include/c++/16/bits/shared_ptr_base.h:423:18,
    inlined from ‘void std::_Sp_counted_base<_Lp>::_M_release() [with __gnu_cxx::_Lock_policy _Lp = __gnu_cxx::_S_atomic]’ at /usr/include/c++/16/bits/shared_ptr_base.h:392:5,
    inlined from ‘std::__shared_count<_Lp>::~__shared_count() [with __gnu_cxx::_Lock_policy _Lp = __gnu_cxx::_S_atomic]’ at /usr/include/c++/16/bits/shared_ptr_base.h:1136:21,
    inlined from ‘std::__shared_ptr<_Tp, _Lp>::~__shared_ptr() [with _Tp = cv::tracking::impl::{anonymous}::DummyModel; __gnu_cxx::_Lock_policy _Lp = __gnu_cxx::_S_atomic]’ at /usr/include/c++/16/bits/shared_ptr_base.h:1610:7,
    inlined from ‘std::shared_ptr<cv::tracking::impl::{anonymous}::DummyModel>::~shared_ptr()’ at /usr/include/c++/16/bits/shared_ptr.h:175:11,
    inlined from ‘cv::Ptr<cv::tracking::impl::{anonymous}::DummyModel>::~Ptr()’ at /build/opencv4/src/opencv-4.13.0/modules/core/include/opencv2/core/cvstd_wrapper.hpp:73:8,
    inlined from ‘virtual bool cv::tracking::impl::MosseImpl::initImpl(const cv::Mat&, const cv::Rect2d&)’ at /build/opencv4/src/opencv_contrib-4.13.0/modules/tracking/src/mosseTracker.cpp:139:36:
/build/opencv4/src/opencv_contrib-4.13.0/modules/tracking/src/mosseTracker.cpp:37:8: warning: array subscript ‘cv::tracking::impl::MosseImpl[0]’ is partly outside array bounds of ‘unsigned char [120]’ [-Warray-bounds=]
   37 | struct MosseImpl CV_FINAL : legacy::TrackerMOSSE
      |        ^~~~~~~~~
In file included from /usr/include/c++/16/x86_64-pc-linux-gnu/bits/c++allocator.h:33,
                 from /usr/include/c++/16/bits/allocator.h:46,
                 from /usr/include/c++/16/string:46,
                 from /build/opencv4/src/opencv-4.13.0/modules/core/include/opencv2/core/cvstd.hpp:56,
                 from /build/opencv4/src/opencv-4.13.0/modules/core/include/opencv2/core/base.hpp:58,
                 from /build/opencv4/src/opencv-4.13.0/modules/core/include/opencv2/core.hpp:53,
                 from /build/opencv4/src/opencv_contrib-4.13.0/modules/tracking/src/precomp.hpp:45,
                 from /build/opencv4/src/opencv_contrib-4.13.0/modules/tracking/src/mosseTracker.cpp:16:
In member function ‘_Tp* std::__new_allocator<_Tp>::allocate(size_type, const void*) [with _Tp = std::_Sp_counted_ptr_inplace<cv::tracking::impl::{anonymous}::DummyModel, std::allocator<void>, __gnu_cxx::_S_atomic>]’,
    inlined from ‘static _Tp* std::allocator_traits<std::allocator<_CharT> >::allocate(allocator_type&, size_type) [with _Tp = std::_Sp_counted_ptr_inplace<cv::tracking::impl::{anonymous}::DummyModel, std::allocator<void>, __gnu_cxx::_S_atomic>]’ at /usr/include/c++/16/bits/alloc_traits.h:638:28,
    inlined from ‘std::__allocated_ptr<_Alloc> std::__allocate_guarded(_Alloc&) [with _Alloc = allocator<_Sp_counted_ptr_inplace<cv::tracking::impl::{anonymous}::DummyModel, allocator<void>, __gnu_cxx::_S_atomic> >]’ at /usr/include/c++/16/bits/allocated_ptr.h:103:69,
    inlined from ‘std::__shared_count<_Lp>::__shared_count(_Tp*&, std::_Sp_alloc_shared_tag<_Alloc>, _Args&& ...) [with _Tp = cv::tracking::impl::{anonymous}::DummyModel; _Alloc = std::allocator<void>; _Args = {}; __gnu_cxx::_Lock_policy _Lp = __gnu_cxx::_S_atomic]’ at /usr/include/c++/16/bits/shared_ptr_base.h:1034:9,
    inlined from ‘std::__shared_ptr<_Tp, _Lp>::__shared_ptr(std::_Sp_alloc_shared_tag<_Tp>, _Args&& ...) [with _Alloc = std::allocator<void>; _Args = {}; _Tp = cv::tracking::impl::{anonymous}::DummyModel; __gnu_cxx::_Lock_policy _Lp = __gnu_cxx::_S_atomic]’ at /usr/include/c++/16/bits/shared_ptr_base.h:1812:14,
    inlined from ‘std::shared_ptr<_Tp>::shared_ptr(std::_Sp_alloc_shared_tag<_Tp>, _Args&& ...) [with _Alloc = std::allocator<void>; _Args = {}; _Tp = cv::tracking::impl::{anonymous}::DummyModel]’ at /usr/include/c++/16/bits/shared_ptr.h:463:59,
    inlined from ‘std::shared_ptr<typename std::enable_if<(! std::is_array<_Tp>::value), _Tp>::type> std::make_shared(_Args&& ...) [with _Tp = cv::tracking::impl::{anonymous}::DummyModel; _Args = {}]’ at /usr/include/c++/16/bits/shared_ptr.h:1066:39,
    inlined from ‘cv::Ptr<_Tp> cv::makePtr(const A1& ...) [with _Tp = tracking::impl::{anonymous}::DummyModel; A1 = {}]’ at /build/opencv4/src/opencv-4.13.0/modules/core/include/opencv2/core/cvstd_wrapper.hpp:146:43,
    inlined from ‘virtual bool cv::tracking::impl::MosseImpl::initImpl(const cv::Mat&, const cv::Rect2d&)’ at /build/opencv4/src/opencv_contrib-4.13.0/modules/tracking/src/mosseTracker.cpp:139:36:
/usr/include/c++/16/bits/new_allocator.h:162:75: note: at offset 16 into object of size 120 allocated by ‘operator new’
  162 |           return static_cast<_Tp*>(_GLIBCXX_OPERATOR_NEW(__n * sizeof(_Tp)));
      |                                                                           ^
[1085/1483] Building CXX object modules/ximgproc/CMakeFiles/opencv_ximgproc.dir/src/seeds.cpp.o
[1086/1483] Building CXX object modules/tracking/CMakeFiles/opencv_tracking.dir/src/multiTracker_alt.cpp.o
[1087/1483] Building CXX object modules/tracking/CMakeFiles/opencv_tracking.dir/src/featureColorName.cpp.o
[1088/1483] Building CXX object modules/ximgproc/CMakeFiles/opencv_ximgproc.dir/src/weighted_median_filter.cpp.o
[1089/1483] Building CXX object modules/tracking/CMakeFiles/opencv_tracking.dir/src/kuhn_munkres.cpp.o
[1090/1483] Building CXX object modules/ximgproc/CMakeFiles/opencv_ximgproc.dir/src/run_length_morphology.cpp.o
[1091/1483] Building CXX object modules/rgbd/CMakeFiles/opencv_rgbd.dir/src/volume.cpp.o
[1092/1483] Building CXX object modules/tracking/CMakeFiles/opencv_tracking.dir/src/tldDataset.cpp.o
[1093/1483] Building CXX object modules/ximgproc/CMakeFiles/opencv_ximgproc.dir/src/edge_drawing.cpp.o
[1094/1483] Building CXX object modules/ximgproc/CMakeFiles/opencv_ximgproc.dir/src/structured_edge_detection.cpp.o
[1095/1483] Building CXX object modules/tracking/CMakeFiles/opencv_tracking.dir/src/tldEnsembleClassifier.cpp.o
[1096/1483] Building CXX object modules/ximgproc/CMakeFiles/opencv_ximgproc.dir/src/lsc.cpp.o
[1097/1483] Building CXX object modules/tracking/CMakeFiles/opencv_tracking.dir/src/onlineBoosting.cpp.o
[1098/1483] Building CXX object modules/tracking/CMakeFiles/opencv_tracking.dir/src/multiTracker.cpp.o
[1099/1483] Building CXX object modules/tracking/CMakeFiles/opencv_tracking.dir/src/tracker.cpp.o
[1100/1483] Building CXX object modules/tracking/CMakeFiles/opencv_tracking.dir/src/trackerCSRTScaleEstimation.cpp.o
[1101/1483] Building CXX object modules/tracking/CMakeFiles/opencv_tracking.dir/src/tldTracker.cpp.o
[1102/1483] Building CXX object modules/tracking/CMakeFiles/opencv_tracking.dir/src/feature.cpp.o
[1103/1483] Building CXX object modules/tracking/CMakeFiles/opencv_tracking.dir/src/tldDetector.cpp.o
[1104/1483] Building CXX object modules/tracking/CMakeFiles/opencv_tracking.dir/src/tldUtils.cpp.o
[1105/1483] Processing OpenCL kernels (stitching)
[1106/1483] Building CXX object modules/tracking/CMakeFiles/opencv_tracking.dir/src/trackerBoostingModel.cpp.o
[1107/1483] Building CXX object modules/tracking/CMakeFiles/opencv_tracking.dir/src/tldModel.cpp.o
[1108/1483] Building CXX object modules/ximgproc/CMakeFiles/opencv_ximgproc.dir/src/selectivesearchsegmentation.cpp.o
[1109/1483] Building CXX object modules/tracking/CMakeFiles/opencv_tracking.dir/src/trackerMIL_legacy.cpp.o
[1110/1483] Building CXX object modules/tracking/CMakeFiles/opencv_tracking.dir/src/trackerCSRTSegmentation.cpp.o
[1111/1483] Building CXX object modules/tracking/CMakeFiles/opencv_tracking.dir/src/trackerFeatureSet.cpp.o
[1112/1483] Building CXX object modules/tracking/CMakeFiles/opencv_tracking.dir/src/trackerCSRTUtils.cpp.o
[1113/1483] Building CXX object modules/tracking/CMakeFiles/opencv_tracking.dir/opencl_kernels_tracking.cpp.o
[1114/1483] Building CXX object modules/ximgproc/CMakeFiles/opencv_ximgproc.dir/src/sparse_match_interpolators.cpp.o
[1115/1483] Building CXX object modules/tracking/CMakeFiles/opencv_tracking.dir/src/trackerSampler.cpp.o
[1116/1483] Building CXX object modules/tracking/CMakeFiles/opencv_tracking.dir/src/tracking_utils.cpp.o
[1117/1483] Building CXX object modules/tracking/CMakeFiles/opencv_tracking.dir/src/trackerBoosting.cpp.o
[1118/1483] Building CXX object modules/tracking/CMakeFiles/opencv_tracking.dir/src/trackerFeature.cpp.o
[1119/1483] Building CXX object modules/rgbd/CMakeFiles/opencv_rgbd.dir/opencl_kernels_rgbd.cpp.o
[1120/1483] Building CXX object modules/tracking/CMakeFiles/opencv_tracking.dir/src/twist.cpp.o
[1121/1483] Building CXX object modules/ximgproc/CMakeFiles/opencv_ximgproc.dir/src/slic.cpp.o
[1122/1483] Building CXX object modules/rgbd/CMakeFiles/opencv_rgbd.dir/src/odometry.cpp.o
[1123/1483] Building CXX object modules/ximgproc/CMakeFiles/opencv_ximgproc.dir/src/fbs_filter.cpp.o
[1124/1483] Building CXX object modules/objdetect/CMakeFiles/opencv_objdetect.dir/src/qrcode.cpp.o
[1125/1483] Building CXX object modules/tracking/CMakeFiles/opencv_tracking.dir/src/unscented_kalman.cpp.o
[1126/1483] Building CXX object modules/tracking/CMakeFiles/opencv_tracking.dir/src/trackerStateEstimator.cpp.o
[1127/1483] Building CXX object modules/tracking/CMakeFiles/opencv_tracking.dir/src/trackerMedianFlow.cpp.o
In file included from /usr/include/c++/16/bits/stl_tempbuf.h:61,
                 from /usr/include/c++/16/bits/stl_algo.h:69,
                 from /usr/include/c++/16/algorithm:63,
                 from /build/opencv4/src/opencv-4.13.0/modules/core/include/opencv2/core/base.hpp:55,
                 from /build/opencv4/src/opencv-4.13.0/modules/core/include/opencv2/core.hpp:53,
                 from /build/opencv4/src/opencv_contrib-4.13.0/modules/tracking/src/precomp.hpp:45,
                 from /build/opencv4/src/opencv_contrib-4.13.0/modules/tracking/src/trackerMedianFlow.cpp:42:
In function ‘constexpr void std::_Destroy(_Tp*) [with _Tp = cv::tracking::impl::TrackerMedianFlowImpl]’,
    inlined from ‘static void std::allocator_traits<std::allocator<void> >::destroy(allocator_type&, _Up*) [with _Up = cv::tracking::impl::TrackerMedianFlowImpl]’ at /usr/include/c++/16/bits/alloc_traits.h:859:17,
    inlined from ‘void std::_Sp_counted_ptr_inplace<_Tp, _Alloc, _Lp>::_M_dispose() [with _Tp = cv::tracking::impl::TrackerMedianFlowImpl; _Alloc = std::allocator<void>; __gnu_cxx::_Lock_policy _Lp = __gnu_cxx::_S_atomic]’ at /usr/include/c++/16/bits/shared_ptr_base.h:682:35,
    inlined from ‘void std::_Sp_counted_base<_Lp>::_M_release() [with __gnu_cxx::_Lock_policy _Lp = __gnu_cxx::_S_atomic]’ at /usr/include/c++/16/bits/shared_ptr_base.h:423:18,
    inlined from ‘void std::_Sp_counted_base<_Lp>::_M_release() [with __gnu_cxx::_Lock_policy _Lp = __gnu_cxx::_S_atomic]’ at /usr/include/c++/16/bits/shared_ptr_base.h:392:5,
    inlined from ‘std::__shared_count<_Lp>::~__shared_count() [with __gnu_cxx::_Lock_policy _Lp = __gnu_cxx::_S_atomic]’ at /usr/include/c++/16/bits/shared_ptr_base.h:1136:21,
    inlined from ‘std::__shared_ptr<_Tp, _Lp>::~__shared_ptr() [with _Tp = cv::tracking::impl::TrackerMedianFlowModel; __gnu_cxx::_Lock_policy _Lp = __gnu_cxx::_S_atomic]’ at /usr/include/c++/16/bits/shared_ptr_base.h:1610:7,
    inlined from ‘std::shared_ptr<cv::tracking::impl::TrackerMedianFlowModel>::~shared_ptr()’ at /usr/include/c++/16/bits/shared_ptr.h:175:11,
    inlined from ‘cv::Ptr<cv::tracking::impl::TrackerMedianFlowModel>::~Ptr()’ at /build/opencv4/src/opencv-4.13.0/modules/core/include/opencv2/core/cvstd_wrapper.hpp:73:8,
    inlined from ‘virtual bool cv::tracking::impl::TrackerMedianFlowImpl::initImpl(const cv::Mat&, const cv::Rect2d&)’ at /build/opencv4/src/opencv_contrib-4.13.0/modules/tracking/src/trackerMedianFlow.cpp:147:11:
/usr/include/c++/16/bits/stl_construct.h:166:22: warning: array subscript ‘cv::tracking::impl::TrackerMedianFlowImpl[0]’ is partly outside array bounds of ‘unsigned char [24]’ [-Warray-bounds=]
  166 |       __pointer->~_Tp();
      |       ~~~~~~~~~~~~~~~^~
In file included from /usr/include/c++/16/bits/shared_ptr.h:53,
                 from /usr/include/c++/16/memory:82,
                 from /build/opencv4/src/opencv-4.13.0/modules/core/include/opencv2/core/cvstd_wrapper.hpp:11,
                 from /build/opencv4/src/opencv-4.13.0/modules/core/include/opencv2/core/cvstd.hpp:81,
                 from /build/opencv4/src/opencv-4.13.0/modules/core/include/opencv2/core/base.hpp:58:
In constructor ‘std::__shared_count<_Lp>::__shared_count(_Ptr) [with _Ptr = cv::tracking::impl::TrackerMedianFlowModel*; __gnu_cxx::_Lock_policy _Lp = __gnu_cxx::_S_atomic]’,
    inlined from ‘std::__shared_count<_Lp>::__shared_count(_Ptr, std::false_type) [with _Ptr = cv::tracking::impl::TrackerMedianFlowModel*; __gnu_cxx::_Lock_policy _Lp = __gnu_cxx::_S_atomic]’ at /usr/include/c++/16/bits/shared_ptr_base.h:992:22,
    inlined from ‘std::__shared_ptr<_Tp, _Lp>::__shared_ptr(_Yp*) [with _Yp = cv::tracking::impl::TrackerMedianFlowModel; <template-parameter-2-2> = void; _Tp = cv::tracking::impl::TrackerMedianFlowModel; __gnu_cxx::_Lock_policy _Lp = __gnu_cxx::_S_atomic]’ at /usr/include/c++/16/bits/shared_ptr_base.h:1555:17,
    inlined from ‘std::shared_ptr<_Tp>::shared_ptr(_Yp*) [with _Yp = cv::tracking::impl::TrackerMedianFlowModel; <template-parameter-2-2> = void; _Tp = cv::tracking::impl::TrackerMedianFlowModel]’ at /usr/include/c++/16/bits/shared_ptr.h:213:46,
    inlined from ‘cv::Ptr<T>::Ptr(const std::false_type&, Y*) [with Y = cv::tracking::impl::TrackerMedianFlowModel; T = cv::tracking::impl::TrackerMedianFlowModel]’ at /build/opencv4/src/opencv-4.13.0/modules/core/include/opencv2/core/cvstd_wrapper.hpp:100:72,
    inlined from ‘cv::Ptr<T>::Ptr(Y*) [with Y = cv::tracking::impl::TrackerMedianFlowModel; T = cv::tracking::impl::TrackerMedianFlowModel]’ at /build/opencv4/src/opencv-4.13.0/modules/core/include/opencv2/core/cvstd_wrapper.hpp:103:57,
    inlined from ‘virtual bool cv::tracking::impl::TrackerMedianFlowImpl::initImpl(const cv::Mat&, const cv::Rect2d&)’ at /build/opencv4/src/opencv_contrib-4.13.0/modules/tracking/src/trackerMedianFlow.cpp:147:73:
/usr/include/c++/16/bits/shared_ptr_base.h:981:23: note: at offset 16 into object of size 24 allocated by ‘operator new’
  981 |               _M_pi = new _Sp_counted_ptr<_Ptr, _Lp>(__p);
      |                       ^~~~~~~~~~~~~~~~~~~~~~~~~~~~~~~~~~~
[1128/1483] Linking CXX shared library lib/libopencv_ximgproc.so.4.13.0
[1129/1483] Creating library symlink lib/libopencv_ximgproc.so.413 lib/libopencv_ximgproc.so
[1130/1483] Processing OpenCL kernels (optflow)
[1131/1483] Linking CXX shared library lib/libopencv_objdetect.so.4.13.0
[1132/1483] Building CXX object modules/tracking/CMakeFiles/opencv_tracking.dir/src/trackerCSRT.cpp.o
[1133/1483] Building CXX object modules/tracking/CMakeFiles/opencv_tracking.dir/src/trackerSamplerAlgorithm.cpp.o
[1134/1483] Building CXX object modules/wechat_qrcode/CMakeFiles/opencv_wechat_qrcode.dir/src/imgsource.cpp.o
[1135/1483] Building CXX object modules/wechat_qrcode/CMakeFiles/opencv_wechat_qrcode.dir/src/detector/align.cpp.o
[1136/1483] Building CXX object modules/wechat_qrcode/CMakeFiles/opencv_wechat_qrcode.dir/src/binarizermgr.cpp.o
[1137/1483] Building CXX object modules/tracking/CMakeFiles/opencv_tracking.dir/src/trackerKCF.cpp.o
[1138/1483] Building CXX object modules/wechat_qrcode/CMakeFiles/opencv_wechat_qrcode.dir/src/detector/ssd_detector.cpp.o
[1139/1483] Building CXX object modules/wechat_qrcode/CMakeFiles/opencv_wechat_qrcode.dir/src/zxing/binarizer.cpp.o
[1140/1483] Building CXX object modules/wechat_qrcode/CMakeFiles/opencv_wechat_qrcode.dir/src/scale/super_scale.cpp.o
[1141/1483] Building CXX object modules/videostab/CMakeFiles/opencv_videostab.dir/src/log.cpp.o
[1142/1483] Building CXX object modules/wechat_qrcode/CMakeFiles/opencv_wechat_qrcode.dir/src/decodermgr.cpp.o
[1143/1483] Building CXX object modules/videostab/CMakeFiles/opencv_videostab.dir/src/fast_marching.cpp.o
[1144/1483] Creating library symlink lib/libopencv_objdetect.so.413 lib/libopencv_objdetect.so
[1145/1483] Building CXX object modules/videostab/CMakeFiles/opencv_videostab.dir/src/deblurring.cpp.o
[1146/1483] Building CXX object modules/videostab/CMakeFiles/opencv_videostab.dir/src/frame_source.cpp.o
[1147/1483] Building CXX object modules/videostab/CMakeFiles/opencv_videostab.dir/src/optical_flow.cpp.o
[1148/1483] Building CXX object modules/wechat_qrcode/CMakeFiles/opencv_wechat_qrcode.dir/src/zxing/binarybitmap.cpp.o
[1149/1483] Building CXX object modules/videostab/CMakeFiles/opencv_videostab.dir/src/wobble_suppression.cpp.o
[1150/1483] Building CXX object modules/videostab/CMakeFiles/opencv_videostab.dir/src/outlier_rejection.cpp.o
[1151/1483] Building CXX object modules/optflow/CMakeFiles/opencv_optflow.dir/opencl_kernels_optflow.cpp.o
[1152/1483] Building CXX object modules/wechat_qrcode/CMakeFiles/opencv_wechat_qrcode.dir/src/wechat_qrcode.cpp.o
[1153/1483] Building CXX object modules/wechat_qrcode/CMakeFiles/opencv_wechat_qrcode.dir/src/zxing/common/binarizer/adaptive_threshold_mean_binarizer.cpp.o
[1154/1483] Building CXX object modules/videostab/CMakeFiles/opencv_videostab.dir/src/motion_stabilizing.cpp.o
[1155/1483] Building CXX object modules/wechat_qrcode/CMakeFiles/opencv_wechat_qrcode.dir/src/zxing/common/binarizer/fast_window_binarizer.cpp.o
[1156/1483] Building CXX object modules/wechat_qrcode/CMakeFiles/opencv_wechat_qrcode.dir/src/zxing/common/binarizer/global_histogram_binarizer.cpp.o
[1157/1483] Building CXX object modules/wechat_qrcode/CMakeFiles/opencv_wechat_qrcode.dir/src/zxing/common/binarizer/hybrid_binarizer.cpp.o
[1158/1483] Building CXX object modules/optflow/CMakeFiles/opencv_optflow.dir/src/interfaces.cpp.o
[1159/1483] Building CXX object modules/wechat_qrcode/CMakeFiles/opencv_wechat_qrcode.dir/src/zxing/common/binarizer/simple_adaptive_binarizer.cpp.o
[1160/1483] Building CXX object modules/wechat_qrcode/CMakeFiles/opencv_wechat_qrcode.dir/src/zxing/common/bytematrix.cpp.o
[1161/1483] Building CXX object modules/wechat_qrcode/CMakeFiles/opencv_wechat_qrcode.dir/src/zxing/common/bitsource.cpp.o
[1162/1483] Building CXX object modules/optflow/CMakeFiles/opencv_optflow.dir/src/deepflow.cpp.o
[1163/1483] Building CXX object modules/wechat_qrcode/CMakeFiles/opencv_wechat_qrcode.dir/src/zxing/common/detector_result.cpp.o
[1164/1483] Building CXX object modules/wechat_qrcode/CMakeFiles/opencv_wechat_qrcode.dir/src/zxing/common/bitarray.cpp.o
[1165/1483] Building CXX object modules/optflow/CMakeFiles/opencv_optflow.dir/src/motempl.cpp.o
[1166/1483] Building CXX object modules/videostab/CMakeFiles/opencv_videostab.dir/src/global_motion.cpp.o
[1167/1483] Building CXX object modules/wechat_qrcode/CMakeFiles/opencv_wechat_qrcode.dir/src/zxing/common/decoder_result.cpp.o
[1168/1483] Building CXX object modules/wechat_qrcode/CMakeFiles/opencv_wechat_qrcode.dir/src/zxing/common/greyscale_luminance_source.cpp.o
[1169/1483] Building CXX object modules/wechat_qrcode/CMakeFiles/opencv_wechat_qrcode.dir/src/zxing/common/imagecut.cpp.o
[1170/1483] Building CXX object modules/tracking/CMakeFiles/opencv_tracking.dir/src/tracking_by_matching.cpp.o
[1171/1483] Building CXX object modules/videostab/CMakeFiles/opencv_videostab.dir/src/inpainting.cpp.o
[1172/1483] Building CXX object modules/videostab/CMakeFiles/opencv_videostab.dir/src/stabilizer.cpp.o
[1173/1483] Building CXX object modules/optflow/CMakeFiles/opencv_optflow.dir/src/simpleflow.cpp.o
[1174/1483] Building CXX object modules/wechat_qrcode/CMakeFiles/opencv_wechat_qrcode.dir/src/zxing/common/greyscale_rotated_luminance_source.cpp.o
[1175/1483] Building CXX object modules/optflow/CMakeFiles/opencv_optflow.dir/src/sparsetodenseflow.cpp.o
[1176/1483] Building CXX object modules/wechat_qrcode/CMakeFiles/opencv_wechat_qrcode.dir/src/zxing/common/bitmatrix.cpp.o
[1177/1483] Building CXX object modules/wechat_qrcode/CMakeFiles/opencv_wechat_qrcode.dir/src/zxing/common/characterseteci.cpp.o
[1178/1483] Linking CXX shared library lib/libopencv_tracking.so.4.13.0
[1179/1483] Building CXX object modules/wechat_qrcode/CMakeFiles/opencv_wechat_qrcode.dir/src/zxing/common/perspective_transform.cpp.o
[1180/1483] Building CXX object modules/wechat_qrcode/CMakeFiles/opencv_wechat_qrcode.dir/src/zxing/common/stringutils.cpp.o
[1181/1483] Building CXX object modules/wechat_qrcode/CMakeFiles/opencv_wechat_qrcode.dir/src/zxing/common/grid_sampler.cpp.o
[1182/1483] Building CXX object modules/wechat_qrcode/CMakeFiles/opencv_wechat_qrcode.dir/src/zxing/common/reedsolomon/genericgf.cpp.o
[1183/1483] Building CXX object modules/wechat_qrcode/CMakeFiles/opencv_wechat_qrcode.dir/src/zxing/luminance_source.cpp.o
[1184/1483] Building CXX object modules/wechat_qrcode/CMakeFiles/opencv_wechat_qrcode.dir/src/zxing/qrcode/decoder/datamask.cpp.o
[1185/1483] Building CXX object modules/wechat_qrcode/CMakeFiles/opencv_wechat_qrcode.dir/src/zxing/errorhandler.cpp.o
[1186/1483] Building CXX object modules/wechat_qrcode/CMakeFiles/opencv_wechat_qrcode.dir/src/zxing/common/unicomblock.cpp.o
[1187/1483] Building CXX object modules/wechat_qrcode/CMakeFiles/opencv_wechat_qrcode.dir/src/zxing/common/kmeans.cpp.o
[1188/1483] Building CXX object modules/wechat_qrcode/CMakeFiles/opencv_wechat_qrcode.dir/src/zxing/common/str.cpp.o
[1189/1483] Building CXX object modules/wechat_qrcode/CMakeFiles/opencv_wechat_qrcode.dir/src/zxing/qrcode/detector/alignment_pattern.cpp.o
[1190/1483] Building CXX object modules/wechat_qrcode/CMakeFiles/opencv_wechat_qrcode.dir/src/zxing/qrcode/detector/finder_pattern.cpp.o
[1191/1483] Building CXX object modules/optflow/CMakeFiles/opencv_optflow.dir/src/pcaflow.cpp.o
[1192/1483] Building CXX object modules/wechat_qrcode/CMakeFiles/opencv_wechat_qrcode.dir/src/zxing/qrcode/decoder/datablock.cpp.o
[1193/1483] Building CXX object modules/wechat_qrcode/CMakeFiles/opencv_wechat_qrcode.dir/src/zxing/qrcode/decoder/mode.cpp.o
[1194/1483] Building CXX object modules/optflow/CMakeFiles/opencv_optflow.dir/src/rlof/geo_interpolation.cpp.o
[1195/1483] Building CXX object modules/wechat_qrcode/CMakeFiles/opencv_wechat_qrcode.dir/src/zxing/qrcode/detector/pattern_result.cpp.o
[1196/1483] Building CXX object modules/optflow/CMakeFiles/opencv_optflow.dir/src/rlofflow.cpp.o
[1197/1483] Building CXX object modules/wechat_qrcode/CMakeFiles/opencv_wechat_qrcode.dir/src/zxing/common/reedsolomon/genericgfpoly.cpp.o
[1198/1483] Building CXX object modules/wechat_qrcode/CMakeFiles/opencv_wechat_qrcode.dir/src/zxing/qrcode/error_correction_level.cpp.o
[1199/1483] Building CXX object modules/wechat_qrcode/CMakeFiles/opencv_wechat_qrcode.dir/src/zxing/qrcode/format_information.cpp.o
[1200/1483] Building CXX object modules/wechat_qrcode/CMakeFiles/opencv_wechat_qrcode.dir/src/zxing/reader.cpp.o
[1201/1483] Building CXX object modules/wechat_qrcode/CMakeFiles/opencv_wechat_qrcode.dir/src/zxing/qrcode/detector/finder_pattern_info.cpp.o
[1202/1483] Building CXX object modules/wechat_qrcode/CMakeFiles/opencv_wechat_qrcode.dir/src/zxing/result.cpp.o
[1203/1483] Building CXX object modules/optflow/CMakeFiles/opencv_optflow.dir/src/tvl1flow.cpp.o
[1204/1483] Building CXX object modules/wechat_qrcode/CMakeFiles/opencv_wechat_qrcode.dir/src/zxing/qrcode/detector/alignment_pattern_finder.cpp.o
[1205/1483] Building CXX object modules/optflow/CMakeFiles/opencv_optflow.dir/src/sparse_matching_gpc.cpp.o
[1206/1483] Building CXX object modules/wechat_qrcode/CMakeFiles/opencv_wechat_qrcode.dir/src/zxing/resultpoint.cpp.o
[1207/1483] Building CXX object modules/wechat_qrcode/CMakeFiles/opencv_wechat_qrcode.dir/src/zxing/common/reedsolomon/reed_solomon_decoder.cpp.o
[1208/1483] Building CXX object modules/wechat_qrcode/CMakeFiles/opencv_wechat_qrcode.dir/src/zxing/qrcode/decoder/bitmatrixparser.cpp.o
[1209/1483] Building CXX object modules/wechat_qrcode/CMakeFiles/opencv_wechat_qrcode.dir/src/zxing/qrcode/decoder/decoder.cpp.o
[1210/1483] Building CXX object modules/wechat_qrcode/CMakeFiles/opencv_wechat_qrcode.dir/src/zxing/qrcode/decoder/decoded_bit_stream_parser.cpp.o
[1211/1483] Building CXX object modules/xobjdetect/CMakeFiles/opencv_xobjdetect.dir/src/feature_evaluator.cpp.o
[1212/1483] Building CXX object modules/dpm/CMakeFiles/opencv_dpm.dir/src/dpm_nms.cpp.o
[1213/1483] Building CXX object modules/xobjdetect/CMakeFiles/opencv_xobjdetect.dir/src/lbpfeatures.cpp.o
[1214/1483] Building CXX object modules/aruco/CMakeFiles/opencv_aruco.dir/src/aruco.cpp.o
[1215/1483] Building CXX object modules/bgsegm/CMakeFiles/opencv_bgsegm.dir/src/bgfg_gaussmix.cpp.o
[1216/1483] Building CXX object modules/bgsegm/CMakeFiles/opencv_bgsegm.dir/src/bgfg_subcnt.cpp.o
[1217/1483] Building CXX object modules/aruco/CMakeFiles/opencv_aruco.dir/src/charuco.cpp.o
[1218/1483] Building CXX object modules/dpm/CMakeFiles/opencv_dpm.dir/src/dpm_convolution.cpp.o
[1219/1483] Building CXX object modules/xobjdetect/CMakeFiles/opencv_xobjdetect.dir/src/wbdetector.cpp.o
[1220/1483] Building CXX object modules/aruco/CMakeFiles/opencv_aruco.dir/src/aruco_calib.cpp.o
[1221/1483] Building CXX object modules/dpm/CMakeFiles/opencv_dpm.dir/src/dpm_feature.cpp.o
[1222/1483] Building CXX object modules/bgsegm/CMakeFiles/opencv_bgsegm.dir/src/synthetic_seq.cpp.o
[1223/1483] Building CXX object modules/bgsegm/CMakeFiles/opencv_bgsegm.dir/src/bgfg_gmg.cpp.o
[1224/1483] Building CXX object modules/wechat_qrcode/CMakeFiles/opencv_wechat_qrcode.dir/src/zxing/qrcode/qrcode_reader.cpp.o
[1225/1483] Building CXX object modules/dpm/CMakeFiles/opencv_dpm.dir/src/dpm_cascade.cpp.o
[1226/1483] Building CXX object modules/wechat_qrcode/CMakeFiles/opencv_wechat_qrcode.dir/src/zxing/qrcode/detector/detector.cpp.o
[1227/1483] Building CXX object modules/xobjdetect/CMakeFiles/opencv_xobjdetect.dir/src/waldboost.cpp.o
[1228/1483] Building CXX object modules/bgsegm/CMakeFiles/opencv_bgsegm.dir/src/bgfg_gsoc.cpp.o
[1229/1483] Building CXX object modules/face/CMakeFiles/opencv_face.dir/src/predict_collector.cpp.o
[1230/1483] Building CXX object modules/dpm/CMakeFiles/opencv_dpm.dir/src/dpm_model.cpp.o
[1231/1483] Building CXX object modules/face/CMakeFiles/opencv_face.dir/src/bif.cpp.o
[1232/1483] Building CXX object modules/face/CMakeFiles/opencv_face.dir/src/eigen_faces.cpp.o
[1233/1483] Building CXX object modules/dpm/CMakeFiles/opencv_dpm.dir/src/dpm_cascade_detector.cpp.o
[1234/1483] Building CXX object modules/face/CMakeFiles/opencv_face.dir/src/face_basic.cpp.o
[1235/1483] Building CXX object modules/face/CMakeFiles/opencv_face.dir/src/facerec.cpp.o
[1236/1483] Building CXX object modules/face/CMakeFiles/opencv_face.dir/src/fisher_faces.cpp.o
[1237/1483] Building CXX object modules/gapi/CMakeFiles/opencv_gapi.dir/src/api/gorigin.cpp.o
[1238/1483] Building CXX object modules/gapi/CMakeFiles/opencv_gapi.dir/src/api/gopaque.cpp.o
[1239/1483] Building CXX object modules/gapi/CMakeFiles/opencv_gapi.dir/src/api/garray.cpp.o
[1240/1483] Building CXX object modules/face/CMakeFiles/opencv_face.dir/src/facemark.cpp.o
[1241/1483] Building CXX object modules/face/CMakeFiles/opencv_face.dir/src/mace.cpp.o
[1242/1483] Building CXX object modules/face/CMakeFiles/opencv_face.dir/src/face_alignment.cpp.o
[1243/1483] Building CXX object modules/gapi/CMakeFiles/opencv_gapi.dir/src/api/grunarg.cpp.o
[1244/1483] Building CXX object modules/face/CMakeFiles/opencv_face.dir/src/lbph_faces.cpp.o
[1245/1483] Building CXX object modules/gapi/CMakeFiles/opencv_gapi.dir/src/api/gmat.cpp.o
[1246/1483] Building CXX object modules/gapi/CMakeFiles/opencv_gapi.dir/src/api/gscalar.cpp.o
[1247/1483] Building CXX object modules/wechat_qrcode/CMakeFiles/opencv_wechat_qrcode.dir/src/zxing/qrcode/version.cpp.o
[1248/1483] Building CXX object modules/gapi/CMakeFiles/opencv_gapi.dir/src/api/gframe.cpp.o
[1249/1483] Building CXX object modules/gapi/CMakeFiles/opencv_gapi.dir/src/api/gcommon.cpp.o
[1250/1483] Building CXX object modules/face/CMakeFiles/opencv_face.dir/src/regtree.cpp.o
[1251/1483] Building CXX object modules/gapi/CMakeFiles/opencv_gapi.dir/src/api/gnode.cpp.o
[1252/1483] Building CXX object modules/face/CMakeFiles/opencv_face.dir/src/getlandmarks.cpp.o
[1253/1483] Building CXX object modules/gapi/CMakeFiles/opencv_gapi.dir/src/api/gcall.cpp.o
[1254/1483] Building CXX object modules/optflow/CMakeFiles/opencv_optflow.dir/src/rlof/rlof_localflow.cpp.o
In file included from /build/opencv4/src/opencv_contrib-4.13.0/modules/optflow/src/rlof/rlof_localflow.cpp:8:
/build/opencv4/src/opencv_contrib-4.13.0/modules/optflow/src/rlof/berlof_invoker.hpp: In member function ‘virtual void cv::optflow::berlof::ica::TrackerInvoker::operator()(const cv::Range&) const’:
/build/opencv4/src/opencv_contrib-4.13.0/modules/optflow/src/rlof/berlof_invoker.hpp:237:42: warning: variable ‘dIptr’ set but not used [-Wunused-but-set-variable=]
  237 |                             const short* dIptr = derivIWinBuf.ptr<short>(y, 0);
      |                                          ^~~~~
/build/opencv4/src/opencv_contrib-4.13.0/modules/optflow/src/rlof/berlof_invoker.hpp: In member function ‘virtual void cv::optflow::berlof::radial::TrackerInvoker::operator()(const cv::Range&) const’:
/build/opencv4/src/opencv_contrib-4.13.0/modules/optflow/src/rlof/berlof_invoker.hpp:887:42: warning: variable ‘dIptr’ set but not used [-Wunused-but-set-variable=]
  887 |                             const short* dIptr = derivIWinBuf.ptr<short>(y, 0);
      |                                          ^~~~~
In file included from /build/opencv4/src/opencv_contrib-4.13.0/modules/optflow/src/rlof/rlof_localflow.cpp:9:
/build/opencv4/src/opencv_contrib-4.13.0/modules/optflow/src/rlof/rlof_invoker.hpp: In member function ‘virtual void cv::optflow::rlof::ica::TrackerInvoker::operator()(const cv::Range&) const’:
/build/opencv4/src/opencv_contrib-4.13.0/modules/optflow/src/rlof/rlof_invoker.hpp:191:38: warning: variable ‘dIptr’ set but not used [-Wunused-but-set-variable=]
  191 |                         const short* dIptr = derivIWinBuf.ptr<short>(y, 0);
      |                                      ^~~~~
[1255/1483] Building CXX object modules/gapi/CMakeFiles/opencv_gapi.dir/src/api/operators.cpp.o
[1256/1483] Building CXX object modules/gapi/CMakeFiles/opencv_gapi.dir/src/api/gproto.cpp.o
[1257/1483] Linking CXX shared library lib/libopencv_optflow.so.4.13.0
[1258/1483] Creating library symlink lib/libopencv_optflow.so.413 lib/libopencv_optflow.so
[1259/1483] Processing OpenCL kernels (superres)
[1260/1483] Building CXX object modules/gapi/CMakeFiles/opencv_gapi.dir/src/api/rmat.cpp.o
[1261/1483] Building CXX object modules/face/CMakeFiles/opencv_face.dir/src/trainFacemark.cpp.o
[1262/1483] Building CXX object modules/gapi/CMakeFiles/opencv_gapi.dir/src/api/media.cpp.o
[1263/1483] Building CXX object modules/gapi/CMakeFiles/opencv_gapi.dir/src/api/gkernel.cpp.o
[1264/1483] Building CXX object modules/gapi/CMakeFiles/opencv_gapi.dir/src/api/ginfer.cpp.o
[1265/1483] Building CXX object modules/gapi/CMakeFiles/opencv_gapi.dir/src/api/gbackend.cpp.o
[1266/1483] Building CXX object modules/gapi/CMakeFiles/opencv_gapi.dir/src/api/render_ocv.cpp.o
[1267/1483] Building CXX object modules/gapi/CMakeFiles/opencv_gapi.dir/src/api/kernels_stereo.cpp.o
[1268/1483] Building CXX object modules/rgbd/CMakeFiles/opencv_rgbd.dir/src/warpfield.cpp.o
[1269/1483] Building CXX object modules/face/CMakeFiles/opencv_face.dir/src/facemarkLBF.cpp.o
[1270/1483] Building CXX object modules/gapi/CMakeFiles/opencv_gapi.dir/src/api/kernels_nnparsers.cpp.o
[1271/1483] Building CXX object modules/gapi/CMakeFiles/opencv_gapi.dir/src/compiler/passes/helpers.cpp.o
[1272/1483] Building CXX object modules/wechat_qrcode/CMakeFiles/opencv_wechat_qrcode.dir/src/zxing/qrcode/detector/finder_pattern_finder.cpp.o
[1273/1483] Building CXX object modules/gapi/CMakeFiles/opencv_gapi.dir/src/api/kernels_streaming.cpp.o
[1274/1483] Building CXX object modules/gapi/CMakeFiles/opencv_gapi.dir/src/api/kernels_ot.cpp.o
[1275/1483] Building CXX object modules/gapi/CMakeFiles/opencv_gapi.dir/src/compiler/gstreaming.cpp.o
[1276/1483] Building CXX object modules/gapi/CMakeFiles/opencv_gapi.dir/src/api/render.cpp.o
[1277/1483] Building CXX object modules/gapi/CMakeFiles/opencv_gapi.dir/src/compiler/gcompiled.cpp.o
[1278/1483] Building CXX object modules/gapi/CMakeFiles/opencv_gapi.dir/src/compiler/passes/perform_substitution.cpp.o
[1279/1483] Building CXX object modules/gapi/CMakeFiles/opencv_gapi.dir/src/api/kernels_video.cpp.o
[1280/1483] Building CXX object modules/gapi/CMakeFiles/opencv_gapi.dir/src/api/gcomputation.cpp.o
[1281/1483] Building CXX object modules/gapi/CMakeFiles/opencv_gapi.dir/src/executor/gtbbexecutor.cpp.o
[1282/1483] Building CXX object modules/gapi/CMakeFiles/opencv_gapi.dir/src/compiler/passes/transformations.cpp.o
[1283/1483] Building CXX object modules/gapi/CMakeFiles/opencv_gapi.dir/src/compiler/gmodel.cpp.o
[1284/1483] Building CXX object modules/face/CMakeFiles/opencv_face.dir/src/facemarkAAM.cpp.o
[1285/1483] Building CXX object modules/gapi/CMakeFiles/opencv_gapi.dir/src/executor/gabstractexecutor.cpp.o
[1286/1483] Building CXX object modules/gapi/CMakeFiles/opencv_gapi.dir/src/compiler/passes/dump_dot.cpp.o
[1287/1483] Building CXX object modules/gapi/CMakeFiles/opencv_gapi.dir/src/executor/gabstractstreamingexecutor.cpp.o
[1288/1483] Building CXX object modules/gapi/CMakeFiles/opencv_gapi.dir/src/backends/cpu/gcpukernel.cpp.o
[1289/1483] Building CXX object modules/gapi/CMakeFiles/opencv_gapi.dir/src/compiler/passes/meta.cpp.o
[1290/1483] Building CXX object modules/gapi/CMakeFiles/opencv_gapi.dir/src/compiler/passes/streaming.cpp.o
[1291/1483] Building CXX object modules/gapi/CMakeFiles/opencv_gapi.dir/src/executor/thread_pool.cpp.o
[1292/1483] Building CXX object modules/gapi/CMakeFiles/opencv_gapi.dir/src/compiler/passes/islands.cpp.o
[1293/1483] Building CXX object modules/gapi/CMakeFiles/opencv_gapi.dir/src/compiler/gmodelbuilder.cpp.o
[1294/1483] Building CXX object modules/gapi/CMakeFiles/opencv_gapi.dir/src/compiler/gislandmodel.cpp.o
[1295/1483] Building CXX object modules/gapi/CMakeFiles/opencv_gapi.dir/src/compiler/passes/kernels.cpp.o
[1296/1483] Building CXX object modules/gapi/CMakeFiles/opencv_gapi.dir/src/compiler/passes/pattern_matching.cpp.o
[1297/1483] Building CXX object modules/gapi/CMakeFiles/opencv_gapi.dir/src/compiler/passes/exec.cpp.o
[1298/1483] Building CXX object modules/gapi/CMakeFiles/opencv_gapi.dir/src/backends/oak/goakbackend.cpp.o
[1299/1483] Building CXX object modules/gapi/CMakeFiles/opencv_gapi.dir/src/backends/oak/goak_memory_adapters.cpp.o
[1300/1483] Building CXX object modules/gapi/CMakeFiles/opencv_gapi.dir/src/backends/cpu/gcpustereo.cpp.o
[1301/1483] Building CXX object modules/gapi/CMakeFiles/opencv_gapi.dir/src/backends/cpu/gnnparsers.cpp.o
[1302/1483] Building CXX object modules/gapi/CMakeFiles/opencv_gapi.dir/src/backends/ie/giebackend/giewrapper.cpp.o
[1303/1483] Building CXX object modules/gapi/CMakeFiles/opencv_gapi.dir/src/compiler/passes/intrin.cpp.o
[1304/1483] Building CXX object modules/gapi/CMakeFiles/opencv_gapi.dir/src/api/kernels_imgproc.cpp.o
[1305/1483] Building CXX object modules/gapi/CMakeFiles/opencv_gapi.dir/src/backends/oak/goak.cpp.o
[1306/1483] Building CXX object modules/gapi/CMakeFiles/opencv_gapi.dir/src/executor/gexecutor.cpp.o
[1307/1483] Building CXX object modules/gapi/CMakeFiles/opencv_gapi.dir/src/backends/ocl/goclkernel.cpp.o
[1308/1483] Building CXX object modules/gapi/CMakeFiles/opencv_gapi.dir/src/executor/gasync.cpp.o
[1309/1483] Building CXX object modules/gapi/CMakeFiles/opencv_gapi.dir/src/backends/cpu/gcpuot.cpp.o
[1310/1483] Building CXX object modules/gapi/CMakeFiles/opencv_gapi.dir/src/backends/plaidml/gplaidmlbackend.cpp.o
[1311/1483] Building CXX object modules/gapi/CMakeFiles/opencv_gapi.dir/src/backends/cpu/gcpuvideo.cpp.o
[1312/1483] Building CXX object modules/gapi/CMakeFiles/opencv_gapi.dir/src/backends/ie/giebackend.cpp.o
[1313/1483] Building CXX object modules/gapi/CMakeFiles/opencv_gapi.dir/src/backends/fluid/gfluidbuffer.cpp.o
[1314/1483] Building CXX object modules/gapi/CMakeFiles/opencv_gapi.dir/src/backends/onnx/dml_ep.cpp.o
[1315/1483] Building CXX object modules/gapi/CMakeFiles/opencv_gapi.dir/src/backends/cpu/gcpubackend.cpp.o
[1316/1483] Building CXX object modules/gapi/CMakeFiles/opencv_gapi.dir/src/backends/onnx/coreml_ep.cpp.o
[1317/1483] Building CXX object modules/gapi/CMakeFiles/opencv_gapi.dir/src/backends/ov/govbackend.cpp.o
[1318/1483] Building CXX object modules/gapi/CMakeFiles/opencv_gapi.dir/src/api/kernels_core.cpp.o
[1319/1483] Building CXX object modules/gapi/CMakeFiles/opencv_gapi.dir/src/backends/plaidml/gplaidmlcore.cpp.o
[1320/1483] Building CXX object modules/gapi/CMakeFiles/opencv_gapi.dir/src/backends/onnx/gonnxbackend.cpp.o
[1321/1483] Building CXX object modules/gapi/CMakeFiles/opencv_gapi.dir/src/backends/render/ft_render.cpp.o
[1322/1483] Building CXX object modules/gapi/CMakeFiles/opencv_gapi.dir/src/executor/gthreadedexecutor.cpp.o
[1323/1483] Building CXX object modules/gapi/CMakeFiles/opencv_gapi.dir/src/backends/common/gcompoundbackend.cpp.o
[1324/1483] Building CXX object modules/gapi/CMakeFiles/opencv_gapi.dir/src/backends/common/gcompoundkernel.cpp.o
[1325/1483] Building CXX object modules/gapi/CMakeFiles/opencv_gapi.dir/src/compiler/gcompiler.cpp.o
[1326/1483] Building CXX object modules/gapi/CMakeFiles/opencv_gapi.dir/src/backends/render/grenderocv.cpp.o
[1327/1483] Building CXX object modules/gapi/CMakeFiles/opencv_gapi.dir/src/streaming/onevpl/utils.cpp.o
[1328/1483] Building CXX object modules/gapi/CMakeFiles/opencv_gapi.dir/src/api/s11n.cpp.o
[1329/1483] Building CXX object modules/gapi/CMakeFiles/opencv_gapi.dir/src/streaming/onevpl/source.cpp.o
[1330/1483] Building CXX object modules/gapi/CMakeFiles/opencv_gapi.dir/src/streaming/onevpl/cfg_params_parser.cpp.o
[1331/1483] Building CXX object modules/gapi/CMakeFiles/opencv_gapi.dir/src/streaming/onevpl/source_priv.cpp.o
[1332/1483] Building CXX object modules/gapi/CMakeFiles/opencv_gapi.dir/src/streaming/onevpl/file_data_provider.cpp.o
[1333/1483] Building CXX object modules/gapi/CMakeFiles/opencv_gapi.dir/src/backends/ocl/goclimgproc.cpp.o
[1334/1483] Building CXX object modules/gapi/CMakeFiles/opencv_gapi.dir/src/streaming/onevpl/accelerators/surface/surface.cpp.o
[1335/1483] Building CXX object modules/gapi/CMakeFiles/opencv_gapi.dir/src/streaming/onevpl/accelerators/surface/base_frame_adapter.cpp.o
[1336/1483] Building CXX object modules/gapi/CMakeFiles/opencv_gapi.dir/src/streaming/onevpl/accelerators/accel_policy_cpu.cpp.o
[1337/1483] Building CXX object modules/gapi/CMakeFiles/opencv_gapi.dir/src/streaming/onevpl/accelerators/accel_policy_dx11.cpp.o
[1338/1483] Building CXX object modules/gapi/CMakeFiles/opencv_gapi.dir/src/streaming/onevpl/accelerators/accel_policy_va_api.cpp.o
[1339/1483] Building CXX object modules/gapi/CMakeFiles/opencv_gapi.dir/src/streaming/onevpl/accelerators/dx11_alloc_resource.cpp.o
[1340/1483] Building CXX object modules/gapi/CMakeFiles/opencv_gapi.dir/src/streaming/onevpl/engine/engine_session.cpp.o
[1341/1483] Building CXX object modules/gapi/CMakeFiles/opencv_gapi.dir/src/streaming/onevpl/engine/processing_engine_base.cpp.o
[1342/1483] Building CXX object modules/gapi/CMakeFiles/opencv_gapi.dir/src/backends/onnx/bindings_onnx.cpp.o
[1343/1483] Building CXX object modules/gapi/CMakeFiles/opencv_gapi.dir/src/streaming/onevpl/engine/decode/decode_engine_legacy.cpp.o
[1344/1483] Building CXX object modules/gapi/CMakeFiles/opencv_gapi.dir/src/streaming/onevpl/data_provider_interface_exception.cpp.o
[1345/1483] Building CXX object modules/gapi/CMakeFiles/opencv_gapi.dir/src/streaming/onevpl/engine/transcode/transcode_engine_legacy.cpp.o
[1346/1483] Building CXX object modules/gapi/CMakeFiles/opencv_gapi.dir/src/streaming/onevpl/engine/decode/decode_session.cpp.o
[1347/1483] Building CXX object modules/gapi/CMakeFiles/opencv_gapi.dir/src/streaming/onevpl/engine/transcode/transcode_session.cpp.o
[1348/1483] Building CXX object modules/gapi/CMakeFiles/opencv_gapi.dir/src/streaming/onevpl/engine/preproc/preproc_engine.cpp.o
[1349/1483] Building CXX object modules/gapi/CMakeFiles/opencv_gapi.dir/src/streaming/onevpl/engine/preproc/preproc_session.cpp.o
[1350/1483] Building CXX object modules/gapi/CMakeFiles/opencv_gapi.dir/src/backends/ie/bindings_ie.cpp.o
[1351/1483] Building CXX object modules/gapi/CMakeFiles/opencv_gapi.dir/src/streaming/queue_source.cpp.o
[1352/1483] Building CXX object modules/gapi/CMakeFiles/opencv_gapi.dir/src/streaming/onevpl/demux/async_mfp_demux_data_provider.cpp.o
[1353/1483] Building CXX object modules/gapi/CMakeFiles/opencv_gapi.dir/src/streaming/onevpl/data_provider_dispatcher.cpp.o
[1354/1483] Building CXX object modules/gapi/CMakeFiles/opencv_gapi.dir/src/streaming/onevpl/cfg_param_device_selector.cpp.o
[1355/1483] Building CXX object modules/gapi/CMakeFiles/opencv_gapi.dir/src/streaming/onevpl/accelerators/surface/dx11_frame_adapter.cpp.o
[1356/1483] Building CXX object modules/gapi/CMakeFiles/opencv_gapi.dir/src/backends/ov/bindings_ov.cpp.o
[1357/1483] Building CXX object modules/gapi/CMakeFiles/opencv_gapi.dir/src/streaming/onevpl/default.cpp.o
[1358/1483] Building CXX object modules/gapi/CMakeFiles/opencv_gapi.dir/src/streaming/onevpl/accelerators/surface/cpu_frame_adapter.cpp.o
[1359/1483] Building CXX object modules/gapi/CMakeFiles/opencv_gapi.dir/src/streaming/onevpl/accelerators/utils/shared_lock.cpp.o
[1360/1483] Building CXX object modules/gapi/CMakeFiles/opencv_gapi.dir/src/streaming/onevpl/device_selector_interface.cpp.o
[1361/1483] Building CXX object modules/gapi/CMakeFiles/opencv_gapi.dir/src/streaming/onevpl/accelerators/surface/surface_pool.cpp.o
[1362/1483] Building CXX object modules/gapi/CMakeFiles/opencv_gapi.dir/src/backends/common/gmetabackend.cpp.o
[1363/1483] Building CXX object modules/gapi/CMakeFiles/opencv_gapi.dir/src/backends/ocl/goclbackend.cpp.o
[1364/1483] Building CXX object modules/gapi/CMakeFiles/opencv_gapi.dir/src/utils/itt.cpp.o
[1365/1483] Building CXX object modules/gapi/CMakeFiles/opencv_gapi.dir/src/backends/cpu/gcpuimgproc.cpp.o
[1366/1483] Building CXX object modules/gapi/CMakeFiles/opencv_gapi.dir/src/pysrc/python_stream_source.cpp.o
[1367/1483] Building CXX object modules/gapi/CMakeFiles/opencv_gapi.dir/src/streaming/onevpl/engine/preproc_engine_interface.cpp.o
[1368/1483] Building CXX object modules/gapi/CMakeFiles/opencv_gapi.dir/src/streaming/onevpl/cfg_params.cpp.o
[1369/1483] Building CXX object modules/gapi/CMakeFiles/opencv_gapi.dir/src/streaming/onevpl/engine/preproc/preproc_dispatcher.cpp.o
[1370/1483] Building CXX object modules/gapi/CMakeFiles/opencv_gapi.dir/src/streaming/gstreamer/gstreamer_buffer_utils.cpp.o
[1371/1483] Building CXX object modules/gapi/CMakeFiles/opencv_gapi.dir/src/3rdparty/vasot/src/components/ot/kalman_filter/kalman_filter_no_opencv.cpp.o
[1372/1483] Building CXX object modules/gapi/CMakeFiles/opencv_gapi.dir/src/3rdparty/vasot/src/components/ot/mtt/rgb_histogram.cpp.o
[1373/1483] Building CXX object modules/gapi/CMakeFiles/opencv_gapi.dir/src/streaming/gstreamer/gstreamerpipeline.cpp.o
[1374/1483] Building CXX object modules/gapi/CMakeFiles/opencv_gapi.dir/src/backends/fluid/gfluidimgproc.cpp.o
[1375/1483] Building CXX object modules/gapi/CMakeFiles/opencv_gapi.dir/src/streaming/gstreamer/gstreamer_pipeline_facade.cpp.o
[1376/1483] Building CXX object modules/gapi/CMakeFiles/opencv_gapi.dir/src/streaming/gstreamer/gstreamer_media_adapter.cpp.o
[1377/1483] Building CXX object modules/gapi/CMakeFiles/opencv_gapi.dir/src/streaming/gstreamer/gstreamerenv.cpp.o
[1378/1483] Building CXX object modules/gapi/CMakeFiles/opencv_gapi.dir/src/3rdparty/vasot/src/components/ot/mtt/hungarian_wrap.cpp.o
[1379/1483] Building CXX object modules/gapi/CMakeFiles/opencv_gapi.dir/src/3rdparty/vasot/src/components/ot/tracker.cpp.o
[1380/1483] Building CXX object modules/gapi/CMakeFiles/opencv_gapi.dir/src/3rdparty/vasot/src/components/ot/object_tracker.cpp.o
[1381/1483] Building CXX object modules/gapi/CMakeFiles/opencv_gapi.dir/src/3rdparty/vasot/src/components/ot/mtt/objects_associator.cpp.o
[1382/1483] Building CXX object modules/gapi/CMakeFiles/opencv_gapi.dir/src/backends/python/gpythonbackend.cpp.o
[1383/1483] Building CXX object modules/gapi/CMakeFiles/opencv_gapi.dir/src/3rdparty/vasot/src/components/ot/tracklet.cpp.o
[1384/1483] Building CXX object modules/gapi/CMakeFiles/opencv_gapi.dir/src/3rdparty/vasot/src/components/ot/short_term_imageless_tracker.cpp.o
[1385/1483] Building CXX object modules/gapi/CMakeFiles/opencv_gapi.dir/src/streaming/gstreamer/gstreamersource.cpp.o
[1386/1483] Building CXX object modules/gapi/CMakeFiles/opencv_gapi.dir/src/3rdparty/vasot/src/components/ot/zero_term_imageless_tracker.cpp.o
[1387/1483] Building CXX object modules/gapi/CMakeFiles/opencv_gapi.dir/src/backends/ocl/goclcore.cpp.o
[1388/1483] Building CXX object modules/gapi/CMakeFiles/opencv_gapi.dir/src/backends/streaming/gstreamingbackend.cpp.o
[1389/1483] Building CXX object modules/gapi/CMakeFiles/opencv_gapi.dir/src/backends/cpu/gcpucore.cpp.o
[1390/1483] Building CXX object modules/stitching/CMakeFiles/opencv_stitching.dir/opencl_kernels_stitching.cpp.o
[1391/1483] Building CXX object modules/stitching/CMakeFiles/opencv_stitching.dir/src/camera.cpp.o
[1392/1483] Building CXX object modules/gapi/CMakeFiles/opencv_gapi.dir/src/backends/fluid/gfluidimgproc_func.dispatch.cpp.o
[1393/1483] Building CXX object modules/stitching/CMakeFiles/opencv_stitching.dir/src/autocalib.cpp.o
[1394/1483] Building CXX object modules/superres/CMakeFiles/opencv_superres.dir/src/btv_l1_cuda.cpp.o
[1395/1483] Creating library symlink lib/libopencv_tracking.so.413 lib/libopencv_tracking.so
[1396/1483] Building CXX object modules/stitching/CMakeFiles/opencv_stitching.dir/src/warpers_cuda.cpp.o
[1397/1483] Building CXX object modules/stitching/CMakeFiles/opencv_stitching.dir/src/blenders.cpp.o
[1398/1483] Building CXX object modules/stitching/CMakeFiles/opencv_stitching.dir/src/util.cpp.o
[1399/1483] Building CXX object modules/superres/CMakeFiles/opencv_superres.dir/opencl_kernels_superres.cpp.o
[1400/1483] Building CXX object modules/stitching/CMakeFiles/opencv_stitching.dir/src/timelapsers.cpp.o
[1401/1483] Building CXX object modules/stitching/CMakeFiles/opencv_stitching.dir/src/matchers.cpp.o
[1402/1483] Building CXX object modules/superres/CMakeFiles/opencv_superres.dir/src/frame_source.cpp.o
[1403/1483] Linking CXX shared library lib/libopencv_videostab.so.4.13.0
[1404/1483] Building CXX object modules/gapi/CMakeFiles/opencv_gapi.dir/src/executor/gstreamingexecutor.cpp.o
[1405/1483] Linking CXX shared library lib/libopencv_wechat_qrcode.so.4.13.0
[1406/1483] Building CXX object modules/superres/CMakeFiles/opencv_superres.dir/src/input_array_utility.cpp.o
[1407/1483] Linking CXX shared library lib/libopencv_rgbd.so.4.13.0
[1408/1483] Linking CXX shared library lib/libopencv_aruco.so.4.13.0
[1409/1483] Linking CXX shared library lib/libopencv_xobjdetect.so.4.13.0
[1410/1483] Creating library symlink lib/libopencv_mcc.so.413 lib/libopencv_mcc.so
[1411/1483] Creating library symlink lib/libopencv_rapid.so.413 lib/libopencv_rapid.so
[1412/1483] Creating library symlink lib/libopencv_rgbd.so.413 lib/libopencv_rgbd.so
[1413/1483] Creating library symlink lib/libopencv_structured_light.so.413 lib/libopencv_structured_light.so
[1414/1483] Linking CXX shared library lib/libopencv_ccalib.so.4.13.0
[1415/1483] Creating library symlink lib/libopencv_wechat_qrcode.so.413 lib/libopencv_wechat_qrcode.so
[1416/1483] Creating library symlink lib/libopencv_videostab.so.413 lib/libopencv_videostab.so
[1417/1483] Creating library symlink lib/libopencv_xobjdetect.so.413 lib/libopencv_xobjdetect.so
[1418/1483] Creating library symlink lib/libopencv_aruco.so.413 lib/libopencv_aruco.so
[1419/1483] Linking CXX shared library lib/libopencv_bgsegm.so.4.13.0
[1420/1483] Creating library symlink lib/libopencv_ccalib.so.413 lib/libopencv_ccalib.so
[1421/1483] Linking CXX shared library lib/libopencv_dpm.so.4.13.0
[1422/1483] Creating library symlink lib/libopencv_bgsegm.so.413 lib/libopencv_bgsegm.so
[1423/1483] Creating library symlink lib/libopencv_dpm.so.413 lib/libopencv_dpm.so
[1424/1483] Building CXX object modules/superres/CMakeFiles/opencv_superres.dir/src/optical_flow.cpp.o
[1425/1483] Building CXX object modules/superres/CMakeFiles/opencv_superres.dir/src/super_resolution.cpp.o
[1426/1483] Building CXX object modules/superres/CMakeFiles/opencv_superres.dir/src/btv_l1.cpp.o
[1427/1483] Linking CXX shared library lib/libopencv_face.so.4.13.0
[1428/1483] Creating library symlink lib/libopencv_face.so.413 lib/libopencv_face.so
[1429/1483] Building CXX object modules/gapi/CMakeFiles/opencv_gapi.dir/src/backends/fluid/gfluidbackend.cpp.o
[1430/1483] Linking CXX shared library lib/libopencv_superres.so.4.13.0
[1431/1483] Creating library symlink lib/libopencv_superres.so.413 lib/libopencv_superres.so
[1432/1483] Building CXX object modules/stereo/CMakeFiles/opencv_stereo.dir/src/descriptor.cpp.o
[1433/1483] Linking CXX shared library lib/libopencv_cvv.so.4.13.0
[1434/1483] Building CXX object modules/stereo/CMakeFiles/opencv_stereo.dir/src/quasi_dense_stereo.cpp.o
[1435/1483] Creating library symlink lib/libopencv_cvv.so.413 lib/libopencv_cvv.so
[1436/1483] Building CXX object modules/gapi/CMakeFiles/opencv_gapi.dir/src/backends/fluid/gfluidcore_func.dispatch.cpp.o
[1437/1483] Building CXX object modules/stitching/CMakeFiles/opencv_stitching.dir/src/motion_estimators.cpp.o
[1438/1483] Building CXX object modules/xobjdetect/tools/waldboost_detector/CMakeFiles/opencv_waldboost_detector.dir/waldboost_detector.cpp.o
[1439/1483] Building CXX object modules/java/jni/CMakeFiles/opencv_java.dir/__/generator/src/cpp/CleanableMat.cpp.o
[1440/1483] Building CXX object modules/java/jni/CMakeFiles/opencv_java.dir/__/generator/src/cpp/jni_part.cpp.o
[1441/1483] Building CXX object modules/java/jni/CMakeFiles/opencv_java.dir/__/__/core/misc/java/src/cpp/core_manual.cpp.o
[1442/1483] Building CXX object modules/java/jni/CMakeFiles/opencv_java.dir/__/generator/src/cpp/listconverters.cpp.o
[1443/1483] Building CXX object modules/java/jni/CMakeFiles/opencv_java.dir/__/generator/src/cpp/utils.cpp.o
[1444/1483] Building CXX object modules/stereo/CMakeFiles/opencv_stereo.dir/src/stereo_binary_sgbm.cpp.o
[1445/1483] Building CXX object modules/java/jni/CMakeFiles/opencv_java.dir/__/__/videoio/misc/java/src/cpp/videoio_converters.cpp.o
[1446/1483] Building CXX object modules/stereo/CMakeFiles/opencv_stereo.dir/src/stereo_binary_bm.cpp.o
[1447/1483] Building CXX object modules/stitching/CMakeFiles/opencv_stitching.dir/src/stitcher.cpp.o
[1448/1483] Building CXX object modules/stitching/CMakeFiles/opencv_stitching.dir/src/warpers.cpp.o
[1449/1483] Linking CXX shared library lib/libopencv_stereo.so.4.13.0
[1450/1483] Creating library symlink lib/libopencv_stereo.so.413 lib/libopencv_stereo.so
[1451/1483] Building CXX object modules/java/jni/CMakeFiles/opencv_java.dir/__/__/objdetect/misc/java/src/cpp/objdetect_converters.cpp.o
[1452/1483] Building CXX object modules/java/jni/CMakeFiles/opencv_java.dir/__/__/features2d/misc/java/src/cpp/features2d_converters.cpp.o
[1453/1483] Building CXX object modules/java/jni/CMakeFiles/opencv_java.dir/__/generator/src/cpp/converters.cpp.o
[1454/1483] Building CXX object modules/python3/CMakeFiles/opencv_python3.dir/__/src2/cv2_numpy.cpp.o
[1455/1483] Linking CXX executable bin/opencv_waldboost_detector
[1456/1483] Building CXX object modules/java/jni/CMakeFiles/opencv_java.dir/__/__/dnn/misc/java/src/cpp/dnn_converters.cpp.o
[1457/1483] Building CXX object modules/python3/CMakeFiles/opencv_python3.dir/__/src2/cv2_util.cpp.o
[1458/1483] Building CXX object apps/interactive-calibration/CMakeFiles/opencv_interactive-calibration.dir/rotationConverters.cpp.o
[1459/1483] Building CXX object apps/interactive-calibration/CMakeFiles/opencv_interactive-calibration.dir/calibPipeline.cpp.o
[1460/1483] Building CXX object modules/python3/CMakeFiles/opencv_python3.dir/__/src2/cv2_highgui.cpp.o
[1461/1483] Building CXX object modules/stitching/CMakeFiles/opencv_stitching.dir/src/seam_finders.cpp.o
[1462/1483] Building CXX object modules/java/jni/CMakeFiles/opencv_java.dir/__/generator/src/cpp/Mat.cpp.o
[1463/1483] Building CXX object modules/gapi/CMakeFiles/opencv_gapi.dir/src/backends/common/serialization.cpp.o
[1464/1483] Building CXX object apps/interactive-calibration/CMakeFiles/opencv_interactive-calibration.dir/calibController.cpp.o
[1465/1483] Building CXX object apps/interactive-calibration/CMakeFiles/opencv_interactive-calibration.dir/parametersController.cpp.o
[1466/1483] Building CXX object modules/python3/CMakeFiles/opencv_python3.dir/__/src2/cv2_convert.cpp.o
[1467/1483] Building CXX object modules/stitching/CMakeFiles/opencv_stitching.dir/src/exposure_compensate.cpp.o
[1468/1483] Building CXX object apps/interactive-calibration/CMakeFiles/opencv_interactive-calibration.dir/main.cpp.o
[1469/1483] Linking CXX shared library lib/libopencv_stitching.so.4.13.0
[1470/1483] Creating library symlink lib/libopencv_stitching.so.413 lib/libopencv_stitching.so
[1471/1483] Building CXX object apps/interactive-calibration/CMakeFiles/opencv_interactive-calibration.dir/frameProcessor.cpp.o
[1472/1483] Linking CXX executable bin/opencv_interactive-calibration
[1473/1483] Building CXX object modules/gapi/CMakeFiles/opencv_gapi.dir/backends/fluid/gfluidcore_func.sse4_1.cpp.o
[1474/1483] Building CXX object modules/gapi/CMakeFiles/opencv_gapi.dir/backends/fluid/gfluidimgproc_func.sse4_1.cpp.o
[1475/1483] Building CXX object modules/gapi/CMakeFiles/opencv_gapi.dir/backends/fluid/gfluidcore_func.avx2.cpp.o
[1476/1483] Building CXX object modules/gapi/CMakeFiles/opencv_gapi.dir/backends/fluid/gfluidimgproc_func.avx2.cpp.o
[1477/1483] Building CXX object modules/gapi/CMakeFiles/opencv_gapi.dir/src/backends/fluid/gfluidcore.cpp.o
[1478/1483] Linking CXX shared library lib/libopencv_gapi.so.4.13.0
[1479/1483] Creating library symlink lib/libopencv_gapi.so.413 lib/libopencv_gapi.so
[1480/1483] Building CXX object modules/java/jni/CMakeFiles/opencv_java.dir/__/generator/src/cpp/opencv_java.cpp.o
[1481/1483] Linking CXX shared module lib/libopencv_java4130.so
[1482/1483] Building CXX object modules/python3/CMakeFiles/opencv_python3.dir/__/src2/cv2.cpp.o
[1483/1483] Linking CXX shared module lib/python3/cv2.cpython-314-x86_64-linux-gnu.so
