pantheon-code has no wrap files
+ exec meson setup --prefix /usr --libexecdir lib --sbindir bin --buildtype plain --auto-features enabled --wrap-mode nodownload -D b_pie=true -D python.bytecompile=1 pantheon-code build
The Meson build system
Version: 1.11.1
Source dir: /build/pantheon-code-git/src/pantheon-code
Build dir: /build/pantheon-code-git/src/build
Build type: native build
Project name: io.elementary.code
Project version: 8.3.1
C compiler for the host machine: cc (gcc 16.1.1 "cc (GCC) 16.1.1 20260625")
C linker for the host machine: cc ld.bfd 2.46.1
Vala compiler for the host machine: valac (valac 0.56.19)
Host machine cpu family: x86_64
Host machine cpu: x86_64
Found pkg-config: YES (/usr/bin/pkg-config) 2.5.1
Run-time dependency glib-2.0 found: YES 2.88.2
Run-time dependency gio-unix-2.0 found: YES 2.88.2
Run-time dependency gee-0.8 found: YES 0.20.8
Run-time dependency gtk+-3.0 found: YES 3.24.52
Run-time dependency granite found: YES 6.2.0
Run-time dependency libhandy-1 found: YES 1.8.3
Run-time dependency gtksourceview-4 found: YES 4.8.4
Run-time dependency libpeas-2 found: YES 2.2.1
Run-time dependency libgit2-glib-1.0 found: YES 1.2.1
Run-time dependency fontconfig found: YES 2.18.1
Run-time dependency pangoft2 found: YES 1.58.0
Library posix found: YES
Run-time dependency vte-2.91 found: YES 0.84.0
Build-time dependency gio-2.0 found: YES 2.88.2
Program /usr/bin/glib-compile-resources found: YES (/usr/bin/glib-compile-resources)
Run-time dependency libvala-0.56 found: YES 0.56.19
Program git found: YES (/usr/bin/git)
Configuring io.elementary.code.desktop.in using configuration
Program msgfmt found: YES (/usr/bin/msgfmt)
Configuring io.elementary.code.policy.in using configuration
Configuring config.vala using configuration
Found pkg-config: YES (/usr/bin/pkg-config) 2.5.1
Program msgfmt found: YES (/usr/bin/msgfmt)
Library editorconfig found: YES
Run-time dependency libsoup-3.0 found: YES 3.6.6
Run-time dependency gtkspell3-3.0 found: YES 3.0.10
Program msginit found: YES (/usr/bin/msginit)
Program msgmerge found: YES (/usr/bin/msgmerge)
Program xgettext found: YES (/usr/bin/xgettext)
Dependency gio-2.0 for build machine found: YES 2.88.2 (cached)
Program /usr/bin/glib-compile-schemas found: YES (/usr/bin/glib-compile-schemas)
Build targets in project: 641
NOTICE: Future-deprecated features used:
 * 1.11.0: {'passing more than one argument to install_dir'}

io.elementary.code 8.3.1

  User defined options
    auto_features     : enabled
    b_pie             : true
    buildtype         : plain
    libexecdir        : lib
    prefix            : /usr
    python.bytecompile: 1
    sbindir           : bin
    wrap_mode         : nodownload

Found ninja-1.13.2 at /usr/bin/ninja
Generating targets:   0%|          | 0/641 eta ?                                                Writing build.ninja:   0%|          | 0/834 eta ?                                                 ninja: Entering directory `/build/pantheon-code-git/src/build'
[1/379] Building translation po/ae/LC_MESSAGES/io.elementary.code-ae.mo
[2/379] Building translation po/af/LC_MESSAGES/io.elementary.code-af.mo
[3/379] Building translation po/ak/LC_MESSAGES/io.elementary.code-ak.mo
[4/379] Building translation po/as/LC_MESSAGES/io.elementary.code-as.mo
[5/379] Building translation po/am/LC_MESSAGES/io.elementary.code-am.mo
[6/379] Building translation po/ar/LC_MESSAGES/io.elementary.code-ar.mo
[7/379] Building translation po/ast/LC_MESSAGES/io.elementary.code-ast.mo
[8/379] Building translation po/av/LC_MESSAGES/io.elementary.code-av.mo
[9/379] Building translation po/ay/LC_MESSAGES/io.elementary.code-ay.mo
[10/379] Building translation po/az/LC_MESSAGES/io.elementary.code-az.mo
[11/379] Building translation po/ba/LC_MESSAGES/io.elementary.code-ba.mo
[12/379] Building translation po/bh/LC_MESSAGES/io.elementary.code-bh.mo
[13/379] Building translation po/be/LC_MESSAGES/io.elementary.code-be.mo
[14/379] Building translation po/bg/LC_MESSAGES/io.elementary.code-bg.mo
[15/379] Building translation po/bo/LC_MESSAGES/io.elementary.code-bo.mo
[16/379] Building translation po/br/LC_MESSAGES/io.elementary.code-br.mo
[17/379] Building translation po/bi/LC_MESSAGES/io.elementary.code-bi.mo
[18/379] Building translation po/bm/LC_MESSAGES/io.elementary.code-bm.mo
[19/379] Building translation po/bn/LC_MESSAGES/io.elementary.code-bn.mo
[20/379] Building translation po/bs/LC_MESSAGES/io.elementary.code-bs.mo
[21/379] Building translation po/ca/LC_MESSAGES/io.elementary.code-ca.mo
[22/379] Building translation po/co/LC_MESSAGES/io.elementary.code-co.mo
[23/379] Building translation po/ce/LC_MESSAGES/io.elementary.code-ce.mo
[24/379] Building translation po/ch/LC_MESSAGES/io.elementary.code-ch.mo
[25/379] Building translation po/ckb/LC_MESSAGES/io.elementary.code-ckb.mo
[26/379] Building translation po/cr/LC_MESSAGES/io.elementary.code-cr.mo
[27/379] Building translation po/cu/LC_MESSAGES/io.elementary.code-cu.mo
[28/379] Building translation po/cv/LC_MESSAGES/io.elementary.code-cv.mo
[29/379] Building translation po/cy/LC_MESSAGES/io.elementary.code-cy.mo
[30/379] Building translation po/cs/LC_MESSAGES/io.elementary.code-cs.mo
[31/379] Building translation po/dv/LC_MESSAGES/io.elementary.code-dv.mo
[32/379] Building translation po/da/LC_MESSAGES/io.elementary.code-da.mo
[33/379] Building translation po/de/LC_MESSAGES/io.elementary.code-de.mo
[34/379] Building translation po/dz/LC_MESSAGES/io.elementary.code-dz.mo
[35/379] Building translation po/ee/LC_MESSAGES/io.elementary.code-ee.mo
[36/379] Building translation po/el/LC_MESSAGES/io.elementary.code-el.mo
[37/379] Generating plugins/detect-indent/detect-indent.plugin_merge with a custom command
[38/379] Building translation po/en_CA/LC_MESSAGES/io.elementary.code-en_CA.mo
[39/379] Generating plugins/editorconfig/editorconfig.plugin_merge with a custom command
[40/379] Generating plugins/markdown-actions/markdown-actions.plugin_merge with a custom command
[41/379] Generating plugins/vim-emulation/vim-emulation.plugin_merge with a custom command
[42/379] Building translation po/eo/LC_MESSAGES/io.elementary.code-eo.mo
[43/379] Generating plugins/brackets-completion/brackets-completion.plugin_merge with a custom command
[44/379] Generating plugins/highlight-word-selection/highlight-word-selection.plugin_merge with a custom command
[45/379] Generating plugins/pastebin/pastebin.plugin_merge with a custom command
[46/379] Generating plugins/spell/spell.plugin_merge with a custom command
[47/379] Building translation po/en_AU/LC_MESSAGES/io.elementary.code-en_AU.mo
[48/379] Building translation po/en_GB/LC_MESSAGES/io.elementary.code-en_GB.mo
[49/379] Building translation po/es/LC_MESSAGES/io.elementary.code-es.mo
[50/379] Generating plugins/preserve-indent/preserve-indent.plugin_merge with a custom command
[51/379] Generating plugins/word-completion/word-completion.plugin_merge with a custom command
[52/379] Generating plugins/fuzzy-search/fuzzy-search.plugin_merge with a custom command
[53/379] Building translation po/et/LC_MESSAGES/io.elementary.code-et.mo
[54/379] Building translation po/eu/LC_MESSAGES/io.elementary.code-eu.mo
[55/379] Building translation po/fa/LC_MESSAGES/io.elementary.code-fa.mo
[56/379] Building translation po/ff/LC_MESSAGES/io.elementary.code-ff.mo
[57/379] Building translation po/fi/LC_MESSAGES/io.elementary.code-fi.mo
[58/379] Building translation po/fj/LC_MESSAGES/io.elementary.code-fj.mo
[59/379] Building translation po/fo/LC_MESSAGES/io.elementary.code-fo.mo
[60/379] Building translation po/fy/LC_MESSAGES/io.elementary.code-fy.mo
[61/379] Building translation po/fr/LC_MESSAGES/io.elementary.code-fr.mo
[62/379] Building translation po/fr_CA/LC_MESSAGES/io.elementary.code-fr_CA.mo
[63/379] Building translation po/ga/LC_MESSAGES/io.elementary.code-ga.mo
[64/379] Building translation po/gd/LC_MESSAGES/io.elementary.code-gd.mo
[65/379] Building translation po/gl/LC_MESSAGES/io.elementary.code-gl.mo
[66/379] Building translation po/gu/LC_MESSAGES/io.elementary.code-gu.mo
[67/379] Building translation po/gv/LC_MESSAGES/io.elementary.code-gv.mo
[68/379] Building translation po/ha/LC_MESSAGES/io.elementary.code-ha.mo
[69/379] Building translation po/ho/LC_MESSAGES/io.elementary.code-ho.mo
[70/379] Building translation po/he/LC_MESSAGES/io.elementary.code-he.mo
[71/379] Building translation po/hi/LC_MESSAGES/io.elementary.code-hi.mo
[72/379] Building translation po/ht/LC_MESSAGES/io.elementary.code-ht.mo
[73/379] Building translation po/hu/LC_MESSAGES/io.elementary.code-hu.mo
[74/379] Building translation po/hy/LC_MESSAGES/io.elementary.code-hy.mo
[75/379] Building translation po/ia/LC_MESSAGES/io.elementary.code-ia.mo
[76/379] Building translation po/ie/LC_MESSAGES/io.elementary.code-ie.mo
[77/379] Building translation po/hr/LC_MESSAGES/io.elementary.code-hr.mo
[78/379] Building translation po/hz/LC_MESSAGES/io.elementary.code-hz.mo
[79/379] Building translation po/id/LC_MESSAGES/io.elementary.code-id.mo
[80/379] Building translation po/ig/LC_MESSAGES/io.elementary.code-ig.mo
[81/379] Building translation po/ik/LC_MESSAGES/io.elementary.code-ik.mo
[82/379] Building translation po/ii/LC_MESSAGES/io.elementary.code-ii.mo
[83/379] Building translation po/io/LC_MESSAGES/io.elementary.code-io.mo
[84/379] Building translation po/is/LC_MESSAGES/io.elementary.code-is.mo
[85/379] Building translation po/iu/LC_MESSAGES/io.elementary.code-iu.mo
[86/379] Building translation po/it/LC_MESSAGES/io.elementary.code-it.mo
[87/379] Building translation po/jv/LC_MESSAGES/io.elementary.code-jv.mo
[88/379] Building translation po/kg/LC_MESSAGES/io.elementary.code-kg.mo
[89/379] Building translation po/ja/LC_MESSAGES/io.elementary.code-ja.mo
[90/379] Building translation po/ka/LC_MESSAGES/io.elementary.code-ka.mo
[91/379] Building translation po/ki/LC_MESSAGES/io.elementary.code-ki.mo
[92/379] Building translation po/kj/LC_MESSAGES/io.elementary.code-kj.mo
[93/379] Building translation po/kk/LC_MESSAGES/io.elementary.code-kk.mo
[94/379] Building translation po/kl/LC_MESSAGES/io.elementary.code-kl.mo
[95/379] Building translation po/km/LC_MESSAGES/io.elementary.code-km.mo
[96/379] Building translation po/kn/LC_MESSAGES/io.elementary.code-kn.mo
[97/379] Building translation po/kr/LC_MESSAGES/io.elementary.code-kr.mo
[98/379] Building translation po/ks/LC_MESSAGES/io.elementary.code-ks.mo
[99/379] Building translation po/ku/LC_MESSAGES/io.elementary.code-ku.mo
[100/379] Building translation po/ko/LC_MESSAGES/io.elementary.code-ko.mo
[101/379] Building translation po/kv/LC_MESSAGES/io.elementary.code-kv.mo
[102/379] Building translation po/kw/LC_MESSAGES/io.elementary.code-kw.mo
[103/379] Building translation po/ky/LC_MESSAGES/io.elementary.code-ky.mo
[104/379] Building translation po/la/LC_MESSAGES/io.elementary.code-la.mo
[105/379] Building translation po/lb/LC_MESSAGES/io.elementary.code-lb.mo
[106/379] Building translation po/lg/LC_MESSAGES/io.elementary.code-lg.mo
[107/379] Building translation po/li/LC_MESSAGES/io.elementary.code-li.mo
[108/379] Building translation po/ln/LC_MESSAGES/io.elementary.code-ln.mo
[109/379] Building translation po/lo/LC_MESSAGES/io.elementary.code-lo.mo
[110/379] Building translation po/lu/LC_MESSAGES/io.elementary.code-lu.mo
[111/379] Building translation po/lt/LC_MESSAGES/io.elementary.code-lt.mo
[112/379] Building translation po/lv/LC_MESSAGES/io.elementary.code-lv.mo
[113/379] Building translation po/mg/LC_MESSAGES/io.elementary.code-mg.mo
[114/379] Building translation po/mh/LC_MESSAGES/io.elementary.code-mh.mo
[115/379] Building translation po/mi/LC_MESSAGES/io.elementary.code-mi.mo
[116/379] Building translation po/ml/LC_MESSAGES/io.elementary.code-ml.mo
[117/379] Building translation po/mk/LC_MESSAGES/io.elementary.code-mk.mo
[118/379] Building translation po/mn/LC_MESSAGES/io.elementary.code-mn.mo
[119/379] Building translation po/mr/LC_MESSAGES/io.elementary.code-mr.mo
[120/379] Building translation po/mt/LC_MESSAGES/io.elementary.code-mt.mo
[121/379] Building translation po/my/LC_MESSAGES/io.elementary.code-my.mo
[122/379] Building translation po/ms/LC_MESSAGES/io.elementary.code-ms.mo
[123/379] Building translation po/na/LC_MESSAGES/io.elementary.code-na.mo
[124/379] Building translation po/nd/LC_MESSAGES/io.elementary.code-nd.mo
[125/379] Building translation po/ne/LC_MESSAGES/io.elementary.code-ne.mo
[126/379] Building translation po/ng/LC_MESSAGES/io.elementary.code-ng.mo
[127/379] Building translation po/no/LC_MESSAGES/io.elementary.code-no.mo
[128/379] Building translation po/nb/LC_MESSAGES/io.elementary.code-nb.mo
[129/379] Building translation po/nl/LC_MESSAGES/io.elementary.code-nl.mo
[130/379] Building translation po/nn/LC_MESSAGES/io.elementary.code-nn.mo
[131/379] Building translation po/nr/LC_MESSAGES/io.elementary.code-nr.mo
[132/379] Building translation po/oc/LC_MESSAGES/io.elementary.code-oc.mo
[133/379] Building translation po/oj/LC_MESSAGES/io.elementary.code-oj.mo
[134/379] Building translation po/nv/LC_MESSAGES/io.elementary.code-nv.mo
[135/379] Building translation po/ny/LC_MESSAGES/io.elementary.code-ny.mo
[136/379] Building translation po/om/LC_MESSAGES/io.elementary.code-om.mo
[137/379] Building translation po/or/LC_MESSAGES/io.elementary.code-or.mo
[138/379] Building translation po/os/LC_MESSAGES/io.elementary.code-os.mo
[139/379] Building translation po/pi/LC_MESSAGES/io.elementary.code-pi.mo
[140/379] Building translation po/pa/LC_MESSAGES/io.elementary.code-pa.mo
[141/379] Building translation po/pl/LC_MESSAGES/io.elementary.code-pl.mo
[142/379] Building translation po/ps/LC_MESSAGES/io.elementary.code-ps.mo
[143/379] Building translation po/qu/LC_MESSAGES/io.elementary.code-qu.mo
[144/379] Building translation po/rm/LC_MESSAGES/io.elementary.code-rm.mo
[145/379] Building translation po/rn/LC_MESSAGES/io.elementary.code-rn.mo
[146/379] Building translation po/pt/LC_MESSAGES/io.elementary.code-pt.mo
[147/379] Building translation po/pt_BR/LC_MESSAGES/io.elementary.code-pt_BR.mo
[148/379] Building translation po/ro/LC_MESSAGES/io.elementary.code-ro.mo
[149/379] Building translation po/ro_MD/LC_MESSAGES/io.elementary.code-ro_MD.mo
[150/379] Building translation po/rue/LC_MESSAGES/io.elementary.code-rue.mo
[151/379] Building translation po/rw/LC_MESSAGES/io.elementary.code-rw.mo
[152/379] Building translation po/sa/LC_MESSAGES/io.elementary.code-sa.mo
[153/379] Building translation po/sc/LC_MESSAGES/io.elementary.code-sc.mo
[154/379] Building translation po/sd/LC_MESSAGES/io.elementary.code-sd.mo
[155/379] Building translation po/ru/LC_MESSAGES/io.elementary.code-ru.mo
[156/379] Building translation po/se/LC_MESSAGES/io.elementary.code-se.mo
[157/379] Building translation po/sg/LC_MESSAGES/io.elementary.code-sg.mo
[158/379] Building translation po/si/LC_MESSAGES/io.elementary.code-si.mo
[159/379] Building translation po/sk/LC_MESSAGES/io.elementary.code-sk.mo
[160/379] Building translation po/sl/LC_MESSAGES/io.elementary.code-sl.mo
[161/379] Building translation po/sm/LC_MESSAGES/io.elementary.code-sm.mo
[162/379] Building translation po/sma/LC_MESSAGES/io.elementary.code-sma.mo
[163/379] Building translation po/sn/LC_MESSAGES/io.elementary.code-sn.mo
[164/379] Building translation po/so/LC_MESSAGES/io.elementary.code-so.mo
[165/379] Building translation po/sq/LC_MESSAGES/io.elementary.code-sq.mo
[166/379] Building translation po/ss/LC_MESSAGES/io.elementary.code-ss.mo
[167/379] Building translation po/st/LC_MESSAGES/io.elementary.code-st.mo
[168/379] Generating code-resources_h with a custom command
[169/379] Building translation po/sr/LC_MESSAGES/io.elementary.code-sr.mo
[170/379] Building translation po/su/LC_MESSAGES/io.elementary.code-su.mo
[171/379] Building translation po/sv/LC_MESSAGES/io.elementary.code-sv.mo
[172/379] Building translation po/sw/LC_MESSAGES/io.elementary.code-sw.mo
[173/379] Building translation po/szl/LC_MESSAGES/io.elementary.code-szl.mo
[174/379] Building translation po/ta/LC_MESSAGES/io.elementary.code-ta.mo
[175/379] Building translation po/te/LC_MESSAGES/io.elementary.code-te.mo
[176/379] Building translation po/tg/LC_MESSAGES/io.elementary.code-tg.mo
[177/379] Building translation po/ti/LC_MESSAGES/io.elementary.code-ti.mo
[178/379] Building translation po/tk/LC_MESSAGES/io.elementary.code-tk.mo
[179/379] Building translation po/tn/LC_MESSAGES/io.elementary.code-tn.mo
[180/379] Building translation po/th/LC_MESSAGES/io.elementary.code-th.mo
[181/379] Building translation po/tl/LC_MESSAGES/io.elementary.code-tl.mo
[182/379] Building translation po/to/LC_MESSAGES/io.elementary.code-to.mo
[183/379] Building translation po/ts/LC_MESSAGES/io.elementary.code-ts.mo
[184/379] Building translation po/tt/LC_MESSAGES/io.elementary.code-tt.mo
[185/379] Building translation po/tr/LC_MESSAGES/io.elementary.code-tr.mo
[186/379] Building translation po/tw/LC_MESSAGES/io.elementary.code-tw.mo
[187/379] Building translation po/ty/LC_MESSAGES/io.elementary.code-ty.mo
[188/379] Building translation po/ug/LC_MESSAGES/io.elementary.code-ug.mo
[189/379] Building translation po/ve/LC_MESSAGES/io.elementary.code-ve.mo
[190/379] Generating code-resources_c with a custom command
[191/379] Building translation po/uk/LC_MESSAGES/io.elementary.code-uk.mo
[192/379] Building translation po/ur/LC_MESSAGES/io.elementary.code-ur.mo
[193/379] Building translation po/uz/LC_MESSAGES/io.elementary.code-uz.mo
[194/379] Building translation po/vi/LC_MESSAGES/io.elementary.code-vi.mo
[195/379] Building translation po/vo/LC_MESSAGES/io.elementary.code-vo.mo
[196/379] Building translation po/wa/LC_MESSAGES/io.elementary.code-wa.mo
[197/379] Building translation po/wo/LC_MESSAGES/io.elementary.code-wo.mo
[198/379] Building translation po/xh/LC_MESSAGES/io.elementary.code-xh.mo
[199/379] Building translation po/yi/LC_MESSAGES/io.elementary.code-yi.mo
[200/379] Building translation po/yo/LC_MESSAGES/io.elementary.code-yo.mo
[201/379] Building translation po/za/LC_MESSAGES/io.elementary.code-za.mo
[202/379] Building translation po/zh/LC_MESSAGES/io.elementary.code-zh.mo
[203/379] Building translation po/zh_HK/LC_MESSAGES/io.elementary.code-zh_HK.mo
[204/379] Building translation po/zh_CN/LC_MESSAGES/io.elementary.code-zh_CN.mo
[205/379] Building translation po/zh_TW/LC_MESSAGES/io.elementary.code-zh_TW.mo
[206/379] Building translation po/ca@valencia/LC_MESSAGES/io.elementary.code-ca@valencia.mo
[207/379] Building translation po/zu/LC_MESSAGES/io.elementary.code-zu.mo
[208/379] Building translation po/ab/LC_MESSAGES/io.elementary.code-ab.mo
[209/379] Building translation po/aa/LC_MESSAGES/io.elementary.code-aa.mo
[210/379] Building translation po/gn/LC_MESSAGES/io.elementary.code-gn.mo
[211/379] Building translation po/an/LC_MESSAGES/io.elementary.code-an.mo
[212/379] Building translation po/zh_HANS/LC_MESSAGES/io.elementary.code-zh_HANS.mo
[213/379] Building translation po/zh_HANT/LC_MESSAGES/io.elementary.code-zh_HANT.mo
[214/379] Building translation po/zh_Hant/LC_MESSAGES/io.elementary.code-zh_Hant.mo
[215/379] Merging translations for data/io.elementary.code.policy
[216/379] Merging translations for data/io.elementary.code.desktop
[217/379] Compiling C object src/io.elementary.code.p/meson-generated_.._.._code-resources.c.o
[218/379] Merging translations for data/io.elementary.code.metainfo.xml
[219/379] Compiling Vala source ../pantheon-code/src/Application.vala ../pantheon-code/src/MainWindow.vala ../pantheon-code/src/Utils.vala ../pantheon-code/src/Dialogs/PreferencesDialog.vala ../pantheon-code/src/Dialogs/RestoreConfirmationDialog.vala ../pantheon-code/src/Dialogs/CloseProjectsConfirmationDialog.vala ../pantheon-code/src/Dialogs/CloneRepositoryDialog.vala ../pantheon-code/src/Dialogs/OverwriteUncommittedConfirmationDialog.vala ../pantheon-code/src/Dialogs/GlobalSearchDialog.vala ../pantheon-code/src/Dialogs/BranchActions/BranchActionDialog.vala ../pantheon-code/src/Dialogs/BranchActions/BranchCheckoutPage.vala ../pantheon-code/src/Dialogs/BranchActions/BranchCreatePage.vala ../pantheon-code/src/Dialogs/BranchActions/BranchListBox.vala ../pantheon-code/src/Dialogs/BranchActions/BranchNameRow.vala ../pantheon-code/src/FolderManager/File.vala ../pantheon-code/src/FolderManager/FileItem.vala ../pantheon-code/src/FolderManager/FileView.vala ../pantheon-code/src/FolderManager/FolderItem.vala ../pantheon-code/src/FolderManager/Item.vala ../pantheon-code/src/FolderManager/ProjectFolderItem.vala ../pantheon-code/src/Services/CommentToggler.vala ../pantheon-code/src/Services/Document.vala ../pantheon-code/src/Services/DocumentManager.vala ../pantheon-code/src/Services/FileHandler.vala ../pantheon-code/src/Services/GitManager.vala ../pantheon-code/src/Services/LocationJumpManager.vala ../pantheon-code/src/Services/MonitoredRepository.vala ../pantheon-code/src/Services/PluginManager.vala ../pantheon-code/src/Services/RestoreOverride.vala ../pantheon-code/src/Services/Settings.vala ../pantheon-code/src/Widgets/ChooseProjectButton.vala ../pantheon-code/src/Widgets/DocumentView.vala ../pantheon-code/src/Widgets/FormatBar.vala ../pantheon-code/src/Widgets/GitGutterRenderer.vala ../pantheon-code/src/Widgets/NavMarkGutterRenderer.vala ../pantheon-code/src/Widgets/HeaderBar.vala ../pantheon-code/src/Widgets/Sidebar.vala ../pantheon-code/src/Widgets/PaneSwitcher.vala ../pantheon-code/src/Widgets/PopoverMenuItem.vala ../pantheon-code/src/Widgets/SearchBar.vala ../pantheon-code/src/Widgets/SourceList/CellRendererBadge.vala ../pantheon-code/src/Widgets/SourceList/CellRendererExpander.vala ../pantheon-code/src/Widgets/SourceList/SourceList.vala ../pantheon-code/src/Widgets/SourceView.vala ../pantheon-code/src/Widgets/Terminal.vala ../pantheon-code/src/Widgets/WelcomeView.vala ../pantheon-code/src/SymbolPane/SymbolOutline.vala ../pantheon-code/src/SymbolPane/Vala/ValaComparisonHelper.vala ../pantheon-code/src/SymbolPane/Vala/ValaSymbolItem.vala ../pantheon-code/src/SymbolPane/Vala/ValaSymbolOutline.vala ../pantheon-code/src/SymbolPane/Vala/ValaSymbolResolver.vala ../pantheon-code/src/SymbolPane/C/CtagsSymbol.vala ../pantheon-code/src/SymbolPane/C/CtagsSymbolIter.vala ../pantheon-code/src/SymbolPane/C/CtagsSymbolOutline.vala ../pantheon-code/src/Structs/SelectionRange.vala src/config.vala
../pantheon-code/src/Widgets/Terminal.vala:323.9-323.51: warning: local functions are experimental
  323 |         bool match_keycode (uint keyval, uint code) {
      |         ^~~~~~~~~~~~~~~~~~~~~~~~~~~~~~~~~~~~~~~~~~~  
../pantheon-code/src/Widgets/Terminal.vala:190.13-190.31: warning: `Vte.Terminal.spawn_sync' has been deprecated since 0.48
  190 |             terminal.spawn_sync (
      |             ^~~~~~~~~~~~~~~~~~~  
../pantheon-code/src/FolderManager/FileView.vala:132.5-132.42: warning: Method `Scratch.FolderManager.FileView.action_set_active_project' never used
  132 |     private void action_set_active_project (SimpleAction action, GLib.Variant? parameter) {
      |     ^~~~~~~~~~~~~~~~~~~~~~~~~~~~~~~~~~~~~~                                                 
../pantheon-code/src/Widgets/Terminal.vala:30.5-30.46: warning: Field `Code.Terminal.gnome_interface_settings' never used
   30 |     private Settings? gnome_interface_settings = null;
      |     ^~~~~~~~~~~~~~~~~~~~~~~~~~~~~~~~~~~~~~~~~~        
Compilation succeeded - 4 warning(s)
[220/379] Compiling Vala source ../pantheon-code/src/Application.vala ../pantheon-code/src/MainWindow.vala ../pantheon-code/src/Utils.vala ../pantheon-code/src/Dialogs/PreferencesDialog.vala ../pantheon-code/src/Dialogs/RestoreConfirmationDialog.vala ../pantheon-code/src/Dialogs/CloseProjectsConfirmationDialog.vala ../pantheon-code/src/Dialogs/CloneRepositoryDialog.vala ../pantheon-code/src/Dialogs/OverwriteUncommittedConfirmationDialog.vala ../pantheon-code/src/Dialogs/GlobalSearchDialog.vala ../pantheon-code/src/Dialogs/BranchActions/BranchActionDialog.vala ../pantheon-code/src/Dialogs/BranchActions/BranchCheckoutPage.vala ../pantheon-code/src/Dialogs/BranchActions/BranchCreatePage.vala ../pantheon-code/src/Dialogs/BranchActions/BranchListBox.vala ../pantheon-code/src/Dialogs/BranchActions/BranchNameRow.vala ../pantheon-code/src/FolderManager/File.vala ../pantheon-code/src/FolderManager/FileItem.vala ../pantheon-code/src/FolderManager/FileView.vala ../pantheon-code/src/FolderManager/FolderItem.vala ../pantheon-code/src/FolderManager/Item.vala ../pantheon-code/src/FolderManager/ProjectFolderItem.vala ../pantheon-code/src/Services/CommentToggler.vala ../pantheon-code/src/Services/Document.vala ../pantheon-code/src/Services/DocumentManager.vala ../pantheon-code/src/Services/FileHandler.vala ../pantheon-code/src/Services/GitManager.vala ../pantheon-code/src/Services/LocationJumpManager.vala ../pantheon-code/src/Services/MonitoredRepository.vala ../pantheon-code/src/Services/PluginManager.vala ../pantheon-code/src/Services/RestoreOverride.vala ../pantheon-code/src/Services/Settings.vala ../pantheon-code/src/Widgets/ChooseProjectButton.vala ../pantheon-code/src/Widgets/DocumentView.vala ../pantheon-code/src/Widgets/FormatBar.vala ../pantheon-code/src/Widgets/GitGutterRenderer.vala ../pantheon-code/src/Widgets/NavMarkGutterRenderer.vala ../pantheon-code/src/Widgets/HeaderBar.vala ../pantheon-code/src/Widgets/Sidebar.vala ../pantheon-code/src/Widgets/PaneSwitcher.vala ../pantheon-code/src/Widgets/PopoverMenuItem.vala ../pantheon-code/src/Widgets/SearchBar.vala ../pantheon-code/src/Widgets/SourceList/CellRendererBadge.vala ../pantheon-code/src/Widgets/SourceList/CellRendererExpander.vala ../pantheon-code/src/Widgets/SourceList/SourceList.vala ../pantheon-code/src/Widgets/SourceView.vala ../pantheon-code/src/Widgets/Terminal.vala ../pantheon-code/src/Widgets/WelcomeView.vala ../pantheon-code/src/SymbolPane/SymbolOutline.vala ../pantheon-code/src/SymbolPane/Vala/ValaComparisonHelper.vala ../pantheon-code/src/SymbolPane/Vala/ValaSymbolItem.vala ../pantheon-code/src/SymbolPane/Vala/ValaSymbolOutline.vala ../pantheon-code/src/SymbolPane/Vala/ValaSymbolResolver.vala ../pantheon-code/src/SymbolPane/C/CtagsSymbol.vala ../pantheon-code/src/SymbolPane/C/CtagsSymbolIter.vala ../pantheon-code/src/SymbolPane/C/CtagsSymbolOutline.vala ../pantheon-code/src/Structs/SelectionRange.vala src/config.vala
../pantheon-code/src/Widgets/Terminal.vala:323.9-323.51: warning: local functions are experimental
  323 |         bool match_keycode (uint keyval, uint code) {
      |         ^~~~~~~~~~~~~~~~~~~~~~~~~~~~~~~~~~~~~~~~~~~  
../pantheon-code/src/Widgets/Terminal.vala:190.13-190.31: warning: `Vte.Terminal.spawn_sync' has been deprecated since 0.48
  190 |             terminal.spawn_sync (
      |             ^~~~~~~~~~~~~~~~~~~  
../pantheon-code/src/FolderManager/FileView.vala:132.5-132.42: warning: Method `Scratch.FolderManager.FileView.action_set_active_project' never used
  132 |     private void action_set_active_project (SimpleAction action, GLib.Variant? parameter) {
      |     ^~~~~~~~~~~~~~~~~~~~~~~~~~~~~~~~~~~~~~                                                 
../pantheon-code/src/Widgets/Terminal.vala:30.5-30.46: warning: Field `Code.Terminal.gnome_interface_settings' never used
   30 |     private Settings? gnome_interface_settings = null;
      |     ^~~~~~~~~~~~~~~~~~~~~~~~~~~~~~~~~~~~~~~~~~        
Compilation succeeded - 4 warning(s)
[221/379] Compiling C object src/libcodecore.so.0.0.p/meson-generated_Dialogs_BranchActions_BranchNameRow.c.o
In file included from src/codecore.h:17,
                 from src/libcodecore.so.0.0.p/Dialogs/BranchActions/BranchNameRow.c:17:
/usr/include/granite/granite.h:2118:1: warning: ‘GraniteTextStyle’ is deprecated [-Wdeprecated-declarations]
 2118 | VALA_EXTERN gchar* granite_text_style_get_stylesheet (GraniteTextStyle self,
      | ^~~~~~~~~~~
/usr/include/granite/granite.h:632:15: note: declared here
  632 | typedef enum  {
      |               ^
/usr/include/granite/granite.h:2138:1: warning: ‘GraniteTextStyle’ is deprecated [-Wdeprecated-declarations]
 2138 | VALA_EXTERN void granite_widgets_utils_apply_text_style_to_label (GraniteTextStyle text_style,
      | ^~~~~~~~~~~
/usr/include/granite/granite.h:632:15: note: declared here
  632 | typedef enum  {
      |               ^
src/codecore.h:1505:13: warning: ‘scratch_application_main’ declared ‘static’ but never defined [-Wunused-function]
 1505 | static gint scratch_application_main (gchar** args,
      |             ^~~~~~~~~~~~~~~~~~~~~~~~
[222/379] Compiling C object src/libcodecore.so.0.0.p/meson-generated_Dialogs_GlobalSearchDialog.c.o
In file included from src/codecore.h:17,
                 from src/libcodecore.so.0.0.p/Dialogs/GlobalSearchDialog.c:25:
/usr/include/granite/granite.h:2118:1: warning: ‘GraniteTextStyle’ is deprecated [-Wdeprecated-declarations]
 2118 | VALA_EXTERN gchar* granite_text_style_get_stylesheet (GraniteTextStyle self,
      | ^~~~~~~~~~~
/usr/include/granite/granite.h:632:15: note: declared here
  632 | typedef enum  {
      |               ^
/usr/include/granite/granite.h:2138:1: warning: ‘GraniteTextStyle’ is deprecated [-Wdeprecated-declarations]
 2138 | VALA_EXTERN void granite_widgets_utils_apply_text_style_to_label (GraniteTextStyle text_style,
      | ^~~~~~~~~~~
/usr/include/granite/granite.h:632:15: note: declared here
  632 | typedef enum  {
      |               ^
src/libcodecore.so.0.0.p/Dialogs/GlobalSearchDialog.c: In function ‘scratch_dialogs_global_search_dialog_set_folder_name’:
src/libcodecore.so.0.0.p/Dialogs/GlobalSearchDialog.c:135:19: warning: assignment discards ‘const’ qualifier from pointer target type [-Wdiscarded-qualifiers]
  135 |         old_value = scratch_dialogs_global_search_dialog_get_folder_name (self);
      |                   ^
src/codecore.h: At top level:
src/codecore.h:1505:13: warning: ‘scratch_application_main’ declared ‘static’ but never defined [-Wunused-function]
 1505 | static gint scratch_application_main (gchar** args,
      |             ^~~~~~~~~~~~~~~~~~~~~~~~
[223/379] Compiling C object src/libcodecore.so.0.0.p/meson-generated_Dialogs_BranchActions_BranchActionDialog.c.o
In file included from src/codecore.h:17,
                 from src/libcodecore.so.0.0.p/Dialogs/BranchActions/BranchActionDialog.c:11:
/usr/include/granite/granite.h:2118:1: warning: ‘GraniteTextStyle’ is deprecated [-Wdeprecated-declarations]
 2118 | VALA_EXTERN gchar* granite_text_style_get_stylesheet (GraniteTextStyle self,
      | ^~~~~~~~~~~
/usr/include/granite/granite.h:632:15: note: declared here
  632 | typedef enum  {
      |               ^
/usr/include/granite/granite.h:2138:1: warning: ‘GraniteTextStyle’ is deprecated [-Wdeprecated-declarations]
 2138 | VALA_EXTERN void granite_widgets_utils_apply_text_style_to_label (GraniteTextStyle text_style,
      | ^~~~~~~~~~~
/usr/include/granite/granite.h:632:15: note: declared here
  632 | typedef enum  {
      |               ^
src/codecore.h:1505:13: warning: ‘scratch_application_main’ declared ‘static’ but never defined [-Wunused-function]
 1505 | static gint scratch_application_main (gchar** args,
      |             ^~~~~~~~~~~~~~~~~~~~~~~~
[224/379] Compiling C object src/libcodecore.so.0.0.p/meson-generated_FolderManager_FileItem.c.o
In file included from src/codecore.h:17,
                 from src/libcodecore.so.0.0.p/FolderManager/FileItem.c:24:
/usr/include/granite/granite.h:2118:1: warning: ‘GraniteTextStyle’ is deprecated [-Wdeprecated-declarations]
 2118 | VALA_EXTERN gchar* granite_text_style_get_stylesheet (GraniteTextStyle self,
      | ^~~~~~~~~~~
/usr/include/granite/granite.h:632:15: note: declared here
  632 | typedef enum  {
      |               ^
/usr/include/granite/granite.h:2138:1: warning: ‘GraniteTextStyle’ is deprecated [-Wdeprecated-declarations]
 2138 | VALA_EXTERN void granite_widgets_utils_apply_text_style_to_label (GraniteTextStyle text_style,
      | ^~~~~~~~~~~
/usr/include/granite/granite.h:632:15: note: declared here
  632 | typedef enum  {
      |               ^
src/codecore.h:1505:13: warning: ‘scratch_application_main’ declared ‘static’ but never defined [-Wunused-function]
 1505 | static gint scratch_application_main (gchar** args,
      |             ^~~~~~~~~~~~~~~~~~~~~~~~
src/libcodecore.so.0.0.p/FolderManager/FileItem.c:45:20: warning: ‘scratch_folder_manager_file_item_properties’ defined but not used [-Wunused-variable]
   45 | static GParamSpec* scratch_folder_manager_file_item_properties[SCRATCH_FOLDER_MANAGER_FILE_ITEM_NUM_PROPERTIES];
      |                    ^~~~~~~~~~~~~~~~~~~~~~~~~~~~~~~~~~~~~~~~~~~
[225/379] Compiling C object src/libcodecore.so.0.0.p/meson-generated_Dialogs_RestoreConfirmationDialog.c.o
In file included from src/codecore.h:17,
                 from src/libcodecore.so.0.0.p/Dialogs/RestoreConfirmationDialog.c:22:
/usr/include/granite/granite.h:2118:1: warning: ‘GraniteTextStyle’ is deprecated [-Wdeprecated-declarations]
 2118 | VALA_EXTERN gchar* granite_text_style_get_stylesheet (GraniteTextStyle self,
      | ^~~~~~~~~~~
/usr/include/granite/granite.h:632:15: note: declared here
  632 | typedef enum  {
      |               ^
/usr/include/granite/granite.h:2138:1: warning: ‘GraniteTextStyle’ is deprecated [-Wdeprecated-declarations]
 2138 | VALA_EXTERN void granite_widgets_utils_apply_text_style_to_label (GraniteTextStyle text_style,
      | ^~~~~~~~~~~
/usr/include/granite/granite.h:632:15: note: declared here
  632 | typedef enum  {
      |               ^
src/codecore.h:1505:13: warning: ‘scratch_application_main’ declared ‘static’ but never defined [-Wunused-function]
 1505 | static gint scratch_application_main (gchar** args,
      |             ^~~~~~~~~~~~~~~~~~~~~~~~
src/libcodecore.so.0.0.p/Dialogs/RestoreConfirmationDialog.c:43:20: warning: ‘scratch_dialogs_restore_confirmation_dialog_properties’ defined but not used [-Wunused-variable]
   43 | static GParamSpec* scratch_dialogs_restore_confirmation_dialog_properties[SCRATCH_DIALOGS_RESTORE_CONFIRMATION_DIALOG_NUM_PROPERTIES];
      |                    ^~~~~~~~~~~~~~~~~~~~~~~~~~~~~~~~~~~~~~~~~~~~~~~~~~~~~~
[226/379] Compiling C object src/libcodecore.so.0.0.p/meson-generated_Dialogs_CloseProjectsConfirmationDialog.c.o
In file included from src/codecore.h:17,
                 from src/libcodecore.so.0.0.p/Dialogs/CloseProjectsConfirmationDialog.c:22:
/usr/include/granite/granite.h:2118:1: warning: ‘GraniteTextStyle’ is deprecated [-Wdeprecated-declarations]
 2118 | VALA_EXTERN gchar* granite_text_style_get_stylesheet (GraniteTextStyle self,
      | ^~~~~~~~~~~
/usr/include/granite/granite.h:632:15: note: declared here
  632 | typedef enum  {
      |               ^
/usr/include/granite/granite.h:2138:1: warning: ‘GraniteTextStyle’ is deprecated [-Wdeprecated-declarations]
 2138 | VALA_EXTERN void granite_widgets_utils_apply_text_style_to_label (GraniteTextStyle text_style,
      | ^~~~~~~~~~~
/usr/include/granite/granite.h:632:15: note: declared here
  632 | typedef enum  {
      |               ^
src/libcodecore.so.0.0.p/Dialogs/CloseProjectsConfirmationDialog.c: In function ‘scratch_dialogs_close_projects_confirmation_dialog_finalize’:
src/libcodecore.so.0.0.p/Dialogs/CloseProjectsConfirmationDialog.c:236:57: warning: variable ‘self’ set but not used [-Wunused-but-set-variable=]
  236 |         ScratchDialogsCloseProjectsConfirmationDialog * self;
      |                                                         ^~~~
src/codecore.h: At top level:
src/codecore.h:1505:13: warning: ‘scratch_application_main’ declared ‘static’ but never defined [-Wunused-function]
 1505 | static gint scratch_application_main (gchar** args,
      |             ^~~~~~~~~~~~~~~~~~~~~~~~
[227/379] Compiling C object src/libcodecore.so.0.0.p/meson-generated_Services_DocumentManager.c.o
In file included from src/codecore.h:17,
                 from src/libcodecore.so.0.0.p/Services/DocumentManager.c:24:
/usr/include/granite/granite.h:2118:1: warning: ‘GraniteTextStyle’ is deprecated [-Wdeprecated-declarations]
 2118 | VALA_EXTERN gchar* granite_text_style_get_stylesheet (GraniteTextStyle self,
      | ^~~~~~~~~~~
/usr/include/granite/granite.h:632:15: note: declared here
  632 | typedef enum  {
      |               ^
/usr/include/granite/granite.h:2138:1: warning: ‘GraniteTextStyle’ is deprecated [-Wdeprecated-declarations]
 2138 | VALA_EXTERN void granite_widgets_utils_apply_text_style_to_label (GraniteTextStyle text_style,
      | ^~~~~~~~~~~
/usr/include/granite/granite.h:632:15: note: declared here
  632 | typedef enum  {
      |               ^
src/libcodecore.so.0.0.p/Services/DocumentManager.c: In function ‘scratch_services_document_manager_finalize’:
src/libcodecore.so.0.0.p/Services/DocumentManager.c:331:42: warning: variable ‘self’ set but not used [-Wunused-but-set-variable=]
  331 |         ScratchServicesDocumentManager * self;
      |                                          ^~~~
src/codecore.h: At top level:
src/codecore.h:1505:13: warning: ‘scratch_application_main’ declared ‘static’ but never defined [-Wunused-function]
 1505 | static gint scratch_application_main (gchar** args,
      |             ^~~~~~~~~~~~~~~~~~~~~~~~
src/libcodecore.so.0.0.p/Services/DocumentManager.c:45:20: warning: ‘scratch_services_document_manager_properties’ defined but not used [-Wunused-variable]
   45 | static GParamSpec* scratch_services_document_manager_properties[SCRATCH_SERVICES_DOCUMENT_MANAGER_NUM_PROPERTIES];
      |                    ^~~~~~~~~~~~~~~~~~~~~~~~~~~~~~~~~~~~~~~~~~~~
[228/379] Compiling C object src/libcodecore.so.0.0.p/meson-generated_FolderManager_Item.c.o
In file included from src/codecore.h:17,
                 from src/libcodecore.so.0.0.p/FolderManager/Item.c:24:
/usr/include/granite/granite.h:2118:1: warning: ‘GraniteTextStyle’ is deprecated [-Wdeprecated-declarations]
 2118 | VALA_EXTERN gchar* granite_text_style_get_stylesheet (GraniteTextStyle self,
      | ^~~~~~~~~~~
/usr/include/granite/granite.h:632:15: note: declared here
  632 | typedef enum  {
      |               ^
/usr/include/granite/granite.h:2138:1: warning: ‘GraniteTextStyle’ is deprecated [-Wdeprecated-declarations]
 2138 | VALA_EXTERN void granite_widgets_utils_apply_text_style_to_label (GraniteTextStyle text_style,
      | ^~~~~~~~~~~
/usr/include/granite/granite.h:632:15: note: declared here
  632 | typedef enum  {
      |               ^
src/libcodecore.so.0.0.p/FolderManager/Item.c: In function ‘scratch_folder_manager_item_real_compare’:
src/libcodecore.so.0.0.p/FolderManager/Item.c:178:36: warning: variable ‘self’ set but not used [-Wunused-but-set-variable=]
  178 |         ScratchFolderManagerItem * self;
      |                                    ^~~~
src/libcodecore.so.0.0.p/FolderManager/Item.c: In function ‘scratch_folder_manager_item_real_allow_dnd_sorting’:
src/libcodecore.so.0.0.p/FolderManager/Item.c:231:36: warning: variable ‘self’ set but not used [-Wunused-but-set-variable=]
  231 |         ScratchFolderManagerItem * self;
      |                                    ^~~~
src/libcodecore.so.0.0.p/FolderManager/Item.c: In function ‘scratch_folder_manager_item_rename_item_finalize’:
src/libcodecore.so.0.0.p/FolderManager/Item.c:504:46: warning: variable ‘self’ set but not used [-Wunused-but-set-variable=]
  504 |         ScratchFolderManagerItemRenameItem * self;
      |                                              ^~~~
src/libcodecore.so.0.0.p/FolderManager/Item.c: In function ‘_scratch_folder_manager_item___lambda117_’:
src/libcodecore.so.0.0.p/FolderManager/Item.c:596:35: warning: unknown conversion type character ‘"’ in format [-Wformat=]
  596 |         _tmp8_ = g_strdup_printf ("%s\n" GRANITE_TOOLTIP_SECONDARY_TEXT_MARKUP, _tmp5_, _tmp7_);
      |                                   ^~~~~~
/usr/include/granite/granite.h:72:97: note: format string is defined here
   72 | #define GRANITE_TOOLTIP_SECONDARY_TEXT_MARKUP "<span weight=\"600\" size=\"smaller\" alpha=\"75%\">%s</span>"
      |                                                                                                 ^~
src/codecore.h: At top level:
src/codecore.h:1505:13: warning: ‘scratch_application_main’ declared ‘static’ but never defined [-Wunused-function]
 1505 | static gint scratch_application_main (gchar** args,
      |             ^~~~~~~~~~~~~~~~~~~~~~~~
[229/379] Compiling C object src/libcodecore.so.0.0.p/meson-generated_Dialogs_OverwriteUncommittedConfirmationDialog.c.o
In file included from src/codecore.h:17,
                 from src/libcodecore.so.0.0.p/Dialogs/OverwriteUncommittedConfirmationDialog.c:22:
/usr/include/granite/granite.h:2118:1: warning: ‘GraniteTextStyle’ is deprecated [-Wdeprecated-declarations]
 2118 | VALA_EXTERN gchar* granite_text_style_get_stylesheet (GraniteTextStyle self,
      | ^~~~~~~~~~~
/usr/include/granite/granite.h:632:15: note: declared here
  632 | typedef enum  {
      |               ^
/usr/include/granite/granite.h:2138:1: warning: ‘GraniteTextStyle’ is deprecated [-Wdeprecated-declarations]
 2138 | VALA_EXTERN void granite_widgets_utils_apply_text_style_to_label (GraniteTextStyle text_style,
      | ^~~~~~~~~~~
/usr/include/granite/granite.h:632:15: note: declared here
  632 | typedef enum  {
      |               ^
src/libcodecore.so.0.0.p/Dialogs/OverwriteUncommittedConfirmationDialog.c: In function ‘scratch_dialogs_overwrite_uncommitted_confirmation_dialog_set_branch_name’:
src/libcodecore.so.0.0.p/Dialogs/OverwriteUncommittedConfirmationDialog.c:117:19: warning: assignment discards ‘const’ qualifier from pointer target type [-Wdiscarded-qualifiers]
  117 |         old_value = scratch_dialogs_overwrite_uncommitted_confirmation_dialog_get_branch_name (self);
      |                   ^
src/codecore.h: At top level:
src/codecore.h:1505:13: warning: ‘scratch_application_main’ declared ‘static’ but never defined [-Wunused-function]
 1505 | static gint scratch_application_main (gchar** args,
      |             ^~~~~~~~~~~~~~~~~~~~~~~~
[230/379] Compiling C object src/libcodecore.so.0.0.p/meson-generated_Dialogs_PreferencesDialog.c.o
In file included from src/codecore.h:17,
                 from src/libcodecore.so.0.0.p/Dialogs/PreferencesDialog.c:13:
/usr/include/granite/granite.h:2118:1: warning: ‘GraniteTextStyle’ is deprecated [-Wdeprecated-declarations]
 2118 | VALA_EXTERN gchar* granite_text_style_get_stylesheet (GraniteTextStyle self,
      | ^~~~~~~~~~~
/usr/include/granite/granite.h:632:15: note: declared here
  632 | typedef enum  {
      |               ^
/usr/include/granite/granite.h:2138:1: warning: ‘GraniteTextStyle’ is deprecated [-Wdeprecated-declarations]
 2138 | VALA_EXTERN void granite_widgets_utils_apply_text_style_to_label (GraniteTextStyle text_style,
      | ^~~~~~~~~~~
/usr/include/granite/granite.h:632:15: note: declared here
  632 | typedef enum  {
      |               ^
src/libcodecore.so.0.0.p/Dialogs/PreferencesDialog.c: In function ‘scratch_dialogs_preferences_setting_switch_set_label’:
src/libcodecore.so.0.0.p/Dialogs/PreferencesDialog.c:252:19: warning: assignment discards ‘const’ qualifier from pointer target type [-Wdiscarded-qualifiers]
  252 |         old_value = scratch_dialogs_preferences_setting_switch_get_label (self);
      |                   ^
src/libcodecore.so.0.0.p/Dialogs/PreferencesDialog.c: In function ‘scratch_dialogs_preferences_setting_switch_set_settings_key’:
src/libcodecore.so.0.0.p/Dialogs/PreferencesDialog.c:279:19: warning: assignment discards ‘const’ qualifier from pointer target type [-Wdiscarded-qualifiers]
  279 |         old_value = scratch_dialogs_preferences_setting_switch_get_settings_key (self);
      |                   ^
src/libcodecore.so.0.0.p/Dialogs/PreferencesDialog.c: In function ‘scratch_dialogs_preferences_setting_switch_set_description’:
src/libcodecore.so.0.0.p/Dialogs/PreferencesDialog.c:306:19: warning: assignment discards ‘const’ qualifier from pointer target type [-Wdiscarded-qualifiers]
  306 |         old_value = scratch_dialogs_preferences_setting_switch_get_description (self);
      |                   ^
src/libcodecore.so.0.0.p/Dialogs/PreferencesDialog.c: In function ‘_scratch_dialogs_preferences___lambda67_’:
src/libcodecore.so.0.0.p/Dialogs/PreferencesDialog.c:530:36: warning: variable ‘self’ set but not used [-Wunused-but-set-variable=]
  530 |         ScratchDialogsPreferences* self;
      |                                    ^~~~
src/libcodecore.so.0.0.p/Dialogs/PreferencesDialog.c: In function ‘_scratch_dialogs_preferences___lambda71_’:
src/libcodecore.so.0.0.p/Dialogs/PreferencesDialog.c:588:36: warning: variable ‘self’ set but not used [-Wunused-but-set-variable=]
  588 |         ScratchDialogsPreferences* self;
      |                                    ^~~~
src/libcodecore.so.0.0.p/Dialogs/PreferencesDialog.c: In function ‘scratch_dialogs_preferences_constructor’:
src/libcodecore.so.0.0.p/Dialogs/PreferencesDialog.c:1103:18: warning: assignment to ‘GtkBox *’ {aka ‘struct _GtkBox *’} from incompatible pointer type ‘GtkWidget *’ {aka ‘struct _GtkWidget *’} [-Wincompatible-pointer-types]
 1103 |         _tmp152_ = gtk_dialog_get_content_area ((GtkDialog*) self);
      |                  ^
src/codecore.h: At top level:
src/codecore.h:1505:13: warning: ‘scratch_application_main’ declared ‘static’ but never defined [-Wunused-function]
 1505 | static gint scratch_application_main (gchar** args,
      |             ^~~~~~~~~~~~~~~~~~~~~~~~
[231/379] Compiling C object src/libcodecore.so.0.0.p/meson-generated_Utils.c.o
In file included from src/codecore.h:17,
                 from src/libcodecore.so.0.0.p/Utils.c:25:
/usr/include/granite/granite.h:2118:1: warning: ‘GraniteTextStyle’ is deprecated [-Wdeprecated-declarations]
 2118 | VALA_EXTERN gchar* granite_text_style_get_stylesheet (GraniteTextStyle self,
      | ^~~~~~~~~~~
/usr/include/granite/granite.h:632:15: note: declared here
  632 | typedef enum  {
      |               ^
/usr/include/granite/granite.h:2138:1: warning: ‘GraniteTextStyle’ is deprecated [-Wdeprecated-declarations]
 2138 | VALA_EXTERN void granite_widgets_utils_apply_text_style_to_label (GraniteTextStyle text_style,
      | ^~~~~~~~~~~
/usr/include/granite/granite.h:632:15: note: declared here
  632 | typedef enum  {
      |               ^
src/libcodecore.so.0.0.p/Utils.c: In function ‘scratch_utils_get_accel_for_action’:
src/libcodecore.so.0.0.p/Utils.c:1232:22: warning: variable ‘_tmp6__length1’ set but not used [-Wunused-but-set-variable=]
 1232 |                 gint _tmp6__length1;
      |                      ^~~~~~~~~~~~~~
src/libcodecore.so.0.0.p/Utils.c:1215:17: warning: variable ‘_tmp5_’ set but not used [-Wunused-but-set-variable=]
 1215 |         gchar** _tmp5_;
      |                 ^~~~~~
src/libcodecore.so.0.0.p/Utils.c:1214:14: warning: variable ‘_accels_size_’ set but not used [-Wunused-but-set-variable=]
 1214 |         gint _accels_size_;
      |              ^~~~~~~~~~~~~
src/codecore.h: At top level:
src/codecore.h:1505:13: warning: ‘scratch_application_main’ declared ‘static’ but never defined [-Wunused-function]
 1505 | static gint scratch_application_main (gchar** args,
      |             ^~~~~~~~~~~~~~~~~~~~~~~~
[232/379] Compiling C object src/libcodecore.so.0.0.p/meson-generated_Services_FileHandler.c.o
In file included from src/codecore.h:17,
                 from src/libcodecore.so.0.0.p/Services/FileHandler.c:6:
/usr/include/granite/granite.h:2118:1: warning: ‘GraniteTextStyle’ is deprecated [-Wdeprecated-declarations]
 2118 | VALA_EXTERN gchar* granite_text_style_get_stylesheet (GraniteTextStyle self,
      | ^~~~~~~~~~~
/usr/include/granite/granite.h:632:15: note: declared here
  632 | typedef enum  {
      |               ^
/usr/include/granite/granite.h:2138:1: warning: ‘GraniteTextStyle’ is deprecated [-Wdeprecated-declarations]
 2138 | VALA_EXTERN void granite_widgets_utils_apply_text_style_to_label (GraniteTextStyle text_style,
      | ^~~~~~~~~~~
/usr/include/granite/granite.h:632:15: note: declared here
  632 | typedef enum  {
      |               ^
src/codecore.h:1505:13: warning: ‘scratch_application_main’ declared ‘static’ but never defined [-Wunused-function]
 1505 | static gint scratch_application_main (gchar** args,
      |             ^~~~~~~~~~~~~~~~~~~~~~~~
src/libcodecore.so.0.0.p/Services/FileHandler.c:26:20: warning: ‘scratch_services_file_handler_properties’ defined but not used [-Wunused-variable]
   26 | static GParamSpec* scratch_services_file_handler_properties[SCRATCH_SERVICES_FILE_HANDLER_NUM_PROPERTIES];
      |                    ^~~~~~~~~~~~~~~~~~~~~~~~~~~~~~~~~~~~~~~~
[233/379] Compiling C object src/libcodecore.so.0.0.p/meson-generated_Dialogs_BranchActions_BranchCreatePage.c.o
In file included from src/codecore.h:17,
                 from src/libcodecore.so.0.0.p/Dialogs/BranchActions/BranchCreatePage.c:11:
/usr/include/granite/granite.h:2118:1: warning: ‘GraniteTextStyle’ is deprecated [-Wdeprecated-declarations]
 2118 | VALA_EXTERN gchar* granite_text_style_get_stylesheet (GraniteTextStyle self,
      | ^~~~~~~~~~~
/usr/include/granite/granite.h:632:15: note: declared here
  632 | typedef enum  {
      |               ^
/usr/include/granite/granite.h:2138:1: warning: ‘GraniteTextStyle’ is deprecated [-Wdeprecated-declarations]
 2138 | VALA_EXTERN void granite_widgets_utils_apply_text_style_to_label (GraniteTextStyle text_style,
      | ^~~~~~~~~~~
/usr/include/granite/granite.h:632:15: note: declared here
  632 | typedef enum  {
      |               ^
src/libcodecore.so.0.0.p/Dialogs/BranchActions/BranchCreatePage.c: In function ‘scratch_dialogs_branch_create_page_real_get_action’:
src/libcodecore.so.0.0.p/Dialogs/BranchActions/BranchCreatePage.c:93:41: warning: variable ‘self’ set but not used [-Wunused-but-set-variable=]
   93 |         ScratchDialogsBranchCreatePage* self;
      |                                         ^~~~
src/libcodecore.so.0.0.p/Dialogs/BranchActions/BranchCreatePage.c: In function ‘scratch_dialogs_branch_create_page_real_get_branch_ref’:
src/libcodecore.so.0.0.p/Dialogs/BranchActions/BranchCreatePage.c:103:41: warning: variable ‘self’ set but not used [-Wunused-but-set-variable=]
  103 |         ScratchDialogsBranchCreatePage* self;
      |                                         ^~~~
src/codecore.h: At top level:
src/codecore.h:1505:13: warning: ‘scratch_application_main’ declared ‘static’ but never defined [-Wunused-function]
 1505 | static gint scratch_application_main (gchar** args,
      |             ^~~~~~~~~~~~~~~~~~~~~~~~
[234/379] Compiling C object src/libcodecore.so.0.0.p/meson-generated_Dialogs_BranchActions_BranchListBox.c.o
In file included from src/codecore.h:17,
                 from src/libcodecore.so.0.0.p/Dialogs/BranchActions/BranchListBox.c:14:
/usr/include/granite/granite.h:2118:1: warning: ‘GraniteTextStyle’ is deprecated [-Wdeprecated-declarations]
 2118 | VALA_EXTERN gchar* granite_text_style_get_stylesheet (GraniteTextStyle self,
      | ^~~~~~~~~~~
/usr/include/granite/granite.h:632:15: note: declared here
  632 | typedef enum  {
      |               ^
/usr/include/granite/granite.h:2138:1: warning: ‘GraniteTextStyle’ is deprecated [-Wdeprecated-declarations]
 2138 | VALA_EXTERN void granite_widgets_utils_apply_text_style_to_label (GraniteTextStyle text_style,
      | ^~~~~~~~~~~
/usr/include/granite/granite.h:632:15: note: declared here
  632 | typedef enum  {
      |               ^
src/codecore.h:1505:13: warning: ‘scratch_application_main’ declared ‘static’ but never defined [-Wunused-function]
 1505 | static gint scratch_application_main (gchar** args,
      |             ^~~~~~~~~~~~~~~~~~~~~~~~
[235/379] Compiling C object src/libcodecore.so.0.0.p/meson-generated_Services_GitManager.c.o
In file included from src/codecore.h:17,
                 from src/libcodecore.so.0.0.p/Services/GitManager.c:24:
/usr/include/granite/granite.h:2118:1: warning: ‘GraniteTextStyle’ is deprecated [-Wdeprecated-declarations]
 2118 | VALA_EXTERN gchar* granite_text_style_get_stylesheet (GraniteTextStyle self,
      | ^~~~~~~~~~~
/usr/include/granite/granite.h:632:15: note: declared here
  632 | typedef enum  {
      |               ^
/usr/include/granite/granite.h:2138:1: warning: ‘GraniteTextStyle’ is deprecated [-Wdeprecated-declarations]
 2138 | VALA_EXTERN void granite_widgets_utils_apply_text_style_to_label (GraniteTextStyle text_style,
      | ^~~~~~~~~~~
/usr/include/granite/granite.h:632:15: note: declared here
  632 | typedef enum  {
      |               ^
src/libcodecore.so.0.0.p/Services/GitManager.c: In function ‘scratch_services_git_manager_add_project’:
src/libcodecore.so.0.0.p/Services/GitManager.c:295:41: warning: unused variable ‘_inner_error0_’ [-Wunused-variable]
  295 |                                 GError* _inner_error0_ = NULL;
      |                                         ^~~~~~~~~~~~~~
src/libcodecore.so.0.0.p/Services/GitManager.c:324:25: warning: unused variable ‘_inner_error1_’ [-Wunused-variable]
  324 |                 GError* _inner_error1_ = NULL;
      |                         ^~~~~~~~~~~~~~
src/libcodecore.so.0.0.p/Services/GitManager.c:220:15: warning: variable ‘position’ set but not used [-Wunused-but-set-variable=]
  220 |         guint position = 0U;
      |               ^~~~~~~~
src/libcodecore.so.0.0.p/Services/GitManager.c: In function ‘__lambda18_’:
src/libcodecore.so.0.0.p/Services/GitManager.c:621:36: warning: variable ‘self’ set but not used [-Wunused-but-set-variable=]
  621 |         ScratchServicesGitManager* self;
      |                                    ^~~~
src/libcodecore.so.0.0.p/Services/GitManager.c: In function ‘scratch_services_git_manager_set_active_project_path’:
src/libcodecore.so.0.0.p/Services/GitManager.c:832:19: warning: assignment discards ‘const’ qualifier from pointer target type [-Wdiscarded-qualifiers]
  832 |         old_value = scratch_services_git_manager_get_active_project_path (self);
      |                   ^
src/codecore.h: At top level:
src/codecore.h:1505:13: warning: ‘scratch_application_main’ declared ‘static’ but never defined [-Wunused-function]
 1505 | static gint scratch_application_main (gchar** args,
      |             ^~~~~~~~~~~~~~~~~~~~~~~~
[236/379] Compiling C object src/libcodecore.so.0.0.p/meson-generated_FolderManager_File.c.o
In file included from src/codecore.h:17,
                 from src/libcodecore.so.0.0.p/FolderManager/File.c:24:
/usr/include/granite/granite.h:2118:1: warning: ‘GraniteTextStyle’ is deprecated [-Wdeprecated-declarations]
 2118 | VALA_EXTERN gchar* granite_text_style_get_stylesheet (GraniteTextStyle self,
      | ^~~~~~~~~~~
/usr/include/granite/granite.h:632:15: note: declared here
  632 | typedef enum  {
      |               ^
/usr/include/granite/granite.h:2138:1: warning: ‘GraniteTextStyle’ is deprecated [-Wdeprecated-declarations]
 2138 | VALA_EXTERN void granite_widgets_utils_apply_text_style_to_label (GraniteTextStyle text_style,
      | ^~~~~~~~~~~
/usr/include/granite/granite.h:632:15: note: declared here
  632 | typedef enum  {
      |               ^
src/codecore.h:1505:13: warning: ‘scratch_application_main’ declared ‘static’ but never defined [-Wunused-function]
 1505 | static gint scratch_application_main (gchar** args,
      |             ^~~~~~~~~~~~~~~~~~~~~~~~
[237/379] Compiling C object src/libcodecore.so.0.0.p/meson-generated_Application.c.o
In file included from src/codecore.h:17,
                 from src/libcodecore.so.0.0.p/Application.c:26:
/usr/include/granite/granite.h:2118:1: warning: ‘GraniteTextStyle’ is deprecated [-Wdeprecated-declarations]
 2118 | VALA_EXTERN gchar* granite_text_style_get_stylesheet (GraniteTextStyle self,
      | ^~~~~~~~~~~
/usr/include/granite/granite.h:632:15: note: declared here
  632 | typedef enum  {
      |               ^
/usr/include/granite/granite.h:2138:1: warning: ‘GraniteTextStyle’ is deprecated [-Wdeprecated-declarations]
 2138 | VALA_EXTERN void granite_widgets_utils_apply_text_style_to_label (GraniteTextStyle text_style,
      | ^~~~~~~~~~~
/usr/include/granite/granite.h:632:15: note: declared here
  632 | typedef enum  {
      |               ^
src/libcodecore.so.0.0.p/Application.c: In function ‘scratch_application_real_handle_local_options’:
src/libcodecore.so.0.0.p/Application.c:168:30: warning: variable ‘self’ set but not used [-Wunused-but-set-variable=]
  168 |         ScratchApplication * self;
      |                              ^~~~
src/libcodecore.so.0.0.p/Application.c: In function ‘scratch_application_real_command_line’:
src/libcodecore.so.0.0.p/Application.c:316:30: warning: variable ‘_tmp28__length1’ set but not used [-Wunused-but-set-variable=]
  316 |                         gint _tmp28__length1;
      |                              ^~~~~~~~~~~~~~~
src/libcodecore.so.0.0.p/Application.c:298:31: warning: variable ‘_tmp27_’ set but not used [-Wunused-but-set-variable=]
  298 |                 const gchar** _tmp27_;
      |                               ^~~~~~~
src/libcodecore.so.0.0.p/Application.c:297:22: warning: variable ‘_file_list_size_’ set but not used [-Wunused-but-set-variable=]
  297 |                 gint _file_list_size_;
      |                      ^~~~~~~~~~~~~~~~
src/libcodecore.so.0.0.p/Application.c:381:46: warning: variable ‘_tmp46__length1’ set but not used [-Wunused-but-set-variable=]
  381 |                                         gint _tmp46__length1;
      |                                              ^~~~~~~~~~~~~~~
src/libcodecore.so.0.0.p/Application.c:377:55: warning: variable ‘_tmp45_’ set but not used [-Wunused-but-set-variable=]
  377 |                                         const gchar** _tmp45_;
      |                                                       ^~~~~~~
src/libcodecore.so.0.0.p/Application.c:352:22: warning: variable ‘_remaining_size_’ set but not used [-Wunused-but-set-variable=]
  352 |                 gint _remaining_size_;
      |                      ^~~~~~~~~~~~~~~~
src/libcodecore.so.0.0.p/Application.c: In function ‘scratch_application_real_open’:
src/libcodecore.so.0.0.p/Application.c:563:103: warning: the comparison will always evaluate as ‘true’ for the address of ‘scratch_location_jump_manager_has_selection_range’ will never be NULL [-Waddress]
  563 |                                                 if (scratch_location_jump_manager_has_selection_range != NULL) {
      |                                                                                                       ^~
src/codecore.h:2053:22: note: ‘scratch_location_jump_manager_has_selection_range’ declared here
 2053 | VALA_EXTERN gboolean scratch_location_jump_manager_has_selection_range (ScratchLocationJumpManager* self);
      |                      ^~~~~~~~~~~~~~~~~~~~~~~~~~~~~~~~~~~~~~~~~~~~~~~~~
src/libcodecore.so.0.0.p/Application.c:553:77: warning: variable ‘_tmp13_’ set but not used [-Wunused-but-set-variable=]
  553 |                                                 ScratchLocationJumpManager* _tmp13_;
      |                                                                             ^~~~~~~
src/libcodecore.so.0.0.p/Application.c:521:22: warning: unused variable ‘_file_collection_size_’ [-Wunused-variable]
  521 |                 gint _file_collection_size_ = 0;
      |                      ^~~~~~~~~~~~~~~~~~~~~~
src/libcodecore.so.0.0.p/Application.c: In function ‘scratch_application_handle_quit_app_finish’:
src/libcodecore.so.0.0.p/Application.c:657:46: warning: variable ‘_data_’ set but not used [-Wunused-but-set-variable=]
  657 |         ScratchApplicationHandleQuitAppData* _data_;
      |                                              ^~~~~~
src/libcodecore.so.0.0.p/Application.c: In function ‘scratch_application_set_system_monospace_font’:
src/libcodecore.so.0.0.p/Application.c:897:19: warning: assignment discards ‘const’ qualifier from pointer target type [-Wdiscarded-qualifiers]
  897 |         old_value = scratch_application_get_system_monospace_font (self);
      |                   ^
[238/379] Compiling C object src/libcodecore.so.0.0.p/meson-generated_Dialogs_CloneRepositoryDialog.c.o
In file included from src/codecore.h:17,
                 from src/libcodecore.so.0.0.p/Dialogs/CloneRepositoryDialog.c:11:
/usr/include/granite/granite.h:2118:1: warning: ‘GraniteTextStyle’ is deprecated [-Wdeprecated-declarations]
 2118 | VALA_EXTERN gchar* granite_text_style_get_stylesheet (GraniteTextStyle self,
      | ^~~~~~~~~~~
/usr/include/granite/granite.h:632:15: note: declared here
  632 | typedef enum  {
      |               ^
/usr/include/granite/granite.h:2138:1: warning: ‘GraniteTextStyle’ is deprecated [-Wdeprecated-declarations]
 2138 | VALA_EXTERN void granite_widgets_utils_apply_text_style_to_label (GraniteTextStyle text_style,
      | ^~~~~~~~~~~
/usr/include/granite/granite.h:632:15: note: declared here
  632 | typedef enum  {
      |               ^
src/libcodecore.so.0.0.p/Dialogs/CloneRepositoryDialog.c: In function ‘scratch_dialogs_clone_repository_dialog_validate_https_address’:
src/libcodecore.so.0.0.p/Dialogs/CloneRepositoryDialog.c:602:38: warning: variable ‘_tmp22__length1’ set but not used [-Wunused-but-set-variable=]
  602 |                                 gint _tmp22__length1;
      |                                      ^~~~~~~~~~~~~~~
src/libcodecore.so.0.0.p/Dialogs/CloneRepositoryDialog.c:615:38: warning: variable ‘_tmp25__length1’ set but not used [-Wunused-but-set-variable=]
  615 |                                 gint _tmp25__length1;
      |                                      ^~~~~~~~~~~~~~~
src/libcodecore.so.0.0.p/Dialogs/CloneRepositoryDialog.c:582:33: warning: variable ‘_tmp21_’ set but not used [-Wunused-but-set-variable=]
  582 |                         gchar** _tmp21_;
      |                                 ^~~~~~~
src/libcodecore.so.0.0.p/Dialogs/CloneRepositoryDialog.c:580:30: warning: variable ‘_parts_size_’ set but not used [-Wunused-but-set-variable=]
  580 |                         gint _parts_size_;
      |                              ^~~~~~~~~~~~
src/libcodecore.so.0.0.p/Dialogs/CloneRepositoryDialog.c: In function ‘scratch_dialogs_clone_repository_dialog_set_suggested_local_folder’:
src/libcodecore.so.0.0.p/Dialogs/CloneRepositoryDialog.c:758:19: warning: assignment discards ‘const’ qualifier from pointer target type [-Wdiscarded-qualifiers]
  758 |         old_value = scratch_dialogs_clone_repository_dialog_get_suggested_local_folder (self);
      |                   ^
src/libcodecore.so.0.0.p/Dialogs/CloneRepositoryDialog.c: In function ‘scratch_dialogs_clone_repository_dialog_set_suggested_remote’:
src/libcodecore.so.0.0.p/Dialogs/CloneRepositoryDialog.c:785:19: warning: assignment discards ‘const’ qualifier from pointer target type [-Wdiscarded-qualifiers]
  785 |         old_value = scratch_dialogs_clone_repository_dialog_get_suggested_remote (self);
      |                   ^
src/codecore.h: At top level:
src/codecore.h:1505:13: warning: ‘scratch_application_main’ declared ‘static’ but never defined [-Wunused-function]
 1505 | static gint scratch_application_main (gchar** args,
      |             ^~~~~~~~~~~~~~~~~~~~~~~~
src/libcodecore.so.0.0.p/Dialogs/CloneRepositoryDialog.c:60:20: warning: ‘scratch_dialogs_clone_repository_dialog_clone_entry_properties’ defined but not used [-Wunused-variable]
   60 | static GParamSpec* scratch_dialogs_clone_repository_dialog_clone_entry_properties[SCRATCH_DIALOGS_CLONE_REPOSITORY_DIALOG_CLONE_ENTRY_NUM_PROPERTIES];
      |                    ^~~~~~~~~~~~~~~~~~~~~~~~~~~~~~~~~~~~~~~~~~~~~~~~~~~~~~~~~~~~~~
[239/379] Compiling C object src/libcodecore.so.0.0.p/meson-generated_Dialogs_BranchActions_BranchCheckoutPage.c.o
In file included from src/codecore.h:17,
                 from src/libcodecore.so.0.0.p/Dialogs/BranchActions/BranchCheckoutPage.c:11:
/usr/include/granite/granite.h:2118:1: warning: ‘GraniteTextStyle’ is deprecated [-Wdeprecated-declarations]
 2118 | VALA_EXTERN gchar* granite_text_style_get_stylesheet (GraniteTextStyle self,
      | ^~~~~~~~~~~
/usr/include/granite/granite.h:632:15: note: declared here
  632 | typedef enum  {
      |               ^
/usr/include/granite/granite.h:2138:1: warning: ‘GraniteTextStyle’ is deprecated [-Wdeprecated-declarations]
 2138 | VALA_EXTERN void granite_widgets_utils_apply_text_style_to_label (GraniteTextStyle text_style,
      | ^~~~~~~~~~~
/usr/include/granite/granite.h:632:15: note: declared here
  632 | typedef enum  {
      |               ^
src/libcodecore.so.0.0.p/Dialogs/BranchActions/BranchCheckoutPage.c: In function ‘scratch_dialogs_branch_checkout_page_real_get_action’:
src/libcodecore.so.0.0.p/Dialogs/BranchActions/BranchCheckoutPage.c:133:43: warning: variable ‘self’ set but not used [-Wunused-but-set-variable=]
  133 |         ScratchDialogsBranchCheckoutPage* self;
      |                                           ^~~~
src/libcodecore.so.0.0.p/Dialogs/BranchActions/BranchCheckoutPage.c: In function ‘scratch_dialogs_branch_checkout_page_real_get_new_branch_name’:
src/libcodecore.so.0.0.p/Dialogs/BranchActions/BranchCheckoutPage.c:166:43: warning: variable ‘self’ set but not used [-Wunused-but-set-variable=]
  166 |         ScratchDialogsBranchCheckoutPage* self;
      |                                           ^~~~
src/codecore.h: At top level:
src/codecore.h:1505:13: warning: ‘scratch_application_main’ declared ‘static’ but never defined [-Wunused-function]
 1505 | static gint scratch_application_main (gchar** args,
      |             ^~~~~~~~~~~~~~~~~~~~~~~~
[240/379] Compiling C object src/libcodecore.so.0.0.p/meson-generated_FolderManager_FolderItem.c.o
In file included from src/codecore.h:17,
                 from src/libcodecore.so.0.0.p/FolderManager/FolderItem.c:24:
/usr/include/granite/granite.h:2118:1: warning: ‘GraniteTextStyle’ is deprecated [-Wdeprecated-declarations]
 2118 | VALA_EXTERN gchar* granite_text_style_get_stylesheet (GraniteTextStyle self,
      | ^~~~~~~~~~~
/usr/include/granite/granite.h:632:15: note: declared here
  632 | typedef enum  {
      |               ^
/usr/include/granite/granite.h:2138:1: warning: ‘GraniteTextStyle’ is deprecated [-Wdeprecated-declarations]
 2138 | VALA_EXTERN void granite_widgets_utils_apply_text_style_to_label (GraniteTextStyle text_style,
      | ^~~~~~~~~~~
/usr/include/granite/granite.h:632:15: note: declared here
  632 | typedef enum  {
      |               ^
src/libcodecore.so.0.0.p/FolderManager/FolderItem.c: In function ‘scratch_folder_manager_folder_item_load_children_finish’:
src/libcodecore.so.0.0.p/FolderManager/FolderItem.c:392:62: warning: variable ‘_data_’ set but not used [-Wunused-but-set-variable=]
  392 |         ScratchFolderManagerFolderItemLoadChildrenAsyncData* _data_;
      |                                                              ^~~~~~
src/libcodecore.so.0.0.p/FolderManager/FolderItem.c: In function ‘block25_data_unref’:
src/libcodecore.so.0.0.p/FolderManager/FolderItem.c:429:49: warning: variable ‘self’ set but not used [-Wunused-but-set-variable=]
  429 |                 ScratchFolderManagerFolderItem* self;
      |                                                 ^~~~
src/libcodecore.so.0.0.p/FolderManager/FolderItem.c: In function ‘scratch_folder_manager_folder_item_load_templates_from_folder’:
src/libcodecore.so.0.0.p/FolderManager/FolderItem.c:1522:34: warning: passing argument 2 of ‘g_list_foreach’ from incompatible pointer type [-Wincompatible-pointer-types]
 1522 |         g_list_foreach (_tmp41_, ___lambda121__gfunc, _data26_);
      |                                  ^~~~~~~~~~~~~~~~~~~
      |                                  |
      |                                  void (*)(const void *, void *)
In file included from /usr/include/glib-2.0/glib/ghash.h:36,
                 from /usr/include/glib-2.0/glib.h:52,
                 from /usr/include/glib-2.0/gobject/gbinding.h:30,
                 from /usr/include/glib-2.0/glib-object.h:24,
                 from /usr/include/glib-2.0/gio/gioenums.h:30,
                 from /usr/include/glib-2.0/gio/giotypes.h:30,
                 from /usr/include/glib-2.0/gio/gio.h:28,
                 from src/codecore.h:6:
/usr/include/glib-2.0/glib/glist.h:139:60: note: expected ‘GFunc’ {aka ‘void (*)(void *, void *)’} but argument is of type ‘void (*)(const void *, void *)’
  139 |                                          GFunc             func,
      |                                          ~~~~~~~~~~~~~~~~~~^~~~
src/libcodecore.so.0.0.p/FolderManager/FolderItem.c:1295:1: note: ‘___lambda121__gfunc’ declared here
 1295 | ___lambda121__gfunc (gconstpointer data,
      | ^~~~~~~~~~~~~~~~~~~
In file included from /usr/include/glib-2.0/glib/galloca.h:34,
                 from /usr/include/glib-2.0/glib.h:32:
/usr/include/glib-2.0/glib/gtypes.h:141:27: note: ‘GFunc’ declared here
  141 | typedef void            (*GFunc)                (gpointer       data,
      |                           ^~~~~
src/libcodecore.so.0.0.p/FolderManager/FolderItem.c: In function ‘block28_data_unref’:
src/libcodecore.so.0.0.p/FolderManager/FolderItem.c:2004:49: warning: variable ‘self’ set but not used [-Wunused-but-set-variable=]
 2004 |                 ScratchFolderManagerFolderItem* self;
      |                                                 ^~~~
src/libcodecore.so.0.0.p/FolderManager/FolderItem.c: In function ‘block30_data_unref’:
src/libcodecore.so.0.0.p/FolderManager/FolderItem.c:2101:49: warning: variable ‘self’ set but not used [-Wunused-but-set-variable=]
 2101 |                 ScratchFolderManagerFolderItem* self;
      |                                                 ^~~~
src/libcodecore.so.0.0.p/FolderManager/FolderItem.c: In function ‘block32_data_unref’:
src/libcodecore.so.0.0.p/FolderManager/FolderItem.c:2373:49: warning: variable ‘self’ set but not used [-Wunused-but-set-variable=]
 2373 |                 ScratchFolderManagerFolderItem* self;
      |                                                 ^~~~
src/libcodecore.so.0.0.p/FolderManager/FolderItem.c: In function ‘block34_data_unref’:
src/libcodecore.so.0.0.p/FolderManager/FolderItem.c:2545:49: warning: variable ‘self’ set but not used [-Wunused-but-set-variable=]
 2545 |                 ScratchFolderManagerFolderItem* self;
      |                                                 ^~~~
src/codecore.h: At top level:
src/codecore.h:1505:13: warning: ‘scratch_application_main’ declared ‘static’ but never defined [-Wunused-function]
 1505 | static gint scratch_application_main (gchar** args,
      |             ^~~~~~~~~~~~~~~~~~~~~~~~
src/libcodecore.so.0.0.p/FolderManager/FolderItem.c:1129:1: warning: ‘block26_data_ref’ defined but not used [-Wunused-function]
 1129 | block26_data_ref (Block26Data* _data26_)
      | ^~~~~~~~~~~~~~~~
src/libcodecore.so.0.0.p/FolderManager/FolderItem.c:389:1: warning: ‘scratch_folder_manager_folder_item_load_children_finish’ defined but not used [-Wunused-function]
  389 | scratch_folder_manager_folder_item_load_children_finish (ScratchFolderManagerFolderItem* self,
      | ^~~~~~~~~~~~~~~~~~~~~~~~~~~~~~~~~~~~~~~~~~~~~~~~~~~~~~~
[241/379] Compiling C object src/libcodecore.so.0.0.p/meson-generated_Services_CommentToggler.c.o
In file included from src/codecore.h:17,
                 from src/libcodecore.so.0.0.p/Services/CommentToggler.c:23:
/usr/include/granite/granite.h:2118:1: warning: ‘GraniteTextStyle’ is deprecated [-Wdeprecated-declarations]
 2118 | VALA_EXTERN gchar* granite_text_style_get_stylesheet (GraniteTextStyle self,
      | ^~~~~~~~~~~
/usr/include/granite/granite.h:632:15: note: declared here
  632 | typedef enum  {
      |               ^
/usr/include/granite/granite.h:2138:1: warning: ‘GraniteTextStyle’ is deprecated [-Wdeprecated-declarations]
 2138 | VALA_EXTERN void granite_widgets_utils_apply_text_style_to_label (GraniteTextStyle text_style,
      | ^~~~~~~~~~~
/usr/include/granite/granite.h:632:15: note: declared here
  632 | typedef enum  {
      |               ^
src/libcodecore.so.0.0.p/Services/CommentToggler.c: In function ‘scratch_comment_toggler_lines_already_commented’:
src/libcodecore.so.0.0.p/Services/CommentToggler.c:466:30: warning: unused variable ‘_line_collection_size_’ [-Wunused-variable]
  466 |                         gint _line_collection_size_ = 0;
      |                              ^~~~~~~~~~~~~~~~~~~~~~
src/libcodecore.so.0.0.p/Services/CommentToggler.c:429:25: warning: variable ‘_tmp29_’ set but not used [-Wunused-but-set-variable=]
  429 |                 gchar** _tmp29_;
      |                         ^~~~~~~
src/libcodecore.so.0.0.p/Services/CommentToggler.c:428:22: warning: variable ‘_lines_size_’ set but not used [-Wunused-but-set-variable=]
  428 |                 gint _lines_size_;
      |                      ^~~~~~~~~~~~
src/codecore.h: At top level:
src/codecore.h:1505:13: warning: ‘scratch_application_main’ declared ‘static’ but never defined [-Wunused-function]
 1505 | static gint scratch_application_main (gchar** args,
      |             ^~~~~~~~~~~~~~~~~~~~~~~~
[242/379] Compiling C object src/libcodecore.so.0.0.p/meson-generated_FolderManager_FileView.c.o
In file included from src/codecore.h:17,
                 from src/libcodecore.so.0.0.p/FolderManager/FileView.c:24:
/usr/include/granite/granite.h:2118:1: warning: ‘GraniteTextStyle’ is deprecated [-Wdeprecated-declarations]
 2118 | VALA_EXTERN gchar* granite_text_style_get_stylesheet (GraniteTextStyle self,
      | ^~~~~~~~~~~
/usr/include/granite/granite.h:632:15: note: declared here
  632 | typedef enum  {
      |               ^
/usr/include/granite/granite.h:2138:1: warning: ‘GraniteTextStyle’ is deprecated [-Wdeprecated-declarations]
 2138 | VALA_EXTERN void granite_widgets_utils_apply_text_style_to_label (GraniteTextStyle text_style,
      | ^~~~~~~~~~~
/usr/include/granite/granite.h:632:15: note: declared here
  632 | typedef enum  {
      |               ^
src/libcodecore.so.0.0.p/FolderManager/FileView.c: In function ‘scratch_folder_manager_file_view_restore_saved_state_finish’:
src/libcodecore.so.0.0.p/FolderManager/FileView.c:886:60: warning: variable ‘_data_’ set but not used [-Wunused-but-set-variable=]
  886 |         ScratchFolderManagerFileViewRestoreSavedStateData* _data_;
      |                                                            ^~~~~~
src/libcodecore.so.0.0.p/FolderManager/FileView.c: In function ‘scratch_folder_manager_file_view_branch_actions’:
src/libcodecore.so.0.0.p/FolderManager/FileView.c:1410:17: warning: ‘gdk_beep’ is deprecated: Use 'gdk_display_beep' instead [-Wdeprecated-declarations]
 1410 |                 gdk_beep ();
      |                 ^~~~~~~~
In file included from /usr/include/gtk-3.0/gdk/gdk.h:50,
                 from /usr/include/gtk-3.0/gtk/gtk.h:30,
                 from src/codecore.h:7:
/usr/include/gtk-3.0/gdk/gdkmain.h:121:6: note: declared here
  121 | void gdk_beep (void);
      |      ^~~~~~~~
src/libcodecore.so.0.0.p/FolderManager/FileView.c: In function ‘block17_data_unref’:
src/libcodecore.so.0.0.p/FolderManager/FileView.c:1964:47: warning: variable ‘self’ set but not used [-Wunused-but-set-variable=]
 1964 |                 ScratchFolderManagerFileView* self;
      |                                               ^~~~
src/libcodecore.so.0.0.p/FolderManager/FileView.c: In function ‘scratch_folder_manager_file_view_action_launch_app_with_file_path’:
src/libcodecore.so.0.0.p/FolderManager/FileView.c:2518:14: warning: variable ‘_params_size_’ set but not used [-Wunused-but-set-variable=]
 2518 |         gint _params_size_;
      |              ^~~~~~~~~~~~~
src/libcodecore.so.0.0.p/FolderManager/FileView.c: In function ‘__lambda81_’:
src/libcodecore.so.0.0.p/FolderManager/FileView.c:2559:39: warning: variable ‘self’ set but not used [-Wunused-but-set-variable=]
 2559 |         ScratchFolderManagerFileView* self;
      |                                       ^~~~
src/libcodecore.so.0.0.p/FolderManager/FileView.c: In function ‘scratch_folder_manager_file_view_action_execute_contract_with_file_path’:
src/libcodecore.so.0.0.p/FolderManager/FileView.c:2678:14: warning: variable ‘_tmp8__length1’ set but not used [-Wunused-but-set-variable=]
 2678 |         gint _tmp8__length1;
      |              ^~~~~~~~~~~~~~
src/libcodecore.so.0.0.p/FolderManager/FileView.c:2671:14: warning: variable ‘_tmp2__length1’ set but not used [-Wunused-but-set-variable=]
 2671 |         gint _tmp2__length1;
      |              ^~~~~~~~~~~~~~
src/libcodecore.so.0.0.p/FolderManager/FileView.c:2668:14: warning: variable ‘_params_size_’ set but not used [-Wunused-but-set-variable=]
 2668 |         gint _params_size_;
      |              ^~~~~~~~~~~~~
src/libcodecore.so.0.0.p/FolderManager/FileView.c: In function ‘____lambda89_’:
src/libcodecore.so.0.0.p/FolderManager/FileView.c:2826:39: warning: variable ‘self’ set but not used [-Wunused-but-set-variable=]
 2826 |         ScratchFolderManagerFileView* self;
      |                                       ^~~~
src/libcodecore.so.0.0.p/FolderManager/FileView.c: In function ‘scratch_folder_manager_file_view_add_folder_finish’:
src/libcodecore.so.0.0.p/FolderManager/FileView.c:2955:52: warning: variable ‘_data_’ set but not used [-Wunused-but-set-variable=]
 2955 |         ScratchFolderManagerFileViewAddFolderData* _data_;
      |                                                    ^~~~~~
src/libcodecore.so.0.0.p/FolderManager/FileView.c: In function ‘block22_data_unref’:
src/libcodecore.so.0.0.p/FolderManager/FileView.c:2993:47: warning: variable ‘self’ set but not used [-Wunused-but-set-variable=]
 2993 |                 ScratchFolderManagerFileView* self;
      |                                               ^~~~
src/libcodecore.so.0.0.p/FolderManager/FileView.c: In function ‘___lambda97_’:
src/libcodecore.so.0.0.p/FolderManager/FileView.c:3007:39: warning: variable ‘self’ set but not used [-Wunused-but-set-variable=]
 3007 |         ScratchFolderManagerFileView* self;
      |                                       ^~~~
src/libcodecore.so.0.0.p/FolderManager/FileView.c: In function ‘block23_data_unref’:
src/libcodecore.so.0.0.p/FolderManager/FileView.c:3051:47: warning: variable ‘self’ set but not used [-Wunused-but-set-variable=]
 3051 |                 ScratchFolderManagerFileView* self;
      |                                               ^~~~
src/libcodecore.so.0.0.p/FolderManager/FileView.c: In function ‘scratch_folder_manager_file_view_write_settings’:
src/libcodecore.so.0.0.p/FolderManager/FileView.c:3582:38: warning: unused variable ‘_saved_folder_collection_size_’ [-Wunused-variable]
 3582 |                                 gint _saved_folder_collection_size_ = 0;
      |                                      ^~~~~~~~~~~~~~~~~~~~~~~~~~~~~~
src/libcodecore.so.0.0.p/FolderManager/FileView.c:3620:57: warning: passing argument 3 of ‘g_settings_set_strv’ from incompatible pointer type [-Wincompatible-pointer-types]
 3620 |         g_settings_set_strv (_tmp20_, "opened-folders", _tmp21_);
      |                                                         ^~~~~~~
      |                                                         |
      |                                                         gchar ** {aka char **}
In file included from /usr/include/glib-2.0/gio/gio.h:139,
                 from src/codecore.h:6:
/usr/include/glib-2.0/gio/gsettings.h:191:94: note: expected ‘const gchar * const*’ {aka ‘const char * const*’} but argument is of type ‘gchar **’ {aka ‘char **’}
  191 |                                                                          const gchar *const *value);
      |                                                                          ~~~~~~~~~~~~~~~~~~~~^~~~~
src/libcodecore.so.0.0.p/FolderManager/FileView.c:3529:14: warning: variable ‘_tmp21__length1’ set but not used [-Wunused-but-set-variable=]
 3529 |         gint _tmp21__length1;
      |              ^~~~~~~~~~~~~~~
src/libcodecore.so.0.0.p/FolderManager/FileView.c: In function ‘scratch_folder_manager_file_view_real_set_icon_name’:
src/libcodecore.so.0.0.p/FolderManager/FileView.c:3697:19: warning: assignment discards ‘const’ qualifier from pointer target type [-Wdiscarded-qualifiers]
 3697 |         old_value = scratch_folder_manager_file_view_real_get_icon_name (base);
      |                   ^
src/libcodecore.so.0.0.p/FolderManager/FileView.c: In function ‘scratch_folder_manager_file_view_real_set_title’:
src/libcodecore.so.0.0.p/FolderManager/FileView.c:3726:19: warning: assignment discards ‘const’ qualifier from pointer target type [-Wdiscarded-qualifiers]
 3726 |         old_value = scratch_folder_manager_file_view_real_get_title (base);
      |                   ^
src/codecore.h: At top level:
src/codecore.h:1505:13: warning: ‘scratch_application_main’ declared ‘static’ but never defined [-Wunused-function]
 1505 | static gint scratch_application_main (gchar** args,
      |             ^~~~~~~~~~~~~~~~~~~~~~~~
src/libcodecore.so.0.0.p/FolderManager/FileView.c:772:1: warning: ‘scratch_folder_manager_file_view_action_set_active_project’ defined but not used [-Wunused-function]
  772 | scratch_folder_manager_file_view_action_set_active_project (ScratchFolderManagerFileView* self,
      | ^~~~~~~~~~~~~~~~~~~~~~~~~~~~~~~~~~~~~~~~~~~~~~~~~~~~~~~~~~
[243/379] Compiling C object src/libcodecore.so.0.0.p/meson-generated_FolderManager_ProjectFolderItem.c.o
In file included from src/codecore.h:17,
                 from src/libcodecore.so.0.0.p/FolderManager/ProjectFolderItem.c:23:
/usr/include/granite/granite.h:2118:1: warning: ‘GraniteTextStyle’ is deprecated [-Wdeprecated-declarations]
 2118 | VALA_EXTERN gchar* granite_text_style_get_stylesheet (GraniteTextStyle self,
      | ^~~~~~~~~~~
/usr/include/granite/granite.h:632:15: note: declared here
  632 | typedef enum  {
      |               ^
/usr/include/granite/granite.h:2138:1: warning: ‘GraniteTextStyle’ is deprecated [-Wdeprecated-declarations]
 2138 | VALA_EXTERN void granite_widgets_utils_apply_text_style_to_label (GraniteTextStyle text_style,
      | ^~~~~~~~~~~
/usr/include/granite/granite.h:632:15: note: declared here
  632 | typedef enum  {
      |               ^
src/libcodecore.so.0.0.p/FolderManager/ProjectFolderItem.c: In function ‘block36_data_unref’:
src/libcodecore.so.0.0.p/FolderManager/ProjectFolderItem.c:1176:56: warning: variable ‘self’ set but not used [-Wunused-but-set-variable=]
 1176 |                 ScratchFolderManagerProjectFolderItem* self;
      |                                                        ^~~~
src/libcodecore.so.0.0.p/FolderManager/ProjectFolderItem.c: In function ‘__lambda84_’:
src/libcodecore.so.0.0.p/FolderManager/ProjectFolderItem.c:1191:48: warning: variable ‘self’ set but not used [-Wunused-but-set-variable=]
 1191 |         ScratchFolderManagerProjectFolderItem* self;
      |                                                ^~~~
src/libcodecore.so.0.0.p/FolderManager/ProjectFolderItem.c: In function ‘scratch_folder_manager_project_folder_item_update_item_status’:
src/libcodecore.so.0.0.p/FolderManager/ProjectFolderItem.c:1390:33: warning: passing argument 2 of ‘g_list_foreach’ from incompatible pointer type [-Wincompatible-pointer-types]
 1390 |         g_list_foreach (_tmp6_, ___lambda83__gfunc, _data35_);
      |                                 ^~~~~~~~~~~~~~~~~~
      |                                 |
      |                                 void (*)(const void *, void *)
In file included from /usr/include/glib-2.0/glib/ghash.h:36,
                 from /usr/include/glib-2.0/glib.h:52,
                 from /usr/include/glib-2.0/gobject/gbinding.h:30,
                 from /usr/include/glib-2.0/glib-object.h:24,
                 from /usr/include/glib-2.0/gio/gioenums.h:30,
                 from /usr/include/glib-2.0/gio/giotypes.h:30,
                 from /usr/include/glib-2.0/gio/gio.h:28,
                 from src/codecore.h:6:
/usr/include/glib-2.0/glib/glist.h:139:60: note: expected ‘GFunc’ {aka ‘void (*)(void *, void *)’} but argument is of type ‘void (*)(const void *, void *)’
  139 |                                          GFunc             func,
      |                                          ~~~~~~~~~~~~~~~~~~^~~~
src/libcodecore.so.0.0.p/FolderManager/ProjectFolderItem.c:1346:1: note: ‘___lambda83__gfunc’ declared here
 1346 | ___lambda83__gfunc (gconstpointer data,
      | ^~~~~~~~~~~~~~~~~~
In file included from /usr/include/glib-2.0/glib/galloca.h:34,
                 from /usr/include/glib-2.0/glib.h:32:
/usr/include/glib-2.0/glib/gtypes.h:141:27: note: ‘GFunc’ declared here
  141 | typedef void            (*GFunc)                (gpointer       data,
      |                           ^~~~~
src/libcodecore.so.0.0.p/FolderManager/ProjectFolderItem.c: In function ‘scratch_folder_manager_project_folder_item_deprioritize_git_ignored’:
src/libcodecore.so.0.0.p/FolderManager/ProjectFolderItem.c:1506:33: warning: passing argument 2 of ‘g_list_foreach’ from incompatible pointer type [-Wincompatible-pointer-types]
 1506 |         g_list_foreach (_tmp1_, ___lambda85__gfunc, self);
      |                                 ^~~~~~~~~~~~~~~~~~
      |                                 |
      |                                 void (*)(const void *, void *)
/usr/include/glib-2.0/glib/glist.h:139:60: note: expected ‘GFunc’ {aka ‘void (*)(void *, void *)’} but argument is of type ‘void (*)(const void *, void *)’
  139 |                                          GFunc             func,
      |                                          ~~~~~~~~~~~~~~~~~~^~~~
src/libcodecore.so.0.0.p/FolderManager/ProjectFolderItem.c:1491:1: note: ‘___lambda85__gfunc’ declared here
 1491 | ___lambda85__gfunc (gconstpointer data,
      | ^~~~~~~~~~~~~~~~~~
/usr/include/glib-2.0/glib/gtypes.h:141:27: note: ‘GFunc’ declared here
  141 | typedef void            (*GFunc)                (gpointer       data,
      |                           ^~~~~
src/libcodecore.so.0.0.p/FolderManager/ProjectFolderItem.c: In function ‘___lambda111_’:
src/libcodecore.so.0.0.p/FolderManager/ProjectFolderItem.c:1615:48: warning: variable ‘self’ set but not used [-Wunused-but-set-variable=]
 1615 |         ScratchFolderManagerProjectFolderItem* self;
      |                                                ^~~~
src/libcodecore.so.0.0.p/FolderManager/ProjectFolderItem.c: In function ‘__lambda113_’:
src/libcodecore.so.0.0.p/FolderManager/ProjectFolderItem.c:1898:48: warning: variable ‘self’ set but not used [-Wunused-but-set-variable=]
 1898 |         ScratchFolderManagerProjectFolderItem* self;
      |                                                ^~~~
src/libcodecore.so.0.0.p/FolderManager/ProjectFolderItem.c: In function ‘scratch_folder_manager_project_folder_item_global_search’:
src/libcodecore.so.0.0.p/FolderManager/ProjectFolderItem.c:2305:89: warning: passing argument 3 of ‘ggit_status_options_new’ from incompatible pointer type [-Wincompatible-pointer-types]
 2305 |         _tmp56_ = ggit_status_options_new (status_scope, GGIT_STATUS_SHOW_WORKDIR_ONLY, _tmp55_);
      |                                                                                         ^~~~~~~
      |                                                                                         |
      |                                                                                         gchar ** {aka char **}
In file included from /usr/include/libgit2-glib-1.0/libgit2-glib/ggit.h:72,
                 from src/codecore.h:18:
/usr/include/libgit2-glib-1.0/libgit2-glib/ggit-status-options.h:46:86: note: expected ‘const gchar **’ {aka ‘const char **’} but argument is of type ‘gchar **’ {aka ‘char **’}
   46 |                                                            const gchar             **pathspec);
      |                                                            ~~~~~~~~~~~~~~~~~~~~~~~~~~^~~~~~~~
src/libcodecore.so.0.0.p/FolderManager/ProjectFolderItem.c:2063:14: warning: variable ‘_tmp55__length1’ set but not used [-Wunused-but-set-variable=]
 2063 |         gint _tmp55__length1;
      |              ^~~~~~~~~~~~~~~
src/libcodecore.so.0.0.p/FolderManager/ProjectFolderItem.c:2037:14: warning: variable ‘_path_spec_size_’ set but not used [-Wunused-but-set-variable=]
 2037 |         gint _path_spec_size_;
      |              ^~~~~~~~~~~~~~~~
src/codecore.h: At top level:
src/codecore.h:1505:13: warning: ‘scratch_application_main’ declared ‘static’ but never defined [-Wunused-function]
 1505 | static gint scratch_application_main (gchar** args,
      |             ^~~~~~~~~~~~~~~~~~~~~~~~
src/libcodecore.so.0.0.p/FolderManager/ProjectFolderItem.c:2756:1: warning: ‘scratch_folder_manager_project_folder_item_get_git_repo’ defined but not used [-Wunused-function]
 2756 | scratch_folder_manager_project_folder_item_get_git_repo (ScratchFolderManagerProjectFolderItem* self)
      | ^~~~~~~~~~~~~~~~~~~~~~~~~~~~~~~~~~~~~~~~~~~~~~~~~~~~~~~
src/libcodecore.so.0.0.p/FolderManager/ProjectFolderItem.c:1164:1: warning: ‘block36_data_ref’ defined but not used [-Wunused-function]
 1164 | block36_data_ref (Block36Data* _data36_)
      | ^~~~~~~~~~~~~~~~
[244/379] Compiling C object src/libcodecore.so.0.0.p/meson-generated_MainWindow.c.o
In file included from src/codecore.h:17,
                 from src/libcodecore.so.0.0.p/MainWindow.c:24:
/usr/include/granite/granite.h:2118:1: warning: ‘GraniteTextStyle’ is deprecated [-Wdeprecated-declarations]
 2118 | VALA_EXTERN gchar* granite_text_style_get_stylesheet (GraniteTextStyle self,
      | ^~~~~~~~~~~
/usr/include/granite/granite.h:632:15: note: declared here
  632 | typedef enum  {
      |               ^
/usr/include/granite/granite.h:2138:1: warning: ‘GraniteTextStyle’ is deprecated [-Wdeprecated-declarations]
 2138 | VALA_EXTERN void granite_widgets_utils_apply_text_style_to_label (GraniteTextStyle text_style,
      | ^~~~~~~~~~~
/usr/include/granite/granite.h:632:15: note: declared here
  632 | typedef enum  {
      |               ^
src/libcodecore.so.0.0.p/MainWindow.c: In function ‘__lambda180_’:
src/libcodecore.so.0.0.p/MainWindow.c:1381:28: warning: variable ‘self’ set but not used [-Wunused-but-set-variable=]
 1381 |         ScratchMainWindow* self;
      |                            ^~~~
src/libcodecore.so.0.0.p/MainWindow.c: In function ‘__lambda181_’:
src/libcodecore.so.0.0.p/MainWindow.c:1823:121: warning: passing argument 5 of ‘scratch_widgets_document_view_open_document’ discards ‘const’ qualifier from pointer target type [-Wdiscarded-qualifiers]
 1823 |                                                 scratch_widgets_document_view_open_document (_tmp18_, _tmp19_, TRUE, 0, &SELECTION_RANGE_EMPTY, NULL, NULL);
      |                                                                                                                         ^~~~~~~~~~~~~~~~~~~~~~
src/codecore.h:2171:67: note: expected ‘SelectionRange *’ {aka ‘struct _SelectionRange *’} but argument is of type ‘const SelectionRange *’ {aka ‘const struct _SelectionRange *’}
 2171 |                                                   SelectionRange* range,
      |                                                   ~~~~~~~~~~~~~~~~^~~~~
src/libcodecore.so.0.0.p/MainWindow.c:1771:46: warning: variable ‘_tmp6__length1’ set but not used [-Wunused-but-set-variable=]
 1771 |                                         gint _tmp6__length1;
      |                                              ^~~~~~~~~~~~~~
src/libcodecore.so.0.0.p/MainWindow.c:1767:49: warning: variable ‘_tmp5_’ set but not used [-Wunused-but-set-variable=]
 1767 |                                         gchar** _tmp5_;
      |                                                 ^~~~~~
src/libcodecore.so.0.0.p/MainWindow.c:1749:17: warning: variable ‘_tmp2_’ set but not used [-Wunused-but-set-variable=]
 1749 |         gchar** _tmp2_;
      |                 ^~~~~~
src/libcodecore.so.0.0.p/MainWindow.c:1748:14: warning: variable ‘_uris_size_’ set but not used [-Wunused-but-set-variable=]
 1748 |         gint _uris_size_;
      |              ^~~~~~~~~~~
src/libcodecore.so.0.0.p/MainWindow.c: In function ‘__lambda186_’:
src/libcodecore.so.0.0.p/MainWindow.c:2055:28: warning: variable ‘self’ set but not used [-Wunused-but-set-variable=]
 2055 |         ScratchMainWindow* self;
      |                            ^~~~
src/libcodecore.so.0.0.p/MainWindow.c: In function ‘scratch_main_window_init_layout’:
src/libcodecore.so.0.0.p/MainWindow.c:2344:14: warning: variable ‘_tmp10__length1’ set but not used [-Wunused-but-set-variable=]
 2344 |         gint _tmp10__length1;
      |              ^~~~~~~~~~~~~~~
src/libcodecore.so.0.0.p/MainWindow.c: In function ‘scratch_main_window_restore_opened_documents_finish’:
src/libcodecore.so.0.0.p/MainWindow.c:2611:54: warning: variable ‘_data_’ set but not used [-Wunused-but-set-variable=]
 2611 |         ScratchMainWindowRestoreOpenedDocumentsData* _data_;
      |                                                      ^~~~~~
src/libcodecore.so.0.0.p/MainWindow.c: In function ‘scratch_main_window_open_document_finish’:
src/libcodecore.so.0.0.p/MainWindow.c:3152:44: warning: variable ‘_data_’ set but not used [-Wunused-but-set-variable=]
 3152 |         ScratchMainWindowOpenDocumentData* _data_;
      |                                            ^~~~~~
src/libcodecore.so.0.0.p/MainWindow.c: In function ‘scratch_main_window_open_document_co’:
src/libcodecore.so.0.0.p/MainWindow.c:3190:123: warning: passing argument 5 of ‘scratch_widgets_document_view_open_document’ discards ‘const’ qualifier from pointer target type [-Wdiscarded-qualifiers]
 3190 |         scratch_widgets_document_view_open_document (_data_->_tmp6_, _data_->doc, _data_->focus, _data_->cursor_position, &SELECTION_RANGE_EMPTY, scratch_main_window_open_document_ready, _data_);
      |                                                                                                                           ^~~~~~~~~~~~~~~~~~~~~~
src/codecore.h:2171:67: note: expected ‘SelectionRange *’ {aka ‘struct _SelectionRange *’} but argument is of type ‘const SelectionRange *’ {aka ‘const struct _SelectionRange *’}
 2171 |                                                   SelectionRange* range,
      |                                                   ~~~~~~~~~~~~~~~~^~~~~
src/libcodecore.so.0.0.p/MainWindow.c: In function ‘scratch_main_window_open_document_at_selected_range_finish’:
src/libcodecore.so.0.0.p/MainWindow.c:3250:59: warning: variable ‘_data_’ set but not used [-Wunused-but-set-variable=]
 3250 |         ScratchMainWindowOpenDocumentAtSelectedRangeData* _data_;
      |                                                           ^~~~~~
src/libcodecore.so.0.0.p/MainWindow.c: In function ‘double_to_string’:
src/libcodecore.so.0.0.p/MainWindow.c:3624:14: warning: variable ‘_tmp1__length1’ set but not used [-Wunused-but-set-variable=]
 3624 |         gint _tmp1__length1;
      |              ^~~~~~~~~~~~~~
src/libcodecore.so.0.0.p/MainWindow.c: In function ‘__lambda174_’:
src/libcodecore.so.0.0.p/MainWindow.c:3977:28: warning: variable ‘self’ set but not used [-Wunused-but-set-variable=]
 3977 |         ScratchMainWindow* self;
      |                            ^~~~
src/libcodecore.so.0.0.p/MainWindow.c: In function ‘__lambda172_’:
src/libcodecore.so.0.0.p/MainWindow.c:4342:42: warning: passing argument 2 of ‘g_slist_foreach’ from incompatible pointer type [-Wincompatible-pointer-types]
 4342 |                 g_slist_foreach (_tmp1_, ____lambda173__gfunc, self);
      |                                          ^~~~~~~~~~~~~~~~~~~~
      |                                          |
      |                                          void (*)(const void *, void *)
In file included from /usr/include/glib-2.0/glib/gmain.h:28,
                 from /usr/include/glib-2.0/glib/giochannel.h:35,
                 from /usr/include/glib-2.0/glib.h:56,
                 from /usr/include/glib-2.0/gobject/gbinding.h:30,
                 from /usr/include/glib-2.0/glib-object.h:24,
                 from /usr/include/glib-2.0/gio/gioenums.h:30,
                 from /usr/include/glib-2.0/gio/giotypes.h:30,
                 from /usr/include/glib-2.0/gio/gio.h:28,
                 from src/codecore.h:6:
/usr/include/glib-2.0/glib/gslist.h:128:61: note: expected ‘GFunc’ {aka ‘void (*)(void *, void *)’} but argument is of type ‘void (*)(const void *, void *)’
  128 |                                           GFunc             func,
      |                                           ~~~~~~~~~~~~~~~~~~^~~~
src/libcodecore.so.0.0.p/MainWindow.c:4310:1: note: ‘____lambda173__gfunc’ declared here
 4310 | ____lambda173__gfunc (gconstpointer data,
      | ^~~~~~~~~~~~~~~~~~~~
In file included from /usr/include/glib-2.0/glib/galloca.h:34,
                 from /usr/include/glib-2.0/glib.h:32:
/usr/include/glib-2.0/glib/gtypes.h:141:27: note: ‘GFunc’ declared here
  141 | typedef void            (*GFunc)                (gpointer       data,
      |                           ^~~~~
src/libcodecore.so.0.0.p/MainWindow.c: In function ‘block8_data_unref’:
src/libcodecore.so.0.0.p/MainWindow.c:4439:36: warning: variable ‘self’ set but not used [-Wunused-but-set-variable=]
 4439 |                 ScratchMainWindow* self;
      |                                    ^~~~
src/libcodecore.so.0.0.p/MainWindow.c: In function ‘block9_data_unref’:
src/libcodecore.so.0.0.p/MainWindow.c:4462:36: warning: variable ‘self’ set but not used [-Wunused-but-set-variable=]
 4462 |                 ScratchMainWindow* self;
      |                                    ^~~~
src/libcodecore.so.0.0.p/MainWindow.c: In function ‘___lambda170_’:
src/libcodecore.so.0.0.p/MainWindow.c:4477:28: warning: variable ‘self’ set but not used [-Wunused-but-set-variable=]
 4477 |         ScratchMainWindow* self;
      |                            ^~~~
src/libcodecore.so.0.0.p/MainWindow.c: In function ‘scratch_main_window_action_close_tab’:
src/libcodecore.so.0.0.p/MainWindow.c:5069:33: warning: passing argument 2 of ‘g_list_foreach’ from incompatible pointer type [-Wincompatible-pointer-types]
 5069 |         g_list_foreach (_tmp7_, ___lambda177__gfunc, _data11_);
      |                                 ^~~~~~~~~~~~~~~~~~~
      |                                 |
      |                                 void (*)(const void *, void *)
In file included from /usr/include/glib-2.0/glib/ghash.h:36,
                 from /usr/include/glib-2.0/glib.h:52:
/usr/include/glib-2.0/glib/glist.h:139:60: note: expected ‘GFunc’ {aka ‘void (*)(void *, void *)’} but argument is of type ‘void (*)(const void *, void *)’
  139 |                                          GFunc             func,
      |                                          ~~~~~~~~~~~~~~~~~~^~~~
src/libcodecore.so.0.0.p/MainWindow.c:5023:1: note: ‘___lambda177__gfunc’ declared here
 5023 | ___lambda177__gfunc (gconstpointer data,
      | ^~~~~~~~~~~~~~~~~~~
/usr/include/glib-2.0/glib/gtypes.h:141:27: note: ‘GFunc’ declared here
  141 | typedef void            (*GFunc)                (gpointer       data,
      |                           ^~~~~
src/libcodecore.so.0.0.p/MainWindow.c: In function ‘scratch_main_window_close_project_docs’:
src/libcodecore.so.0.0.p/MainWindow.c:5247:33: warning: passing argument 2 of ‘g_list_foreach’ from incompatible pointer type [-Wincompatible-pointer-types]
 5247 |         g_list_foreach (_tmp3_, ___lambda178__gfunc, _data12_);
      |                                 ^~~~~~~~~~~~~~~~~~~
      |                                 |
      |                                 void (*)(const void *, void *)
/usr/include/glib-2.0/glib/glist.h:139:60: note: expected ‘GFunc’ {aka ‘void (*)(void *, void *)’} but argument is of type ‘void (*)(const void *, void *)’
  139 |                                          GFunc             func,
      |                                          ~~~~~~~~~~~~~~~~~~^~~~
src/libcodecore.so.0.0.p/MainWindow.c:5217:1: note: ‘___lambda178__gfunc’ declared here
 5217 | ___lambda178__gfunc (gconstpointer data,
      | ^~~~~~~~~~~~~~~~~~~
/usr/include/glib-2.0/glib/gtypes.h:141:27: note: ‘GFunc’ declared here
  141 | typedef void            (*GFunc)                (gpointer       data,
      |                           ^~~~~
src/libcodecore.so.0.0.p/MainWindow.c: In function ‘scratch_main_window_constructor’:
src/libcodecore.so.0.0.p/MainWindow.c:6773:33: warning: assignment to ‘gchar **’ {aka ‘char **’} from incompatible pointer type ‘void **’ [-Wincompatible-pointer-types]
 6773 |                         _tmp29_ = _tmp28_;
      |                                 ^
src/libcodecore.so.0.0.p/MainWindow.c:6786:100: warning: passing argument 3 of ‘gtk_application_set_accels_for_action’ from incompatible pointer type [-Wincompatible-pointer-types]
 6786 |                         gtk_application_set_accels_for_action ((GtkApplication*) _tmp30_, _tmp33_, _tmp34_);
      |                                                                                                    ^~~~~~~
      |                                                                                                    |
      |                                                                                                    gchar ** {aka char **}
In file included from /usr/include/gtk-3.0/gtk/gtkwindow.h:33,
                 from /usr/include/gtk-3.0/gtk/gtkdialog.h:32,
                 from /usr/include/gtk-3.0/gtk/gtkaboutdialog.h:30,
                 from /usr/include/gtk-3.0/gtk/gtk.h:31,
                 from src/codecore.h:7:
/usr/include/gtk-3.0/gtk/gtkapplication.h:156:89: note: expected ‘const gchar * const*’ {aka ‘const char * const*’} but argument is of type ‘gchar **’ {aka ‘char **’}
  156 |                                                                   const gchar * const  *accels);
      |                                                                   ~~~~~~~~~~~~~~~~~~~~~~^~~~~~
src/libcodecore.so.0.0.p/MainWindow.c:6760:30: warning: variable ‘_tmp34__length1’ set but not used [-Wunused-but-set-variable=]
 6760 |                         gint _tmp34__length1;
      |                              ^~~~~~~~~~~~~~~
src/codecore.h: At top level:
src/codecore.h:1505:13: warning: ‘scratch_application_main’ declared ‘static’ but never defined [-Wunused-function]
 1505 | static gint scratch_application_main (gchar** args,
      |             ^~~~~~~~~~~~~~~~~~~~~~~~
src/libcodecore.so.0.0.p/MainWindow.c:5161:1: warning: ‘block12_data_ref’ defined but not used [-Wunused-function]
 5161 | block12_data_ref (Block12Data* _data12_)
      | ^~~~~~~~~~~~~~~~
src/libcodecore.so.0.0.p/MainWindow.c:4975:1: warning: ‘block11_data_ref’ defined but not used [-Wunused-function]
 4975 | block11_data_ref (Block11Data* _data11_)
      | ^~~~~~~~~~~~~~~~
src/libcodecore.so.0.0.p/MainWindow.c:2608:1: warning: ‘scratch_main_window_restore_opened_documents_finish’ defined but not used [-Wunused-function]
 2608 | scratch_main_window_restore_opened_documents_finish (ScratchMainWindow* self,
      | ^~~~~~~~~~~~~~~~~~~~~~~~~~~~~~~~~~~~~~~~~~~~~~~~~~~
[245/379] Compiling C object src/libcodecore.so.0.0.p/meson-generated_Services_Document.c.o
In file included from src/codecore.h:17,
                 from src/libcodecore.so.0.0.p/Services/Document.c:6:
/usr/include/granite/granite.h:2118:1: warning: ‘GraniteTextStyle’ is deprecated [-Wdeprecated-declarations]
 2118 | VALA_EXTERN gchar* granite_text_style_get_stylesheet (GraniteTextStyle self,
      | ^~~~~~~~~~~
/usr/include/granite/granite.h:632:15: note: declared here
  632 | typedef enum  {
      |               ^
/usr/include/granite/granite.h:2138:1: warning: ‘GraniteTextStyle’ is deprecated [-Wdeprecated-declarations]
 2138 | VALA_EXTERN void granite_widgets_utils_apply_text_style_to_label (GraniteTextStyle text_style,
      | ^~~~~~~~~~~
/usr/include/granite/granite.h:632:15: note: declared here
  632 | typedef enum  {
      |               ^
src/libcodecore.so.0.0.p/Services/Document.c: In function ‘scratch_services_document_open_finish’:
src/libcodecore.so.0.0.p/Services/Document.c:1108:42: warning: variable ‘_data_’ set but not used [-Wunused-but-set-variable=]
 1108 |         ScratchServicesDocumentOpenData* _data_;
      |                                          ^~~~~~
src/libcodecore.so.0.0.p/Services/Document.c: In function ‘scratch_services_document_save_with_hold_co’:
src/libcodecore.so.0.0.p/Services/Document.c:1961:17: warning: label ‘__finally0’ defined but not used [-Wunused-label]
 1961 |                 __finally0:
      |                 ^~~~~~~~~~
src/libcodecore.so.0.0.p/Services/Document.c: In function ‘scratch_services_document_get_slice’:
src/libcodecore.so.0.0.p/Services/Document.c:2933:67: warning: variable ‘_tmp7_’ set but not used [-Wunused-but-set-variable=]
 2933 |                                         ScratchWidgetsSourceView* _tmp7_;
      |                                                                   ^~~~~~
src/libcodecore.so.0.0.p/Services/Document.c:2951:67: warning: variable ‘_tmp14_’ set but not used [-Wunused-but-set-variable=]
 2951 |                                         ScratchWidgetsSourceView* _tmp14_;
      |                                                                   ^~~~~~~
src/libcodecore.so.0.0.p/Services/Document.c:2967:59: warning: variable ‘_tmp22_’ set but not used [-Wunused-but-set-variable=]
 2967 |                                 ScratchWidgetsSourceView* _tmp22_;
      |                                                           ^~~~~~~
src/libcodecore.so.0.0.p/Services/Document.c:2975:51: warning: variable ‘_tmp23_’ set but not used [-Wunused-but-set-variable=]
 2975 |                         ScratchWidgetsSourceView* _tmp23_;
      |                                                   ^~~~~~~
src/libcodecore.so.0.0.p/Services/Document.c:2894:43: warning: variable ‘_tmp0_’ set but not used [-Wunused-but-set-variable=]
 2894 |                 ScratchWidgetsSourceView* _tmp0_;
      |                                           ^~~~~~
src/libcodecore.so.0.0.p/Services/Document.c:2973:17: warning: label ‘__finally0’ defined but not used [-Wunused-label]
 2973 |                 __finally0:
      |                 ^~~~~~~~~~
src/libcodecore.so.0.0.p/Services/Document.c: In function ‘scratch_services_document_check_file_status_finish’:
src/libcodecore.so.0.0.p/Services/Document.c:3297:53: warning: variable ‘_data_’ set but not used [-Wunused-but-set-variable=]
 3297 |         ScratchServicesDocumentCheckFileStatusData* _data_;
      |                                                     ^~~~~~
src/libcodecore.so.0.0.p/Services/Document.c: In function ‘block44_data_unref’:
src/libcodecore.so.0.0.p/Services/Document.c:3603:42: warning: variable ‘self’ set but not used [-Wunused-but-set-variable=]
 3603 |                 ScratchServicesDocument* self;
      |                                          ^~~~
src/libcodecore.so.0.0.p/Services/Document.c: In function ‘__lambda22_’:
src/libcodecore.so.0.0.p/Services/Document.c:3670:34: warning: variable ‘self’ set but not used [-Wunused-but-set-variable=]
 3670 |         ScratchServicesDocument* self;
      |                                  ^~~~
src/libcodecore.so.0.0.p/Services/Document.c: In function ‘block46_data_unref’:
src/libcodecore.so.0.0.p/Services/Document.c:3815:42: warning: variable ‘self’ set but not used [-Wunused-but-set-variable=]
 3815 |                 ScratchServicesDocument* self;
      |                                          ^~~~
src/libcodecore.so.0.0.p/Services/Document.c: In function ‘__lambda31_’:
src/libcodecore.so.0.0.p/Services/Document.c:3947:34: warning: variable ‘self’ set but not used [-Wunused-but-set-variable=]
 3947 |         ScratchServicesDocument* self;
      |                                  ^~~~
src/libcodecore.so.0.0.p/Services/Document.c: In function ‘scratch_services_document_strip_trailing_spaces’:
src/libcodecore.so.0.0.p/Services/Document.c:4995:25: warning: variable ‘_tmp31_’ set but not used [-Wunused-but-set-variable=]
 4995 |                 gchar** _tmp31_;
      |                         ^~~~~~~
src/libcodecore.so.0.0.p/Services/Document.c:5082:38: warning: variable ‘_tmp43__length1’ set but not used [-Wunused-but-set-variable=]
 5082 |                                 gint _tmp43__length1;
      |                                      ^~~~~~~~~~~~~~~
src/libcodecore.so.0.0.p/Services/Document.c:5078:41: warning: variable ‘_tmp41_’ set but not used [-Wunused-but-set-variable=]
 5078 |                                 gchar** _tmp41_;
      |                                         ^~~~~~~
src/libcodecore.so.0.0.p/Services/Document.c:4913:17: warning: variable ‘_tmp29_’ set but not used [-Wunused-but-set-variable=]
 4913 |         gchar** _tmp29_;
      |                 ^~~~~~~
src/libcodecore.so.0.0.p/Services/Document.c:4911:17: warning: variable ‘_tmp28_’ set but not used [-Wunused-but-set-variable=]
 4911 |         gchar** _tmp28_;
      |                 ^~~~~~~
src/libcodecore.so.0.0.p/Services/Document.c:4910:14: warning: variable ‘_lines_size_’ set but not used [-Wunused-but-set-variable=]
 4910 |         gint _lines_size_;
      |              ^~~~~~~~~~~~
src/libcodecore.so.0.0.p/Services/Document.c: In function ‘_scratch_services_document___lambda134_’:
src/libcodecore.so.0.0.p/Services/Document.c:5843:1: warning: no return statement in function returning non-void [-Wreturn-type]
 5843 | }
      | ^
src/libcodecore.so.0.0.p/Services/Document.c: In function ‘scratch_services_document_class_init’:
src/libcodecore.so.0.0.p/Services/Document.c:6087:46: warning: pointer targets in passing argument 2 of ‘FcConfigAppFontAddFile’ differ in signedness [-Wpointer-sign]
 6087 |         if (!FcConfigAppFontAddFile (_tmp2_, _tmp3_)) {
      |                                              ^~~~~~
      |                                              |
      |                                              const gchar * {aka const char *}
In file included from src/libcodecore.so.0.0.p/Services/Document.c:22:
/usr/include/fontconfig/fontconfig.h:507:40: note: expected ‘const FcChar8 *’ {aka ‘const unsigned char *’} but argument is of type ‘const gchar *’ {aka ‘const char *’}
  507 |                         const FcChar8 *file);
      |                         ~~~~~~~~~~~~~~~^~~~
src/libcodecore.so.0.0.p/Services/Document.c:6100:47: warning: passing argument 1 of ‘pango_fc_font_map_set_config’ from incompatible pointer type [-Wincompatible-pointer-types]
 6100 |                 pango_fc_font_map_set_config (_tmp5_, _tmp6_);
      |                                               ^~~~~~
      |                                               |
      |                                               PangoFontMap * {aka struct _PangoFontMap *}
In file included from src/libcodecore.so.0.0.p/Services/Document.c:25:
/usr/include/pango-1.0/pango/pangofc-fontmap.h:64:47: note: expected ‘PangoFcFontMap *’ {aka ‘struct _PangoFcFontMap *’} but argument is of type ‘PangoFontMap *’ {aka ‘struct _PangoFontMap *’}
   64 | pango_fc_font_map_set_config (PangoFcFontMap *fcfontmap,
      |                               ~~~~~~~~~~~~~~~~^~~~~~~~~
src/codecore.h: At top level:
src/codecore.h:1505:13: warning: ‘scratch_application_main’ declared ‘static’ but never defined [-Wunused-function]
 1505 | static gint scratch_application_main (gchar** args,
      |             ^~~~~~~~~~~~~~~~~~~~~~~~
[246/379] Compiling C object src/libcodecore.so.0.0.p/meson-generated_Services_LocationJumpManager.c.o
In file included from src/codecore.h:17,
                 from src/libcodecore.so.0.0.p/Services/LocationJumpManager.c:11:
/usr/include/granite/granite.h:2118:1: warning: ‘GraniteTextStyle’ is deprecated [-Wdeprecated-declarations]
 2118 | VALA_EXTERN gchar* granite_text_style_get_stylesheet (GraniteTextStyle self,
      | ^~~~~~~~~~~
/usr/include/granite/granite.h:632:15: note: declared here
  632 | typedef enum  {
      |               ^
/usr/include/granite/granite.h:2138:1: warning: ‘GraniteTextStyle’ is deprecated [-Wdeprecated-declarations]
 2138 | VALA_EXTERN void granite_widgets_utils_apply_text_style_to_label (GraniteTextStyle text_style,
      | ^~~~~~~~~~~
/usr/include/granite/granite.h:632:15: note: declared here
  632 | typedef enum  {
      |               ^
src/libcodecore.so.0.0.p/Services/LocationJumpManager.c: In function ‘scratch_location_jump_manager_has_override_target’:
src/libcodecore.so.0.0.p/Services/LocationJumpManager.c:99:22: warning: variable ‘pos’ set but not used [-Wunused-but-set-variable=]
   99 |                 gint pos = 0;
      |                      ^~~
src/libcodecore.so.0.0.p/Services/LocationJumpManager.c: In function ‘scratch_location_jump_manager_clear’:
src/libcodecore.so.0.0.p/Services/LocationJumpManager.c:204:56: warning: passing argument 2 of ‘scratch_location_jump_manager_set_range’ discards ‘const’ qualifier from pointer target type [-Wdiscarded-qualifiers]
  204 |         scratch_location_jump_manager_set_range (self, &SELECTION_RANGE_EMPTY);
      |                                                        ^~~~~~~~~~~~~~~~~~~~~~
src/codecore.h:2064:64: note: expected ‘SelectionRange *’ {aka ‘struct _SelectionRange *’} but argument is of type ‘const SelectionRange *’ {aka ‘const struct _SelectionRange *’}
 2064 |                                               SelectionRange * value);
      |                                               ~~~~~~~~~~~~~~~~~^~~~~
src/codecore.h: At top level:
src/codecore.h:1505:13: warning: ‘scratch_application_main’ declared ‘static’ but never defined [-Wunused-function]
 1505 | static gint scratch_application_main (gchar** args,
      |             ^~~~~~~~~~~~~~~~~~~~~~~~
[247/379] Compiling C object src/libcodecore.so.0.0.p/meson-generated_Services_RestoreOverride.c.o
In file included from src/codecore.h:17,
                 from src/libcodecore.so.0.0.p/Services/RestoreOverride.c:11:
/usr/include/granite/granite.h:2118:1: warning: ‘GraniteTextStyle’ is deprecated [-Wdeprecated-declarations]
 2118 | VALA_EXTERN gchar* granite_text_style_get_stylesheet (GraniteTextStyle self,
      | ^~~~~~~~~~~
/usr/include/granite/granite.h:632:15: note: declared here
  632 | typedef enum  {
      |               ^
/usr/include/granite/granite.h:2138:1: warning: ‘GraniteTextStyle’ is deprecated [-Wdeprecated-declarations]
 2138 | VALA_EXTERN void granite_widgets_utils_apply_text_style_to_label (GraniteTextStyle text_style,
      | ^~~~~~~~~~~
/usr/include/granite/granite.h:632:15: note: declared here
  632 | typedef enum  {
      |               ^
src/codecore.h:1505:13: warning: ‘scratch_application_main’ declared ‘static’ but never defined [-Wunused-function]
 1505 | static gint scratch_application_main (gchar** args,
      |             ^~~~~~~~~~~~~~~~~~~~~~~~
[248/379] Compiling C object src/libcodecore.so.0.0.p/meson-generated_Widgets_SourceList_CellRendererExpander.c.o
In file included from src/codecore.h:17,
                 from src/libcodecore.so.0.0.p/Widgets/SourceList/CellRendererExpander.c:9:
/usr/include/granite/granite.h:2118:1: warning: ‘GraniteTextStyle’ is deprecated [-Wdeprecated-declarations]
 2118 | VALA_EXTERN gchar* granite_text_style_get_stylesheet (GraniteTextStyle self,
      | ^~~~~~~~~~~
/usr/include/granite/granite.h:632:15: note: declared here
  632 | typedef enum  {
      |               ^
/usr/include/granite/granite.h:2138:1: warning: ‘GraniteTextStyle’ is deprecated [-Wdeprecated-declarations]
 2138 | VALA_EXTERN void granite_widgets_utils_apply_text_style_to_label (GraniteTextStyle text_style,
      | ^~~~~~~~~~~
/usr/include/granite/granite.h:632:15: note: declared here
  632 | typedef enum  {
      |               ^
src/libcodecore.so.0.0.p/Widgets/SourceList/CellRendererExpander.c: In function ‘code_widgets_cell_renderer_expander_real_get_request_mode’:
src/libcodecore.so.0.0.p/Widgets/SourceList/CellRendererExpander.c:98:43: warning: variable ‘self’ set but not used [-Wunused-but-set-variable=]
   98 |         CodeWidgetsCellRendererExpander * self;
      |                                           ^~~~
src/libcodecore.so.0.0.p/Widgets/SourceList/CellRendererExpander.c: In function ‘code_widgets_cell_renderer_expander_class_init’:
src/libcodecore.so.0.0.p/Widgets/SourceList/CellRendererExpander.c:345:50: warning: assignment to ‘void (*)(GtkCellRenderer *, cairo_t *, GtkWidget *, const GdkRectangle *, const GdkRectangle *, GtkCellRendererState)’ {aka ‘void (*)(struct _GtkCellRenderer *, struct _cairo *, struct _GtkWidget *, const struct _cairo_rectangle_int *, const struct _cairo_rectangle_int *, GtkCellRendererState)’} from incompatible pointer type ‘void (*)(GtkCellRenderer *, cairo_t *, GtkWidget *, GdkRectangle *, GdkRectangle *, GtkCellRendererState)’ {aka ‘void (*)(struct _GtkCellRenderer *, struct _cairo *, struct _GtkWidget *, struct _cairo_rectangle_int *, struct _cairo_rectangle_int *, GtkCellRendererState)’} [-Wincompatible-pointer-types]
  345 |         ((GtkCellRendererClass *) klass)->render = (void (*) (GtkCellRenderer*, cairo_t*, GtkWidget*, GdkRectangle*, GdkRectangle*, GtkCellRendererState)) code_widgets_cell_renderer_expander_real_render;
      |                                                  ^
src/libcodecore.so.0.0.p/Widgets/SourceList/CellRendererExpander.c:199:1: note: ‘code_widgets_cell_renderer_expander_real_render’ declared here
  199 | code_widgets_cell_renderer_expander_real_render (GtkCellRenderer* base,
      | ^~~~~~~~~~~~~~~~~~~~~~~~~~~~~~~~~~~~~~~~~~~~~~~
src/libcodecore.so.0.0.p/Widgets/SourceList/CellRendererExpander.c: In function ‘code_widgets_cell_renderer_expander_finalize’:
src/libcodecore.so.0.0.p/Widgets/SourceList/CellRendererExpander.c:363:43: warning: variable ‘self’ set but not used [-Wunused-but-set-variable=]
  363 |         CodeWidgetsCellRendererExpander * self;
      |                                           ^~~~
src/codecore.h: At top level:
src/codecore.h:1505:13: warning: ‘scratch_application_main’ declared ‘static’ but never defined [-Wunused-function]
 1505 | static gint scratch_application_main (gchar** args,
      |             ^~~~~~~~~~~~~~~~~~~~~~~~
[249/379] Compiling C object src/libcodecore.so.0.0.p/meson-generated_Services_Settings.c.o
In file included from src/codecore.h:17,
                 from src/libcodecore.so.0.0.p/Services/Settings.c:6:
/usr/include/granite/granite.h:2118:1: warning: ‘GraniteTextStyle’ is deprecated [-Wdeprecated-declarations]
 2118 | VALA_EXTERN gchar* granite_text_style_get_stylesheet (GraniteTextStyle self,
      | ^~~~~~~~~~~
/usr/include/granite/granite.h:632:15: note: declared here
  632 | typedef enum  {
      |               ^
/usr/include/granite/granite.h:2138:1: warning: ‘GraniteTextStyle’ is deprecated [-Wdeprecated-declarations]
 2138 | VALA_EXTERN void granite_widgets_utils_apply_text_style_to_label (GraniteTextStyle text_style,
      | ^~~~~~~~~~~
/usr/include/granite/granite.h:632:15: note: declared here
  632 | typedef enum  {
      |               ^
src/codecore.h:1505:13: warning: ‘scratch_application_main’ declared ‘static’ but never defined [-Wunused-function]
 1505 | static gint scratch_application_main (gchar** args,
      |             ^~~~~~~~~~~~~~~~~~~~~~~~
[250/379] Compiling C object src/libcodecore.so.0.0.p/meson-generated_Services_PluginManager.c.o
In file included from src/codecore.h:17,
                 from src/libcodecore.so.0.0.p/Services/PluginManager.c:11:
/usr/include/granite/granite.h:2118:1: warning: ‘GraniteTextStyle’ is deprecated [-Wdeprecated-declarations]
 2118 | VALA_EXTERN gchar* granite_text_style_get_stylesheet (GraniteTextStyle self,
      | ^~~~~~~~~~~
/usr/include/granite/granite.h:632:15: note: declared here
  632 | typedef enum  {
      |               ^
/usr/include/granite/granite.h:2138:1: warning: ‘GraniteTextStyle’ is deprecated [-Wdeprecated-declarations]
 2138 | VALA_EXTERN void granite_widgets_utils_apply_text_style_to_label (GraniteTextStyle text_style,
      | ^~~~~~~~~~~
/usr/include/granite/granite.h:632:15: note: declared here
  632 | typedef enum  {
      |               ^
src/libcodecore.so.0.0.p/Services/PluginManager.c: In function ‘scratch_services_plugins_manager_get_view’:
src/libcodecore.so.0.0.p/Services/PluginManager.c:619:66: warning: passing argument 3 of ‘gtk_list_box_bind_model’ from incompatible pointer type [-Wincompatible-pointer-types]
  619 |         gtk_list_box_bind_model (list_box, (GListModel*) _tmp6_, _scratch_services_plugins_manager_get_widget_for_plugin_info_gtk_list_box_create_widget_func, g_object_ref (self), g_object_unref);
      |                                                                  ^~~~~~~~~~~~~~~~~~~~~~~~~~~~~~~~~~~~~~~~~~~~~~~~~~~~~~~~~~~~~~~~~~~~~~~~~~~~~~~~~~~~~~~~~~~~
      |                                                                  |
      |                                                                  GtkWidget * (*)(GObject *, void *) {aka struct _GtkWidget * (*)(struct _GObject *, void *)}
In file included from /usr/include/gtk-3.0/gtk/gtk.h:140,
                 from src/codecore.h:7:
/usr/include/gtk-3.0/gtk/gtklistbox.h:312:89: note: expected ‘GtkListBoxCreateWidgetFunc’ {aka ‘struct _GtkWidget * (*)(void *, void *)’} but argument is of type ‘GtkWidget * (*)(GObject *, void *)’ {aka ‘struct _GtkWidget * (*)(struct _GObject *, void *)’}
  312 |                                                           GtkListBoxCreateWidgetFunc    create_widget_func,
      |                                                           ~~~~~~~~~~~~~~~~~~~~~~~~~~~~~~^~~~~~~~~~~~~~~~~~
src/libcodecore.so.0.0.p/Services/PluginManager.c:545:1: note: ‘_scratch_services_plugins_manager_get_widget_for_plugin_info_gtk_list_box_create_widget_func’ declared here
  545 | _scratch_services_plugins_manager_get_widget_for_plugin_info_gtk_list_box_create_widget_func (GObject* item,
      | ^~~~~~~~~~~~~~~~~~~~~~~~~~~~~~~~~~~~~~~~~~~~~~~~~~~~~~~~~~~~~~~~~~~~~~~~~~~~~~~~~~~~~~~~~~~~
/usr/include/gtk-3.0/gtk/gtklistbox.h:189:23: note: ‘GtkListBoxCreateWidgetFunc’ declared here
  189 | typedef GtkWidget * (*GtkListBoxCreateWidgetFunc) (gpointer item,
      |                       ^~~~~~~~~~~~~~~~~~~~~~~~~~
src/libcodecore.so.0.0.p/Services/PluginManager.c: In function ‘scratch_services_plugins_manager_constructor’:
src/libcodecore.so.0.0.p/Services/PluginManager.c:1078:112: warning: passing argument 4 of ‘peas_extension_set_new_with_properties’ from incompatible pointer type [-Wincompatible-pointer-types]
 1078 |         _tmp16_ = peas_extension_set_new_with_properties (_tmp8_, SCRATCH_SERVICES_TYPE_ACTIVATABLE_PLUGIN, 1, _tmp11_, _tmp15_);
      |                                                                                                                ^~~~~~~
      |                                                                                                                |
      |                                                                                                                gchar ** {aka char **}
In file included from /usr/include/libpeas-2/libpeas.h:27,
                 from src/libcodecore.so.0.0.p/Services/PluginManager.c:15:
/usr/include/libpeas-2/peas-extension-set.h:68:89: note: expected ‘const char **’ but argument is of type ‘gchar **’ {aka ‘char **’}
   68 |                                                           const char                  **prop_names,
      |                                                           ~~~~~~~~~~~~~~~~~~~~~~~~~~~~~~^~~~~~~~~~
src/codecore.h: At top level:
src/codecore.h:1505:13: warning: ‘scratch_application_main’ declared ‘static’ but never defined [-Wunused-function]
 1505 | static gint scratch_application_main (gchar** args,
      |             ^~~~~~~~~~~~~~~~~~~~~~~~
[251/379] Compiling C object src/libcodecore.so.0.0.p/meson-generated_Widgets_PaneSwitcher.c.o
In file included from src/codecore.h:17,
                 from src/libcodecore.so.0.0.p/Widgets/PaneSwitcher.c:23:
/usr/include/granite/granite.h:2118:1: warning: ‘GraniteTextStyle’ is deprecated [-Wdeprecated-declarations]
 2118 | VALA_EXTERN gchar* granite_text_style_get_stylesheet (GraniteTextStyle self,
      | ^~~~~~~~~~~
/usr/include/granite/granite.h:632:15: note: declared here
  632 | typedef enum  {
      |               ^
/usr/include/granite/granite.h:2138:1: warning: ‘GraniteTextStyle’ is deprecated [-Wdeprecated-declarations]
 2138 | VALA_EXTERN void granite_widgets_utils_apply_text_style_to_label (GraniteTextStyle text_style,
      | ^~~~~~~~~~~
/usr/include/granite/granite.h:632:15: note: declared here
  632 | typedef enum  {
      |               ^
src/codecore.h:1505:13: warning: ‘scratch_application_main’ declared ‘static’ but never defined [-Wunused-function]
 1505 | static gint scratch_application_main (gchar** args,
      |             ^~~~~~~~~~~~~~~~~~~~~~~~
[252/379] Compiling C object src/libcodecore.so.0.0.p/meson-generated_Widgets_GitGutterRenderer.c.o
In file included from src/codecore.h:17,
                 from src/libcodecore.so.0.0.p/Widgets/GitGutterRenderer.c:11:
/usr/include/granite/granite.h:2118:1: warning: ‘GraniteTextStyle’ is deprecated [-Wdeprecated-declarations]
 2118 | VALA_EXTERN gchar* granite_text_style_get_stylesheet (GraniteTextStyle self,
      | ^~~~~~~~~~~
/usr/include/granite/granite.h:632:15: note: declared here
  632 | typedef enum  {
      |               ^
/usr/include/granite/granite.h:2138:1: warning: ‘GraniteTextStyle’ is deprecated [-Wdeprecated-declarations]
 2138 | VALA_EXTERN void granite_widgets_utils_apply_text_style_to_label (GraniteTextStyle text_style,
      | ^~~~~~~~~~~
/usr/include/granite/granite.h:632:15: note: declared here
  632 | typedef enum  {
      |               ^
src/codecore.h:1505:13: warning: ‘scratch_application_main’ declared ‘static’ but never defined [-Wunused-function]
 1505 | static gint scratch_application_main (gchar** args,
      |             ^~~~~~~~~~~~~~~~~~~~~~~~
[253/379] Compiling C object src/libcodecore.so.0.0.p/meson-generated_Widgets_ChooseProjectButton.c.o
In file included from src/codecore.h:17,
                 from src/libcodecore.so.0.0.p/Widgets/ChooseProjectButton.c:22:
/usr/include/granite/granite.h:2118:1: warning: ‘GraniteTextStyle’ is deprecated [-Wdeprecated-declarations]
 2118 | VALA_EXTERN gchar* granite_text_style_get_stylesheet (GraniteTextStyle self,
      | ^~~~~~~~~~~
/usr/include/granite/granite.h:632:15: note: declared here
  632 | typedef enum  {
      |               ^
/usr/include/granite/granite.h:2138:1: warning: ‘GraniteTextStyle’ is deprecated [-Wdeprecated-declarations]
 2138 | VALA_EXTERN void granite_widgets_utils_apply_text_style_to_label (GraniteTextStyle text_style,
      | ^~~~~~~~~~~
/usr/include/granite/granite.h:632:15: note: declared here
  632 | typedef enum  {
      |               ^
src/libcodecore.so.0.0.p/Widgets/ChooseProjectButton.c: In function ‘code_choose_project_button_project_row_set_project_path’:
src/libcodecore.so.0.0.p/Widgets/ChooseProjectButton.c:350:19: warning: assignment discards ‘const’ qualifier from pointer target type [-Wdiscarded-qualifiers]
  350 |         old_value = code_choose_project_button_project_row_get_project_path (self);
      |                   ^
src/libcodecore.so.0.0.p/Widgets/ChooseProjectButton.c: In function ‘_code_choose_project_button___lambda158_’:
src/libcodecore.so.0.0.p/Widgets/ChooseProjectButton.c:602:34: warning: variable ‘self’ set but not used [-Wunused-but-set-variable=]
  602 |         CodeChooseProjectButton* self;
      |                                  ^~~~
src/libcodecore.so.0.0.p/Widgets/ChooseProjectButton.c: In function ‘code_choose_project_button_constructor’:
src/libcodecore.so.0.0.p/Widgets/ChooseProjectButton.c:1034:61: warning: passing argument 2 of ‘gtk_menu_button_set_popover’ from incompatible pointer type [-Wincompatible-pointer-types]
 1034 |         gtk_menu_button_set_popover ((GtkMenuButton*) self, _tmp43_);
      |                                                             ^~~~~~~
      |                                                             |
      |                                                             GtkPopover * {aka struct _GtkPopover *}
In file included from /usr/include/gtk-3.0/gtk/gtk.h:146,
                 from src/codecore.h:7:
/usr/include/gtk-3.0/gtk/gtkmenubutton.h:77:61: note: expected ‘GtkWidget *’ {aka ‘struct _GtkWidget *’} but argument is of type ‘GtkPopover *’ {aka ‘struct _GtkPopover *’}
   77 |                                              GtkWidget     *popover);
      |                                              ~~~~~~~~~~~~~~~^~~~~~~
src/codecore.h: At top level:
src/codecore.h:1505:13: warning: ‘scratch_application_main’ declared ‘static’ but never defined [-Wunused-function]
 1505 | static gint scratch_application_main (gchar** args,
      |             ^~~~~~~~~~~~~~~~~~~~~~~~
[254/379] Compiling C object src/libcodecore.so.0.0.p/meson-generated_Widgets_SourceList_CellRendererBadge.c.o
In file included from src/codecore.h:17,
                 from src/libcodecore.so.0.0.p/Widgets/SourceList/CellRendererBadge.c:10:
/usr/include/granite/granite.h:2118:1: warning: ‘GraniteTextStyle’ is deprecated [-Wdeprecated-declarations]
 2118 | VALA_EXTERN gchar* granite_text_style_get_stylesheet (GraniteTextStyle self,
      | ^~~~~~~~~~~
/usr/include/granite/granite.h:632:15: note: declared here
  632 | typedef enum  {
      |               ^
/usr/include/granite/granite.h:2138:1: warning: ‘GraniteTextStyle’ is deprecated [-Wdeprecated-declarations]
 2138 | VALA_EXTERN void granite_widgets_utils_apply_text_style_to_label (GraniteTextStyle text_style,
      | ^~~~~~~~~~~
/usr/include/granite/granite.h:632:15: note: declared here
  632 | typedef enum  {
      |               ^
src/libcodecore.so.0.0.p/Widgets/SourceList/CellRendererBadge.c: In function ‘code_widgets_cell_renderer_badge_real_get_request_mode’:
src/libcodecore.so.0.0.p/Widgets/SourceList/CellRendererBadge.c:105:40: warning: variable ‘self’ set but not used [-Wunused-but-set-variable=]
  105 |         CodeWidgetsCellRendererBadge * self;
      |                                        ^~~~
src/libcodecore.so.0.0.p/Widgets/SourceList/CellRendererBadge.c: In function ‘code_widgets_cell_renderer_badge_update_layout_properties’:
src/libcodecore.so.0.0.p/Widgets/SourceList/CellRendererBadge.c:222:24: warning: variable ‘ink_rect’ set but not used [-Wunused-but-set-variable=]
  222 |         PangoRectangle ink_rect = {0};
      |                        ^~~~~~~~
src/libcodecore.so.0.0.p/Widgets/SourceList/CellRendererBadge.c: In function ‘code_widgets_cell_renderer_badge_set_text’:
src/libcodecore.so.0.0.p/Widgets/SourceList/CellRendererBadge.c:375:19: warning: assignment discards ‘const’ qualifier from pointer target type [-Wdiscarded-qualifiers]
  375 |         old_value = code_widgets_cell_renderer_badge_get_text (self);
      |                   ^
src/libcodecore.so.0.0.p/Widgets/SourceList/CellRendererBadge.c: In function ‘code_widgets_cell_renderer_badge_class_init’:
src/libcodecore.so.0.0.p/Widgets/SourceList/CellRendererBadge.c:394:50: warning: assignment to ‘void (*)(GtkCellRenderer *, cairo_t *, GtkWidget *, const GdkRectangle *, const GdkRectangle *, GtkCellRendererState)’ {aka ‘void (*)(struct _GtkCellRenderer *, struct _cairo *, struct _GtkWidget *, const struct _cairo_rectangle_int *, const struct _cairo_rectangle_int *, GtkCellRendererState)’} from incompatible pointer type ‘void (*)(GtkCellRenderer *, cairo_t *, GtkWidget *, GdkRectangle *, GdkRectangle *, GtkCellRendererState)’ {aka ‘void (*)(struct _GtkCellRenderer *, struct _cairo *, struct _GtkWidget *, struct _cairo_rectangle_int *, struct _cairo_rectangle_int *, GtkCellRendererState)’} [-Wincompatible-pointer-types]
  394 |         ((GtkCellRendererClass *) klass)->render = (void (*) (GtkCellRenderer*, cairo_t*, GtkWidget*, GdkRectangle*, GdkRectangle*, GtkCellRendererState)) code_widgets_cell_renderer_badge_real_render;
      |                                                  ^
src/libcodecore.so.0.0.p/Widgets/SourceList/CellRendererBadge.c:253:1: note: ‘code_widgets_cell_renderer_badge_real_render’ declared here
  253 | code_widgets_cell_renderer_badge_real_render (GtkCellRenderer* base,
      | ^~~~~~~~~~~~~~~~~~~~~~~~~~~~~~~~~~~~~~~~~~~~
src/codecore.h: At top level:
src/codecore.h:1505:13: warning: ‘scratch_application_main’ declared ‘static’ but never defined [-Wunused-function]
 1505 | static gint scratch_application_main (gchar** args,
      |             ^~~~~~~~~~~~~~~~~~~~~~~~
[255/379] Compiling C object src/libcodecore.so.0.0.p/meson-generated_Services_MonitoredRepository.c.o
In file included from src/codecore.h:17,
                 from src/libcodecore.so.0.0.p/Services/MonitoredRepository.c:24:
/usr/include/granite/granite.h:2118:1: warning: ‘GraniteTextStyle’ is deprecated [-Wdeprecated-declarations]
 2118 | VALA_EXTERN gchar* granite_text_style_get_stylesheet (GraniteTextStyle self,
      | ^~~~~~~~~~~
/usr/include/granite/granite.h:632:15: note: declared here
  632 | typedef enum  {
      |               ^
/usr/include/granite/granite.h:2138:1: warning: ‘GraniteTextStyle’ is deprecated [-Wdeprecated-declarations]
 2138 | VALA_EXTERN void granite_widgets_utils_apply_text_style_to_label (GraniteTextStyle text_style,
      | ^~~~~~~~~~~
/usr/include/granite/granite.h:632:15: note: declared here
  632 | typedef enum  {
      |               ^
src/libcodecore.so.0.0.p/Services/MonitoredRepository.c: In function ‘___lambda13_’:
src/libcodecore.so.0.0.p/Services/MonitoredRepository.c:906:45: warning: variable ‘self’ set but not used [-Wunused-but-set-variable=]
  906 |         ScratchServicesMonitoredRepository* self;
      |                                             ^~~~
src/libcodecore.so.0.0.p/Services/MonitoredRepository.c: In function ‘block50_data_unref’:
src/libcodecore.so.0.0.p/Services/MonitoredRepository.c:1199:53: warning: variable ‘self’ set but not used [-Wunused-but-set-variable=]
 1199 |                 ScratchServicesMonitoredRepository* self;
      |                                                     ^~~~
src/libcodecore.so.0.0.p/Services/MonitoredRepository.c: In function ‘__lambda11_’:
src/libcodecore.so.0.0.p/Services/MonitoredRepository.c:1770:45: warning: variable ‘self’ set but not used [-Wunused-but-set-variable=]
 1770 |         ScratchServicesMonitoredRepository* self;
      |                                             ^~~~
src/libcodecore.so.0.0.p/Services/MonitoredRepository.c: In function ‘scratch_services_monitored_repository_refresh_diff’:
src/libcodecore.so.0.0.p/Services/MonitoredRepository.c:2044:25: warning: unused variable ‘_inner_error1_’ [-Wunused-variable]
 2044 |                 GError* _inner_error1_ = NULL;
      |                         ^~~~~~~~~~~~~~
src/codecore.h: At top level:
src/codecore.h:1505:13: warning: ‘scratch_application_main’ declared ‘static’ but never defined [-Wunused-function]
 1505 | static gint scratch_application_main (gchar** args,
      |             ^~~~~~~~~~~~~~~~~~~~~~~~
src/libcodecore.so.0.0.p/Services/MonitoredRepository.c:1901:1: warning: ‘block52_data_ref’ defined but not used [-Wunused-function]
 1901 | block52_data_ref (Block52Data* _data52_)
      | ^~~~~~~~~~~~~~~~
src/libcodecore.so.0.0.p/Services/MonitoredRepository.c:1744:1: warning: ‘block51_data_ref’ defined but not used [-Wunused-function]
 1744 | block51_data_ref (Block51Data* _data51_)
      | ^~~~~~~~~~~~~~~~
[256/379] Compiling C object src/libcodecore.so.0.0.p/meson-generated_Widgets_HeaderBar.c.o
In file included from src/codecore.h:17,
                 from src/libcodecore.so.0.0.p/Widgets/HeaderBar.c:10:
/usr/include/granite/granite.h:2118:1: warning: ‘GraniteTextStyle’ is deprecated [-Wdeprecated-declarations]
 2118 | VALA_EXTERN gchar* granite_text_style_get_stylesheet (GraniteTextStyle self,
      | ^~~~~~~~~~~
/usr/include/granite/granite.h:632:15: note: declared here
  632 | typedef enum  {
      |               ^
/usr/include/granite/granite.h:2138:1: warning: ‘GraniteTextStyle’ is deprecated [-Wdeprecated-declarations]
 2138 | VALA_EXTERN void granite_widgets_utils_apply_text_style_to_label (GraniteTextStyle text_style,
      | ^~~~~~~~~~~
/usr/include/granite/granite.h:632:15: note: declared here
  632 | typedef enum  {
      |               ^
src/libcodecore.so.0.0.p/Widgets/HeaderBar.c: In function ‘scratch_header_bar_style_color_button’:
src/libcodecore.so.0.0.p/Widgets/HeaderBar.c:217:16: warning: assignment to ‘gchar **’ {aka ‘char **’} from incompatible pointer type ‘const gchar * const*’ {aka ‘const char * const*’} [-Wincompatible-pointer-types]
  217 |         _tmp5_ = gtk_source_style_scheme_manager_get_scheme_ids (_tmp4_);
      |                ^
src/libcodecore.so.0.0.p/Widgets/HeaderBar.c: In function ‘_scratch_header_bar___lambda61_’:
src/libcodecore.so.0.0.p/Widgets/HeaderBar.c:727:27: warning: variable ‘self’ set but not used [-Wunused-but-set-variable=]
  727 |         ScratchHeaderBar* self;
      |                           ^~~~
src/libcodecore.so.0.0.p/Widgets/HeaderBar.c: In function ‘_scratch_header_bar___lambda62_’:
src/libcodecore.so.0.0.p/Widgets/HeaderBar.c:746:27: warning: variable ‘self’ set but not used [-Wunused-but-set-variable=]
  746 |         ScratchHeaderBar* self;
      |                           ^~~~
src/libcodecore.so.0.0.p/Widgets/HeaderBar.c: In function ‘_scratch_header_bar___lambda63_’:
src/libcodecore.so.0.0.p/Widgets/HeaderBar.c:766:27: warning: variable ‘self’ set but not used [-Wunused-but-set-variable=]
  766 |         ScratchHeaderBar* self;
      |                           ^~~~
src/libcodecore.so.0.0.p/Widgets/HeaderBar.c: In function ‘_scratch_header_bar___lambda64_’:
src/libcodecore.so.0.0.p/Widgets/HeaderBar.c:806:27: warning: variable ‘self’ set but not used [-Wunused-but-set-variable=]
  806 |         ScratchHeaderBar* self;
      |                           ^~~~
src/libcodecore.so.0.0.p/Widgets/HeaderBar.c: In function ‘_scratch_header_bar___lambda65_’:
src/libcodecore.so.0.0.p/Widgets/HeaderBar.c:829:27: warning: variable ‘self’ set but not used [-Wunused-but-set-variable=]
  829 |         ScratchHeaderBar* self;
      |                           ^~~~
src/libcodecore.so.0.0.p/Widgets/HeaderBar.c: In function ‘_scratch_header_bar___lambda66_’:
src/libcodecore.so.0.0.p/Widgets/HeaderBar.c:852:27: warning: variable ‘self’ set but not used [-Wunused-but-set-variable=]
  852 |         ScratchHeaderBar* self;
      |                           ^~~~
src/libcodecore.so.0.0.p/Widgets/HeaderBar.c: In function ‘scratch_header_bar_constructor’:
src/libcodecore.so.0.0.p/Widgets/HeaderBar.c:1583:48: warning: passing argument 2 of ‘gtk_menu_button_set_popover’ from incompatible pointer type [-Wincompatible-pointer-types]
 1583 |         gtk_menu_button_set_popover (_tmp216_, _tmp214_);
      |                                                ^~~~~~~~
      |                                                |
      |                                                GtkPopover * {aka struct _GtkPopover *}
In file included from /usr/include/gtk-3.0/gtk/gtk.h:146,
                 from src/codecore.h:7:
/usr/include/gtk-3.0/gtk/gtkmenubutton.h:77:61: note: expected ‘GtkWidget *’ {aka ‘struct _GtkWidget *’} but argument is of type ‘GtkPopover *’ {aka ‘struct _GtkPopover *’}
   77 |                                              GtkWidget     *popover);
      |                                              ~~~~~~~~~~~~~~~^~~~~~~
src/codecore.h: At top level:
src/codecore.h:1505:13: warning: ‘scratch_application_main’ declared ‘static’ but never defined [-Wunused-function]
 1505 | static gint scratch_application_main (gchar** args,
      |             ^~~~~~~~~~~~~~~~~~~~~~~~
[257/379] Compiling C object src/libcodecore.so.0.0.p/meson-generated_Widgets_PopoverMenuItem.c.o
In file included from src/codecore.h:17,
                 from src/libcodecore.so.0.0.p/Widgets/PopoverMenuItem.c:9:
/usr/include/granite/granite.h:2118:1: warning: ‘GraniteTextStyle’ is deprecated [-Wdeprecated-declarations]
 2118 | VALA_EXTERN gchar* granite_text_style_get_stylesheet (GraniteTextStyle self,
      | ^~~~~~~~~~~
/usr/include/granite/granite.h:632:15: note: declared here
  632 | typedef enum  {
      |               ^
/usr/include/granite/granite.h:2138:1: warning: ‘GraniteTextStyle’ is deprecated [-Wdeprecated-declarations]
 2138 | VALA_EXTERN void granite_widgets_utils_apply_text_style_to_label (GraniteTextStyle text_style,
      | ^~~~~~~~~~~
/usr/include/granite/granite.h:632:15: note: declared here
  632 | typedef enum  {
      |               ^
src/libcodecore.so.0.0.p/Widgets/PopoverMenuItem.c: In function ‘code_popover_menu_item_set_text’:
src/libcodecore.so.0.0.p/Widgets/PopoverMenuItem.c:101:19: warning: assignment discards ‘const’ qualifier from pointer target type [-Wdiscarded-qualifiers]
  101 |         old_value = code_popover_menu_item_get_text (self);
      |                   ^
src/libcodecore.so.0.0.p/Widgets/PopoverMenuItem.c: In function ‘code_popover_menu_item_set_icon_name’:
src/libcodecore.so.0.0.p/Widgets/PopoverMenuItem.c:128:19: warning: assignment discards ‘const’ qualifier from pointer target type [-Wdiscarded-qualifiers]
  128 |         old_value = code_popover_menu_item_get_icon_name (self);
      |                   ^
src/codecore.h: At top level:
src/codecore.h:1505:13: warning: ‘scratch_application_main’ declared ‘static’ but never defined [-Wunused-function]
 1505 | static gint scratch_application_main (gchar** args,
      |             ^~~~~~~~~~~~~~~~~~~~~~~~
[258/379] Compiling C object src/libcodecore.so.0.0.p/meson-generated_Widgets_SearchBar.c.o
In file included from src/codecore.h:17,
                 from src/libcodecore.so.0.0.p/Widgets/SearchBar.c:25:
/usr/include/granite/granite.h:2118:1: warning: ‘GraniteTextStyle’ is deprecated [-Wdeprecated-declarations]
 2118 | VALA_EXTERN gchar* granite_text_style_get_stylesheet (GraniteTextStyle self,
      | ^~~~~~~~~~~
/usr/include/granite/granite.h:632:15: note: declared here
  632 | typedef enum  {
      |               ^
/usr/include/granite/granite.h:2138:1: warning: ‘GraniteTextStyle’ is deprecated [-Wdeprecated-declarations]
 2138 | VALA_EXTERN void granite_widgets_utils_apply_text_style_to_label (GraniteTextStyle text_style,
      | ^~~~~~~~~~~
/usr/include/granite/granite.h:632:15: note: declared here
  632 | typedef enum  {
      |               ^
src/libcodecore.so.0.0.p/Widgets/SearchBar.c: In function ‘scratch_widgets_search_bar_has_matches’:
src/libcodecore.so.0.0.p/Widgets/SearchBar.c:824:18: warning: variable ‘has_wrapped_around’ set but not used [-Wunused-but-set-variable=]
  824 |         gboolean has_wrapped_around = FALSE;
      |                  ^~~~~~~~~~~~~~~~~~
src/libcodecore.so.0.0.p/Widgets/SearchBar.c: In function ‘scratch_widgets_search_bar_constructor’:
src/libcodecore.so.0.0.p/Widgets/SearchBar.c:2336:47: warning: passing argument 2 of ‘gtk_menu_button_set_popover’ from incompatible pointer type [-Wincompatible-pointer-types]
 2336 |         gtk_menu_button_set_popover (_tmp65_, _tmp63_);
      |                                               ^~~~~~~
      |                                               |
      |                                               GtkPopover * {aka struct _GtkPopover *}
In file included from /usr/include/gtk-3.0/gtk/gtk.h:146,
                 from src/codecore.h:7:
/usr/include/gtk-3.0/gtk/gtkmenubutton.h:77:61: note: expected ‘GtkWidget *’ {aka ‘struct _GtkWidget *’} but argument is of type ‘GtkPopover *’ {aka ‘struct _GtkPopover *’}
   77 |                                              GtkWidget     *popover);
      |                                              ~~~~~~~~~~~~~~~^~~~~~~
src/codecore.h: At top level:
src/codecore.h:1505:13: warning: ‘scratch_application_main’ declared ‘static’ but never defined [-Wunused-function]
 1505 | static gint scratch_application_main (gchar** args,
      |             ^~~~~~~~~~~~~~~~~~~~~~~~
[259/379] Compiling C object src/libcodecore.so.0.0.p/meson-generated_Widgets_FormatBar.c.o
In file included from src/codecore.h:17,
                 from src/libcodecore.so.0.0.p/Widgets/FormatBar.c:23:
/usr/include/granite/granite.h:2118:1: warning: ‘GraniteTextStyle’ is deprecated [-Wdeprecated-declarations]
 2118 | VALA_EXTERN gchar* granite_text_style_get_stylesheet (GraniteTextStyle self,
      | ^~~~~~~~~~~
/usr/include/granite/granite.h:632:15: note: declared here
  632 | typedef enum  {
      |               ^
/usr/include/granite/granite.h:2138:1: warning: ‘GraniteTextStyle’ is deprecated [-Wdeprecated-declarations]
 2138 | VALA_EXTERN void granite_widgets_utils_apply_text_style_to_label (GraniteTextStyle text_style,
      | ^~~~~~~~~~~
/usr/include/granite/granite.h:632:15: note: declared here
  632 | typedef enum  {
      |               ^
src/libcodecore.so.0.0.p/Widgets/FormatBar.c: In function ‘code_format_bar_create_language_popover’:
src/libcodecore.so.0.0.p/Widgets/FormatBar.c:449:27: warning: assignment to ‘gchar **’ {aka ‘char **’} from incompatible pointer type ‘const gchar * const*’ {aka ‘const char * const*’} [-Wincompatible-pointer-types]
  449 |         _tmp12_ = _tmp11_ = gtk_source_language_manager_get_language_ids (_tmp10_);
      |                           ^
src/libcodecore.so.0.0.p/Widgets/FormatBar.c:459:22: warning: unused variable ‘_id_collection_size_’ [-Wunused-variable]
  459 |                 gint _id_collection_size_ = 0;
      |                      ^~~~~~~~~~~~~~~~~~~~
src/libcodecore.so.0.0.p/Widgets/FormatBar.c:529:64: warning: passing argument 2 of ‘gtk_menu_button_set_popover’ from incompatible pointer type [-Wincompatible-pointer-types]
  529 |         gtk_menu_button_set_popover ((GtkMenuButton*) _tmp37_, lang_popover);
      |                                                                ^~~~~~~~~~~~
      |                                                                |
      |                                                                GtkPopover * {aka struct _GtkPopover *}
In file included from /usr/include/gtk-3.0/gtk/gtk.h:146,
                 from src/codecore.h:7:
/usr/include/gtk-3.0/gtk/gtkmenubutton.h:77:61: note: expected ‘GtkWidget *’ {aka ‘struct _GtkWidget *’} but argument is of type ‘GtkPopover *’ {aka ‘struct _GtkPopover *’}
   77 |                                              GtkWidget     *popover);
      |                                              ~~~~~~~~~~~~~~~^~~~~~~
src/libcodecore.so.0.0.p/Widgets/FormatBar.c:393:14: warning: variable ‘_ids_size_’ set but not used [-Wunused-but-set-variable=]
  393 |         gint _ids_size_;
      |              ^~~~~~~~~~
src/libcodecore.so.0.0.p/Widgets/FormatBar.c: In function ‘code_format_bar_create_tabulation_popover’:
src/libcodecore.so.0.0.p/Widgets/FormatBar.c:692:16: warning: assignment to ‘GtkContainer *’ {aka ‘struct _GtkContainer *’} from incompatible pointer type ‘GtkWidget *’ {aka ‘struct _GtkWidget *’} [-Wincompatible-pointer-types]
  692 |         _tmp3_ = gtk_info_bar_get_content_area (_tmp2_);
      |                ^
src/libcodecore.so.0.0.p/Widgets/FormatBar.c:752:64: warning: passing argument 2 of ‘gtk_menu_button_set_popover’ from incompatible pointer type [-Wincompatible-pointer-types]
  752 |         gtk_menu_button_set_popover ((GtkMenuButton*) _tmp25_, tab_popover);
      |                                                                ^~~~~~~~~~~
      |                                                                |
      |                                                                GtkPopover * {aka struct _GtkPopover *}
/usr/include/gtk-3.0/gtk/gtkmenubutton.h:77:61: note: expected ‘GtkWidget *’ {aka ‘struct _GtkWidget *’} but argument is of type ‘GtkPopover *’ {aka ‘struct _GtkPopover *’}
   77 |                                              GtkWidget     *popover);
      |                                              ~~~~~~~~~~~~~~~^~~~~~~
src/libcodecore.so.0.0.p/Widgets/FormatBar.c: In function ‘code_format_bar_create_line_popover’:
src/libcodecore.so.0.0.p/Widgets/FormatBar.c:1043:63: warning: passing argument 2 of ‘gtk_menu_button_set_popover’ from incompatible pointer type [-Wincompatible-pointer-types]
 1043 |         gtk_menu_button_set_popover ((GtkMenuButton*) _tmp7_, line_popover);
      |                                                               ^~~~~~~~~~~~
      |                                                               |
      |                                                               GtkPopover * {aka struct _GtkPopover *}
/usr/include/gtk-3.0/gtk/gtkmenubutton.h:77:61: note: expected ‘GtkWidget *’ {aka ‘struct _GtkWidget *’} but argument is of type ‘GtkPopover *’ {aka ‘struct _GtkPopover *’}
   77 |                                              GtkWidget     *popover);
      |                                              ~~~~~~~~~~~~~~~^~~~~~~
src/libcodecore.so.0.0.p/Widgets/FormatBar.c: In function ‘code_format_bar_update_current_lang’:
src/libcodecore.so.0.0.p/Widgets/FormatBar.c:1269:42: warning: passing argument 2 of ‘g_list_foreach’ from incompatible pointer type [-Wincompatible-pointer-types]
 1269 |                 g_list_foreach (_tmp13_, ____lambda60__gfunc, _data58_);
      |                                          ^~~~~~~~~~~~~~~~~~~
      |                                          |
      |                                          void (*)(const void *, void *)
In file included from /usr/include/glib-2.0/glib/ghash.h:36,
                 from /usr/include/glib-2.0/glib.h:52,
                 from /usr/include/glib-2.0/gobject/gbinding.h:30,
                 from /usr/include/glib-2.0/glib-object.h:24,
                 from /usr/include/glib-2.0/gio/gioenums.h:30,
                 from /usr/include/glib-2.0/gio/giotypes.h:30,
                 from /usr/include/glib-2.0/gio/gio.h:28,
                 from src/codecore.h:6:
/usr/include/glib-2.0/glib/glist.h:139:60: note: expected ‘GFunc’ {aka ‘void (*)(void *, void *)’} but argument is of type ‘void (*)(const void *, void *)’
  139 |                                          GFunc             func,
      |                                          ~~~~~~~~~~~~~~~~~~^~~~
src/libcodecore.so.0.0.p/Widgets/FormatBar.c:1223:1: note: ‘____lambda60__gfunc’ declared here
 1223 | ____lambda60__gfunc (gconstpointer data,
      | ^~~~~~~~~~~~~~~~~~~
In file included from /usr/include/glib-2.0/glib/galloca.h:34,
                 from /usr/include/glib-2.0/glib.h:32:
/usr/include/glib-2.0/glib/gtypes.h:141:27: note: ‘GFunc’ declared here
  141 | typedef void            (*GFunc)                (gpointer       data,
      |                           ^~~~~
src/libcodecore.so.0.0.p/Widgets/FormatBar.c: In function ‘code_format_bar_lang_entry_set_lang_id’:
src/libcodecore.so.0.0.p/Widgets/FormatBar.c:1719:19: warning: assignment discards ‘const’ qualifier from pointer target type [-Wdiscarded-qualifiers]
 1719 |         old_value = code_format_bar_lang_entry_get_lang_id (self);
      |                   ^
src/libcodecore.so.0.0.p/Widgets/FormatBar.c: In function ‘code_format_bar_lang_entry_set_lang_name’:
src/libcodecore.so.0.0.p/Widgets/FormatBar.c:1746:19: warning: assignment discards ‘const’ qualifier from pointer target type [-Wdiscarded-qualifiers]
 1746 |         old_value = code_format_bar_lang_entry_get_lang_name (self);
      |                   ^
src/codecore.h: At top level:
src/codecore.h:1505:13: warning: ‘scratch_application_main’ declared ‘static’ but never defined [-Wunused-function]
 1505 | static gint scratch_application_main (gchar** args,
      |             ^~~~~~~~~~~~~~~~~~~~~~~~
src/libcodecore.so.0.0.p/Widgets/FormatBar.c:1175:1: warning: ‘block58_data_ref’ defined but not used [-Wunused-function]
 1175 | block58_data_ref (Block58Data* _data58_)
      | ^~~~~~~~~~~~~~~~
[260/379] Compiling C object src/libcodecore.so.0.0.p/meson-generated_Widgets_Terminal.c.o
In file included from src/codecore.h:17,
                 from src/libcodecore.so.0.0.p/Widgets/Terminal.c:11:
/usr/include/granite/granite.h:2118:1: warning: ‘GraniteTextStyle’ is deprecated [-Wdeprecated-declarations]
 2118 | VALA_EXTERN gchar* granite_text_style_get_stylesheet (GraniteTextStyle self,
      | ^~~~~~~~~~~
/usr/include/granite/granite.h:632:15: note: declared here
  632 | typedef enum  {
      |               ^
/usr/include/granite/granite.h:2138:1: warning: ‘GraniteTextStyle’ is deprecated [-Wdeprecated-declarations]
 2138 | VALA_EXTERN void granite_widgets_utils_apply_text_style_to_label (GraniteTextStyle text_style,
      | ^~~~~~~~~~~
/usr/include/granite/granite.h:632:15: note: declared here
  632 | typedef enum  {
      |               ^
src/libcodecore.so.0.0.p/Widgets/Terminal.c: In function ‘code_terminal_spawn_shell’:
src/libcodecore.so.0.0.p/Widgets/Terminal.c:210:17: warning: ‘vte_terminal_spawn_sync’ is deprecated [-Wdeprecated-declarations]
  210 |                 vte_terminal_spawn_sync (_tmp0_, VTE_PTY_DEFAULT, dir, _tmp3_, NULL, G_SPAWN_SEARCH_PATH, NULL, NULL, &_tmp4_, NULL, &_inner_error0_);
      |                 ^~~~~~~~~~~~~~~~~~~~~~~
In file included from /usr/include/vte-2.91/vte/vte.h:38,
                 from src/codecore.h:21:
/usr/include/vte-2.91/vte/vtedeprecated.h:91:10: note: declared here
   91 | gboolean vte_terminal_spawn_sync(VteTerminal *terminal,
      |          ^~~~~~~~~~~~~~~~~~~~~~~
src/libcodecore.so.0.0.p/Widgets/Terminal.c: In function ‘code_terminal_update_colors’:
src/libcodecore.so.0.0.p/Widgets/Terminal.c:591:54: warning: variable ‘_tmp33__length1’ set but not used [-Wunused-but-set-variable=]
  591 |                                                 gint _tmp33__length1;
      |                                                      ^~~~~~~~~~~~~~~
src/libcodecore.so.0.0.p/Widgets/Terminal.c:643:46: warning: variable ‘_tmp49__length1’ set but not used [-Wunused-but-set-variable=]
  643 |                                         gint _tmp49__length1;
      |                                              ^~~~~~~~~~~~~~~
src/libcodecore.so.0.0.p/Widgets/Terminal.c:640:46: warning: variable ‘_tmp47__length1’ set but not used [-Wunused-but-set-variable=]
  640 |                                         gint _tmp47__length1;
      |                                              ^~~~~~~~~~~~~~~
src/libcodecore.so.0.0.p/Widgets/Terminal.c:636:49: warning: variable ‘_tmp46_’ set but not used [-Wunused-but-set-variable=]
  636 |                                         gchar** _tmp46_;
      |                                                 ^~~~~~~
src/libcodecore.so.0.0.p/Widgets/Terminal.c:505:22: warning: variable ‘_palette_size_’ set but not used [-Wunused-but-set-variable=]
  505 |                 gint _palette_size_;
      |                      ^~~~~~~~~~~~~~
src/libcodecore.so.0.0.p/Widgets/Terminal.c:498:22: warning: variable ‘_hex_palette_size_’ set but not used [-Wunused-but-set-variable=]
  498 |                 gint _hex_palette_size_;
      |                      ^~~~~~~~~~~~~~~~~~
src/libcodecore.so.0.0.p/Widgets/Terminal.c: In function ‘__lambda146_’:
src/libcodecore.so.0.0.p/Widgets/Terminal.c:777:30: warning: unused variable ‘_key_collection_size_’ [-Wunused-variable]
  777 |                         gint _key_collection_size_ = 0;
      |                              ^~~~~~~~~~~~~~~~~~~~~
src/libcodecore.so.0.0.p/Widgets/Terminal.c:749:14: warning: variable ‘_keys_size_’ set but not used [-Wunused-but-set-variable=]
  749 |         gint _keys_size_ = 0;
      |              ^~~~~~~~~~~
src/libcodecore.so.0.0.p/Widgets/Terminal.c: In function ‘string_get_data’:
src/libcodecore.so.0.0.p/Widgets/Terminal.c:1111:14: warning: variable ‘_res_size_’ set but not used [-Wunused-but-set-variable=]
 1111 |         gint _res_size_;
      |              ^~~~~~~~~~
src/libcodecore.so.0.0.p/Widgets/Terminal.c: In function ‘_code_terminal___lambda150_’:
src/libcodecore.so.0.0.p/Widgets/Terminal.c:1163:42: warning: pointer targets in passing argument 2 of ‘vte_terminal_feed_child’ differ in signedness [-Wpointer-sign]
 1163 |         vte_terminal_feed_child (_tmp6_, _tmp9_, (gssize) _tmp9__length1);
      |                                          ^~~~~~
      |                                          |
      |                                          guint8 * {aka unsigned char *}
In file included from /usr/include/vte-2.91/vte/vte.h:32:
/usr/include/vte-2.91/vte/vteterminal.h:213:42: note: expected ‘const char *’ but argument is of type ‘guint8 *’ {aka ‘unsigned char *’}
  213 |                              const char *text,
      |                              ~~~~~~~~~~~~^~~~
src/libcodecore.so.0.0.p/Widgets/Terminal.c: In function ‘_code_terminal___lambda151_’:
src/libcodecore.so.0.0.p/Widgets/Terminal.c:1180:9: warning: ‘vte_terminal_copy_clipboard’ is deprecated [-Wdeprecated-declarations]
 1180 |         vte_terminal_copy_clipboard (_tmp0_);
      |         ^~~~~~~~~~~~~~~~~~~~~~~~~~~
/usr/include/vte-2.91/vte/vtedeprecated.h:109:6: note: declared here
  109 | void vte_terminal_copy_clipboard(VteTerminal *terminal) _VTE_CXX_NOEXCEPT _VTE_GNUC_NONNULL(1);
      |      ^~~~~~~~~~~~~~~~~~~~~~~~~~~
src/libcodecore.so.0.0.p/Widgets/Terminal.c: In function ‘_code_terminal___lambda153_’:
src/libcodecore.so.0.0.p/Widgets/Terminal.c:1233:1: warning: no return statement in function returning non-void [-Wreturn-type]
 1233 | }
      | ^
src/libcodecore.so.0.0.p/Widgets/Terminal.c: In function ‘_code_terminal___lambda154_’:
src/libcodecore.so.0.0.p/Widgets/Terminal.c:1277:16: warning: assignment discards ‘const’ qualifier from pointer target type [-Wdiscarded-qualifiers]
 1277 |         _tmp1_ = gtk_gesture_get_last_event ((GtkGesture*) _tmp0_, NULL);
      |                ^
src/codecore.h: At top level:
src/codecore.h:1505:13: warning: ‘scratch_application_main’ declared ‘static’ but never defined [-Wunused-function]
 1505 | static gint scratch_application_main (gchar** args,
      |             ^~~~~~~~~~~~~~~~~~~~~~~~
[261/379] Compiling C object src/libcodecore.so.0.0.p/meson-generated_Widgets_Sidebar.c.o
In file included from src/codecore.h:17,
                 from src/libcodecore.so.0.0.p/Widgets/Sidebar.c:23:
/usr/include/granite/granite.h:2118:1: warning: ‘GraniteTextStyle’ is deprecated [-Wdeprecated-declarations]
 2118 | VALA_EXTERN gchar* granite_text_style_get_stylesheet (GraniteTextStyle self,
      | ^~~~~~~~~~~
/usr/include/granite/granite.h:632:15: note: declared here
  632 | typedef enum  {
      |               ^
/usr/include/granite/granite.h:2138:1: warning: ‘GraniteTextStyle’ is deprecated [-Wdeprecated-declarations]
 2138 | VALA_EXTERN void granite_widgets_utils_apply_text_style_to_label (GraniteTextStyle text_style,
      | ^~~~~~~~~~~
/usr/include/granite/granite.h:632:15: note: declared here
  632 | typedef enum  {
      |               ^
src/libcodecore.so.0.0.p/Widgets/Sidebar.c: In function ‘code_sidebar_drag_received’:
src/libcodecore.so.0.0.p/Widgets/Sidebar.c:216:30: warning: unused variable ‘_uri_collection_size_’ [-Wunused-variable]
  216 |                         gint _uri_collection_size_ = 0;
      |                              ^~~~~~~~~~~~~~~~~~~~~
src/libcodecore.so.0.0.p/Widgets/Sidebar.c:200:22: warning: variable ‘_uri_list_size_’ set but not used [-Wunused-but-set-variable=]
  200 |                 gint _uri_list_size_;
      |                      ^~~~~~~~~~~~~~~
src/libcodecore.so.0.0.p/Widgets/Sidebar.c: In function ‘code_sidebar_constructor’:
src/libcodecore.so.0.0.p/Widgets/Sidebar.c:761:14: warning: variable ‘_tmp63__length1’ set but not used [-Wunused-but-set-variable=]
  761 |         gint _tmp63__length1;
      |              ^~~~~~~~~~~~~~~
src/codecore.h: At top level:
src/codecore.h:1505:13: warning: ‘scratch_application_main’ declared ‘static’ but never defined [-Wunused-function]
 1505 | static gint scratch_application_main (gchar** args,
      |             ^~~~~~~~~~~~~~~~~~~~~~~~
[262/379] Compiling C object src/libcodecore.so.0.0.p/meson-generated_Widgets_NavMarkGutterRenderer.c.o
In file included from src/codecore.h:17,
                 from src/libcodecore.so.0.0.p/Widgets/NavMarkGutterRenderer.c:4:
/usr/include/granite/granite.h:2118:1: warning: ‘GraniteTextStyle’ is deprecated [-Wdeprecated-declarations]
 2118 | VALA_EXTERN gchar* granite_text_style_get_stylesheet (GraniteTextStyle self,
      | ^~~~~~~~~~~
/usr/include/granite/granite.h:632:15: note: declared here
  632 | typedef enum  {
      |               ^
/usr/include/granite/granite.h:2138:1: warning: ‘GraniteTextStyle’ is deprecated [-Wdeprecated-declarations]
 2138 | VALA_EXTERN void granite_widgets_utils_apply_text_style_to_label (GraniteTextStyle text_style,
      | ^~~~~~~~~~~
/usr/include/granite/granite.h:632:15: note: declared here
  632 | typedef enum  {
      |               ^
src/libcodecore.so.0.0.p/Widgets/NavMarkGutterRenderer.c: In function ‘scratch_widgets_nav_mark_gutter_renderer_real_query_activatable’:
src/libcodecore.so.0.0.p/Widgets/NavMarkGutterRenderer.c:617:47: warning: variable ‘self’ set but not used [-Wunused-but-set-variable=]
  617 |         ScratchWidgetsNavMarkGutterRenderer * self;
      |                                               ^~~~
src/codecore.h: At top level:
src/codecore.h:1505:13: warning: ‘scratch_application_main’ declared ‘static’ but never defined [-Wunused-function]
 1505 | static gint scratch_application_main (gchar** args,
      |             ^~~~~~~~~~~~~~~~~~~~~~~~
[263/379] Compiling C object src/libcodecore.so.0.0.p/meson-generated_Widgets_WelcomeView.c.o
In file included from src/codecore.h:17,
                 from src/libcodecore.so.0.0.p/Widgets/WelcomeView.c:23:
/usr/include/granite/granite.h:2118:1: warning: ‘GraniteTextStyle’ is deprecated [-Wdeprecated-declarations]
 2118 | VALA_EXTERN gchar* granite_text_style_get_stylesheet (GraniteTextStyle self,
      | ^~~~~~~~~~~
/usr/include/granite/granite.h:632:15: note: declared here
  632 | typedef enum  {
      |               ^
/usr/include/granite/granite.h:2138:1: warning: ‘GraniteTextStyle’ is deprecated [-Wdeprecated-declarations]
 2138 | VALA_EXTERN void granite_widgets_utils_apply_text_style_to_label (GraniteTextStyle text_style,
      | ^~~~~~~~~~~
/usr/include/granite/granite.h:632:15: note: declared here
  632 | typedef enum  {
      |               ^
src/libcodecore.so.0.0.p/Widgets/WelcomeView.c: In function ‘code_welcome_view_finalize’:
src/libcodecore.so.0.0.p/Widgets/WelcomeView.c:218:27: warning: variable ‘self’ set but not used [-Wunused-but-set-variable=]
  218 |         CodeWelcomeView * self;
      |                           ^~~~
src/codecore.h: At top level:
src/codecore.h:1505:13: warning: ‘scratch_application_main’ declared ‘static’ but never defined [-Wunused-function]
 1505 | static gint scratch_application_main (gchar** args,
      |             ^~~~~~~~~~~~~~~~~~~~~~~~
[264/379] Compiling C object src/libcodecore.so.0.0.p/meson-generated_Widgets_DocumentView.c.o
In file included from src/codecore.h:17,
                 from src/libcodecore.so.0.0.p/Widgets/DocumentView.c:6:
/usr/include/granite/granite.h:2118:1: warning: ‘GraniteTextStyle’ is deprecated [-Wdeprecated-declarations]
 2118 | VALA_EXTERN gchar* granite_text_style_get_stylesheet (GraniteTextStyle self,
      | ^~~~~~~~~~~
/usr/include/granite/granite.h:632:15: note: declared here
  632 | typedef enum  {
      |               ^
/usr/include/granite/granite.h:2138:1: warning: ‘GraniteTextStyle’ is deprecated [-Wdeprecated-declarations]
 2138 | VALA_EXTERN void granite_widgets_utils_apply_text_style_to_label (GraniteTextStyle text_style,
      | ^~~~~~~~~~~
/usr/include/granite/granite.h:632:15: note: declared here
  632 | typedef enum  {
      |               ^
src/libcodecore.so.0.0.p/Widgets/DocumentView.c: In function ‘scratch_widgets_document_view_update_inline_tab_colors’:
src/libcodecore.so.0.0.p/Widgets/DocumentView.c:410:17: warning: assignment to ‘gchar **’ {aka ‘char **’} from incompatible pointer type ‘const gchar * const*’ {aka ‘const char * const*’} [-Wincompatible-pointer-types]
  410 |         _tmp13_ = gtk_source_style_scheme_manager_get_scheme_ids (_tmp12_);
      |                 ^
src/libcodecore.so.0.0.p/Widgets/DocumentView.c: In function ‘scratch_widgets_document_view_new_document’:
src/libcodecore.so.0.0.p/Widgets/DocumentView.c:882:86: warning: passing argument 5 of ‘scratch_widgets_document_view_open_document’ discards ‘const’ qualifier from pointer target type [-Wdiscarded-qualifiers]
  882 |                 scratch_widgets_document_view_open_document (self, _tmp10_, TRUE, 0, &SELECTION_RANGE_EMPTY, NULL, NULL);
      |                                                                                      ^~~~~~~~~~~~~~~~~~~~~~
src/codecore.h:2171:67: note: expected ‘SelectionRange *’ {aka ‘struct _SelectionRange *’} but argument is of type ‘const SelectionRange *’ {aka ‘const struct _SelectionRange *’}
 2171 |                                                   SelectionRange* range,
      |                                                   ~~~~~~~~~~~~~~~~^~~~~
src/libcodecore.so.0.0.p/Widgets/DocumentView.c: In function ‘string_get_data’:
src/libcodecore.so.0.0.p/Widgets/DocumentView.c:915:14: warning: variable ‘_res_size_’ set but not used [-Wunused-but-set-variable=]
  915 |         gint _res_size_;
      |              ^~~~~~~~~~
src/libcodecore.so.0.0.p/Widgets/DocumentView.c: In function ‘scratch_widgets_document_view_new_document_from_clipboard’:
src/libcodecore.so.0.0.p/Widgets/DocumentView.c:995:86: warning: passing argument 5 of ‘scratch_widgets_document_view_open_document’ discards ‘const’ qualifier from pointer target type [-Wdiscarded-qualifiers]
  995 |                 scratch_widgets_document_view_open_document (self, _tmp16_, TRUE, 0, &SELECTION_RANGE_EMPTY, NULL, NULL);
      |                                                                                      ^~~~~~~~~~~~~~~~~~~~~~
src/codecore.h:2171:67: note: expected ‘SelectionRange *’ {aka ‘struct _SelectionRange *’} but argument is of type ‘const SelectionRange *’ {aka ‘const struct _SelectionRange *’}
 2171 |                                                   SelectionRange* range,
      |                                                   ~~~~~~~~~~~~~~~~^~~~~
src/libcodecore.so.0.0.p/Widgets/DocumentView.c: In function ‘scratch_widgets_document_view_open_document_finish’:
src/libcodecore.so.0.0.p/Widgets/DocumentView.c:1059:53: warning: variable ‘_data_’ set but not used [-Wunused-but-set-variable=]
 1059 |         ScratchWidgetsDocumentViewOpenDocumentData* _data_;
      |                                                     ^~~~~~
src/libcodecore.so.0.0.p/Widgets/DocumentView.c: In function ‘___lambda39_’:
src/libcodecore.so.0.0.p/Widgets/DocumentView.c:1434:37: warning: variable ‘self’ set but not used [-Wunused-but-set-variable=]
 1434 |         ScratchWidgetsDocumentView* self;
      |                                     ^~~~
src/libcodecore.so.0.0.p/Widgets/DocumentView.c: In function ‘scratch_widgets_document_view_update_opened_files_setting’:
src/libcodecore.so.0.0.p/Widgets/DocumentView.c:1505:41: warning: passing argument 2 of ‘g_list_foreach’ from incompatible pointer type [-Wincompatible-pointer-types]
 1505 |                 g_list_foreach (_tmp5_, ____lambda39__gfunc, _data56_);
      |                                         ^~~~~~~~~~~~~~~~~~~
      |                                         |
      |                                         void (*)(const void *, void *)
In file included from /usr/include/glib-2.0/glib/ghash.h:36,
                 from /usr/include/glib-2.0/glib.h:52,
                 from /usr/include/glib-2.0/gobject/gbinding.h:30,
                 from /usr/include/glib-2.0/glib-object.h:24,
                 from /usr/include/glib-2.0/gio/gioenums.h:30,
                 from /usr/include/glib-2.0/gio/giotypes.h:30,
                 from /usr/include/glib-2.0/gio/gio.h:28,
                 from src/codecore.h:6:
/usr/include/glib-2.0/glib/glist.h:139:60: note: expected ‘GFunc’ {aka ‘void (*)(void *, void *)’} but argument is of type ‘void (*)(const void *, void *)’
  139 |                                          GFunc             func,
      |                                          ~~~~~~~~~~~~~~~~~~^~~~
src/libcodecore.so.0.0.p/Widgets/DocumentView.c:1472:1: note: ‘____lambda39__gfunc’ declared here
 1472 | ____lambda39__gfunc (gconstpointer data,
      | ^~~~~~~~~~~~~~~~~~~
In file included from /usr/include/glib-2.0/glib/galloca.h:34,
                 from /usr/include/glib-2.0/glib.h:32:
/usr/include/glib-2.0/glib/gtypes.h:141:27: note: ‘GFunc’ declared here
  141 | typedef void            (*GFunc)                (gpointer       data,
      |                           ^~~~~
src/libcodecore.so.0.0.p/Widgets/DocumentView.c: In function ‘scratch_widgets_document_view_update_outline_visible’:
src/libcodecore.so.0.0.p/Widgets/DocumentView.c:1541:33: warning: passing argument 2 of ‘g_list_foreach’ from incompatible pointer type [-Wincompatible-pointer-types]
 1541 |         g_list_foreach (_tmp0_, ___lambda135__gfunc, self);
      |                                 ^~~~~~~~~~~~~~~~~~~
      |                                 |
      |                                 void (*)(const void *, void *)
/usr/include/glib-2.0/glib/glist.h:139:60: note: expected ‘GFunc’ {aka ‘void (*)(void *, void *)’} but argument is of type ‘void (*)(const void *, void *)’
  139 |                                          GFunc             func,
      |                                          ~~~~~~~~~~~~~~~~~~^~~~
src/libcodecore.so.0.0.p/Widgets/DocumentView.c:1529:1: note: ‘___lambda135__gfunc’ declared here
 1529 | ___lambda135__gfunc (gconstpointer data,
      | ^~~~~~~~~~~~~~~~~~~
/usr/include/glib-2.0/glib/gtypes.h:141:27: note: ‘GFunc’ declared here
  141 | typedef void            (*GFunc)                (gpointer       data,
      |                           ^~~~~
src/libcodecore.so.0.0.p/Widgets/DocumentView.c: In function ‘scratch_widgets_document_view_unsaved_duplicated_file_path_builder’:
src/libcodecore.so.0.0.p/Widgets/DocumentView.c:1724:25: warning: variable ‘_tmp5_’ set but not used [-Wunused-but-set-variable=]
 1724 |                 gchar** _tmp5_;
      |                         ^~~~~~
src/libcodecore.so.0.0.p/Widgets/DocumentView.c:1723:22: warning: variable ‘_tmp4__length1’ set but not used [-Wunused-but-set-variable=]
 1723 |                 gint _tmp4__length1;
      |                      ^~~~~~~~~~~~~~
src/libcodecore.so.0.0.p/Widgets/DocumentView.c:1706:17: warning: variable ‘_tmp3_’ set but not used [-Wunused-but-set-variable=]
 1706 |         gchar** _tmp3_;
      |                 ^~~~~~
src/libcodecore.so.0.0.p/Widgets/DocumentView.c:1705:14: warning: variable ‘_parts_size_’ set but not used [-Wunused-but-set-variable=]
 1705 |         gint _parts_size_;
      |              ^~~~~~~~~~~~
src/libcodecore.so.0.0.p/Widgets/DocumentView.c: In function ‘vala_g_list_remove_full’:
src/libcodecore.so.0.0.p/Widgets/DocumentView.c:1775:31: warning: passing argument 1 of ‘func’ discards ‘const’ qualifier from pointer target type [-Wdiscarded-qualifiers]
 1775 |                         func (_tmp6_);
      |                               ^~~~~~
src/libcodecore.so.0.0.p/Widgets/DocumentView.c:1775:31: note: expected ‘gpointer’ {aka ‘void *’} but argument is of type ‘gconstpointer’ {aka ‘const void *’}
src/libcodecore.so.0.0.p/Widgets/DocumentView.c: In function ‘scratch_widgets_document_view_restore_closed_tab’:
src/libcodecore.so.0.0.p/Widgets/DocumentView.c:1991:77: warning: passing argument 5 of ‘scratch_widgets_document_view_open_document’ discards ‘const’ qualifier from pointer target type [-Wdiscarded-qualifiers]
 1991 |         scratch_widgets_document_view_open_document (self, _tmp6_, TRUE, 0, &SELECTION_RANGE_EMPTY, NULL, NULL);
      |                                                                             ^~~~~~~~~~~~~~~~~~~~~~
src/libcodecore.so.0.0.p/Widgets/DocumentView.c:1029:62: note: expected ‘SelectionRange *’ {aka ‘struct _SelectionRange *’} but argument is of type ‘const SelectionRange *’ {aka ‘const struct _SelectionRange *’}
 1029 |                                              SelectionRange* range,
      |                                              ~~~~~~~~~~~~~~~~^~~~~
src/libcodecore.so.0.0.p/Widgets/DocumentView.c: In function ‘scratch_widgets_document_view_drag_received’:
src/libcodecore.so.0.0.p/Widgets/DocumentView.c:2401:110: warning: passing argument 5 of ‘scratch_widgets_document_view_open_document’ discards ‘const’ qualifier from pointer target type [-Wdiscarded-qualifiers]
 2401 |                                         scratch_widgets_document_view_open_document (self, _tmp11_, TRUE, 0, &SELECTION_RANGE_EMPTY, NULL, NULL);
      |                                                                                                              ^~~~~~~~~~~~~~~~~~~~~~
src/libcodecore.so.0.0.p/Widgets/DocumentView.c:1029:62: note: expected ‘SelectionRange *’ {aka ‘struct _SelectionRange *’} but argument is of type ‘const SelectionRange *’ {aka ‘const struct _SelectionRange *’}
 1029 |                                              SelectionRange* range,
      |                                              ~~~~~~~~~~~~~~~~^~~~~
src/libcodecore.so.0.0.p/Widgets/DocumentView.c:2370:30: warning: unused variable ‘_filename_collection_size_’ [-Wunused-variable]
 2370 |                         gint _filename_collection_size_ = 0;
      |                              ^~~~~~~~~~~~~~~~~~~~~~~~~~
src/libcodecore.so.0.0.p/Widgets/DocumentView.c:2358:22: warning: variable ‘_uris_size_’ set but not used [-Wunused-but-set-variable=]
 2358 |                 gint _uris_size_;
      |                      ^~~~~~~~~~~
src/libcodecore.so.0.0.p/Widgets/DocumentView.c: In function ‘scratch_widgets_document_view_constructor’:
src/libcodecore.so.0.0.p/Widgets/DocumentView.c:2893:14: warning: variable ‘_tmp44__length1’ set but not used [-Wunused-but-set-variable=]
 2893 |         gint _tmp44__length1;
      |              ^~~~~~~~~~~~~~~
src/codecore.h: At top level:
src/codecore.h:1505:13: warning: ‘scratch_application_main’ declared ‘static’ but never defined [-Wunused-function]
 1505 | static gint scratch_application_main (gchar** args,
      |             ^~~~~~~~~~~~~~~~~~~~~~~~
src/libcodecore.so.0.0.p/Widgets/DocumentView.c:1410:1: warning: ‘block56_data_ref’ defined but not used [-Wunused-function]
 1410 | block56_data_ref (Block56Data* _data56_)
      | ^~~~~~~~~~~~~~~~
[265/379] Compiling C object src/libcodecore.so.0.0.p/meson-generated_SymbolPane_SymbolOutline.c.o
In file included from src/codecore.h:17,
                 from src/libcodecore.so.0.0.p/SymbolPane/SymbolOutline.c:22:
/usr/include/granite/granite.h:2118:1: warning: ‘GraniteTextStyle’ is deprecated [-Wdeprecated-declarations]
 2118 | VALA_EXTERN gchar* granite_text_style_get_stylesheet (GraniteTextStyle self,
      | ^~~~~~~~~~~
/usr/include/granite/granite.h:632:15: note: declared here
  632 | typedef enum  {
      |               ^
/usr/include/granite/granite.h:2138:1: warning: ‘GraniteTextStyle’ is deprecated [-Wdeprecated-declarations]
 2138 | VALA_EXTERN void granite_widgets_utils_apply_text_style_to_label (GraniteTextStyle text_style,
      | ^~~~~~~~~~~
/usr/include/granite/granite.h:632:15: note: declared here
  632 | typedef enum  {
      |               ^
src/libcodecore.so.0.0.p/SymbolPane/SymbolOutline.c: In function ‘_scratch_services_symbol_outline_filter_func_code_widgets_source_list_visible_func’:
src/libcodecore.so.0.0.p/SymbolPane/SymbolOutline.c:865:101: warning: passing argument 2 of ‘scratch_services_symbol_outline_filter_func’ from incompatible pointer type [-Wincompatible-pointer-types]
  865 |         result = scratch_services_symbol_outline_filter_func ((ScratchServicesSymbolOutline*) self, item);
      |                                                                                                     ^~~~
      |                                                                                                     |
      |                                                                                                     CodeWidgetsSourceListItem * {aka struct _CodeWidgetsSourceListItem *}
src/libcodecore.so.0.0.p/SymbolPane/SymbolOutline.c:456:55: note: expected ‘GObject *’ {aka ‘struct _GObject *’} but argument is of type ‘CodeWidgetsSourceListItem *’ {aka ‘struct _CodeWidgetsSourceListItem *’}
  456 |                                              GObject* item)
      |                                              ~~~~~~~~~^~~~
src/libcodecore.so.0.0.p/SymbolPane/SymbolOutline.c: In function ‘scratch_services_symbol_outline_constructor’:
src/libcodecore.so.0.0.p/SymbolPane/SymbolOutline.c:1017:22: warning: unused variable ‘_filter_collection_size_’ [-Wunused-variable]
 1017 |                 gint _filter_collection_size_ = 0;
      |                      ^~~~~~~~~~~~~~~~~~~~~~~~
src/codecore.h: At top level:
src/codecore.h:1505:13: warning: ‘scratch_application_main’ declared ‘static’ but never defined [-Wunused-function]
 1505 | static gint scratch_application_main (gchar** args,
      |             ^~~~~~~~~~~~~~~~~~~~~~~~
[266/379] Compiling C object src/libcodecore.so.0.0.p/meson-generated_Widgets_SourceView.c.o
In file included from src/codecore.h:17,
                 from src/libcodecore.so.0.0.p/Widgets/SourceView.c:25:
/usr/include/granite/granite.h:2118:1: warning: ‘GraniteTextStyle’ is deprecated [-Wdeprecated-declarations]
 2118 | VALA_EXTERN gchar* granite_text_style_get_stylesheet (GraniteTextStyle self,
      | ^~~~~~~~~~~
/usr/include/granite/granite.h:632:15: note: declared here
  632 | typedef enum  {
      |               ^
/usr/include/granite/granite.h:2138:1: warning: ‘GraniteTextStyle’ is deprecated [-Wdeprecated-declarations]
 2138 | VALA_EXTERN void granite_widgets_utils_apply_text_style_to_label (GraniteTextStyle text_style,
      | ^~~~~~~~~~~
/usr/include/granite/granite.h:632:15: note: declared here
  632 | typedef enum  {
      |               ^
src/libcodecore.so.0.0.p/Widgets/SourceView.c: In function ‘scratch_widgets_source_view_get_selected_line_count’:
src/libcodecore.so.0.0.p/Widgets/SourceView.c:821:25: warning: variable ‘_tmp13_’ set but not used [-Wunused-but-set-variable=]
  821 |                 gchar** _tmp13_;
      |                         ^~~~~~~
src/libcodecore.so.0.0.p/Widgets/SourceView.c:820:22: warning: variable ‘_lines_size_’ set but not used [-Wunused-but-set-variable=]
  820 |                 gint _lines_size_;
      |                      ^~~~~~~~~~~~
src/libcodecore.so.0.0.p/Widgets/SourceView.c: In function ‘scratch_widgets_source_view_sort_selected_lines’:
src/libcodecore.so.0.0.p/Widgets/SourceView.c:1383:54: warning: variable ‘_tmp21__length1’ set but not used [-Wunused-but-set-variable=]
 1383 |                                                 gint _tmp21__length1;
      |                                                      ^~~~~~~~~~~~~~~
src/libcodecore.so.0.0.p/Widgets/SourceView.c:1380:54: warning: variable ‘_tmp19__length1’ set but not used [-Wunused-but-set-variable=]
 1380 |                                                 gint _tmp19__length1;
      |                                                      ^~~~~~~~~~~~~~~
src/libcodecore.so.0.0.p/Widgets/SourceView.c:1415:62: warning: variable ‘_tmp30__length1’ set but not used [-Wunused-but-set-variable=]
 1415 |                                                         gint _tmp30__length1;
      |                                                              ^~~~~~~~~~~~~~~
src/libcodecore.so.0.0.p/Widgets/SourceView.c:1412:62: warning: variable ‘_tmp28__length1’ set but not used [-Wunused-but-set-variable=]
 1412 |                                                         gint _tmp28__length1;
      |                                                              ^~~~~~~~~~~~~~~
src/libcodecore.so.0.0.p/Widgets/SourceView.c:1400:57: warning: variable ‘_tmp26_’ set but not used [-Wunused-but-set-variable=]
 1400 |                                                 gchar** _tmp26_;
      |                                                         ^~~~~~~
src/libcodecore.so.0.0.p/Widgets/SourceView.c:1364:49: warning: variable ‘_tmp17_’ set but not used [-Wunused-but-set-variable=]
 1364 |                                         gchar** _tmp17_;
      |                                                 ^~~~~~~
src/libcodecore.so.0.0.p/Widgets/SourceView.c:1362:49: warning: variable ‘_tmp16_’ set but not used [-Wunused-but-set-variable=]
 1362 |                                         gchar** _tmp16_;
      |                                                 ^~~~~~~
src/libcodecore.so.0.0.p/Widgets/SourceView.c:1481:25: warning: assignment to ‘gchar **’ {aka ‘char **’} from incompatible pointer type ‘void **’ [-Wincompatible-pointer-types]
 1481 |                 _tmp53_ = _tmp52_;
      |                         ^
src/libcodecore.so.0.0.p/Widgets/SourceView.c:1306:25: warning: variable ‘_tmp13_’ set but not used [-Wunused-but-set-variable=]
 1306 |                 gchar** _tmp13_;
      |                         ^~~~~~~
src/libcodecore.so.0.0.p/Widgets/SourceView.c:1305:22: warning: variable ‘_lines_size_’ set but not used [-Wunused-but-set-variable=]
 1305 |                 gint _lines_size_;
      |                      ^~~~~~~~~~~~
src/codecore.h: At top level:
src/codecore.h:1505:13: warning: ‘scratch_application_main’ declared ‘static’ but never defined [-Wunused-function]
 1505 | static gint scratch_application_main (gchar** args,
      |             ^~~~~~~~~~~~~~~~~~~~~~~~
[267/379] Compiling C object src/libcodecore.so.0.0.p/meson-generated_SymbolPane_Vala_ValaComparisonHelper.c.o
In file included from src/codecore.h:17,
                 from src/libcodecore.so.0.0.p/SymbolPane/Vala/ValaComparisonHelper.c:22:
/usr/include/granite/granite.h:2118:1: warning: ‘GraniteTextStyle’ is deprecated [-Wdeprecated-declarations]
 2118 | VALA_EXTERN gchar* granite_text_style_get_stylesheet (GraniteTextStyle self,
      | ^~~~~~~~~~~
/usr/include/granite/granite.h:632:15: note: declared here
  632 | typedef enum  {
      |               ^
/usr/include/granite/granite.h:2138:1: warning: ‘GraniteTextStyle’ is deprecated [-Wdeprecated-declarations]
 2138 | VALA_EXTERN void granite_widgets_utils_apply_text_style_to_label (GraniteTextStyle text_style,
      | ^~~~~~~~~~~
/usr/include/granite/granite.h:632:15: note: declared here
  632 | typedef enum  {
      |               ^
src/codecore.h:1505:13: warning: ‘scratch_application_main’ declared ‘static’ but never defined [-Wunused-function]
 1505 | static gint scratch_application_main (gchar** args,
      |             ^~~~~~~~~~~~~~~~~~~~~~~~
[268/379] Compiling C object src/libcodecore.so.0.0.p/meson-generated_SymbolPane_Vala_ValaSymbolItem.c.o
In file included from src/codecore.h:17,
                 from src/libcodecore.so.0.0.p/SymbolPane/Vala/ValaSymbolItem.c:22:
/usr/include/granite/granite.h:2118:1: warning: ‘GraniteTextStyle’ is deprecated [-Wdeprecated-declarations]
 2118 | VALA_EXTERN gchar* granite_text_style_get_stylesheet (GraniteTextStyle self,
      | ^~~~~~~~~~~
/usr/include/granite/granite.h:632:15: note: declared here
  632 | typedef enum  {
      |               ^
/usr/include/granite/granite.h:2138:1: warning: ‘GraniteTextStyle’ is deprecated [-Wdeprecated-declarations]
 2138 | VALA_EXTERN void granite_widgets_utils_apply_text_style_to_label (GraniteTextStyle text_style,
      | ^~~~~~~~~~~
/usr/include/granite/granite.h:632:15: note: declared here
  632 | typedef enum  {
      |               ^
src/libcodecore.so.0.0.p/SymbolPane/Vala/ValaSymbolItem.c: In function ‘scratch_services_vala_symbol_item_real_compare’:
src/libcodecore.so.0.0.p/SymbolPane/Vala/ValaSymbolItem.c:110:41: warning: variable ‘self’ set but not used [-Wunused-but-set-variable=]
  110 |         ScratchServicesValaSymbolItem * self;
      |                                         ^~~~
src/libcodecore.so.0.0.p/SymbolPane/Vala/ValaSymbolItem.c: In function ‘scratch_services_vala_symbol_item_real_allow_dnd_sorting’:
src/libcodecore.so.0.0.p/SymbolPane/Vala/ValaSymbolItem.c:122:41: warning: variable ‘self’ set but not used [-Wunused-but-set-variable=]
  122 |         ScratchServicesValaSymbolItem * self;
      |                                         ^~~~
src/codecore.h: At top level:
src/codecore.h:1505:13: warning: ‘scratch_application_main’ declared ‘static’ but never defined [-Wunused-function]
 1505 | static gint scratch_application_main (gchar** args,
      |             ^~~~~~~~~~~~~~~~~~~~~~~~
[269/379] Compiling C object src/libcodecore.so.0.0.p/meson-generated_SymbolPane_Vala_ValaSymbolResolver.c.o
In file included from src/codecore.h:17,
                 from src/libcodecore.so.0.0.p/SymbolPane/Vala/ValaSymbolResolver.c:22:
/usr/include/granite/granite.h:2118:1: warning: ‘GraniteTextStyle’ is deprecated [-Wdeprecated-declarations]
 2118 | VALA_EXTERN gchar* granite_text_style_get_stylesheet (GraniteTextStyle self,
      | ^~~~~~~~~~~
/usr/include/granite/granite.h:632:15: note: declared here
  632 | typedef enum  {
      |               ^
/usr/include/granite/granite.h:2138:1: warning: ‘GraniteTextStyle’ is deprecated [-Wdeprecated-declarations]
 2138 | VALA_EXTERN void granite_widgets_utils_apply_text_style_to_label (GraniteTextStyle text_style,
      | ^~~~~~~~~~~
/usr/include/granite/granite.h:632:15: note: declared here
  632 | typedef enum  {
      |               ^
src/codecore.h:1505:13: warning: ‘scratch_application_main’ declared ‘static’ but never defined [-Wunused-function]
 1505 | static gint scratch_application_main (gchar** args,
      |             ^~~~~~~~~~~~~~~~~~~~~~~~
[270/379] Compiling C object src/libcodecore.so.0.0.p/meson-generated_SymbolPane_Vala_ValaSymbolOutline.c.o
In file included from src/codecore.h:17,
                 from src/libcodecore.so.0.0.p/SymbolPane/Vala/ValaSymbolOutline.c:22:
/usr/include/granite/granite.h:2118:1: warning: ‘GraniteTextStyle’ is deprecated [-Wdeprecated-declarations]
 2118 | VALA_EXTERN gchar* granite_text_style_get_stylesheet (GraniteTextStyle self,
      | ^~~~~~~~~~~
/usr/include/granite/granite.h:632:15: note: declared here
  632 | typedef enum  {
      |               ^
/usr/include/granite/granite.h:2138:1: warning: ‘GraniteTextStyle’ is deprecated [-Wdeprecated-declarations]
 2138 | VALA_EXTERN void granite_widgets_utils_apply_text_style_to_label (GraniteTextStyle text_style,
      | ^~~~~~~~~~~
/usr/include/granite/granite.h:632:15: note: declared here
  632 | typedef enum  {
      |               ^
src/libcodecore.so.0.0.p/SymbolPane/Vala/ValaSymbolOutline.c: In function ‘block67_data_unref’:
src/libcodecore.so.0.0.p/SymbolPane/Vala/ValaSymbolOutline.c:223:51: warning: variable ‘self’ set but not used [-Wunused-but-set-variable=]
  223 |                 ScratchServicesValaSymbolOutline* self;
      |                                                   ^~~~
src/libcodecore.so.0.0.p/SymbolPane/Vala/ValaSymbolOutline.c: In function ‘report_real_err’:
src/libcodecore.so.0.0.p/SymbolPane/Vala/ValaSymbolOutline.c:1191:18: warning: variable ‘self’ set but not used [-Wunused-but-set-variable=]
 1191 |         Report * self;
      |                  ^~~~
src/libcodecore.so.0.0.p/SymbolPane/Vala/ValaSymbolOutline.c: In function ‘report_real_warn’:
src/libcodecore.so.0.0.p/SymbolPane/Vala/ValaSymbolOutline.c:1201:18: warning: variable ‘self’ set but not used [-Wunused-but-set-variable=]
 1201 |         Report * self;
      |                  ^~~~
src/libcodecore.so.0.0.p/SymbolPane/Vala/ValaSymbolOutline.c: In function ‘report_real_note’:
src/libcodecore.so.0.0.p/SymbolPane/Vala/ValaSymbolOutline.c:1211:18: warning: variable ‘self’ set but not used [-Wunused-but-set-variable=]
 1211 |         Report * self;
      |                  ^~~~
src/libcodecore.so.0.0.p/SymbolPane/Vala/ValaSymbolOutline.c: In function ‘report_real_depr’:
src/libcodecore.so.0.0.p/SymbolPane/Vala/ValaSymbolOutline.c:1221:18: warning: variable ‘self’ set but not used [-Wunused-but-set-variable=]
 1221 |         Report * self;
      |                  ^~~~
src/codecore.h: At top level:
src/codecore.h:1505:13: warning: ‘scratch_application_main’ declared ‘static’ but never defined [-Wunused-function]
 1505 | static gint scratch_application_main (gchar** args,
      |             ^~~~~~~~~~~~~~~~~~~~~~~~
src/libcodecore.so.0.0.p/SymbolPane/Vala/ValaSymbolOutline.c:48:20: warning: ‘scratch_services_vala_symbol_outline_properties’ defined but not used [-Wunused-variable]
   48 | static GParamSpec* scratch_services_vala_symbol_outline_properties[SCRATCH_SERVICES_VALA_SYMBOL_OUTLINE_NUM_PROPERTIES];
      |                    ^~~~~~~~~~~~~~~~~~~~~~~~~~~~~~~~~~~~~~~~~~~~~~~
[271/379] Compiling C object src/libcodecore.so.0.0.p/meson-generated_SymbolPane_C_CtagsSymbolIter.c.o
In file included from src/codecore.h:17,
                 from src/libcodecore.so.0.0.p/SymbolPane/C/CtagsSymbolIter.c:22:
/usr/include/granite/granite.h:2118:1: warning: ‘GraniteTextStyle’ is deprecated [-Wdeprecated-declarations]
 2118 | VALA_EXTERN gchar* granite_text_style_get_stylesheet (GraniteTextStyle self,
      | ^~~~~~~~~~~
/usr/include/granite/granite.h:632:15: note: declared here
  632 | typedef enum  {
      |               ^
/usr/include/granite/granite.h:2138:1: warning: ‘GraniteTextStyle’ is deprecated [-Wdeprecated-declarations]
 2138 | VALA_EXTERN void granite_widgets_utils_apply_text_style_to_label (GraniteTextStyle text_style,
      | ^~~~~~~~~~~
/usr/include/granite/granite.h:632:15: note: declared here
  632 | typedef enum  {
      |               ^
src/libcodecore.so.0.0.p/SymbolPane/C/CtagsSymbolIter.c: In function ‘scratch_services_ctags_symbol_iter_set_name’:
src/libcodecore.so.0.0.p/SymbolPane/C/CtagsSymbolIter.c:139:19: warning: assignment discards ‘const’ qualifier from pointer target type [-Wdiscarded-qualifiers]
  139 |         old_value = scratch_services_ctags_symbol_iter_get_name (self);
      |                   ^
src/libcodecore.so.0.0.p/SymbolPane/C/CtagsSymbolIter.c: In function ‘scratch_services_ctags_symbol_iter_set_parent’:
src/libcodecore.so.0.0.p/SymbolPane/C/CtagsSymbolIter.c:166:19: warning: assignment discards ‘const’ qualifier from pointer target type [-Wdiscarded-qualifiers]
  166 |         old_value = scratch_services_ctags_symbol_iter_get_parent (self);
      |                   ^
src/codecore.h: At top level:
src/codecore.h:1505:13: warning: ‘scratch_application_main’ declared ‘static’ but never defined [-Wunused-function]
 1505 | static gint scratch_application_main (gchar** args,
      |             ^~~~~~~~~~~~~~~~~~~~~~~~
[272/379] Compiling C object src/libcodecore.so.0.0.p/meson-generated_Widgets_SourceList_SourceList.c.o
In file included from src/codecore.h:17,
                 from src/libcodecore.so.0.0.p/Widgets/SourceList/SourceList.c:44:
/usr/include/granite/granite.h:2118:1: warning: ‘GraniteTextStyle’ is deprecated [-Wdeprecated-declarations]
 2118 | VALA_EXTERN gchar* granite_text_style_get_stylesheet (GraniteTextStyle self,
      | ^~~~~~~~~~~
/usr/include/granite/granite.h:632:15: note: declared here
  632 | typedef enum  {
      |               ^
/usr/include/granite/granite.h:2138:1: warning: ‘GraniteTextStyle’ is deprecated [-Wdeprecated-declarations]
 2138 | VALA_EXTERN void granite_widgets_utils_apply_text_style_to_label (GraniteTextStyle text_style,
      | ^~~~~~~~~~~
/usr/include/granite/granite.h:632:15: note: declared here
  632 | typedef enum  {
      |               ^
src/libcodecore.so.0.0.p/Widgets/SourceList/SourceList.c: In function ‘code_widgets_source_list_item_set_name’:
src/libcodecore.so.0.0.p/Widgets/SourceList/SourceList.c:1970:19: warning: assignment discards ‘const’ qualifier from pointer target type [-Wdiscarded-qualifiers]
 1970 |         old_value = code_widgets_source_list_item_get_name (self);
      |                   ^
src/libcodecore.so.0.0.p/Widgets/SourceList/SourceList.c: In function ‘code_widgets_source_list_item_set_tooltip’:
src/libcodecore.so.0.0.p/Widgets/SourceList/SourceList.c:1997:19: warning: assignment discards ‘const’ qualifier from pointer target type [-Wdiscarded-qualifiers]
 1997 |         old_value = code_widgets_source_list_item_get_tooltip (self);
      |                   ^
src/libcodecore.so.0.0.p/Widgets/SourceList/SourceList.c: In function ‘code_widgets_source_list_item_set_markup’:
src/libcodecore.so.0.0.p/Widgets/SourceList/SourceList.c:2024:19: warning: assignment discards ‘const’ qualifier from pointer target type [-Wdiscarded-qualifiers]
 2024 |         old_value = code_widgets_source_list_item_get_markup (self);
      |                   ^
src/libcodecore.so.0.0.p/Widgets/SourceList/SourceList.c: In function ‘code_widgets_source_list_item_set_badge’:
src/libcodecore.so.0.0.p/Widgets/SourceList/SourceList.c:2051:19: warning: assignment discards ‘const’ qualifier from pointer target type [-Wdiscarded-qualifiers]
 2051 |         old_value = code_widgets_source_list_item_get_badge (self);
      |                   ^
src/libcodecore.so.0.0.p/Widgets/SourceList/SourceList.c: In function ‘code_widgets_source_list_item_set_activatable_tooltip’:
src/libcodecore.so.0.0.p/Widgets/SourceList/SourceList.c:2198:19: warning: assignment discards ‘const’ qualifier from pointer target type [-Wdiscarded-qualifiers]
 2198 |         old_value = code_widgets_source_list_item_get_activatable_tooltip (self);
      |                   ^
src/libcodecore.so.0.0.p/Widgets/SourceList/SourceList.c: In function ‘code_widgets_source_list_data_model_filter_visible_func’:
src/libcodecore.so.0.0.p/Widgets/SourceList/SourceList.c:4099:18: warning: variable ‘_tmp27__target’ set but not used [-Wunused-but-set-variable=]
 4099 |         gpointer _tmp27__target;
      |                  ^~~~~~~~~~~~~~
src/libcodecore.so.0.0.p/Widgets/SourceList/SourceList.c: In function ‘code_widgets_source_list_data_model_real_row_drop_possible’:
src/libcodecore.so.0.0.p/Widgets/SourceList/SourceList.c:4678:22: warning: variable ‘_tmp27__length1’ set but not used [-Wunused-but-set-variable=]
 4678 |                 gint _tmp27__length1;
      |                      ^~~~~~~~~~~~~~~
src/libcodecore.so.0.0.p/Widgets/SourceList/SourceList.c:4674:22: warning: variable ‘_tmp25__length1’ set but not used [-Wunused-but-set-variable=]
 4674 |                 gint _tmp25__length1;
      |                      ^~~~~~~~~~~~~~~
src/libcodecore.so.0.0.p/Widgets/SourceList/SourceList.c:4671:22: warning: variable ‘_dest_indices_size_’ set but not used [-Wunused-but-set-variable=]
 4671 |                 gint _dest_indices_size_;
      |                      ^~~~~~~~~~~~~~~~~~~
src/libcodecore.so.0.0.p/Widgets/SourceList/SourceList.c:4663:22: warning: variable ‘_src_indices_size_’ set but not used [-Wunused-but-set-variable=]
 4663 |                 gint _src_indices_size_;
      |                      ^~~~~~~~~~~~~~~~~~
src/libcodecore.so.0.0.p/Widgets/SourceList/SourceList.c: In function ‘code_widgets_source_list_cell_renderer_icon_class_init’:
src/libcodecore.so.0.0.p/Widgets/SourceList/SourceList.c:5977:52: warning: assignment to ‘gboolean (*)(GtkCellRenderer *, GdkEvent *, GtkWidget *, const gchar *, const GdkRectangle *, const GdkRectangle *, GtkCellRendererState)’ {aka ‘int (*)(struct _GtkCellRenderer *, union _GdkEvent *, struct _GtkWidget *, const char *, const struct _cairo_rectangle_int *, const struct _cairo_rectangle_int *, GtkCellRendererState)’} from incompatible pointer type ‘gboolean (*)(GtkCellRenderer *, GdkEvent *, GtkWidget *, const gchar *, GdkRectangle *, GdkRectangle *, GtkCellRendererState)’ {aka ‘int (*)(struct _GtkCellRenderer *, union _GdkEvent *, struct _GtkWidget *, const char *, struct _cairo_rectangle_int *, struct _cairo_rectangle_int *, GtkCellRendererState)’} [-Wincompatible-pointer-types]
 5977 |         ((GtkCellRendererClass *) klass)->activate = (gboolean (*) (GtkCellRenderer*, GdkEvent*, GtkWidget*, const gchar*, GdkRectangle*, GdkRectangle*, GtkCellRendererState)) code_widgets_source_list_cell_renderer_icon_real_activate;
      |                                                    ^
src/libcodecore.so.0.0.p/Widgets/SourceList/SourceList.c:5935:1: note: ‘code_widgets_source_list_cell_renderer_icon_real_activate’ declared here
 5935 | code_widgets_source_list_cell_renderer_icon_real_activate (GtkCellRenderer* base,
      | ^~~~~~~~~~~~~~~~~~~~~~~~~~~~~~~~~~~~~~~~~~~~~~~~~~~~~~~~~
src/libcodecore.so.0.0.p/Widgets/SourceList/SourceList.c: In function ‘code_widgets_source_list_cell_renderer_spacer_real_get_request_mode’:
src/libcodecore.so.0.0.p/Widgets/SourceList/SourceList.c:6022:51: warning: variable ‘self’ set but not used [-Wunused-but-set-variable=]
 6022 |         CodeWidgetsSourceListCellRendererSpacer * self;
      |                                                   ^~~~
src/libcodecore.so.0.0.p/Widgets/SourceList/SourceList.c: In function ‘code_widgets_source_list_cell_renderer_spacer_real_render’:
src/libcodecore.so.0.0.p/Widgets/SourceList/SourceList.c:6088:51: warning: variable ‘self’ set but not used [-Wunused-but-set-variable=]
 6088 |         CodeWidgetsSourceListCellRendererSpacer * self;
      |                                                   ^~~~
src/libcodecore.so.0.0.p/Widgets/SourceList/SourceList.c: In function ‘code_widgets_source_list_cell_renderer_spacer_class_init’:
src/libcodecore.so.0.0.p/Widgets/SourceList/SourceList.c:6141:50: warning: assignment to ‘void (*)(GtkCellRenderer *, cairo_t *, GtkWidget *, const GdkRectangle *, const GdkRectangle *, GtkCellRendererState)’ {aka ‘void (*)(struct _GtkCellRenderer *, struct _cairo *, struct _GtkWidget *, const struct _cairo_rectangle_int *, const struct _cairo_rectangle_int *, GtkCellRendererState)’} from incompatible pointer type ‘void (*)(GtkCellRenderer *, cairo_t *, GtkWidget *, GdkRectangle *, GdkRectangle *, GtkCellRendererState)’ {aka ‘void (*)(struct _GtkCellRenderer *, struct _cairo *, struct _GtkWidget *, struct _cairo_rectangle_int *, struct _cairo_rectangle_int *, GtkCellRendererState)’} [-Wincompatible-pointer-types]
 6141 |         ((GtkCellRendererClass *) klass)->render = (void (*) (GtkCellRenderer*, cairo_t*, GtkWidget*, GdkRectangle*, GdkRectangle*, GtkCellRendererState)) code_widgets_source_list_cell_renderer_spacer_real_render;
      |                                                  ^
src/libcodecore.so.0.0.p/Widgets/SourceList/SourceList.c:6081:1: note: ‘code_widgets_source_list_cell_renderer_spacer_real_render’ declared here
 6081 | code_widgets_source_list_cell_renderer_spacer_real_render (GtkCellRenderer* base,
      | ^~~~~~~~~~~~~~~~~~~~~~~~~~~~~~~~~~~~~~~~~~~~~~~~~~~~~~~~~
src/libcodecore.so.0.0.p/Widgets/SourceList/SourceList.c: In function ‘code_widgets_source_list_cell_renderer_spacer_finalize’:
src/libcodecore.so.0.0.p/Widgets/SourceList/SourceList.c:6162:51: warning: variable ‘self’ set but not used [-Wunused-but-set-variable=]
 6162 |         CodeWidgetsSourceListCellRendererSpacer * self;
      |                                                   ^~~~
src/libcodecore.so.0.0.p/Widgets/SourceList/SourceList.c: In function ‘code_widgets_source_list_tree_real_drag_motion’:
src/libcodecore.so.0.0.p/Widgets/SourceList/SourceList.c:6287:33: warning: variable ‘suggested_pos’ set but not used [-Wunused-but-set-variable=]
 6287 |         GtkTreeViewDropPosition suggested_pos = 0;
      |                                 ^~~~~~~~~~~~~
src/libcodecore.so.0.0.p/Widgets/SourceList/SourceList.c: In function ‘code_widgets_source_list_tree_real_drag_data_received’:
src/libcodecore.so.0.0.p/Widgets/SourceList/SourceList.c:6420:33: warning: variable ‘pos’ set but not used [-Wunused-but-set-variable=]
 6420 |         GtkTreeViewDropPosition pos = 0;
      |                                 ^~~
src/libcodecore.so.0.0.p/Widgets/SourceList/SourceList.c: In function ‘code_widgets_source_list_tree_configure_drag_source’:
src/libcodecore.so.0.0.p/Widgets/SourceList/SourceList.c:6533:14: warning: variable ‘_entries_size_’ set but not used [-Wunused-but-set-variable=]
 6533 |         gint _entries_size_;
      |              ^~~~~~~~~~~~~~
src/libcodecore.so.0.0.p/Widgets/SourceList/SourceList.c: In function ‘code_widgets_source_list_tree_configure_drag_dest’:
src/libcodecore.so.0.0.p/Widgets/SourceList/SourceList.c:6554:14: warning: variable ‘_entries_size_’ set but not used [-Wunused-but-set-variable=]
 6554 |         gint _entries_size_;
      |              ^~~~~~~~~~~~~~
src/libcodecore.so.0.0.p/Widgets/SourceList/SourceList.c: In function ‘code_widgets_source_list_tree_append_row_target_entry’:
src/libcodecore.so.0.0.p/Widgets/SourceList/SourceList.c:6788:30: warning: unused variable ‘_target_entry_collection_size_’ [-Wunused-variable]
 6788 |                         gint _target_entry_collection_size_ = 0;
      |                              ^~~~~~~~~~~~~~~~~~~~~~~~~~~~~~
src/libcodecore.so.0.0.p/Widgets/SourceList/SourceList.c: In function ‘code_widgets_source_list_tree_real_button_release_event’:
src/libcodecore.so.0.0.p/Widgets/SourceList/SourceList.c:7744:22: warning: variable ‘cell_y’ set but not used [-Wunused-but-set-variable=]
 7744 |                 gint cell_y = 0;
      |                      ^~~~~~
src/libcodecore.so.0.0.p/Widgets/SourceList/SourceList.c:7743:22: warning: variable ‘cell_x’ set but not used [-Wunused-but-set-variable=]
 7743 |                 gint cell_x = 0;
      |                      ^~~~~~
src/libcodecore.so.0.0.p/Widgets/SourceList/SourceList.c: In function ‘code_widgets_source_list_tree_real_button_press_event’:
src/libcodecore.so.0.0.p/Widgets/SourceList/SourceList.c:7824:14: warning: variable ‘cell_y’ set but not used [-Wunused-but-set-variable=]
 7824 |         gint cell_y = 0;
      |              ^~~~~~
src/libcodecore.so.0.0.p/Widgets/SourceList/SourceList.c: In function ‘code_widgets_source_list_tree_class_init’:
src/libcodecore.so.0.0.p/Widgets/SourceList/SourceList.c:9186:31: warning: passing argument 1 of ‘g_param_spec_unref’ from incompatible pointer type [-Wincompatible-pointer-types]
 9186 |         _g_param_spec_unref0 (_tmp1_);
      |                               ^~~~~~
      |                               |
      |                               GParamSpecInt * {aka struct _GParamSpecInt *}
src/libcodecore.so.0.0.p/Widgets/SourceList/SourceList.c:267:87: note: in definition of macro ‘_g_param_spec_unref0’
  267 | #define _g_param_spec_unref0(var) ((var == NULL) ? NULL : (var = (g_param_spec_unref (var), NULL)))
      |                                                                                       ^~~
In file included from /usr/include/glib-2.0/gobject/gobject.h:28,
                 from /usr/include/glib-2.0/gobject/gbinding.h:31,
                 from /usr/include/glib-2.0/glib-object.h:24,
                 from /usr/include/glib-2.0/gio/gioenums.h:30,
                 from /usr/include/glib-2.0/gio/giotypes.h:30,
                 from /usr/include/glib-2.0/gio/gio.h:28,
                 from src/codecore.h:6:
/usr/include/glib-2.0/gobject/gparam.h:291:65: note: expected ‘GParamSpec *’ {aka ‘struct _GParamSpec *’} but argument is of type ‘GParamSpecInt *’ {aka ‘struct _GParamSpecInt *’}
  291 | void            g_param_spec_unref              (GParamSpec    *pspec);
      |                                                  ~~~~~~~~~~~~~~~^~~~~
src/libcodecore.so.0.0.p/Widgets/SourceList/SourceList.c:9190:31: warning: passing argument 1 of ‘g_param_spec_unref’ from incompatible pointer type [-Wincompatible-pointer-types]
 9190 |         _g_param_spec_unref0 (_tmp3_);
      |                               ^~~~~~
      |                               |
      |                               GParamSpecInt * {aka struct _GParamSpecInt *}
src/libcodecore.so.0.0.p/Widgets/SourceList/SourceList.c:267:87: note: in definition of macro ‘_g_param_spec_unref0’
  267 | #define _g_param_spec_unref0(var) ((var == NULL) ? NULL : (var = (g_param_spec_unref (var), NULL)))
      |                                                                                       ^~~
/usr/include/glib-2.0/gobject/gparam.h:291:65: note: expected ‘GParamSpec *’ {aka ‘struct _GParamSpec *’} but argument is of type ‘GParamSpecInt *’ {aka ‘struct _GParamSpecInt *’}
  291 | void            g_param_spec_unref              (GParamSpec    *pspec);
      |                                                  ~~~~~~~~~~~~~~~^~~~~
src/libcodecore.so.0.0.p/Widgets/SourceList/SourceList.c:9194:31: warning: passing argument 1 of ‘g_param_spec_unref’ from incompatible pointer type [-Wincompatible-pointer-types]
 9194 |         _g_param_spec_unref0 (_tmp5_);
      |                               ^~~~~~
      |                               |
      |                               GParamSpecInt * {aka struct _GParamSpecInt *}
src/libcodecore.so.0.0.p/Widgets/SourceList/SourceList.c:267:87: note: in definition of macro ‘_g_param_spec_unref0’
  267 | #define _g_param_spec_unref0(var) ((var == NULL) ? NULL : (var = (g_param_spec_unref (var), NULL)))
      |                                                                                       ^~~
/usr/include/glib-2.0/gobject/gparam.h:291:65: note: expected ‘GParamSpec *’ {aka ‘struct _GParamSpec *’} but argument is of type ‘GParamSpecInt *’ {aka ‘struct _GParamSpecInt *’}
  291 | void            g_param_spec_unref              (GParamSpec    *pspec);
      |                                                  ~~~~~~~~~~~~~~~^~~~~
src/codecore.h: At top level:
src/codecore.h:1505:13: warning: ‘scratch_application_main’ declared ‘static’ but never defined [-Wunused-function]
 1505 | static gint scratch_application_main (gchar** args,
      |             ^~~~~~~~~~~~~~~~~~~~~~~~
src/libcodecore.so.0.0.p/Widgets/SourceList/SourceList.c:225:20: warning: ‘code_widgets_source_list_cell_renderer_icon_properties’ defined but not used [-Wunused-variable]
  225 | static GParamSpec* code_widgets_source_list_cell_renderer_icon_properties[CODE_WIDGETS_SOURCE_LIST_CELL_RENDERER_ICON_NUM_PROPERTIES];
      |                    ^~~~~~~~~~~~~~~~~~~~~~~~~~~~~~~~~~~~~~~~~~~~~~~~~~~~~~
[273/379] Compiling C object src/libcodecore.so.0.0.p/meson-generated_SymbolPane_C_CtagsSymbol.c.o
In file included from src/codecore.h:17,
                 from src/libcodecore.so.0.0.p/SymbolPane/C/CtagsSymbol.c:22:
/usr/include/granite/granite.h:2118:1: warning: ‘GraniteTextStyle’ is deprecated [-Wdeprecated-declarations]
 2118 | VALA_EXTERN gchar* granite_text_style_get_stylesheet (GraniteTextStyle self,
      | ^~~~~~~~~~~
/usr/include/granite/granite.h:632:15: note: declared here
  632 | typedef enum  {
      |               ^
/usr/include/granite/granite.h:2138:1: warning: ‘GraniteTextStyle’ is deprecated [-Wdeprecated-declarations]
 2138 | VALA_EXTERN void granite_widgets_utils_apply_text_style_to_label (GraniteTextStyle text_style,
      | ^~~~~~~~~~~
/usr/include/granite/granite.h:632:15: note: declared here
  632 | typedef enum  {
      |               ^
src/codecore.h:1505:13: warning: ‘scratch_application_main’ declared ‘static’ but never defined [-Wunused-function]
 1505 | static gint scratch_application_main (gchar** args,
      |             ^~~~~~~~~~~~~~~~~~~~~~~~
[274/379] Compiling C object src/libcodecore.so.0.0.p/meson-generated_Structs_SelectionRange.c.o
In file included from src/codecore.h:17,
                 from src/libcodecore.so.0.0.p/Structs/SelectionRange.c:11:
/usr/include/granite/granite.h:2118:1: warning: ‘GraniteTextStyle’ is deprecated [-Wdeprecated-declarations]
 2118 | VALA_EXTERN gchar* granite_text_style_get_stylesheet (GraniteTextStyle self,
      | ^~~~~~~~~~~
/usr/include/granite/granite.h:632:15: note: declared here
  632 | typedef enum  {
      |               ^
/usr/include/granite/granite.h:2138:1: warning: ‘GraniteTextStyle’ is deprecated [-Wdeprecated-declarations]
 2138 | VALA_EXTERN void granite_widgets_utils_apply_text_style_to_label (GraniteTextStyle text_style,
      | ^~~~~~~~~~~
/usr/include/granite/granite.h:632:15: note: declared here
  632 | typedef enum  {
      |               ^
src/codecore.h:1505:13: warning: ‘scratch_application_main’ declared ‘static’ but never defined [-Wunused-function]
 1505 | static gint scratch_application_main (gchar** args,
      |             ^~~~~~~~~~~~~~~~~~~~~~~~
[275/379] Compiling C object src/libcodecore.so.0.0.p/meson-generated_config.c.o
In file included from src/codecore.h:17,
                 from src/libcodecore.so.0.0.p/config.c:4:
/usr/include/granite/granite.h:2118:1: warning: ‘GraniteTextStyle’ is deprecated [-Wdeprecated-declarations]
 2118 | VALA_EXTERN gchar* granite_text_style_get_stylesheet (GraniteTextStyle self,
      | ^~~~~~~~~~~
/usr/include/granite/granite.h:632:15: note: declared here
  632 | typedef enum  {
      |               ^
/usr/include/granite/granite.h:2138:1: warning: ‘GraniteTextStyle’ is deprecated [-Wdeprecated-declarations]
 2138 | VALA_EXTERN void granite_widgets_utils_apply_text_style_to_label (GraniteTextStyle text_style,
      | ^~~~~~~~~~~
/usr/include/granite/granite.h:632:15: note: declared here
  632 | typedef enum  {
      |               ^
src/codecore.h:1505:13: warning: ‘scratch_application_main’ declared ‘static’ but never defined [-Wunused-function]
 1505 | static gint scratch_application_main (gchar** args,
      |             ^~~~~~~~~~~~~~~~~~~~~~~~
[276/379] Compiling C object src/io.elementary.code.p/meson-generated_Application.c.o
src/io.elementary.code.p/Application.c: In function ‘scratch_application_real_handle_local_options’:
src/io.elementary.code.p/Application.c:347:30: warning: variable ‘self’ set but not used [-Wunused-but-set-variable=]
  347 |         ScratchApplication * self;
      |                              ^~~~
src/io.elementary.code.p/Application.c: In function ‘scratch_application_real_command_line’:
src/io.elementary.code.p/Application.c:495:30: warning: variable ‘_tmp28__length1’ set but not used [-Wunused-but-set-variable=]
  495 |                         gint _tmp28__length1;
      |                              ^~~~~~~~~~~~~~~
src/io.elementary.code.p/Application.c:477:31: warning: variable ‘_tmp27_’ set but not used [-Wunused-but-set-variable=]
  477 |                 const gchar** _tmp27_;
      |                               ^~~~~~~
src/io.elementary.code.p/Application.c:476:22: warning: variable ‘_file_list_size_’ set but not used [-Wunused-but-set-variable=]
  476 |                 gint _file_list_size_;
      |                      ^~~~~~~~~~~~~~~~
src/io.elementary.code.p/Application.c:560:46: warning: variable ‘_tmp46__length1’ set but not used [-Wunused-but-set-variable=]
  560 |                                         gint _tmp46__length1;
      |                                              ^~~~~~~~~~~~~~~
src/io.elementary.code.p/Application.c:556:55: warning: variable ‘_tmp45_’ set but not used [-Wunused-but-set-variable=]
  556 |                                         const gchar** _tmp45_;
      |                                                       ^~~~~~~
src/io.elementary.code.p/Application.c:531:22: warning: variable ‘_remaining_size_’ set but not used [-Wunused-but-set-variable=]
  531 |                 gint _remaining_size_;
      |                      ^~~~~~~~~~~~~~~~
src/io.elementary.code.p/Application.c: In function ‘scratch_application_real_open’:
src/io.elementary.code.p/Application.c:742:103: warning: the comparison will always evaluate as ‘true’ for the address of ‘scratch_location_jump_manager_has_selection_range’ will never be NULL [-Waddress]
  742 |                                                 if (scratch_location_jump_manager_has_selection_range != NULL) {
      |                                                                                                       ^~
src/io.elementary.code.p/Application.c:213:22: note: ‘scratch_location_jump_manager_has_selection_range’ declared here
  213 | VALA_EXTERN gboolean scratch_location_jump_manager_has_selection_range (ScratchLocationJumpManager* self);
      |                      ^~~~~~~~~~~~~~~~~~~~~~~~~~~~~~~~~~~~~~~~~~~~~~~~~
src/io.elementary.code.p/Application.c:732:77: warning: variable ‘_tmp13_’ set but not used [-Wunused-but-set-variable=]
  732 |                                                 ScratchLocationJumpManager* _tmp13_;
      |                                                                             ^~~~~~~
src/io.elementary.code.p/Application.c:700:22: warning: unused variable ‘_file_collection_size_’ [-Wunused-variable]
  700 |                 gint _file_collection_size_ = 0;
      |                      ^~~~~~~~~~~~~~~~~~~~~~
src/io.elementary.code.p/Application.c: In function ‘scratch_application_handle_quit_app_finish’:
src/io.elementary.code.p/Application.c:836:46: warning: variable ‘_data_’ set but not used [-Wunused-but-set-variable=]
  836 |         ScratchApplicationHandleQuitAppData* _data_;
      |                                              ^~~~~~
src/io.elementary.code.p/Application.c: In function ‘scratch_application_set_system_monospace_font’:
src/io.elementary.code.p/Application.c:1076:19: warning: assignment discards ‘const’ qualifier from pointer target type [-Wdiscarded-qualifiers]
 1076 |         old_value = scratch_application_get_system_monospace_font (self);
      |                   ^
[277/379] Compiling C object src/libcodecore.so.0.0.p/meson-generated_SymbolPane_C_CtagsSymbolOutline.c.o
In file included from src/codecore.h:17,
                 from src/libcodecore.so.0.0.p/SymbolPane/C/CtagsSymbolOutline.c:22:
/usr/include/granite/granite.h:2118:1: warning: ‘GraniteTextStyle’ is deprecated [-Wdeprecated-declarations]
 2118 | VALA_EXTERN gchar* granite_text_style_get_stylesheet (GraniteTextStyle self,
      | ^~~~~~~~~~~
/usr/include/granite/granite.h:632:15: note: declared here
  632 | typedef enum  {
      |               ^
/usr/include/granite/granite.h:2138:1: warning: ‘GraniteTextStyle’ is deprecated [-Wdeprecated-declarations]
 2138 | VALA_EXTERN void granite_widgets_utils_apply_text_style_to_label (GraniteTextStyle text_style,
      | ^~~~~~~~~~~
/usr/include/granite/granite.h:632:15: note: declared here
  632 | typedef enum  {
      |               ^
src/libcodecore.so.0.0.p/SymbolPane/C/CtagsSymbolOutline.c: In function ‘scratch_services_ctags_symbol_outline_parse_output_finish’:
src/libcodecore.so.0.0.p/SymbolPane/C/CtagsSymbolOutline.c:567:59: warning: variable ‘_data_’ set but not used [-Wunused-but-set-variable=]
  567 |         ScratchServicesCtagsSymbolOutlineParseOutputData* _data_;
      |                                                           ^~~~~~
src/codecore.h: At top level:
src/codecore.h:1505:13: warning: ‘scratch_application_main’ declared ‘static’ but never defined [-Wunused-function]
 1505 | static gint scratch_application_main (gchar** args,
      |             ^~~~~~~~~~~~~~~~~~~~~~~~
src/libcodecore.so.0.0.p/SymbolPane/C/CtagsSymbolOutline.c:564:1: warning: ‘scratch_services_ctags_symbol_outline_parse_output_finish’ defined but not used [-Wunused-function]
  564 | scratch_services_ctags_symbol_outline_parse_output_finish (ScratchServicesCtagsSymbolOutline* self,
      | ^~~~~~~~~~~~~~~~~~~~~~~~~~~~~~~~~~~~~~~~~~~~~~~~~~~~~~~~~
src/libcodecore.so.0.0.p/SymbolPane/C/CtagsSymbolOutline.c:47:20: warning: ‘scratch_services_ctags_symbol_outline_properties’ defined but not used [-Wunused-variable]
   47 | static GParamSpec* scratch_services_ctags_symbol_outline_properties[SCRATCH_SERVICES_CTAGS_SYMBOL_OUTLINE_NUM_PROPERTIES];
      |                    ^~~~~~~~~~~~~~~~~~~~~~~~~~~~~~~~~~~~~~~~~~~~~~~~
[278/379] Compiling C object src/io.elementary.code.p/meson-generated_Dialogs_RestoreConfirmationDialog.c.o
In file included from src/io.elementary.code.p/Dialogs/RestoreConfirmationDialog.c:22:
/usr/include/granite/granite.h:2118:1: warning: ‘GraniteTextStyle’ is deprecated [-Wdeprecated-declarations]
 2118 | VALA_EXTERN gchar* granite_text_style_get_stylesheet (GraniteTextStyle self,
      | ^~~~~~~~~~~
/usr/include/granite/granite.h:632:15: note: declared here
  632 | typedef enum  {
      |               ^
/usr/include/granite/granite.h:2138:1: warning: ‘GraniteTextStyle’ is deprecated [-Wdeprecated-declarations]
 2138 | VALA_EXTERN void granite_widgets_utils_apply_text_style_to_label (GraniteTextStyle text_style,
      | ^~~~~~~~~~~
/usr/include/granite/granite.h:632:15: note: declared here
  632 | typedef enum  {
      |               ^
src/io.elementary.code.p/Dialogs/RestoreConfirmationDialog.c:62:20: warning: ‘scratch_dialogs_restore_confirmation_dialog_properties’ defined but not used [-Wunused-variable]
   62 | static GParamSpec* scratch_dialogs_restore_confirmation_dialog_properties[SCRATCH_DIALOGS_RESTORE_CONFIRMATION_DIALOG_NUM_PROPERTIES];
      |                    ^~~~~~~~~~~~~~~~~~~~~~~~~~~~~~~~~~~~~~~~~~~~~~~~~~~~~~
[279/379] Compiling C object src/io.elementary.code.p/meson-generated_Utils.c.o
In file included from src/io.elementary.code.p/Utils.c:36:
/usr/include/granite/granite.h:2118:1: warning: ‘GraniteTextStyle’ is deprecated [-Wdeprecated-declarations]
 2118 | VALA_EXTERN gchar* granite_text_style_get_stylesheet (GraniteTextStyle self,
      | ^~~~~~~~~~~
/usr/include/granite/granite.h:632:15: note: declared here
  632 | typedef enum  {
      |               ^
/usr/include/granite/granite.h:2138:1: warning: ‘GraniteTextStyle’ is deprecated [-Wdeprecated-declarations]
 2138 | VALA_EXTERN void granite_widgets_utils_apply_text_style_to_label (GraniteTextStyle text_style,
      | ^~~~~~~~~~~
/usr/include/granite/granite.h:632:15: note: declared here
  632 | typedef enum  {
      |               ^
src/io.elementary.code.p/Utils.c: In function ‘scratch_utils_get_accel_for_action’:
src/io.elementary.code.p/Utils.c:1276:22: warning: variable ‘_tmp6__length1’ set but not used [-Wunused-but-set-variable=]
 1276 |                 gint _tmp6__length1;
      |                      ^~~~~~~~~~~~~~
src/io.elementary.code.p/Utils.c:1259:17: warning: variable ‘_tmp5_’ set but not used [-Wunused-but-set-variable=]
 1259 |         gchar** _tmp5_;
      |                 ^~~~~~
src/io.elementary.code.p/Utils.c:1258:14: warning: variable ‘_accels_size_’ set but not used [-Wunused-but-set-variable=]
 1258 |         gint _accels_size_;
      |              ^~~~~~~~~~~~~
[280/379] Compiling C object src/io.elementary.code.p/meson-generated_Dialogs_CloseProjectsConfirmationDialog.c.o
In file included from src/io.elementary.code.p/Dialogs/CloseProjectsConfirmationDialog.c:22:
/usr/include/granite/granite.h:2118:1: warning: ‘GraniteTextStyle’ is deprecated [-Wdeprecated-declarations]
 2118 | VALA_EXTERN gchar* granite_text_style_get_stylesheet (GraniteTextStyle self,
      | ^~~~~~~~~~~
/usr/include/granite/granite.h:632:15: note: declared here
  632 | typedef enum  {
      |               ^
/usr/include/granite/granite.h:2138:1: warning: ‘GraniteTextStyle’ is deprecated [-Wdeprecated-declarations]
 2138 | VALA_EXTERN void granite_widgets_utils_apply_text_style_to_label (GraniteTextStyle text_style,
      | ^~~~~~~~~~~
/usr/include/granite/granite.h:632:15: note: declared here
  632 | typedef enum  {
      |               ^
src/io.elementary.code.p/Dialogs/CloseProjectsConfirmationDialog.c: In function ‘scratch_dialogs_close_projects_confirmation_dialog_finalize’:
src/io.elementary.code.p/Dialogs/CloseProjectsConfirmationDialog.c:291:57: warning: variable ‘self’ set but not used [-Wunused-but-set-variable=]
  291 |         ScratchDialogsCloseProjectsConfirmationDialog * self;
      |                                                         ^~~~
[281/379] Compiling C object src/io.elementary.code.p/meson-generated_Dialogs_PreferencesDialog.c.o
In file included from src/io.elementary.code.p/Dialogs/PreferencesDialog.c:13:
/usr/include/granite/granite.h:2118:1: warning: ‘GraniteTextStyle’ is deprecated [-Wdeprecated-declarations]
 2118 | VALA_EXTERN gchar* granite_text_style_get_stylesheet (GraniteTextStyle self,
      | ^~~~~~~~~~~
/usr/include/granite/granite.h:632:15: note: declared here
  632 | typedef enum  {
      |               ^
/usr/include/granite/granite.h:2138:1: warning: ‘GraniteTextStyle’ is deprecated [-Wdeprecated-declarations]
 2138 | VALA_EXTERN void granite_widgets_utils_apply_text_style_to_label (GraniteTextStyle text_style,
      | ^~~~~~~~~~~
/usr/include/granite/granite.h:632:15: note: declared here
  632 | typedef enum  {
      |               ^
src/io.elementary.code.p/Dialogs/PreferencesDialog.c: In function ‘scratch_dialogs_preferences_setting_switch_set_label’:
src/io.elementary.code.p/Dialogs/PreferencesDialog.c:327:19: warning: assignment discards ‘const’ qualifier from pointer target type [-Wdiscarded-qualifiers]
  327 |         old_value = scratch_dialogs_preferences_setting_switch_get_label (self);
      |                   ^
src/io.elementary.code.p/Dialogs/PreferencesDialog.c: In function ‘scratch_dialogs_preferences_setting_switch_set_settings_key’:
src/io.elementary.code.p/Dialogs/PreferencesDialog.c:354:19: warning: assignment discards ‘const’ qualifier from pointer target type [-Wdiscarded-qualifiers]
  354 |         old_value = scratch_dialogs_preferences_setting_switch_get_settings_key (self);
      |                   ^
src/io.elementary.code.p/Dialogs/PreferencesDialog.c: In function ‘scratch_dialogs_preferences_setting_switch_set_description’:
src/io.elementary.code.p/Dialogs/PreferencesDialog.c:381:19: warning: assignment discards ‘const’ qualifier from pointer target type [-Wdiscarded-qualifiers]
  381 |         old_value = scratch_dialogs_preferences_setting_switch_get_description (self);
      |                   ^
src/io.elementary.code.p/Dialogs/PreferencesDialog.c: In function ‘_scratch_dialogs_preferences___lambda67_’:
src/io.elementary.code.p/Dialogs/PreferencesDialog.c:605:36: warning: variable ‘self’ set but not used [-Wunused-but-set-variable=]
  605 |         ScratchDialogsPreferences* self;
      |                                    ^~~~
src/io.elementary.code.p/Dialogs/PreferencesDialog.c: In function ‘_scratch_dialogs_preferences___lambda71_’:
src/io.elementary.code.p/Dialogs/PreferencesDialog.c:663:36: warning: variable ‘self’ set but not used [-Wunused-but-set-variable=]
  663 |         ScratchDialogsPreferences* self;
      |                                    ^~~~
src/io.elementary.code.p/Dialogs/PreferencesDialog.c: In function ‘scratch_dialogs_preferences_constructor’:
src/io.elementary.code.p/Dialogs/PreferencesDialog.c:1178:18: warning: assignment to ‘GtkBox *’ {aka ‘struct _GtkBox *’} from incompatible pointer type ‘GtkWidget *’ {aka ‘struct _GtkWidget *’} [-Wincompatible-pointer-types]
 1178 |         _tmp152_ = gtk_dialog_get_content_area ((GtkDialog*) self);
      |                  ^
[282/379] Compiling C object src/io.elementary.code.p/meson-generated_Dialogs_OverwriteUncommittedConfirmationDialog.c.o
In file included from src/io.elementary.code.p/Dialogs/OverwriteUncommittedConfirmationDialog.c:22:
/usr/include/granite/granite.h:2118:1: warning: ‘GraniteTextStyle’ is deprecated [-Wdeprecated-declarations]
 2118 | VALA_EXTERN gchar* granite_text_style_get_stylesheet (GraniteTextStyle self,
      | ^~~~~~~~~~~
/usr/include/granite/granite.h:632:15: note: declared here
  632 | typedef enum  {
      |               ^
/usr/include/granite/granite.h:2138:1: warning: ‘GraniteTextStyle’ is deprecated [-Wdeprecated-declarations]
 2138 | VALA_EXTERN void granite_widgets_utils_apply_text_style_to_label (GraniteTextStyle text_style,
      | ^~~~~~~~~~~
/usr/include/granite/granite.h:632:15: note: declared here
  632 | typedef enum  {
      |               ^
src/io.elementary.code.p/Dialogs/OverwriteUncommittedConfirmationDialog.c: In function ‘scratch_dialogs_overwrite_uncommitted_confirmation_dialog_set_branch_name’:
src/io.elementary.code.p/Dialogs/OverwriteUncommittedConfirmationDialog.c:156:19: warning: assignment discards ‘const’ qualifier from pointer target type [-Wdiscarded-qualifiers]
  156 |         old_value = scratch_dialogs_overwrite_uncommitted_confirmation_dialog_get_branch_name (self);
      |                   ^
[283/379] Compiling C object src/io.elementary.code.p/meson-generated_Dialogs_GlobalSearchDialog.c.o
In file included from src/io.elementary.code.p/Dialogs/GlobalSearchDialog.c:25:
/usr/include/granite/granite.h:2118:1: warning: ‘GraniteTextStyle’ is deprecated [-Wdeprecated-declarations]
 2118 | VALA_EXTERN gchar* granite_text_style_get_stylesheet (GraniteTextStyle self,
      | ^~~~~~~~~~~
/usr/include/granite/granite.h:632:15: note: declared here
  632 | typedef enum  {
      |               ^
/usr/include/granite/granite.h:2138:1: warning: ‘GraniteTextStyle’ is deprecated [-Wdeprecated-declarations]
 2138 | VALA_EXTERN void granite_widgets_utils_apply_text_style_to_label (GraniteTextStyle text_style,
      | ^~~~~~~~~~~
/usr/include/granite/granite.h:632:15: note: declared here
  632 | typedef enum  {
      |               ^
src/io.elementary.code.p/Dialogs/GlobalSearchDialog.c: In function ‘scratch_dialogs_global_search_dialog_set_folder_name’:
src/io.elementary.code.p/Dialogs/GlobalSearchDialog.c:193:19: warning: assignment discards ‘const’ qualifier from pointer target type [-Wdiscarded-qualifiers]
  193 |         old_value = scratch_dialogs_global_search_dialog_get_folder_name (self);
      |                   ^
[284/379] Compiling Vala source ../pantheon-code/plugins/detect-indent/detect-indent.vala src/codecore.vapi
[285/379] Compiling Vala source ../pantheon-code/plugins/markdown-actions/markdown-actions.vala src/codecore.vapi
[286/379] Compiling C object src/io.elementary.code.p/meson-generated_FolderManager_File.c.o
[287/379] Compiling C object src/io.elementary.code.p/meson-generated_Dialogs_CloneRepositoryDialog.c.o
In file included from src/io.elementary.code.p/Dialogs/CloneRepositoryDialog.c:11:
/usr/include/granite/granite.h:2118:1: warning: ‘GraniteTextStyle’ is deprecated [-Wdeprecated-declarations]
 2118 | VALA_EXTERN gchar* granite_text_style_get_stylesheet (GraniteTextStyle self,
      | ^~~~~~~~~~~
/usr/include/granite/granite.h:632:15: note: declared here
  632 | typedef enum  {
      |               ^
/usr/include/granite/granite.h:2138:1: warning: ‘GraniteTextStyle’ is deprecated [-Wdeprecated-declarations]
 2138 | VALA_EXTERN void granite_widgets_utils_apply_text_style_to_label (GraniteTextStyle text_style,
      | ^~~~~~~~~~~
/usr/include/granite/granite.h:632:15: note: declared here
  632 | typedef enum  {
      |               ^
src/io.elementary.code.p/Dialogs/CloneRepositoryDialog.c: In function ‘scratch_dialogs_clone_repository_dialog_validate_https_address’:
src/io.elementary.code.p/Dialogs/CloneRepositoryDialog.c:650:38: warning: variable ‘_tmp22__length1’ set but not used [-Wunused-but-set-variable=]
  650 |                                 gint _tmp22__length1;
      |                                      ^~~~~~~~~~~~~~~
src/io.elementary.code.p/Dialogs/CloneRepositoryDialog.c:663:38: warning: variable ‘_tmp25__length1’ set but not used [-Wunused-but-set-variable=]
  663 |                                 gint _tmp25__length1;
      |                                      ^~~~~~~~~~~~~~~
src/io.elementary.code.p/Dialogs/CloneRepositoryDialog.c:630:33: warning: variable ‘_tmp21_’ set but not used [-Wunused-but-set-variable=]
  630 |                         gchar** _tmp21_;
      |                                 ^~~~~~~
src/io.elementary.code.p/Dialogs/CloneRepositoryDialog.c:628:30: warning: variable ‘_parts_size_’ set but not used [-Wunused-but-set-variable=]
  628 |                         gint _parts_size_;
      |                              ^~~~~~~~~~~~
src/io.elementary.code.p/Dialogs/CloneRepositoryDialog.c: In function ‘scratch_dialogs_clone_repository_dialog_set_suggested_local_folder’:
src/io.elementary.code.p/Dialogs/CloneRepositoryDialog.c:806:19: warning: assignment discards ‘const’ qualifier from pointer target type [-Wdiscarded-qualifiers]
  806 |         old_value = scratch_dialogs_clone_repository_dialog_get_suggested_local_folder (self);
      |                   ^
src/io.elementary.code.p/Dialogs/CloneRepositoryDialog.c: In function ‘scratch_dialogs_clone_repository_dialog_set_suggested_remote’:
src/io.elementary.code.p/Dialogs/CloneRepositoryDialog.c:833:19: warning: assignment discards ‘const’ qualifier from pointer target type [-Wdiscarded-qualifiers]
  833 |         old_value = scratch_dialogs_clone_repository_dialog_get_suggested_remote (self);
      |                   ^
src/io.elementary.code.p/Dialogs/CloneRepositoryDialog.c: At top level:
src/io.elementary.code.p/Dialogs/CloneRepositoryDialog.c:78:20: warning: ‘scratch_dialogs_clone_repository_dialog_clone_entry_properties’ defined but not used [-Wunused-variable]
   78 | static GParamSpec* scratch_dialogs_clone_repository_dialog_clone_entry_properties[SCRATCH_DIALOGS_CLONE_REPOSITORY_DIALOG_CLONE_ENTRY_NUM_PROPERTIES];
      |                    ^~~~~~~~~~~~~~~~~~~~~~~~~~~~~~~~~~~~~~~~~~~~~~~~~~~~~~~~~~~~~~
[288/379] Compiling Vala source ../pantheon-code/plugins/spell/spell.vala src/codecore.vapi
[289/379] Compiling Vala source ../pantheon-code/plugins/editorconfig/editorconfig.vapi ../pantheon-code/plugins/editorconfig/editorconfig.vala src/codecore.vapi
[290/379] Compiling Vala source ../pantheon-code/plugins/brackets-completion/brackets-completion.vala src/codecore.vapi
[291/379] Compiling C object src/io.elementary.code.p/meson-generated_Dialogs_BranchActions_BranchCheckoutPage.c.o
In file included from src/io.elementary.code.p/Dialogs/BranchActions/BranchCheckoutPage.c:17:
/usr/include/granite/granite.h:2118:1: warning: ‘GraniteTextStyle’ is deprecated [-Wdeprecated-declarations]
 2118 | VALA_EXTERN gchar* granite_text_style_get_stylesheet (GraniteTextStyle self,
      | ^~~~~~~~~~~
/usr/include/granite/granite.h:632:15: note: declared here
  632 | typedef enum  {
      |               ^
/usr/include/granite/granite.h:2138:1: warning: ‘GraniteTextStyle’ is deprecated [-Wdeprecated-declarations]
 2138 | VALA_EXTERN void granite_widgets_utils_apply_text_style_to_label (GraniteTextStyle text_style,
      | ^~~~~~~~~~~
/usr/include/granite/granite.h:632:15: note: declared here
  632 | typedef enum  {
      |               ^
src/io.elementary.code.p/Dialogs/BranchActions/BranchCheckoutPage.c: In function ‘scratch_dialogs_branch_checkout_page_real_get_action’:
src/io.elementary.code.p/Dialogs/BranchActions/BranchCheckoutPage.c:284:43: warning: variable ‘self’ set but not used [-Wunused-but-set-variable=]
  284 |         ScratchDialogsBranchCheckoutPage* self;
      |                                           ^~~~
src/io.elementary.code.p/Dialogs/BranchActions/BranchCheckoutPage.c: In function ‘scratch_dialogs_branch_checkout_page_real_get_new_branch_name’:
src/io.elementary.code.p/Dialogs/BranchActions/BranchCheckoutPage.c:317:43: warning: variable ‘self’ set but not used [-Wunused-but-set-variable=]
  317 |         ScratchDialogsBranchCheckoutPage* self;
      |                                           ^~~~
[292/379] Compiling Vala source ../pantheon-code/plugins/preserve-indent/preserve-indent.vala src/codecore.vapi
[293/379] Compiling Vala source ../pantheon-code/plugins/highlight-word-selection/highlight-word-selection.vala src/codecore.vapi
[294/379] Compiling C object src/io.elementary.code.p/meson-generated_Dialogs_BranchActions_BranchCreatePage.c.o
In file included from src/io.elementary.code.p/Dialogs/BranchActions/BranchCreatePage.c:17:
/usr/include/granite/granite.h:2118:1: warning: ‘GraniteTextStyle’ is deprecated [-Wdeprecated-declarations]
 2118 | VALA_EXTERN gchar* granite_text_style_get_stylesheet (GraniteTextStyle self,
      | ^~~~~~~~~~~
/usr/include/granite/granite.h:632:15: note: declared here
  632 | typedef enum  {
      |               ^
/usr/include/granite/granite.h:2138:1: warning: ‘GraniteTextStyle’ is deprecated [-Wdeprecated-declarations]
 2138 | VALA_EXTERN void granite_widgets_utils_apply_text_style_to_label (GraniteTextStyle text_style,
      | ^~~~~~~~~~~
/usr/include/granite/granite.h:632:15: note: declared here
  632 | typedef enum  {
      |               ^
src/io.elementary.code.p/Dialogs/BranchActions/BranchCreatePage.c: In function ‘scratch_dialogs_branch_create_page_real_get_action’:
src/io.elementary.code.p/Dialogs/BranchActions/BranchCreatePage.c:239:41: warning: variable ‘self’ set but not used [-Wunused-but-set-variable=]
  239 |         ScratchDialogsBranchCreatePage* self;
      |                                         ^~~~
src/io.elementary.code.p/Dialogs/BranchActions/BranchCreatePage.c: In function ‘scratch_dialogs_branch_create_page_real_get_branch_ref’:
src/io.elementary.code.p/Dialogs/BranchActions/BranchCreatePage.c:249:41: warning: variable ‘self’ set but not used [-Wunused-but-set-variable=]
  249 |         ScratchDialogsBranchCreatePage* self;
      |                                         ^~~~
[295/379] Compiling C object src/io.elementary.code.p/meson-generated_Dialogs_BranchActions_BranchActionDialog.c.o
In file included from src/io.elementary.code.p/Dialogs/BranchActions/BranchActionDialog.c:17:
/usr/include/granite/granite.h:2118:1: warning: ‘GraniteTextStyle’ is deprecated [-Wdeprecated-declarations]
 2118 | VALA_EXTERN gchar* granite_text_style_get_stylesheet (GraniteTextStyle self,
      | ^~~~~~~~~~~
/usr/include/granite/granite.h:632:15: note: declared here
  632 | typedef enum  {
      |               ^
/usr/include/granite/granite.h:2138:1: warning: ‘GraniteTextStyle’ is deprecated [-Wdeprecated-declarations]
 2138 | VALA_EXTERN void granite_widgets_utils_apply_text_style_to_label (GraniteTextStyle text_style,
      | ^~~~~~~~~~~
/usr/include/granite/granite.h:632:15: note: declared here
  632 | typedef enum  {
      |               ^
[296/379] Compiling Vala source ../pantheon-code/plugins/vim-emulation/vim-emulation.vala src/codecore.vapi
[297/379] Compiling Vala source ../pantheon-code/plugins/pastebin/pastebin_dialog.vala ../pantheon-code/plugins/pastebin/pastebin.vala src/codecore.vapi
[298/379] Compiling C object src/io.elementary.code.p/meson-generated_Dialogs_BranchActions_BranchNameRow.c.o
[299/379] Compiling C object src/io.elementary.code.p/meson-generated_FolderManager_FileItem.c.o
src/io.elementary.code.p/FolderManager/FileItem.c:113:20: warning: ‘scratch_folder_manager_file_item_properties’ defined but not used [-Wunused-variable]
  113 | static GParamSpec* scratch_folder_manager_file_item_properties[SCRATCH_FOLDER_MANAGER_FILE_ITEM_NUM_PROPERTIES];
      |                    ^~~~~~~~~~~~~~~~~~~~~~~~~~~~~~~~~~~~~~~~~~~
[300/379] Compiling C object src/io.elementary.code.p/meson-generated_Dialogs_BranchActions_BranchListBox.c.o
In file included from src/io.elementary.code.p/Dialogs/BranchActions/BranchListBox.c:14:
/usr/include/granite/granite.h:2118:1: warning: ‘GraniteTextStyle’ is deprecated [-Wdeprecated-declarations]
 2118 | VALA_EXTERN gchar* granite_text_style_get_stylesheet (GraniteTextStyle self,
      | ^~~~~~~~~~~
/usr/include/granite/granite.h:632:15: note: declared here
  632 | typedef enum  {
      |               ^
/usr/include/granite/granite.h:2138:1: warning: ‘GraniteTextStyle’ is deprecated [-Wdeprecated-declarations]
 2138 | VALA_EXTERN void granite_widgets_utils_apply_text_style_to_label (GraniteTextStyle text_style,
      | ^~~~~~~~~~~
/usr/include/granite/granite.h:632:15: note: declared here
  632 | typedef enum  {
      |               ^
[301/379] Compiling C object src/io.elementary.code.p/meson-generated_MainWindow.c.o
In file included from src/io.elementary.code.p/MainWindow.c:28:
/usr/include/granite/granite.h:2118:1: warning: ‘GraniteTextStyle’ is deprecated [-Wdeprecated-declarations]
 2118 | VALA_EXTERN gchar* granite_text_style_get_stylesheet (GraniteTextStyle self,
      | ^~~~~~~~~~~
/usr/include/granite/granite.h:632:15: note: declared here
  632 | typedef enum  {
      |               ^
/usr/include/granite/granite.h:2138:1: warning: ‘GraniteTextStyle’ is deprecated [-Wdeprecated-declarations]
 2138 | VALA_EXTERN void granite_widgets_utils_apply_text_style_to_label (GraniteTextStyle text_style,
      | ^~~~~~~~~~~
/usr/include/granite/granite.h:632:15: note: declared here
  632 | typedef enum  {
      |               ^
src/io.elementary.code.p/MainWindow.c: In function ‘__lambda180_’:
src/io.elementary.code.p/MainWindow.c:2151:28: warning: variable ‘self’ set but not used [-Wunused-but-set-variable=]
 2151 |         ScratchMainWindow* self;
      |                            ^~~~
src/io.elementary.code.p/MainWindow.c: In function ‘__lambda181_’:
src/io.elementary.code.p/MainWindow.c:2593:121: warning: passing argument 5 of ‘scratch_widgets_document_view_open_document’ discards ‘const’ qualifier from pointer target type [-Wdiscarded-qualifiers]
 2593 |                                                 scratch_widgets_document_view_open_document (_tmp18_, _tmp19_, TRUE, 0, &SELECTION_RANGE_EMPTY, NULL, NULL);
      |                                                                                                                         ^~~~~~~~~~~~~~~~~~~~~~
src/io.elementary.code.p/MainWindow.c:1099:67: note: expected ‘SelectionRange *’ {aka ‘struct _SelectionRange *’} but argument is of type ‘const SelectionRange *’ {aka ‘const struct _SelectionRange *’}
 1099 |                                                   SelectionRange* range,
      |                                                   ~~~~~~~~~~~~~~~~^~~~~
src/io.elementary.code.p/MainWindow.c:2541:46: warning: variable ‘_tmp6__length1’ set but not used [-Wunused-but-set-variable=]
 2541 |                                         gint _tmp6__length1;
      |                                              ^~~~~~~~~~~~~~
src/io.elementary.code.p/MainWindow.c:2537:49: warning: variable ‘_tmp5_’ set but not used [-Wunused-but-set-variable=]
 2537 |                                         gchar** _tmp5_;
      |                                                 ^~~~~~
src/io.elementary.code.p/MainWindow.c:2519:17: warning: variable ‘_tmp2_’ set but not used [-Wunused-but-set-variable=]
 2519 |         gchar** _tmp2_;
      |                 ^~~~~~
src/io.elementary.code.p/MainWindow.c:2518:14: warning: variable ‘_uris_size_’ set but not used [-Wunused-but-set-variable=]
 2518 |         gint _uris_size_;
      |              ^~~~~~~~~~~
src/io.elementary.code.p/MainWindow.c: In function ‘__lambda186_’:
src/io.elementary.code.p/MainWindow.c:2825:28: warning: variable ‘self’ set but not used [-Wunused-but-set-variable=]
 2825 |         ScratchMainWindow* self;
      |                            ^~~~
src/io.elementary.code.p/MainWindow.c: In function ‘scratch_main_window_init_layout’:
src/io.elementary.code.p/MainWindow.c:3114:14: warning: variable ‘_tmp10__length1’ set but not used [-Wunused-but-set-variable=]
 3114 |         gint _tmp10__length1;
      |              ^~~~~~~~~~~~~~~
src/io.elementary.code.p/MainWindow.c: In function ‘scratch_main_window_restore_opened_documents_finish’:
src/io.elementary.code.p/MainWindow.c:3381:54: warning: variable ‘_data_’ set but not used [-Wunused-but-set-variable=]
 3381 |         ScratchMainWindowRestoreOpenedDocumentsData* _data_;
      |                                                      ^~~~~~
src/io.elementary.code.p/MainWindow.c: In function ‘scratch_main_window_open_document_finish’:
src/io.elementary.code.p/MainWindow.c:3922:44: warning: variable ‘_data_’ set but not used [-Wunused-but-set-variable=]
 3922 |         ScratchMainWindowOpenDocumentData* _data_;
      |                                            ^~~~~~
src/io.elementary.code.p/MainWindow.c: In function ‘scratch_main_window_open_document_co’:
src/io.elementary.code.p/MainWindow.c:3960:123: warning: passing argument 5 of ‘scratch_widgets_document_view_open_document’ discards ‘const’ qualifier from pointer target type [-Wdiscarded-qualifiers]
 3960 |         scratch_widgets_document_view_open_document (_data_->_tmp6_, _data_->doc, _data_->focus, _data_->cursor_position, &SELECTION_RANGE_EMPTY, scratch_main_window_open_document_ready, _data_);
      |                                                                                                                           ^~~~~~~~~~~~~~~~~~~~~~
src/io.elementary.code.p/MainWindow.c:1099:67: note: expected ‘SelectionRange *’ {aka ‘struct _SelectionRange *’} but argument is of type ‘const SelectionRange *’ {aka ‘const struct _SelectionRange *’}
 1099 |                                                   SelectionRange* range,
      |                                                   ~~~~~~~~~~~~~~~~^~~~~
src/io.elementary.code.p/MainWindow.c: In function ‘scratch_main_window_open_document_at_selected_range_finish’:
src/io.elementary.code.p/MainWindow.c:4020:59: warning: variable ‘_data_’ set but not used [-Wunused-but-set-variable=]
 4020 |         ScratchMainWindowOpenDocumentAtSelectedRangeData* _data_;
      |                                                           ^~~~~~
src/io.elementary.code.p/MainWindow.c: In function ‘double_to_string’:
src/io.elementary.code.p/MainWindow.c:4394:14: warning: variable ‘_tmp1__length1’ set but not used [-Wunused-but-set-variable=]
 4394 |         gint _tmp1__length1;
      |              ^~~~~~~~~~~~~~
src/io.elementary.code.p/MainWindow.c: In function ‘__lambda174_’:
src/io.elementary.code.p/MainWindow.c:4747:28: warning: variable ‘self’ set but not used [-Wunused-but-set-variable=]
 4747 |         ScratchMainWindow* self;
      |                            ^~~~
src/io.elementary.code.p/MainWindow.c: In function ‘__lambda172_’:
src/io.elementary.code.p/MainWindow.c:5112:42: warning: passing argument 2 of ‘g_slist_foreach’ from incompatible pointer type [-Wincompatible-pointer-types]
 5112 |                 g_slist_foreach (_tmp1_, ____lambda173__gfunc, self);
      |                                          ^~~~~~~~~~~~~~~~~~~~
      |                                          |
      |                                          void (*)(const void *, void *)
In file included from /usr/include/glib-2.0/glib/gmain.h:28,
                 from /usr/include/glib-2.0/glib/giochannel.h:35,
                 from /usr/include/glib-2.0/glib.h:56,
                 from /usr/include/gtk-3.0/gdk/gdkconfig.h:8,
                 from /usr/include/gtk-3.0/gdk/gdk.h:30,
                 from /usr/include/gtk-3.0/gtk/gtk.h:30,
                 from /usr/include/libhandy-1/handy.h:9,
                 from src/io.elementary.code.p/MainWindow.c:24:
/usr/include/glib-2.0/glib/gslist.h:128:61: note: expected ‘GFunc’ {aka ‘void (*)(void *, void *)’} but argument is of type ‘void (*)(const void *, void *)’
  128 |                                           GFunc             func,
      |                                           ~~~~~~~~~~~~~~~~~~^~~~
src/io.elementary.code.p/MainWindow.c:5080:1: note: ‘____lambda173__gfunc’ declared here
 5080 | ____lambda173__gfunc (gconstpointer data,
      | ^~~~~~~~~~~~~~~~~~~~
In file included from /usr/include/glib-2.0/glib/galloca.h:34,
                 from /usr/include/glib-2.0/glib.h:32:
/usr/include/glib-2.0/glib/gtypes.h:141:27: note: ‘GFunc’ declared here
  141 | typedef void            (*GFunc)                (gpointer       data,
      |                           ^~~~~
src/io.elementary.code.p/MainWindow.c: In function ‘block8_data_unref’:
src/io.elementary.code.p/MainWindow.c:5209:36: warning: variable ‘self’ set but not used [-Wunused-but-set-variable=]
 5209 |                 ScratchMainWindow* self;
      |                                    ^~~~
src/io.elementary.code.p/MainWindow.c: In function ‘block9_data_unref’:
src/io.elementary.code.p/MainWindow.c:5232:36: warning: variable ‘self’ set but not used [-Wunused-but-set-variable=]
 5232 |                 ScratchMainWindow* self;
      |                                    ^~~~
src/io.elementary.code.p/MainWindow.c: In function ‘___lambda170_’:
src/io.elementary.code.p/MainWindow.c:5247:28: warning: variable ‘self’ set but not used [-Wunused-but-set-variable=]
 5247 |         ScratchMainWindow* self;
      |                            ^~~~
src/io.elementary.code.p/MainWindow.c: In function ‘scratch_main_window_action_close_tab’:
src/io.elementary.code.p/MainWindow.c:5839:33: warning: passing argument 2 of ‘g_list_foreach’ from incompatible pointer type [-Wincompatible-pointer-types]
 5839 |         g_list_foreach (_tmp7_, ___lambda177__gfunc, _data11_);
      |                                 ^~~~~~~~~~~~~~~~~~~
      |                                 |
      |                                 void (*)(const void *, void *)
In file included from /usr/include/glib-2.0/glib/ghash.h:36,
                 from /usr/include/glib-2.0/glib.h:52:
/usr/include/glib-2.0/glib/glist.h:139:60: note: expected ‘GFunc’ {aka ‘void (*)(void *, void *)’} but argument is of type ‘void (*)(const void *, void *)’
  139 |                                          GFunc             func,
      |                                          ~~~~~~~~~~~~~~~~~~^~~~
src/io.elementary.code.p/MainWindow.c:5793:1: note: ‘___lambda177__gfunc’ declared here
 5793 | ___lambda177__gfunc (gconstpointer data,
      | ^~~~~~~~~~~~~~~~~~~
/usr/include/glib-2.0/glib/gtypes.h:141:27: note: ‘GFunc’ declared here
  141 | typedef void            (*GFunc)                (gpointer       data,
      |                           ^~~~~
src/io.elementary.code.p/MainWindow.c: In function ‘scratch_main_window_close_project_docs’:
src/io.elementary.code.p/MainWindow.c:6017:33: warning: passing argument 2 of ‘g_list_foreach’ from incompatible pointer type [-Wincompatible-pointer-types]
 6017 |         g_list_foreach (_tmp3_, ___lambda178__gfunc, _data12_);
      |                                 ^~~~~~~~~~~~~~~~~~~
      |                                 |
      |                                 void (*)(const void *, void *)
/usr/include/glib-2.0/glib/glist.h:139:60: note: expected ‘GFunc’ {aka ‘void (*)(void *, void *)’} but argument is of type ‘void (*)(const void *, void *)’
  139 |                                          GFunc             func,
      |                                          ~~~~~~~~~~~~~~~~~~^~~~
src/io.elementary.code.p/MainWindow.c:5987:1: note: ‘___lambda178__gfunc’ declared here
 5987 | ___lambda178__gfunc (gconstpointer data,
      | ^~~~~~~~~~~~~~~~~~~
/usr/include/glib-2.0/glib/gtypes.h:141:27: note: ‘GFunc’ declared here
  141 | typedef void            (*GFunc)                (gpointer       data,
      |                           ^~~~~
src/io.elementary.code.p/MainWindow.c: In function ‘scratch_main_window_constructor’:
src/io.elementary.code.p/MainWindow.c:7543:33: warning: assignment to ‘gchar **’ {aka ‘char **’} from incompatible pointer type ‘void **’ [-Wincompatible-pointer-types]
 7543 |                         _tmp29_ = _tmp28_;
      |                                 ^
src/io.elementary.code.p/MainWindow.c:7556:100: warning: passing argument 3 of ‘gtk_application_set_accels_for_action’ from incompatible pointer type [-Wincompatible-pointer-types]
 7556 |                         gtk_application_set_accels_for_action ((GtkApplication*) _tmp30_, _tmp33_, _tmp34_);
      |                                                                                                    ^~~~~~~
      |                                                                                                    |
      |                                                                                                    gchar ** {aka char **}
In file included from /usr/include/gtk-3.0/gtk/gtkwindow.h:33,
                 from /usr/include/gtk-3.0/gtk/gtkdialog.h:32,
                 from /usr/include/gtk-3.0/gtk/gtkaboutdialog.h:30,
                 from /usr/include/gtk-3.0/gtk/gtk.h:31:
/usr/include/gtk-3.0/gtk/gtkapplication.h:156:89: note: expected ‘const gchar * const*’ {aka ‘const char * const*’} but argument is of type ‘gchar **’ {aka ‘char **’}
  156 |                                                                   const gchar * const  *accels);
      |                                                                   ~~~~~~~~~~~~~~~~~~~~~~^~~~~~
src/io.elementary.code.p/MainWindow.c:7530:30: warning: variable ‘_tmp34__length1’ set but not used [-Wunused-but-set-variable=]
 7530 |                         gint _tmp34__length1;
      |                              ^~~~~~~~~~~~~~~
src/io.elementary.code.p/MainWindow.c: At top level:
src/io.elementary.code.p/MainWindow.c:5931:1: warning: ‘block12_data_ref’ defined but not used [-Wunused-function]
 5931 | block12_data_ref (Block12Data* _data12_)
      | ^~~~~~~~~~~~~~~~
src/io.elementary.code.p/MainWindow.c:5745:1: warning: ‘block11_data_ref’ defined but not used [-Wunused-function]
 5745 | block11_data_ref (Block11Data* _data11_)
      | ^~~~~~~~~~~~~~~~
src/io.elementary.code.p/MainWindow.c:3378:1: warning: ‘scratch_main_window_restore_opened_documents_finish’ defined but not used [-Wunused-function]
 3378 | scratch_main_window_restore_opened_documents_finish (ScratchMainWindow* self,
      | ^~~~~~~~~~~~~~~~~~~~~~~~~~~~~~~~~~~~~~~~~~~~~~~~~~~
[302/379] Compiling C object src/io.elementary.code.p/meson-generated_Services_Settings.c.o
[303/379] Compiling Vala source ../pantheon-code/plugins/word-completion/prefix-tree.vala ../pantheon-code/plugins/word-completion/prefix-tree-node.vala ../pantheon-code/plugins/word-completion/completion-provider.vala ../pantheon-code/plugins/word-completion/engine.vala ../pantheon-code/plugins/word-completion/plugin.vala src/codecore.vapi
../pantheon-code/plugins/word-completion/completion-provider.vala:43.5-43.39: warning: Field `Scratch.Plugins.CompletionProvider.current_text_to_find' never used
   43 |     private string current_text_to_find = "";
      |     ^~~~~~~~~~~~~~~~~~~~~~~~~~~~~~~~~~~      
Compilation succeeded - 1 warning(s)
[304/379] Compiling C object src/io.elementary.code.p/meson-generated_Services_FileHandler.c.o
src/io.elementary.code.p/Services/FileHandler.c:52:20: warning: ‘scratch_services_file_handler_properties’ defined but not used [-Wunused-variable]
   52 | static GParamSpec* scratch_services_file_handler_properties[SCRATCH_SERVICES_FILE_HANDLER_NUM_PROPERTIES];
      |                    ^~~~~~~~~~~~~~~~~~~~~~~~~~~~~~~~~~~~~~~~
[305/379] Compiling C object src/io.elementary.code.p/meson-generated_Services_RestoreOverride.c.o
[306/379] Compiling C object src/io.elementary.code.p/meson-generated_Services_LocationJumpManager.c.o
src/io.elementary.code.p/Services/LocationJumpManager.c: In function ‘scratch_location_jump_manager_has_override_target’:
src/io.elementary.code.p/Services/LocationJumpManager.c:175:22: warning: variable ‘pos’ set but not used [-Wunused-but-set-variable=]
  175 |                 gint pos = 0;
      |                      ^~~
src/io.elementary.code.p/Services/LocationJumpManager.c: In function ‘scratch_location_jump_manager_clear’:
src/io.elementary.code.p/Services/LocationJumpManager.c:280:56: warning: passing argument 2 of ‘scratch_location_jump_manager_set_range’ discards ‘const’ qualifier from pointer target type [-Wdiscarded-qualifiers]
  280 |         scratch_location_jump_manager_set_range (self, &SELECTION_RANGE_EMPTY);
      |                                                        ^~~~~~~~~~~~~~~~~~~~~~
src/io.elementary.code.p/Services/LocationJumpManager.c:118:64: note: expected ‘SelectionRange *’ {aka ‘struct _SelectionRange *’} but argument is of type ‘const SelectionRange *’ {aka ‘const struct _SelectionRange *’}
  118 |                                               SelectionRange * value);
      |                                               ~~~~~~~~~~~~~~~~~^~~~~
[307/379] Compiling C object src/io.elementary.code.p/meson-generated_Services_GitManager.c.o
src/io.elementary.code.p/Services/GitManager.c: In function ‘scratch_services_git_manager_add_project’:
src/io.elementary.code.p/Services/GitManager.c:440:41: warning: unused variable ‘_inner_error0_’ [-Wunused-variable]
  440 |                                 GError* _inner_error0_ = NULL;
      |                                         ^~~~~~~~~~~~~~
src/io.elementary.code.p/Services/GitManager.c:469:25: warning: unused variable ‘_inner_error1_’ [-Wunused-variable]
  469 |                 GError* _inner_error1_ = NULL;
      |                         ^~~~~~~~~~~~~~
src/io.elementary.code.p/Services/GitManager.c:365:15: warning: variable ‘position’ set but not used [-Wunused-but-set-variable=]
  365 |         guint position = 0U;
      |               ^~~~~~~~
src/io.elementary.code.p/Services/GitManager.c: In function ‘__lambda18_’:
src/io.elementary.code.p/Services/GitManager.c:766:36: warning: variable ‘self’ set but not used [-Wunused-but-set-variable=]
  766 |         ScratchServicesGitManager* self;
      |                                    ^~~~
src/io.elementary.code.p/Services/GitManager.c: In function ‘scratch_services_git_manager_set_active_project_path’:
src/io.elementary.code.p/Services/GitManager.c:977:19: warning: assignment discards ‘const’ qualifier from pointer target type [-Wdiscarded-qualifiers]
  977 |         old_value = scratch_services_git_manager_get_active_project_path (self);
      |                   ^
[308/379] Compiling C object src/io.elementary.code.p/meson-generated_FolderManager_Item.c.o
In file included from src/io.elementary.code.p/FolderManager/Item.c:30:
/usr/include/granite/granite.h:2118:1: warning: ‘GraniteTextStyle’ is deprecated [-Wdeprecated-declarations]
 2118 | VALA_EXTERN gchar* granite_text_style_get_stylesheet (GraniteTextStyle self,
      | ^~~~~~~~~~~
/usr/include/granite/granite.h:632:15: note: declared here
  632 | typedef enum  {
      |               ^
/usr/include/granite/granite.h:2138:1: warning: ‘GraniteTextStyle’ is deprecated [-Wdeprecated-declarations]
 2138 | VALA_EXTERN void granite_widgets_utils_apply_text_style_to_label (GraniteTextStyle text_style,
      | ^~~~~~~~~~~
/usr/include/granite/granite.h:632:15: note: declared here
  632 | typedef enum  {
      |               ^
src/io.elementary.code.p/FolderManager/Item.c: In function ‘scratch_folder_manager_item_real_compare’:
src/io.elementary.code.p/FolderManager/Item.c:422:36: warning: variable ‘self’ set but not used [-Wunused-but-set-variable=]
  422 |         ScratchFolderManagerItem * self;
      |                                    ^~~~
src/io.elementary.code.p/FolderManager/Item.c: In function ‘scratch_folder_manager_item_real_allow_dnd_sorting’:
src/io.elementary.code.p/FolderManager/Item.c:475:36: warning: variable ‘self’ set but not used [-Wunused-but-set-variable=]
  475 |         ScratchFolderManagerItem * self;
      |                                    ^~~~
src/io.elementary.code.p/FolderManager/Item.c: In function ‘scratch_folder_manager_item_rename_item_finalize’:
src/io.elementary.code.p/FolderManager/Item.c:748:46: warning: variable ‘self’ set but not used [-Wunused-but-set-variable=]
  748 |         ScratchFolderManagerItemRenameItem * self;
      |                                              ^~~~
src/io.elementary.code.p/FolderManager/Item.c: In function ‘_scratch_folder_manager_item___lambda117_’:
src/io.elementary.code.p/FolderManager/Item.c:840:35: warning: unknown conversion type character ‘"’ in format [-Wformat=]
  840 |         _tmp8_ = g_strdup_printf ("%s\n" GRANITE_TOOLTIP_SECONDARY_TEXT_MARKUP, _tmp5_, _tmp7_);
      |                                   ^~~~~~
/usr/include/granite/granite.h:72:97: note: format string is defined here
   72 | #define GRANITE_TOOLTIP_SECONDARY_TEXT_MARKUP "<span weight=\"600\" size=\"smaller\" alpha=\"75%\">%s</span>"
      |                                                                                                 ^~
[309/379] Compiling Vala source ../pantheon-code/plugins/fuzzy-search/file-item.vala ../pantheon-code/plugins/fuzzy-search/fuzzy-search.vala ../pantheon-code/plugins/fuzzy-search/fuzzy-finder.vala ../pantheon-code/plugins/fuzzy-search/fuzzy-search-indexer.vala ../pantheon-code/plugins/fuzzy-search/fuzzy-search-popover.vala ../pantheon-code/plugins/fuzzy-search/fuzzy-search-project.vala ../pantheon-code/plugins/fuzzy-search/search-result.vala src/codecore.vapi
../pantheon-code/plugins/fuzzy-search/fuzzy-search-popover.vala:17.5-17.29: warning: Field `Scratch.FuzzySearchPopover.window_height' never used
   17 |     private int window_height;
      |     ^~~~~~~~~~~~~~~~~~~~~~~~~ 
Compilation succeeded - 1 warning(s)
[310/379] Compiling C object src/io.elementary.code.p/meson-generated_Services_DocumentManager.c.o
src/io.elementary.code.p/Services/DocumentManager.c: In function ‘scratch_services_document_manager_finalize’:
src/io.elementary.code.p/Services/DocumentManager.c:467:42: warning: variable ‘self’ set but not used [-Wunused-but-set-variable=]
  467 |         ScratchServicesDocumentManager * self;
      |                                          ^~~~
src/io.elementary.code.p/Services/DocumentManager.c: At top level:
src/io.elementary.code.p/Services/DocumentManager.c:65:20: warning: ‘scratch_services_document_manager_properties’ defined but not used [-Wunused-variable]
   65 | static GParamSpec* scratch_services_document_manager_properties[SCRATCH_SERVICES_DOCUMENT_MANAGER_NUM_PROPERTIES];
      |                    ^~~~~~~~~~~~~~~~~~~~~~~~~~~~~~~~~~~~~~~~~~~~
[311/379] Compiling C object src/io.elementary.code.p/meson-generated_FolderManager_FolderItem.c.o
src/io.elementary.code.p/FolderManager/FolderItem.c: In function ‘scratch_folder_manager_folder_item_load_children_finish’:
src/io.elementary.code.p/FolderManager/FolderItem.c:698:62: warning: variable ‘_data_’ set but not used [-Wunused-but-set-variable=]
  698 |         ScratchFolderManagerFolderItemLoadChildrenAsyncData* _data_;
      |                                                              ^~~~~~
src/io.elementary.code.p/FolderManager/FolderItem.c: In function ‘block25_data_unref’:
src/io.elementary.code.p/FolderManager/FolderItem.c:735:49: warning: variable ‘self’ set but not used [-Wunused-but-set-variable=]
  735 |                 ScratchFolderManagerFolderItem* self;
      |                                                 ^~~~
src/io.elementary.code.p/FolderManager/FolderItem.c: In function ‘scratch_folder_manager_folder_item_load_templates_from_folder’:
src/io.elementary.code.p/FolderManager/FolderItem.c:1828:34: warning: passing argument 2 of ‘g_list_foreach’ from incompatible pointer type [-Wincompatible-pointer-types]
 1828 |         g_list_foreach (_tmp41_, ___lambda121__gfunc, _data26_);
      |                                  ^~~~~~~~~~~~~~~~~~~
      |                                  |
      |                                  void (*)(const void *, void *)
In file included from /usr/include/glib-2.0/glib/ghash.h:36,
                 from /usr/include/glib-2.0/glib.h:52,
                 from /usr/include/glib-2.0/gobject/gbinding.h:30,
                 from /usr/include/glib-2.0/glib-object.h:24,
                 from src/io.elementary.code.p/FolderManager/FolderItem.c:24:
/usr/include/glib-2.0/glib/glist.h:139:60: note: expected ‘GFunc’ {aka ‘void (*)(void *, void *)’} but argument is of type ‘void (*)(const void *, void *)’
  139 |                                          GFunc             func,
      |                                          ~~~~~~~~~~~~~~~~~~^~~~
src/io.elementary.code.p/FolderManager/FolderItem.c:1601:1: note: ‘___lambda121__gfunc’ declared here
 1601 | ___lambda121__gfunc (gconstpointer data,
      | ^~~~~~~~~~~~~~~~~~~
In file included from /usr/include/glib-2.0/glib/galloca.h:34,
                 from /usr/include/glib-2.0/glib.h:32:
/usr/include/glib-2.0/glib/gtypes.h:141:27: note: ‘GFunc’ declared here
  141 | typedef void            (*GFunc)                (gpointer       data,
      |                           ^~~~~
src/io.elementary.code.p/FolderManager/FolderItem.c: In function ‘block28_data_unref’:
src/io.elementary.code.p/FolderManager/FolderItem.c:2310:49: warning: variable ‘self’ set but not used [-Wunused-but-set-variable=]
 2310 |                 ScratchFolderManagerFolderItem* self;
      |                                                 ^~~~
src/io.elementary.code.p/FolderManager/FolderItem.c: In function ‘block30_data_unref’:
src/io.elementary.code.p/FolderManager/FolderItem.c:2407:49: warning: variable ‘self’ set but not used [-Wunused-but-set-variable=]
 2407 |                 ScratchFolderManagerFolderItem* self;
      |                                                 ^~~~
src/io.elementary.code.p/FolderManager/FolderItem.c: In function ‘block32_data_unref’:
src/io.elementary.code.p/FolderManager/FolderItem.c:2679:49: warning: variable ‘self’ set but not used [-Wunused-but-set-variable=]
 2679 |                 ScratchFolderManagerFolderItem* self;
      |                                                 ^~~~
src/io.elementary.code.p/FolderManager/FolderItem.c: In function ‘block34_data_unref’:
src/io.elementary.code.p/FolderManager/FolderItem.c:2851:49: warning: variable ‘self’ set but not used [-Wunused-but-set-variable=]
 2851 |                 ScratchFolderManagerFolderItem* self;
      |                                                 ^~~~
src/io.elementary.code.p/FolderManager/FolderItem.c: At top level:
src/io.elementary.code.p/FolderManager/FolderItem.c:1435:1: warning: ‘block26_data_ref’ defined but not used [-Wunused-function]
 1435 | block26_data_ref (Block26Data* _data26_)
      | ^~~~~~~~~~~~~~~~
src/io.elementary.code.p/FolderManager/FolderItem.c:695:1: warning: ‘scratch_folder_manager_folder_item_load_children_finish’ defined but not used [-Wunused-function]
  695 | scratch_folder_manager_folder_item_load_children_finish (ScratchFolderManagerFolderItem* self,
      | ^~~~~~~~~~~~~~~~~~~~~~~~~~~~~~~~~~~~~~~~~~~~~~~~~~~~~~~
[312/379] Compiling C object src/io.elementary.code.p/meson-generated_Widgets_PaneSwitcher.c.o
[313/379] Compiling C object src/io.elementary.code.p/meson-generated_Widgets_ChooseProjectButton.c.o
src/io.elementary.code.p/Widgets/ChooseProjectButton.c: In function ‘code_choose_project_button_project_row_set_project_path’:
src/io.elementary.code.p/Widgets/ChooseProjectButton.c:528:19: warning: assignment discards ‘const’ qualifier from pointer target type [-Wdiscarded-qualifiers]
  528 |         old_value = code_choose_project_button_project_row_get_project_path (self);
      |                   ^
src/io.elementary.code.p/Widgets/ChooseProjectButton.c: In function ‘_code_choose_project_button___lambda158_’:
src/io.elementary.code.p/Widgets/ChooseProjectButton.c:780:34: warning: variable ‘self’ set but not used [-Wunused-but-set-variable=]
  780 |         CodeChooseProjectButton* self;
      |                                  ^~~~
src/io.elementary.code.p/Widgets/ChooseProjectButton.c: In function ‘code_choose_project_button_constructor’:
src/io.elementary.code.p/Widgets/ChooseProjectButton.c:1212:61: warning: passing argument 2 of ‘gtk_menu_button_set_popover’ from incompatible pointer type [-Wincompatible-pointer-types]
 1212 |         gtk_menu_button_set_popover ((GtkMenuButton*) self, _tmp43_);
      |                                                             ^~~~~~~
      |                                                             |
      |                                                             GtkPopover * {aka struct _GtkPopover *}
In file included from /usr/include/gtk-3.0/gtk/gtk.h:146,
                 from src/io.elementary.code.p/Widgets/ChooseProjectButton.c:22:
/usr/include/gtk-3.0/gtk/gtkmenubutton.h:77:61: note: expected ‘GtkWidget *’ {aka ‘struct _GtkWidget *’} but argument is of type ‘GtkPopover *’ {aka ‘struct _GtkPopover *’}
   77 |                                              GtkWidget     *popover);
      |                                              ~~~~~~~~~~~~~~~^~~~~~~
[314/379] Compiling C object src/io.elementary.code.p/meson-generated_Services_PluginManager.c.o
In file included from src/io.elementary.code.p/Services/PluginManager.c:16:
/usr/include/granite/granite.h:2118:1: warning: ‘GraniteTextStyle’ is deprecated [-Wdeprecated-declarations]
 2118 | VALA_EXTERN gchar* granite_text_style_get_stylesheet (GraniteTextStyle self,
      | ^~~~~~~~~~~
/usr/include/granite/granite.h:632:15: note: declared here
  632 | typedef enum  {
      |               ^
/usr/include/granite/granite.h:2138:1: warning: ‘GraniteTextStyle’ is deprecated [-Wdeprecated-declarations]
 2138 | VALA_EXTERN void granite_widgets_utils_apply_text_style_to_label (GraniteTextStyle text_style,
      | ^~~~~~~~~~~
/usr/include/granite/granite.h:632:15: note: declared here
  632 | typedef enum  {
      |               ^
src/io.elementary.code.p/Services/PluginManager.c: In function ‘scratch_services_plugins_manager_get_view’:
src/io.elementary.code.p/Services/PluginManager.c:781:66: warning: passing argument 3 of ‘gtk_list_box_bind_model’ from incompatible pointer type [-Wincompatible-pointer-types]
  781 |         gtk_list_box_bind_model (list_box, (GListModel*) _tmp6_, _scratch_services_plugins_manager_get_widget_for_plugin_info_gtk_list_box_create_widget_func, g_object_ref (self), g_object_unref);
      |                                                                  ^~~~~~~~~~~~~~~~~~~~~~~~~~~~~~~~~~~~~~~~~~~~~~~~~~~~~~~~~~~~~~~~~~~~~~~~~~~~~~~~~~~~~~~~~~~~
      |                                                                  |
      |                                                                  GtkWidget * (*)(GObject *, void *) {aka struct _GtkWidget * (*)(struct _GObject *, void *)}
In file included from /usr/include/gtk-3.0/gtk/gtk.h:140,
                 from src/io.elementary.code.p/Services/PluginManager.c:14:
/usr/include/gtk-3.0/gtk/gtklistbox.h:312:89: note: expected ‘GtkListBoxCreateWidgetFunc’ {aka ‘struct _GtkWidget * (*)(void *, void *)’} but argument is of type ‘GtkWidget * (*)(GObject *, void *)’ {aka ‘struct _GtkWidget * (*)(struct _GObject *, void *)’}
  312 |                                                           GtkListBoxCreateWidgetFunc    create_widget_func,
      |                                                           ~~~~~~~~~~~~~~~~~~~~~~~~~~~~~~^~~~~~~~~~~~~~~~~~
src/io.elementary.code.p/Services/PluginManager.c:707:1: note: ‘_scratch_services_plugins_manager_get_widget_for_plugin_info_gtk_list_box_create_widget_func’ declared here
  707 | _scratch_services_plugins_manager_get_widget_for_plugin_info_gtk_list_box_create_widget_func (GObject* item,
      | ^~~~~~~~~~~~~~~~~~~~~~~~~~~~~~~~~~~~~~~~~~~~~~~~~~~~~~~~~~~~~~~~~~~~~~~~~~~~~~~~~~~~~~~~~~~~
/usr/include/gtk-3.0/gtk/gtklistbox.h:189:23: note: ‘GtkListBoxCreateWidgetFunc’ declared here
  189 | typedef GtkWidget * (*GtkListBoxCreateWidgetFunc) (gpointer item,
      |                       ^~~~~~~~~~~~~~~~~~~~~~~~~~
src/io.elementary.code.p/Services/PluginManager.c: In function ‘scratch_services_plugins_manager_constructor’:
src/io.elementary.code.p/Services/PluginManager.c:1240:112: warning: passing argument 4 of ‘peas_extension_set_new_with_properties’ from incompatible pointer type [-Wincompatible-pointer-types]
 1240 |         _tmp16_ = peas_extension_set_new_with_properties (_tmp8_, SCRATCH_SERVICES_TYPE_ACTIVATABLE_PLUGIN, 1, _tmp11_, _tmp15_);
      |                                                                                                                ^~~~~~~
      |                                                                                                                |
      |                                                                                                                gchar ** {aka char **}
In file included from /usr/include/libpeas-2/libpeas.h:27,
                 from src/io.elementary.code.p/Services/PluginManager.c:17:
/usr/include/libpeas-2/peas-extension-set.h:68:89: note: expected ‘const char **’ but argument is of type ‘gchar **’ {aka ‘char **’}
   68 |                                                           const char                  **prop_names,
      |                                                           ~~~~~~~~~~~~~~~~~~~~~~~~~~~~~~^~~~~~~~~~
[315/379] Compiling C object src/io.elementary.code.p/meson-generated_FolderManager_FileView.c.o
In file included from src/io.elementary.code.p/FolderManager/FileView.c:31:
/usr/include/granite/granite.h:2118:1: warning: ‘GraniteTextStyle’ is deprecated [-Wdeprecated-declarations]
 2118 | VALA_EXTERN gchar* granite_text_style_get_stylesheet (GraniteTextStyle self,
      | ^~~~~~~~~~~
/usr/include/granite/granite.h:632:15: note: declared here
  632 | typedef enum  {
      |               ^
/usr/include/granite/granite.h:2138:1: warning: ‘GraniteTextStyle’ is deprecated [-Wdeprecated-declarations]
 2138 | VALA_EXTERN void granite_widgets_utils_apply_text_style_to_label (GraniteTextStyle text_style,
      | ^~~~~~~~~~~
/usr/include/granite/granite.h:632:15: note: declared here
  632 | typedef enum  {
      |               ^
src/io.elementary.code.p/FolderManager/FileView.c: In function ‘scratch_folder_manager_file_view_restore_saved_state_finish’:
src/io.elementary.code.p/FolderManager/FileView.c:1256:60: warning: variable ‘_data_’ set but not used [-Wunused-but-set-variable=]
 1256 |         ScratchFolderManagerFileViewRestoreSavedStateData* _data_;
      |                                                            ^~~~~~
src/io.elementary.code.p/FolderManager/FileView.c: In function ‘scratch_folder_manager_file_view_branch_actions’:
src/io.elementary.code.p/FolderManager/FileView.c:1780:17: warning: ‘gdk_beep’ is deprecated: Use 'gdk_display_beep' instead [-Wdeprecated-declarations]
 1780 |                 gdk_beep ();
      |                 ^~~~~~~~
In file included from /usr/include/gtk-3.0/gdk/gdk.h:50,
                 from /usr/include/gtk-3.0/gtk/gtk.h:30,
                 from src/io.elementary.code.p/FolderManager/FileView.c:24:
/usr/include/gtk-3.0/gdk/gdkmain.h:121:6: note: declared here
  121 | void gdk_beep (void);
      |      ^~~~~~~~
src/io.elementary.code.p/FolderManager/FileView.c: In function ‘block17_data_unref’:
src/io.elementary.code.p/FolderManager/FileView.c:2334:47: warning: variable ‘self’ set but not used [-Wunused-but-set-variable=]
 2334 |                 ScratchFolderManagerFileView* self;
      |                                               ^~~~
src/io.elementary.code.p/FolderManager/FileView.c: In function ‘scratch_folder_manager_file_view_action_launch_app_with_file_path’:
src/io.elementary.code.p/FolderManager/FileView.c:2888:14: warning: variable ‘_params_size_’ set but not used [-Wunused-but-set-variable=]
 2888 |         gint _params_size_;
      |              ^~~~~~~~~~~~~
src/io.elementary.code.p/FolderManager/FileView.c: In function ‘__lambda81_’:
src/io.elementary.code.p/FolderManager/FileView.c:2929:39: warning: variable ‘self’ set but not used [-Wunused-but-set-variable=]
 2929 |         ScratchFolderManagerFileView* self;
      |                                       ^~~~
src/io.elementary.code.p/FolderManager/FileView.c: In function ‘scratch_folder_manager_file_view_action_execute_contract_with_file_path’:
src/io.elementary.code.p/FolderManager/FileView.c:3048:14: warning: variable ‘_tmp8__length1’ set but not used [-Wunused-but-set-variable=]
 3048 |         gint _tmp8__length1;
      |              ^~~~~~~~~~~~~~
src/io.elementary.code.p/FolderManager/FileView.c:3041:14: warning: variable ‘_tmp2__length1’ set but not used [-Wunused-but-set-variable=]
 3041 |         gint _tmp2__length1;
      |              ^~~~~~~~~~~~~~
src/io.elementary.code.p/FolderManager/FileView.c:3038:14: warning: variable ‘_params_size_’ set but not used [-Wunused-but-set-variable=]
 3038 |         gint _params_size_;
      |              ^~~~~~~~~~~~~
src/io.elementary.code.p/FolderManager/FileView.c: In function ‘____lambda89_’:
src/io.elementary.code.p/FolderManager/FileView.c:3196:39: warning: variable ‘self’ set but not used [-Wunused-but-set-variable=]
 3196 |         ScratchFolderManagerFileView* self;
      |                                       ^~~~
src/io.elementary.code.p/FolderManager/FileView.c: In function ‘scratch_folder_manager_file_view_add_folder_finish’:
src/io.elementary.code.p/FolderManager/FileView.c:3325:52: warning: variable ‘_data_’ set but not used [-Wunused-but-set-variable=]
 3325 |         ScratchFolderManagerFileViewAddFolderData* _data_;
      |                                                    ^~~~~~
src/io.elementary.code.p/FolderManager/FileView.c: In function ‘block22_data_unref’:
src/io.elementary.code.p/FolderManager/FileView.c:3363:47: warning: variable ‘self’ set but not used [-Wunused-but-set-variable=]
 3363 |                 ScratchFolderManagerFileView* self;
      |                                               ^~~~
src/io.elementary.code.p/FolderManager/FileView.c: In function ‘___lambda97_’:
src/io.elementary.code.p/FolderManager/FileView.c:3377:39: warning: variable ‘self’ set but not used [-Wunused-but-set-variable=]
 3377 |         ScratchFolderManagerFileView* self;
      |                                       ^~~~
src/io.elementary.code.p/FolderManager/FileView.c: In function ‘block23_data_unref’:
src/io.elementary.code.p/FolderManager/FileView.c:3421:47: warning: variable ‘self’ set but not used [-Wunused-but-set-variable=]
 3421 |                 ScratchFolderManagerFileView* self;
      |                                               ^~~~
src/io.elementary.code.p/FolderManager/FileView.c: In function ‘scratch_folder_manager_file_view_write_settings’:
src/io.elementary.code.p/FolderManager/FileView.c:3952:38: warning: unused variable ‘_saved_folder_collection_size_’ [-Wunused-variable]
 3952 |                                 gint _saved_folder_collection_size_ = 0;
      |                                      ^~~~~~~~~~~~~~~~~~~~~~~~~~~~~~
src/io.elementary.code.p/FolderManager/FileView.c:3990:57: warning: passing argument 3 of ‘g_settings_set_strv’ from incompatible pointer type [-Wincompatible-pointer-types]
 3990 |         g_settings_set_strv (_tmp20_, "opened-folders", _tmp21_);
      |                                                         ^~~~~~~
      |                                                         |
      |                                                         gchar ** {aka char **}
In file included from /usr/include/glib-2.0/gio/gio.h:139,
                 from /usr/include/gtk-3.0/gdk/gdkapplaunchcontext.h:28,
                 from /usr/include/gtk-3.0/gdk/gdk.h:32:
/usr/include/glib-2.0/gio/gsettings.h:191:94: note: expected ‘const gchar * const*’ {aka ‘const char * const*’} but argument is of type ‘gchar **’ {aka ‘char **’}
  191 |                                                                          const gchar *const *value);
      |                                                                          ~~~~~~~~~~~~~~~~~~~~^~~~~
src/io.elementary.code.p/FolderManager/FileView.c:3899:14: warning: variable ‘_tmp21__length1’ set but not used [-Wunused-but-set-variable=]
 3899 |         gint _tmp21__length1;
      |              ^~~~~~~~~~~~~~~
src/io.elementary.code.p/FolderManager/FileView.c: In function ‘scratch_folder_manager_file_view_real_set_icon_name’:
src/io.elementary.code.p/FolderManager/FileView.c:4067:19: warning: assignment discards ‘const’ qualifier from pointer target type [-Wdiscarded-qualifiers]
 4067 |         old_value = scratch_folder_manager_file_view_real_get_icon_name (base);
      |                   ^
src/io.elementary.code.p/FolderManager/FileView.c: In function ‘scratch_folder_manager_file_view_real_set_title’:
src/io.elementary.code.p/FolderManager/FileView.c:4096:19: warning: assignment discards ‘const’ qualifier from pointer target type [-Wdiscarded-qualifiers]
 4096 |         old_value = scratch_folder_manager_file_view_real_get_title (base);
      |                   ^
src/io.elementary.code.p/FolderManager/FileView.c: At top level:
src/io.elementary.code.p/FolderManager/FileView.c:1142:1: warning: ‘scratch_folder_manager_file_view_action_set_active_project’ defined but not used [-Wunused-function]
 1142 | scratch_folder_manager_file_view_action_set_active_project (ScratchFolderManagerFileView* self,
      | ^~~~~~~~~~~~~~~~~~~~~~~~~~~~~~~~~~~~~~~~~~~~~~~~~~~~~~~~~~
[316/379] Compiling C object src/io.elementary.code.p/meson-generated_FolderManager_ProjectFolderItem.c.o
In file included from src/io.elementary.code.p/FolderManager/ProjectFolderItem.c:32:
/usr/include/granite/granite.h:2118:1: warning: ‘GraniteTextStyle’ is deprecated [-Wdeprecated-declarations]
 2118 | VALA_EXTERN gchar* granite_text_style_get_stylesheet (GraniteTextStyle self,
      | ^~~~~~~~~~~
/usr/include/granite/granite.h:632:15: note: declared here
  632 | typedef enum  {
      |               ^
/usr/include/granite/granite.h:2138:1: warning: ‘GraniteTextStyle’ is deprecated [-Wdeprecated-declarations]
 2138 | VALA_EXTERN void granite_widgets_utils_apply_text_style_to_label (GraniteTextStyle text_style,
      | ^~~~~~~~~~~
/usr/include/granite/granite.h:632:15: note: declared here
  632 | typedef enum  {
      |               ^
src/io.elementary.code.p/FolderManager/ProjectFolderItem.c: In function ‘block36_data_unref’:
src/io.elementary.code.p/FolderManager/ProjectFolderItem.c:1574:56: warning: variable ‘self’ set but not used [-Wunused-but-set-variable=]
 1574 |                 ScratchFolderManagerProjectFolderItem* self;
      |                                                        ^~~~
src/io.elementary.code.p/FolderManager/ProjectFolderItem.c: In function ‘__lambda84_’:
src/io.elementary.code.p/FolderManager/ProjectFolderItem.c:1589:48: warning: variable ‘self’ set but not used [-Wunused-but-set-variable=]
 1589 |         ScratchFolderManagerProjectFolderItem* self;
      |                                                ^~~~
src/io.elementary.code.p/FolderManager/ProjectFolderItem.c: In function ‘scratch_folder_manager_project_folder_item_update_item_status’:
src/io.elementary.code.p/FolderManager/ProjectFolderItem.c:1788:33: warning: passing argument 2 of ‘g_list_foreach’ from incompatible pointer type [-Wincompatible-pointer-types]
 1788 |         g_list_foreach (_tmp6_, ___lambda83__gfunc, _data35_);
      |                                 ^~~~~~~~~~~~~~~~~~
      |                                 |
      |                                 void (*)(const void *, void *)
In file included from /usr/include/glib-2.0/glib/ghash.h:36,
                 from /usr/include/glib-2.0/glib.h:52,
                 from /usr/include/glib-2.0/gobject/gbinding.h:30,
                 from /usr/include/glib-2.0/glib-object.h:24,
                 from src/io.elementary.code.p/FolderManager/ProjectFolderItem.c:23:
/usr/include/glib-2.0/glib/glist.h:139:60: note: expected ‘GFunc’ {aka ‘void (*)(void *, void *)’} but argument is of type ‘void (*)(const void *, void *)’
  139 |                                          GFunc             func,
      |                                          ~~~~~~~~~~~~~~~~~~^~~~
src/io.elementary.code.p/FolderManager/ProjectFolderItem.c:1744:1: note: ‘___lambda83__gfunc’ declared here
 1744 | ___lambda83__gfunc (gconstpointer data,
      | ^~~~~~~~~~~~~~~~~~
In file included from /usr/include/glib-2.0/glib/galloca.h:34,
                 from /usr/include/glib-2.0/glib.h:32:
/usr/include/glib-2.0/glib/gtypes.h:141:27: note: ‘GFunc’ declared here
  141 | typedef void            (*GFunc)                (gpointer       data,
      |                           ^~~~~
src/io.elementary.code.p/FolderManager/ProjectFolderItem.c: In function ‘scratch_folder_manager_project_folder_item_deprioritize_git_ignored’:
src/io.elementary.code.p/FolderManager/ProjectFolderItem.c:1904:33: warning: passing argument 2 of ‘g_list_foreach’ from incompatible pointer type [-Wincompatible-pointer-types]
 1904 |         g_list_foreach (_tmp1_, ___lambda85__gfunc, self);
      |                                 ^~~~~~~~~~~~~~~~~~
      |                                 |
      |                                 void (*)(const void *, void *)
/usr/include/glib-2.0/glib/glist.h:139:60: note: expected ‘GFunc’ {aka ‘void (*)(void *, void *)’} but argument is of type ‘void (*)(const void *, void *)’
  139 |                                          GFunc             func,
      |                                          ~~~~~~~~~~~~~~~~~~^~~~
src/io.elementary.code.p/FolderManager/ProjectFolderItem.c:1889:1: note: ‘___lambda85__gfunc’ declared here
 1889 | ___lambda85__gfunc (gconstpointer data,
      | ^~~~~~~~~~~~~~~~~~
/usr/include/glib-2.0/glib/gtypes.h:141:27: note: ‘GFunc’ declared here
  141 | typedef void            (*GFunc)                (gpointer       data,
      |                           ^~~~~
src/io.elementary.code.p/FolderManager/ProjectFolderItem.c: In function ‘___lambda111_’:
src/io.elementary.code.p/FolderManager/ProjectFolderItem.c:2013:48: warning: variable ‘self’ set but not used [-Wunused-but-set-variable=]
 2013 |         ScratchFolderManagerProjectFolderItem* self;
      |                                                ^~~~
src/io.elementary.code.p/FolderManager/ProjectFolderItem.c: In function ‘__lambda113_’:
src/io.elementary.code.p/FolderManager/ProjectFolderItem.c:2296:48: warning: variable ‘self’ set but not used [-Wunused-but-set-variable=]
 2296 |         ScratchFolderManagerProjectFolderItem* self;
      |                                                ^~~~
src/io.elementary.code.p/FolderManager/ProjectFolderItem.c: In function ‘scratch_folder_manager_project_folder_item_global_search’:
src/io.elementary.code.p/FolderManager/ProjectFolderItem.c:2703:89: warning: passing argument 3 of ‘ggit_status_options_new’ from incompatible pointer type [-Wincompatible-pointer-types]
 2703 |         _tmp56_ = ggit_status_options_new (status_scope, GGIT_STATUS_SHOW_WORKDIR_ONLY, _tmp55_);
      |                                                                                         ^~~~~~~
      |                                                                                         |
      |                                                                                         gchar ** {aka char **}
In file included from /usr/include/libgit2-glib-1.0/libgit2-glib/ggit.h:72,
                 from src/io.elementary.code.p/FolderManager/ProjectFolderItem.c:31:
/usr/include/libgit2-glib-1.0/libgit2-glib/ggit-status-options.h:46:86: note: expected ‘const gchar **’ {aka ‘const char **’} but argument is of type ‘gchar **’ {aka ‘char **’}
   46 |                                                            const gchar             **pathspec);
      |                                                            ~~~~~~~~~~~~~~~~~~~~~~~~~~^~~~~~~~
src/io.elementary.code.p/FolderManager/ProjectFolderItem.c:2461:14: warning: variable ‘_tmp55__length1’ set but not used [-Wunused-but-set-variable=]
 2461 |         gint _tmp55__length1;
      |              ^~~~~~~~~~~~~~~
src/io.elementary.code.p/FolderManager/ProjectFolderItem.c:2435:14: warning: variable ‘_path_spec_size_’ set but not used [-Wunused-but-set-variable=]
 2435 |         gint _path_spec_size_;
      |              ^~~~~~~~~~~~~~~~
src/io.elementary.code.p/FolderManager/ProjectFolderItem.c: At top level:
src/io.elementary.code.p/FolderManager/ProjectFolderItem.c:3154:1: warning: ‘scratch_folder_manager_project_folder_item_get_git_repo’ defined but not used [-Wunused-function]
 3154 | scratch_folder_manager_project_folder_item_get_git_repo (ScratchFolderManagerProjectFolderItem* self)
      | ^~~~~~~~~~~~~~~~~~~~~~~~~~~~~~~~~~~~~~~~~~~~~~~~~~~~~~~
src/io.elementary.code.p/FolderManager/ProjectFolderItem.c:1562:1: warning: ‘block36_data_ref’ defined but not used [-Wunused-function]
 1562 | block36_data_ref (Block36Data* _data36_)
      | ^~~~~~~~~~~~~~~~
[317/379] Compiling C object src/io.elementary.code.p/meson-generated_Services_CommentToggler.c.o
src/io.elementary.code.p/Services/CommentToggler.c: In function ‘scratch_comment_toggler_lines_already_commented’:
src/io.elementary.code.p/Services/CommentToggler.c:513:30: warning: unused variable ‘_line_collection_size_’ [-Wunused-variable]
  513 |                         gint _line_collection_size_ = 0;
      |                              ^~~~~~~~~~~~~~~~~~~~~~
src/io.elementary.code.p/Services/CommentToggler.c:476:25: warning: variable ‘_tmp29_’ set but not used [-Wunused-but-set-variable=]
  476 |                 gchar** _tmp29_;
      |                         ^~~~~~~
src/io.elementary.code.p/Services/CommentToggler.c:475:22: warning: variable ‘_lines_size_’ set but not used [-Wunused-but-set-variable=]
  475 |                 gint _lines_size_;
      |                      ^~~~~~~~~~~~
[318/379] Compiling C object src/io.elementary.code.p/meson-generated_Widgets_NavMarkGutterRenderer.c.o
src/io.elementary.code.p/Widgets/NavMarkGutterRenderer.c: In function ‘scratch_widgets_nav_mark_gutter_renderer_real_query_activatable’:
src/io.elementary.code.p/Widgets/NavMarkGutterRenderer.c:665:47: warning: variable ‘self’ set but not used [-Wunused-but-set-variable=]
  665 |         ScratchWidgetsNavMarkGutterRenderer * self;
      |                                               ^~~~
[319/379] Compiling C object src/io.elementary.code.p/meson-generated_SymbolPane_Vala_ValaComparisonHelper.c.o
[320/379] Compiling C object src/io.elementary.code.p/meson-generated_Widgets_SourceList_CellRendererExpander.c.o
In file included from src/io.elementary.code.p/Widgets/SourceList/CellRendererExpander.c:16:
/usr/include/granite/granite.h:2118:1: warning: ‘GraniteTextStyle’ is deprecated [-Wdeprecated-declarations]
 2118 | VALA_EXTERN gchar* granite_text_style_get_stylesheet (GraniteTextStyle self,
      | ^~~~~~~~~~~
/usr/include/granite/granite.h:632:15: note: declared here
  632 | typedef enum  {
      |               ^
/usr/include/granite/granite.h:2138:1: warning: ‘GraniteTextStyle’ is deprecated [-Wdeprecated-declarations]
 2138 | VALA_EXTERN void granite_widgets_utils_apply_text_style_to_label (GraniteTextStyle text_style,
      | ^~~~~~~~~~~
/usr/include/granite/granite.h:632:15: note: declared here
  632 | typedef enum  {
      |               ^
src/io.elementary.code.p/Widgets/SourceList/CellRendererExpander.c: In function ‘code_widgets_cell_renderer_expander_real_get_request_mode’:
src/io.elementary.code.p/Widgets/SourceList/CellRendererExpander.c:135:43: warning: variable ‘self’ set but not used [-Wunused-but-set-variable=]
  135 |         CodeWidgetsCellRendererExpander * self;
      |                                           ^~~~
src/io.elementary.code.p/Widgets/SourceList/CellRendererExpander.c: In function ‘code_widgets_cell_renderer_expander_class_init’:
src/io.elementary.code.p/Widgets/SourceList/CellRendererExpander.c:382:50: warning: assignment to ‘void (*)(GtkCellRenderer *, cairo_t *, GtkWidget *, const GdkRectangle *, const GdkRectangle *, GtkCellRendererState)’ {aka ‘void (*)(struct _GtkCellRenderer *, struct _cairo *, struct _GtkWidget *, const struct _cairo_rectangle_int *, const struct _cairo_rectangle_int *, GtkCellRendererState)’} from incompatible pointer type ‘void (*)(GtkCellRenderer *, cairo_t *, GtkWidget *, GdkRectangle *, GdkRectangle *, GtkCellRendererState)’ {aka ‘void (*)(struct _GtkCellRenderer *, struct _cairo *, struct _GtkWidget *, struct _cairo_rectangle_int *, struct _cairo_rectangle_int *, GtkCellRendererState)’} [-Wincompatible-pointer-types]
  382 |         ((GtkCellRendererClass *) klass)->render = (void (*) (GtkCellRenderer*, cairo_t*, GtkWidget*, GdkRectangle*, GdkRectangle*, GtkCellRendererState)) code_widgets_cell_renderer_expander_real_render;
      |                                                  ^
src/io.elementary.code.p/Widgets/SourceList/CellRendererExpander.c:236:1: note: ‘code_widgets_cell_renderer_expander_real_render’ declared here
  236 | code_widgets_cell_renderer_expander_real_render (GtkCellRenderer* base,
      | ^~~~~~~~~~~~~~~~~~~~~~~~~~~~~~~~~~~~~~~~~~~~~~~
src/io.elementary.code.p/Widgets/SourceList/CellRendererExpander.c: In function ‘code_widgets_cell_renderer_expander_finalize’:
src/io.elementary.code.p/Widgets/SourceList/CellRendererExpander.c:400:43: warning: variable ‘self’ set but not used [-Wunused-but-set-variable=]
  400 |         CodeWidgetsCellRendererExpander * self;
      |                                           ^~~~
[321/379] Compiling C object src/io.elementary.code.p/meson-generated_Structs_SelectionRange.c.o
[322/379] Compiling C object src/io.elementary.code.p/meson-generated_Widgets_PopoverMenuItem.c.o
In file included from src/io.elementary.code.p/Widgets/PopoverMenuItem.c:14:
/usr/include/granite/granite.h:2118:1: warning: ‘GraniteTextStyle’ is deprecated [-Wdeprecated-declarations]
 2118 | VALA_EXTERN gchar* granite_text_style_get_stylesheet (GraniteTextStyle self,
      | ^~~~~~~~~~~
/usr/include/granite/granite.h:632:15: note: declared here
  632 | typedef enum  {
      |               ^
/usr/include/granite/granite.h:2138:1: warning: ‘GraniteTextStyle’ is deprecated [-Wdeprecated-declarations]
 2138 | VALA_EXTERN void granite_widgets_utils_apply_text_style_to_label (GraniteTextStyle text_style,
      | ^~~~~~~~~~~
/usr/include/granite/granite.h:632:15: note: declared here
  632 | typedef enum  {
      |               ^
src/io.elementary.code.p/Widgets/PopoverMenuItem.c: In function ‘code_popover_menu_item_set_text’:
src/io.elementary.code.p/Widgets/PopoverMenuItem.c:139:19: warning: assignment discards ‘const’ qualifier from pointer target type [-Wdiscarded-qualifiers]
  139 |         old_value = code_popover_menu_item_get_text (self);
      |                   ^
src/io.elementary.code.p/Widgets/PopoverMenuItem.c: In function ‘code_popover_menu_item_set_icon_name’:
src/io.elementary.code.p/Widgets/PopoverMenuItem.c:166:19: warning: assignment discards ‘const’ qualifier from pointer target type [-Wdiscarded-qualifiers]
  166 |         old_value = code_popover_menu_item_get_icon_name (self);
      |                   ^
[323/379] Compiling C object src/io.elementary.code.p/meson-generated_Widgets_Sidebar.c.o
In file included from src/io.elementary.code.p/Widgets/Sidebar.c:27:
/usr/include/granite/granite.h:2118:1: warning: ‘GraniteTextStyle’ is deprecated [-Wdeprecated-declarations]
 2118 | VALA_EXTERN gchar* granite_text_style_get_stylesheet (GraniteTextStyle self,
      | ^~~~~~~~~~~
/usr/include/granite/granite.h:632:15: note: declared here
  632 | typedef enum  {
      |               ^
/usr/include/granite/granite.h:2138:1: warning: ‘GraniteTextStyle’ is deprecated [-Wdeprecated-declarations]
 2138 | VALA_EXTERN void granite_widgets_utils_apply_text_style_to_label (GraniteTextStyle text_style,
      | ^~~~~~~~~~~
/usr/include/granite/granite.h:632:15: note: declared here
  632 | typedef enum  {
      |               ^
src/io.elementary.code.p/Widgets/Sidebar.c: In function ‘code_sidebar_drag_received’:
src/io.elementary.code.p/Widgets/Sidebar.c:325:30: warning: unused variable ‘_uri_collection_size_’ [-Wunused-variable]
  325 |                         gint _uri_collection_size_ = 0;
      |                              ^~~~~~~~~~~~~~~~~~~~~
src/io.elementary.code.p/Widgets/Sidebar.c:309:22: warning: variable ‘_uri_list_size_’ set but not used [-Wunused-but-set-variable=]
  309 |                 gint _uri_list_size_;
      |                      ^~~~~~~~~~~~~~~
src/io.elementary.code.p/Widgets/Sidebar.c: In function ‘code_sidebar_constructor’:
src/io.elementary.code.p/Widgets/Sidebar.c:870:14: warning: variable ‘_tmp63__length1’ set but not used [-Wunused-but-set-variable=]
  870 |         gint _tmp63__length1;
      |              ^~~~~~~~~~~~~~~
[324/379] Compiling C object src/io.elementary.code.p/meson-generated_Widgets_GitGutterRenderer.c.o
[325/379] Compiling C object src/io.elementary.code.p/meson-generated_Services_MonitoredRepository.c.o
In file included from src/io.elementary.code.p/Services/MonitoredRepository.c:31:
/usr/include/granite/granite.h:2118:1: warning: ‘GraniteTextStyle’ is deprecated [-Wdeprecated-declarations]
 2118 | VALA_EXTERN gchar* granite_text_style_get_stylesheet (GraniteTextStyle self,
      | ^~~~~~~~~~~
/usr/include/granite/granite.h:632:15: note: declared here
  632 | typedef enum  {
      |               ^
/usr/include/granite/granite.h:2138:1: warning: ‘GraniteTextStyle’ is deprecated [-Wdeprecated-declarations]
 2138 | VALA_EXTERN void granite_widgets_utils_apply_text_style_to_label (GraniteTextStyle text_style,
      | ^~~~~~~~~~~
/usr/include/granite/granite.h:632:15: note: declared here
  632 | typedef enum  {
      |               ^
src/io.elementary.code.p/Services/MonitoredRepository.c: In function ‘___lambda13_’:
src/io.elementary.code.p/Services/MonitoredRepository.c:1004:45: warning: variable ‘self’ set but not used [-Wunused-but-set-variable=]
 1004 |         ScratchServicesMonitoredRepository* self;
      |                                             ^~~~
src/io.elementary.code.p/Services/MonitoredRepository.c: In function ‘block50_data_unref’:
src/io.elementary.code.p/Services/MonitoredRepository.c:1297:53: warning: variable ‘self’ set but not used [-Wunused-but-set-variable=]
 1297 |                 ScratchServicesMonitoredRepository* self;
      |                                                     ^~~~
src/io.elementary.code.p/Services/MonitoredRepository.c: In function ‘__lambda11_’:
src/io.elementary.code.p/Services/MonitoredRepository.c:1868:45: warning: variable ‘self’ set but not used [-Wunused-but-set-variable=]
 1868 |         ScratchServicesMonitoredRepository* self;
      |                                             ^~~~
src/io.elementary.code.p/Services/MonitoredRepository.c: In function ‘scratch_services_monitored_repository_refresh_diff’:
src/io.elementary.code.p/Services/MonitoredRepository.c:2142:25: warning: unused variable ‘_inner_error1_’ [-Wunused-variable]
 2142 |                 GError* _inner_error1_ = NULL;
      |                         ^~~~~~~~~~~~~~
src/io.elementary.code.p/Services/MonitoredRepository.c: At top level:
src/io.elementary.code.p/Services/MonitoredRepository.c:1999:1: warning: ‘block52_data_ref’ defined but not used [-Wunused-function]
 1999 | block52_data_ref (Block52Data* _data52_)
      | ^~~~~~~~~~~~~~~~
src/io.elementary.code.p/Services/MonitoredRepository.c:1842:1: warning: ‘block51_data_ref’ defined but not used [-Wunused-function]
 1842 | block51_data_ref (Block51Data* _data51_)
      | ^~~~~~~~~~~~~~~~
[326/379] Compiling C object src/io.elementary.code.p/meson-generated_config.c.o
[327/379] Compiling C object src/io.elementary.code.p/meson-generated_Widgets_DocumentView.c.o
In file included from src/io.elementary.code.p/Widgets/DocumentView.c:13:
/usr/include/granite/granite.h:2118:1: warning: ‘GraniteTextStyle’ is deprecated [-Wdeprecated-declarations]
 2118 | VALA_EXTERN gchar* granite_text_style_get_stylesheet (GraniteTextStyle self,
      | ^~~~~~~~~~~
/usr/include/granite/granite.h:632:15: note: declared here
  632 | typedef enum  {
      |               ^
/usr/include/granite/granite.h:2138:1: warning: ‘GraniteTextStyle’ is deprecated [-Wdeprecated-declarations]
 2138 | VALA_EXTERN void granite_widgets_utils_apply_text_style_to_label (GraniteTextStyle text_style,
      | ^~~~~~~~~~~
/usr/include/granite/granite.h:632:15: note: declared here
  632 | typedef enum  {
      |               ^
src/io.elementary.code.p/Widgets/DocumentView.c: In function ‘scratch_widgets_document_view_update_inline_tab_colors’:
src/io.elementary.code.p/Widgets/DocumentView.c:697:17: warning: assignment to ‘gchar **’ {aka ‘char **’} from incompatible pointer type ‘const gchar * const*’ {aka ‘const char * const*’} [-Wincompatible-pointer-types]
  697 |         _tmp13_ = gtk_source_style_scheme_manager_get_scheme_ids (_tmp12_);
      |                 ^
src/io.elementary.code.p/Widgets/DocumentView.c: In function ‘scratch_widgets_document_view_new_document’:
src/io.elementary.code.p/Widgets/DocumentView.c:1169:86: warning: passing argument 5 of ‘scratch_widgets_document_view_open_document’ discards ‘const’ qualifier from pointer target type [-Wdiscarded-qualifiers]
 1169 |                 scratch_widgets_document_view_open_document (self, _tmp10_, TRUE, 0, &SELECTION_RANGE_EMPTY, NULL, NULL);
      |                                                                                      ^~~~~~~~~~~~~~~~~~~~~~
src/io.elementary.code.p/Widgets/DocumentView.c:369:67: note: expected ‘SelectionRange *’ {aka ‘struct _SelectionRange *’} but argument is of type ‘const SelectionRange *’ {aka ‘const struct _SelectionRange *’}
  369 |                                                   SelectionRange* range,
      |                                                   ~~~~~~~~~~~~~~~~^~~~~
src/io.elementary.code.p/Widgets/DocumentView.c: In function ‘string_get_data’:
src/io.elementary.code.p/Widgets/DocumentView.c:1202:14: warning: variable ‘_res_size_’ set but not used [-Wunused-but-set-variable=]
 1202 |         gint _res_size_;
      |              ^~~~~~~~~~
src/io.elementary.code.p/Widgets/DocumentView.c: In function ‘scratch_widgets_document_view_new_document_from_clipboard’:
src/io.elementary.code.p/Widgets/DocumentView.c:1282:86: warning: passing argument 5 of ‘scratch_widgets_document_view_open_document’ discards ‘const’ qualifier from pointer target type [-Wdiscarded-qualifiers]
 1282 |                 scratch_widgets_document_view_open_document (self, _tmp16_, TRUE, 0, &SELECTION_RANGE_EMPTY, NULL, NULL);
      |                                                                                      ^~~~~~~~~~~~~~~~~~~~~~
src/io.elementary.code.p/Widgets/DocumentView.c:369:67: note: expected ‘SelectionRange *’ {aka ‘struct _SelectionRange *’} but argument is of type ‘const SelectionRange *’ {aka ‘const struct _SelectionRange *’}
  369 |                                                   SelectionRange* range,
      |                                                   ~~~~~~~~~~~~~~~~^~~~~
src/io.elementary.code.p/Widgets/DocumentView.c: In function ‘scratch_widgets_document_view_open_document_finish’:
src/io.elementary.code.p/Widgets/DocumentView.c:1346:53: warning: variable ‘_data_’ set but not used [-Wunused-but-set-variable=]
 1346 |         ScratchWidgetsDocumentViewOpenDocumentData* _data_;
      |                                                     ^~~~~~
src/io.elementary.code.p/Widgets/DocumentView.c: In function ‘___lambda39_’:
src/io.elementary.code.p/Widgets/DocumentView.c:1721:37: warning: variable ‘self’ set but not used [-Wunused-but-set-variable=]
 1721 |         ScratchWidgetsDocumentView* self;
      |                                     ^~~~
src/io.elementary.code.p/Widgets/DocumentView.c: In function ‘scratch_widgets_document_view_update_opened_files_setting’:
src/io.elementary.code.p/Widgets/DocumentView.c:1792:41: warning: passing argument 2 of ‘g_list_foreach’ from incompatible pointer type [-Wincompatible-pointer-types]
 1792 |                 g_list_foreach (_tmp5_, ____lambda39__gfunc, _data56_);
      |                                         ^~~~~~~~~~~~~~~~~~~
      |                                         |
      |                                         void (*)(const void *, void *)
In file included from /usr/include/glib-2.0/glib/ghash.h:36,
                 from /usr/include/glib-2.0/glib.h:52,
                 from /usr/include/gtk-3.0/gdk/gdkconfig.h:8,
                 from /usr/include/gtk-3.0/gdk/gdk.h:30,
                 from /usr/include/gtk-3.0/gtk/gtk.h:30,
                 from src/io.elementary.code.p/Widgets/DocumentView.c:6:
/usr/include/glib-2.0/glib/glist.h:139:60: note: expected ‘GFunc’ {aka ‘void (*)(void *, void *)’} but argument is of type ‘void (*)(const void *, void *)’
  139 |                                          GFunc             func,
      |                                          ~~~~~~~~~~~~~~~~~~^~~~
src/io.elementary.code.p/Widgets/DocumentView.c:1759:1: note: ‘____lambda39__gfunc’ declared here
 1759 | ____lambda39__gfunc (gconstpointer data,
      | ^~~~~~~~~~~~~~~~~~~
In file included from /usr/include/glib-2.0/glib/galloca.h:34,
                 from /usr/include/glib-2.0/glib.h:32:
/usr/include/glib-2.0/glib/gtypes.h:141:27: note: ‘GFunc’ declared here
  141 | typedef void            (*GFunc)                (gpointer       data,
      |                           ^~~~~
src/io.elementary.code.p/Widgets/DocumentView.c: In function ‘scratch_widgets_document_view_update_outline_visible’:
src/io.elementary.code.p/Widgets/DocumentView.c:1828:33: warning: passing argument 2 of ‘g_list_foreach’ from incompatible pointer type [-Wincompatible-pointer-types]
 1828 |         g_list_foreach (_tmp0_, ___lambda135__gfunc, self);
      |                                 ^~~~~~~~~~~~~~~~~~~
      |                                 |
      |                                 void (*)(const void *, void *)
/usr/include/glib-2.0/glib/glist.h:139:60: note: expected ‘GFunc’ {aka ‘void (*)(void *, void *)’} but argument is of type ‘void (*)(const void *, void *)’
  139 |                                          GFunc             func,
      |                                          ~~~~~~~~~~~~~~~~~~^~~~
src/io.elementary.code.p/Widgets/DocumentView.c:1816:1: note: ‘___lambda135__gfunc’ declared here
 1816 | ___lambda135__gfunc (gconstpointer data,
      | ^~~~~~~~~~~~~~~~~~~
/usr/include/glib-2.0/glib/gtypes.h:141:27: note: ‘GFunc’ declared here
  141 | typedef void            (*GFunc)                (gpointer       data,
      |                           ^~~~~
src/io.elementary.code.p/Widgets/DocumentView.c: In function ‘scratch_widgets_document_view_unsaved_duplicated_file_path_builder’:
src/io.elementary.code.p/Widgets/DocumentView.c:2011:25: warning: variable ‘_tmp5_’ set but not used [-Wunused-but-set-variable=]
 2011 |                 gchar** _tmp5_;
      |                         ^~~~~~
src/io.elementary.code.p/Widgets/DocumentView.c:2010:22: warning: variable ‘_tmp4__length1’ set but not used [-Wunused-but-set-variable=]
 2010 |                 gint _tmp4__length1;
      |                      ^~~~~~~~~~~~~~
src/io.elementary.code.p/Widgets/DocumentView.c:1993:17: warning: variable ‘_tmp3_’ set but not used [-Wunused-but-set-variable=]
 1993 |         gchar** _tmp3_;
      |                 ^~~~~~
src/io.elementary.code.p/Widgets/DocumentView.c:1992:14: warning: variable ‘_parts_size_’ set but not used [-Wunused-but-set-variable=]
 1992 |         gint _parts_size_;
      |              ^~~~~~~~~~~~
src/io.elementary.code.p/Widgets/DocumentView.c: In function ‘vala_g_list_remove_full’:
src/io.elementary.code.p/Widgets/DocumentView.c:2062:31: warning: passing argument 1 of ‘func’ discards ‘const’ qualifier from pointer target type [-Wdiscarded-qualifiers]
 2062 |                         func (_tmp6_);
      |                               ^~~~~~
src/io.elementary.code.p/Widgets/DocumentView.c:2062:31: note: expected ‘gpointer’ {aka ‘void *’} but argument is of type ‘gconstpointer’ {aka ‘const void *’}
src/io.elementary.code.p/Widgets/DocumentView.c: In function ‘scratch_widgets_document_view_restore_closed_tab’:
src/io.elementary.code.p/Widgets/DocumentView.c:2278:77: warning: passing argument 5 of ‘scratch_widgets_document_view_open_document’ discards ‘const’ qualifier from pointer target type [-Wdiscarded-qualifiers]
 2278 |         scratch_widgets_document_view_open_document (self, _tmp6_, TRUE, 0, &SELECTION_RANGE_EMPTY, NULL, NULL);
      |                                                                             ^~~~~~~~~~~~~~~~~~~~~~
src/io.elementary.code.p/Widgets/DocumentView.c:1316:62: note: expected ‘SelectionRange *’ {aka ‘struct _SelectionRange *’} but argument is of type ‘const SelectionRange *’ {aka ‘const struct _SelectionRange *’}
 1316 |                                              SelectionRange* range,
      |                                              ~~~~~~~~~~~~~~~~^~~~~
src/io.elementary.code.p/Widgets/DocumentView.c: In function ‘scratch_widgets_document_view_drag_received’:
src/io.elementary.code.p/Widgets/DocumentView.c:2688:110: warning: passing argument 5 of ‘scratch_widgets_document_view_open_document’ discards ‘const’ qualifier from pointer target type [-Wdiscarded-qualifiers]
 2688 |                                         scratch_widgets_document_view_open_document (self, _tmp11_, TRUE, 0, &SELECTION_RANGE_EMPTY, NULL, NULL);
      |                                                                                                              ^~~~~~~~~~~~~~~~~~~~~~
src/io.elementary.code.p/Widgets/DocumentView.c:1316:62: note: expected ‘SelectionRange *’ {aka ‘struct _SelectionRange *’} but argument is of type ‘const SelectionRange *’ {aka ‘const struct _SelectionRange *’}
 1316 |                                              SelectionRange* range,
      |                                              ~~~~~~~~~~~~~~~~^~~~~
src/io.elementary.code.p/Widgets/DocumentView.c:2657:30: warning: unused variable ‘_filename_collection_size_’ [-Wunused-variable]
 2657 |                         gint _filename_collection_size_ = 0;
      |                              ^~~~~~~~~~~~~~~~~~~~~~~~~~
src/io.elementary.code.p/Widgets/DocumentView.c:2645:22: warning: variable ‘_uris_size_’ set but not used [-Wunused-but-set-variable=]
 2645 |                 gint _uris_size_;
      |                      ^~~~~~~~~~~
src/io.elementary.code.p/Widgets/DocumentView.c: In function ‘scratch_widgets_document_view_constructor’:
src/io.elementary.code.p/Widgets/DocumentView.c:3180:14: warning: variable ‘_tmp44__length1’ set but not used [-Wunused-but-set-variable=]
 3180 |         gint _tmp44__length1;
      |              ^~~~~~~~~~~~~~~
src/io.elementary.code.p/Widgets/DocumentView.c: At top level:
src/io.elementary.code.p/Widgets/DocumentView.c:1697:1: warning: ‘block56_data_ref’ defined but not used [-Wunused-function]
 1697 | block56_data_ref (Block56Data* _data56_)
      | ^~~~~~~~~~~~~~~~
[328/379] Compiling C object src/io.elementary.code.p/meson-generated_SymbolPane_Vala_ValaSymbolResolver.c.o
[329/379] Compiling C object src/io.elementary.code.p/meson-generated_Widgets_HeaderBar.c.o
In file included from src/io.elementary.code.p/Widgets/HeaderBar.c:18:
/usr/include/granite/granite.h:2118:1: warning: ‘GraniteTextStyle’ is deprecated [-Wdeprecated-declarations]
 2118 | VALA_EXTERN gchar* granite_text_style_get_stylesheet (GraniteTextStyle self,
      | ^~~~~~~~~~~
/usr/include/granite/granite.h:632:15: note: declared here
  632 | typedef enum  {
      |               ^
/usr/include/granite/granite.h:2138:1: warning: ‘GraniteTextStyle’ is deprecated [-Wdeprecated-declarations]
 2138 | VALA_EXTERN void granite_widgets_utils_apply_text_style_to_label (GraniteTextStyle text_style,
      | ^~~~~~~~~~~
/usr/include/granite/granite.h:632:15: note: declared here
  632 | typedef enum  {
      |               ^
src/io.elementary.code.p/Widgets/HeaderBar.c: In function ‘scratch_header_bar_style_color_button’:
src/io.elementary.code.p/Widgets/HeaderBar.c:319:16: warning: assignment to ‘gchar **’ {aka ‘char **’} from incompatible pointer type ‘const gchar * const*’ {aka ‘const char * const*’} [-Wincompatible-pointer-types]
  319 |         _tmp5_ = gtk_source_style_scheme_manager_get_scheme_ids (_tmp4_);
      |                ^
src/io.elementary.code.p/Widgets/HeaderBar.c: In function ‘_scratch_header_bar___lambda61_’:
src/io.elementary.code.p/Widgets/HeaderBar.c:829:27: warning: variable ‘self’ set but not used [-Wunused-but-set-variable=]
  829 |         ScratchHeaderBar* self;
      |                           ^~~~
src/io.elementary.code.p/Widgets/HeaderBar.c: In function ‘_scratch_header_bar___lambda62_’:
src/io.elementary.code.p/Widgets/HeaderBar.c:848:27: warning: variable ‘self’ set but not used [-Wunused-but-set-variable=]
  848 |         ScratchHeaderBar* self;
      |                           ^~~~
src/io.elementary.code.p/Widgets/HeaderBar.c: In function ‘_scratch_header_bar___lambda63_’:
src/io.elementary.code.p/Widgets/HeaderBar.c:868:27: warning: variable ‘self’ set but not used [-Wunused-but-set-variable=]
  868 |         ScratchHeaderBar* self;
      |                           ^~~~
src/io.elementary.code.p/Widgets/HeaderBar.c: In function ‘_scratch_header_bar___lambda64_’:
src/io.elementary.code.p/Widgets/HeaderBar.c:908:27: warning: variable ‘self’ set but not used [-Wunused-but-set-variable=]
  908 |         ScratchHeaderBar* self;
      |                           ^~~~
src/io.elementary.code.p/Widgets/HeaderBar.c: In function ‘_scratch_header_bar___lambda65_’:
src/io.elementary.code.p/Widgets/HeaderBar.c:931:27: warning: variable ‘self’ set but not used [-Wunused-but-set-variable=]
  931 |         ScratchHeaderBar* self;
      |                           ^~~~
src/io.elementary.code.p/Widgets/HeaderBar.c: In function ‘_scratch_header_bar___lambda66_’:
src/io.elementary.code.p/Widgets/HeaderBar.c:954:27: warning: variable ‘self’ set but not used [-Wunused-but-set-variable=]
  954 |         ScratchHeaderBar* self;
      |                           ^~~~
src/io.elementary.code.p/Widgets/HeaderBar.c: In function ‘scratch_header_bar_constructor’:
src/io.elementary.code.p/Widgets/HeaderBar.c:1685:48: warning: passing argument 2 of ‘gtk_menu_button_set_popover’ from incompatible pointer type [-Wincompatible-pointer-types]
 1685 |         gtk_menu_button_set_popover (_tmp216_, _tmp214_);
      |                                                ^~~~~~~~
      |                                                |
      |                                                GtkPopover * {aka struct _GtkPopover *}
In file included from /usr/include/gtk-3.0/gtk/gtk.h:146,
                 from /usr/include/libhandy-1/handy.h:9,
                 from src/io.elementary.code.p/Widgets/HeaderBar.c:10:
/usr/include/gtk-3.0/gtk/gtkmenubutton.h:77:61: note: expected ‘GtkWidget *’ {aka ‘struct _GtkWidget *’} but argument is of type ‘GtkPopover *’ {aka ‘struct _GtkPopover *’}
   77 |                                              GtkWidget     *popover);
      |                                              ~~~~~~~~~~~~~~~^~~~~~~
[330/379] Compiling C object src/io.elementary.code.p/meson-generated_Widgets_WelcomeView.c.o
In file included from src/io.elementary.code.p/Widgets/WelcomeView.c:23:
/usr/include/granite/granite.h:2118:1: warning: ‘GraniteTextStyle’ is deprecated [-Wdeprecated-declarations]
 2118 | VALA_EXTERN gchar* granite_text_style_get_stylesheet (GraniteTextStyle self,
      | ^~~~~~~~~~~
/usr/include/granite/granite.h:632:15: note: declared here
  632 | typedef enum  {
      |               ^
/usr/include/granite/granite.h:2138:1: warning: ‘GraniteTextStyle’ is deprecated [-Wdeprecated-declarations]
 2138 | VALA_EXTERN void granite_widgets_utils_apply_text_style_to_label (GraniteTextStyle text_style,
      | ^~~~~~~~~~~
/usr/include/granite/granite.h:632:15: note: declared here
  632 | typedef enum  {
      |               ^
src/io.elementary.code.p/Widgets/WelcomeView.c: In function ‘code_welcome_view_finalize’:
src/io.elementary.code.p/Widgets/WelcomeView.c:274:27: warning: variable ‘self’ set but not used [-Wunused-but-set-variable=]
  274 |         CodeWelcomeView * self;
      |                           ^~~~
[331/379] Compiling C object src/io.elementary.code.p/meson-generated_Widgets_Terminal.c.o
src/io.elementary.code.p/Widgets/Terminal.c: In function ‘code_terminal_spawn_shell’:
src/io.elementary.code.p/Widgets/Terminal.c:273:17: warning: ‘vte_terminal_spawn_sync’ is deprecated [-Wdeprecated-declarations]
  273 |                 vte_terminal_spawn_sync (_tmp0_, VTE_PTY_DEFAULT, dir, _tmp3_, NULL, G_SPAWN_SEARCH_PATH, NULL, NULL, &_tmp4_, NULL, &_inner_error0_);
      |                 ^~~~~~~~~~~~~~~~~~~~~~~
In file included from /usr/include/vte-2.91/vte/vte.h:38,
                 from src/io.elementary.code.p/Widgets/Terminal.c:13:
/usr/include/vte-2.91/vte/vtedeprecated.h:91:10: note: declared here
   91 | gboolean vte_terminal_spawn_sync(VteTerminal *terminal,
      |          ^~~~~~~~~~~~~~~~~~~~~~~
src/io.elementary.code.p/Widgets/Terminal.c: In function ‘code_terminal_update_colors’:
src/io.elementary.code.p/Widgets/Terminal.c:654:54: warning: variable ‘_tmp33__length1’ set but not used [-Wunused-but-set-variable=]
  654 |                                                 gint _tmp33__length1;
      |                                                      ^~~~~~~~~~~~~~~
src/io.elementary.code.p/Widgets/Terminal.c:706:46: warning: variable ‘_tmp49__length1’ set but not used [-Wunused-but-set-variable=]
  706 |                                         gint _tmp49__length1;
      |                                              ^~~~~~~~~~~~~~~
src/io.elementary.code.p/Widgets/Terminal.c:703:46: warning: variable ‘_tmp47__length1’ set but not used [-Wunused-but-set-variable=]
  703 |                                         gint _tmp47__length1;
      |                                              ^~~~~~~~~~~~~~~
src/io.elementary.code.p/Widgets/Terminal.c:699:49: warning: variable ‘_tmp46_’ set but not used [-Wunused-but-set-variable=]
  699 |                                         gchar** _tmp46_;
      |                                                 ^~~~~~~
src/io.elementary.code.p/Widgets/Terminal.c:568:22: warning: variable ‘_palette_size_’ set but not used [-Wunused-but-set-variable=]
  568 |                 gint _palette_size_;
      |                      ^~~~~~~~~~~~~~
src/io.elementary.code.p/Widgets/Terminal.c:561:22: warning: variable ‘_hex_palette_size_’ set but not used [-Wunused-but-set-variable=]
  561 |                 gint _hex_palette_size_;
      |                      ^~~~~~~~~~~~~~~~~~
src/io.elementary.code.p/Widgets/Terminal.c: In function ‘__lambda146_’:
src/io.elementary.code.p/Widgets/Terminal.c:840:30: warning: unused variable ‘_key_collection_size_’ [-Wunused-variable]
  840 |                         gint _key_collection_size_ = 0;
      |                              ^~~~~~~~~~~~~~~~~~~~~
src/io.elementary.code.p/Widgets/Terminal.c:812:14: warning: variable ‘_keys_size_’ set but not used [-Wunused-but-set-variable=]
  812 |         gint _keys_size_ = 0;
      |              ^~~~~~~~~~~
src/io.elementary.code.p/Widgets/Terminal.c: In function ‘string_get_data’:
src/io.elementary.code.p/Widgets/Terminal.c:1174:14: warning: variable ‘_res_size_’ set but not used [-Wunused-but-set-variable=]
 1174 |         gint _res_size_;
      |              ^~~~~~~~~~
src/io.elementary.code.p/Widgets/Terminal.c: In function ‘_code_terminal___lambda150_’:
src/io.elementary.code.p/Widgets/Terminal.c:1226:42: warning: pointer targets in passing argument 2 of ‘vte_terminal_feed_child’ differ in signedness [-Wpointer-sign]
 1226 |         vte_terminal_feed_child (_tmp6_, _tmp9_, (gssize) _tmp9__length1);
      |                                          ^~~~~~
      |                                          |
      |                                          guint8 * {aka unsigned char *}
In file included from /usr/include/vte-2.91/vte/vte.h:32:
/usr/include/vte-2.91/vte/vteterminal.h:213:42: note: expected ‘const char *’ but argument is of type ‘guint8 *’ {aka ‘unsigned char *’}
  213 |                              const char *text,
      |                              ~~~~~~~~~~~~^~~~
src/io.elementary.code.p/Widgets/Terminal.c: In function ‘_code_terminal___lambda151_’:
src/io.elementary.code.p/Widgets/Terminal.c:1243:9: warning: ‘vte_terminal_copy_clipboard’ is deprecated [-Wdeprecated-declarations]
 1243 |         vte_terminal_copy_clipboard (_tmp0_);
      |         ^~~~~~~~~~~~~~~~~~~~~~~~~~~
/usr/include/vte-2.91/vte/vtedeprecated.h:109:6: note: declared here
  109 | void vte_terminal_copy_clipboard(VteTerminal *terminal) _VTE_CXX_NOEXCEPT _VTE_GNUC_NONNULL(1);
      |      ^~~~~~~~~~~~~~~~~~~~~~~~~~~
src/io.elementary.code.p/Widgets/Terminal.c: In function ‘_code_terminal___lambda153_’:
src/io.elementary.code.p/Widgets/Terminal.c:1296:1: warning: no return statement in function returning non-void [-Wreturn-type]
 1296 | }
      | ^
src/io.elementary.code.p/Widgets/Terminal.c: In function ‘_code_terminal___lambda154_’:
src/io.elementary.code.p/Widgets/Terminal.c:1340:16: warning: assignment discards ‘const’ qualifier from pointer target type [-Wdiscarded-qualifiers]
 1340 |         _tmp1_ = gtk_gesture_get_last_event ((GtkGesture*) _tmp0_, NULL);
      |                ^
[332/379] Compiling C object src/io.elementary.code.p/meson-generated_SymbolPane_C_CtagsSymbolIter.c.o
src/io.elementary.code.p/SymbolPane/C/CtagsSymbolIter.c: In function ‘scratch_services_ctags_symbol_iter_set_name’:
src/io.elementary.code.p/SymbolPane/C/CtagsSymbolIter.c:208:19: warning: assignment discards ‘const’ qualifier from pointer target type [-Wdiscarded-qualifiers]
  208 |         old_value = scratch_services_ctags_symbol_iter_get_name (self);
      |                   ^
src/io.elementary.code.p/SymbolPane/C/CtagsSymbolIter.c: In function ‘scratch_services_ctags_symbol_iter_set_parent’:
src/io.elementary.code.p/SymbolPane/C/CtagsSymbolIter.c:235:19: warning: assignment discards ‘const’ qualifier from pointer target type [-Wdiscarded-qualifiers]
  235 |         old_value = scratch_services_ctags_symbol_iter_get_parent (self);
      |                   ^
[333/379] Compiling C object src/io.elementary.code.p/meson-generated_Services_Document.c.o
In file included from src/io.elementary.code.p/Services/Document.c:18:
/usr/include/granite/granite.h:2118:1: warning: ‘GraniteTextStyle’ is deprecated [-Wdeprecated-declarations]
 2118 | VALA_EXTERN gchar* granite_text_style_get_stylesheet (GraniteTextStyle self,
      | ^~~~~~~~~~~
/usr/include/granite/granite.h:632:15: note: declared here
  632 | typedef enum  {
      |               ^
/usr/include/granite/granite.h:2138:1: warning: ‘GraniteTextStyle’ is deprecated [-Wdeprecated-declarations]
 2138 | VALA_EXTERN void granite_widgets_utils_apply_text_style_to_label (GraniteTextStyle text_style,
      | ^~~~~~~~~~~
/usr/include/granite/granite.h:632:15: note: declared here
  632 | typedef enum  {
      |               ^
src/io.elementary.code.p/Services/Document.c: In function ‘scratch_services_document_open_finish’:
src/io.elementary.code.p/Services/Document.c:1481:42: warning: variable ‘_data_’ set but not used [-Wunused-but-set-variable=]
 1481 |         ScratchServicesDocumentOpenData* _data_;
      |                                          ^~~~~~
src/io.elementary.code.p/Services/Document.c: In function ‘scratch_services_document_save_with_hold_co’:
src/io.elementary.code.p/Services/Document.c:2334:17: warning: label ‘__finally0’ defined but not used [-Wunused-label]
 2334 |                 __finally0:
      |                 ^~~~~~~~~~
src/io.elementary.code.p/Services/Document.c: In function ‘scratch_services_document_get_slice’:
src/io.elementary.code.p/Services/Document.c:3306:67: warning: variable ‘_tmp7_’ set but not used [-Wunused-but-set-variable=]
 3306 |                                         ScratchWidgetsSourceView* _tmp7_;
      |                                                                   ^~~~~~
src/io.elementary.code.p/Services/Document.c:3324:67: warning: variable ‘_tmp14_’ set but not used [-Wunused-but-set-variable=]
 3324 |                                         ScratchWidgetsSourceView* _tmp14_;
      |                                                                   ^~~~~~~
src/io.elementary.code.p/Services/Document.c:3340:59: warning: variable ‘_tmp22_’ set but not used [-Wunused-but-set-variable=]
 3340 |                                 ScratchWidgetsSourceView* _tmp22_;
      |                                                           ^~~~~~~
src/io.elementary.code.p/Services/Document.c:3348:51: warning: variable ‘_tmp23_’ set but not used [-Wunused-but-set-variable=]
 3348 |                         ScratchWidgetsSourceView* _tmp23_;
      |                                                   ^~~~~~~
src/io.elementary.code.p/Services/Document.c:3267:43: warning: variable ‘_tmp0_’ set but not used [-Wunused-but-set-variable=]
 3267 |                 ScratchWidgetsSourceView* _tmp0_;
      |                                           ^~~~~~
src/io.elementary.code.p/Services/Document.c:3346:17: warning: label ‘__finally0’ defined but not used [-Wunused-label]
 3346 |                 __finally0:
      |                 ^~~~~~~~~~
src/io.elementary.code.p/Services/Document.c: In function ‘scratch_services_document_check_file_status_finish’:
src/io.elementary.code.p/Services/Document.c:3670:53: warning: variable ‘_data_’ set but not used [-Wunused-but-set-variable=]
 3670 |         ScratchServicesDocumentCheckFileStatusData* _data_;
      |                                                     ^~~~~~
src/io.elementary.code.p/Services/Document.c: In function ‘block44_data_unref’:
src/io.elementary.code.p/Services/Document.c:3976:42: warning: variable ‘self’ set but not used [-Wunused-but-set-variable=]
 3976 |                 ScratchServicesDocument* self;
      |                                          ^~~~
src/io.elementary.code.p/Services/Document.c: In function ‘__lambda22_’:
src/io.elementary.code.p/Services/Document.c:4043:34: warning: variable ‘self’ set but not used [-Wunused-but-set-variable=]
 4043 |         ScratchServicesDocument* self;
      |                                  ^~~~
src/io.elementary.code.p/Services/Document.c: In function ‘block46_data_unref’:
src/io.elementary.code.p/Services/Document.c:4188:42: warning: variable ‘self’ set but not used [-Wunused-but-set-variable=]
 4188 |                 ScratchServicesDocument* self;
      |                                          ^~~~
src/io.elementary.code.p/Services/Document.c: In function ‘__lambda31_’:
src/io.elementary.code.p/Services/Document.c:4320:34: warning: variable ‘self’ set but not used [-Wunused-but-set-variable=]
 4320 |         ScratchServicesDocument* self;
      |                                  ^~~~
src/io.elementary.code.p/Services/Document.c: In function ‘scratch_services_document_strip_trailing_spaces’:
src/io.elementary.code.p/Services/Document.c:5368:25: warning: variable ‘_tmp31_’ set but not used [-Wunused-but-set-variable=]
 5368 |                 gchar** _tmp31_;
      |                         ^~~~~~~
src/io.elementary.code.p/Services/Document.c:5455:38: warning: variable ‘_tmp43__length1’ set but not used [-Wunused-but-set-variable=]
 5455 |                                 gint _tmp43__length1;
      |                                      ^~~~~~~~~~~~~~~
src/io.elementary.code.p/Services/Document.c:5451:41: warning: variable ‘_tmp41_’ set but not used [-Wunused-but-set-variable=]
 5451 |                                 gchar** _tmp41_;
      |                                         ^~~~~~~
src/io.elementary.code.p/Services/Document.c:5286:17: warning: variable ‘_tmp29_’ set but not used [-Wunused-but-set-variable=]
 5286 |         gchar** _tmp29_;
      |                 ^~~~~~~
src/io.elementary.code.p/Services/Document.c:5284:17: warning: variable ‘_tmp28_’ set but not used [-Wunused-but-set-variable=]
 5284 |         gchar** _tmp28_;
      |                 ^~~~~~~
src/io.elementary.code.p/Services/Document.c:5283:14: warning: variable ‘_lines_size_’ set but not used [-Wunused-but-set-variable=]
 5283 |         gint _lines_size_;
      |              ^~~~~~~~~~~~
src/io.elementary.code.p/Services/Document.c: In function ‘_scratch_services_document___lambda134_’:
src/io.elementary.code.p/Services/Document.c:6216:1: warning: no return statement in function returning non-void [-Wreturn-type]
 6216 | }
      | ^
src/io.elementary.code.p/Services/Document.c: In function ‘scratch_services_document_class_init’:
src/io.elementary.code.p/Services/Document.c:6460:46: warning: pointer targets in passing argument 2 of ‘FcConfigAppFontAddFile’ differ in signedness [-Wpointer-sign]
 6460 |         if (!FcConfigAppFontAddFile (_tmp2_, _tmp3_)) {
      |                                              ^~~~~~
      |                                              |
      |                                              const gchar * {aka const char *}
In file included from src/io.elementary.code.p/Services/Document.c:21:
/usr/include/fontconfig/fontconfig.h:507:40: note: expected ‘const FcChar8 *’ {aka ‘const unsigned char *’} but argument is of type ‘const gchar *’ {aka ‘const char *’}
  507 |                         const FcChar8 *file);
      |                         ~~~~~~~~~~~~~~~^~~~
src/io.elementary.code.p/Services/Document.c:6473:47: warning: passing argument 1 of ‘pango_fc_font_map_set_config’ from incompatible pointer type [-Wincompatible-pointer-types]
 6473 |                 pango_fc_font_map_set_config (_tmp5_, _tmp6_);
      |                                               ^~~~~~
      |                                               |
      |                                               PangoFontMap * {aka struct _PangoFontMap *}
In file included from src/io.elementary.code.p/Services/Document.c:24:
/usr/include/pango-1.0/pango/pangofc-fontmap.h:64:47: note: expected ‘PangoFcFontMap *’ {aka ‘struct _PangoFcFontMap *’} but argument is of type ‘PangoFontMap *’ {aka ‘struct _PangoFontMap *’}
   64 | pango_fc_font_map_set_config (PangoFcFontMap *fcfontmap,
      |                               ~~~~~~~~~~~~~~~~^~~~~~~~~
[334/379] Compiling C object src/io.elementary.code.p/meson-generated_SymbolPane_Vala_ValaSymbolItem.c.o
src/io.elementary.code.p/SymbolPane/Vala/ValaSymbolItem.c: In function ‘scratch_services_vala_symbol_item_real_compare’:
src/io.elementary.code.p/SymbolPane/Vala/ValaSymbolItem.c:257:41: warning: variable ‘self’ set but not used [-Wunused-but-set-variable=]
  257 |         ScratchServicesValaSymbolItem * self;
      |                                         ^~~~
src/io.elementary.code.p/SymbolPane/Vala/ValaSymbolItem.c: In function ‘scratch_services_vala_symbol_item_real_allow_dnd_sorting’:
src/io.elementary.code.p/SymbolPane/Vala/ValaSymbolItem.c:269:41: warning: variable ‘self’ set but not used [-Wunused-but-set-variable=]
  269 |         ScratchServicesValaSymbolItem * self;
      |                                         ^~~~
[335/379] Compiling C object src/io.elementary.code.p/meson-generated_SymbolPane_Vala_ValaSymbolOutline.c.o
src/io.elementary.code.p/SymbolPane/Vala/ValaSymbolOutline.c: In function ‘block67_data_unref’:
src/io.elementary.code.p/SymbolPane/Vala/ValaSymbolOutline.c:451:51: warning: variable ‘self’ set but not used [-Wunused-but-set-variable=]
  451 |                 ScratchServicesValaSymbolOutline* self;
      |                                                   ^~~~
src/io.elementary.code.p/SymbolPane/Vala/ValaSymbolOutline.c: In function ‘report_real_err’:
src/io.elementary.code.p/SymbolPane/Vala/ValaSymbolOutline.c:1419:18: warning: variable ‘self’ set but not used [-Wunused-but-set-variable=]
 1419 |         Report * self;
      |                  ^~~~
src/io.elementary.code.p/SymbolPane/Vala/ValaSymbolOutline.c: In function ‘report_real_warn’:
src/io.elementary.code.p/SymbolPane/Vala/ValaSymbolOutline.c:1429:18: warning: variable ‘self’ set but not used [-Wunused-but-set-variable=]
 1429 |         Report * self;
      |                  ^~~~
src/io.elementary.code.p/SymbolPane/Vala/ValaSymbolOutline.c: In function ‘report_real_note’:
src/io.elementary.code.p/SymbolPane/Vala/ValaSymbolOutline.c:1439:18: warning: variable ‘self’ set but not used [-Wunused-but-set-variable=]
 1439 |         Report * self;
      |                  ^~~~
src/io.elementary.code.p/SymbolPane/Vala/ValaSymbolOutline.c: In function ‘report_real_depr’:
src/io.elementary.code.p/SymbolPane/Vala/ValaSymbolOutline.c:1449:18: warning: variable ‘self’ set but not used [-Wunused-but-set-variable=]
 1449 |         Report * self;
      |                  ^~~~
src/io.elementary.code.p/SymbolPane/Vala/ValaSymbolOutline.c: At top level:
src/io.elementary.code.p/SymbolPane/Vala/ValaSymbolOutline.c:133:20: warning: ‘scratch_services_vala_symbol_outline_properties’ defined but not used [-Wunused-variable]
  133 | static GParamSpec* scratch_services_vala_symbol_outline_properties[SCRATCH_SERVICES_VALA_SYMBOL_OUTLINE_NUM_PROPERTIES];
      |                    ^~~~~~~~~~~~~~~~~~~~~~~~~~~~~~~~~~~~~~~~~~~~~~~
[336/379] Compiling C object src/io.elementary.code.p/meson-generated_SymbolPane_C_CtagsSymbol.c.o
[337/379] Compiling C object src/io.elementary.code.p/meson-generated_Widgets_SourceList_CellRendererBadge.c.o
In file included from src/io.elementary.code.p/Widgets/SourceList/CellRendererBadge.c:18:
/usr/include/granite/granite.h:2118:1: warning: ‘GraniteTextStyle’ is deprecated [-Wdeprecated-declarations]
 2118 | VALA_EXTERN gchar* granite_text_style_get_stylesheet (GraniteTextStyle self,
      | ^~~~~~~~~~~
/usr/include/granite/granite.h:632:15: note: declared here
  632 | typedef enum  {
      |               ^
/usr/include/granite/granite.h:2138:1: warning: ‘GraniteTextStyle’ is deprecated [-Wdeprecated-declarations]
 2138 | VALA_EXTERN void granite_widgets_utils_apply_text_style_to_label (GraniteTextStyle text_style,
      | ^~~~~~~~~~~
/usr/include/granite/granite.h:632:15: note: declared here
  632 | typedef enum  {
      |               ^
src/io.elementary.code.p/Widgets/SourceList/CellRendererBadge.c: In function ‘code_widgets_cell_renderer_badge_real_get_request_mode’:
src/io.elementary.code.p/Widgets/SourceList/CellRendererBadge.c:139:40: warning: variable ‘self’ set but not used [-Wunused-but-set-variable=]
  139 |         CodeWidgetsCellRendererBadge * self;
      |                                        ^~~~
src/io.elementary.code.p/Widgets/SourceList/CellRendererBadge.c: In function ‘code_widgets_cell_renderer_badge_update_layout_properties’:
src/io.elementary.code.p/Widgets/SourceList/CellRendererBadge.c:256:24: warning: variable ‘ink_rect’ set but not used [-Wunused-but-set-variable=]
  256 |         PangoRectangle ink_rect = {0};
      |                        ^~~~~~~~
src/io.elementary.code.p/Widgets/SourceList/CellRendererBadge.c: In function ‘code_widgets_cell_renderer_badge_set_text’:
src/io.elementary.code.p/Widgets/SourceList/CellRendererBadge.c:409:19: warning: assignment discards ‘const’ qualifier from pointer target type [-Wdiscarded-qualifiers]
  409 |         old_value = code_widgets_cell_renderer_badge_get_text (self);
      |                   ^
src/io.elementary.code.p/Widgets/SourceList/CellRendererBadge.c: In function ‘code_widgets_cell_renderer_badge_class_init’:
src/io.elementary.code.p/Widgets/SourceList/CellRendererBadge.c:428:50: warning: assignment to ‘void (*)(GtkCellRenderer *, cairo_t *, GtkWidget *, const GdkRectangle *, const GdkRectangle *, GtkCellRendererState)’ {aka ‘void (*)(struct _GtkCellRenderer *, struct _cairo *, struct _GtkWidget *, const struct _cairo_rectangle_int *, const struct _cairo_rectangle_int *, GtkCellRendererState)’} from incompatible pointer type ‘void (*)(GtkCellRenderer *, cairo_t *, GtkWidget *, GdkRectangle *, GdkRectangle *, GtkCellRendererState)’ {aka ‘void (*)(struct _GtkCellRenderer *, struct _cairo *, struct _GtkWidget *, struct _cairo_rectangle_int *, struct _cairo_rectangle_int *, GtkCellRendererState)’} [-Wincompatible-pointer-types]
  428 |         ((GtkCellRendererClass *) klass)->render = (void (*) (GtkCellRenderer*, cairo_t*, GtkWidget*, GdkRectangle*, GdkRectangle*, GtkCellRendererState)) code_widgets_cell_renderer_badge_real_render;
      |                                                  ^
src/io.elementary.code.p/Widgets/SourceList/CellRendererBadge.c:287:1: note: ‘code_widgets_cell_renderer_badge_real_render’ declared here
  287 | code_widgets_cell_renderer_badge_real_render (GtkCellRenderer* base,
      | ^~~~~~~~~~~~~~~~~~~~~~~~~~~~~~~~~~~~~~~~~~~~
[338/379] Compiling C object src/io.elementary.code.p/meson-generated_Widgets_FormatBar.c.o
In file included from src/io.elementary.code.p/Widgets/FormatBar.c:26:
/usr/include/granite/granite.h:2118:1: warning: ‘GraniteTextStyle’ is deprecated [-Wdeprecated-declarations]
 2118 | VALA_EXTERN gchar* granite_text_style_get_stylesheet (GraniteTextStyle self,
      | ^~~~~~~~~~~
/usr/include/granite/granite.h:632:15: note: declared here
  632 | typedef enum  {
      |               ^
/usr/include/granite/granite.h:2138:1: warning: ‘GraniteTextStyle’ is deprecated [-Wdeprecated-declarations]
 2138 | VALA_EXTERN void granite_widgets_utils_apply_text_style_to_label (GraniteTextStyle text_style,
      | ^~~~~~~~~~~
/usr/include/granite/granite.h:632:15: note: declared here
  632 | typedef enum  {
      |               ^
src/io.elementary.code.p/Widgets/FormatBar.c: In function ‘code_format_bar_create_language_popover’:
src/io.elementary.code.p/Widgets/FormatBar.c:623:27: warning: assignment to ‘gchar **’ {aka ‘char **’} from incompatible pointer type ‘const gchar * const*’ {aka ‘const char * const*’} [-Wincompatible-pointer-types]
  623 |         _tmp12_ = _tmp11_ = gtk_source_language_manager_get_language_ids (_tmp10_);
      |                           ^
src/io.elementary.code.p/Widgets/FormatBar.c:633:22: warning: unused variable ‘_id_collection_size_’ [-Wunused-variable]
  633 |                 gint _id_collection_size_ = 0;
      |                      ^~~~~~~~~~~~~~~~~~~~
src/io.elementary.code.p/Widgets/FormatBar.c:703:64: warning: passing argument 2 of ‘gtk_menu_button_set_popover’ from incompatible pointer type [-Wincompatible-pointer-types]
  703 |         gtk_menu_button_set_popover ((GtkMenuButton*) _tmp37_, lang_popover);
      |                                                                ^~~~~~~~~~~~
      |                                                                |
      |                                                                GtkPopover * {aka struct _GtkPopover *}
In file included from /usr/include/gtk-3.0/gtk/gtk.h:146,
                 from src/io.elementary.code.p/Widgets/FormatBar.c:23:
/usr/include/gtk-3.0/gtk/gtkmenubutton.h:77:61: note: expected ‘GtkWidget *’ {aka ‘struct _GtkWidget *’} but argument is of type ‘GtkPopover *’ {aka ‘struct _GtkPopover *’}
   77 |                                              GtkWidget     *popover);
      |                                              ~~~~~~~~~~~~~~~^~~~~~~
src/io.elementary.code.p/Widgets/FormatBar.c:567:14: warning: variable ‘_ids_size_’ set but not used [-Wunused-but-set-variable=]
  567 |         gint _ids_size_;
      |              ^~~~~~~~~~
src/io.elementary.code.p/Widgets/FormatBar.c: In function ‘code_format_bar_create_tabulation_popover’:
src/io.elementary.code.p/Widgets/FormatBar.c:866:16: warning: assignment to ‘GtkContainer *’ {aka ‘struct _GtkContainer *’} from incompatible pointer type ‘GtkWidget *’ {aka ‘struct _GtkWidget *’} [-Wincompatible-pointer-types]
  866 |         _tmp3_ = gtk_info_bar_get_content_area (_tmp2_);
      |                ^
src/io.elementary.code.p/Widgets/FormatBar.c:926:64: warning: passing argument 2 of ‘gtk_menu_button_set_popover’ from incompatible pointer type [-Wincompatible-pointer-types]
  926 |         gtk_menu_button_set_popover ((GtkMenuButton*) _tmp25_, tab_popover);
      |                                                                ^~~~~~~~~~~
      |                                                                |
      |                                                                GtkPopover * {aka struct _GtkPopover *}
/usr/include/gtk-3.0/gtk/gtkmenubutton.h:77:61: note: expected ‘GtkWidget *’ {aka ‘struct _GtkWidget *’} but argument is of type ‘GtkPopover *’ {aka ‘struct _GtkPopover *’}
   77 |                                              GtkWidget     *popover);
      |                                              ~~~~~~~~~~~~~~~^~~~~~~
src/io.elementary.code.p/Widgets/FormatBar.c: In function ‘code_format_bar_create_line_popover’:
src/io.elementary.code.p/Widgets/FormatBar.c:1217:63: warning: passing argument 2 of ‘gtk_menu_button_set_popover’ from incompatible pointer type [-Wincompatible-pointer-types]
 1217 |         gtk_menu_button_set_popover ((GtkMenuButton*) _tmp7_, line_popover);
      |                                                               ^~~~~~~~~~~~
      |                                                               |
      |                                                               GtkPopover * {aka struct _GtkPopover *}
/usr/include/gtk-3.0/gtk/gtkmenubutton.h:77:61: note: expected ‘GtkWidget *’ {aka ‘struct _GtkWidget *’} but argument is of type ‘GtkPopover *’ {aka ‘struct _GtkPopover *’}
   77 |                                              GtkWidget     *popover);
      |                                              ~~~~~~~~~~~~~~~^~~~~~~
src/io.elementary.code.p/Widgets/FormatBar.c: In function ‘code_format_bar_update_current_lang’:
src/io.elementary.code.p/Widgets/FormatBar.c:1443:42: warning: passing argument 2 of ‘g_list_foreach’ from incompatible pointer type [-Wincompatible-pointer-types]
 1443 |                 g_list_foreach (_tmp13_, ____lambda60__gfunc, _data58_);
      |                                          ^~~~~~~~~~~~~~~~~~~
      |                                          |
      |                                          void (*)(const void *, void *)
In file included from /usr/include/glib-2.0/glib/ghash.h:36,
                 from /usr/include/glib-2.0/glib.h:52,
                 from /usr/include/gtk-3.0/gdk/gdkconfig.h:8,
                 from /usr/include/gtk-3.0/gdk/gdk.h:30,
                 from /usr/include/gtk-3.0/gtk/gtk.h:30:
/usr/include/glib-2.0/glib/glist.h:139:60: note: expected ‘GFunc’ {aka ‘void (*)(void *, void *)’} but argument is of type ‘void (*)(const void *, void *)’
  139 |                                          GFunc             func,
      |                                          ~~~~~~~~~~~~~~~~~~^~~~
src/io.elementary.code.p/Widgets/FormatBar.c:1397:1: note: ‘____lambda60__gfunc’ declared here
 1397 | ____lambda60__gfunc (gconstpointer data,
      | ^~~~~~~~~~~~~~~~~~~
In file included from /usr/include/glib-2.0/glib/galloca.h:34,
                 from /usr/include/glib-2.0/glib.h:32:
/usr/include/glib-2.0/glib/gtypes.h:141:27: note: ‘GFunc’ declared here
  141 | typedef void            (*GFunc)                (gpointer       data,
      |                           ^~~~~
src/io.elementary.code.p/Widgets/FormatBar.c: In function ‘code_format_bar_lang_entry_set_lang_id’:
src/io.elementary.code.p/Widgets/FormatBar.c:1893:19: warning: assignment discards ‘const’ qualifier from pointer target type [-Wdiscarded-qualifiers]
 1893 |         old_value = code_format_bar_lang_entry_get_lang_id (self);
      |                   ^
src/io.elementary.code.p/Widgets/FormatBar.c: In function ‘code_format_bar_lang_entry_set_lang_name’:
src/io.elementary.code.p/Widgets/FormatBar.c:1920:19: warning: assignment discards ‘const’ qualifier from pointer target type [-Wdiscarded-qualifiers]
 1920 |         old_value = code_format_bar_lang_entry_get_lang_name (self);
      |                   ^
src/io.elementary.code.p/Widgets/FormatBar.c: At top level:
src/io.elementary.code.p/Widgets/FormatBar.c:1349:1: warning: ‘block58_data_ref’ defined but not used [-Wunused-function]
 1349 | block58_data_ref (Block58Data* _data58_)
      | ^~~~~~~~~~~~~~~~
[339/379] Compiling C object src/io.elementary.code.p/meson-generated_Widgets_SourceList_SourceList.c.o
src/io.elementary.code.p/Widgets/SourceList/SourceList.c: In function ‘code_widgets_source_list_item_set_name’:
src/io.elementary.code.p/Widgets/SourceList/SourceList.c:2262:19: warning: assignment discards ‘const’ qualifier from pointer target type [-Wdiscarded-qualifiers]
 2262 |         old_value = code_widgets_source_list_item_get_name (self);
      |                   ^
src/io.elementary.code.p/Widgets/SourceList/SourceList.c: In function ‘code_widgets_source_list_item_set_tooltip’:
src/io.elementary.code.p/Widgets/SourceList/SourceList.c:2289:19: warning: assignment discards ‘const’ qualifier from pointer target type [-Wdiscarded-qualifiers]
 2289 |         old_value = code_widgets_source_list_item_get_tooltip (self);
      |                   ^
src/io.elementary.code.p/Widgets/SourceList/SourceList.c: In function ‘code_widgets_source_list_item_set_markup’:
src/io.elementary.code.p/Widgets/SourceList/SourceList.c:2316:19: warning: assignment discards ‘const’ qualifier from pointer target type [-Wdiscarded-qualifiers]
 2316 |         old_value = code_widgets_source_list_item_get_markup (self);
      |                   ^
src/io.elementary.code.p/Widgets/SourceList/SourceList.c: In function ‘code_widgets_source_list_item_set_badge’:
src/io.elementary.code.p/Widgets/SourceList/SourceList.c:2343:19: warning: assignment discards ‘const’ qualifier from pointer target type [-Wdiscarded-qualifiers]
 2343 |         old_value = code_widgets_source_list_item_get_badge (self);
      |                   ^
src/io.elementary.code.p/Widgets/SourceList/SourceList.c: In function ‘code_widgets_source_list_item_set_activatable_tooltip’:
src/io.elementary.code.p/Widgets/SourceList/SourceList.c:2490:19: warning: assignment discards ‘const’ qualifier from pointer target type [-Wdiscarded-qualifiers]
 2490 |         old_value = code_widgets_source_list_item_get_activatable_tooltip (self);
      |                   ^
src/io.elementary.code.p/Widgets/SourceList/SourceList.c: In function ‘code_widgets_source_list_data_model_filter_visible_func’:
src/io.elementary.code.p/Widgets/SourceList/SourceList.c:4391:18: warning: variable ‘_tmp27__target’ set but not used [-Wunused-but-set-variable=]
 4391 |         gpointer _tmp27__target;
      |                  ^~~~~~~~~~~~~~
src/io.elementary.code.p/Widgets/SourceList/SourceList.c: In function ‘code_widgets_source_list_data_model_real_row_drop_possible’:
src/io.elementary.code.p/Widgets/SourceList/SourceList.c:4970:22: warning: variable ‘_tmp27__length1’ set but not used [-Wunused-but-set-variable=]
 4970 |                 gint _tmp27__length1;
      |                      ^~~~~~~~~~~~~~~
src/io.elementary.code.p/Widgets/SourceList/SourceList.c:4966:22: warning: variable ‘_tmp25__length1’ set but not used [-Wunused-but-set-variable=]
 4966 |                 gint _tmp25__length1;
      |                      ^~~~~~~~~~~~~~~
src/io.elementary.code.p/Widgets/SourceList/SourceList.c:4963:22: warning: variable ‘_dest_indices_size_’ set but not used [-Wunused-but-set-variable=]
 4963 |                 gint _dest_indices_size_;
      |                      ^~~~~~~~~~~~~~~~~~~
src/io.elementary.code.p/Widgets/SourceList/SourceList.c:4955:22: warning: variable ‘_src_indices_size_’ set but not used [-Wunused-but-set-variable=]
 4955 |                 gint _src_indices_size_;
      |                      ^~~~~~~~~~~~~~~~~~
src/io.elementary.code.p/Widgets/SourceList/SourceList.c: In function ‘code_widgets_source_list_cell_renderer_icon_class_init’:
src/io.elementary.code.p/Widgets/SourceList/SourceList.c:6269:52: warning: assignment to ‘gboolean (*)(GtkCellRenderer *, GdkEvent *, GtkWidget *, const gchar *, const GdkRectangle *, const GdkRectangle *, GtkCellRendererState)’ {aka ‘int (*)(struct _GtkCellRenderer *, union _GdkEvent *, struct _GtkWidget *, const char *, const struct _cairo_rectangle_int *, const struct _cairo_rectangle_int *, GtkCellRendererState)’} from incompatible pointer type ‘gboolean (*)(GtkCellRenderer *, GdkEvent *, GtkWidget *, const gchar *, GdkRectangle *, GdkRectangle *, GtkCellRendererState)’ {aka ‘int (*)(struct _GtkCellRenderer *, union _GdkEvent *, struct _GtkWidget *, const char *, struct _cairo_rectangle_int *, struct _cairo_rectangle_int *, GtkCellRendererState)’} [-Wincompatible-pointer-types]
 6269 |         ((GtkCellRendererClass *) klass)->activate = (gboolean (*) (GtkCellRenderer*, GdkEvent*, GtkWidget*, const gchar*, GdkRectangle*, GdkRectangle*, GtkCellRendererState)) code_widgets_source_list_cell_renderer_icon_real_activate;
      |                                                    ^
src/io.elementary.code.p/Widgets/SourceList/SourceList.c:6227:1: note: ‘code_widgets_source_list_cell_renderer_icon_real_activate’ declared here
 6227 | code_widgets_source_list_cell_renderer_icon_real_activate (GtkCellRenderer* base,
      | ^~~~~~~~~~~~~~~~~~~~~~~~~~~~~~~~~~~~~~~~~~~~~~~~~~~~~~~~~
src/io.elementary.code.p/Widgets/SourceList/SourceList.c: In function ‘code_widgets_source_list_cell_renderer_spacer_real_get_request_mode’:
src/io.elementary.code.p/Widgets/SourceList/SourceList.c:6314:51: warning: variable ‘self’ set but not used [-Wunused-but-set-variable=]
 6314 |         CodeWidgetsSourceListCellRendererSpacer * self;
      |                                                   ^~~~
src/io.elementary.code.p/Widgets/SourceList/SourceList.c: In function ‘code_widgets_source_list_cell_renderer_spacer_real_render’:
src/io.elementary.code.p/Widgets/SourceList/SourceList.c:6380:51: warning: variable ‘self’ set but not used [-Wunused-but-set-variable=]
 6380 |         CodeWidgetsSourceListCellRendererSpacer * self;
      |                                                   ^~~~
src/io.elementary.code.p/Widgets/SourceList/SourceList.c: In function ‘code_widgets_source_list_cell_renderer_spacer_class_init’:
src/io.elementary.code.p/Widgets/SourceList/SourceList.c:6433:50: warning: assignment to ‘void (*)(GtkCellRenderer *, cairo_t *, GtkWidget *, const GdkRectangle *, const GdkRectangle *, GtkCellRendererState)’ {aka ‘void (*)(struct _GtkCellRenderer *, struct _cairo *, struct _GtkWidget *, const struct _cairo_rectangle_int *, const struct _cairo_rectangle_int *, GtkCellRendererState)’} from incompatible pointer type ‘void (*)(GtkCellRenderer *, cairo_t *, GtkWidget *, GdkRectangle *, GdkRectangle *, GtkCellRendererState)’ {aka ‘void (*)(struct _GtkCellRenderer *, struct _cairo *, struct _GtkWidget *, struct _cairo_rectangle_int *, struct _cairo_rectangle_int *, GtkCellRendererState)’} [-Wincompatible-pointer-types]
 6433 |         ((GtkCellRendererClass *) klass)->render = (void (*) (GtkCellRenderer*, cairo_t*, GtkWidget*, GdkRectangle*, GdkRectangle*, GtkCellRendererState)) code_widgets_source_list_cell_renderer_spacer_real_render;
      |                                                  ^
src/io.elementary.code.p/Widgets/SourceList/SourceList.c:6373:1: note: ‘code_widgets_source_list_cell_renderer_spacer_real_render’ declared here
 6373 | code_widgets_source_list_cell_renderer_spacer_real_render (GtkCellRenderer* base,
      | ^~~~~~~~~~~~~~~~~~~~~~~~~~~~~~~~~~~~~~~~~~~~~~~~~~~~~~~~~
src/io.elementary.code.p/Widgets/SourceList/SourceList.c: In function ‘code_widgets_source_list_cell_renderer_spacer_finalize’:
src/io.elementary.code.p/Widgets/SourceList/SourceList.c:6454:51: warning: variable ‘self’ set but not used [-Wunused-but-set-variable=]
 6454 |         CodeWidgetsSourceListCellRendererSpacer * self;
      |                                                   ^~~~
src/io.elementary.code.p/Widgets/SourceList/SourceList.c: In function ‘code_widgets_source_list_tree_real_drag_motion’:
src/io.elementary.code.p/Widgets/SourceList/SourceList.c:6579:33: warning: variable ‘suggested_pos’ set but not used [-Wunused-but-set-variable=]
 6579 |         GtkTreeViewDropPosition suggested_pos = 0;
      |                                 ^~~~~~~~~~~~~
src/io.elementary.code.p/Widgets/SourceList/SourceList.c: In function ‘code_widgets_source_list_tree_real_drag_data_received’:
src/io.elementary.code.p/Widgets/SourceList/SourceList.c:6712:33: warning: variable ‘pos’ set but not used [-Wunused-but-set-variable=]
 6712 |         GtkTreeViewDropPosition pos = 0;
      |                                 ^~~
src/io.elementary.code.p/Widgets/SourceList/SourceList.c: In function ‘code_widgets_source_list_tree_configure_drag_source’:
src/io.elementary.code.p/Widgets/SourceList/SourceList.c:6825:14: warning: variable ‘_entries_size_’ set but not used [-Wunused-but-set-variable=]
 6825 |         gint _entries_size_;
      |              ^~~~~~~~~~~~~~
src/io.elementary.code.p/Widgets/SourceList/SourceList.c: In function ‘code_widgets_source_list_tree_configure_drag_dest’:
src/io.elementary.code.p/Widgets/SourceList/SourceList.c:6846:14: warning: variable ‘_entries_size_’ set but not used [-Wunused-but-set-variable=]
 6846 |         gint _entries_size_;
      |              ^~~~~~~~~~~~~~
src/io.elementary.code.p/Widgets/SourceList/SourceList.c: In function ‘code_widgets_source_list_tree_append_row_target_entry’:
src/io.elementary.code.p/Widgets/SourceList/SourceList.c:7080:30: warning: unused variable ‘_target_entry_collection_size_’ [-Wunused-variable]
 7080 |                         gint _target_entry_collection_size_ = 0;
      |                              ^~~~~~~~~~~~~~~~~~~~~~~~~~~~~~
src/io.elementary.code.p/Widgets/SourceList/SourceList.c: In function ‘code_widgets_source_list_tree_real_button_release_event’:
src/io.elementary.code.p/Widgets/SourceList/SourceList.c:8036:22: warning: variable ‘cell_y’ set but not used [-Wunused-but-set-variable=]
 8036 |                 gint cell_y = 0;
      |                      ^~~~~~
src/io.elementary.code.p/Widgets/SourceList/SourceList.c:8035:22: warning: variable ‘cell_x’ set but not used [-Wunused-but-set-variable=]
 8035 |                 gint cell_x = 0;
      |                      ^~~~~~
src/io.elementary.code.p/Widgets/SourceList/SourceList.c: In function ‘code_widgets_source_list_tree_real_button_press_event’:
src/io.elementary.code.p/Widgets/SourceList/SourceList.c:8116:14: warning: variable ‘cell_y’ set but not used [-Wunused-but-set-variable=]
 8116 |         gint cell_y = 0;
      |              ^~~~~~
src/io.elementary.code.p/Widgets/SourceList/SourceList.c: In function ‘code_widgets_source_list_tree_class_init’:
src/io.elementary.code.p/Widgets/SourceList/SourceList.c:9478:31: warning: passing argument 1 of ‘g_param_spec_unref’ from incompatible pointer type [-Wincompatible-pointer-types]
 9478 |         _g_param_spec_unref0 (_tmp1_);
      |                               ^~~~~~
      |                               |
      |                               GParamSpecInt * {aka struct _GParamSpecInt *}
src/io.elementary.code.p/Widgets/SourceList/SourceList.c:352:87: note: in definition of macro ‘_g_param_spec_unref0’
  352 | #define _g_param_spec_unref0(var) ((var == NULL) ? NULL : (var = (g_param_spec_unref (var), NULL)))
      |                                                                                       ^~~
In file included from /usr/include/glib-2.0/gobject/gobject.h:28,
                 from /usr/include/glib-2.0/gobject/gbinding.h:31,
                 from /usr/include/glib-2.0/glib-object.h:24,
                 from src/io.elementary.code.p/Widgets/SourceList/SourceList.c:44:
/usr/include/glib-2.0/gobject/gparam.h:291:65: note: expected ‘GParamSpec *’ {aka ‘struct _GParamSpec *’} but argument is of type ‘GParamSpecInt *’ {aka ‘struct _GParamSpecInt *’}
  291 | void            g_param_spec_unref              (GParamSpec    *pspec);
      |                                                  ~~~~~~~~~~~~~~~^~~~~
src/io.elementary.code.p/Widgets/SourceList/SourceList.c:9482:31: warning: passing argument 1 of ‘g_param_spec_unref’ from incompatible pointer type [-Wincompatible-pointer-types]
 9482 |         _g_param_spec_unref0 (_tmp3_);
      |                               ^~~~~~
      |                               |
      |                               GParamSpecInt * {aka struct _GParamSpecInt *}
src/io.elementary.code.p/Widgets/SourceList/SourceList.c:352:87: note: in definition of macro ‘_g_param_spec_unref0’
  352 | #define _g_param_spec_unref0(var) ((var == NULL) ? NULL : (var = (g_param_spec_unref (var), NULL)))
      |                                                                                       ^~~
/usr/include/glib-2.0/gobject/gparam.h:291:65: note: expected ‘GParamSpec *’ {aka ‘struct _GParamSpec *’} but argument is of type ‘GParamSpecInt *’ {aka ‘struct _GParamSpecInt *’}
  291 | void            g_param_spec_unref              (GParamSpec    *pspec);
      |                                                  ~~~~~~~~~~~~~~~^~~~~
src/io.elementary.code.p/Widgets/SourceList/SourceList.c:9486:31: warning: passing argument 1 of ‘g_param_spec_unref’ from incompatible pointer type [-Wincompatible-pointer-types]
 9486 |         _g_param_spec_unref0 (_tmp5_);
      |                               ^~~~~~
      |                               |
      |                               GParamSpecInt * {aka struct _GParamSpecInt *}
src/io.elementary.code.p/Widgets/SourceList/SourceList.c:352:87: note: in definition of macro ‘_g_param_spec_unref0’
  352 | #define _g_param_spec_unref0(var) ((var == NULL) ? NULL : (var = (g_param_spec_unref (var), NULL)))
      |                                                                                       ^~~
/usr/include/glib-2.0/gobject/gparam.h:291:65: note: expected ‘GParamSpec *’ {aka ‘struct _GParamSpec *’} but argument is of type ‘GParamSpecInt *’ {aka ‘struct _GParamSpecInt *’}
  291 | void            g_param_spec_unref              (GParamSpec    *pspec);
      |                                                  ~~~~~~~~~~~~~~~^~~~~
src/io.elementary.code.p/Widgets/SourceList/SourceList.c: At top level:
src/io.elementary.code.p/Widgets/SourceList/SourceList.c:290:20: warning: ‘code_widgets_source_list_cell_renderer_icon_properties’ defined but not used [-Wunused-variable]
  290 | static GParamSpec* code_widgets_source_list_cell_renderer_icon_properties[CODE_WIDGETS_SOURCE_LIST_CELL_RENDERER_ICON_NUM_PROPERTIES];
      |                    ^~~~~~~~~~~~~~~~~~~~~~~~~~~~~~~~~~~~~~~~~~~~~~~~~~~~~~
[340/379] Compiling C object src/io.elementary.code.p/meson-generated_SymbolPane_SymbolOutline.c.o
src/io.elementary.code.p/SymbolPane/SymbolOutline.c: In function ‘_scratch_services_symbol_outline_filter_func_code_widgets_source_list_visible_func’:
src/io.elementary.code.p/SymbolPane/SymbolOutline.c:1041:101: warning: passing argument 2 of ‘scratch_services_symbol_outline_filter_func’ from incompatible pointer type [-Wincompatible-pointer-types]
 1041 |         result = scratch_services_symbol_outline_filter_func ((ScratchServicesSymbolOutline*) self, item);
      |                                                                                                     ^~~~
      |                                                                                                     |
      |                                                                                                     CodeWidgetsSourceListItem * {aka struct _CodeWidgetsSourceListItem *}
src/io.elementary.code.p/SymbolPane/SymbolOutline.c:632:55: note: expected ‘GObject *’ {aka ‘struct _GObject *’} but argument is of type ‘CodeWidgetsSourceListItem *’ {aka ‘struct _CodeWidgetsSourceListItem *’}
  632 |                                              GObject* item)
      |                                              ~~~~~~~~~^~~~
src/io.elementary.code.p/SymbolPane/SymbolOutline.c: In function ‘scratch_services_symbol_outline_constructor’:
src/io.elementary.code.p/SymbolPane/SymbolOutline.c:1193:22: warning: unused variable ‘_filter_collection_size_’ [-Wunused-variable]
 1193 |                 gint _filter_collection_size_ = 0;
      |                      ^~~~~~~~~~~~~~~~~~~~~~~~
[341/379] Compiling C object plugins/highlight-word-selection/libhighlight-word-selection.so.p/meson-generated_highlight-word-selection.c.o
In file included from src/codecore.h:17,
                 from plugins/highlight-word-selection/highlight-word-selection.h:7,
                 from plugins/highlight-word-selection/libhighlight-word-selection.so.p/highlight-word-selection.c:6:
/usr/include/granite/granite.h:2118:1: warning: ‘GraniteTextStyle’ is deprecated [-Wdeprecated-declarations]
 2118 | VALA_EXTERN gchar* granite_text_style_get_stylesheet (GraniteTextStyle self,
      | ^~~~~~~~~~~
/usr/include/granite/granite.h:632:15: note: declared here
  632 | typedef enum  {
      |               ^
/usr/include/granite/granite.h:2138:1: warning: ‘GraniteTextStyle’ is deprecated [-Wdeprecated-declarations]
 2138 | VALA_EXTERN void granite_widgets_utils_apply_text_style_to_label (GraniteTextStyle text_style,
      | ^~~~~~~~~~~
/usr/include/granite/granite.h:632:15: note: declared here
  632 | typedef enum  {
      |               ^
plugins/highlight-word-selection/libhighlight-word-selection.so.p/highlight-word-selection.c: In function ‘scratch_plugins_highlight_selected_words_real_update_state’:
plugins/highlight-word-selection/libhighlight-word-selection.so.p/highlight-word-selection.c:107:48: warning: variable ‘self’ set but not used [-Wunused-but-set-variable=]
  107 |         ScratchPluginsHighlightSelectedWords * self;
      |                                                ^~~~
src/codecore.h: At top level:
src/codecore.h:1505:13: warning: ‘scratch_application_main’ declared ‘static’ but never defined [-Wunused-function]
 1505 | static gint scratch_application_main (gchar** args,
      |             ^~~~~~~~~~~~~~~~~~~~~~~~
[342/379] Compiling C object src/io.elementary.code.p/meson-generated_Widgets_SourceView.c.o
In file included from src/io.elementary.code.p/Widgets/SourceView.c:32:
/usr/include/granite/granite.h:2118:1: warning: ‘GraniteTextStyle’ is deprecated [-Wdeprecated-declarations]
 2118 | VALA_EXTERN gchar* granite_text_style_get_stylesheet (GraniteTextStyle self,
      | ^~~~~~~~~~~
/usr/include/granite/granite.h:632:15: note: declared here
  632 | typedef enum  {
      |               ^
/usr/include/granite/granite.h:2138:1: warning: ‘GraniteTextStyle’ is deprecated [-Wdeprecated-declarations]
 2138 | VALA_EXTERN void granite_widgets_utils_apply_text_style_to_label (GraniteTextStyle text_style,
      | ^~~~~~~~~~~
/usr/include/granite/granite.h:632:15: note: declared here
  632 | typedef enum  {
      |               ^
src/io.elementary.code.p/Widgets/SourceView.c: In function ‘scratch_widgets_source_view_get_selected_line_count’:
src/io.elementary.code.p/Widgets/SourceView.c:1077:25: warning: variable ‘_tmp13_’ set but not used [-Wunused-but-set-variable=]
 1077 |                 gchar** _tmp13_;
      |                         ^~~~~~~
src/io.elementary.code.p/Widgets/SourceView.c:1076:22: warning: variable ‘_lines_size_’ set but not used [-Wunused-but-set-variable=]
 1076 |                 gint _lines_size_;
      |                      ^~~~~~~~~~~~
src/io.elementary.code.p/Widgets/SourceView.c: In function ‘scratch_widgets_source_view_sort_selected_lines’:
src/io.elementary.code.p/Widgets/SourceView.c:1639:54: warning: variable ‘_tmp21__length1’ set but not used [-Wunused-but-set-variable=]
 1639 |                                                 gint _tmp21__length1;
      |                                                      ^~~~~~~~~~~~~~~
src/io.elementary.code.p/Widgets/SourceView.c:1636:54: warning: variable ‘_tmp19__length1’ set but not used [-Wunused-but-set-variable=]
 1636 |                                                 gint _tmp19__length1;
      |                                                      ^~~~~~~~~~~~~~~
src/io.elementary.code.p/Widgets/SourceView.c:1671:62: warning: variable ‘_tmp30__length1’ set but not used [-Wunused-but-set-variable=]
 1671 |                                                         gint _tmp30__length1;
      |                                                              ^~~~~~~~~~~~~~~
src/io.elementary.code.p/Widgets/SourceView.c:1668:62: warning: variable ‘_tmp28__length1’ set but not used [-Wunused-but-set-variable=]
 1668 |                                                         gint _tmp28__length1;
      |                                                              ^~~~~~~~~~~~~~~
src/io.elementary.code.p/Widgets/SourceView.c:1656:57: warning: variable ‘_tmp26_’ set but not used [-Wunused-but-set-variable=]
 1656 |                                                 gchar** _tmp26_;
      |                                                         ^~~~~~~
src/io.elementary.code.p/Widgets/SourceView.c:1620:49: warning: variable ‘_tmp17_’ set but not used [-Wunused-but-set-variable=]
 1620 |                                         gchar** _tmp17_;
      |                                                 ^~~~~~~
src/io.elementary.code.p/Widgets/SourceView.c:1618:49: warning: variable ‘_tmp16_’ set but not used [-Wunused-but-set-variable=]
 1618 |                                         gchar** _tmp16_;
      |                                                 ^~~~~~~
src/io.elementary.code.p/Widgets/SourceView.c:1737:25: warning: assignment to ‘gchar **’ {aka ‘char **’} from incompatible pointer type ‘void **’ [-Wincompatible-pointer-types]
 1737 |                 _tmp53_ = _tmp52_;
      |                         ^
src/io.elementary.code.p/Widgets/SourceView.c:1562:25: warning: variable ‘_tmp13_’ set but not used [-Wunused-but-set-variable=]
 1562 |                 gchar** _tmp13_;
      |                         ^~~~~~~
src/io.elementary.code.p/Widgets/SourceView.c:1561:22: warning: variable ‘_lines_size_’ set but not used [-Wunused-but-set-variable=]
 1561 |                 gint _lines_size_;
      |                      ^~~~~~~~~~~~
[343/379] Compiling C object plugins/detect-indent/libdetect-indent.so.p/meson-generated_detect-indent.c.o
In file included from src/codecore.h:17,
                 from plugins/detect-indent/detect-indent.h:7,
                 from plugins/detect-indent/libdetect-indent.so.p/detect-indent.c:11:
/usr/include/granite/granite.h:2118:1: warning: ‘GraniteTextStyle’ is deprecated [-Wdeprecated-declarations]
 2118 | VALA_EXTERN gchar* granite_text_style_get_stylesheet (GraniteTextStyle self,
      | ^~~~~~~~~~~
/usr/include/granite/granite.h:632:15: note: declared here
  632 | typedef enum  {
      |               ^
/usr/include/granite/granite.h:2138:1: warning: ‘GraniteTextStyle’ is deprecated [-Wdeprecated-declarations]
 2138 | VALA_EXTERN void granite_widgets_utils_apply_text_style_to_label (GraniteTextStyle text_style,
      | ^~~~~~~~~~~
/usr/include/granite/granite.h:632:15: note: declared here
  632 | typedef enum  {
      |               ^
plugins/detect-indent/libdetect-indent.so.p/detect-indent.c: In function ‘scratch_plugins_detect_indent_real_update_state’:
plugins/detect-indent/libdetect-indent.so.p/detect-indent.c:79:38: warning: variable ‘self’ set but not used [-Wunused-but-set-variable=]
   79 |         ScratchPluginsDetectIndent * self;
      |                                      ^~~~
plugins/detect-indent/libdetect-indent.so.p/detect-indent.c: In function ‘scratch_plugins_detect_indent_real_deactivate’:
plugins/detect-indent/libdetect-indent.so.p/detect-indent.c:341:38: warning: variable ‘self’ set but not used [-Wunused-but-set-variable=]
  341 |         ScratchPluginsDetectIndent * self;
      |                                      ^~~~
src/codecore.h: At top level:
src/codecore.h:1505:13: warning: ‘scratch_application_main’ declared ‘static’ but never defined [-Wunused-function]
 1505 | static gint scratch_application_main (gchar** args,
      |             ^~~~~~~~~~~~~~~~~~~~~~~~
[344/379] Compiling C object src/io.elementary.code.p/meson-generated_SymbolPane_C_CtagsSymbolOutline.c.o
src/io.elementary.code.p/SymbolPane/C/CtagsSymbolOutline.c: In function ‘scratch_services_ctags_symbol_outline_parse_output_finish’:
src/io.elementary.code.p/SymbolPane/C/CtagsSymbolOutline.c:811:59: warning: variable ‘_data_’ set but not used [-Wunused-but-set-variable=]
  811 |         ScratchServicesCtagsSymbolOutlineParseOutputData* _data_;
      |                                                           ^~~~~~
src/io.elementary.code.p/SymbolPane/C/CtagsSymbolOutline.c: At top level:
src/io.elementary.code.p/SymbolPane/C/CtagsSymbolOutline.c:808:1: warning: ‘scratch_services_ctags_symbol_outline_parse_output_finish’ defined but not used [-Wunused-function]
  808 | scratch_services_ctags_symbol_outline_parse_output_finish (ScratchServicesCtagsSymbolOutline* self,
      | ^~~~~~~~~~~~~~~~~~~~~~~~~~~~~~~~~~~~~~~~~~~~~~~~~~~~~~~~~
src/io.elementary.code.p/SymbolPane/C/CtagsSymbolOutline.c:121:20: warning: ‘scratch_services_ctags_symbol_outline_properties’ defined but not used [-Wunused-variable]
  121 | static GParamSpec* scratch_services_ctags_symbol_outline_properties[SCRATCH_SERVICES_CTAGS_SYMBOL_OUTLINE_NUM_PROPERTIES];
      |                    ^~~~~~~~~~~~~~~~~~~~~~~~~~~~~~~~~~~~~~~~~~~~~~~~
[345/379] Compiling C object plugins/editorconfig/libeditorconfig.so.p/meson-generated_editorconfig.c.o
In file included from src/codecore.h:17,
                 from plugins/editorconfig/editorconfig.h:7,
                 from plugins/editorconfig/libeditorconfig.so.p/editorconfig.c:23:
/usr/include/granite/granite.h:2118:1: warning: ‘GraniteTextStyle’ is deprecated [-Wdeprecated-declarations]
 2118 | VALA_EXTERN gchar* granite_text_style_get_stylesheet (GraniteTextStyle self,
      | ^~~~~~~~~~~
/usr/include/granite/granite.h:632:15: note: declared here
  632 | typedef enum  {
      |               ^
/usr/include/granite/granite.h:2138:1: warning: ‘GraniteTextStyle’ is deprecated [-Wdeprecated-declarations]
 2138 | VALA_EXTERN void granite_widgets_utils_apply_text_style_to_label (GraniteTextStyle text_style,
      | ^~~~~~~~~~~
/usr/include/granite/granite.h:632:15: note: declared here
  632 | typedef enum  {
      |               ^
plugins/editorconfig/libeditorconfig.so.p/editorconfig.c: In function ‘scratch_plugins_editor_config_plugin_real_update_state’:
plugins/editorconfig/libeditorconfig.so.p/editorconfig.c:162:44: warning: variable ‘self’ set but not used [-Wunused-but-set-variable=]
  162 |         ScratchPluginsEditorConfigPlugin * self;
      |                                            ^~~~
plugins/editorconfig/libeditorconfig.so.p/editorconfig.c: In function ‘scratch_plugins_editor_config_plugin_update_config_finish’:
plugins/editorconfig/libeditorconfig.so.p/editorconfig.c:264:59: warning: variable ‘_data_’ set but not used [-Wunused-but-set-variable=]
  264 |         ScratchPluginsEditorConfigPluginUpdateConfigData* _data_;
      |                                                           ^~~~~~
plugins/editorconfig/libeditorconfig.so.p/editorconfig.c: In function ‘scratch_plugins_editor_config_plugin_real_deactivate’:
plugins/editorconfig/libeditorconfig.so.p/editorconfig.c:466:44: warning: variable ‘self’ set but not used [-Wunused-but-set-variable=]
  466 |         ScratchPluginsEditorConfigPlugin * self;
      |                                            ^~~~
src/codecore.h: At top level:
src/codecore.h:1505:13: warning: ‘scratch_application_main’ declared ‘static’ but never defined [-Wunused-function]
 1505 | static gint scratch_application_main (gchar** args,
      |             ^~~~~~~~~~~~~~~~~~~~~~~~
plugins/editorconfig/libeditorconfig.so.p/editorconfig.c:261:1: warning: ‘scratch_plugins_editor_config_plugin_update_config_finish’ defined but not used [-Wunused-function]
  261 | scratch_plugins_editor_config_plugin_update_config_finish (ScratchPluginsEditorConfigPlugin* self,
      | ^~~~~~~~~~~~~~~~~~~~~~~~~~~~~~~~~~~~~~~~~~~~~~~~~~~~~~~~~
[346/379] Compiling C object plugins/markdown-actions/libmarkdown-actions.so.p/meson-generated_markdown-actions.c.o
In file included from src/codecore.h:17,
                 from plugins/markdown-actions/markdown-actions.h:7,
                 from plugins/markdown-actions/libmarkdown-actions.so.p/markdown-actions.c:6:
/usr/include/granite/granite.h:2118:1: warning: ‘GraniteTextStyle’ is deprecated [-Wdeprecated-declarations]
 2118 | VALA_EXTERN gchar* granite_text_style_get_stylesheet (GraniteTextStyle self,
      | ^~~~~~~~~~~
/usr/include/granite/granite.h:632:15: note: declared here
  632 | typedef enum  {
      |               ^
/usr/include/granite/granite.h:2138:1: warning: ‘GraniteTextStyle’ is deprecated [-Wdeprecated-declarations]
 2138 | VALA_EXTERN void granite_widgets_utils_apply_text_style_to_label (GraniteTextStyle text_style,
      | ^~~~~~~~~~~
/usr/include/granite/granite.h:632:15: note: declared here
  632 | typedef enum  {
      |               ^
plugins/markdown-actions/libmarkdown-actions.so.p/markdown-actions.c: In function ‘code_plugins_markdown_actions_real_update_state’:
plugins/markdown-actions/libmarkdown-actions.so.p/markdown-actions.c:116:38: warning: variable ‘self’ set but not used [-Wunused-but-set-variable=]
  116 |         CodePluginsMarkdownActions * self;
      |                                      ^~~~
plugins/markdown-actions/libmarkdown-actions.so.p/markdown-actions.c: In function ‘_code_plugins_markdown_actions_shortcut_handler_gtk_event_controller_key_key_pressed’:
plugins/markdown-actions/libmarkdown-actions.so.p/markdown-actions.c:179:102: warning: passing argument 2 of ‘code_plugins_markdown_actions_shortcut_handler’ from incompatible pointer type [-Wincompatible-pointer-types]
  179 |         result = code_plugins_markdown_actions_shortcut_handler ((CodePluginsMarkdownActions*) self, _sender, keyval, keycode, state);
      |                                                                                                      ^~~~~~~
      |                                                                                                      |
      |                                                                                                      GtkEventControllerKey * {aka struct _GtkEventControllerKey *}
plugins/markdown-actions/libmarkdown-actions.so.p/markdown-actions.c:67:78: note: expected ‘GtkEventController *’ {aka ‘struct _GtkEventController *’} but argument is of type ‘GtkEventControllerKey *’ {aka ‘struct _GtkEventControllerKey *’}
   67 |                                                          GtkEventController* controller,
      |                                                          ~~~~~~~~~~~~~~~~~~~~^~~~~~~~~~
src/codecore.h: At top level:
src/codecore.h:1505:13: warning: ‘scratch_application_main’ declared ‘static’ but never defined [-Wunused-function]
 1505 | static gint scratch_application_main (gchar** args,
      |             ^~~~~~~~~~~~~~~~~~~~~~~~
[347/379] Compiling C object plugins/vim-emulation/libvim-emulation.so.p/meson-generated_vim-emulation.c.o
In file included from src/codecore.h:17,
                 from plugins/vim-emulation/vim-emulation.h:7,
                 from plugins/vim-emulation/libvim-emulation.so.p/vim-emulation.c:6:
/usr/include/granite/granite.h:2118:1: warning: ‘GraniteTextStyle’ is deprecated [-Wdeprecated-declarations]
 2118 | VALA_EXTERN gchar* granite_text_style_get_stylesheet (GraniteTextStyle self,
      | ^~~~~~~~~~~
/usr/include/granite/granite.h:632:15: note: declared here
  632 | typedef enum  {
      |               ^
/usr/include/granite/granite.h:2138:1: warning: ‘GraniteTextStyle’ is deprecated [-Wdeprecated-declarations]
 2138 | VALA_EXTERN void granite_widgets_utils_apply_text_style_to_label (GraniteTextStyle text_style,
      | ^~~~~~~~~~~
/usr/include/granite/granite.h:632:15: note: declared here
  632 | typedef enum  {
      |               ^
plugins/vim-emulation/libvim-emulation.so.p/vim-emulation.c: In function ‘scratch_plugins_vim_emulation_real_update_state’:
plugins/vim-emulation/libvim-emulation.so.p/vim-emulation.c:128:38: warning: variable ‘self’ set but not used [-Wunused-but-set-variable=]
  128 |         ScratchPluginsVimEmulation * self;
      |                                      ^~~~
plugins/vim-emulation/libvim-emulation.so.p/vim-emulation.c: In function ‘_scratch_plugins_vim_emulation_handle_key_press_gtk_event_controller_key_key_pressed’:
plugins/vim-emulation/libvim-emulation.so.p/vim-emulation.c:174:102: warning: passing argument 2 of ‘scratch_plugins_vim_emulation_handle_key_press’ from incompatible pointer type [-Wincompatible-pointer-types]
  174 |         result = scratch_plugins_vim_emulation_handle_key_press ((ScratchPluginsVimEmulation*) self, _sender, keyval, keycode, state);
      |                                                                                                      ^~~~~~~
      |                                                                                                      |
      |                                                                                                      GtkEventControllerKey * {aka struct _GtkEventControllerKey *}
plugins/vim-emulation/libvim-emulation.so.p/vim-emulation.c:69:78: note: expected ‘GtkEventController *’ {aka ‘struct _GtkEventController *’} but argument is of type ‘GtkEventControllerKey *’ {aka ‘struct _GtkEventControllerKey *’}
   69 |                                                          GtkEventController* controller,
      |                                                          ~~~~~~~~~~~~~~~~~~~~^~~~~~~~~~
plugins/vim-emulation/libvim-emulation.so.p/vim-emulation.c: In function ‘scratch_plugins_vim_emulation_real_deactivate’:
plugins/vim-emulation/libvim-emulation.so.p/vim-emulation.c:223:38: warning: variable ‘self’ set but not used [-Wunused-but-set-variable=]
  223 |         ScratchPluginsVimEmulation * self;
      |                                      ^~~~
plugins/vim-emulation/libvim-emulation.so.p/vim-emulation.c: In function ‘scratch_plugins_vim_emulation_handle_key_press’:
plugins/vim-emulation/libvim-emulation.so.p/vim-emulation.c:521:37: warning: variable ‘end’ set but not used [-Wunused-but-set-variable=]
  521 |                         GtkTextIter end = {0};
      |                                     ^~~
plugins/vim-emulation/libvim-emulation.so.p/vim-emulation.c: In function ‘scratch_plugins_vim_emulation_move_paragraph’:
plugins/vim-emulation/libvim-emulation.so.p/vim-emulation.c:726:21: warning: variable ‘end’ set but not used [-Wunused-but-set-variable=]
  726 |         GtkTextIter end = {0};
      |                     ^~~
src/codecore.h: At top level:
src/codecore.h:1505:13: warning: ‘scratch_application_main’ declared ‘static’ but never defined [-Wunused-function]
 1505 | static gint scratch_application_main (gchar** args,
      |             ^~~~~~~~~~~~~~~~~~~~~~~~
[348/379] Compiling C object plugins/preserve-indent/libpreserve-indent.so.p/meson-generated_preserve-indent.c.o
In file included from src/codecore.h:17,
                 from plugins/preserve-indent/preserve-indent.h:7,
                 from plugins/preserve-indent/libpreserve-indent.so.p/preserve-indent.c:6:
/usr/include/granite/granite.h:2118:1: warning: ‘GraniteTextStyle’ is deprecated [-Wdeprecated-declarations]
 2118 | VALA_EXTERN gchar* granite_text_style_get_stylesheet (GraniteTextStyle self,
      | ^~~~~~~~~~~
/usr/include/granite/granite.h:632:15: note: declared here
  632 | typedef enum  {
      |               ^
/usr/include/granite/granite.h:2138:1: warning: ‘GraniteTextStyle’ is deprecated [-Wdeprecated-declarations]
 2138 | VALA_EXTERN void granite_widgets_utils_apply_text_style_to_label (GraniteTextStyle text_style,
      | ^~~~~~~~~~~
/usr/include/granite/granite.h:632:15: note: declared here
  632 | typedef enum  {
      |               ^
plugins/preserve-indent/libpreserve-indent.so.p/preserve-indent.c: In function ‘scratch_plugins_preserve_indent_real_update_state’:
plugins/preserve-indent/libpreserve-indent.so.p/preserve-indent.c:236:40: warning: variable ‘self’ set but not used [-Wunused-but-set-variable=]
  236 |         ScratchPluginsPreserveIndent * self;
      |                                        ^~~~
plugins/preserve-indent/libpreserve-indent.so.p/preserve-indent.c: In function ‘scratch_plugins_preserve_indent_measure_indent_at_iter’:
plugins/preserve-indent/libpreserve-indent.so.p/preserve-indent.c:288:30: warning: variable ‘_tmp7_’ set but not used [-Wunused-but-set-variable=]
  288 |                         gint _tmp7_;
      |                              ^~~~~~
plugins/preserve-indent/libpreserve-indent.so.p/preserve-indent.c: In function ‘scratch_plugins_preserve_indent_on_cut_or_copy_clipboard’:
plugins/preserve-indent/libpreserve-indent.so.p/preserve-indent.c:311:21: warning: variable ‘select_end’ set but not used [-Wunused-but-set-variable=]
  311 |         GtkTextIter select_end = {0};
      |                     ^~~~~~~~~~
plugins/preserve-indent/libpreserve-indent.so.p/preserve-indent.c: In function ‘scratch_plugins_preserve_indent_increase_indent_in_region’:
plugins/preserve-indent/libpreserve-indent.so.p/preserve-indent.c:656:46: warning: variable ‘_tmp18_’ set but not used [-Wunused-but-set-variable=]
  656 |                                         gint _tmp18_;
      |                                              ^~~~~~~
plugins/preserve-indent/libpreserve-indent.so.p/preserve-indent.c: In function ‘scratch_plugins_preserve_indent_decrease_indent_in_region’:
plugins/preserve-indent/libpreserve-indent.so.p/preserve-indent.c:757:46: warning: variable ‘_tmp10_’ set but not used [-Wunused-but-set-variable=]
  757 |                                         gint _tmp10_;
      |                                              ^~~~~~~
plugins/preserve-indent/libpreserve-indent.so.p/preserve-indent.c:789:54: warning: variable ‘_tmp16_’ set but not used [-Wunused-but-set-variable=]
  789 |                                                 gint _tmp16_;
      |                                                      ^~~~~~~
plugins/preserve-indent/libpreserve-indent.so.p/preserve-indent.c:788:54: warning: variable ‘_tmp15_’ set but not used [-Wunused-but-set-variable=]
  788 |                                                 gint _tmp15_;
      |                                                      ^~~~~~~
plugins/preserve-indent/libpreserve-indent.so.p/preserve-indent.c:796:62: warning: variable ‘_tmp17_’ set but not used [-Wunused-but-set-variable=]
  796 |                                                         gint _tmp17_;
      |                                                              ^~~~~~~
src/codecore.h: At top level:
src/codecore.h:1505:13: warning: ‘scratch_application_main’ declared ‘static’ but never defined [-Wunused-function]
 1505 | static gint scratch_application_main (gchar** args,
      |             ^~~~~~~~~~~~~~~~~~~~~~~~
[349/379] Compiling C object plugins/brackets-completion/libbrackets-completion.so.p/meson-generated_brackets-completion.c.o
In file included from src/codecore.h:17,
                 from plugins/brackets-completion/brackets-completion.h:7,
                 from plugins/brackets-completion/libbrackets-completion.so.p/brackets-completion.c:10:
/usr/include/granite/granite.h:2118:1: warning: ‘GraniteTextStyle’ is deprecated [-Wdeprecated-declarations]
 2118 | VALA_EXTERN gchar* granite_text_style_get_stylesheet (GraniteTextStyle self,
      | ^~~~~~~~~~~
/usr/include/granite/granite.h:632:15: note: declared here
  632 | typedef enum  {
      |               ^
/usr/include/granite/granite.h:2138:1: warning: ‘GraniteTextStyle’ is deprecated [-Wdeprecated-declarations]
 2138 | VALA_EXTERN void granite_widgets_utils_apply_text_style_to_label (GraniteTextStyle text_style,
      | ^~~~~~~~~~~
/usr/include/granite/granite.h:632:15: note: declared here
  632 | typedef enum  {
      |               ^
plugins/brackets-completion/libbrackets-completion.so.p/brackets-completion.c:101:45: warning: duplicate ‘const’ declaration specifier [-Wduplicate-decl-specifier]
  101 |                                       const const gchar* needle);
      |                                             ^~~~~
plugins/brackets-completion/libbrackets-completion.so.p/brackets-completion.c: In function ‘scratch_plugins_brackets_completion_real_update_state’:
plugins/brackets-completion/libbrackets-completion.so.p/brackets-completion.c:254:44: warning: variable ‘self’ set but not used [-Wunused-but-set-variable=]
  254 |         ScratchPluginsBracketsCompletion * self;
      |                                            ^~~~
plugins/brackets-completion/libbrackets-completion.so.p/brackets-completion.c: At top level:
plugins/brackets-completion/libbrackets-completion.so.p/brackets-completion.c:611:36: warning: duplicate ‘const’ declaration specifier [-Wduplicate-decl-specifier]
  611 |                              const const gchar* needle)
      |                                    ^~~~~
src/codecore.h:1505:13: warning: ‘scratch_application_main’ declared ‘static’ but never defined [-Wunused-function]
 1505 | static gint scratch_application_main (gchar** args,
      |             ^~~~~~~~~~~~~~~~~~~~~~~~
[350/379] Compiling C object src/io.elementary.code.p/meson-generated_Widgets_SearchBar.c.o
In file included from src/io.elementary.code.p/Widgets/SearchBar.c:28:
/usr/include/granite/granite.h:2118:1: warning: ‘GraniteTextStyle’ is deprecated [-Wdeprecated-declarations]
 2118 | VALA_EXTERN gchar* granite_text_style_get_stylesheet (GraniteTextStyle self,
      | ^~~~~~~~~~~
/usr/include/granite/granite.h:632:15: note: declared here
  632 | typedef enum  {
      |               ^
/usr/include/granite/granite.h:2138:1: warning: ‘GraniteTextStyle’ is deprecated [-Wdeprecated-declarations]
 2138 | VALA_EXTERN void granite_widgets_utils_apply_text_style_to_label (GraniteTextStyle text_style,
      | ^~~~~~~~~~~
/usr/include/granite/granite.h:632:15: note: declared here
  632 | typedef enum  {
      |               ^
src/io.elementary.code.p/Widgets/SearchBar.c: In function ‘scratch_widgets_search_bar_has_matches’:
src/io.elementary.code.p/Widgets/SearchBar.c:945:18: warning: variable ‘has_wrapped_around’ set but not used [-Wunused-but-set-variable=]
  945 |         gboolean has_wrapped_around = FALSE;
      |                  ^~~~~~~~~~~~~~~~~~
src/io.elementary.code.p/Widgets/SearchBar.c: In function ‘scratch_widgets_search_bar_constructor’:
src/io.elementary.code.p/Widgets/SearchBar.c:2457:47: warning: passing argument 2 of ‘gtk_menu_button_set_popover’ from incompatible pointer type [-Wincompatible-pointer-types]
 2457 |         gtk_menu_button_set_popover (_tmp65_, _tmp63_);
      |                                               ^~~~~~~
      |                                               |
      |                                               GtkPopover * {aka struct _GtkPopover *}
In file included from /usr/include/gtk-3.0/gtk/gtk.h:146,
                 from src/io.elementary.code.p/Widgets/SearchBar.c:26:
/usr/include/gtk-3.0/gtk/gtkmenubutton.h:77:61: note: expected ‘GtkWidget *’ {aka ‘struct _GtkWidget *’} but argument is of type ‘GtkPopover *’ {aka ‘struct _GtkPopover *’}
   77 |                                              GtkWidget     *popover);
      |                                              ~~~~~~~~~~~~~~~^~~~~~~
[351/379] Compiling C object plugins/word-completion/libword-completion.so.p/meson-generated_prefix-tree-node.c.o
In file included from src/codecore.h:17,
                 from plugins/word-completion/word-completion.h:12,
                 from plugins/word-completion/libword-completion.so.p/prefix-tree-node.c:25:
/usr/include/granite/granite.h:2118:1: warning: ‘GraniteTextStyle’ is deprecated [-Wdeprecated-declarations]
 2118 | VALA_EXTERN gchar* granite_text_style_get_stylesheet (GraniteTextStyle self,
      | ^~~~~~~~~~~
/usr/include/granite/granite.h:632:15: note: declared here
  632 | typedef enum  {
      |               ^
/usr/include/granite/granite.h:2138:1: warning: ‘GraniteTextStyle’ is deprecated [-Wdeprecated-declarations]
 2138 | VALA_EXTERN void granite_widgets_utils_apply_text_style_to_label (GraniteTextStyle text_style,
      | ^~~~~~~~~~~
/usr/include/granite/granite.h:632:15: note: declared here
  632 | typedef enum  {
      |               ^
src/codecore.h:1505:13: warning: ‘scratch_application_main’ declared ‘static’ but never defined [-Wunused-function]
 1505 | static gint scratch_application_main (gchar** args,
      |             ^~~~~~~~~~~~~~~~~~~~~~~~
[352/379] Compiling C object plugins/spell/libspell.so.p/meson-generated_spell.c.o
In file included from src/codecore.h:17,
                 from plugins/spell/spell.h:7,
                 from plugins/spell/libspell.so.p/spell.c:22:
/usr/include/granite/granite.h:2118:1: warning: ‘GraniteTextStyle’ is deprecated [-Wdeprecated-declarations]
 2118 | VALA_EXTERN gchar* granite_text_style_get_stylesheet (GraniteTextStyle self,
      | ^~~~~~~~~~~
/usr/include/granite/granite.h:632:15: note: declared here
  632 | typedef enum  {
      |               ^
/usr/include/granite/granite.h:2138:1: warning: ‘GraniteTextStyle’ is deprecated [-Wdeprecated-declarations]
 2138 | VALA_EXTERN void granite_widgets_utils_apply_text_style_to_label (GraniteTextStyle text_style,
      | ^~~~~~~~~~~
/usr/include/granite/granite.h:632:15: note: declared here
  632 | typedef enum  {
      |               ^
plugins/spell/libspell.so.p/spell.c: In function ‘scratch_plugins_spell_real_update_state’:
plugins/spell/libspell.so.p/spell.c:146:31: warning: variable ‘self’ set but not used [-Wunused-but-set-variable=]
  146 |         ScratchPluginsSpell * self;
      |                               ^~~~
plugins/spell/libspell.so.p/spell.c: In function ‘block2_data_unref’:
plugins/spell/libspell.so.p/spell.c:210:38: warning: variable ‘self’ set but not used [-Wunused-but-set-variable=]
  210 |                 ScratchPluginsSpell* self;
      |                                      ^~~~
plugins/spell/libspell.so.p/spell.c: In function ‘_____lambda5_’:
plugins/spell/libspell.so.p/spell.c:223:30: warning: variable ‘self’ set but not used [-Wunused-but-set-variable=]
  223 |         ScratchPluginsSpell* self;
      |                              ^~~~
src/codecore.h: At top level:
src/codecore.h:1505:13: warning: ‘scratch_application_main’ declared ‘static’ but never defined [-Wunused-function]
 1505 | static gint scratch_application_main (gchar** args,
      |             ^~~~~~~~~~~~~~~~~~~~~~~~
[353/379] Compiling C object plugins/pastebin/libpastebin.so.p/meson-generated_pastebin.c.o
In file included from plugins/pastebin/pastebin.h:6,
                 from plugins/pastebin/libpastebin.so.p/pastebin.c:6:
/usr/include/granite/granite.h:2118:1: warning: ‘GraniteTextStyle’ is deprecated [-Wdeprecated-declarations]
 2118 | VALA_EXTERN gchar* granite_text_style_get_stylesheet (GraniteTextStyle self,
      | ^~~~~~~~~~~
/usr/include/granite/granite.h:632:15: note: declared here
  632 | typedef enum  {
      |               ^
/usr/include/granite/granite.h:2138:1: warning: ‘GraniteTextStyle’ is deprecated [-Wdeprecated-declarations]
 2138 | VALA_EXTERN void granite_widgets_utils_apply_text_style_to_label (GraniteTextStyle text_style,
      | ^~~~~~~~~~~
/usr/include/granite/granite.h:632:15: note: declared here
  632 | typedef enum  {
      |               ^
plugins/pastebin/libpastebin.so.p/pastebin.c: In function ‘string_get_data’:
plugins/pastebin/libpastebin.so.p/pastebin.c:106:14: warning: variable ‘_res_size_’ set but not used [-Wunused-but-set-variable=]
  106 |         gint _res_size_;
      |              ^~~~~~~~~~
plugins/pastebin/libpastebin.so.p/pastebin.c: In function ‘scratch_services_paste_bin_submit’:
plugins/pastebin/libpastebin.so.p/pastebin.c:265:17: warning: assignment discards ‘const’ qualifier from pointer target type [-Wdiscarded-qualifiers]
  265 |         _tmp24_ = g_bytes_get_data (_tmp22_, &_tmp23_);
      |                 ^
plugins/pastebin/libpastebin.so.p/pastebin.c: In function ‘scratch_plugins_pastebin_real_update_state’:
plugins/pastebin/libpastebin.so.p/pastebin.c:376:34: warning: variable ‘self’ set but not used [-Wunused-but-set-variable=]
  376 |         ScratchPluginsPastebin * self;
      |                                  ^~~~
In file included from plugins/pastebin/pastebin.h:12:
src/codecore.h: At top level:
src/codecore.h:1505:13: warning: ‘scratch_application_main’ declared ‘static’ but never defined [-Wunused-function]
 1505 | static gint scratch_application_main (gchar** args,
      |             ^~~~~~~~~~~~~~~~~~~~~~~~
plugins/pastebin/libpastebin.so.p/pastebin.c:34:20: warning: ‘scratch_services_paste_bin_properties’ defined but not used [-Wunused-variable]
   34 | static GParamSpec* scratch_services_paste_bin_properties[SCRATCH_SERVICES_PASTE_BIN_NUM_PROPERTIES];
      |                    ^~~~~~~~~~~~~~~~~~~~~~~~~~~~~~~~~~~~~
[354/379] Compiling C object plugins/word-completion/libword-completion.so.p/meson-generated_plugin.c.o
In file included from src/codecore.h:17,
                 from plugins/word-completion/word-completion.h:12,
                 from plugins/word-completion/libword-completion.so.p/plugin.c:25:
/usr/include/granite/granite.h:2118:1: warning: ‘GraniteTextStyle’ is deprecated [-Wdeprecated-declarations]
 2118 | VALA_EXTERN gchar* granite_text_style_get_stylesheet (GraniteTextStyle self,
      | ^~~~~~~~~~~
/usr/include/granite/granite.h:632:15: note: declared here
  632 | typedef enum  {
      |               ^
/usr/include/granite/granite.h:2138:1: warning: ‘GraniteTextStyle’ is deprecated [-Wdeprecated-declarations]
 2138 | VALA_EXTERN void granite_widgets_utils_apply_text_style_to_label (GraniteTextStyle text_style,
      | ^~~~~~~~~~~
/usr/include/granite/granite.h:632:15: note: declared here
  632 | typedef enum  {
      |               ^
plugins/word-completion/libword-completion.so.p/plugin.c: In function ‘scratch_plugins_completion_real_deactivate’:
plugins/word-completion/libword-completion.so.p/plugin.c:280:33: warning: passing argument 2 of ‘g_list_foreach’ from incompatible pointer type [-Wincompatible-pointer-types]
  280 |         g_list_foreach (_tmp0_, _scratch_plugins_completion_cleanup_gfunc, self);
      |                                 ^~~~~~~~~~~~~~~~~~~~~~~~~~~~~~~~~~~~~~~~~
      |                                 |
      |                                 void (*)(const void *, void *)
In file included from /usr/include/glib-2.0/glib/ghash.h:36,
                 from /usr/include/glib-2.0/glib.h:52,
                 from /usr/include/glib-2.0/gobject/gbinding.h:30,
                 from /usr/include/glib-2.0/glib-object.h:24,
                 from plugins/word-completion/word-completion.h:6:
/usr/include/glib-2.0/glib/glist.h:139:60: note: expected ‘GFunc’ {aka ‘void (*)(void *, void *)’} but argument is of type ‘void (*)(const void *, void *)’
  139 |                                          GFunc             func,
      |                                          ~~~~~~~~~~~~~~~~~~^~~~
plugins/word-completion/libword-completion.so.p/plugin.c:267:1: note: ‘_scratch_plugins_completion_cleanup_gfunc’ declared here
  267 | _scratch_plugins_completion_cleanup_gfunc (gconstpointer data,
      | ^~~~~~~~~~~~~~~~~~~~~~~~~~~~~~~~~~~~~~~~~
In file included from /usr/include/glib-2.0/glib/galloca.h:34,
                 from /usr/include/glib-2.0/glib.h:32:
/usr/include/glib-2.0/glib/gtypes.h:141:27: note: ‘GFunc’ declared here
  141 | typedef void            (*GFunc)                (gpointer       data,
      |                           ^~~~~
plugins/word-completion/libword-completion.so.p/plugin.c: In function ‘scratch_plugins_completion_real_update_state’:
plugins/word-completion/libword-completion.so.p/plugin.c:286:36: warning: variable ‘self’ set but not used [-Wunused-but-set-variable=]
  286 |         ScratchPluginsCompletion * self;
      |                                    ^~~~
plugins/word-completion/libword-completion.so.p/plugin.c: In function ‘scratch_plugins_completion_cleanup’:
plugins/word-completion/libword-completion.so.p/plugin.c:733:33: warning: passing argument 2 of ‘g_list_foreach’ from incompatible pointer type [-Wincompatible-pointer-types]
  733 |         g_list_foreach (_tmp3_, ___lambda6__gfunc, self);
      |                                 ^~~~~~~~~~~~~~~~~
      |                                 |
      |                                 void (*)(const void *, void *)
/usr/include/glib-2.0/glib/glist.h:139:60: note: expected ‘GFunc’ {aka ‘void (*)(void *, void *)’} but argument is of type ‘void (*)(const void *, void *)’
  139 |                                          GFunc             func,
      |                                          ~~~~~~~~~~~~~~~~~~^~~~
plugins/word-completion/libword-completion.so.p/plugin.c:713:1: note: ‘___lambda6__gfunc’ declared here
  713 | ___lambda6__gfunc (gconstpointer data,
      | ^~~~~~~~~~~~~~~~~
/usr/include/glib-2.0/glib/gtypes.h:141:27: note: ‘GFunc’ declared here
  141 | typedef void            (*GFunc)                (gpointer       data,
      |                           ^~~~~
src/codecore.h: At top level:
src/codecore.h:1505:13: warning: ‘scratch_application_main’ declared ‘static’ but never defined [-Wunused-function]
 1505 | static gint scratch_application_main (gchar** args,
      |             ^~~~~~~~~~~~~~~~~~~~~~~~
plugins/word-completion/libword-completion.so.p/plugin.c:150:20: warning: ‘SCRATCH_PLUGINS_COMPLETION_ACTIVATE_KEYS’ defined but not used [-Wunused-const-variable=]
  150 | static const guint SCRATCH_PLUGINS_COMPLETION_ACTIVATE_KEYS[6] = {GDK_KEY_Return, GDK_KEY_KP_Enter, GDK_KEY_ISO_Enter, GDK_KEY_Tab, GDK_KEY_KP_Tab, GDK_KEY_ISO_Left_Tab};
      |                    ^~~~~~~~~~~~~~~~~~~~~~~~~~~~~~~~~~~~~~~~
[355/379] Compiling C object plugins/word-completion/libword-completion.so.p/meson-generated_prefix-tree.c.o
In file included from src/codecore.h:17,
                 from plugins/word-completion/word-completion.h:12,
                 from plugins/word-completion/libword-completion.so.p/prefix-tree.c:9:
/usr/include/granite/granite.h:2118:1: warning: ‘GraniteTextStyle’ is deprecated [-Wdeprecated-declarations]
 2118 | VALA_EXTERN gchar* granite_text_style_get_stylesheet (GraniteTextStyle self,
      | ^~~~~~~~~~~
/usr/include/granite/granite.h:632:15: note: declared here
  632 | typedef enum  {
      |               ^
/usr/include/granite/granite.h:2138:1: warning: ‘GraniteTextStyle’ is deprecated [-Wdeprecated-declarations]
 2138 | VALA_EXTERN void granite_widgets_utils_apply_text_style_to_label (GraniteTextStyle text_style,
      | ^~~~~~~~~~~
/usr/include/granite/granite.h:632:15: note: declared here
  632 | typedef enum  {
      |               ^
src/codecore.h:1505:13: warning: ‘scratch_application_main’ declared ‘static’ but never defined [-Wunused-function]
 1505 | static gint scratch_application_main (gchar** args,
      |             ^~~~~~~~~~~~~~~~~~~~~~~~
plugins/word-completion/libword-completion.so.p/prefix-tree.c:29:20: warning: ‘scratch_plugins_prefix_tree_properties’ defined but not used [-Wunused-variable]
   29 | static GParamSpec* scratch_plugins_prefix_tree_properties[SCRATCH_PLUGINS_PREFIX_TREE_NUM_PROPERTIES];
      |                    ^~~~~~~~~~~~~~~~~~~~~~~~~~~~~~~~~~~~~~
[356/379] Compiling C object plugins/fuzzy-search/libfuzzy-search.so.p/meson-generated_file-item.c.o
In file included from src/codecore.h:17,
                 from plugins/fuzzy-search/fuzzy-search.h:12,
                 from plugins/fuzzy-search/libfuzzy-search.so.p/file-item.c:12:
/usr/include/granite/granite.h:2118:1: warning: ‘GraniteTextStyle’ is deprecated [-Wdeprecated-declarations]
 2118 | VALA_EXTERN gchar* granite_text_style_get_stylesheet (GraniteTextStyle self,
      | ^~~~~~~~~~~
/usr/include/granite/granite.h:632:15: note: declared here
  632 | typedef enum  {
      |               ^
/usr/include/granite/granite.h:2138:1: warning: ‘GraniteTextStyle’ is deprecated [-Wdeprecated-declarations]
 2138 | VALA_EXTERN void granite_widgets_utils_apply_text_style_to_label (GraniteTextStyle text_style,
      | ^~~~~~~~~~~
/usr/include/granite/granite.h:632:15: note: declared here
  632 | typedef enum  {
      |               ^
src/codecore.h:1505:13: warning: ‘scratch_application_main’ declared ‘static’ but never defined [-Wunused-function]
 1505 | static gint scratch_application_main (gchar** args,
      |             ^~~~~~~~~~~~~~~~~~~~~~~~
[357/379] Compiling C object plugins/fuzzy-search/libfuzzy-search.so.p/meson-generated_fuzzy-finder.c.o
In file included from src/codecore.h:17,
                 from plugins/fuzzy-search/fuzzy-search.h:12,
                 from plugins/fuzzy-search/libfuzzy-search.so.p/fuzzy-finder.c:13:
/usr/include/granite/granite.h:2118:1: warning: ‘GraniteTextStyle’ is deprecated [-Wdeprecated-declarations]
 2118 | VALA_EXTERN gchar* granite_text_style_get_stylesheet (GraniteTextStyle self,
      | ^~~~~~~~~~~
/usr/include/granite/granite.h:632:15: note: declared here
  632 | typedef enum  {
      |               ^
/usr/include/granite/granite.h:2138:1: warning: ‘GraniteTextStyle’ is deprecated [-Wdeprecated-declarations]
 2138 | VALA_EXTERN void granite_widgets_utils_apply_text_style_to_label (GraniteTextStyle text_style,
      | ^~~~~~~~~~~
/usr/include/granite/granite.h:632:15: note: declared here
  632 | typedef enum  {
      |               ^
plugins/fuzzy-search/libfuzzy-search.so.p/fuzzy-finder.c: In function ‘scratch_services_fuzzy_finder_fuzzy_find’:
plugins/fuzzy-search/libfuzzy-search.so.p/fuzzy-finder.c:489:16: warning: assignment to ‘ScratchServicesSearchProject **’ {aka ‘struct _ScratchServicesSearchProject **’} from incompatible pointer type ‘void **’ [-Wincompatible-pointer-types]
  489 |         _tmp7_ = _tmp6_;
      |                ^
plugins/fuzzy-search/libfuzzy-search.so.p/fuzzy-finder.c:696:63: warning: variable ‘_tmp77_’ set but not used [-Wunused-but-set-variable=]
  696 |                                                 SearchResult* _tmp77_;
      |                                                               ^~~~~~~
plugins/fuzzy-search/libfuzzy-search.so.p/fuzzy-finder.c:506:38: warning: variable ‘_tmp16__length1’ set but not used [-Wunused-but-set-variable=]
  506 |                                 gint _tmp16__length1;
      |                                      ^~~~~~~~~~~~~~~
plugins/fuzzy-search/libfuzzy-search.so.p/fuzzy-finder.c:502:64: warning: variable ‘_tmp10_’ set but not used [-Wunused-but-set-variable=]
  502 |                                 ScratchServicesSearchProject** _tmp10_;
      |                                                                ^~~~~~~
plugins/fuzzy-search/libfuzzy-search.so.p/fuzzy-finder.c:470:14: warning: variable ‘_projects_size_’ set but not used [-Wunused-but-set-variable=]
  470 |         gint _projects_size_;
      |              ^~~~~~~~~~~~~~~
plugins/fuzzy-search/libfuzzy-search.so.p/fuzzy-finder.c: In function ‘scratch_services_fuzzy_finder_recursive_finder_fuzzy_match_recursive_internal’:
plugins/fuzzy-search/libfuzzy-search.so.p/fuzzy-finder.c:1045:30: warning: variable ‘_tmp33_’ set but not used [-Wunused-but-set-variable=]
 1045 |                         gint _tmp33_;
      |                              ^~~~~~~
plugins/fuzzy-search/libfuzzy-search.so.p/fuzzy-finder.c:1044:30: warning: variable ‘_tmp32_’ set but not used [-Wunused-but-set-variable=]
 1044 |                         gint _tmp32_;
      |                              ^~~~~~~
plugins/fuzzy-search/libfuzzy-search.so.p/fuzzy-finder.c:1009:22: warning: variable ‘_tmp36_’ set but not used [-Wunused-but-set-variable=]
 1009 |                 gint _tmp36_;
      |                      ^~~~~~~
src/codecore.h: At top level:
src/codecore.h:1505:13: warning: ‘scratch_application_main’ declared ‘static’ but never defined [-Wunused-function]
 1505 | static gint scratch_application_main (gchar** args,
      |             ^~~~~~~~~~~~~~~~~~~~~~~~
[358/379] Compiling C object plugins/fuzzy-search/libfuzzy-search.so.p/meson-generated_fuzzy-search.c.o
In file included from src/codecore.h:17,
                 from plugins/fuzzy-search/fuzzy-search.h:12,
                 from plugins/fuzzy-search/libfuzzy-search.so.p/fuzzy-search.c:11:
/usr/include/granite/granite.h:2118:1: warning: ‘GraniteTextStyle’ is deprecated [-Wdeprecated-declarations]
 2118 | VALA_EXTERN gchar* granite_text_style_get_stylesheet (GraniteTextStyle self,
      | ^~~~~~~~~~~
/usr/include/granite/granite.h:632:15: note: declared here
  632 | typedef enum  {
      |               ^
/usr/include/granite/granite.h:2138:1: warning: ‘GraniteTextStyle’ is deprecated [-Wdeprecated-declarations]
 2138 | VALA_EXTERN void granite_widgets_utils_apply_text_style_to_label (GraniteTextStyle text_style,
      | ^~~~~~~~~~~
/usr/include/granite/granite.h:632:15: note: declared here
  632 | typedef enum  {
      |               ^
plugins/fuzzy-search/libfuzzy-search.so.p/fuzzy-search.c: In function ‘scratch_plugins_fuzzy_search_real_update_state’:
plugins/fuzzy-search/libfuzzy-search.so.p/fuzzy-search.c:166:37: warning: variable ‘self’ set but not used [-Wunused-but-set-variable=]
  166 |         ScratchPluginsFuzzySearch * self;
      |                                     ^~~~
plugins/fuzzy-search/libfuzzy-search.so.p/fuzzy-search.c: In function ‘scratch_plugins_fuzzy_search_add_actions’:
plugins/fuzzy-search/libfuzzy-search.so.p/fuzzy-search.c:397:33: warning: assignment to ‘gchar **’ {aka ‘char **’} from incompatible pointer type ‘void **’ [-Wincompatible-pointer-types]
  397 |                         _tmp23_ = _tmp22_;
      |                                 ^
plugins/fuzzy-search/libfuzzy-search.so.p/fuzzy-search.c:410:100: warning: passing argument 3 of ‘gtk_application_set_accels_for_action’ from incompatible pointer type [-Wincompatible-pointer-types]
  410 |                         gtk_application_set_accels_for_action ((GtkApplication*) _tmp24_, _tmp27_, _tmp28_);
      |                                                                                                    ^~~~~~~
      |                                                                                                    |
      |                                                                                                    gchar ** {aka char **}
In file included from /usr/include/gtk-3.0/gtk/gtkwindow.h:33,
                 from /usr/include/gtk-3.0/gtk/gtkdialog.h:32,
                 from /usr/include/gtk-3.0/gtk/gtkaboutdialog.h:30,
                 from /usr/include/gtk-3.0/gtk/gtk.h:31,
                 from plugins/fuzzy-search/fuzzy-search.h:6:
/usr/include/gtk-3.0/gtk/gtkapplication.h:156:89: note: expected ‘const gchar * const*’ {aka ‘const char * const*’} but argument is of type ‘gchar **’ {aka ‘char **’}
  156 |                                                                   const gchar * const  *accels);
      |                                                                   ~~~~~~~~~~~~~~~~~~~~~~^~~~~~
plugins/fuzzy-search/libfuzzy-search.so.p/fuzzy-search.c:384:30: warning: variable ‘_tmp28__length1’ set but not used [-Wunused-but-set-variable=]
  384 |                         gint _tmp28__length1;
      |                              ^~~~~~~~~~~~~~~
plugins/fuzzy-search/libfuzzy-search.so.p/fuzzy-search.c: In function ‘scratch_plugins_fuzzy_search_remove_actions’:
plugins/fuzzy-search/libfuzzy-search.so.p/fuzzy-search.c:551:100: warning: passing argument 3 of ‘gtk_application_set_accels_for_action’ from incompatible pointer type [-Wincompatible-pointer-types]
  551 |                         gtk_application_set_accels_for_action ((GtkApplication*) _tmp29_, _tmp32_, _tmp34_);
      |                                                                                                    ^~~~~~~
      |                                                                                                    |
      |                                                                                                    gchar ** {aka char **}
/usr/include/gtk-3.0/gtk/gtkapplication.h:156:89: note: expected ‘const gchar * const*’ {aka ‘const char * const*’} but argument is of type ‘gchar **’ {aka ‘char **’}
  156 |                                                                   const gchar * const  *accels);
      |                                                                   ~~~~~~~~~~~~~~~~~~~~~~^~~~~~
plugins/fuzzy-search/libfuzzy-search.so.p/fuzzy-search.c: In function ‘__lambda28_’:
plugins/fuzzy-search/libfuzzy-search.so.p/fuzzy-search.c:633:36: warning: variable ‘self’ set but not used [-Wunused-but-set-variable=]
  633 |         ScratchPluginsFuzzySearch* self;
      |                                    ^~~~
plugins/fuzzy-search/libfuzzy-search.so.p/fuzzy-search.c: In function ‘scratch_plugins_fuzzy_search_fuzzy_find’:
plugins/fuzzy-search/libfuzzy-search.so.p/fuzzy-search.c:684:25: warning: variable ‘_tmp6_’ set but not used [-Wunused-but-set-variable=]
  684 |                 gchar** _tmp6_;
      |                         ^~~~~~
plugins/fuzzy-search/libfuzzy-search.so.p/fuzzy-search.c:661:14: warning: variable ‘_tmp5__length1’ set but not used [-Wunused-but-set-variable=]
  661 |         gint _tmp5__length1;
      |              ^~~~~~~~~~~~~~
plugins/fuzzy-search/libfuzzy-search.so.p/fuzzy-search.c:658:14: warning: variable ‘_opened_folders_size_’ set but not used [-Wunused-but-set-variable=]
  658 |         gint _opened_folders_size_;
      |              ^~~~~~~~~~~~~~~~~~~~~
plugins/fuzzy-search/libfuzzy-search.so.p/fuzzy-search.c: In function ‘scratch_plugins_fuzzy_search_handle_opened_projects_change’:
plugins/fuzzy-search/libfuzzy-search.so.p/fuzzy-search.c:763:25: warning: variable ‘_tmp7_’ set but not used [-Wunused-but-set-variable=]
  763 |                 gchar** _tmp7_;
      |                         ^~~~~~
plugins/fuzzy-search/libfuzzy-search.so.p/fuzzy-search.c:749:14: warning: variable ‘_tmp6__length1’ set but not used [-Wunused-but-set-variable=]
  749 |         gint _tmp6__length1;
      |              ^~~~~~~~~~~~~~
plugins/fuzzy-search/libfuzzy-search.so.p/fuzzy-search.c:746:14: warning: variable ‘_opened_folders_size_’ set but not used [-Wunused-but-set-variable=]
  746 |         gint _opened_folders_size_;
      |              ^~~~~~~~~~~~~~~~~~~~~
src/codecore.h: At top level:
src/codecore.h:1505:13: warning: ‘scratch_application_main’ declared ‘static’ but never defined [-Wunused-function]
 1505 | static gint scratch_application_main (gchar** args,
      |             ^~~~~~~~~~~~~~~~~~~~~~~~
[359/379] Compiling C object plugins/fuzzy-search/libfuzzy-search.so.p/meson-generated_fuzzy-search-indexer.c.o
In file included from src/codecore.h:17,
                 from plugins/fuzzy-search/fuzzy-search.h:12,
                 from plugins/fuzzy-search/libfuzzy-search.so.p/fuzzy-search-indexer.c:12:
/usr/include/granite/granite.h:2118:1: warning: ‘GraniteTextStyle’ is deprecated [-Wdeprecated-declarations]
 2118 | VALA_EXTERN gchar* granite_text_style_get_stylesheet (GraniteTextStyle self,
      | ^~~~~~~~~~~
/usr/include/granite/granite.h:632:15: note: declared here
  632 | typedef enum  {
      |               ^
/usr/include/granite/granite.h:2138:1: warning: ‘GraniteTextStyle’ is deprecated [-Wdeprecated-declarations]
 2138 | VALA_EXTERN void granite_widgets_utils_apply_text_style_to_label (GraniteTextStyle text_style,
      | ^~~~~~~~~~~
/usr/include/granite/granite.h:632:15: note: declared here
  632 | typedef enum  {
      |               ^
plugins/fuzzy-search/libfuzzy-search.so.p/fuzzy-search-indexer.c: In function ‘initial_index_request_set_project_path’:
plugins/fuzzy-search/libfuzzy-search.so.p/fuzzy-search-indexer.c:626:19: warning: assignment discards ‘const’ qualifier from pointer target type [-Wdiscarded-qualifiers]
  626 |         old_value = initial_index_request_get_project_path (self);
      |                   ^
plugins/fuzzy-search/libfuzzy-search.so.p/fuzzy-search-indexer.c: In function ‘project_update_set_source_path’:
plugins/fuzzy-search/libfuzzy-search.so.p/fuzzy-search-indexer.c:822:19: warning: assignment discards ‘const’ qualifier from pointer target type [-Wdiscarded-qualifiers]
  822 |         old_value = project_update_get_source_path (self);
      |                   ^
plugins/fuzzy-search/libfuzzy-search.so.p/fuzzy-search-indexer.c: In function ‘project_update_set_destination_path’:
plugins/fuzzy-search/libfuzzy-search.so.p/fuzzy-search-indexer.c:849:19: warning: assignment discards ‘const’ qualifier from pointer target type [-Wdiscarded-qualifiers]
  849 |         old_value = project_update_get_destination_path (self);
      |                   ^
plugins/fuzzy-search/libfuzzy-search.so.p/fuzzy-search-indexer.c: In function ‘project_update_set_project_path’:
plugins/fuzzy-search/libfuzzy-search.so.p/fuzzy-search-indexer.c:876:19: warning: assignment discards ‘const’ qualifier from pointer target type [-Wdiscarded-qualifiers]
  876 |         old_value = project_update_get_project_path (self);
      |                   ^
plugins/fuzzy-search/libfuzzy-search.so.p/fuzzy-search-indexer.c: In function ‘scratch_services_fuzzy_search_indexer_start_finish’:
plugins/fuzzy-search/libfuzzy-search.so.p/fuzzy-search-indexer.c:1165:58: warning: variable ‘_data_’ set but not used [-Wunused-but-set-variable=]
 1165 |         ScratchServicesFuzzySearchIndexerStartAsyncData* _data_;
      |                                                          ^~~~~~
plugins/fuzzy-search/libfuzzy-search.so.p/fuzzy-search-indexer.c: In function ‘block4_data_unref’:
plugins/fuzzy-search/libfuzzy-search.so.p/fuzzy-search-indexer.c:1221:52: warning: variable ‘self’ set but not used [-Wunused-but-set-variable=]
 1221 |                 ScratchServicesFuzzySearchIndexer* self;
      |                                                    ^~~~
plugins/fuzzy-search/libfuzzy-search.so.p/fuzzy-search-indexer.c: In function ‘scratch_services_fuzzy_search_indexer_process_next_message_finish’:
plugins/fuzzy-search/libfuzzy-search.so.p/fuzzy-search-indexer.c:1472:71: warning: variable ‘_data_’ set but not used [-Wunused-but-set-variable=]
 1472 |         ScratchServicesFuzzySearchIndexerProcessNextMessageAsyncData* _data_;
      |                                                                       ^~~~~~
plugins/fuzzy-search/libfuzzy-search.so.p/fuzzy-search-indexer.c: In function ‘scratch_services_fuzzy_search_indexer_process_project_update_finish’:
plugins/fuzzy-search/libfuzzy-search.so.p/fuzzy-search-indexer.c:1562:73: warning: variable ‘_data_’ set but not used [-Wunused-but-set-variable=]
 1562 |         ScratchServicesFuzzySearchIndexerProcessProjectUpdateAsyncData* _data_;
      |                                                                         ^~~~~~
plugins/fuzzy-search/libfuzzy-search.so.p/fuzzy-search-indexer.c: In function ‘scratch_services_fuzzy_search_indexer_add_directory_finish’:
plugins/fuzzy-search/libfuzzy-search.so.p/fuzzy-search-indexer.c:1841:65: warning: variable ‘_data_’ set but not used [-Wunused-but-set-variable=]
 1841 |         ScratchServicesFuzzySearchIndexerAddDirectoryAsyncData* _data_;
      |                                                                 ^~~~~~
plugins/fuzzy-search/libfuzzy-search.so.p/fuzzy-search-indexer.c: In function ‘scratch_services_fuzzy_search_indexer_add_project_finish’:
plugins/fuzzy-search/libfuzzy-search.so.p/fuzzy-search-indexer.c:1987:63: warning: variable ‘_data_’ set but not used [-Wunused-but-set-variable=]
 1987 |         ScratchServicesFuzzySearchIndexerAddProjectAsyncData* _data_;
      |                                                               ^~~~~~
plugins/fuzzy-search/libfuzzy-search.so.p/fuzzy-search-indexer.c: In function ‘scratch_services_fuzzy_search_indexer_handle_opened_projects_change’:
plugins/fuzzy-search/libfuzzy-search.so.p/fuzzy-search-indexer.c:2141:110: warning: passing argument 4 of ‘gee_array_list_new_wrap’ from incompatible pointer type [-Wincompatible-pointer-types]
 2141 |         _tmp5_ = gee_array_list_new_wrap (G_TYPE_STRING, (GBoxedCopyFunc) g_strdup, (GDestroyNotify) g_free, _tmp4_, _tmp4__length1, NULL, NULL, NULL);
      |                                                                                                              ^~~~~~
      |                                                                                                              |
      |                                                                                                              gchar ** {aka char **}
In file included from src/codecore.h:13:
/usr/include/gee-0.8/gee.h:1668:50: note: expected ‘void **’ but argument is of type ‘gchar **’ {aka ‘char **’}
 1668 |                                        gpointer* items,
      |                                        ~~~~~~~~~~^~~~~
plugins/fuzzy-search/libfuzzy-search.so.p/fuzzy-search-indexer.c:2124:14: warning: variable ‘_opened_projects_array_size_’ set but not used [-Wunused-but-set-variable=]
 2124 |         gint _opened_projects_array_size_;
      |              ^~~~~~~~~~~~~~~~~~~~~~~~~~~~
plugins/fuzzy-search/libfuzzy-search.so.p/fuzzy-search-indexer.c: In function ‘scratch_services_fuzzy_search_indexer_process_initial_indexing_requests_finish’:
plugins/fuzzy-search/libfuzzy-search.so.p/fuzzy-search-indexer.c:2295:83: warning: variable ‘_data_’ set but not used [-Wunused-but-set-variable=]
 2295 |         ScratchServicesFuzzySearchIndexerProcessInitialIndexingRequestsAsyncData* _data_;
      |                                                                                   ^~~~~~
plugins/fuzzy-search/libfuzzy-search.so.p/fuzzy-search-indexer.c: In function ‘block9_data_unref’:
plugins/fuzzy-search/libfuzzy-search.so.p/fuzzy-search-indexer.c:2333:52: warning: variable ‘self’ set but not used [-Wunused-but-set-variable=]
 2333 |                 ScratchServicesFuzzySearchIndexer* self;
      |                                                    ^~~~
plugins/fuzzy-search/libfuzzy-search.so.p/fuzzy-search-indexer.c: In function ‘_____lambda9_’:
plugins/fuzzy-search/libfuzzy-search.so.p/fuzzy-search-indexer.c:2349:44: warning: variable ‘self’ set but not used [-Wunused-but-set-variable=]
 2349 |         ScratchServicesFuzzySearchIndexer* self;
      |                                            ^~~~
src/codecore.h: At top level:
src/codecore.h:1505:13: warning: ‘scratch_application_main’ declared ‘static’ but never defined [-Wunused-function]
 1505 | static gint scratch_application_main (gchar** args,
      |             ^~~~~~~~~~~~~~~~~~~~~~~~
[360/379] Compiling C object plugins/word-completion/libword-completion.so.p/meson-generated_engine.c.o
In file included from src/codecore.h:17,
                 from plugins/word-completion/word-completion.h:12,
                 from plugins/word-completion/libword-completion.so.p/engine.c:25:
/usr/include/granite/granite.h:2118:1: warning: ‘GraniteTextStyle’ is deprecated [-Wdeprecated-declarations]
 2118 | VALA_EXTERN gchar* granite_text_style_get_stylesheet (GraniteTextStyle self,
      | ^~~~~~~~~~~
/usr/include/granite/granite.h:632:15: note: declared here
  632 | typedef enum  {
      |               ^
/usr/include/granite/granite.h:2138:1: warning: ‘GraniteTextStyle’ is deprecated [-Wdeprecated-declarations]
 2138 | VALA_EXTERN void granite_widgets_utils_apply_text_style_to_label (GraniteTextStyle text_style,
      | ^~~~~~~~~~~
/usr/include/granite/granite.h:632:15: note: declared here
  632 | typedef enum  {
      |               ^
plugins/word-completion/libword-completion.so.p/engine.c: In function ‘euclide_completion_parser_parse_text_view’:
plugins/word-completion/libword-completion.so.p/engine.c:252:51: warning: variable ‘_tmp5_’ set but not used [-Wunused-but-set-variable=]
  252 |                         ScratchPluginsPrefixTree* _tmp5_;
      |                                                   ^~~~~~
plugins/word-completion/libword-completion.so.p/engine.c:230:43: warning: variable ‘_tmp0_’ set but not used [-Wunused-but-set-variable=]
  230 |                 ScratchPluginsPrefixTree* _tmp0_;
      |                                           ^~~~~~
plugins/word-completion/libword-completion.so.p/engine.c:250:17: warning: label ‘__finally0’ defined but not used [-Wunused-label]
  250 |                 __finally0:
      |                 ^~~~~~~~~~
plugins/word-completion/libword-completion.so.p/engine.c: In function ‘euclide_completion_parser_add_word’:
plugins/word-completion/libword-completion.so.p/engine.c:317:51: warning: variable ‘_tmp4_’ set but not used [-Wunused-but-set-variable=]
  317 |                         ScratchPluginsPrefixTree* _tmp4_;
      |                                                   ^~~~~~
plugins/word-completion/libword-completion.so.p/engine.c:307:43: warning: variable ‘_tmp2_’ set but not used [-Wunused-but-set-variable=]
  307 |                 ScratchPluginsPrefixTree* _tmp2_;
      |                                           ^~~~~~
plugins/word-completion/libword-completion.so.p/engine.c:315:17: warning: label ‘__finally0’ defined but not used [-Wunused-label]
  315 |                 __finally0:
      |                 ^~~~~~~~~~
plugins/word-completion/libword-completion.so.p/engine.c: In function ‘euclide_completion_parser_parse_string’:
plugins/word-completion/libword-completion.so.p/engine.c:360:22: warning: unused variable ‘_current_word_collection_size_’ [-Wunused-variable]
  360 |                 gint _current_word_collection_size_ = 0;
      |                      ^~~~~~~~~~~~~~~~~~~~~~~~~~~~~~
plugins/word-completion/libword-completion.so.p/engine.c:344:14: warning: variable ‘_word_array_size_’ set but not used [-Wunused-but-set-variable=]
  344 |         gint _word_array_size_;
      |              ^~~~~~~~~~~~~~~~~
src/codecore.h: At top level:
src/codecore.h:1505:13: warning: ‘scratch_application_main’ declared ‘static’ but never defined [-Wunused-function]
 1505 | static gint scratch_application_main (gchar** args,
      |             ^~~~~~~~~~~~~~~~~~~~~~~~
plugins/word-completion/libword-completion.so.p/engine.c:46:20: warning: ‘euclide_completion_parser_properties’ defined but not used [-Wunused-variable]
   46 | static GParamSpec* euclide_completion_parser_properties[EUCLIDE_COMPLETION_PARSER_NUM_PROPERTIES];
      |                    ^~~~~~~~~~~~~~~~~~~~~~~~~~~~~~~~~~~~
[361/379] Compiling C object plugins/word-completion/libword-completion.so.p/meson-generated_completion-provider.c.o
In file included from src/codecore.h:17,
                 from plugins/word-completion/word-completion.h:12,
                 from plugins/word-completion/libword-completion.so.p/completion-provider.c:25:
/usr/include/granite/granite.h:2118:1: warning: ‘GraniteTextStyle’ is deprecated [-Wdeprecated-declarations]
 2118 | VALA_EXTERN gchar* granite_text_style_get_stylesheet (GraniteTextStyle self,
      | ^~~~~~~~~~~
/usr/include/granite/granite.h:632:15: note: declared here
  632 | typedef enum  {
      |               ^
/usr/include/granite/granite.h:2138:1: warning: ‘GraniteTextStyle’ is deprecated [-Wdeprecated-declarations]
 2138 | VALA_EXTERN void granite_widgets_utils_apply_text_style_to_label (GraniteTextStyle text_style,
      | ^~~~~~~~~~~
/usr/include/granite/granite.h:632:15: note: declared here
  632 | typedef enum  {
      |               ^
plugins/word-completion/libword-completion.so.p/completion-provider.c: In function ‘scratch_plugins_completion_provider_set_name’:
plugins/word-completion/libword-completion.so.p/completion-provider.c:576:19: warning: assignment discards ‘const’ qualifier from pointer target type [-Wdiscarded-qualifiers]
  576 |         old_value = scratch_plugins_completion_provider_get_name (self);
      |                   ^
src/codecore.h: At top level:
src/codecore.h:1505:13: warning: ‘scratch_application_main’ declared ‘static’ but never defined [-Wunused-function]
 1505 | static gint scratch_application_main (gchar** args,
      |             ^~~~~~~~~~~~~~~~~~~~~~~~
[362/379] Compiling C object plugins/fuzzy-search/libfuzzy-search.so.p/meson-generated_fuzzy-search-popover.c.o
In file included from src/codecore.h:17,
                 from plugins/fuzzy-search/fuzzy-search.h:12,
                 from plugins/fuzzy-search/libfuzzy-search.so.p/fuzzy-search-popover.c:12:
/usr/include/granite/granite.h:2118:1: warning: ‘GraniteTextStyle’ is deprecated [-Wdeprecated-declarations]
 2118 | VALA_EXTERN gchar* granite_text_style_get_stylesheet (GraniteTextStyle self,
      | ^~~~~~~~~~~
/usr/include/granite/granite.h:632:15: note: declared here
  632 | typedef enum  {
      |               ^
/usr/include/granite/granite.h:2138:1: warning: ‘GraniteTextStyle’ is deprecated [-Wdeprecated-declarations]
 2138 | VALA_EXTERN void granite_widgets_utils_apply_text_style_to_label (GraniteTextStyle text_style,
      | ^~~~~~~~~~~
/usr/include/granite/granite.h:632:15: note: declared here
  632 | typedef enum  {
      |               ^
plugins/fuzzy-search/libfuzzy-search.so.p/fuzzy-search-popover.c: In function ‘block11_data_unref’:
plugins/fuzzy-search/libfuzzy-search.so.p/fuzzy-search-popover.c:753:44: warning: variable ‘self’ set but not used [-Wunused-but-set-variable=]
  753 |                 ScratchFuzzySearchPopover* self;
      |                                            ^~~~
plugins/fuzzy-search/libfuzzy-search.so.p/fuzzy-search-popover.c: In function ‘___lambda23_’:
plugins/fuzzy-search/libfuzzy-search.so.p/fuzzy-search-popover.c:1015:22: warning: variable ‘_tmp25__length1’ set but not used [-Wunused-but-set-variable=]
 1015 |                 gint _tmp25__length1;
      |                      ^~~~~~~~~~~~~~~
plugins/fuzzy-search/libfuzzy-search.so.p/fuzzy-search-popover.c:952:17: warning: variable ‘_tmp24_’ set but not used [-Wunused-but-set-variable=]
  952 |         gchar** _tmp24_;
      |                 ^~~~~~~
plugins/fuzzy-search/libfuzzy-search.so.p/fuzzy-search-popover.c:951:14: warning: variable ‘_rev_parts_size_’ set but not used [-Wunused-but-set-variable=]
  951 |         gint _rev_parts_size_;
      |              ^~~~~~~~~~~~~~~~
plugins/fuzzy-search/libfuzzy-search.so.p/fuzzy-search-popover.c:941:14: warning: variable ‘_parts_size_’ set but not used [-Wunused-but-set-variable=]
  941 |         gint _parts_size_;
      |              ^~~~~~~~~~~~
src/codecore.h: At top level:
src/codecore.h:1505:13: warning: ‘scratch_application_main’ declared ‘static’ but never defined [-Wunused-function]
 1505 | static gint scratch_application_main (gchar** args,
      |             ^~~~~~~~~~~~~~~~~~~~~~~~
[363/379] Compiling C object plugins/fuzzy-search/libfuzzy-search.so.p/meson-generated_search-result.c.o
In file included from src/codecore.h:17,
                 from plugins/fuzzy-search/fuzzy-search.h:12,
                 from plugins/fuzzy-search/libfuzzy-search.so.p/search-result.c:11:
/usr/include/granite/granite.h:2118:1: warning: ‘GraniteTextStyle’ is deprecated [-Wdeprecated-declarations]
 2118 | VALA_EXTERN gchar* granite_text_style_get_stylesheet (GraniteTextStyle self,
      | ^~~~~~~~~~~
/usr/include/granite/granite.h:632:15: note: declared here
  632 | typedef enum  {
      |               ^
/usr/include/granite/granite.h:2138:1: warning: ‘GraniteTextStyle’ is deprecated [-Wdeprecated-declarations]
 2138 | VALA_EXTERN void granite_widgets_utils_apply_text_style_to_label (GraniteTextStyle text_style,
      | ^~~~~~~~~~~
/usr/include/granite/granite.h:632:15: note: declared here
  632 | typedef enum  {
      |               ^
src/codecore.h:1505:13: warning: ‘scratch_application_main’ declared ‘static’ but never defined [-Wunused-function]
 1505 | static gint scratch_application_main (gchar** args,
      |             ^~~~~~~~~~~~~~~~~~~~~~~~
[364/379] Compiling C object plugins/fuzzy-search/libfuzzy-search.so.p/meson-generated_fuzzy-search-project.c.o
In file included from src/codecore.h:17,
                 from plugins/fuzzy-search/fuzzy-search.h:12,
                 from plugins/fuzzy-search/libfuzzy-search.so.p/fuzzy-search-project.c:12:
/usr/include/granite/granite.h:2118:1: warning: ‘GraniteTextStyle’ is deprecated [-Wdeprecated-declarations]
 2118 | VALA_EXTERN gchar* granite_text_style_get_stylesheet (GraniteTextStyle self,
      | ^~~~~~~~~~~
/usr/include/granite/granite.h:632:15: note: declared here
  632 | typedef enum  {
      |               ^
/usr/include/granite/granite.h:2138:1: warning: ‘GraniteTextStyle’ is deprecated [-Wdeprecated-declarations]
 2138 | VALA_EXTERN void granite_widgets_utils_apply_text_style_to_label (GraniteTextStyle text_style,
      | ^~~~~~~~~~~
/usr/include/granite/granite.h:632:15: note: declared here
  632 | typedef enum  {
      |               ^
src/codecore.h:1505:13: warning: ‘scratch_application_main’ declared ‘static’ but never defined [-Wunused-function]
 1505 | static gint scratch_application_main (gchar** args,
      |             ^~~~~~~~~~~~~~~~~~~~~~~~
[365/379] Compiling C object plugins/pastebin/libpastebin.so.p/meson-generated_pastebin_dialog.c.o
In file included from plugins/pastebin/pastebin.h:6,
                 from plugins/pastebin/libpastebin.so.p/pastebin_dialog.c:6:
/usr/include/granite/granite.h:2118:1: warning: ‘GraniteTextStyle’ is deprecated [-Wdeprecated-declarations]
 2118 | VALA_EXTERN gchar* granite_text_style_get_stylesheet (GraniteTextStyle self,
      | ^~~~~~~~~~~
/usr/include/granite/granite.h:632:15: note: declared here
  632 | typedef enum  {
      |               ^
/usr/include/granite/granite.h:2138:1: warning: ‘GraniteTextStyle’ is deprecated [-Wdeprecated-declarations]
 2138 | VALA_EXTERN void granite_widgets_utils_apply_text_style_to_label (GraniteTextStyle text_style,
      | ^~~~~~~~~~~
/usr/include/granite/granite.h:632:15: note: declared here
  632 | typedef enum  {
      |               ^
plugins/pastebin/libpastebin.so.p/pastebin_dialog.c: In function ‘scratch_dialogs_paste_bin_dialog_format_button_clicked’:
plugins/pastebin/libpastebin.so.p/pastebin_dialog.c:210:38: warning: variable ‘_tmp8__length1’ set but not used [-Wunused-but-set-variable=]
  210 |                                 gint _tmp8__length1;
      |                                      ^~~~~~~~~~~~~~
plugins/pastebin/libpastebin.so.p/pastebin_dialog.c:206:38: warning: variable ‘_tmp6__length2’ set but not used [-Wunused-but-set-variable=]
  206 |                                 gint _tmp6__length2;
      |                                      ^~~~~~~~~~~~~~
plugins/pastebin/libpastebin.so.p/pastebin_dialog.c:204:41: warning: variable ‘_tmp6_’ set but not used [-Wunused-but-set-variable=]
  204 |                                 gchar** _tmp6_;
      |                                         ^~~~~~
plugins/pastebin/libpastebin.so.p/pastebin_dialog.c:279:17: warning: assignment to ‘GtkBox *’ {aka ‘struct _GtkBox *’} from incompatible pointer type ‘GtkWidget *’ {aka ‘struct _GtkWidget *’} [-Wincompatible-pointer-types]
  279 |         _tmp25_ = gtk_dialog_get_content_area ((GtkDialog*) _tmp24_);
      |                 ^
plugins/pastebin/libpastebin.so.p/pastebin_dialog.c: In function ‘scratch_dialogs_paste_bin_dialog_select_button_clicked’:
plugins/pastebin/libpastebin.so.p/pastebin_dialog.c:364:54: warning: variable ‘_tmp19__length1’ set but not used [-Wunused-but-set-variable=]
  364 |                                                 gint _tmp19__length1;
      |                                                      ^~~~~~~~~~~~~~~
plugins/pastebin/libpastebin.so.p/pastebin_dialog.c:340:46: warning: variable ‘_tmp16__length1’ set but not used [-Wunused-but-set-variable=]
  340 |                                         gint _tmp16__length1;
      |                                              ^~~~~~~~~~~~~~~
plugins/pastebin/libpastebin.so.p/pastebin_dialog.c:337:46: warning: variable ‘_tmp14__length2’ set but not used [-Wunused-but-set-variable=]
  337 |                                         gint _tmp14__length2;
      |                                              ^~~~~~~~~~~~~~~
plugins/pastebin/libpastebin.so.p/pastebin_dialog.c:335:49: warning: variable ‘_tmp14_’ set but not used [-Wunused-but-set-variable=]
  335 |                                         gchar** _tmp14_;
      |                                                 ^~~~~~~
plugins/pastebin/libpastebin.so.p/pastebin_dialog.c: In function ‘scratch_dialogs_paste_bin_dialog_constructor’:
plugins/pastebin/libpastebin.so.p/pastebin_dialog.c:868:46: warning: variable ‘_tmp15__length1’ set but not used [-Wunused-but-set-variable=]
  868 |                                         gint _tmp15__length1;
      |                                              ^~~~~~~~~~~~~~~
plugins/pastebin/libpastebin.so.p/pastebin_dialog.c:884:46: warning: variable ‘_tmp20__length1’ set but not used [-Wunused-but-set-variable=]
  884 |                                         gint _tmp20__length1;
      |                                              ^~~~~~~~~~~~~~~
plugins/pastebin/libpastebin.so.p/pastebin_dialog.c:880:46: warning: variable ‘_tmp18__length1’ set but not used [-Wunused-but-set-variable=]
  880 |                                         gint _tmp18__length1;
      |                                              ^~~~~~~~~~~~~~~
plugins/pastebin/libpastebin.so.p/pastebin_dialog.c:906:46: warning: variable ‘_tmp26__length1’ set but not used [-Wunused-but-set-variable=]
  906 |                                         gint _tmp26__length1;
      |                                              ^~~~~~~~~~~~~~~
plugins/pastebin/libpastebin.so.p/pastebin_dialog.c:843:38: warning: variable ‘_tmp22__length1’ set but not used [-Wunused-but-set-variable=]
  843 |                                 gint _tmp22__length1;
      |                                      ^~~~~~~~~~~~~~~
plugins/pastebin/libpastebin.so.p/pastebin_dialog.c:839:38: warning: variable ‘_tmp13__length1’ set but not used [-Wunused-but-set-variable=]
  839 |                                 gint _tmp13__length1;
      |                                      ^~~~~~~~~~~~~~~
plugins/pastebin/libpastebin.so.p/pastebin_dialog.c:835:38: warning: variable ‘_tmp10__length2’ set but not used [-Wunused-but-set-variable=]
  835 |                                 gint _tmp10__length2;
      |                                      ^~~~~~~~~~~~~~~
plugins/pastebin/libpastebin.so.p/pastebin_dialog.c:833:41: warning: variable ‘_tmp10_’ set but not used [-Wunused-but-set-variable=]
  833 |                                 gchar** _tmp10_;
      |                                         ^~~~~~~
plugins/pastebin/libpastebin.so.p/pastebin_dialog.c:988:17: warning: assignment to ‘GtkBox *’ {aka ‘struct _GtkBox *’} from incompatible pointer type ‘GtkWidget *’ {aka ‘struct _GtkWidget *’} [-Wincompatible-pointer-types]
  988 |         _tmp57_ = gtk_dialog_get_content_area ((GtkDialog*) self);
      |                 ^
In file included from plugins/pastebin/pastebin.h:12:
src/codecore.h: At top level:
src/codecore.h:1505:13: warning: ‘scratch_application_main’ declared ‘static’ but never defined [-Wunused-function]
 1505 | static gint scratch_application_main (gchar** args,
      |             ^~~~~~~~~~~~~~~~~~~~~~~~
[366/379] Linking target src/libcodecore.so.0.0
[367/379] Generating symbol file src/libcodecore.so.0.0.p/libcodecore.so.0.0.symbols
[368/379] Linking target plugins/editorconfig/libeditorconfig.so
[369/379] Linking target plugins/spell/libspell.so
[370/379] Linking target plugins/detect-indent/libdetect-indent.so
[371/379] Linking target plugins/highlight-word-selection/libhighlight-word-selection.so
[372/379] Linking target plugins/vim-emulation/libvim-emulation.so
[373/379] Linking target plugins/preserve-indent/libpreserve-indent.so
[374/379] Linking target plugins/markdown-actions/libmarkdown-actions.so
[375/379] Linking target plugins/brackets-completion/libbrackets-completion.so
[376/379] Linking target plugins/word-completion/libword-completion.so
[377/379] Linking target src/io.elementary.code
[378/379] Linking target plugins/fuzzy-search/libfuzzy-search.so
[379/379] Linking target plugins/pastebin/libpastebin.so
INFO: autodetecting backend as ninja
INFO: calculating backend command to run: /usr/bin/ninja -C /build/pantheon-code-git/src/build
