cd src/ && ( test -e Makefile || /usr/bin/qmake -o Makefile /build/qt5-3d/src/kde-qt3d/src/src.pro ) && make -f Makefile install
make[1]: Entering directory '/build/qt5-3d/src/build/src'
cd core/ && ( test -e Makefile || /usr/bin/qmake -o Makefile /build/qt5-3d/src/kde-qt3d/src/core/core.pro ) && make -f Makefile install
make[2]: Entering directory '/build/qt5-3d/src/build/src/core'
/usr/bin/qmake -install qinstall -exe ../../lib/libQt53DCore.so.5.15.18 /build/qt5-3d/pkg/qt5-3d/usr/lib/libQt53DCore.so.5.15.18
/usr/bin/qmake -install qinstall /build/qt5-3d/src/build/include/Qt3DCore/QAspectJobPtr /build/qt5-3d/pkg/qt5-3d/usr/include/qt/Qt3DCore/QAspectJobPtr
/usr/bin/qmake -install qinstall /build/qt5-3d/src/kde-qt3d/src/core/qt3dcore_global.h /build/qt5-3d/pkg/qt5-3d/usr/include/qt/Qt3DCore/qt3dcore_global.h
/usr/bin/qmake -install qinstall /build/qt5-3d/src/kde-qt3d/src/core/corelogging_p.h /build/qt5-3d/pkg/qt5-3d/usr/include/qt/Qt3DCore/5.15.18/Qt3DCore/private/corelogging_p.h
/usr/bin/qmake -install qinstall /build/qt5-3d/src/build/mkspecs/modules-inst/qt_lib_3dcore.pri /build/qt5-3d/pkg/qt5-3d/usr/lib/qt/mkspecs/modules/qt_lib_3dcore.pri
/usr/bin/qmake -install qinstall /build/qt5-3d/src/build/mkspecs/modules-inst/qt_lib_3dcore_private.pri /build/qt5-3d/pkg/qt5-3d/usr/lib/qt/mkspecs/modules/qt_lib_3dcore_private.pri
/usr/bin/qmake -install qinstall /build/qt5-3d/src/build/lib/cmake/Qt53DCore/Qt53DCoreConfig.cmake /build/qt5-3d/pkg/qt5-3d/usr/lib/cmake/Qt53DCore/Qt53DCoreConfig.cmake
/usr/bin/qmake -install qinstall /build/qt5-3d/src/build/include/Qt3DCore/QBackendNodeMapperPtr /build/qt5-3d/pkg/qt5-3d/usr/include/qt/Qt3DCore/QBackendNodeMapperPtr
/usr/bin/qmake -install qinstall /build/qt5-3d/src/build/lib/cmake/Qt53DCore/Qt53DCoreConfigVersion.cmake /build/qt5-3d/pkg/qt5-3d/usr/lib/cmake/Qt53DCore/Qt53DCoreConfigVersion.cmake
/usr/bin/qmake -install qinstall /build/qt5-3d/src/kde-qt3d/src/core/qchangearbiter_p.h /build/qt5-3d/pkg/qt5-3d/usr/include/qt/Qt3DCore/5.15.18/Qt3DCore/private/qchangearbiter_p.h
/usr/bin/qmake -install qinstall /build/qt5-3d/src/kde-qt3d/src/core/aspects/qabstractaspect.h /build/qt5-3d/pkg/qt5-3d/usr/include/qt/Qt3DCore/qabstractaspect.h
/usr/bin/qmake -install qinstall /build/qt5-3d/src/build/include/Qt3DCore/QAbstractAspect /build/qt5-3d/pkg/qt5-3d/usr/include/qt/Qt3DCore/QAbstractAspect
/usr/bin/qmake -install qinstall /build/qt5-3d/src/build/include/Qt3DCore/QEntityPtr /build/qt5-3d/pkg/qt5-3d/usr/include/qt/Qt3DCore/QEntityPtr
/usr/bin/qmake -install qinstall /build/qt5-3d/src/kde-qt3d/src/core/qlockableobserverinterface_p.h /build/qt5-3d/pkg/qt5-3d/usr/include/qt/Qt3DCore/5.15.18/Qt3DCore/private/qlockableobserverinterface_p.h
/usr/bin/qmake -install qinstall /build/qt5-3d/src/kde-qt3d/src/core/aspects/qaspectengine.h /build/qt5-3d/pkg/qt5-3d/usr/include/qt/Qt3DCore/qaspectengine.h
/usr/bin/qmake -install qinstall /build/qt5-3d/src/build/include/Qt3DCore/QAspectEngine /build/qt5-3d/pkg/qt5-3d/usr/include/qt/Qt3DCore/QAspectEngine
/usr/bin/qmake -install qinstall /build/qt5-3d/src/kde-qt3d/src/core/qobservableinterface_p.h /build/qt5-3d/pkg/qt5-3d/usr/include/qt/Qt3DCore/5.15.18/Qt3DCore/private/qobservableinterface_p.h
/usr/bin/qmake -install qinstall /build/qt5-3d/src/kde-qt3d/src/core/changes/qcomponentaddedchange.h /build/qt5-3d/pkg/qt5-3d/usr/include/qt/Qt3DCore/qcomponentaddedchange.h
/usr/bin/qmake -install qinstall /build/qt5-3d/src/kde-qt3d/src/core/qobserverinterface_p.h /build/qt5-3d/pkg/qt5-3d/usr/include/qt/Qt3DCore/5.15.18/Qt3DCore/private/qobserverinterface_p.h
/usr/bin/qmake -install qinstall /build/qt5-3d/src/build/include/Qt3DCore/QComponentAddedChange /build/qt5-3d/pkg/qt5-3d/usr/include/qt/Qt3DCore/QComponentAddedChange
ln -f -s libQt53DCore.so.5.15.18 /build/qt5-3d/pkg/qt5-3d/usr/lib/libQt53DCore.so
ln -f -s libQt53DCore.so.5.15.18 /build/qt5-3d/pkg/qt5-3d/usr/lib/libQt53DCore.so.5
ln -f -s libQt53DCore.so.5.15.18 /build/qt5-3d/pkg/qt5-3d/usr/lib/libQt53DCore.so.5.15
/usr/bin/qmake -install qinstall /build/qt5-3d/src/kde-qt3d/src/core/changes/qcomponentremovedchange.h /build/qt5-3d/pkg/qt5-3d/usr/include/qt/Qt3DCore/qcomponentremovedchange.h
/usr/bin/qmake -install qinstall /build/qt5-3d/src/kde-qt3d/src/core/qpostman_p.h /build/qt5-3d/pkg/qt5-3d/usr/include/qt/Qt3DCore/5.15.18/Qt3DCore/private/qpostman_p.h
/usr/bin/qmake -install qinstall /build/qt5-3d/src/build/include/Qt3DCore/QComponentRemovedChange /build/qt5-3d/pkg/qt5-3d/usr/include/qt/Qt3DCore/QComponentRemovedChange
sed  -e 's,/build/qt5-3d/src/build/lib/,$$[QT_INSTALL_LIBS]/,g' -e 's,[^ '\'']*/build/qt5-3d/src/build/lib,,g' -e 's,/usr/lib,$$[QT_INSTALL_LIBS],g' ../../lib/libQt53DCore.prl > /build/qt5-3d/pkg/qt5-3d/usr/lib/libQt53DCore.prl
/usr/bin/qmake -install qinstall /build/qt5-3d/src/kde-qt3d/src/core/qpostman_p_p.h /build/qt5-3d/pkg/qt5-3d/usr/include/qt/Qt3DCore/5.15.18/Qt3DCore/private/qpostman_p_p.h
/usr/bin/qmake -install qinstall /build/qt5-3d/src/kde-qt3d/src/core/changes/qdynamicpropertyupdatedchange.h /build/qt5-3d/pkg/qt5-3d/usr/include/qt/Qt3DCore/qdynamicpropertyupdatedchange.h
/usr/bin/qmake -install qinstall /build/qt5-3d/src/build/include/Qt3DCore/QDynamicPropertyUpdatedChange /build/qt5-3d/pkg/qt5-3d/usr/include/qt/Qt3DCore/QDynamicPropertyUpdatedChange
sed  -e s,/build/qt5-3d/src/build/lib/,=/usr/lib/,g -e 's,[^ '\'']*/build/qt5-3d/src/build/lib,,g' ../../lib/libQt53DCore.la > /build/qt5-3d/pkg/qt5-3d/usr/lib/libQt53DCore.la
/usr/bin/qmake -install qinstall /build/qt5-3d/src/kde-qt3d/src/core/qscene_p.h /build/qt5-3d/pkg/qt5-3d/usr/include/qt/Qt3DCore/5.15.18/Qt3DCore/private/qscene_p.h
/usr/bin/qmake -install qinstall /build/qt5-3d/src/kde-qt3d/src/core/changes/qnodecommand.h /build/qt5-3d/pkg/qt5-3d/usr/include/qt/Qt3DCore/qnodecommand.h
/usr/bin/qmake -install qinstall /build/qt5-3d/src/build/include/Qt3DCore/QNodeCommand /build/qt5-3d/pkg/qt5-3d/usr/include/qt/Qt3DCore/QNodeCommand
sed  -e s,/build/qt5-3d/src/build/lib/,/usr/lib/,g -e 's,[^ '\'']*/build/qt5-3d/src/build/lib,,g' ../../lib/pkgconfig/Qt53DCore.pc > /build/qt5-3d/pkg/qt5-3d/usr/lib/pkgconfig/Qt53DCore.pc
/usr/bin/qmake -install qinstall /build/qt5-3d/src/kde-qt3d/src/core/qscheduler_p.h /build/qt5-3d/pkg/qt5-3d/usr/include/qt/Qt3DCore/5.15.18/Qt3DCore/private/qscheduler_p.h
/usr/bin/qmake -install qinstall /build/qt5-3d/src/kde-qt3d/src/core/changes/qnodecreatedchange.h /build/qt5-3d/pkg/qt5-3d/usr/include/qt/Qt3DCore/qnodecreatedchange.h
/usr/bin/qmake -install qinstall /build/qt5-3d/src/build/include/Qt3DCore/QNodeCommandPtr /build/qt5-3d/pkg/qt5-3d/usr/include/qt/Qt3DCore/QNodeCommandPtr
/usr/bin/qmake -install qinstall /build/qt5-3d/src/kde-qt3d/src/core/qt3dcore_global_p.h /build/qt5-3d/pkg/qt5-3d/usr/include/qt/Qt3DCore/5.15.18/Qt3DCore/private/qt3dcore_global_p.h
/usr/bin/qmake -install qinstall /build/qt5-3d/src/kde-qt3d/src/core/changes/qnodedestroyedchange.h /build/qt5-3d/pkg/qt5-3d/usr/include/qt/Qt3DCore/qnodedestroyedchange.h
/usr/bin/qmake -install qinstall /build/qt5-3d/src/build/include/Qt3DCore/QNodeCreatedChangeBase /build/qt5-3d/pkg/qt5-3d/usr/include/qt/Qt3DCore/QNodeCreatedChangeBase
/usr/bin/qmake -install qinstall /build/qt5-3d/src/kde-qt3d/src/core/qtickclock_p.h /build/qt5-3d/pkg/qt5-3d/usr/include/qt/Qt3DCore/5.15.18/Qt3DCore/private/qtickclock_p.h
/usr/bin/qmake -install qinstall /build/qt5-3d/src/kde-qt3d/src/core/changes/qpropertynodeaddedchange.h /build/qt5-3d/pkg/qt5-3d/usr/include/qt/Qt3DCore/qpropertynodeaddedchange.h
/usr/bin/qmake -install qinstall /build/qt5-3d/src/build/include/Qt3DCore/QNodeCreatedChangeBasePtr /build/qt5-3d/pkg/qt5-3d/usr/include/qt/Qt3DCore/QNodeCreatedChangeBasePtr
/usr/bin/qmake -install qinstall /build/qt5-3d/src/kde-qt3d/src/core/aspects/aspectcommanddebugger_p.h /build/qt5-3d/pkg/qt5-3d/usr/include/qt/Qt3DCore/5.15.18/Qt3DCore/private/aspectcommanddebugger_p.h
/usr/bin/qmake -install qinstall /build/qt5-3d/src/kde-qt3d/src/core/changes/qpropertynoderemovedchange.h /build/qt5-3d/pkg/qt5-3d/usr/include/qt/Qt3DCore/qpropertynoderemovedchange.h
/usr/bin/qmake -install qinstall /build/qt5-3d/src/build/include/Qt3DCore/QNodeCreatedChange /build/qt5-3d/pkg/qt5-3d/usr/include/qt/Qt3DCore/QNodeCreatedChange
/usr/bin/qmake -install qinstall /build/qt5-3d/src/kde-qt3d/src/core/aspects/qabstractaspect_p.h /build/qt5-3d/pkg/qt5-3d/usr/include/qt/Qt3DCore/5.15.18/Qt3DCore/private/qabstractaspect_p.h
/usr/bin/qmake -install qinstall /build/qt5-3d/src/kde-qt3d/src/core/changes/qpropertyupdatedchange.h /build/qt5-3d/pkg/qt5-3d/usr/include/qt/Qt3DCore/qpropertyupdatedchange.h
/usr/bin/qmake -install qinstall /build/qt5-3d/src/build/include/Qt3DCore/QNodeDestroyedChange /build/qt5-3d/pkg/qt5-3d/usr/include/qt/Qt3DCore/QNodeDestroyedChange
/usr/bin/qmake -install qinstall /build/qt5-3d/src/kde-qt3d/src/core/aspects/qaspectengine_p.h /build/qt5-3d/pkg/qt5-3d/usr/include/qt/Qt3DCore/5.15.18/Qt3DCore/private/qaspectengine_p.h
/usr/bin/qmake -install qinstall /build/qt5-3d/src/kde-qt3d/src/core/changes/qpropertyupdatedchangebase.h /build/qt5-3d/pkg/qt5-3d/usr/include/qt/Qt3DCore/qpropertyupdatedchangebase.h
/usr/bin/qmake -install qinstall /build/qt5-3d/src/build/include/Qt3DCore/QPropertyNodeAddedChange /build/qt5-3d/pkg/qt5-3d/usr/include/qt/Qt3DCore/QPropertyNodeAddedChange
/usr/bin/qmake -install qinstall /build/qt5-3d/src/kde-qt3d/src/core/aspects/qaspectfactory_p.h /build/qt5-3d/pkg/qt5-3d/usr/include/qt/Qt3DCore/5.15.18/Qt3DCore/private/qaspectfactory_p.h
/usr/bin/qmake -install qinstall /build/qt5-3d/src/kde-qt3d/src/core/changes/qpropertyvalueaddedchange.h /build/qt5-3d/pkg/qt5-3d/usr/include/qt/Qt3DCore/qpropertyvalueaddedchange.h
/usr/bin/qmake -install qinstall /build/qt5-3d/src/build/include/Qt3DCore/QPropertyNodeRemovedChange /build/qt5-3d/pkg/qt5-3d/usr/include/qt/Qt3DCore/QPropertyNodeRemovedChange
/usr/bin/qmake -install qinstall /build/qt5-3d/src/kde-qt3d/src/core/aspects/qaspectmanager_p.h /build/qt5-3d/pkg/qt5-3d/usr/include/qt/Qt3DCore/5.15.18/Qt3DCore/private/qaspectmanager_p.h
/usr/bin/qmake -install qinstall /build/qt5-3d/src/build/include/Qt3DCore/QPropertyUpdatedChange /build/qt5-3d/pkg/qt5-3d/usr/include/qt/Qt3DCore/QPropertyUpdatedChange
/usr/bin/qmake -install qinstall /build/qt5-3d/src/kde-qt3d/src/core/changes/qpropertyvalueaddedchangebase.h /build/qt5-3d/pkg/qt5-3d/usr/include/qt/Qt3DCore/qpropertyvalueaddedchangebase.h
/usr/bin/qmake -install qinstall /build/qt5-3d/src/kde-qt3d/src/core/changes/qcomponentaddedchange_p.h /build/qt5-3d/pkg/qt5-3d/usr/include/qt/Qt3DCore/5.15.18/Qt3DCore/private/qcomponentaddedchange_p.h
/usr/bin/qmake -install qinstall /build/qt5-3d/src/build/include/Qt3DCore/QPropertyUpdatedChangeBase /build/qt5-3d/pkg/qt5-3d/usr/include/qt/Qt3DCore/QPropertyUpdatedChangeBase
/usr/bin/qmake -install qinstall /build/qt5-3d/src/kde-qt3d/src/core/changes/qpropertyvalueremovedchange.h /build/qt5-3d/pkg/qt5-3d/usr/include/qt/Qt3DCore/qpropertyvalueremovedchange.h
/usr/bin/qmake -install qinstall /build/qt5-3d/src/kde-qt3d/src/core/changes/qcomponentremovedchange_p.h /build/qt5-3d/pkg/qt5-3d/usr/include/qt/Qt3DCore/5.15.18/Qt3DCore/private/qcomponentremovedchange_p.h
/usr/bin/qmake -install qinstall /build/qt5-3d/src/build/include/Qt3DCore/QPropertyValueAddedChange /build/qt5-3d/pkg/qt5-3d/usr/include/qt/Qt3DCore/QPropertyValueAddedChange
/usr/bin/qmake -install qinstall /build/qt5-3d/src/kde-qt3d/src/core/changes/qpropertyvalueremovedchangebase.h /build/qt5-3d/pkg/qt5-3d/usr/include/qt/Qt3DCore/qpropertyvalueremovedchangebase.h
/usr/bin/qmake -install qinstall /build/qt5-3d/src/kde-qt3d/src/core/changes/qdynamicpropertyupdatedchange_p.h /build/qt5-3d/pkg/qt5-3d/usr/include/qt/Qt3DCore/5.15.18/Qt3DCore/private/qdynamicpropertyupdatedchange_p.h
/usr/bin/qmake -install qinstall /build/qt5-3d/src/build/include/Qt3DCore/QPropertyValueAddedChangeBase /build/qt5-3d/pkg/qt5-3d/usr/include/qt/Qt3DCore/QPropertyValueAddedChangeBase
/usr/bin/qmake -install qinstall /build/qt5-3d/src/kde-qt3d/src/core/changes/qscenechange.h /build/qt5-3d/pkg/qt5-3d/usr/include/qt/Qt3DCore/qscenechange.h
/usr/bin/qmake -install qinstall /build/qt5-3d/src/kde-qt3d/src/core/changes/qnodecommand_p.h /build/qt5-3d/pkg/qt5-3d/usr/include/qt/Qt3DCore/5.15.18/Qt3DCore/private/qnodecommand_p.h
/usr/bin/qmake -install qinstall /build/qt5-3d/src/build/include/Qt3DCore/QPropertyValueRemovedChange /build/qt5-3d/pkg/qt5-3d/usr/include/qt/Qt3DCore/QPropertyValueRemovedChange
/usr/bin/qmake -install qinstall /build/qt5-3d/src/kde-qt3d/src/core/changes/qstaticpropertyupdatedchangebase.h /build/qt5-3d/pkg/qt5-3d/usr/include/qt/Qt3DCore/qstaticpropertyupdatedchangebase.h
/usr/bin/qmake -install qinstall /build/qt5-3d/src/build/include/Qt3DCore/QPropertyValueRemovedChangeBase /build/qt5-3d/pkg/qt5-3d/usr/include/qt/Qt3DCore/QPropertyValueRemovedChangeBase
/usr/bin/qmake -install qinstall /build/qt5-3d/src/kde-qt3d/src/core/changes/qnodecreatedchange_p.h /build/qt5-3d/pkg/qt5-3d/usr/include/qt/Qt3DCore/5.15.18/Qt3DCore/private/qnodecreatedchange_p.h
/usr/bin/qmake -install qinstall /build/qt5-3d/src/kde-qt3d/src/core/changes/qstaticpropertyvalueaddedchangebase.h /build/qt5-3d/pkg/qt5-3d/usr/include/qt/Qt3DCore/qstaticpropertyvalueaddedchangebase.h
/usr/bin/qmake -install qinstall /build/qt5-3d/src/build/include/Qt3DCore/QSceneChange /build/qt5-3d/pkg/qt5-3d/usr/include/qt/Qt3DCore/QSceneChange
/usr/bin/qmake -install qinstall /build/qt5-3d/src/kde-qt3d/src/core/changes/qnodedestroyedchange_p.h /build/qt5-3d/pkg/qt5-3d/usr/include/qt/Qt3DCore/5.15.18/Qt3DCore/private/qnodedestroyedchange_p.h
/usr/bin/qmake -install qinstall /build/qt5-3d/src/kde-qt3d/src/core/changes/qstaticpropertyvalueremovedchangebase.h /build/qt5-3d/pkg/qt5-3d/usr/include/qt/Qt3DCore/qstaticpropertyvalueremovedchangebase.h
/usr/bin/qmake -install qinstall /build/qt5-3d/src/kde-qt3d/src/core/changes/qpropertynodeaddedchange_p.h /build/qt5-3d/pkg/qt5-3d/usr/include/qt/Qt3DCore/5.15.18/Qt3DCore/private/qpropertynodeaddedchange_p.h
/usr/bin/qmake -install qinstall /build/qt5-3d/src/build/include/Qt3DCore/QSceneChangePtr /build/qt5-3d/pkg/qt5-3d/usr/include/qt/Qt3DCore/QSceneChangePtr
/usr/bin/qmake -install qinstall /build/qt5-3d/src/kde-qt3d/src/core/jobs/qaspectjob.h /build/qt5-3d/pkg/qt5-3d/usr/include/qt/Qt3DCore/qaspectjob.h
/usr/bin/qmake -install qinstall /build/qt5-3d/src/kde-qt3d/src/core/changes/qpropertynoderemovedchange_p.h /build/qt5-3d/pkg/qt5-3d/usr/include/qt/Qt3DCore/5.15.18/Qt3DCore/private/qpropertynoderemovedchange_p.h
/usr/bin/qmake -install qinstall /build/qt5-3d/src/build/include/Qt3DCore/QStaticPropertyUpdatedChangeBase /build/qt5-3d/pkg/qt5-3d/usr/include/qt/Qt3DCore/QStaticPropertyUpdatedChangeBase
/usr/bin/qmake -install qinstall /build/qt5-3d/src/kde-qt3d/src/core/nodes/qbackendnode.h /build/qt5-3d/pkg/qt5-3d/usr/include/qt/Qt3DCore/qbackendnode.h
/usr/bin/qmake -install qinstall /build/qt5-3d/src/kde-qt3d/src/core/changes/qpropertyupdatedchange_p.h /build/qt5-3d/pkg/qt5-3d/usr/include/qt/Qt3DCore/5.15.18/Qt3DCore/private/qpropertyupdatedchange_p.h
/usr/bin/qmake -install qinstall /build/qt5-3d/src/build/include/Qt3DCore/QStaticPropertyValueAddedChangeBase /build/qt5-3d/pkg/qt5-3d/usr/include/qt/Qt3DCore/QStaticPropertyValueAddedChangeBase
/usr/bin/qmake -install qinstall /build/qt5-3d/src/kde-qt3d/src/core/nodes/qcomponent.h /build/qt5-3d/pkg/qt5-3d/usr/include/qt/Qt3DCore/qcomponent.h
/usr/bin/qmake -install qinstall /build/qt5-3d/src/build/include/Qt3DCore/QStaticPropertyValueRemovedChangeBase /build/qt5-3d/pkg/qt5-3d/usr/include/qt/Qt3DCore/QStaticPropertyValueRemovedChangeBase
/usr/bin/qmake -install qinstall /build/qt5-3d/src/kde-qt3d/src/core/changes/qpropertyupdatedchangebase_p.h /build/qt5-3d/pkg/qt5-3d/usr/include/qt/Qt3DCore/5.15.18/Qt3DCore/private/qpropertyupdatedchangebase_p.h
/usr/bin/qmake -install qinstall /build/qt5-3d/src/kde-qt3d/src/core/nodes/qentity.h /build/qt5-3d/pkg/qt5-3d/usr/include/qt/Qt3DCore/qentity.h
/usr/bin/qmake -install qinstall /build/qt5-3d/src/build/include/Qt3DCore/QAspectJob /build/qt5-3d/pkg/qt5-3d/usr/include/qt/Qt3DCore/QAspectJob
/usr/bin/qmake -install qinstall /build/qt5-3d/src/kde-qt3d/src/core/changes/qpropertyvalueaddedchange_p.h /build/qt5-3d/pkg/qt5-3d/usr/include/qt/Qt3DCore/5.15.18/Qt3DCore/private/qpropertyvalueaddedchange_p.h
/usr/bin/qmake -install qinstall /build/qt5-3d/src/kde-qt3d/src/core/nodes/qnode.h /build/qt5-3d/pkg/qt5-3d/usr/include/qt/Qt3DCore/qnode.h
/usr/bin/qmake -install qinstall /build/qt5-3d/src/build/include/Qt3DCore/QBackendNodeMapper /build/qt5-3d/pkg/qt5-3d/usr/include/qt/Qt3DCore/QBackendNodeMapper
/usr/bin/qmake -install qinstall /build/qt5-3d/src/kde-qt3d/src/core/changes/qpropertyvalueaddedchangebase_p.h /build/qt5-3d/pkg/qt5-3d/usr/include/qt/Qt3DCore/5.15.18/Qt3DCore/private/qpropertyvalueaddedchangebase_p.h
/usr/bin/qmake -install qinstall /build/qt5-3d/src/kde-qt3d/src/core/nodes/qnodeid.h /build/qt5-3d/pkg/qt5-3d/usr/include/qt/Qt3DCore/qnodeid.h
/usr/bin/qmake -install qinstall /build/qt5-3d/src/build/include/Qt3DCore/QBackendNode /build/qt5-3d/pkg/qt5-3d/usr/include/qt/Qt3DCore/QBackendNode
/usr/bin/qmake -install qinstall /build/qt5-3d/src/kde-qt3d/src/core/changes/qpropertyvalueremovedchange_p.h /build/qt5-3d/pkg/qt5-3d/usr/include/qt/Qt3DCore/5.15.18/Qt3DCore/private/qpropertyvalueremovedchange_p.h
/usr/bin/qmake -install qinstall /build/qt5-3d/src/build/include/Qt3DCore/QComponent /build/qt5-3d/pkg/qt5-3d/usr/include/qt/Qt3DCore/QComponent
/usr/bin/qmake -install qinstall /build/qt5-3d/src/kde-qt3d/src/core/transforms/qabstractskeleton.h /build/qt5-3d/pkg/qt5-3d/usr/include/qt/Qt3DCore/qabstractskeleton.h
/usr/bin/qmake -install qinstall /build/qt5-3d/src/kde-qt3d/src/core/changes/qpropertyvalueremovedchangebase_p.h /build/qt5-3d/pkg/qt5-3d/usr/include/qt/Qt3DCore/5.15.18/Qt3DCore/private/qpropertyvalueremovedchangebase_p.h
/usr/bin/qmake -install qinstall /build/qt5-3d/src/kde-qt3d/src/core/transforms/qarmature.h /build/qt5-3d/pkg/qt5-3d/usr/include/qt/Qt3DCore/qarmature.h
/usr/bin/qmake -install qinstall /build/qt5-3d/src/build/include/Qt3DCore/QComponentVector /build/qt5-3d/pkg/qt5-3d/usr/include/qt/Qt3DCore/QComponentVector
/usr/bin/qmake -install qinstall /build/qt5-3d/src/kde-qt3d/src/core/changes/qscenechange_p.h /build/qt5-3d/pkg/qt5-3d/usr/include/qt/Qt3DCore/5.15.18/Qt3DCore/private/qscenechange_p.h
/usr/bin/qmake -install qinstall /build/qt5-3d/src/kde-qt3d/src/core/transforms/qjoint.h /build/qt5-3d/pkg/qt5-3d/usr/include/qt/Qt3DCore/qjoint.h
/usr/bin/qmake -install qinstall /build/qt5-3d/src/build/include/Qt3DCore/QEntity /build/qt5-3d/pkg/qt5-3d/usr/include/qt/Qt3DCore/QEntity
/usr/bin/qmake -install qinstall /build/qt5-3d/src/kde-qt3d/src/core/changes/qskeletoncreatedchange_p.h /build/qt5-3d/pkg/qt5-3d/usr/include/qt/Qt3DCore/5.15.18/Qt3DCore/private/qskeletoncreatedchange_p.h
/usr/bin/qmake -install qinstall /build/qt5-3d/src/kde-qt3d/src/core/transforms/qskeleton.h /build/qt5-3d/pkg/qt5-3d/usr/include/qt/Qt3DCore/qskeleton.h
/usr/bin/qmake -install qinstall /build/qt5-3d/src/build/include/Qt3DCore/QNodeVector /build/qt5-3d/pkg/qt5-3d/usr/include/qt/Qt3DCore/QNodeVector
/usr/bin/qmake -install qinstall /build/qt5-3d/src/kde-qt3d/src/core/changes/qskeletoncreatedchange_p_p.h /build/qt5-3d/pkg/qt5-3d/usr/include/qt/Qt3DCore/5.15.18/Qt3DCore/private/qskeletoncreatedchange_p_p.h
/usr/bin/qmake -install qinstall /build/qt5-3d/src/build/include/Qt3DCore/QNodePtr /build/qt5-3d/pkg/qt5-3d/usr/include/qt/Qt3DCore/QNodePtr
/usr/bin/qmake -install qinstall /build/qt5-3d/src/kde-qt3d/src/core/transforms/qskeletonloader.h /build/qt5-3d/pkg/qt5-3d/usr/include/qt/Qt3DCore/qskeletonloader.h
/usr/bin/qmake -install qinstall /build/qt5-3d/src/kde-qt3d/src/core/changes/qstaticpropertyupdatedchangebase_p.h /build/qt5-3d/pkg/qt5-3d/usr/include/qt/Qt3DCore/5.15.18/Qt3DCore/private/qstaticpropertyupdatedchangebase_p.h
/usr/bin/qmake -install qinstall /build/qt5-3d/src/build/include/Qt3DCore/QNode /build/qt5-3d/pkg/qt5-3d/usr/include/qt/Qt3DCore/QNode
/usr/bin/qmake -install qinstall /build/qt5-3d/src/kde-qt3d/src/core/transforms/qtransform.h /build/qt5-3d/pkg/qt5-3d/usr/include/qt/Qt3DCore/qtransform.h
/usr/bin/qmake -install qinstall /build/qt5-3d/src/kde-qt3d/src/core/changes/qstaticpropertyvalueaddedchangebase_p.h /build/qt5-3d/pkg/qt5-3d/usr/include/qt/Qt3DCore/5.15.18/Qt3DCore/private/qstaticpropertyvalueaddedchangebase_p.h
/usr/bin/qmake -install qinstall /build/qt5-3d/src/build/include/Qt3DCore/QNodeIdTypePair /build/qt5-3d/pkg/qt5-3d/usr/include/qt/Qt3DCore/QNodeIdTypePair
/usr/bin/qmake -install qinstall /build/qt5-3d/src/build/include/Qt3DCore/Qt3DCoreDepends /build/qt5-3d/pkg/qt5-3d/usr/include/qt/Qt3DCore/Qt3DCoreDepends
/usr/bin/qmake -install qinstall /build/qt5-3d/src/kde-qt3d/src/core/changes/qstaticpropertyvalueremovedchangebase_p.h /build/qt5-3d/pkg/qt5-3d/usr/include/qt/Qt3DCore/5.15.18/Qt3DCore/private/qstaticpropertyvalueremovedchangebase_p.h
/usr/bin/qmake -install qinstall /build/qt5-3d/src/build/include/Qt3DCore/QNodeId /build/qt5-3d/pkg/qt5-3d/usr/include/qt/Qt3DCore/QNodeId
/usr/bin/qmake -install qinstall /build/qt5-3d/src/build/src/core/qt3dcore-config.h /build/qt5-3d/pkg/qt5-3d/usr/include/qt/Qt3DCore/qt3dcore-config.h
/usr/bin/qmake -install qinstall /build/qt5-3d/src/kde-qt3d/src/core/changes/qtypedpropertyupdatechange_p.h /build/qt5-3d/pkg/qt5-3d/usr/include/qt/Qt3DCore/5.15.18/Qt3DCore/private/qtypedpropertyupdatechange_p.h
/usr/bin/qmake -install qinstall /build/qt5-3d/src/build/include/Qt3DCore/QAbstractSkeleton /build/qt5-3d/pkg/qt5-3d/usr/include/qt/Qt3DCore/QAbstractSkeleton
/usr/bin/qmake -install qinstall /build/qt5-3d/src/kde-qt3d/src/core/jobs/qabstractaspectjobmanager_p.h /build/qt5-3d/pkg/qt5-3d/usr/include/qt/Qt3DCore/5.15.18/Qt3DCore/private/qabstractaspectjobmanager_p.h
/usr/bin/qmake -install qinstall /build/qt5-3d/src/build/include/Qt3DCore/QArmature /build/qt5-3d/pkg/qt5-3d/usr/include/qt/Qt3DCore/QArmature
/usr/bin/qmake -install qinstall /build/qt5-3d/src/kde-qt3d/src/core/jobs/qaspectjob_p.h /build/qt5-3d/pkg/qt5-3d/usr/include/qt/Qt3DCore/5.15.18/Qt3DCore/private/qaspectjob_p.h
/usr/bin/qmake -install qinstall /build/qt5-3d/src/build/include/Qt3DCore/QJoint /build/qt5-3d/pkg/qt5-3d/usr/include/qt/Qt3DCore/QJoint
/usr/bin/qmake -install qinstall /build/qt5-3d/src/kde-qt3d/src/core/jobs/qaspectjobmanager_p.h /build/qt5-3d/pkg/qt5-3d/usr/include/qt/Qt3DCore/5.15.18/Qt3DCore/private/qaspectjobmanager_p.h
/usr/bin/qmake -install qinstall /build/qt5-3d/src/build/include/Qt3DCore/QSkeleton /build/qt5-3d/pkg/qt5-3d/usr/include/qt/Qt3DCore/QSkeleton
/usr/bin/qmake -install qinstall /build/qt5-3d/src/kde-qt3d/src/core/jobs/qaspectjobproviderinterface_p.h /build/qt5-3d/pkg/qt5-3d/usr/include/qt/Qt3DCore/5.15.18/Qt3DCore/private/qaspectjobproviderinterface_p.h
/usr/bin/qmake -install qinstall /build/qt5-3d/src/build/include/Qt3DCore/QSkeletonLoader /build/qt5-3d/pkg/qt5-3d/usr/include/qt/Qt3DCore/QSkeletonLoader
/usr/bin/qmake -install qinstall /build/qt5-3d/src/kde-qt3d/src/core/jobs/qthreadpooler_p.h /build/qt5-3d/pkg/qt5-3d/usr/include/qt/Qt3DCore/5.15.18/Qt3DCore/private/qthreadpooler_p.h
/usr/bin/qmake -install qinstall /build/qt5-3d/src/build/include/Qt3DCore/QTransform /build/qt5-3d/pkg/qt5-3d/usr/include/qt/Qt3DCore/QTransform
/usr/bin/qmake -install qinstall /build/qt5-3d/src/kde-qt3d/src/core/jobs/task_p.h /build/qt5-3d/pkg/qt5-3d/usr/include/qt/Qt3DCore/5.15.18/Qt3DCore/private/task_p.h
/usr/bin/qmake -install qinstall /build/qt5-3d/src/build/include/Qt3DCore/qt3dcoreversion.h /build/qt5-3d/pkg/qt5-3d/usr/include/qt/Qt3DCore/qt3dcoreversion.h
/usr/bin/qmake -install qinstall /build/qt5-3d/src/kde-qt3d/src/core/nodes/propertychangehandler_p.h /build/qt5-3d/pkg/qt5-3d/usr/include/qt/Qt3DCore/5.15.18/Qt3DCore/private/propertychangehandler_p.h
/usr/bin/qmake -install qinstall /build/qt5-3d/src/build/include/Qt3DCore/Qt3DCoreVersion /build/qt5-3d/pkg/qt5-3d/usr/include/qt/Qt3DCore/Qt3DCoreVersion
/usr/bin/qmake -install qinstall /build/qt5-3d/src/kde-qt3d/src/core/nodes/qabstractnodefactory_p.h /build/qt5-3d/pkg/qt5-3d/usr/include/qt/Qt3DCore/5.15.18/Qt3DCore/private/qabstractnodefactory_p.h
/usr/bin/qmake -install qinstall /build/qt5-3d/src/build/include/Qt3DCore/Qt3DCore /build/qt5-3d/pkg/qt5-3d/usr/include/qt/Qt3DCore/Qt3DCore
/usr/bin/qmake -install qinstall /build/qt5-3d/src/kde-qt3d/src/core/nodes/qbackendnode_p.h /build/qt5-3d/pkg/qt5-3d/usr/include/qt/Qt3DCore/5.15.18/Qt3DCore/private/qbackendnode_p.h
/usr/bin/qmake -install qinstall /build/qt5-3d/src/kde-qt3d/src/core/nodes/qcomponent_p.h /build/qt5-3d/pkg/qt5-3d/usr/include/qt/Qt3DCore/5.15.18/Qt3DCore/private/qcomponent_p.h
/usr/bin/qmake -install qinstall /build/qt5-3d/src/kde-qt3d/src/core/nodes/qdestructionidandtypecollector_p.h /build/qt5-3d/pkg/qt5-3d/usr/include/qt/Qt3DCore/5.15.18/Qt3DCore/private/qdestructionidandtypecollector_p.h
/usr/bin/qmake -install qinstall /build/qt5-3d/src/kde-qt3d/src/core/nodes/qentity_p.h /build/qt5-3d/pkg/qt5-3d/usr/include/qt/Qt3DCore/5.15.18/Qt3DCore/private/qentity_p.h
/usr/bin/qmake -install qinstall /build/qt5-3d/src/kde-qt3d/src/core/nodes/qnode_p.h /build/qt5-3d/pkg/qt5-3d/usr/include/qt/Qt3DCore/5.15.18/Qt3DCore/private/qnode_p.h
/usr/bin/qmake -install qinstall /build/qt5-3d/src/kde-qt3d/src/core/nodes/qnodecreatedchangegenerator_p.h /build/qt5-3d/pkg/qt5-3d/usr/include/qt/Qt3DCore/5.15.18/Qt3DCore/private/qnodecreatedchangegenerator_p.h
/usr/bin/qmake -install qinstall /build/qt5-3d/src/kde-qt3d/src/core/nodes/qnodevisitor_p.h /build/qt5-3d/pkg/qt5-3d/usr/include/qt/Qt3DCore/5.15.18/Qt3DCore/private/qnodevisitor_p.h
/usr/bin/qmake -install qinstall /build/qt5-3d/src/kde-qt3d/src/core/resources/qboundedcircularbuffer_p.h /build/qt5-3d/pkg/qt5-3d/usr/include/qt/Qt3DCore/5.15.18/Qt3DCore/private/qboundedcircularbuffer_p.h
/usr/bin/qmake -install qinstall /build/qt5-3d/src/kde-qt3d/src/core/resources/qcircularbuffer_p.h /build/qt5-3d/pkg/qt5-3d/usr/include/qt/Qt3DCore/5.15.18/Qt3DCore/private/qcircularbuffer_p.h
/usr/bin/qmake -install qinstall /build/qt5-3d/src/kde-qt3d/src/core/resources/qframeallocator_p.h /build/qt5-3d/pkg/qt5-3d/usr/include/qt/Qt3DCore/5.15.18/Qt3DCore/private/qframeallocator_p.h
/usr/bin/qmake -install qinstall /build/qt5-3d/src/kde-qt3d/src/core/resources/qframeallocator_p_p.h /build/qt5-3d/pkg/qt5-3d/usr/include/qt/Qt3DCore/5.15.18/Qt3DCore/private/qframeallocator_p_p.h
/usr/bin/qmake -install qinstall /build/qt5-3d/src/kde-qt3d/src/core/resources/qhandle_p.h /build/qt5-3d/pkg/qt5-3d/usr/include/qt/Qt3DCore/5.15.18/Qt3DCore/private/qhandle_p.h
/usr/bin/qmake -install qinstall /build/qt5-3d/src/kde-qt3d/src/core/resources/qloadgltf_p.h /build/qt5-3d/pkg/qt5-3d/usr/include/qt/Qt3DCore/5.15.18/Qt3DCore/private/qloadgltf_p.h
/usr/bin/qmake -install qinstall /build/qt5-3d/src/kde-qt3d/src/core/resources/qresourcemanager_p.h /build/qt5-3d/pkg/qt5-3d/usr/include/qt/Qt3DCore/5.15.18/Qt3DCore/private/qresourcemanager_p.h
/usr/bin/qmake -install qinstall /build/qt5-3d/src/kde-qt3d/src/core/services/nullservices_p.h /build/qt5-3d/pkg/qt5-3d/usr/include/qt/Qt3DCore/5.15.18/Qt3DCore/private/nullservices_p.h
/usr/bin/qmake -install qinstall /build/qt5-3d/src/kde-qt3d/src/core/services/qabstractframeadvanceservice_p.h /build/qt5-3d/pkg/qt5-3d/usr/include/qt/Qt3DCore/5.15.18/Qt3DCore/private/qabstractframeadvanceservice_p.h
/usr/bin/qmake -install qinstall /build/qt5-3d/src/kde-qt3d/src/core/services/qabstractframeadvanceservice_p_p.h /build/qt5-3d/pkg/qt5-3d/usr/include/qt/Qt3DCore/5.15.18/Qt3DCore/private/qabstractframeadvanceservice_p_p.h
/usr/bin/qmake -install qinstall /build/qt5-3d/src/kde-qt3d/src/core/services/qabstractserviceprovider_p.h /build/qt5-3d/pkg/qt5-3d/usr/include/qt/Qt3DCore/5.15.18/Qt3DCore/private/qabstractserviceprovider_p.h
/usr/bin/qmake -install qinstall /build/qt5-3d/src/kde-qt3d/src/core/services/qdownloadhelperservice_p.h /build/qt5-3d/pkg/qt5-3d/usr/include/qt/Qt3DCore/5.15.18/Qt3DCore/private/qdownloadhelperservice_p.h
/usr/bin/qmake -install qinstall /build/qt5-3d/src/kde-qt3d/src/core/services/qdownloadhelperservice_p_p.h /build/qt5-3d/pkg/qt5-3d/usr/include/qt/Qt3DCore/5.15.18/Qt3DCore/private/qdownloadhelperservice_p_p.h
/usr/bin/qmake -install qinstall /build/qt5-3d/src/kde-qt3d/src/core/services/qdownloadnetworkworker_p.h /build/qt5-3d/pkg/qt5-3d/usr/include/qt/Qt3DCore/5.15.18/Qt3DCore/private/qdownloadnetworkworker_p.h
/usr/bin/qmake -install qinstall /build/qt5-3d/src/kde-qt3d/src/core/services/qeventfilterservice_p.h /build/qt5-3d/pkg/qt5-3d/usr/include/qt/Qt3DCore/5.15.18/Qt3DCore/private/qeventfilterservice_p.h
/usr/bin/qmake -install qinstall /build/qt5-3d/src/kde-qt3d/src/core/services/qopenglinformationservice_p.h /build/qt5-3d/pkg/qt5-3d/usr/include/qt/Qt3DCore/5.15.18/Qt3DCore/private/qopenglinformationservice_p.h
/usr/bin/qmake -install qinstall /build/qt5-3d/src/kde-qt3d/src/core/services/qopenglinformationservice_p_p.h /build/qt5-3d/pkg/qt5-3d/usr/include/qt/Qt3DCore/5.15.18/Qt3DCore/private/qopenglinformationservice_p_p.h
/usr/bin/qmake -install qinstall /build/qt5-3d/src/kde-qt3d/src/core/services/qservicelocator_p.h /build/qt5-3d/pkg/qt5-3d/usr/include/qt/Qt3DCore/5.15.18/Qt3DCore/private/qservicelocator_p.h
/usr/bin/qmake -install qinstall /build/qt5-3d/src/kde-qt3d/src/core/services/qsysteminformationservice_p.h /build/qt5-3d/pkg/qt5-3d/usr/include/qt/Qt3DCore/5.15.18/Qt3DCore/private/qsysteminformationservice_p.h
/usr/bin/qmake -install qinstall /build/qt5-3d/src/kde-qt3d/src/core/services/qsysteminformationservice_p_p.h /build/qt5-3d/pkg/qt5-3d/usr/include/qt/Qt3DCore/5.15.18/Qt3DCore/private/qsysteminformationservice_p_p.h
/usr/bin/qmake -install qinstall /build/qt5-3d/src/kde-qt3d/src/core/services/qtickclockservice_p.h /build/qt5-3d/pkg/qt5-3d/usr/include/qt/Qt3DCore/5.15.18/Qt3DCore/private/qtickclockservice_p.h
/usr/bin/qmake -install qinstall /build/qt5-3d/src/kde-qt3d/src/core/transforms/matrix4x4_avx2_p.h /build/qt5-3d/pkg/qt5-3d/usr/include/qt/Qt3DCore/5.15.18/Qt3DCore/private/matrix4x4_avx2_p.h
/usr/bin/qmake -install qinstall /build/qt5-3d/src/kde-qt3d/src/core/transforms/matrix4x4_p.h /build/qt5-3d/pkg/qt5-3d/usr/include/qt/Qt3DCore/5.15.18/Qt3DCore/private/matrix4x4_p.h
/usr/bin/qmake -install qinstall /build/qt5-3d/src/kde-qt3d/src/core/transforms/matrix4x4_sse_p.h /build/qt5-3d/pkg/qt5-3d/usr/include/qt/Qt3DCore/5.15.18/Qt3DCore/private/matrix4x4_sse_p.h
/usr/bin/qmake -install qinstall /build/qt5-3d/src/kde-qt3d/src/core/transforms/qabstractskeleton_p.h /build/qt5-3d/pkg/qt5-3d/usr/include/qt/Qt3DCore/5.15.18/Qt3DCore/private/qabstractskeleton_p.h
/usr/bin/qmake -install qinstall /build/qt5-3d/src/kde-qt3d/src/core/transforms/qarmature_p.h /build/qt5-3d/pkg/qt5-3d/usr/include/qt/Qt3DCore/5.15.18/Qt3DCore/private/qarmature_p.h
/usr/bin/qmake -install qinstall /build/qt5-3d/src/kde-qt3d/src/core/transforms/qjoint_p.h /build/qt5-3d/pkg/qt5-3d/usr/include/qt/Qt3DCore/5.15.18/Qt3DCore/private/qjoint_p.h
/usr/bin/qmake -install qinstall /build/qt5-3d/src/kde-qt3d/src/core/transforms/qmath3d_p.h /build/qt5-3d/pkg/qt5-3d/usr/include/qt/Qt3DCore/5.15.18/Qt3DCore/private/qmath3d_p.h
/usr/bin/qmake -install qinstall /build/qt5-3d/src/kde-qt3d/src/core/transforms/qskeleton_p.h /build/qt5-3d/pkg/qt5-3d/usr/include/qt/Qt3DCore/5.15.18/Qt3DCore/private/qskeleton_p.h
/usr/bin/qmake -install qinstall /build/qt5-3d/src/kde-qt3d/src/core/transforms/qskeletonloader_p.h /build/qt5-3d/pkg/qt5-3d/usr/include/qt/Qt3DCore/5.15.18/Qt3DCore/private/qskeletonloader_p.h
/usr/bin/qmake -install qinstall /build/qt5-3d/src/kde-qt3d/src/core/transforms/qtransform_p.h /build/qt5-3d/pkg/qt5-3d/usr/include/qt/Qt3DCore/5.15.18/Qt3DCore/private/qtransform_p.h
/usr/bin/qmake -install qinstall /build/qt5-3d/src/kde-qt3d/src/core/transforms/sqt_p.h /build/qt5-3d/pkg/qt5-3d/usr/include/qt/Qt3DCore/5.15.18/Qt3DCore/private/sqt_p.h
/usr/bin/qmake -install qinstall /build/qt5-3d/src/kde-qt3d/src/core/transforms/vector3d_p.h /build/qt5-3d/pkg/qt5-3d/usr/include/qt/Qt3DCore/5.15.18/Qt3DCore/private/vector3d_p.h
/usr/bin/qmake -install qinstall /build/qt5-3d/src/kde-qt3d/src/core/transforms/vector3d_sse_p.h /build/qt5-3d/pkg/qt5-3d/usr/include/qt/Qt3DCore/5.15.18/Qt3DCore/private/vector3d_sse_p.h
/usr/bin/qmake -install qinstall /build/qt5-3d/src/kde-qt3d/src/core/transforms/vector4d_p.h /build/qt5-3d/pkg/qt5-3d/usr/include/qt/Qt3DCore/5.15.18/Qt3DCore/private/vector4d_p.h
/usr/bin/qmake -install qinstall /build/qt5-3d/src/kde-qt3d/src/core/transforms/vector4d_sse_p.h /build/qt5-3d/pkg/qt5-3d/usr/include/qt/Qt3DCore/5.15.18/Qt3DCore/private/vector4d_sse_p.h
/usr/bin/qmake -install qinstall /build/qt5-3d/src/build/src/core/qt3dcore-config_p.h /build/qt5-3d/pkg/qt5-3d/usr/include/qt/Qt3DCore/5.15.18/Qt3DCore/private/qt3dcore-config_p.h
make[2]: Leaving directory '/build/qt5-3d/src/build/src/core'
cd input/ && ( test -e Makefile || /usr/bin/qmake -o Makefile /build/qt5-3d/src/kde-qt3d/src/input/input.pro ) && make -f Makefile install
cd logic/ && ( test -e Makefile || /usr/bin/qmake -o Makefile /build/qt5-3d/src/kde-qt3d/src/logic/logic.pro ) && make -f Makefile install
cd render/ && ( test -e Makefile || /usr/bin/qmake -o Makefile /build/qt5-3d/src/kde-qt3d/src/render/render.pro ) && make -f Makefile install
cd quick3d/quick3d/ && ( test -e Makefile || /usr/bin/qmake -o Makefile /build/qt5-3d/src/kde-qt3d/src/quick3d/quick3d/quick3d.pro ) && make -f Makefile install
make[2]: Entering directory '/build/qt5-3d/src/build/src/quick3d/quick3d'
make[2]: Entering directory '/build/qt5-3d/src/build/src/logic'
/usr/bin/qmake -install qinstall -exe ../../../lib/libQt53DQuick.so.5.15.18 /build/qt5-3d/pkg/qt5-3d/usr/lib/libQt53DQuick.so.5.15.18
/usr/bin/qmake -install qinstall /build/qt5-3d/src/build/include/Qt3DQuick/QQmlAspectEngine /build/qt5-3d/pkg/qt5-3d/usr/include/qt/Qt3DQuick/QQmlAspectEngine
/usr/bin/qmake -install qinstall /build/qt5-3d/src/build/mkspecs/modules-inst/qt_lib_3dquick.pri /build/qt5-3d/pkg/qt5-3d/usr/lib/qt/mkspecs/modules/qt_lib_3dquick.pri
/usr/bin/qmake -install qinstall /build/qt5-3d/src/kde-qt3d/src/quick3d/quick3d/qqmlaspectengine.h /build/qt5-3d/pkg/qt5-3d/usr/include/qt/Qt3DQuick/qqmlaspectengine.h
/usr/bin/qmake -install qinstall /build/qt5-3d/src/kde-qt3d/src/quick3d/quick3d/qqmlaspectengine_p.h /build/qt5-3d/pkg/qt5-3d/usr/include/qt/Qt3DQuick/5.15.18/Qt3DQuick/private/qqmlaspectengine_p.h
/usr/bin/qmake -install qinstall /build/qt5-3d/src/build/mkspecs/modules-inst/qt_lib_3dquick_private.pri /build/qt5-3d/pkg/qt5-3d/usr/lib/qt/mkspecs/modules/qt_lib_3dquick_private.pri
/usr/bin/qmake -install qinstall /build/qt5-3d/src/build/lib/cmake/Qt53DQuick/Qt53DQuickConfig.cmake /build/qt5-3d/pkg/qt5-3d/usr/lib/cmake/Qt53DQuick/Qt53DQuickConfig.cmake
/usr/bin/qmake -install qinstall -exe ../../lib/libQt53DLogic.so.5.15.18 /build/qt5-3d/pkg/qt5-3d/usr/lib/libQt53DLogic.so.5.15.18
/usr/bin/qmake -install qinstall /build/qt5-3d/src/build/mkspecs/modules-inst/qt_lib_3dlogic.pri /build/qt5-3d/pkg/qt5-3d/usr/lib/qt/mkspecs/modules/qt_lib_3dlogic.pri
/usr/bin/qmake -install qinstall /build/qt5-3d/src/build/mkspecs/modules-inst/qt_lib_3dlogic_private.pri /build/qt5-3d/pkg/qt5-3d/usr/lib/qt/mkspecs/modules/qt_lib_3dlogic_private.pri
/usr/bin/qmake -install qinstall /build/qt5-3d/src/build/include/Qt3DLogic/QFrameAction /build/qt5-3d/pkg/qt5-3d/usr/include/qt/Qt3DLogic/QFrameAction
/usr/bin/qmake -install qinstall /build/qt5-3d/src/kde-qt3d/src/logic/qframeaction.h /build/qt5-3d/pkg/qt5-3d/usr/include/qt/Qt3DLogic/qframeaction.h
/usr/bin/qmake -install qinstall /build/qt5-3d/src/kde-qt3d/src/logic/callbackjob_p.h /build/qt5-3d/pkg/qt5-3d/usr/include/qt/Qt3DLogic/5.15.18/Qt3DLogic/private/callbackjob_p.h
/usr/bin/qmake -install qinstall /build/qt5-3d/src/build/lib/cmake/Qt53DLogic/Qt53DLogicConfig.cmake /build/qt5-3d/pkg/qt5-3d/usr/lib/cmake/Qt53DLogic/Qt53DLogicConfig.cmake
/usr/bin/qmake -install qinstall /build/qt5-3d/src/build/include/Qt3DQuick/qt3dquickversion.h /build/qt5-3d/pkg/qt5-3d/usr/include/qt/Qt3DQuick/qt3dquickversion.h
make[2]: Entering directory '/build/qt5-3d/src/build/src/input'
/usr/bin/qmake -install qinstall /build/qt5-3d/src/kde-qt3d/src/quick3d/quick3d/qt3dquick_global.h /build/qt5-3d/pkg/qt5-3d/usr/include/qt/Qt3DQuick/qt3dquick_global.h
/usr/bin/qmake -install qinstall /build/qt5-3d/src/kde-qt3d/src/quick3d/quick3d/qquaternionanimation_p.h /build/qt5-3d/pkg/qt5-3d/usr/include/qt/Qt3DQuick/5.15.18/Qt3DQuick/private/qquaternionanimation_p.h
/usr/bin/qmake -install qinstall /build/qt5-3d/src/build/lib/cmake/Qt53DQuick/Qt53DQuickConfigVersion.cmake /build/qt5-3d/pkg/qt5-3d/usr/lib/cmake/Qt53DQuick/Qt53DQuickConfigVersion.cmake
ln -f -s libQt53DQuick.so.5.15.18 /build/qt5-3d/pkg/qt5-3d/usr/lib/libQt53DQuick.so
/usr/bin/qmake -install qinstall -exe ../../lib/libQt53DInput.so.5.15.18 /build/qt5-3d/pkg/qt5-3d/usr/lib/libQt53DInput.so.5.15.18
ln -f -s libQt53DQuick.so.5.15.18 /build/qt5-3d/pkg/qt5-3d/usr/lib/libQt53DQuick.so.5
/usr/bin/qmake -install qinstall /build/qt5-3d/src/build/mkspecs/modules-inst/qt_lib_3dinput.pri /build/qt5-3d/pkg/qt5-3d/usr/lib/qt/mkspecs/modules/qt_lib_3dinput.pri
/usr/bin/qmake -install qinstall /build/qt5-3d/src/build/mkspecs/modules-inst/qt_lib_3dinput_private.pri /build/qt5-3d/pkg/qt5-3d/usr/lib/qt/mkspecs/modules/qt_lib_3dinput_private.pri
ln -f -s libQt53DQuick.so.5.15.18 /build/qt5-3d/pkg/qt5-3d/usr/lib/libQt53DQuick.so.5.15
/usr/bin/qmake -install qinstall /build/qt5-3d/src/build/include/Qt3DInput/QAbstractActionInput /build/qt5-3d/pkg/qt5-3d/usr/include/qt/Qt3DInput/QAbstractActionInput
/usr/bin/qmake -install qinstall /build/qt5-3d/src/kde-qt3d/src/input/qt3dinput_global_p.h /build/qt5-3d/pkg/qt5-3d/usr/include/qt/Qt3DInput/5.15.18/Qt3DInput/private/qt3dinput_global_p.h
/usr/bin/qmake -install qinstall /build/qt5-3d/src/kde-qt3d/src/logic/executor_p.h /build/qt5-3d/pkg/qt5-3d/usr/include/qt/Qt3DLogic/5.15.18/Qt3DLogic/private/executor_p.h
/usr/bin/qmake -install qinstall /build/qt5-3d/src/kde-qt3d/src/input/qt3dinput_global.h /build/qt5-3d/pkg/qt5-3d/usr/include/qt/Qt3DInput/qt3dinput_global.h
/usr/bin/qmake -install qinstall /build/qt5-3d/src/build/include/Qt3DQuick/Qt3DQuickVersion /build/qt5-3d/pkg/qt5-3d/usr/include/qt/Qt3DQuick/Qt3DQuickVersion
ln -f -s libQt53DLogic.so.5.15.18 /build/qt5-3d/pkg/qt5-3d/usr/lib/libQt53DLogic.so
/usr/bin/qmake -install qinstall /build/qt5-3d/src/build/lib/cmake/Qt53DInput/Qt53DInputConfig.cmake /build/qt5-3d/pkg/qt5-3d/usr/lib/cmake/Qt53DInput/Qt53DInputConfig.cmake
/usr/bin/qmake -install qinstall /build/qt5-3d/src/build/include/Qt3DLogic/QLogicAspect /build/qt5-3d/pkg/qt5-3d/usr/include/qt/Qt3DLogic/QLogicAspect
/usr/bin/qmake -install qinstall /build/qt5-3d/src/kde-qt3d/src/logic/qlogicaspect.h /build/qt5-3d/pkg/qt5-3d/usr/include/qt/Qt3DLogic/qlogicaspect.h
/usr/bin/qmake -install qinstall /build/qt5-3d/src/build/lib/cmake/Qt53DLogic/Qt53DLogicConfigVersion.cmake /build/qt5-3d/pkg/qt5-3d/usr/lib/cmake/Qt53DLogic/Qt53DLogicConfigVersion.cmake
ln -f -s libQt53DLogic.so.5.15.18 /build/qt5-3d/pkg/qt5-3d/usr/lib/libQt53DLogic.so.5
/usr/bin/qmake -install qinstall /build/qt5-3d/src/build/include/Qt3DQuick/Qt3DQuickDepends /build/qt5-3d/pkg/qt5-3d/usr/include/qt/Qt3DQuick/Qt3DQuickDepends
/usr/bin/qmake -install qinstall /build/qt5-3d/src/kde-qt3d/src/quick3d/quick3d/qt3dquick_global_p.h /build/qt5-3d/pkg/qt5-3d/usr/include/qt/Qt3DQuick/5.15.18/Qt3DQuick/private/qt3dquick_global_p.h
ln -f -s libQt53DLogic.so.5.15.18 /build/qt5-3d/pkg/qt5-3d/usr/lib/libQt53DLogic.so.5.15
sed  -e 's,/build/qt5-3d/src/build/lib/,$$[QT_INSTALL_LIBS]/,g' -e 's,[^ '\'']*/build/qt5-3d/src/build/lib,,g' -e 's,/usr/lib,$$[QT_INSTALL_LIBS],g' ../../../lib/libQt53DQuick.prl > /build/qt5-3d/pkg/qt5-3d/usr/lib/libQt53DQuick.prl
sed  -e 's,/build/qt5-3d/src/build/lib/,$$[QT_INSTALL_LIBS]/,g' -e 's,[^ '\'']*/build/qt5-3d/src/build/lib,,g' -e 's,/usr/lib,$$[QT_INSTALL_LIBS],g' ../../lib/libQt53DLogic.prl > /build/qt5-3d/pkg/qt5-3d/usr/lib/libQt53DLogic.prl
/usr/bin/qmake -install qinstall /build/qt5-3d/src/build/include/Qt3DLogic/qt3dlogicversion.h /build/qt5-3d/pkg/qt5-3d/usr/include/qt/Qt3DLogic/qt3dlogicversion.h
/usr/bin/qmake -install qinstall /build/qt5-3d/src/kde-qt3d/src/input/backend/abstractactioninput_p.h /build/qt5-3d/pkg/qt5-3d/usr/include/qt/Qt3DInput/5.15.18/Qt3DInput/private/abstractactioninput_p.h
/usr/bin/qmake -install qinstall /build/qt5-3d/src/build/include/Qt3DQuick/Qt3DQuick /build/qt5-3d/pkg/qt5-3d/usr/include/qt/Qt3DQuick/Qt3DQuick
/usr/bin/qmake -install qinstall /build/qt5-3d/src/kde-qt3d/src/logic/handle_types_p.h /build/qt5-3d/pkg/qt5-3d/usr/include/qt/Qt3DLogic/5.15.18/Qt3DLogic/private/handle_types_p.h
/usr/bin/qmake -install qinstall /build/qt5-3d/src/build/include/Qt3DInput/QAbstractAxisInput /build/qt5-3d/pkg/qt5-3d/usr/include/qt/Qt3DInput/QAbstractAxisInput
/usr/bin/qmake -install qinstall /build/qt5-3d/src/kde-qt3d/src/logic/qt3dlogic_global.h /build/qt5-3d/pkg/qt5-3d/usr/include/qt/Qt3DLogic/qt3dlogic_global.h
/usr/bin/qmake -install qinstall /build/qt5-3d/src/kde-qt3d/src/input/frontend/qabstractactioninput.h /build/qt5-3d/pkg/qt5-3d/usr/include/qt/Qt3DInput/qabstractactioninput.h
/usr/bin/qmake -install qinstall /build/qt5-3d/src/build/lib/cmake/Qt53DInput/Qt53DInputConfigVersion.cmake /build/qt5-3d/pkg/qt5-3d/usr/lib/cmake/Qt53DInput/Qt53DInputConfigVersion.cmake
sed  -e s,/build/qt5-3d/src/build/lib/,=/usr/lib/,g -e 's,[^ '\'']*/build/qt5-3d/src/build/lib,,g' ../../../lib/libQt53DQuick.la > /build/qt5-3d/pkg/qt5-3d/usr/lib/libQt53DQuick.la
/usr/bin/qmake -install qinstall /build/qt5-3d/src/kde-qt3d/src/quick3d/quick3d/qt3dquicknodefactory_p.h /build/qt5-3d/pkg/qt5-3d/usr/include/qt/Qt3DQuick/5.15.18/Qt3DQuick/private/qt3dquicknodefactory_p.h
sed  -e s,/build/qt5-3d/src/build/lib/,=/usr/lib/,g -e 's,[^ '\'']*/build/qt5-3d/src/build/lib,,g' ../../lib/libQt53DLogic.la > /build/qt5-3d/pkg/qt5-3d/usr/lib/libQt53DLogic.la
/usr/bin/qmake -install qinstall /build/qt5-3d/src/build/include/Qt3DLogic/Qt3DLogicVersion /build/qt5-3d/pkg/qt5-3d/usr/include/qt/Qt3DLogic/Qt3DLogicVersion
sed  -e s,/build/qt5-3d/src/build/lib/,/usr/lib/,g -e 's,[^ '\'']*/build/qt5-3d/src/build/lib,,g' ../../../lib/pkgconfig/Qt53DQuick.pc > /build/qt5-3d/pkg/qt5-3d/usr/lib/pkgconfig/Qt53DQuick.pc
sed  -e s,/build/qt5-3d/src/build/lib/,/usr/lib/,g -e 's,[^ '\'']*/build/qt5-3d/src/build/lib,,g' ../../lib/pkgconfig/Qt53DLogic.pc > /build/qt5-3d/pkg/qt5-3d/usr/lib/pkgconfig/Qt53DLogic.pc
/usr/bin/qmake -install qinstall /build/qt5-3d/src/kde-qt3d/src/input/frontend/qabstractaxisinput.h /build/qt5-3d/pkg/qt5-3d/usr/include/qt/Qt3DInput/qabstractaxisinput.h
/usr/bin/qmake -install qinstall /build/qt5-3d/src/kde-qt3d/src/logic/handler_p.h /build/qt5-3d/pkg/qt5-3d/usr/include/qt/Qt3DLogic/5.15.18/Qt3DLogic/private/handler_p.h
/usr/bin/qmake -install qinstall /build/qt5-3d/src/kde-qt3d/src/quick3d/quick3d/qt3dquickvaluetypes_p.h /build/qt5-3d/pkg/qt5-3d/usr/include/qt/Qt3DQuick/5.15.18/Qt3DQuick/private/qt3dquickvaluetypes_p.h
/usr/bin/qmake -install qinstall /build/qt5-3d/src/build/include/Qt3DLogic/Qt3DLogicDepends /build/qt5-3d/pkg/qt5-3d/usr/include/qt/Qt3DLogic/Qt3DLogicDepends
/usr/bin/qmake -install qinstall /build/qt5-3d/src/kde-qt3d/src/input/backend/abstractaxisinput_p.h /build/qt5-3d/pkg/qt5-3d/usr/include/qt/Qt3DInput/5.15.18/Qt3DInput/private/abstractaxisinput_p.h
/usr/bin/qmake -install qinstall /build/qt5-3d/src/build/include/Qt3DInput/QAbstractPhysicalDevice /build/qt5-3d/pkg/qt5-3d/usr/include/qt/Qt3DInput/QAbstractPhysicalDevice
/usr/bin/qmake -install qinstall /build/qt5-3d/src/build/include/Qt3DLogic/Qt3DLogic /build/qt5-3d/pkg/qt5-3d/usr/include/qt/Qt3DLogic/Qt3DLogic
ln -f -s libQt53DInput.so.5.15.18 /build/qt5-3d/pkg/qt5-3d/usr/lib/libQt53DInput.so
ln -f -s libQt53DInput.so.5.15.18 /build/qt5-3d/pkg/qt5-3d/usr/lib/libQt53DInput.so.5
ln -f -s libQt53DInput.so.5.15.18 /build/qt5-3d/pkg/qt5-3d/usr/lib/libQt53DInput.so.5.15
make[2]: Entering directory '/build/qt5-3d/src/build/src/render'
/usr/bin/qmake -install qinstall /build/qt5-3d/src/kde-qt3d/src/input/frontend/qabstractphysicaldevice.h /build/qt5-3d/pkg/qt5-3d/usr/include/qt/Qt3DInput/qabstractphysicaldevice.h
/usr/bin/qmake -install qinstall /build/qt5-3d/src/kde-qt3d/src/quick3d/quick3d/items/quick3dentity_p.h /build/qt5-3d/pkg/qt5-3d/usr/include/qt/Qt3DQuick/5.15.18/Qt3DQuick/private/quick3dentity_p.h
/usr/bin/qmake -install qinstall /build/qt5-3d/src/kde-qt3d/src/input/backend/action_p.h /build/qt5-3d/pkg/qt5-3d/usr/include/qt/Qt3DInput/5.15.18/Qt3DInput/private/action_p.h
/usr/bin/qmake -install qinstall -exe ../../lib/libQt53DRender.so.5.15.18 /build/qt5-3d/pkg/qt5-3d/usr/lib/libQt53DRender.so.5.15.18
/usr/bin/qmake -install qinstall /build/qt5-3d/src/kde-qt3d/src/logic/job_common_p.h /build/qt5-3d/pkg/qt5-3d/usr/include/qt/Qt3DLogic/5.15.18/Qt3DLogic/private/job_common_p.h
/usr/bin/qmake -install qinstall /build/qt5-3d/src/build/include/Qt3DInput/QAction /build/qt5-3d/pkg/qt5-3d/usr/include/qt/Qt3DInput/QAction
sed  -e 's,/build/qt5-3d/src/build/lib/,$$[QT_INSTALL_LIBS]/,g' -e 's,[^ '\'']*/build/qt5-3d/src/build/lib,,g' -e 's,/usr/lib,$$[QT_INSTALL_LIBS],g' ../../lib/libQt53DInput.prl > /build/qt5-3d/pkg/qt5-3d/usr/lib/libQt53DInput.prl
/usr/bin/qmake -install qinstall /build/qt5-3d/src/build/mkspecs/modules-inst/qt_lib_3drender.pri /build/qt5-3d/pkg/qt5-3d/usr/lib/qt/mkspecs/modules/qt_lib_3drender.pri
/usr/bin/qmake -install qinstall /build/qt5-3d/src/kde-qt3d/src/render/qt3drender_global.h /build/qt5-3d/pkg/qt5-3d/usr/include/qt/Qt3DRender/qt3drender_global.h
/usr/bin/qmake -install qinstall /build/qt5-3d/src/build/include/Qt3DRender/QBlitFramebuffer /build/qt5-3d/pkg/qt5-3d/usr/include/qt/Qt3DRender/QBlitFramebuffer
/usr/bin/qmake -install qinstall /build/qt5-3d/src/build/mkspecs/modules-inst/qt_lib_3drender_private.pri /build/qt5-3d/pkg/qt5-3d/usr/lib/qt/mkspecs/modules/qt_lib_3drender_private.pri
/usr/bin/qmake -install qinstall /build/qt5-3d/src/kde-qt3d/src/render/aligned_malloc_p.h /build/qt5-3d/pkg/qt5-3d/usr/include/qt/Qt3DRender/5.15.18/Qt3DRender/private/aligned_malloc_p.h
/usr/bin/qmake -install qinstall /build/qt5-3d/src/kde-qt3d/src/quick3d/quick3d/items/quick3dentityloader_p.h /build/qt5-3d/pkg/qt5-3d/usr/include/qt/Qt3DQuick/5.15.18/Qt3DQuick/private/quick3dentityloader_p.h
/usr/bin/qmake -install qinstall /build/qt5-3d/src/build/lib/cmake/Qt53DRender/Qt53DRenderConfig.cmake /build/qt5-3d/pkg/qt5-3d/usr/lib/cmake/Qt53DRender/Qt53DRenderConfig.cmake
/usr/bin/qmake -install qinstall /build/qt5-3d/src/build/include/Qt3DInput/QActionInput /build/qt5-3d/pkg/qt5-3d/usr/include/qt/Qt3DInput/QActionInput
/usr/bin/qmake -install qinstall /build/qt5-3d/src/kde-qt3d/src/logic/manager_p.h /build/qt5-3d/pkg/qt5-3d/usr/include/qt/Qt3DLogic/5.15.18/Qt3DLogic/private/manager_p.h
/usr/bin/qmake -install qinstall /build/qt5-3d/src/kde-qt3d/src/input/frontend/qaction.h /build/qt5-3d/pkg/qt5-3d/usr/include/qt/Qt3DInput/qaction.h
/usr/bin/qmake -install qinstall /build/qt5-3d/src/kde-qt3d/src/input/backend/actioninput_p.h /build/qt5-3d/pkg/qt5-3d/usr/include/qt/Qt3DInput/5.15.18/Qt3DInput/private/actioninput_p.h
sed  -e s,/build/qt5-3d/src/build/lib/,=/usr/lib/,g -e 's,[^ '\'']*/build/qt5-3d/src/build/lib,,g' ../../lib/libQt53DInput.la > /build/qt5-3d/pkg/qt5-3d/usr/lib/libQt53DInput.la
/usr/bin/qmake -install qinstall /build/qt5-3d/src/kde-qt3d/src/render/framegraph/qblitframebuffer.h /build/qt5-3d/pkg/qt5-3d/usr/include/qt/Qt3DRender/qblitframebuffer.h
/usr/bin/qmake -install qinstall /build/qt5-3d/src/build/include/Qt3DInput/QAnalogAxisInput /build/qt5-3d/pkg/qt5-3d/usr/include/qt/Qt3DInput/QAnalogAxisInput
/usr/bin/qmake -install qinstall /build/qt5-3d/src/kde-qt3d/src/logic/managers_p.h /build/qt5-3d/pkg/qt5-3d/usr/include/qt/Qt3DLogic/5.15.18/Qt3DLogic/private/managers_p.h
/usr/bin/qmake -install qinstall /build/qt5-3d/src/build/include/Qt3DRender/QBufferCapture /build/qt5-3d/pkg/qt5-3d/usr/include/qt/Qt3DRender/QBufferCapture
/usr/bin/qmake -install qinstall /build/qt5-3d/src/kde-qt3d/src/quick3d/quick3d/items/quick3dentityloader_p_p.h /build/qt5-3d/pkg/qt5-3d/usr/include/qt/Qt3DQuick/5.15.18/Qt3DQuick/private/quick3dentityloader_p_p.h
/usr/bin/qmake -install qinstall /build/qt5-3d/src/kde-qt3d/src/render/qrendererplugin_p.h /build/qt5-3d/pkg/qt5-3d/usr/include/qt/Qt3DRender/5.15.18/Qt3DRender/private/qrendererplugin_p.h
/usr/bin/qmake -install qinstall /build/qt5-3d/src/build/lib/cmake/Qt53DRender/Qt53DRenderConfigVersion.cmake /build/qt5-3d/pkg/qt5-3d/usr/lib/cmake/Qt53DRender/Qt53DRenderConfigVersion.cmake
sed  -e s,/build/qt5-3d/src/build/lib/,/usr/lib/,g -e 's,[^ '\'']*/build/qt5-3d/src/build/lib,,g' ../../lib/pkgconfig/Qt53DInput.pc > /build/qt5-3d/pkg/qt5-3d/usr/lib/pkgconfig/Qt53DInput.pc
/usr/bin/qmake -install qinstall /build/qt5-3d/src/kde-qt3d/src/input/backend/analogaxisinput_p.h /build/qt5-3d/pkg/qt5-3d/usr/include/qt/Qt3DInput/5.15.18/Qt3DInput/private/analogaxisinput_p.h
/usr/bin/qmake -install qinstall /build/qt5-3d/src/kde-qt3d/src/render/framegraph/qbuffercapture.h /build/qt5-3d/pkg/qt5-3d/usr/include/qt/Qt3DRender/qbuffercapture.h
/usr/bin/qmake -install qinstall /build/qt5-3d/src/kde-qt3d/src/input/frontend/qactioninput.h /build/qt5-3d/pkg/qt5-3d/usr/include/qt/Qt3DInput/qactioninput.h
/usr/bin/qmake -install qinstall /build/qt5-3d/src/build/include/Qt3DInput/QAxis /build/qt5-3d/pkg/qt5-3d/usr/include/qt/Qt3DInput/QAxis
/usr/bin/qmake -install qinstall /build/qt5-3d/src/kde-qt3d/src/logic/qframeaction_p.h /build/qt5-3d/pkg/qt5-3d/usr/include/qt/Qt3DLogic/5.15.18/Qt3DLogic/private/qframeaction_p.h
/usr/bin/qmake -install qinstall /build/qt5-3d/src/kde-qt3d/src/render/qrendererpluginfactory_p.h /build/qt5-3d/pkg/qt5-3d/usr/include/qt/Qt3DRender/5.15.18/Qt3DRender/private/qrendererpluginfactory_p.h
/usr/bin/qmake -install qinstall /build/qt5-3d/src/kde-qt3d/src/quick3d/quick3d/items/quick3djoint_p.h /build/qt5-3d/pkg/qt5-3d/usr/include/qt/Qt3DQuick/5.15.18/Qt3DQuick/private/quick3djoint_p.h
/usr/bin/qmake -install qinstall /build/qt5-3d/src/kde-qt3d/src/input/frontend/qanalogaxisinput.h /build/qt5-3d/pkg/qt5-3d/usr/include/qt/Qt3DInput/qanalogaxisinput.h
/usr/bin/qmake -install qinstall /build/qt5-3d/src/kde-qt3d/src/logic/qlogicaspect_p.h /build/qt5-3d/pkg/qt5-3d/usr/include/qt/Qt3DLogic/5.15.18/Qt3DLogic/private/qlogicaspect_p.h
/usr/bin/qmake -install qinstall /build/qt5-3d/src/build/include/Qt3DRender/QCameraSelector /build/qt5-3d/pkg/qt5-3d/usr/include/qt/Qt3DRender/QCameraSelector
/usr/bin/qmake -install qinstall /build/qt5-3d/src/kde-qt3d/src/input/backend/assignkeyboardfocusjob_p.h /build/qt5-3d/pkg/qt5-3d/usr/include/qt/Qt3DInput/5.15.18/Qt3DInput/private/assignkeyboardfocusjob_p.h
/usr/bin/qmake -install qinstall /build/qt5-3d/src/kde-qt3d/src/render/framegraph/qcameraselector.h /build/qt5-3d/pkg/qt5-3d/usr/include/qt/Qt3DRender/qcameraselector.h
/usr/bin/qmake -install qinstall /build/qt5-3d/src/build/include/Qt3DInput/QAxisAccumulator /build/qt5-3d/pkg/qt5-3d/usr/include/qt/Qt3DInput/QAxisAccumulator
/usr/bin/qmake -install qinstall /build/qt5-3d/src/kde-qt3d/src/render/qt3drender_global_p.h /build/qt5-3d/pkg/qt5-3d/usr/include/qt/Qt3DRender/5.15.18/Qt3DRender/private/qt3drender_global_p.h
/usr/bin/qmake -install qinstall /build/qt5-3d/src/kde-qt3d/src/quick3d/quick3d/items/quick3dnode_p.h /build/qt5-3d/pkg/qt5-3d/usr/include/qt/Qt3DQuick/5.15.18/Qt3DQuick/private/quick3dnode_p.h
/usr/bin/qmake -install qinstall /build/qt5-3d/src/kde-qt3d/src/input/frontend/qaxis.h /build/qt5-3d/pkg/qt5-3d/usr/include/qt/Qt3DInput/qaxis.h
/usr/bin/qmake -install qinstall /build/qt5-3d/src/build/include/Qt3DInput/QAxisSetting /build/qt5-3d/pkg/qt5-3d/usr/include/qt/Qt3DInput/QAxisSetting
/usr/bin/qmake -install qinstall /build/qt5-3d/src/build/include/Qt3DRender/QClearBuffers /build/qt5-3d/pkg/qt5-3d/usr/include/qt/Qt3DRender/QClearBuffers
make[2]: Leaving directory '/build/qt5-3d/src/build/src/logic'
/usr/bin/qmake -install qinstall /build/qt5-3d/src/kde-qt3d/src/input/backend/axis_p.h /build/qt5-3d/pkg/qt5-3d/usr/include/qt/Qt3DInput/5.15.18/Qt3DInput/private/axis_p.h
/usr/bin/qmake -install qinstall /build/qt5-3d/src/kde-qt3d/src/render/framegraph/qclearbuffers.h /build/qt5-3d/pkg/qt5-3d/usr/include/qt/Qt3DRender/qclearbuffers.h
/usr/bin/qmake -install qinstall /build/qt5-3d/src/kde-qt3d/src/render/renderlogging_p.h /build/qt5-3d/pkg/qt5-3d/usr/include/qt/Qt3DRender/5.15.18/Qt3DRender/private/renderlogging_p.h
/usr/bin/qmake -install qinstall /build/qt5-3d/src/kde-qt3d/src/quick3d/quick3d/items/quick3dnodeinstantiator_p.h /build/qt5-3d/pkg/qt5-3d/usr/include/qt/Qt3DQuick/5.15.18/Qt3DQuick/private/quick3dnodeinstantiator_p.h
/usr/bin/qmake -install qinstall /build/qt5-3d/src/kde-qt3d/src/input/frontend/qaxisaccumulator.h /build/qt5-3d/pkg/qt5-3d/usr/include/qt/Qt3DInput/qaxisaccumulator.h
cd quick3d/imports/logic/ && ( test -e Makefile.importslogic || /usr/bin/qmake -o Makefile.importslogic /build/qt5-3d/src/kde-qt3d/src/quick3d/imports/logic/importslogic.pro ) && make -f Makefile.importslogic install
/usr/bin/qmake -install qinstall /build/qt5-3d/src/build/include/Qt3DInput/QButtonAxisInput /build/qt5-3d/pkg/qt5-3d/usr/include/qt/Qt3DInput/QButtonAxisInput
/usr/bin/qmake -install qinstall /build/qt5-3d/src/build/include/Qt3DRender/QDebugOverlay /build/qt5-3d/pkg/qt5-3d/usr/include/qt/Qt3DRender/QDebugOverlay
/usr/bin/qmake -install qinstall /build/qt5-3d/src/kde-qt3d/src/input/backend/axisaccumulator_p.h /build/qt5-3d/pkg/qt5-3d/usr/include/qt/Qt3DInput/5.15.18/Qt3DInput/private/axisaccumulator_p.h
/usr/bin/qmake -install qinstall /build/qt5-3d/src/kde-qt3d/src/render/backend/abstractrenderer_p.h /build/qt5-3d/pkg/qt5-3d/usr/include/qt/Qt3DRender/5.15.18/Qt3DRender/private/abstractrenderer_p.h
/usr/bin/qmake -install qinstall /build/qt5-3d/src/kde-qt3d/src/render/framegraph/qdebugoverlay.h /build/qt5-3d/pkg/qt5-3d/usr/include/qt/Qt3DRender/qdebugoverlay.h
/usr/bin/qmake -install qinstall /build/qt5-3d/src/kde-qt3d/src/input/frontend/qaxissetting.h /build/qt5-3d/pkg/qt5-3d/usr/include/qt/Qt3DInput/qaxissetting.h
/usr/bin/qmake -install qinstall /build/qt5-3d/src/kde-qt3d/src/quick3d/quick3d/items/quick3dnodev9_p.h /build/qt5-3d/pkg/qt5-3d/usr/include/qt/Qt3DQuick/5.15.18/Qt3DQuick/private/quick3dnodev9_p.h
/usr/bin/qmake -install qinstall /build/qt5-3d/src/build/include/Qt3DInput/QInputAspect /build/qt5-3d/pkg/qt5-3d/usr/include/qt/Qt3DInput/QInputAspect
/usr/bin/qmake -install qinstall /build/qt5-3d/src/build/include/Qt3DRender/QDispatchCompute /build/qt5-3d/pkg/qt5-3d/usr/include/qt/Qt3DRender/QDispatchCompute
/usr/bin/qmake -install qinstall /build/qt5-3d/src/kde-qt3d/src/input/backend/axisaccumulatorjob_p.h /build/qt5-3d/pkg/qt5-3d/usr/include/qt/Qt3DInput/5.15.18/Qt3DInput/private/axisaccumulatorjob_p.h
/usr/bin/qmake -install qinstall /build/qt5-3d/src/kde-qt3d/src/render/framegraph/qdispatchcompute.h /build/qt5-3d/pkg/qt5-3d/usr/include/qt/Qt3DRender/qdispatchcompute.h
/usr/bin/qmake -install qinstall /build/qt5-3d/src/kde-qt3d/src/render/backend/apishadermanager_p.h /build/qt5-3d/pkg/qt5-3d/usr/include/qt/Qt3DRender/5.15.18/Qt3DRender/private/apishadermanager_p.h
/usr/bin/qmake -install qinstall /build/qt5-3d/src/kde-qt3d/src/input/frontend/qbuttonaxisinput.h /build/qt5-3d/pkg/qt5-3d/usr/include/qt/Qt3DInput/qbuttonaxisinput.h
/usr/bin/qmake -install qinstall /build/qt5-3d/src/build/include/Qt3DInput/QInputChord /build/qt5-3d/pkg/qt5-3d/usr/include/qt/Qt3DInput/QInputChord
make[2]: Leaving directory '/build/qt5-3d/src/build/src/quick3d/quick3d'
/usr/bin/qmake -install qinstall /build/qt5-3d/src/kde-qt3d/src/render/framegraph/qframegraphnode.h /build/qt5-3d/pkg/qt5-3d/usr/include/qt/Qt3DRender/qframegraphnode.h
/usr/bin/qmake -install qinstall /build/qt5-3d/src/kde-qt3d/src/input/backend/axissetting_p.h /build/qt5-3d/pkg/qt5-3d/usr/include/qt/Qt3DInput/5.15.18/Qt3DInput/private/axissetting_p.h
/usr/bin/qmake -install qinstall /build/qt5-3d/src/build/include/Qt3DRender/QFrameGraphNode /build/qt5-3d/pkg/qt5-3d/usr/include/qt/Qt3DRender/QFrameGraphNode
cd quick3d/imports/core/ && ( test -e Makefile.importscore || /usr/bin/qmake -o Makefile.importscore /build/qt5-3d/src/kde-qt3d/src/quick3d/imports/core/importscore.pro ) && make -f Makefile.importscore install
/usr/bin/qmake -install qinstall /build/qt5-3d/src/kde-qt3d/src/render/backend/attachmentpack_p.h /build/qt5-3d/pkg/qt5-3d/usr/include/qt/Qt3DRender/5.15.18/Qt3DRender/private/attachmentpack_p.h
/usr/bin/qmake -install qinstall /build/qt5-3d/src/kde-qt3d/src/input/frontend/qinputaspect.h /build/qt5-3d/pkg/qt5-3d/usr/include/qt/Qt3DInput/qinputaspect.h
/usr/bin/qmake -install qinstall /build/qt5-3d/src/build/include/Qt3DInput/QInputSequence /build/qt5-3d/pkg/qt5-3d/usr/include/qt/Qt3DInput/QInputSequence
/usr/bin/qmake -install qinstall /build/qt5-3d/src/kde-qt3d/src/render/backend/backendnode_p.h /build/qt5-3d/pkg/qt5-3d/usr/include/qt/Qt3DRender/5.15.18/Qt3DRender/private/backendnode_p.h
/usr/bin/qmake -install qinstall /build/qt5-3d/src/kde-qt3d/src/input/backend/backendnode_p.h /build/qt5-3d/pkg/qt5-3d/usr/include/qt/Qt3DInput/5.15.18/Qt3DInput/private/backendnode_p.h
/usr/bin/qmake -install qinstall /build/qt5-3d/src/kde-qt3d/src/render/framegraph/qframegraphnodecreatedchange.h /build/qt5-3d/pkg/qt5-3d/usr/include/qt/Qt3DRender/qframegraphnodecreatedchange.h
/usr/bin/qmake -install qinstall /build/qt5-3d/src/build/include/Qt3DRender/QFrameGraphNodeCreatedChangeBase /build/qt5-3d/pkg/qt5-3d/usr/include/qt/Qt3DRender/QFrameGraphNodeCreatedChangeBase
/usr/bin/qmake -install qinstall /build/qt5-3d/src/kde-qt3d/src/input/frontend/qinputchord.h /build/qt5-3d/pkg/qt5-3d/usr/include/qt/Qt3DInput/qinputchord.h
make[2]: Entering directory '/build/qt5-3d/src/build/src/quick3d/imports/logic'
/usr/bin/qmake -install qinstall -exe ../../../../qml/Qt3D/Logic/libquick3dlogicplugin.so /build/qt5-3d/pkg/qt5-3d/usr/lib/qt/qml/Qt3D/Logic/libquick3dlogicplugin.so
/usr/bin/qmake -install qinstall /build/qt5-3d/src/kde-qt3d/src/quick3d/imports/logic/plugins.qmltypes /build/qt5-3d/pkg/qt5-3d/usr/lib/qt/qml/Qt3D/Logic/plugins.qmltypes
/usr/bin/qmake -install qinstall /build/qt5-3d/src/kde-qt3d/src/quick3d/imports/logic/qmldir /build/qt5-3d/pkg/qt5-3d/usr/lib/qt/qml/Qt3D/Logic/qmldir
make[2]: Entering directory '/build/qt5-3d/src/build/src/quick3d/imports/core'
/usr/bin/qmake -install qinstall -exe ../../../../qml/Qt3D/Core/libquick3dcoreplugin.so /build/qt5-3d/pkg/qt5-3d/usr/lib/qt/qml/Qt3D/Core/libquick3dcoreplugin.so
/usr/bin/qmake -install qinstall /build/qt5-3d/src/kde-qt3d/src/quick3d/imports/core/qmldir /build/qt5-3d/pkg/qt5-3d/usr/lib/qt/qml/Qt3D/Core/qmldir
/usr/bin/qmake -install qinstall /build/qt5-3d/src/kde-qt3d/src/quick3d/imports/core/plugins.qmltypes /build/qt5-3d/pkg/qt5-3d/usr/lib/qt/qml/Qt3D/Core/plugins.qmltypes
/usr/bin/qmake -install qinstall /build/qt5-3d/src/build/include/Qt3DInput/QInputSettings /build/qt5-3d/pkg/qt5-3d/usr/include/qt/Qt3DInput/QInputSettings
/usr/bin/qmake -install qinstall /build/qt5-3d/src/kde-qt3d/src/input/backend/buttonaxisinput_p.h /build/qt5-3d/pkg/qt5-3d/usr/include/qt/Qt3DInput/5.15.18/Qt3DInput/private/buttonaxisinput_p.h
/usr/bin/qmake -install qinstall /build/qt5-3d/src/kde-qt3d/src/render/backend/boundingvolumedebug_p.h /build/qt5-3d/pkg/qt5-3d/usr/include/qt/Qt3DRender/5.15.18/Qt3DRender/private/boundingvolumedebug_p.h
/usr/bin/qmake -install qinstall /build/qt5-3d/src/kde-qt3d/src/input/frontend/qinputsequence.h /build/qt5-3d/pkg/qt5-3d/usr/include/qt/Qt3DInput/qinputsequence.h
/usr/bin/qmake -install qinstall /build/qt5-3d/src/kde-qt3d/src/render/framegraph/qfrustumculling.h /build/qt5-3d/pkg/qt5-3d/usr/include/qt/Qt3DRender/qfrustumculling.h
/usr/bin/qmake -install qinstall /build/qt5-3d/src/build/include/Qt3DRender/QFrameGraphNodeCreatedChangeBasePtr /build/qt5-3d/pkg/qt5-3d/usr/include/qt/Qt3DRender/QFrameGraphNodeCreatedChangeBasePtr
/usr/bin/qmake -install qinstall /build/qt5-3d/src/build/include/Qt3DInput/QKeyboardDevice /build/qt5-3d/pkg/qt5-3d/usr/include/qt/Qt3DInput/QKeyboardDevice
make[2]: Leaving directory '/build/qt5-3d/src/build/src/quick3d/imports/core'
make[2]: Leaving directory '/build/qt5-3d/src/build/src/quick3d/imports/logic'
ln -f -s libQt53DRender.so.5.15.18 /build/qt5-3d/pkg/qt5-3d/usr/lib/libQt53DRender.so
ln -f -s libQt53DRender.so.5.15.18 /build/qt5-3d/pkg/qt5-3d/usr/lib/libQt53DRender.so.5
ln -f -s libQt53DRender.so.5.15.18 /build/qt5-3d/pkg/qt5-3d/usr/lib/libQt53DRender.so.5.15
/usr/bin/qmake -install qinstall /build/qt5-3d/src/kde-qt3d/src/input/frontend/qinputsettings.h /build/qt5-3d/pkg/qt5-3d/usr/include/qt/Qt3DInput/qinputsettings.h
sed  -e 's,/build/qt5-3d/src/build/lib/,$$[QT_INSTALL_LIBS]/,g' -e 's,[^ '\'']*/build/qt5-3d/src/build/lib,,g' -e 's,/usr/lib,$$[QT_INSTALL_LIBS],g' ../../lib/libQt53DRender.prl > /build/qt5-3d/pkg/qt5-3d/usr/lib/libQt53DRender.prl
/usr/bin/qmake -install qinstall /build/qt5-3d/src/build/include/Qt3DInput/QKeyboardHandler /build/qt5-3d/pkg/qt5-3d/usr/include/qt/Qt3DInput/QKeyboardHandler
/usr/bin/qmake -install qinstall /build/qt5-3d/src/kde-qt3d/src/render/backend/bufferutils_p.h /build/qt5-3d/pkg/qt5-3d/usr/include/qt/Qt3DRender/5.15.18/Qt3DRender/private/bufferutils_p.h
/usr/bin/qmake -install qinstall /build/qt5-3d/src/kde-qt3d/src/input/backend/eventsourcesetterhelper_p.h /build/qt5-3d/pkg/qt5-3d/usr/include/qt/Qt3DInput/5.15.18/Qt3DInput/private/eventsourcesetterhelper_p.h
/usr/bin/qmake -install qinstall /build/qt5-3d/src/kde-qt3d/src/render/framegraph/qlayerfilter.h /build/qt5-3d/pkg/qt5-3d/usr/include/qt/Qt3DRender/qlayerfilter.h
/usr/bin/qmake -install qinstall /build/qt5-3d/src/build/include/Qt3DRender/QFrameGraphNodeCreatedChange /build/qt5-3d/pkg/qt5-3d/usr/include/qt/Qt3DRender/QFrameGraphNodeCreatedChange
/usr/bin/qmake -install qinstall /build/qt5-3d/src/kde-qt3d/src/input/frontend/qkeyboarddevice.h /build/qt5-3d/pkg/qt5-3d/usr/include/qt/Qt3DInput/qkeyboarddevice.h
sed  -e s,/build/qt5-3d/src/build/lib/,=/usr/lib/,g -e 's,[^ '\'']*/build/qt5-3d/src/build/lib,,g' ../../lib/libQt53DRender.la > /build/qt5-3d/pkg/qt5-3d/usr/lib/libQt53DRender.la
/usr/bin/qmake -install qinstall /build/qt5-3d/src/kde-qt3d/src/render/backend/buffervisitor_p.h /build/qt5-3d/pkg/qt5-3d/usr/include/qt/Qt3DRender/5.15.18/Qt3DRender/private/buffervisitor_p.h
/usr/bin/qmake -install qinstall /build/qt5-3d/src/build/include/Qt3DInput/QKeyEventPtr /build/qt5-3d/pkg/qt5-3d/usr/include/qt/Qt3DInput/QKeyEventPtr
/usr/bin/qmake -install qinstall /build/qt5-3d/src/kde-qt3d/src/input/backend/genericdevicebackendnode_p.h /build/qt5-3d/pkg/qt5-3d/usr/include/qt/Qt3DInput/5.15.18/Qt3DInput/private/genericdevicebackendnode_p.h
/usr/bin/qmake -install qinstall /build/qt5-3d/src/kde-qt3d/src/render/framegraph/qmemorybarrier.h /build/qt5-3d/pkg/qt5-3d/usr/include/qt/Qt3DRender/qmemorybarrier.h
/usr/bin/qmake -install qinstall /build/qt5-3d/src/kde-qt3d/src/input/frontend/qkeyboardhandler.h /build/qt5-3d/pkg/qt5-3d/usr/include/qt/Qt3DInput/qkeyboardhandler.h
/usr/bin/qmake -install qinstall /build/qt5-3d/src/build/include/Qt3DRender/QFrustumCulling /build/qt5-3d/pkg/qt5-3d/usr/include/qt/Qt3DRender/QFrustumCulling
/usr/bin/qmake -install qinstall /build/qt5-3d/src/kde-qt3d/src/render/backend/cameralens_p.h /build/qt5-3d/pkg/qt5-3d/usr/include/qt/Qt3DRender/5.15.18/Qt3DRender/private/cameralens_p.h
sed  -e s,/build/qt5-3d/src/build/lib/,/usr/lib/,g -e 's,[^ '\'']*/build/qt5-3d/src/build/lib,,g' ../../lib/pkgconfig/Qt53DRender.pc > /build/qt5-3d/pkg/qt5-3d/usr/lib/pkgconfig/Qt53DRender.pc
/usr/bin/qmake -install qinstall /build/qt5-3d/src/build/include/Qt3DInput/QKeyEvent /build/qt5-3d/pkg/qt5-3d/usr/include/qt/Qt3DInput/QKeyEvent
/usr/bin/qmake -install qinstall /build/qt5-3d/src/kde-qt3d/src/input/backend/handle_types_p.h /build/qt5-3d/pkg/qt5-3d/usr/include/qt/Qt3DInput/5.15.18/Qt3DInput/private/handle_types_p.h
/usr/bin/qmake -install qinstall /build/qt5-3d/src/build/include/Qt3DRender/QLayerFilter /build/qt5-3d/pkg/qt5-3d/usr/include/qt/Qt3DRender/QLayerFilter
/usr/bin/qmake -install qinstall /build/qt5-3d/src/kde-qt3d/src/input/frontend/qkeyevent.h /build/qt5-3d/pkg/qt5-3d/usr/include/qt/Qt3DInput/qkeyevent.h
/usr/bin/qmake -install qinstall /build/qt5-3d/src/kde-qt3d/src/render/framegraph/qnodraw.h /build/qt5-3d/pkg/qt5-3d/usr/include/qt/Qt3DRender/qnodraw.h
/usr/bin/qmake -install qinstall /build/qt5-3d/src/build/include/Qt3DInput/QLogicalDevice /build/qt5-3d/pkg/qt5-3d/usr/include/qt/Qt3DInput/QLogicalDevice
/usr/bin/qmake -install qinstall /build/qt5-3d/src/kde-qt3d/src/render/backend/computecommand_p.h /build/qt5-3d/pkg/qt5-3d/usr/include/qt/Qt3DRender/5.15.18/Qt3DRender/private/computecommand_p.h
/usr/bin/qmake -install qinstall /build/qt5-3d/src/kde-qt3d/src/input/backend/inputbackendnodefunctor_p.h /build/qt5-3d/pkg/qt5-3d/usr/include/qt/Qt3DInput/5.15.18/Qt3DInput/private/inputbackendnodefunctor_p.h
/usr/bin/qmake -install qinstall /build/qt5-3d/src/kde-qt3d/src/input/frontend/qlogicaldevice.h /build/qt5-3d/pkg/qt5-3d/usr/include/qt/Qt3DInput/qlogicaldevice.h
/usr/bin/qmake -install qinstall /build/qt5-3d/src/build/include/Qt3DRender/QMemoryBarrier /build/qt5-3d/pkg/qt5-3d/usr/include/qt/Qt3DRender/QMemoryBarrier
/usr/bin/qmake -install qinstall /build/qt5-3d/src/kde-qt3d/src/render/framegraph/qnopicking.h /build/qt5-3d/pkg/qt5-3d/usr/include/qt/Qt3DRender/qnopicking.h
/usr/bin/qmake -install qinstall /build/qt5-3d/src/kde-qt3d/src/render/backend/entity_p.h /build/qt5-3d/pkg/qt5-3d/usr/include/qt/Qt3DRender/5.15.18/Qt3DRender/private/entity_p.h
/usr/bin/qmake -install qinstall /build/qt5-3d/src/build/include/Qt3DInput/QMouseDevice /build/qt5-3d/pkg/qt5-3d/usr/include/qt/Qt3DInput/QMouseDevice
/usr/bin/qmake -install qinstall /build/qt5-3d/src/kde-qt3d/src/input/backend/inputchord_p.h /build/qt5-3d/pkg/qt5-3d/usr/include/qt/Qt3DInput/5.15.18/Qt3DInput/private/inputchord_p.h
/usr/bin/qmake -install qinstall /build/qt5-3d/src/build/include/Qt3DRender/QNoDraw /build/qt5-3d/pkg/qt5-3d/usr/include/qt/Qt3DRender/QNoDraw
/usr/bin/qmake -install qinstall /build/qt5-3d/src/kde-qt3d/src/input/frontend/qmousedevice.h /build/qt5-3d/pkg/qt5-3d/usr/include/qt/Qt3DInput/qmousedevice.h
/usr/bin/qmake -install qinstall /build/qt5-3d/src/kde-qt3d/src/render/framegraph/qproximityfilter.h /build/qt5-3d/pkg/qt5-3d/usr/include/qt/Qt3DRender/qproximityfilter.h
/usr/bin/qmake -install qinstall /build/qt5-3d/src/build/include/Qt3DInput/QMouseEvent /build/qt5-3d/pkg/qt5-3d/usr/include/qt/Qt3DInput/QMouseEvent
/usr/bin/qmake -install qinstall /build/qt5-3d/src/kde-qt3d/src/render/backend/entity_p_p.h /build/qt5-3d/pkg/qt5-3d/usr/include/qt/Qt3DRender/5.15.18/Qt3DRender/private/entity_p_p.h
/usr/bin/qmake -install qinstall /build/qt5-3d/src/kde-qt3d/src/input/backend/inputhandler_p.h /build/qt5-3d/pkg/qt5-3d/usr/include/qt/Qt3DInput/5.15.18/Qt3DInput/private/inputhandler_p.h
/usr/bin/qmake -install qinstall /build/qt5-3d/src/build/include/Qt3DRender/QNoPicking /build/qt5-3d/pkg/qt5-3d/usr/include/qt/Qt3DRender/QNoPicking
/usr/bin/qmake -install qinstall /build/qt5-3d/src/kde-qt3d/src/input/frontend/qmouseevent.h /build/qt5-3d/pkg/qt5-3d/usr/include/qt/Qt3DInput/qmouseevent.h
/usr/bin/qmake -install qinstall /build/qt5-3d/src/kde-qt3d/src/render/framegraph/qrendercapture.h /build/qt5-3d/pkg/qt5-3d/usr/include/qt/Qt3DRender/qrendercapture.h
/usr/bin/qmake -install qinstall /build/qt5-3d/src/kde-qt3d/src/render/backend/entityaccumulator_p.h /build/qt5-3d/pkg/qt5-3d/usr/include/qt/Qt3DRender/5.15.18/Qt3DRender/private/entityaccumulator_p.h
/usr/bin/qmake -install qinstall /build/qt5-3d/src/kde-qt3d/src/input/backend/inputmanagers_p.h /build/qt5-3d/pkg/qt5-3d/usr/include/qt/Qt3DInput/5.15.18/Qt3DInput/private/inputmanagers_p.h
/usr/bin/qmake -install qinstall /build/qt5-3d/src/build/include/Qt3DInput/QMouseEventPtr /build/qt5-3d/pkg/qt5-3d/usr/include/qt/Qt3DInput/QMouseEventPtr
/usr/bin/qmake -install qinstall /build/qt5-3d/src/kde-qt3d/src/render/framegraph/qrenderpassfilter.h /build/qt5-3d/pkg/qt5-3d/usr/include/qt/Qt3DRender/qrenderpassfilter.h
/usr/bin/qmake -install qinstall /build/qt5-3d/src/build/include/Qt3DRender/QProximityFilter /build/qt5-3d/pkg/qt5-3d/usr/include/qt/Qt3DRender/QProximityFilter
/usr/bin/qmake -install qinstall /build/qt5-3d/src/kde-qt3d/src/input/frontend/qmousehandler.h /build/qt5-3d/pkg/qt5-3d/usr/include/qt/Qt3DInput/qmousehandler.h
/usr/bin/qmake -install qinstall /build/qt5-3d/src/kde-qt3d/src/input/backend/inputsequence_p.h /build/qt5-3d/pkg/qt5-3d/usr/include/qt/Qt3DInput/5.15.18/Qt3DInput/private/inputsequence_p.h
/usr/bin/qmake -install qinstall /build/qt5-3d/src/kde-qt3d/src/render/backend/entityvisitor_p.h /build/qt5-3d/pkg/qt5-3d/usr/include/qt/Qt3DRender/5.15.18/Qt3DRender/private/entityvisitor_p.h
/usr/bin/qmake -install qinstall /build/qt5-3d/src/kde-qt3d/src/render/framegraph/qrenderstateset.h /build/qt5-3d/pkg/qt5-3d/usr/include/qt/Qt3DRender/qrenderstateset.h
/usr/bin/qmake -install qinstall /build/qt5-3d/src/build/include/Qt3DInput/QWheelEvent /build/qt5-3d/pkg/qt5-3d/usr/include/qt/Qt3DInput/QWheelEvent
/usr/bin/qmake -install qinstall /build/qt5-3d/src/kde-qt3d/src/input/backend/inputsettings_p.h /build/qt5-3d/pkg/qt5-3d/usr/include/qt/Qt3DInput/5.15.18/Qt3DInput/private/inputsettings_p.h
/usr/bin/qmake -install qinstall /build/qt5-3d/src/build/include/Qt3DRender/QRenderCaptureReply /build/qt5-3d/pkg/qt5-3d/usr/include/qt/Qt3DRender/QRenderCaptureReply
/usr/bin/qmake -install qinstall /build/qt5-3d/src/kde-qt3d/src/input/frontend/qphysicaldevicecreatedchange.h /build/qt5-3d/pkg/qt5-3d/usr/include/qt/Qt3DInput/qphysicaldevicecreatedchange.h
/usr/bin/qmake -install qinstall /build/qt5-3d/src/kde-qt3d/src/render/backend/handle_types_p.h /build/qt5-3d/pkg/qt5-3d/usr/include/qt/Qt3DRender/5.15.18/Qt3DRender/private/handle_types_p.h
/usr/bin/qmake -install qinstall /build/qt5-3d/src/build/include/Qt3DInput/QWheelEventPtr /build/qt5-3d/pkg/qt5-3d/usr/include/qt/Qt3DInput/QWheelEventPtr
/usr/bin/qmake -install qinstall /build/qt5-3d/src/kde-qt3d/src/render/framegraph/qrendersurfaceselector.h /build/qt5-3d/pkg/qt5-3d/usr/include/qt/Qt3DRender/qrendersurfaceselector.h
/usr/bin/qmake -install qinstall /build/qt5-3d/src/build/include/Qt3DInput/Qt3DInputDepends /build/qt5-3d/pkg/qt5-3d/usr/include/qt/Qt3DInput/Qt3DInputDepends
/usr/bin/qmake -install qinstall /build/qt5-3d/src/kde-qt3d/src/input/backend/job_common_p.h /build/qt5-3d/pkg/qt5-3d/usr/include/qt/Qt3DInput/5.15.18/Qt3DInput/private/job_common_p.h
/usr/bin/qmake -install qinstall /build/qt5-3d/src/build/include/Qt3DRender/QRenderCapture /build/qt5-3d/pkg/qt5-3d/usr/include/qt/Qt3DRender/QRenderCapture
/usr/bin/qmake -install qinstall /build/qt5-3d/src/build/include/Qt3DInput/QMouseHandler /build/qt5-3d/pkg/qt5-3d/usr/include/qt/Qt3DInput/QMouseHandler
/usr/bin/qmake -install qinstall /build/qt5-3d/src/kde-qt3d/src/render/backend/layer_p.h /build/qt5-3d/pkg/qt5-3d/usr/include/qt/Qt3DRender/5.15.18/Qt3DRender/private/layer_p.h
/usr/bin/qmake -install qinstall /build/qt5-3d/src/kde-qt3d/src/render/framegraph/qrendertargetselector.h /build/qt5-3d/pkg/qt5-3d/usr/include/qt/Qt3DRender/qrendertargetselector.h
/usr/bin/qmake -install qinstall /build/qt5-3d/src/kde-qt3d/src/input/backend/keyboarddevice_p.h /build/qt5-3d/pkg/qt5-3d/usr/include/qt/Qt3DInput/5.15.18/Qt3DInput/private/keyboarddevice_p.h
/usr/bin/qmake -install qinstall /build/qt5-3d/src/build/include/Qt3DRender/QRenderPassFilter /build/qt5-3d/pkg/qt5-3d/usr/include/qt/Qt3DRender/QRenderPassFilter
/usr/bin/qmake -install qinstall /build/qt5-3d/src/build/include/Qt3DInput/QPhysicalDeviceCreatedChangeBase /build/qt5-3d/pkg/qt5-3d/usr/include/qt/Qt3DInput/QPhysicalDeviceCreatedChangeBase
/usr/bin/qmake -install qinstall /build/qt5-3d/src/kde-qt3d/src/render/backend/levelofdetail_p.h /build/qt5-3d/pkg/qt5-3d/usr/include/qt/Qt3DRender/5.15.18/Qt3DRender/private/levelofdetail_p.h
/usr/bin/qmake -install qinstall /build/qt5-3d/src/kde-qt3d/src/render/framegraph/qsetfence.h /build/qt5-3d/pkg/qt5-3d/usr/include/qt/Qt3DRender/qsetfence.h
/usr/bin/qmake -install qinstall /build/qt5-3d/src/build/include/Qt3DRender/QRenderStateSet /build/qt5-3d/pkg/qt5-3d/usr/include/qt/Qt3DRender/QRenderStateSet
/usr/bin/qmake -install qinstall /build/qt5-3d/src/kde-qt3d/src/input/backend/keyboardeventfilter_p.h /build/qt5-3d/pkg/qt5-3d/usr/include/qt/Qt3DInput/5.15.18/Qt3DInput/private/keyboardeventfilter_p.h
/usr/bin/qmake -install qinstall /build/qt5-3d/src/kde-qt3d/src/render/backend/managers_p.h /build/qt5-3d/pkg/qt5-3d/usr/include/qt/Qt3DRender/5.15.18/Qt3DRender/private/managers_p.h
/usr/bin/qmake -install qinstall /build/qt5-3d/src/build/include/Qt3DInput/QPhysicalDeviceCreatedChangeBasePtr /build/qt5-3d/pkg/qt5-3d/usr/include/qt/Qt3DInput/QPhysicalDeviceCreatedChangeBasePtr
/usr/bin/qmake -install qinstall /build/qt5-3d/src/kde-qt3d/src/render/framegraph/qsortpolicy.h /build/qt5-3d/pkg/qt5-3d/usr/include/qt/Qt3DRender/qsortpolicy.h
/usr/bin/qmake -install qinstall /build/qt5-3d/src/kde-qt3d/src/input/backend/keyboardhandler_p.h /build/qt5-3d/pkg/qt5-3d/usr/include/qt/Qt3DInput/5.15.18/Qt3DInput/private/keyboardhandler_p.h
/usr/bin/qmake -install qinstall /build/qt5-3d/src/build/include/Qt3DRender/QRenderSurfaceSelector /build/qt5-3d/pkg/qt5-3d/usr/include/qt/Qt3DRender/QRenderSurfaceSelector
/usr/bin/qmake -install qinstall /build/qt5-3d/src/build/include/Qt3DInput/QPhysicalDeviceCreatedChange /build/qt5-3d/pkg/qt5-3d/usr/include/qt/Qt3DInput/QPhysicalDeviceCreatedChange
/usr/bin/qmake -install qinstall /build/qt5-3d/src/kde-qt3d/src/render/backend/nodefunctor_p.h /build/qt5-3d/pkg/qt5-3d/usr/include/qt/Qt3DRender/5.15.18/Qt3DRender/private/nodefunctor_p.h
/usr/bin/qmake -install qinstall /build/qt5-3d/src/kde-qt3d/src/render/framegraph/qsubtreeenabler.h /build/qt5-3d/pkg/qt5-3d/usr/include/qt/Qt3DRender/qsubtreeenabler.h
/usr/bin/qmake -install qinstall /build/qt5-3d/src/build/include/Qt3DRender/QRenderTargetSelector /build/qt5-3d/pkg/qt5-3d/usr/include/qt/Qt3DRender/QRenderTargetSelector
/usr/bin/qmake -install qinstall /build/qt5-3d/src/kde-qt3d/src/input/backend/keyboardmousegenericdeviceintegration_p.h /build/qt5-3d/pkg/qt5-3d/usr/include/qt/Qt3DInput/5.15.18/Qt3DInput/private/keyboardmousegenericdeviceintegration_p.h
/usr/bin/qmake -install qinstall /build/qt5-3d/src/kde-qt3d/src/render/backend/nodemanagers_p.h /build/qt5-3d/pkg/qt5-3d/usr/include/qt/Qt3DRender/5.15.18/Qt3DRender/private/nodemanagers_p.h
/usr/bin/qmake -install qinstall /build/qt5-3d/src/build/include/Qt3DInput/qt3dinputversion.h /build/qt5-3d/pkg/qt5-3d/usr/include/qt/Qt3DInput/qt3dinputversion.h
/usr/bin/qmake -install qinstall /build/qt5-3d/src/build/include/Qt3DRender/QSetFence /build/qt5-3d/pkg/qt5-3d/usr/include/qt/Qt3DRender/QSetFence
/usr/bin/qmake -install qinstall /build/qt5-3d/src/kde-qt3d/src/render/framegraph/qtechniquefilter.h /build/qt5-3d/pkg/qt5-3d/usr/include/qt/Qt3DRender/qtechniquefilter.h
/usr/bin/qmake -install qinstall /build/qt5-3d/src/kde-qt3d/src/input/backend/keyeventdispatcherjob_p.h /build/qt5-3d/pkg/qt5-3d/usr/include/qt/Qt3DInput/5.15.18/Qt3DInput/private/keyeventdispatcherjob_p.h
/usr/bin/qmake -install qinstall /build/qt5-3d/src/build/include/Qt3DInput/Qt3DInputVersion /build/qt5-3d/pkg/qt5-3d/usr/include/qt/Qt3DInput/Qt3DInputVersion
/usr/bin/qmake -install qinstall /build/qt5-3d/src/kde-qt3d/src/render/backend/offscreensurfacehelper_p.h /build/qt5-3d/pkg/qt5-3d/usr/include/qt/Qt3DRender/5.15.18/Qt3DRender/private/offscreensurfacehelper_p.h
/usr/bin/qmake -install qinstall /build/qt5-3d/src/kde-qt3d/src/input/backend/loadproxydevicejob_p.h /build/qt5-3d/pkg/qt5-3d/usr/include/qt/Qt3DInput/5.15.18/Qt3DInput/private/loadproxydevicejob_p.h
/usr/bin/qmake -install qinstall /build/qt5-3d/src/kde-qt3d/src/render/framegraph/qviewport.h /build/qt5-3d/pkg/qt5-3d/usr/include/qt/Qt3DRender/qviewport.h
/usr/bin/qmake -install qinstall /build/qt5-3d/src/build/include/Qt3DRender/QSortPolicy /build/qt5-3d/pkg/qt5-3d/usr/include/qt/Qt3DRender/QSortPolicy
/usr/bin/qmake -install qinstall /build/qt5-3d/src/build/include/Qt3DInput/Qt3DInput /build/qt5-3d/pkg/qt5-3d/usr/include/qt/Qt3DInput/Qt3DInput
/usr/bin/qmake -install qinstall /build/qt5-3d/src/kde-qt3d/src/input/backend/logicaldevice_p.h /build/qt5-3d/pkg/qt5-3d/usr/include/qt/Qt3DInput/5.15.18/Qt3DInput/private/logicaldevice_p.h
/usr/bin/qmake -install qinstall /build/qt5-3d/src/kde-qt3d/src/render/backend/parameterpack_p.h /build/qt5-3d/pkg/qt5-3d/usr/include/qt/Qt3DRender/5.15.18/Qt3DRender/private/parameterpack_p.h
/usr/bin/qmake -install qinstall /build/qt5-3d/src/kde-qt3d/src/render/framegraph/qwaitfence.h /build/qt5-3d/pkg/qt5-3d/usr/include/qt/Qt3DRender/qwaitfence.h
/usr/bin/qmake -install qinstall /build/qt5-3d/src/build/include/Qt3DRender/QSubtreeEnabler /build/qt5-3d/pkg/qt5-3d/usr/include/qt/Qt3DRender/QSubtreeEnabler
/usr/bin/qmake -install qinstall /build/qt5-3d/src/kde-qt3d/src/render/backend/platformsurfacefilter_p.h /build/qt5-3d/pkg/qt5-3d/usr/include/qt/Qt3DRender/5.15.18/Qt3DRender/private/platformsurfacefilter_p.h
/usr/bin/qmake -install qinstall /build/qt5-3d/src/kde-qt3d/src/input/backend/mousedevice_p.h /build/qt5-3d/pkg/qt5-3d/usr/include/qt/Qt3DInput/5.15.18/Qt3DInput/private/mousedevice_p.h
/usr/bin/qmake -install qinstall /build/qt5-3d/src/build/include/Qt3DRender/QTechniqueFilter /build/qt5-3d/pkg/qt5-3d/usr/include/qt/Qt3DRender/QTechniqueFilter
/usr/bin/qmake -install qinstall /build/qt5-3d/src/kde-qt3d/src/render/frontend/qabstractfunctor.h /build/qt5-3d/pkg/qt5-3d/usr/include/qt/Qt3DRender/qabstractfunctor.h
/usr/bin/qmake -install qinstall /build/qt5-3d/src/kde-qt3d/src/render/backend/pointsvisitor_p.h /build/qt5-3d/pkg/qt5-3d/usr/include/qt/Qt3DRender/5.15.18/Qt3DRender/private/pointsvisitor_p.h
/usr/bin/qmake -install qinstall /build/qt5-3d/src/kde-qt3d/src/input/backend/mouseeventdispatcherjob_p.h /build/qt5-3d/pkg/qt5-3d/usr/include/qt/Qt3DInput/5.15.18/Qt3DInput/private/mouseeventdispatcherjob_p.h
/usr/bin/qmake -install qinstall /build/qt5-3d/src/build/include/Qt3DRender/QViewport /build/qt5-3d/pkg/qt5-3d/usr/include/qt/Qt3DRender/QViewport
/usr/bin/qmake -install qinstall /build/qt5-3d/src/kde-qt3d/src/render/frontend/qcamera.h /build/qt5-3d/pkg/qt5-3d/usr/include/qt/Qt3DRender/qcamera.h
/usr/bin/qmake -install qinstall /build/qt5-3d/src/kde-qt3d/src/input/backend/mouseeventfilter_p.h /build/qt5-3d/pkg/qt5-3d/usr/include/qt/Qt3DInput/5.15.18/Qt3DInput/private/mouseeventfilter_p.h
/usr/bin/qmake -install qinstall /build/qt5-3d/src/kde-qt3d/src/render/backend/rendersettings_p.h /build/qt5-3d/pkg/qt5-3d/usr/include/qt/Qt3DRender/5.15.18/Qt3DRender/private/rendersettings_p.h
/usr/bin/qmake -install qinstall /build/qt5-3d/src/build/include/Qt3DRender/QWaitFence /build/qt5-3d/pkg/qt5-3d/usr/include/qt/Qt3DRender/QWaitFence
/usr/bin/qmake -install qinstall /build/qt5-3d/src/kde-qt3d/src/render/frontend/qcameralens.h /build/qt5-3d/pkg/qt5-3d/usr/include/qt/Qt3DRender/qcameralens.h
/usr/bin/qmake -install qinstall /build/qt5-3d/src/kde-qt3d/src/render/backend/rendertarget_p.h /build/qt5-3d/pkg/qt5-3d/usr/include/qt/Qt3DRender/5.15.18/Qt3DRender/private/rendertarget_p.h
/usr/bin/qmake -install qinstall /build/qt5-3d/src/kde-qt3d/src/input/backend/mousehandler_p.h /build/qt5-3d/pkg/qt5-3d/usr/include/qt/Qt3DInput/5.15.18/Qt3DInput/private/mousehandler_p.h
/usr/bin/qmake -install qinstall /build/qt5-3d/src/build/include/Qt3DRender/FunctorType /build/qt5-3d/pkg/qt5-3d/usr/include/qt/Qt3DRender/FunctorType
/usr/bin/qmake -install qinstall /build/qt5-3d/src/kde-qt3d/src/render/frontend/qcomputecommand.h /build/qt5-3d/pkg/qt5-3d/usr/include/qt/Qt3DRender/qcomputecommand.h
/usr/bin/qmake -install qinstall /build/qt5-3d/src/kde-qt3d/src/input/backend/movingaverage_p.h /build/qt5-3d/pkg/qt5-3d/usr/include/qt/Qt3DInput/5.15.18/Qt3DInput/private/movingaverage_p.h
/usr/bin/qmake -install qinstall /build/qt5-3d/src/kde-qt3d/src/render/backend/rendertargetoutput_p.h /build/qt5-3d/pkg/qt5-3d/usr/include/qt/Qt3DRender/5.15.18/Qt3DRender/private/rendertargetoutput_p.h
/usr/bin/qmake -install qinstall /build/qt5-3d/src/kde-qt3d/src/render/frontend/qlayer.h /build/qt5-3d/pkg/qt5-3d/usr/include/qt/Qt3DRender/qlayer.h
/usr/bin/qmake -install qinstall /build/qt5-3d/src/build/include/Qt3DRender/QAbstractFunctor /build/qt5-3d/pkg/qt5-3d/usr/include/qt/Qt3DRender/QAbstractFunctor
/usr/bin/qmake -install qinstall /build/qt5-3d/src/kde-qt3d/src/input/backend/physicaldeviceproxy_p.h /build/qt5-3d/pkg/qt5-3d/usr/include/qt/Qt3DInput/5.15.18/Qt3DInput/private/physicaldeviceproxy_p.h
/usr/bin/qmake -install qinstall /build/qt5-3d/src/kde-qt3d/src/render/backend/renderthread_p.h /build/qt5-3d/pkg/qt5-3d/usr/include/qt/Qt3DRender/5.15.18/Qt3DRender/private/renderthread_p.h
/usr/bin/qmake -install qinstall /build/qt5-3d/src/build/include/Qt3DRender/QCamera /build/qt5-3d/pkg/qt5-3d/usr/include/qt/Qt3DRender/QCamera
/usr/bin/qmake -install qinstall /build/qt5-3d/src/kde-qt3d/src/render/frontend/qlevelofdetail.h /build/qt5-3d/pkg/qt5-3d/usr/include/qt/Qt3DRender/qlevelofdetail.h
/usr/bin/qmake -install qinstall /build/qt5-3d/src/kde-qt3d/src/render/backend/resourceaccessor_p.h /build/qt5-3d/pkg/qt5-3d/usr/include/qt/Qt3DRender/5.15.18/Qt3DRender/private/resourceaccessor_p.h
/usr/bin/qmake -install qinstall /build/qt5-3d/src/kde-qt3d/src/input/backend/qabstractphysicaldevicebackendnode_p.h /build/qt5-3d/pkg/qt5-3d/usr/include/qt/Qt3DInput/5.15.18/Qt3DInput/private/qabstractphysicaldevicebackendnode_p.h
/usr/bin/qmake -install qinstall /build/qt5-3d/src/kde-qt3d/src/render/frontend/qlevelofdetailboundingsphere.h /build/qt5-3d/pkg/qt5-3d/usr/include/qt/Qt3DRender/qlevelofdetailboundingsphere.h
/usr/bin/qmake -install qinstall /build/qt5-3d/src/build/include/Qt3DRender/QCameraLens /build/qt5-3d/pkg/qt5-3d/usr/include/qt/Qt3DRender/QCameraLens
/usr/bin/qmake -install qinstall /build/qt5-3d/src/kde-qt3d/src/render/backend/segmentsvisitor_p.h /build/qt5-3d/pkg/qt5-3d/usr/include/qt/Qt3DRender/5.15.18/Qt3DRender/private/segmentsvisitor_p.h
/usr/bin/qmake -install qinstall /build/qt5-3d/src/kde-qt3d/src/input/backend/qabstractphysicaldevicebackendnode_p_p.h /build/qt5-3d/pkg/qt5-3d/usr/include/qt/Qt3DInput/5.15.18/Qt3DInput/private/qabstractphysicaldevicebackendnode_p_p.h
/usr/bin/qmake -install qinstall /build/qt5-3d/src/kde-qt3d/src/render/frontend/qlevelofdetailswitch.h /build/qt5-3d/pkg/qt5-3d/usr/include/qt/Qt3DRender/qlevelofdetailswitch.h
/usr/bin/qmake -install qinstall /build/qt5-3d/src/build/include/Qt3DRender/QComputeCommand /build/qt5-3d/pkg/qt5-3d/usr/include/qt/Qt3DRender/QComputeCommand
/usr/bin/qmake -install qinstall /build/qt5-3d/src/kde-qt3d/src/render/backend/stringtoint_p.h /build/qt5-3d/pkg/qt5-3d/usr/include/qt/Qt3DRender/5.15.18/Qt3DRender/private/stringtoint_p.h
/usr/bin/qmake -install qinstall /build/qt5-3d/src/kde-qt3d/src/input/backend/updateaxisactionjob_p.h /build/qt5-3d/pkg/qt5-3d/usr/include/qt/Qt3DInput/5.15.18/Qt3DInput/private/updateaxisactionjob_p.h
/usr/bin/qmake -install qinstall /build/qt5-3d/src/kde-qt3d/src/render/frontend/qpickingsettings.h /build/qt5-3d/pkg/qt5-3d/usr/include/qt/Qt3DRender/qpickingsettings.h
/usr/bin/qmake -install qinstall /build/qt5-3d/src/build/include/Qt3DRender/QLayer /build/qt5-3d/pkg/qt5-3d/usr/include/qt/Qt3DRender/QLayer
/usr/bin/qmake -install qinstall /build/qt5-3d/src/kde-qt3d/src/render/backend/transform_p.h /build/qt5-3d/pkg/qt5-3d/usr/include/qt/Qt3DRender/5.15.18/Qt3DRender/private/transform_p.h
/usr/bin/qmake -install qinstall /build/qt5-3d/src/kde-qt3d/src/input/backend/utils_p.h /build/qt5-3d/pkg/qt5-3d/usr/include/qt/Qt3DInput/5.15.18/Qt3DInput/private/utils_p.h
/usr/bin/qmake -install qinstall /build/qt5-3d/src/kde-qt3d/src/render/frontend/qrenderapi.h /build/qt5-3d/pkg/qt5-3d/usr/include/qt/Qt3DRender/qrenderapi.h
/usr/bin/qmake -install qinstall /build/qt5-3d/src/build/include/Qt3DRender/QLevelOfDetail /build/qt5-3d/pkg/qt5-3d/usr/include/qt/Qt3DRender/QLevelOfDetail
/usr/bin/qmake -install qinstall /build/qt5-3d/src/kde-qt3d/src/render/backend/triangleboundingvolume_p.h /build/qt5-3d/pkg/qt5-3d/usr/include/qt/Qt3DRender/5.15.18/Qt3DRender/private/triangleboundingvolume_p.h
/usr/bin/qmake -install qinstall /build/qt5-3d/src/kde-qt3d/src/input/frontend/qabstractactioninput_p.h /build/qt5-3d/pkg/qt5-3d/usr/include/qt/Qt3DInput/5.15.18/Qt3DInput/private/qabstractactioninput_p.h
/usr/bin/qmake -install qinstall /build/qt5-3d/src/kde-qt3d/src/render/frontend/qrenderaspect.h /build/qt5-3d/pkg/qt5-3d/usr/include/qt/Qt3DRender/qrenderaspect.h
/usr/bin/qmake -install qinstall /build/qt5-3d/src/build/include/Qt3DRender/QLevelOfDetailBoundingSphere /build/qt5-3d/pkg/qt5-3d/usr/include/qt/Qt3DRender/QLevelOfDetailBoundingSphere
/usr/bin/qmake -install qinstall /build/qt5-3d/src/kde-qt3d/src/render/backend/trianglesextractor_p.h /build/qt5-3d/pkg/qt5-3d/usr/include/qt/Qt3DRender/5.15.18/Qt3DRender/private/trianglesextractor_p.h
/usr/bin/qmake -install qinstall /build/qt5-3d/src/kde-qt3d/src/input/frontend/qabstractaxisinput_p.h /build/qt5-3d/pkg/qt5-3d/usr/include/qt/Qt3DInput/5.15.18/Qt3DInput/private/qabstractaxisinput_p.h
/usr/bin/qmake -install qinstall /build/qt5-3d/src/kde-qt3d/src/render/frontend/qrendercapabilities.h /build/qt5-3d/pkg/qt5-3d/usr/include/qt/Qt3DRender/qrendercapabilities.h
/usr/bin/qmake -install qinstall /build/qt5-3d/src/build/include/Qt3DRender/QLevelOfDetailSwitch /build/qt5-3d/pkg/qt5-3d/usr/include/qt/Qt3DRender/QLevelOfDetailSwitch
/usr/bin/qmake -install qinstall /build/qt5-3d/src/kde-qt3d/src/render/backend/trianglesvisitor_p.h /build/qt5-3d/pkg/qt5-3d/usr/include/qt/Qt3DRender/5.15.18/Qt3DRender/private/trianglesvisitor_p.h
/usr/bin/qmake -install qinstall /build/qt5-3d/src/build/include/Qt3DRender/QPickingSettings /build/qt5-3d/pkg/qt5-3d/usr/include/qt/Qt3DRender/QPickingSettings
/usr/bin/qmake -install qinstall /build/qt5-3d/src/kde-qt3d/src/input/frontend/qabstractphysicaldevice_p.h /build/qt5-3d/pkg/qt5-3d/usr/include/qt/Qt3DInput/5.15.18/Qt3DInput/private/qabstractphysicaldevice_p.h
/usr/bin/qmake -install qinstall /build/qt5-3d/src/kde-qt3d/src/render/frontend/qrendersettings.h /build/qt5-3d/pkg/qt5-3d/usr/include/qt/Qt3DRender/qrendersettings.h
/usr/bin/qmake -install qinstall /build/qt5-3d/src/kde-qt3d/src/render/backend/uniform_p.h /build/qt5-3d/pkg/qt5-3d/usr/include/qt/Qt3DRender/5.15.18/Qt3DRender/private/uniform_p.h
/usr/bin/qmake -install qinstall /build/qt5-3d/src/build/include/Qt3DRender/QRenderAspect /build/qt5-3d/pkg/qt5-3d/usr/include/qt/Qt3DRender/QRenderAspect
/usr/bin/qmake -install qinstall /build/qt5-3d/src/kde-qt3d/src/input/frontend/qabstractphysicaldeviceproxy_p.h /build/qt5-3d/pkg/qt5-3d/usr/include/qt/Qt3DInput/5.15.18/Qt3DInput/private/qabstractphysicaldeviceproxy_p.h
/usr/bin/qmake -install qinstall /build/qt5-3d/src/kde-qt3d/src/render/frontend/qrendertarget.h /build/qt5-3d/pkg/qt5-3d/usr/include/qt/Qt3DRender/qrendertarget.h
/usr/bin/qmake -install qinstall /build/qt5-3d/src/kde-qt3d/src/render/backend/visitorutils_p.h /build/qt5-3d/pkg/qt5-3d/usr/include/qt/Qt3DRender/5.15.18/Qt3DRender/private/visitorutils_p.h
/usr/bin/qmake -install qinstall /build/qt5-3d/src/build/include/Qt3DRender/QRenderCapabilities /build/qt5-3d/pkg/qt5-3d/usr/include/qt/Qt3DRender/QRenderCapabilities
/usr/bin/qmake -install qinstall /build/qt5-3d/src/kde-qt3d/src/input/frontend/qabstractphysicaldeviceproxy_p_p.h /build/qt5-3d/pkg/qt5-3d/usr/include/qt/Qt3DInput/5.15.18/Qt3DInput/private/qabstractphysicaldeviceproxy_p_p.h
/usr/bin/qmake -install qinstall /build/qt5-3d/src/kde-qt3d/src/render/frontend/qrendertargetoutput.h /build/qt5-3d/pkg/qt5-3d/usr/include/qt/Qt3DRender/qrendertargetoutput.h
/usr/bin/qmake -install qinstall /build/qt5-3d/src/kde-qt3d/src/render/framegraph/blitframebuffer_p.h /build/qt5-3d/pkg/qt5-3d/usr/include/qt/Qt3DRender/5.15.18/Qt3DRender/private/blitframebuffer_p.h
/usr/bin/qmake -install qinstall /build/qt5-3d/src/kde-qt3d/src/input/frontend/qaction_p.h /build/qt5-3d/pkg/qt5-3d/usr/include/qt/Qt3DInput/5.15.18/Qt3DInput/private/qaction_p.h
/usr/bin/qmake -install qinstall /build/qt5-3d/src/build/include/Qt3DRender/QRenderSettings /build/qt5-3d/pkg/qt5-3d/usr/include/qt/Qt3DRender/QRenderSettings
/usr/bin/qmake -install qinstall /build/qt5-3d/src/kde-qt3d/src/render/geometry/qattribute.h /build/qt5-3d/pkg/qt5-3d/usr/include/qt/Qt3DRender/qattribute.h
/usr/bin/qmake -install qinstall /build/qt5-3d/src/kde-qt3d/src/render/framegraph/buffercapture_p.h /build/qt5-3d/pkg/qt5-3d/usr/include/qt/Qt3DRender/5.15.18/Qt3DRender/private/buffercapture_p.h
/usr/bin/qmake -install qinstall /build/qt5-3d/src/build/include/Qt3DRender/QRenderTarget /build/qt5-3d/pkg/qt5-3d/usr/include/qt/Qt3DRender/QRenderTarget
/usr/bin/qmake -install qinstall /build/qt5-3d/src/kde-qt3d/src/input/frontend/qactioninput_p.h /build/qt5-3d/pkg/qt5-3d/usr/include/qt/Qt3DInput/5.15.18/Qt3DInput/private/qactioninput_p.h
/usr/bin/qmake -install qinstall /build/qt5-3d/src/kde-qt3d/src/render/geometry/qbuffer.h /build/qt5-3d/pkg/qt5-3d/usr/include/qt/Qt3DRender/qbuffer.h
/usr/bin/qmake -install qinstall /build/qt5-3d/src/kde-qt3d/src/render/framegraph/cameraselectornode_p.h /build/qt5-3d/pkg/qt5-3d/usr/include/qt/Qt3DRender/5.15.18/Qt3DRender/private/cameraselectornode_p.h
/usr/bin/qmake -install qinstall /build/qt5-3d/src/kde-qt3d/src/input/frontend/qanalogaxisinput_p.h /build/qt5-3d/pkg/qt5-3d/usr/include/qt/Qt3DInput/5.15.18/Qt3DInput/private/qanalogaxisinput_p.h
/usr/bin/qmake -install qinstall /build/qt5-3d/src/build/include/Qt3DRender/QRenderTargetOutput /build/qt5-3d/pkg/qt5-3d/usr/include/qt/Qt3DRender/QRenderTargetOutput
/usr/bin/qmake -install qinstall /build/qt5-3d/src/kde-qt3d/src/render/geometry/qbufferdatagenerator.h /build/qt5-3d/pkg/qt5-3d/usr/include/qt/Qt3DRender/qbufferdatagenerator.h
/usr/bin/qmake -install qinstall /build/qt5-3d/src/kde-qt3d/src/render/framegraph/clearbuffers_p.h /build/qt5-3d/pkg/qt5-3d/usr/include/qt/Qt3DRender/5.15.18/Qt3DRender/private/clearbuffers_p.h
/usr/bin/qmake -install qinstall /build/qt5-3d/src/kde-qt3d/src/input/frontend/qaxis_p.h /build/qt5-3d/pkg/qt5-3d/usr/include/qt/Qt3DInput/5.15.18/Qt3DInput/private/qaxis_p.h
/usr/bin/qmake -install qinstall /build/qt5-3d/src/build/include/Qt3DRender/QBufferPtr /build/qt5-3d/pkg/qt5-3d/usr/include/qt/Qt3DRender/QBufferPtr
/usr/bin/qmake -install qinstall /build/qt5-3d/src/kde-qt3d/src/render/geometry/qgeometry.h /build/qt5-3d/pkg/qt5-3d/usr/include/qt/Qt3DRender/qgeometry.h
/usr/bin/qmake -install qinstall /build/qt5-3d/src/kde-qt3d/src/render/framegraph/debugoverlay_p.h /build/qt5-3d/pkg/qt5-3d/usr/include/qt/Qt3DRender/5.15.18/Qt3DRender/private/debugoverlay_p.h
/usr/bin/qmake -install qinstall /build/qt5-3d/src/kde-qt3d/src/input/frontend/qaxisaccumulator_p.h /build/qt5-3d/pkg/qt5-3d/usr/include/qt/Qt3DInput/5.15.18/Qt3DInput/private/qaxisaccumulator_p.h
/usr/bin/qmake -install qinstall /build/qt5-3d/src/build/include/Qt3DRender/QAttribute /build/qt5-3d/pkg/qt5-3d/usr/include/qt/Qt3DRender/QAttribute
/usr/bin/qmake -install qinstall /build/qt5-3d/src/kde-qt3d/src/render/geometry/qgeometryfactory.h /build/qt5-3d/pkg/qt5-3d/usr/include/qt/Qt3DRender/qgeometryfactory.h
/usr/bin/qmake -install qinstall /build/qt5-3d/src/kde-qt3d/src/render/framegraph/dispatchcompute_p.h /build/qt5-3d/pkg/qt5-3d/usr/include/qt/Qt3DRender/5.15.18/Qt3DRender/private/dispatchcompute_p.h
/usr/bin/qmake -install qinstall /build/qt5-3d/src/build/include/Qt3DRender/QBufferDataGeneratorPtr /build/qt5-3d/pkg/qt5-3d/usr/include/qt/Qt3DRender/QBufferDataGeneratorPtr
/usr/bin/qmake -install qinstall /build/qt5-3d/src/kde-qt3d/src/input/frontend/qaxissetting_p.h /build/qt5-3d/pkg/qt5-3d/usr/include/qt/Qt3DInput/5.15.18/Qt3DInput/private/qaxissetting_p.h
/usr/bin/qmake -install qinstall /build/qt5-3d/src/kde-qt3d/src/render/geometry/qgeometryrenderer.h /build/qt5-3d/pkg/qt5-3d/usr/include/qt/Qt3DRender/qgeometryrenderer.h
/usr/bin/qmake -install qinstall /build/qt5-3d/src/kde-qt3d/src/render/framegraph/framegraphnode_p.h /build/qt5-3d/pkg/qt5-3d/usr/include/qt/Qt3DRender/5.15.18/Qt3DRender/private/framegraphnode_p.h
/usr/bin/qmake -install qinstall /build/qt5-3d/src/kde-qt3d/src/input/frontend/qbuttonaxisinput_p.h /build/qt5-3d/pkg/qt5-3d/usr/include/qt/Qt3DInput/5.15.18/Qt3DInput/private/qbuttonaxisinput_p.h
/usr/bin/qmake -install qinstall /build/qt5-3d/src/build/include/Qt3DRender/QBuffer /build/qt5-3d/pkg/qt5-3d/usr/include/qt/Qt3DRender/QBuffer
/usr/bin/qmake -install qinstall /build/qt5-3d/src/kde-qt3d/src/render/geometry/qmesh.h /build/qt5-3d/pkg/qt5-3d/usr/include/qt/Qt3DRender/qmesh.h
/usr/bin/qmake -install qinstall /build/qt5-3d/src/kde-qt3d/src/render/framegraph/framegraphvisitor_p.h /build/qt5-3d/pkg/qt5-3d/usr/include/qt/Qt3DRender/5.15.18/Qt3DRender/private/framegraphvisitor_p.h
/usr/bin/qmake -install qinstall /build/qt5-3d/src/kde-qt3d/src/input/frontend/qgamepadinput_p.h /build/qt5-3d/pkg/qt5-3d/usr/include/qt/Qt3DInput/5.15.18/Qt3DInput/private/qgamepadinput_p.h
/usr/bin/qmake -install qinstall /build/qt5-3d/src/build/include/Qt3DRender/QBufferDataGenerator /build/qt5-3d/pkg/qt5-3d/usr/include/qt/Qt3DRender/QBufferDataGenerator
/usr/bin/qmake -install qinstall /build/qt5-3d/src/kde-qt3d/src/render/io/qsceneloader.h /build/qt5-3d/pkg/qt5-3d/usr/include/qt/Qt3DRender/qsceneloader.h
/usr/bin/qmake -install qinstall /build/qt5-3d/src/kde-qt3d/src/render/framegraph/frustumculling_p.h /build/qt5-3d/pkg/qt5-3d/usr/include/qt/Qt3DRender/5.15.18/Qt3DRender/private/frustumculling_p.h
/usr/bin/qmake -install qinstall /build/qt5-3d/src/build/include/Qt3DRender/QGeometry /build/qt5-3d/pkg/qt5-3d/usr/include/qt/Qt3DRender/QGeometry
/usr/bin/qmake -install qinstall /build/qt5-3d/src/kde-qt3d/src/input/frontend/qgenericinputdevice_p.h /build/qt5-3d/pkg/qt5-3d/usr/include/qt/Qt3DInput/5.15.18/Qt3DInput/private/qgenericinputdevice_p.h
/usr/bin/qmake -install qinstall /build/qt5-3d/src/kde-qt3d/src/render/lights/qabstractlight.h /build/qt5-3d/pkg/qt5-3d/usr/include/qt/Qt3DRender/qabstractlight.h
/usr/bin/qmake -install qinstall /build/qt5-3d/src/kde-qt3d/src/render/framegraph/layerfilternode_p.h /build/qt5-3d/pkg/qt5-3d/usr/include/qt/Qt3DRender/5.15.18/Qt3DRender/private/layerfilternode_p.h
/usr/bin/qmake -install qinstall /build/qt5-3d/src/kde-qt3d/src/input/frontend/qinputaspect_p.h /build/qt5-3d/pkg/qt5-3d/usr/include/qt/Qt3DInput/5.15.18/Qt3DInput/private/qinputaspect_p.h
/usr/bin/qmake -install qinstall /build/qt5-3d/src/build/include/Qt3DRender/QGeometryFactory /build/qt5-3d/pkg/qt5-3d/usr/include/qt/Qt3DRender/QGeometryFactory
/usr/bin/qmake -install qinstall /build/qt5-3d/src/kde-qt3d/src/render/lights/qdirectionallight.h /build/qt5-3d/pkg/qt5-3d/usr/include/qt/Qt3DRender/qdirectionallight.h
/usr/bin/qmake -install qinstall /build/qt5-3d/src/kde-qt3d/src/render/framegraph/memorybarrier_p.h /build/qt5-3d/pkg/qt5-3d/usr/include/qt/Qt3DRender/5.15.18/Qt3DRender/private/memorybarrier_p.h
/usr/bin/qmake -install qinstall /build/qt5-3d/src/kde-qt3d/src/input/frontend/qinputchord_p.h /build/qt5-3d/pkg/qt5-3d/usr/include/qt/Qt3DInput/5.15.18/Qt3DInput/private/qinputchord_p.h
/usr/bin/qmake -install qinstall /build/qt5-3d/src/build/include/Qt3DRender/QGeometryFactoryPtr /build/qt5-3d/pkg/qt5-3d/usr/include/qt/Qt3DRender/QGeometryFactoryPtr
/usr/bin/qmake -install qinstall /build/qt5-3d/src/kde-qt3d/src/render/lights/qenvironmentlight.h /build/qt5-3d/pkg/qt5-3d/usr/include/qt/Qt3DRender/qenvironmentlight.h
/usr/bin/qmake -install qinstall /build/qt5-3d/src/kde-qt3d/src/input/frontend/qinputdeviceintegration_p.h /build/qt5-3d/pkg/qt5-3d/usr/include/qt/Qt3DInput/5.15.18/Qt3DInput/private/qinputdeviceintegration_p.h
/usr/bin/qmake -install qinstall /build/qt5-3d/src/build/include/Qt3DRender/QGeometryRenderer /build/qt5-3d/pkg/qt5-3d/usr/include/qt/Qt3DRender/QGeometryRenderer
/usr/bin/qmake -install qinstall /build/qt5-3d/src/kde-qt3d/src/render/framegraph/nodraw_p.h /build/qt5-3d/pkg/qt5-3d/usr/include/qt/Qt3DRender/5.15.18/Qt3DRender/private/nodraw_p.h
/usr/bin/qmake -install qinstall /build/qt5-3d/src/kde-qt3d/src/render/lights/qpointlight.h /build/qt5-3d/pkg/qt5-3d/usr/include/qt/Qt3DRender/qpointlight.h
/usr/bin/qmake -install qinstall /build/qt5-3d/src/build/include/Qt3DRender/QMesh /build/qt5-3d/pkg/qt5-3d/usr/include/qt/Qt3DRender/QMesh
/usr/bin/qmake -install qinstall /build/qt5-3d/src/kde-qt3d/src/input/frontend/qinputdeviceintegration_p_p.h /build/qt5-3d/pkg/qt5-3d/usr/include/qt/Qt3DInput/5.15.18/Qt3DInput/private/qinputdeviceintegration_p_p.h
/usr/bin/qmake -install qinstall /build/qt5-3d/src/kde-qt3d/src/render/framegraph/nopicking_p.h /build/qt5-3d/pkg/qt5-3d/usr/include/qt/Qt3DRender/5.15.18/Qt3DRender/private/nopicking_p.h
/usr/bin/qmake -install qinstall /build/qt5-3d/src/kde-qt3d/src/render/lights/qspotlight.h /build/qt5-3d/pkg/qt5-3d/usr/include/qt/Qt3DRender/qspotlight.h
/usr/bin/qmake -install qinstall /build/qt5-3d/src/build/include/Qt3DRender/QSceneLoader /build/qt5-3d/pkg/qt5-3d/usr/include/qt/Qt3DRender/QSceneLoader
/usr/bin/qmake -install qinstall /build/qt5-3d/src/kde-qt3d/src/input/frontend/qinputdeviceintegrationfactory_p.h /build/qt5-3d/pkg/qt5-3d/usr/include/qt/Qt3DInput/5.15.18/Qt3DInput/private/qinputdeviceintegrationfactory_p.h
/usr/bin/qmake -install qinstall /build/qt5-3d/src/kde-qt3d/src/render/framegraph/proximityfilter_p.h /build/qt5-3d/pkg/qt5-3d/usr/include/qt/Qt3DRender/5.15.18/Qt3DRender/private/proximityfilter_p.h
/usr/bin/qmake -install qinstall /build/qt5-3d/src/kde-qt3d/src/render/materialsystem/qeffect.h /build/qt5-3d/pkg/qt5-3d/usr/include/qt/Qt3DRender/qeffect.h
/usr/bin/qmake -install qinstall /build/qt5-3d/src/kde-qt3d/src/input/frontend/qinputdeviceplugin_p.h /build/qt5-3d/pkg/qt5-3d/usr/include/qt/Qt3DInput/5.15.18/Qt3DInput/private/qinputdeviceplugin_p.h
/usr/bin/qmake -install qinstall /build/qt5-3d/src/build/include/Qt3DRender/QAbstractLight /build/qt5-3d/pkg/qt5-3d/usr/include/qt/Qt3DRender/QAbstractLight
/usr/bin/qmake -install qinstall /build/qt5-3d/src/kde-qt3d/src/render/materialsystem/qfilterkey.h /build/qt5-3d/pkg/qt5-3d/usr/include/qt/Qt3DRender/qfilterkey.h
/usr/bin/qmake -install qinstall /build/qt5-3d/src/kde-qt3d/src/render/framegraph/qblitframebuffer_p.h /build/qt5-3d/pkg/qt5-3d/usr/include/qt/Qt3DRender/5.15.18/Qt3DRender/private/qblitframebuffer_p.h
/usr/bin/qmake -install qinstall /build/qt5-3d/src/build/include/Qt3DRender/QDirectionalLight /build/qt5-3d/pkg/qt5-3d/usr/include/qt/Qt3DRender/QDirectionalLight
/usr/bin/qmake -install qinstall /build/qt5-3d/src/kde-qt3d/src/input/frontend/qinputsequence_p.h /build/qt5-3d/pkg/qt5-3d/usr/include/qt/Qt3DInput/5.15.18/Qt3DInput/private/qinputsequence_p.h
/usr/bin/qmake -install qinstall /build/qt5-3d/src/kde-qt3d/src/render/framegraph/qbuffercapture_p.h /build/qt5-3d/pkg/qt5-3d/usr/include/qt/Qt3DRender/5.15.18/Qt3DRender/private/qbuffercapture_p.h
/usr/bin/qmake -install qinstall /build/qt5-3d/src/kde-qt3d/src/render/materialsystem/qgraphicsapifilter.h /build/qt5-3d/pkg/qt5-3d/usr/include/qt/Qt3DRender/qgraphicsapifilter.h
/usr/bin/qmake -install qinstall /build/qt5-3d/src/kde-qt3d/src/input/frontend/qinputsettings_p.h /build/qt5-3d/pkg/qt5-3d/usr/include/qt/Qt3DInput/5.15.18/Qt3DInput/private/qinputsettings_p.h
/usr/bin/qmake -install qinstall /build/qt5-3d/src/build/include/Qt3DRender/QEnvironmentLight /build/qt5-3d/pkg/qt5-3d/usr/include/qt/Qt3DRender/QEnvironmentLight
/usr/bin/qmake -install qinstall /build/qt5-3d/src/kde-qt3d/src/render/materialsystem/qmaterial.h /build/qt5-3d/pkg/qt5-3d/usr/include/qt/Qt3DRender/qmaterial.h
/usr/bin/qmake -install qinstall /build/qt5-3d/src/kde-qt3d/src/render/framegraph/qcameraselector_p.h /build/qt5-3d/pkg/qt5-3d/usr/include/qt/Qt3DRender/5.15.18/Qt3DRender/private/qcameraselector_p.h
/usr/bin/qmake -install qinstall /build/qt5-3d/src/kde-qt3d/src/input/frontend/qkeyboarddevice_p.h /build/qt5-3d/pkg/qt5-3d/usr/include/qt/Qt3DInput/5.15.18/Qt3DInput/private/qkeyboarddevice_p.h
/usr/bin/qmake -install qinstall /build/qt5-3d/src/build/include/Qt3DRender/QPointLight /build/qt5-3d/pkg/qt5-3d/usr/include/qt/Qt3DRender/QPointLight
/usr/bin/qmake -install qinstall /build/qt5-3d/src/kde-qt3d/src/render/materialsystem/qparameter.h /build/qt5-3d/pkg/qt5-3d/usr/include/qt/Qt3DRender/qparameter.h
/usr/bin/qmake -install qinstall /build/qt5-3d/src/kde-qt3d/src/render/framegraph/qclearbuffers_p.h /build/qt5-3d/pkg/qt5-3d/usr/include/qt/Qt3DRender/5.15.18/Qt3DRender/private/qclearbuffers_p.h
/usr/bin/qmake -install qinstall /build/qt5-3d/src/kde-qt3d/src/input/frontend/qkeyboardhandler_p.h /build/qt5-3d/pkg/qt5-3d/usr/include/qt/Qt3DInput/5.15.18/Qt3DInput/private/qkeyboardhandler_p.h
/usr/bin/qmake -install qinstall /build/qt5-3d/src/build/include/Qt3DRender/QSpotLight /build/qt5-3d/pkg/qt5-3d/usr/include/qt/Qt3DRender/QSpotLight
/usr/bin/qmake -install qinstall /build/qt5-3d/src/kde-qt3d/src/render/framegraph/qdebugoverlay_p.h /build/qt5-3d/pkg/qt5-3d/usr/include/qt/Qt3DRender/5.15.18/Qt3DRender/private/qdebugoverlay_p.h
/usr/bin/qmake -install qinstall /build/qt5-3d/src/kde-qt3d/src/render/materialsystem/qrenderpass.h /build/qt5-3d/pkg/qt5-3d/usr/include/qt/Qt3DRender/qrenderpass.h
/usr/bin/qmake -install qinstall /build/qt5-3d/src/build/include/Qt3DRender/QEffect /build/qt5-3d/pkg/qt5-3d/usr/include/qt/Qt3DRender/QEffect
/usr/bin/qmake -install qinstall /build/qt5-3d/src/kde-qt3d/src/input/frontend/qlogicaldevice_p.h /build/qt5-3d/pkg/qt5-3d/usr/include/qt/Qt3DInput/5.15.18/Qt3DInput/private/qlogicaldevice_p.h
/usr/bin/qmake -install qinstall /build/qt5-3d/src/kde-qt3d/src/render/framegraph/qdispatchcompute_p.h /build/qt5-3d/pkg/qt5-3d/usr/include/qt/Qt3DRender/5.15.18/Qt3DRender/private/qdispatchcompute_p.h
/usr/bin/qmake -install qinstall /build/qt5-3d/src/kde-qt3d/src/render/materialsystem/qshaderdata.h /build/qt5-3d/pkg/qt5-3d/usr/include/qt/Qt3DRender/qshaderdata.h
/usr/bin/qmake -install qinstall /build/qt5-3d/src/build/include/Qt3DRender/QFilterKey /build/qt5-3d/pkg/qt5-3d/usr/include/qt/Qt3DRender/QFilterKey
/usr/bin/qmake -install qinstall /build/qt5-3d/src/kde-qt3d/src/input/frontend/qmousedevice_p.h /build/qt5-3d/pkg/qt5-3d/usr/include/qt/Qt3DInput/5.15.18/Qt3DInput/private/qmousedevice_p.h
/usr/bin/qmake -install qinstall /build/qt5-3d/src/kde-qt3d/src/render/framegraph/qframegraphnode_p.h /build/qt5-3d/pkg/qt5-3d/usr/include/qt/Qt3DRender/5.15.18/Qt3DRender/private/qframegraphnode_p.h
/usr/bin/qmake -install qinstall /build/qt5-3d/src/kde-qt3d/src/render/materialsystem/qshaderimage.h /build/qt5-3d/pkg/qt5-3d/usr/include/qt/Qt3DRender/qshaderimage.h
/usr/bin/qmake -install qinstall /build/qt5-3d/src/kde-qt3d/src/input/frontend/qmousehandler_p.h /build/qt5-3d/pkg/qt5-3d/usr/include/qt/Qt3DInput/5.15.18/Qt3DInput/private/qmousehandler_p.h
/usr/bin/qmake -install qinstall /build/qt5-3d/src/build/include/Qt3DRender/QGraphicsApiFilter /build/qt5-3d/pkg/qt5-3d/usr/include/qt/Qt3DRender/QGraphicsApiFilter
/usr/bin/qmake -install qinstall /build/qt5-3d/src/kde-qt3d/src/render/materialsystem/qshaderprogram.h /build/qt5-3d/pkg/qt5-3d/usr/include/qt/Qt3DRender/qshaderprogram.h
/usr/bin/qmake -install qinstall /build/qt5-3d/src/kde-qt3d/src/render/framegraph/qframegraphnodecreatedchange_p.h /build/qt5-3d/pkg/qt5-3d/usr/include/qt/Qt3DRender/5.15.18/Qt3DRender/private/qframegraphnodecreatedchange_p.h
/usr/bin/qmake -install qinstall /build/qt5-3d/src/kde-qt3d/src/input/frontend/qphysicaldevicecreatedchange_p.h /build/qt5-3d/pkg/qt5-3d/usr/include/qt/Qt3DInput/5.15.18/Qt3DInput/private/qphysicaldevicecreatedchange_p.h
/usr/bin/qmake -install qinstall /build/qt5-3d/src/build/include/Qt3DRender/QMaterial /build/qt5-3d/pkg/qt5-3d/usr/include/qt/Qt3DRender/QMaterial
/usr/bin/qmake -install qinstall /build/qt5-3d/src/kde-qt3d/src/render/framegraph/qlayerfilter_p.h /build/qt5-3d/pkg/qt5-3d/usr/include/qt/Qt3DRender/5.15.18/Qt3DRender/private/qlayerfilter_p.h
/usr/bin/qmake -install qinstall /build/qt5-3d/src/kde-qt3d/src/render/materialsystem/qshaderprogrambuilder.h /build/qt5-3d/pkg/qt5-3d/usr/include/qt/Qt3DRender/qshaderprogrambuilder.h
/usr/bin/qmake -install qinstall /build/qt5-3d/src/build/include/Qt3DRender/QParameter /build/qt5-3d/pkg/qt5-3d/usr/include/qt/Qt3DRender/QParameter
make[2]: Leaving directory '/build/qt5-3d/src/build/src/input'
cd quick3d/quick3dinput/ && ( test -e Makefile || /usr/bin/qmake -o Makefile /build/qt5-3d/src/kde-qt3d/src/quick3d/quick3dinput/quick3dinput.pro ) && make -f Makefile install
/usr/bin/qmake -install qinstall /build/qt5-3d/src/kde-qt3d/src/render/materialsystem/qtechnique.h /build/qt5-3d/pkg/qt5-3d/usr/include/qt/Qt3DRender/qtechnique.h
/usr/bin/qmake -install qinstall /build/qt5-3d/src/kde-qt3d/src/render/framegraph/qmemorybarrier_p.h /build/qt5-3d/pkg/qt5-3d/usr/include/qt/Qt3DRender/5.15.18/Qt3DRender/private/qmemorybarrier_p.h
/usr/bin/qmake -install qinstall /build/qt5-3d/src/build/include/Qt3DRender/ParameterList /build/qt5-3d/pkg/qt5-3d/usr/include/qt/Qt3DRender/ParameterList
/usr/bin/qmake -install qinstall /build/qt5-3d/src/kde-qt3d/src/render/picking/qabstractraycaster.h /build/qt5-3d/pkg/qt5-3d/usr/include/qt/Qt3DRender/qabstractraycaster.h
/usr/bin/qmake -install qinstall /build/qt5-3d/src/kde-qt3d/src/render/framegraph/qproximityfilter_p.h /build/qt5-3d/pkg/qt5-3d/usr/include/qt/Qt3DRender/5.15.18/Qt3DRender/private/qproximityfilter_p.h
/usr/bin/qmake -install qinstall /build/qt5-3d/src/build/include/Qt3DRender/QRenderPass /build/qt5-3d/pkg/qt5-3d/usr/include/qt/Qt3DRender/QRenderPass
/usr/bin/qmake -install qinstall /build/qt5-3d/src/kde-qt3d/src/render/framegraph/qrendercapture_p.h /build/qt5-3d/pkg/qt5-3d/usr/include/qt/Qt3DRender/5.15.18/Qt3DRender/private/qrendercapture_p.h
/usr/bin/qmake -install qinstall /build/qt5-3d/src/kde-qt3d/src/render/picking/qobjectpicker.h /build/qt5-3d/pkg/qt5-3d/usr/include/qt/Qt3DRender/qobjectpicker.h
/usr/bin/qmake -install qinstall /build/qt5-3d/src/build/include/Qt3DRender/PropertyReaderInterface /build/qt5-3d/pkg/qt5-3d/usr/include/qt/Qt3DRender/PropertyReaderInterface
/usr/bin/qmake -install qinstall /build/qt5-3d/src/kde-qt3d/src/render/picking/qpickevent.h /build/qt5-3d/pkg/qt5-3d/usr/include/qt/Qt3DRender/qpickevent.h
/usr/bin/qmake -install qinstall /build/qt5-3d/src/kde-qt3d/src/render/framegraph/qrenderpassfilter_p.h /build/qt5-3d/pkg/qt5-3d/usr/include/qt/Qt3DRender/5.15.18/Qt3DRender/private/qrenderpassfilter_p.h
/usr/bin/qmake -install qinstall /build/qt5-3d/src/build/include/Qt3DRender/PropertyReaderInterfacePtr /build/qt5-3d/pkg/qt5-3d/usr/include/qt/Qt3DRender/PropertyReaderInterfacePtr
/usr/bin/qmake -install qinstall /build/qt5-3d/src/kde-qt3d/src/render/picking/qpicklineevent.h /build/qt5-3d/pkg/qt5-3d/usr/include/qt/Qt3DRender/qpicklineevent.h
/usr/bin/qmake -install qinstall /build/qt5-3d/src/build/include/Qt3DRender/QShaderData /build/qt5-3d/pkg/qt5-3d/usr/include/qt/Qt3DRender/QShaderData
/usr/bin/qmake -install qinstall /build/qt5-3d/src/kde-qt3d/src/render/framegraph/qrenderstateset_p.h /build/qt5-3d/pkg/qt5-3d/usr/include/qt/Qt3DRender/5.15.18/Qt3DRender/private/qrenderstateset_p.h
/usr/bin/qmake -install qinstall /build/qt5-3d/src/kde-qt3d/src/render/picking/qpickpointevent.h /build/qt5-3d/pkg/qt5-3d/usr/include/qt/Qt3DRender/qpickpointevent.h
/usr/bin/qmake -install qinstall /build/qt5-3d/src/build/include/Qt3DRender/QShaderImage /build/qt5-3d/pkg/qt5-3d/usr/include/qt/Qt3DRender/QShaderImage
/usr/bin/qmake -install qinstall /build/qt5-3d/src/kde-qt3d/src/render/framegraph/qrendersurfaceselector_p.h /build/qt5-3d/pkg/qt5-3d/usr/include/qt/Qt3DRender/5.15.18/Qt3DRender/private/qrendersurfaceselector_p.h
/usr/bin/qmake -install qinstall /build/qt5-3d/src/kde-qt3d/src/render/picking/qpicktriangleevent.h /build/qt5-3d/pkg/qt5-3d/usr/include/qt/Qt3DRender/qpicktriangleevent.h
/usr/bin/qmake -install qinstall /build/qt5-3d/src/build/include/Qt3DRender/QShaderProgram /build/qt5-3d/pkg/qt5-3d/usr/include/qt/Qt3DRender/QShaderProgram
/usr/bin/qmake -install qinstall /build/qt5-3d/src/kde-qt3d/src/render/framegraph/qrendertargetselector_p.h /build/qt5-3d/pkg/qt5-3d/usr/include/qt/Qt3DRender/5.15.18/Qt3DRender/private/qrendertargetselector_p.h
make[2]: Entering directory '/build/qt5-3d/src/build/src/quick3d/quick3dinput'
/usr/bin/qmake -install qinstall /build/qt5-3d/src/kde-qt3d/src/render/picking/qraycaster.h /build/qt5-3d/pkg/qt5-3d/usr/include/qt/Qt3DRender/qraycaster.h
/usr/bin/qmake -install qinstall -exe ../../../lib/libQt53DQuickInput.so.5.15.18 /build/qt5-3d/pkg/qt5-3d/usr/lib/libQt53DQuickInput.so.5.15.18
/usr/bin/qmake -install qinstall /build/qt5-3d/src/build/include/Qt3DQuickInput/qt3dquickinputversion.h /build/qt5-3d/pkg/qt5-3d/usr/include/qt/Qt3DQuickInput/qt3dquickinputversion.h
/usr/bin/qmake -install qinstall /build/qt5-3d/src/kde-qt3d/src/quick3d/quick3dinput/qt3dquickinput_global.h /build/qt5-3d/pkg/qt5-3d/usr/include/qt/Qt3DQuickInput/qt3dquickinput_global.h
/usr/bin/qmake -install qinstall /build/qt5-3d/src/build/mkspecs/modules-inst/qt_lib_3dquickinput.pri /build/qt5-3d/pkg/qt5-3d/usr/lib/qt/mkspecs/modules/qt_lib_3dquickinput.pri
/usr/bin/qmake -install qinstall /build/qt5-3d/src/build/mkspecs/modules-inst/qt_lib_3dquickinput_private.pri /build/qt5-3d/pkg/qt5-3d/usr/lib/qt/mkspecs/modules/qt_lib_3dquickinput_private.pri
/usr/bin/qmake -install qinstall /build/qt5-3d/src/build/include/Qt3DRender/QShaderProgramBuilder /build/qt5-3d/pkg/qt5-3d/usr/include/qt/Qt3DRender/QShaderProgramBuilder
/usr/bin/qmake -install qinstall /build/qt5-3d/src/kde-qt3d/src/quick3d/quick3dinput/qt3dquickinput_global_p.h /build/qt5-3d/pkg/qt5-3d/usr/include/qt/Qt3DQuickInput/5.15.18/Qt3DQuickInput/private/qt3dquickinput_global_p.h
/usr/bin/qmake -install qinstall /build/qt5-3d/src/kde-qt3d/src/render/framegraph/qsetfence_p.h /build/qt5-3d/pkg/qt5-3d/usr/include/qt/Qt3DRender/5.15.18/Qt3DRender/private/qsetfence_p.h
/usr/bin/qmake -install qinstall /build/qt5-3d/src/build/lib/cmake/Qt53DQuickInput/Qt53DQuickInputConfig.cmake /build/qt5-3d/pkg/qt5-3d/usr/lib/cmake/Qt53DQuickInput/Qt53DQuickInputConfig.cmake
/usr/bin/qmake -install qinstall /build/qt5-3d/src/kde-qt3d/src/render/picking/qraycasterhit.h /build/qt5-3d/pkg/qt5-3d/usr/include/qt/Qt3DRender/qraycasterhit.h
/usr/bin/qmake -install qinstall /build/qt5-3d/src/build/include/Qt3DQuickInput/Qt3DQuickInputVersion /build/qt5-3d/pkg/qt5-3d/usr/include/qt/Qt3DQuickInput/Qt3DQuickInputVersion
/usr/bin/qmake -install qinstall /build/qt5-3d/src/build/include/Qt3DQuickInput/Qt3DQuickInputDepends /build/qt5-3d/pkg/qt5-3d/usr/include/qt/Qt3DQuickInput/Qt3DQuickInputDepends
/usr/bin/qmake -install qinstall /build/qt5-3d/src/kde-qt3d/src/quick3d/quick3dinput/qt3dquickinputnodefactory_p.h /build/qt5-3d/pkg/qt5-3d/usr/include/qt/Qt3DQuickInput/5.15.18/Qt3DQuickInput/private/qt3dquickinputnodefactory_p.h
/usr/bin/qmake -install qinstall /build/qt5-3d/src/build/include/Qt3DRender/QTechnique /build/qt5-3d/pkg/qt5-3d/usr/include/qt/Qt3DRender/QTechnique
/usr/bin/qmake -install qinstall /build/qt5-3d/src/kde-qt3d/src/render/framegraph/qsortpolicy_p.h /build/qt5-3d/pkg/qt5-3d/usr/include/qt/Qt3DRender/5.15.18/Qt3DRender/private/qsortpolicy_p.h
ln -f -s libQt53DQuickInput.so.5.15.18 /build/qt5-3d/pkg/qt5-3d/usr/lib/libQt53DQuickInput.so
/usr/bin/qmake -install qinstall /build/qt5-3d/src/kde-qt3d/src/render/picking/qscreenraycaster.h /build/qt5-3d/pkg/qt5-3d/usr/include/qt/Qt3DRender/qscreenraycaster.h
/usr/bin/qmake -install qinstall /build/qt5-3d/src/build/lib/cmake/Qt53DQuickInput/Qt53DQuickInputConfigVersion.cmake /build/qt5-3d/pkg/qt5-3d/usr/lib/cmake/Qt53DQuickInput/Qt53DQuickInputConfigVersion.cmake
ln -f -s libQt53DQuickInput.so.5.15.18 /build/qt5-3d/pkg/qt5-3d/usr/lib/libQt53DQuickInput.so.5
ln -f -s libQt53DQuickInput.so.5.15.18 /build/qt5-3d/pkg/qt5-3d/usr/lib/libQt53DQuickInput.so.5.15
/usr/bin/qmake -install qinstall /build/qt5-3d/src/build/include/Qt3DQuickInput/Qt3DQuickInput /build/qt5-3d/pkg/qt5-3d/usr/include/qt/Qt3DQuickInput/Qt3DQuickInput
sed  -e 's,/build/qt5-3d/src/build/lib/,$$[QT_INSTALL_LIBS]/,g' -e 's,[^ '\'']*/build/qt5-3d/src/build/lib,,g' -e 's,/usr/lib,$$[QT_INSTALL_LIBS],g' ../../../lib/libQt53DQuickInput.prl > /build/qt5-3d/pkg/qt5-3d/usr/lib/libQt53DQuickInput.prl
/usr/bin/qmake -install qinstall /build/qt5-3d/src/build/include/Qt3DRender/QAbstractRayCaster /build/qt5-3d/pkg/qt5-3d/usr/include/qt/Qt3DRender/QAbstractRayCaster
/usr/bin/qmake -install qinstall /build/qt5-3d/src/kde-qt3d/src/quick3d/quick3dinput/items/quick3daction_p.h /build/qt5-3d/pkg/qt5-3d/usr/include/qt/Qt3DQuickInput/5.15.18/Qt3DQuickInput/private/quick3daction_p.h
/usr/bin/qmake -install qinstall /build/qt5-3d/src/kde-qt3d/src/render/framegraph/qsubtreeenabler_p.h /build/qt5-3d/pkg/qt5-3d/usr/include/qt/Qt3DRender/5.15.18/Qt3DRender/private/qsubtreeenabler_p.h
/usr/bin/qmake -install qinstall /build/qt5-3d/src/kde-qt3d/src/render/renderstates/qalphacoverage.h /build/qt5-3d/pkg/qt5-3d/usr/include/qt/Qt3DRender/qalphacoverage.h
sed  -e s,/build/qt5-3d/src/build/lib/,=/usr/lib/,g -e 's,[^ '\'']*/build/qt5-3d/src/build/lib,,g' ../../../lib/libQt53DQuickInput.la > /build/qt5-3d/pkg/qt5-3d/usr/lib/libQt53DQuickInput.la
/usr/bin/qmake -install qinstall /build/qt5-3d/src/build/include/Qt3DRender/QObjectPicker /build/qt5-3d/pkg/qt5-3d/usr/include/qt/Qt3DRender/QObjectPicker
/usr/bin/qmake -install qinstall /build/qt5-3d/src/kde-qt3d/src/render/framegraph/qtechniquefilter_p.h /build/qt5-3d/pkg/qt5-3d/usr/include/qt/Qt3DRender/5.15.18/Qt3DRender/private/qtechniquefilter_p.h
/usr/bin/qmake -install qinstall /build/qt5-3d/src/kde-qt3d/src/quick3d/quick3dinput/items/quick3daxis_p.h /build/qt5-3d/pkg/qt5-3d/usr/include/qt/Qt3DQuickInput/5.15.18/Qt3DQuickInput/private/quick3daxis_p.h
sed  -e s,/build/qt5-3d/src/build/lib/,/usr/lib/,g -e 's,[^ '\'']*/build/qt5-3d/src/build/lib,,g' ../../../lib/pkgconfig/Qt53DQuickInput.pc > /build/qt5-3d/pkg/qt5-3d/usr/lib/pkgconfig/Qt53DQuickInput.pc
/usr/bin/qmake -install qinstall /build/qt5-3d/src/kde-qt3d/src/render/renderstates/qalphatest.h /build/qt5-3d/pkg/qt5-3d/usr/include/qt/Qt3DRender/qalphatest.h
/usr/bin/qmake -install qinstall /build/qt5-3d/src/build/include/Qt3DRender/QPickEventPtr /build/qt5-3d/pkg/qt5-3d/usr/include/qt/Qt3DRender/QPickEventPtr
/usr/bin/qmake -install qinstall /build/qt5-3d/src/kde-qt3d/src/quick3d/quick3dinput/items/quick3dinputchord_p.h /build/qt5-3d/pkg/qt5-3d/usr/include/qt/Qt3DQuickInput/5.15.18/Qt3DQuickInput/private/quick3dinputchord_p.h
/usr/bin/qmake -install qinstall /build/qt5-3d/src/kde-qt3d/src/render/framegraph/qviewport_p.h /build/qt5-3d/pkg/qt5-3d/usr/include/qt/Qt3DRender/5.15.18/Qt3DRender/private/qviewport_p.h
/usr/bin/qmake -install qinstall /build/qt5-3d/src/build/include/Qt3DRender/QPickEvent /build/qt5-3d/pkg/qt5-3d/usr/include/qt/Qt3DRender/QPickEvent
/usr/bin/qmake -install qinstall /build/qt5-3d/src/kde-qt3d/src/render/renderstates/qblendequation.h /build/qt5-3d/pkg/qt5-3d/usr/include/qt/Qt3DRender/qblendequation.h
/usr/bin/qmake -install qinstall /build/qt5-3d/src/kde-qt3d/src/render/framegraph/qwaitfence_p.h /build/qt5-3d/pkg/qt5-3d/usr/include/qt/Qt3DRender/5.15.18/Qt3DRender/private/qwaitfence_p.h
/usr/bin/qmake -install qinstall /build/qt5-3d/src/kde-qt3d/src/quick3d/quick3dinput/items/quick3dinputsequence_p.h /build/qt5-3d/pkg/qt5-3d/usr/include/qt/Qt3DQuickInput/5.15.18/Qt3DQuickInput/private/quick3dinputsequence_p.h
/usr/bin/qmake -install qinstall /build/qt5-3d/src/kde-qt3d/src/render/renderstates/qblendequationarguments.h /build/qt5-3d/pkg/qt5-3d/usr/include/qt/Qt3DRender/qblendequationarguments.h
/usr/bin/qmake -install qinstall /build/qt5-3d/src/build/include/Qt3DRender/QPickLineEvent /build/qt5-3d/pkg/qt5-3d/usr/include/qt/Qt3DRender/QPickLineEvent
/usr/bin/qmake -install qinstall /build/qt5-3d/src/kde-qt3d/src/quick3d/quick3dinput/items/quick3dlogicaldevice_p.h /build/qt5-3d/pkg/qt5-3d/usr/include/qt/Qt3DQuickInput/5.15.18/Qt3DQuickInput/private/quick3dlogicaldevice_p.h
/usr/bin/qmake -install qinstall /build/qt5-3d/src/kde-qt3d/src/render/framegraph/rendercapture_p.h /build/qt5-3d/pkg/qt5-3d/usr/include/qt/Qt3DRender/5.15.18/Qt3DRender/private/rendercapture_p.h
/usr/bin/qmake -install qinstall /build/qt5-3d/src/kde-qt3d/src/render/renderstates/qclipplane.h /build/qt5-3d/pkg/qt5-3d/usr/include/qt/Qt3DRender/qclipplane.h
/usr/bin/qmake -install qinstall /build/qt5-3d/src/build/include/Qt3DRender/QPickLineEventPtr /build/qt5-3d/pkg/qt5-3d/usr/include/qt/Qt3DRender/QPickLineEventPtr
/usr/bin/qmake -install qinstall /build/qt5-3d/src/kde-qt3d/src/render/framegraph/renderpassfilternode_p.h /build/qt5-3d/pkg/qt5-3d/usr/include/qt/Qt3DRender/5.15.18/Qt3DRender/private/renderpassfilternode_p.h
/usr/bin/qmake -install qinstall /build/qt5-3d/src/kde-qt3d/src/quick3d/quick3dinput/items/quick3dphysicaldevice_p.h /build/qt5-3d/pkg/qt5-3d/usr/include/qt/Qt3DQuickInput/5.15.18/Qt3DQuickInput/private/quick3dphysicaldevice_p.h
/usr/bin/qmake -install qinstall /build/qt5-3d/src/kde-qt3d/src/render/renderstates/qcolormask.h /build/qt5-3d/pkg/qt5-3d/usr/include/qt/Qt3DRender/qcolormask.h
/usr/bin/qmake -install qinstall /build/qt5-3d/src/build/include/Qt3DRender/QPickPointEvent /build/qt5-3d/pkg/qt5-3d/usr/include/qt/Qt3DRender/QPickPointEvent
/usr/bin/qmake -install qinstall /build/qt5-3d/src/kde-qt3d/src/render/framegraph/rendersurfaceselector_p.h /build/qt5-3d/pkg/qt5-3d/usr/include/qt/Qt3DRender/5.15.18/Qt3DRender/private/rendersurfaceselector_p.h
make[2]: Leaving directory '/build/qt5-3d/src/build/src/quick3d/quick3dinput'
/usr/bin/qmake -install qinstall /build/qt5-3d/src/kde-qt3d/src/render/renderstates/qcullface.h /build/qt5-3d/pkg/qt5-3d/usr/include/qt/Qt3DRender/qcullface.h
cd quick3d/imports/input/ && ( test -e Makefile.importsinput || /usr/bin/qmake -o Makefile.importsinput /build/qt5-3d/src/kde-qt3d/src/quick3d/imports/input/importsinput.pro ) && make -f Makefile.importsinput install
/usr/bin/qmake -install qinstall /build/qt5-3d/src/build/include/Qt3DRender/QPickPointEventPtr /build/qt5-3d/pkg/qt5-3d/usr/include/qt/Qt3DRender/QPickPointEventPtr
/usr/bin/qmake -install qinstall /build/qt5-3d/src/kde-qt3d/src/render/framegraph/rendertargetselectornode_p.h /build/qt5-3d/pkg/qt5-3d/usr/include/qt/Qt3DRender/5.15.18/Qt3DRender/private/rendertargetselectornode_p.h
/usr/bin/qmake -install qinstall /build/qt5-3d/src/kde-qt3d/src/render/renderstates/qdepthrange.h /build/qt5-3d/pkg/qt5-3d/usr/include/qt/Qt3DRender/qdepthrange.h
/usr/bin/qmake -install qinstall /build/qt5-3d/src/build/include/Qt3DRender/QPickTriangleEvent /build/qt5-3d/pkg/qt5-3d/usr/include/qt/Qt3DRender/QPickTriangleEvent
/usr/bin/qmake -install qinstall /build/qt5-3d/src/kde-qt3d/src/render/framegraph/setfence_p.h /build/qt5-3d/pkg/qt5-3d/usr/include/qt/Qt3DRender/5.15.18/Qt3DRender/private/setfence_p.h
/usr/bin/qmake -install qinstall /build/qt5-3d/src/kde-qt3d/src/render/renderstates/qdepthtest.h /build/qt5-3d/pkg/qt5-3d/usr/include/qt/Qt3DRender/qdepthtest.h
/usr/bin/qmake -install qinstall /build/qt5-3d/src/build/include/Qt3DRender/QPickTriangleEventPtr /build/qt5-3d/pkg/qt5-3d/usr/include/qt/Qt3DRender/QPickTriangleEventPtr
/usr/bin/qmake -install qinstall /build/qt5-3d/src/kde-qt3d/src/render/framegraph/sortpolicy_p.h /build/qt5-3d/pkg/qt5-3d/usr/include/qt/Qt3DRender/5.15.18/Qt3DRender/private/sortpolicy_p.h
/usr/bin/qmake -install qinstall /build/qt5-3d/src/kde-qt3d/src/render/renderstates/qdithering.h /build/qt5-3d/pkg/qt5-3d/usr/include/qt/Qt3DRender/qdithering.h
/usr/bin/qmake -install qinstall /build/qt5-3d/src/build/include/Qt3DRender/QRayCaster /build/qt5-3d/pkg/qt5-3d/usr/include/qt/Qt3DRender/QRayCaster
/usr/bin/qmake -install qinstall /build/qt5-3d/src/kde-qt3d/src/render/renderstates/qfrontface.h /build/qt5-3d/pkg/qt5-3d/usr/include/qt/Qt3DRender/qfrontface.h
/usr/bin/qmake -install qinstall /build/qt5-3d/src/kde-qt3d/src/render/framegraph/statesetnode_p.h /build/qt5-3d/pkg/qt5-3d/usr/include/qt/Qt3DRender/5.15.18/Qt3DRender/private/statesetnode_p.h
/usr/bin/qmake -install qinstall /build/qt5-3d/src/build/include/Qt3DRender/QRayCasterHit /build/qt5-3d/pkg/qt5-3d/usr/include/qt/Qt3DRender/QRayCasterHit
/usr/bin/qmake -install qinstall /build/qt5-3d/src/kde-qt3d/src/render/renderstates/qlinewidth.h /build/qt5-3d/pkg/qt5-3d/usr/include/qt/Qt3DRender/qlinewidth.h
/usr/bin/qmake -install qinstall /build/qt5-3d/src/kde-qt3d/src/render/framegraph/subtreeenabler_p.h /build/qt5-3d/pkg/qt5-3d/usr/include/qt/Qt3DRender/5.15.18/Qt3DRender/private/subtreeenabler_p.h
/usr/bin/qmake -install qinstall /build/qt5-3d/src/build/include/Qt3DRender/QScreenRayCaster /build/qt5-3d/pkg/qt5-3d/usr/include/qt/Qt3DRender/QScreenRayCaster
/usr/bin/qmake -install qinstall /build/qt5-3d/src/kde-qt3d/src/render/renderstates/qmultisampleantialiasing.h /build/qt5-3d/pkg/qt5-3d/usr/include/qt/Qt3DRender/qmultisampleantialiasing.h
/usr/bin/qmake -install qinstall /build/qt5-3d/src/kde-qt3d/src/render/framegraph/techniquefilternode_p.h /build/qt5-3d/pkg/qt5-3d/usr/include/qt/Qt3DRender/5.15.18/Qt3DRender/private/techniquefilternode_p.h
/usr/bin/qmake -install qinstall /build/qt5-3d/src/build/include/Qt3DRender/QAlphaCoverage /build/qt5-3d/pkg/qt5-3d/usr/include/qt/Qt3DRender/QAlphaCoverage
/usr/bin/qmake -install qinstall /build/qt5-3d/src/kde-qt3d/src/render/renderstates/qnodepthmask.h /build/qt5-3d/pkg/qt5-3d/usr/include/qt/Qt3DRender/qnodepthmask.h
make[2]: Entering directory '/build/qt5-3d/src/build/src/quick3d/imports/input'
/usr/bin/qmake -install qinstall /build/qt5-3d/src/kde-qt3d/src/render/framegraph/viewportnode_p.h /build/qt5-3d/pkg/qt5-3d/usr/include/qt/Qt3DRender/5.15.18/Qt3DRender/private/viewportnode_p.h
/usr/bin/qmake -install qinstall -exe ../../../../qml/Qt3D/Input/libquick3dinputplugin.so /build/qt5-3d/pkg/qt5-3d/usr/lib/qt/qml/Qt3D/Input/libquick3dinputplugin.so
/usr/bin/qmake -install qinstall /build/qt5-3d/src/kde-qt3d/src/quick3d/imports/input/qmldir /build/qt5-3d/pkg/qt5-3d/usr/lib/qt/qml/Qt3D/Input/qmldir
/usr/bin/qmake -install qinstall /build/qt5-3d/src/build/include/Qt3DRender/QAlphaTest /build/qt5-3d/pkg/qt5-3d/usr/include/qt/Qt3DRender/QAlphaTest
/usr/bin/qmake -install qinstall /build/qt5-3d/src/kde-qt3d/src/quick3d/imports/input/plugins.qmltypes /build/qt5-3d/pkg/qt5-3d/usr/lib/qt/qml/Qt3D/Input/plugins.qmltypes
/usr/bin/qmake -install qinstall /build/qt5-3d/src/kde-qt3d/src/render/renderstates/qpointsize.h /build/qt5-3d/pkg/qt5-3d/usr/include/qt/Qt3DRender/qpointsize.h
/usr/bin/qmake -install qinstall /build/qt5-3d/src/kde-qt3d/src/render/framegraph/waitfence_p.h /build/qt5-3d/pkg/qt5-3d/usr/include/qt/Qt3DRender/5.15.18/Qt3DRender/private/waitfence_p.h
make[2]: Leaving directory '/build/qt5-3d/src/build/src/quick3d/imports/input'
/usr/bin/qmake -install qinstall /build/qt5-3d/src/build/include/Qt3DRender/QBlendEquation /build/qt5-3d/pkg/qt5-3d/usr/include/qt/Qt3DRender/QBlendEquation
/usr/bin/qmake -install qinstall /build/qt5-3d/src/kde-qt3d/src/render/renderstates/qpolygonoffset.h /build/qt5-3d/pkg/qt5-3d/usr/include/qt/Qt3DRender/qpolygonoffset.h
/usr/bin/qmake -install qinstall /build/qt5-3d/src/kde-qt3d/src/render/frontend/qcamera_p.h /build/qt5-3d/pkg/qt5-3d/usr/include/qt/Qt3DRender/5.15.18/Qt3DRender/private/qcamera_p.h
/usr/bin/qmake -install qinstall /build/qt5-3d/src/build/include/Qt3DRender/QBlendEquationArguments /build/qt5-3d/pkg/qt5-3d/usr/include/qt/Qt3DRender/QBlendEquationArguments
/usr/bin/qmake -install qinstall /build/qt5-3d/src/kde-qt3d/src/render/renderstates/qrastermode.h /build/qt5-3d/pkg/qt5-3d/usr/include/qt/Qt3DRender/qrastermode.h
/usr/bin/qmake -install qinstall /build/qt5-3d/src/kde-qt3d/src/render/frontend/qcameralens_p.h /build/qt5-3d/pkg/qt5-3d/usr/include/qt/Qt3DRender/5.15.18/Qt3DRender/private/qcameralens_p.h
/usr/bin/qmake -install qinstall /build/qt5-3d/src/build/include/Qt3DRender/QClipPlane /build/qt5-3d/pkg/qt5-3d/usr/include/qt/Qt3DRender/QClipPlane
/usr/bin/qmake -install qinstall /build/qt5-3d/src/kde-qt3d/src/render/renderstates/qrenderstate.h /build/qt5-3d/pkg/qt5-3d/usr/include/qt/Qt3DRender/qrenderstate.h
/usr/bin/qmake -install qinstall /build/qt5-3d/src/kde-qt3d/src/render/frontend/qcomputecommand_p.h /build/qt5-3d/pkg/qt5-3d/usr/include/qt/Qt3DRender/5.15.18/Qt3DRender/private/qcomputecommand_p.h
/usr/bin/qmake -install qinstall /build/qt5-3d/src/build/include/Qt3DRender/QColorMask /build/qt5-3d/pkg/qt5-3d/usr/include/qt/Qt3DRender/QColorMask
/usr/bin/qmake -install qinstall /build/qt5-3d/src/kde-qt3d/src/render/renderstates/qscissortest.h /build/qt5-3d/pkg/qt5-3d/usr/include/qt/Qt3DRender/qscissortest.h
/usr/bin/qmake -install qinstall /build/qt5-3d/src/kde-qt3d/src/render/frontend/qlayer_p.h /build/qt5-3d/pkg/qt5-3d/usr/include/qt/Qt3DRender/5.15.18/Qt3DRender/private/qlayer_p.h
/usr/bin/qmake -install qinstall /build/qt5-3d/src/build/include/Qt3DRender/QCullFace /build/qt5-3d/pkg/qt5-3d/usr/include/qt/Qt3DRender/QCullFace
/usr/bin/qmake -install qinstall /build/qt5-3d/src/kde-qt3d/src/render/renderstates/qseamlesscubemap.h /build/qt5-3d/pkg/qt5-3d/usr/include/qt/Qt3DRender/qseamlesscubemap.h
/usr/bin/qmake -install qinstall /build/qt5-3d/src/kde-qt3d/src/render/frontend/qlevelofdetail_p.h /build/qt5-3d/pkg/qt5-3d/usr/include/qt/Qt3DRender/5.15.18/Qt3DRender/private/qlevelofdetail_p.h
/usr/bin/qmake -install qinstall /build/qt5-3d/src/build/include/Qt3DRender/QDepthRange /build/qt5-3d/pkg/qt5-3d/usr/include/qt/Qt3DRender/QDepthRange
/usr/bin/qmake -install qinstall /build/qt5-3d/src/kde-qt3d/src/render/renderstates/qstencilmask.h /build/qt5-3d/pkg/qt5-3d/usr/include/qt/Qt3DRender/qstencilmask.h
/usr/bin/qmake -install qinstall /build/qt5-3d/src/kde-qt3d/src/render/frontend/qlevelofdetailswitch_p.h /build/qt5-3d/pkg/qt5-3d/usr/include/qt/Qt3DRender/5.15.18/Qt3DRender/private/qlevelofdetailswitch_p.h
/usr/bin/qmake -install qinstall /build/qt5-3d/src/build/include/Qt3DRender/QDepthTest /build/qt5-3d/pkg/qt5-3d/usr/include/qt/Qt3DRender/QDepthTest
/usr/bin/qmake -install qinstall /build/qt5-3d/src/kde-qt3d/src/render/renderstates/qstenciloperation.h /build/qt5-3d/pkg/qt5-3d/usr/include/qt/Qt3DRender/qstenciloperation.h
/usr/bin/qmake -install qinstall /build/qt5-3d/src/kde-qt3d/src/render/frontend/qpickingsettings_p.h /build/qt5-3d/pkg/qt5-3d/usr/include/qt/Qt3DRender/5.15.18/Qt3DRender/private/qpickingsettings_p.h
/usr/bin/qmake -install qinstall /build/qt5-3d/src/build/include/Qt3DRender/QDithering /build/qt5-3d/pkg/qt5-3d/usr/include/qt/Qt3DRender/QDithering
/usr/bin/qmake -install qinstall /build/qt5-3d/src/kde-qt3d/src/render/renderstates/qstenciloperationarguments.h /build/qt5-3d/pkg/qt5-3d/usr/include/qt/Qt3DRender/qstenciloperationarguments.h
/usr/bin/qmake -install qinstall /build/qt5-3d/src/kde-qt3d/src/render/frontend/qrenderaspect_p.h /build/qt5-3d/pkg/qt5-3d/usr/include/qt/Qt3DRender/5.15.18/Qt3DRender/private/qrenderaspect_p.h
/usr/bin/qmake -install qinstall /build/qt5-3d/src/build/include/Qt3DRender/QFrontFace /build/qt5-3d/pkg/qt5-3d/usr/include/qt/Qt3DRender/QFrontFace
/usr/bin/qmake -install qinstall /build/qt5-3d/src/kde-qt3d/src/render/renderstates/qstenciltest.h /build/qt5-3d/pkg/qt5-3d/usr/include/qt/Qt3DRender/qstenciltest.h
/usr/bin/qmake -install qinstall /build/qt5-3d/src/kde-qt3d/src/render/frontend/qrendercapabilities_p.h /build/qt5-3d/pkg/qt5-3d/usr/include/qt/Qt3DRender/5.15.18/Qt3DRender/private/qrendercapabilities_p.h
/usr/bin/qmake -install qinstall /build/qt5-3d/src/build/include/Qt3DRender/QLineWidth /build/qt5-3d/pkg/qt5-3d/usr/include/qt/Qt3DRender/QLineWidth
/usr/bin/qmake -install qinstall /build/qt5-3d/src/kde-qt3d/src/render/renderstates/qstenciltestarguments.h /build/qt5-3d/pkg/qt5-3d/usr/include/qt/Qt3DRender/qstenciltestarguments.h
/usr/bin/qmake -install qinstall /build/qt5-3d/src/kde-qt3d/src/render/frontend/qrenderplugin_p.h /build/qt5-3d/pkg/qt5-3d/usr/include/qt/Qt3DRender/5.15.18/Qt3DRender/private/qrenderplugin_p.h
/usr/bin/qmake -install qinstall /build/qt5-3d/src/build/include/Qt3DRender/QMultiSampleAntiAliasing /build/qt5-3d/pkg/qt5-3d/usr/include/qt/Qt3DRender/QMultiSampleAntiAliasing
/usr/bin/qmake -install qinstall /build/qt5-3d/src/kde-qt3d/src/render/texture/qabstracttexture.h /build/qt5-3d/pkg/qt5-3d/usr/include/qt/Qt3DRender/qabstracttexture.h
/usr/bin/qmake -install qinstall /build/qt5-3d/src/kde-qt3d/src/render/frontend/qrenderpluginfactory_p.h /build/qt5-3d/pkg/qt5-3d/usr/include/qt/Qt3DRender/5.15.18/Qt3DRender/private/qrenderpluginfactory_p.h
/usr/bin/qmake -install qinstall /build/qt5-3d/src/build/include/Qt3DRender/QNoDepthMask /build/qt5-3d/pkg/qt5-3d/usr/include/qt/Qt3DRender/QNoDepthMask
/usr/bin/qmake -install qinstall /build/qt5-3d/src/kde-qt3d/src/render/texture/qabstracttextureimage.h /build/qt5-3d/pkg/qt5-3d/usr/include/qt/Qt3DRender/qabstracttextureimage.h
/usr/bin/qmake -install qinstall /build/qt5-3d/src/kde-qt3d/src/render/frontend/qrenderpluginfactoryif_p.h /build/qt5-3d/pkg/qt5-3d/usr/include/qt/Qt3DRender/5.15.18/Qt3DRender/private/qrenderpluginfactoryif_p.h
/usr/bin/qmake -install qinstall /build/qt5-3d/src/build/include/Qt3DRender/QPointSize /build/qt5-3d/pkg/qt5-3d/usr/include/qt/Qt3DRender/QPointSize
/usr/bin/qmake -install qinstall /build/qt5-3d/src/kde-qt3d/src/render/texture/qpaintedtextureimage.h /build/qt5-3d/pkg/qt5-3d/usr/include/qt/Qt3DRender/qpaintedtextureimage.h
/usr/bin/qmake -install qinstall /build/qt5-3d/src/kde-qt3d/src/render/frontend/qrendersettings_p.h /build/qt5-3d/pkg/qt5-3d/usr/include/qt/Qt3DRender/5.15.18/Qt3DRender/private/qrendersettings_p.h
/usr/bin/qmake -install qinstall /build/qt5-3d/src/build/include/Qt3DRender/QPolygonOffset /build/qt5-3d/pkg/qt5-3d/usr/include/qt/Qt3DRender/QPolygonOffset
/usr/bin/qmake -install qinstall /build/qt5-3d/src/kde-qt3d/src/render/texture/qtexture.h /build/qt5-3d/pkg/qt5-3d/usr/include/qt/Qt3DRender/qtexture.h
/usr/bin/qmake -install qinstall /build/qt5-3d/src/kde-qt3d/src/render/frontend/qrendertarget_p.h /build/qt5-3d/pkg/qt5-3d/usr/include/qt/Qt3DRender/5.15.18/Qt3DRender/private/qrendertarget_p.h
/usr/bin/qmake -install qinstall /build/qt5-3d/src/build/include/Qt3DRender/QRasterMode /build/qt5-3d/pkg/qt5-3d/usr/include/qt/Qt3DRender/QRasterMode
/usr/bin/qmake -install qinstall /build/qt5-3d/src/kde-qt3d/src/render/texture/qtexturedata.h /build/qt5-3d/pkg/qt5-3d/usr/include/qt/Qt3DRender/qtexturedata.h
/usr/bin/qmake -install qinstall /build/qt5-3d/src/kde-qt3d/src/render/frontend/qrendertargetoutput_p.h /build/qt5-3d/pkg/qt5-3d/usr/include/qt/Qt3DRender/5.15.18/Qt3DRender/private/qrendertargetoutput_p.h
/usr/bin/qmake -install qinstall /build/qt5-3d/src/build/include/Qt3DRender/QRenderState /build/qt5-3d/pkg/qt5-3d/usr/include/qt/Qt3DRender/QRenderState
/usr/bin/qmake -install qinstall /build/qt5-3d/src/kde-qt3d/src/render/texture/qtexturedataupdate.h /build/qt5-3d/pkg/qt5-3d/usr/include/qt/Qt3DRender/qtexturedataupdate.h
/usr/bin/qmake -install qinstall /build/qt5-3d/src/kde-qt3d/src/render/frontend/sphere_p.h /build/qt5-3d/pkg/qt5-3d/usr/include/qt/Qt3DRender/5.15.18/Qt3DRender/private/sphere_p.h
/usr/bin/qmake -install qinstall /build/qt5-3d/src/build/include/Qt3DRender/QScissorTest /build/qt5-3d/pkg/qt5-3d/usr/include/qt/Qt3DRender/QScissorTest
/usr/bin/qmake -install qinstall /build/qt5-3d/src/kde-qt3d/src/render/texture/qtexturegenerator.h /build/qt5-3d/pkg/qt5-3d/usr/include/qt/Qt3DRender/qtexturegenerator.h
/usr/bin/qmake -install qinstall /build/qt5-3d/src/kde-qt3d/src/render/geometry/armature_p.h /build/qt5-3d/pkg/qt5-3d/usr/include/qt/Qt3DRender/5.15.18/Qt3DRender/private/armature_p.h
/usr/bin/qmake -install qinstall /build/qt5-3d/src/build/include/Qt3DRender/QSeamlessCubemap /build/qt5-3d/pkg/qt5-3d/usr/include/qt/Qt3DRender/QSeamlessCubemap
/usr/bin/qmake -install qinstall /build/qt5-3d/src/kde-qt3d/src/render/texture/qtextureimage.h /build/qt5-3d/pkg/qt5-3d/usr/include/qt/Qt3DRender/qtextureimage.h
/usr/bin/qmake -install qinstall /build/qt5-3d/src/kde-qt3d/src/render/geometry/attribute_p.h /build/qt5-3d/pkg/qt5-3d/usr/include/qt/Qt3DRender/5.15.18/Qt3DRender/private/attribute_p.h
/usr/bin/qmake -install qinstall /build/qt5-3d/src/build/include/Qt3DRender/QStencilMask /build/qt5-3d/pkg/qt5-3d/usr/include/qt/Qt3DRender/QStencilMask
/usr/bin/qmake -install qinstall /build/qt5-3d/src/kde-qt3d/src/render/texture/qtextureimagedata.h /build/qt5-3d/pkg/qt5-3d/usr/include/qt/Qt3DRender/qtextureimagedata.h
/usr/bin/qmake -install qinstall /build/qt5-3d/src/kde-qt3d/src/render/geometry/buffer_p.h /build/qt5-3d/pkg/qt5-3d/usr/include/qt/Qt3DRender/5.15.18/Qt3DRender/private/buffer_p.h
/usr/bin/qmake -install qinstall /build/qt5-3d/src/build/include/Qt3DRender/QStencilOperation /build/qt5-3d/pkg/qt5-3d/usr/include/qt/Qt3DRender/QStencilOperation
/usr/bin/qmake -install qinstall /build/qt5-3d/src/kde-qt3d/src/render/texture/qtextureimagedatagenerator.h /build/qt5-3d/pkg/qt5-3d/usr/include/qt/Qt3DRender/qtextureimagedatagenerator.h
/usr/bin/qmake -install qinstall /build/qt5-3d/src/kde-qt3d/src/render/geometry/buffermanager_p.h /build/qt5-3d/pkg/qt5-3d/usr/include/qt/Qt3DRender/5.15.18/Qt3DRender/private/buffermanager_p.h
/usr/bin/qmake -install qinstall /build/qt5-3d/src/build/include/Qt3DRender/QStencilOperationArguments /build/qt5-3d/pkg/qt5-3d/usr/include/qt/Qt3DRender/QStencilOperationArguments
/usr/bin/qmake -install qinstall /build/qt5-3d/src/kde-qt3d/src/render/texture/qtexturewrapmode.h /build/qt5-3d/pkg/qt5-3d/usr/include/qt/Qt3DRender/qtexturewrapmode.h
/usr/bin/qmake -install qinstall /build/qt5-3d/src/kde-qt3d/src/render/geometry/geometry_p.h /build/qt5-3d/pkg/qt5-3d/usr/include/qt/Qt3DRender/5.15.18/Qt3DRender/private/geometry_p.h
/usr/bin/qmake -install qinstall /build/qt5-3d/src/build/include/Qt3DRender/QStencilTest /build/qt5-3d/pkg/qt5-3d/usr/include/qt/Qt3DRender/QStencilTest
/usr/bin/qmake -install qinstall /build/qt5-3d/src/build/include/Qt3DRender/Qt3DRenderDepends /build/qt5-3d/pkg/qt5-3d/usr/include/qt/Qt3DRender/Qt3DRenderDepends
/usr/bin/qmake -install qinstall /build/qt5-3d/src/kde-qt3d/src/render/geometry/geometryrenderer_p.h /build/qt5-3d/pkg/qt5-3d/usr/include/qt/Qt3DRender/5.15.18/Qt3DRender/private/geometryrenderer_p.h
/usr/bin/qmake -install qinstall /build/qt5-3d/src/build/include/Qt3DRender/QStencilTestArguments /build/qt5-3d/pkg/qt5-3d/usr/include/qt/Qt3DRender/QStencilTestArguments
/usr/bin/qmake -install qinstall /build/qt5-3d/src/build/src/render/qt3drender-config.h /build/qt5-3d/pkg/qt5-3d/usr/include/qt/Qt3DRender/qt3drender-config.h
/usr/bin/qmake -install qinstall /build/qt5-3d/src/kde-qt3d/src/render/geometry/geometryrenderermanager_p.h /build/qt5-3d/pkg/qt5-3d/usr/include/qt/Qt3DRender/5.15.18/Qt3DRender/private/geometryrenderermanager_p.h
/usr/bin/qmake -install qinstall /build/qt5-3d/src/build/include/Qt3DRender/QTextureGeneratorPtr /build/qt5-3d/pkg/qt5-3d/usr/include/qt/Qt3DRender/QTextureGeneratorPtr
/usr/bin/qmake -install qinstall /build/qt5-3d/src/kde-qt3d/src/render/geometry/gltfskeletonloader_p.h /build/qt5-3d/pkg/qt5-3d/usr/include/qt/Qt3DRender/5.15.18/Qt3DRender/private/gltfskeletonloader_p.h
/usr/bin/qmake -install qinstall /build/qt5-3d/src/build/include/Qt3DRender/QAbstractTexture /build/qt5-3d/pkg/qt5-3d/usr/include/qt/Qt3DRender/QAbstractTexture
/usr/bin/qmake -install qinstall /build/qt5-3d/src/kde-qt3d/src/render/geometry/joint_p.h /build/qt5-3d/pkg/qt5-3d/usr/include/qt/Qt3DRender/5.15.18/Qt3DRender/private/joint_p.h
/usr/bin/qmake -install qinstall /build/qt5-3d/src/build/include/Qt3DRender/QAbstractTextureImage /build/qt5-3d/pkg/qt5-3d/usr/include/qt/Qt3DRender/QAbstractTextureImage
/usr/bin/qmake -install qinstall /build/qt5-3d/src/kde-qt3d/src/render/geometry/qattribute_p.h /build/qt5-3d/pkg/qt5-3d/usr/include/qt/Qt3DRender/5.15.18/Qt3DRender/private/qattribute_p.h
/usr/bin/qmake -install qinstall /build/qt5-3d/src/build/include/Qt3DRender/QPaintedTextureImage /build/qt5-3d/pkg/qt5-3d/usr/include/qt/Qt3DRender/QPaintedTextureImage
/usr/bin/qmake -install qinstall /build/qt5-3d/src/kde-qt3d/src/render/geometry/qbuffer_p.h /build/qt5-3d/pkg/qt5-3d/usr/include/qt/Qt3DRender/5.15.18/Qt3DRender/private/qbuffer_p.h
/usr/bin/qmake -install qinstall /build/qt5-3d/src/build/include/Qt3DRender/QTexture /build/qt5-3d/pkg/qt5-3d/usr/include/qt/Qt3DRender/QTexture
/usr/bin/qmake -install qinstall /build/qt5-3d/src/kde-qt3d/src/render/geometry/qgeometry_p.h /build/qt5-3d/pkg/qt5-3d/usr/include/qt/Qt3DRender/5.15.18/Qt3DRender/private/qgeometry_p.h
/usr/bin/qmake -install qinstall /build/qt5-3d/src/build/include/Qt3DRender/QTextureData /build/qt5-3d/pkg/qt5-3d/usr/include/qt/Qt3DRender/QTextureData
/usr/bin/qmake -install qinstall /build/qt5-3d/src/kde-qt3d/src/render/geometry/qgeometryrenderer_p.h /build/qt5-3d/pkg/qt5-3d/usr/include/qt/Qt3DRender/5.15.18/Qt3DRender/private/qgeometryrenderer_p.h
/usr/bin/qmake -install qinstall /build/qt5-3d/src/build/include/Qt3DRender/QTextureDataPtr /build/qt5-3d/pkg/qt5-3d/usr/include/qt/Qt3DRender/QTextureDataPtr
/usr/bin/qmake -install qinstall /build/qt5-3d/src/kde-qt3d/src/render/geometry/qmesh_p.h /build/qt5-3d/pkg/qt5-3d/usr/include/qt/Qt3DRender/5.15.18/Qt3DRender/private/qmesh_p.h
/usr/bin/qmake -install qinstall /build/qt5-3d/src/build/include/Qt3DRender/QTextureDataUpdate /build/qt5-3d/pkg/qt5-3d/usr/include/qt/Qt3DRender/QTextureDataUpdate
/usr/bin/qmake -install qinstall /build/qt5-3d/src/kde-qt3d/src/render/geometry/skeleton_p.h /build/qt5-3d/pkg/qt5-3d/usr/include/qt/Qt3DRender/5.15.18/Qt3DRender/private/skeleton_p.h
/usr/bin/qmake -install qinstall /build/qt5-3d/src/build/include/Qt3DRender/QTextureGenerator /build/qt5-3d/pkg/qt5-3d/usr/include/qt/Qt3DRender/QTextureGenerator
/usr/bin/qmake -install qinstall /build/qt5-3d/src/kde-qt3d/src/render/geometry/skeletondata_p.h /build/qt5-3d/pkg/qt5-3d/usr/include/qt/Qt3DRender/5.15.18/Qt3DRender/private/skeletondata_p.h
/usr/bin/qmake -install qinstall /build/qt5-3d/src/build/include/Qt3DRender/QTextureImage /build/qt5-3d/pkg/qt5-3d/usr/include/qt/Qt3DRender/QTextureImage
/usr/bin/qmake -install qinstall /build/qt5-3d/src/kde-qt3d/src/render/io/qaxisalignedboundingbox_p.h /build/qt5-3d/pkg/qt5-3d/usr/include/qt/Qt3DRender/5.15.18/Qt3DRender/private/qaxisalignedboundingbox_p.h
/usr/bin/qmake -install qinstall /build/qt5-3d/src/build/include/Qt3DRender/QTextureImageData /build/qt5-3d/pkg/qt5-3d/usr/include/qt/Qt3DRender/QTextureImageData
/usr/bin/qmake -install qinstall /build/qt5-3d/src/kde-qt3d/src/render/io/qgeometryloaderfactory_p.h /build/qt5-3d/pkg/qt5-3d/usr/include/qt/Qt3DRender/5.15.18/Qt3DRender/private/qgeometryloaderfactory_p.h
/usr/bin/qmake -install qinstall /build/qt5-3d/src/build/include/Qt3DRender/QTextureImageDataPtr /build/qt5-3d/pkg/qt5-3d/usr/include/qt/Qt3DRender/QTextureImageDataPtr
/usr/bin/qmake -install qinstall /build/qt5-3d/src/kde-qt3d/src/render/io/qgeometryloaderinterface_p.h /build/qt5-3d/pkg/qt5-3d/usr/include/qt/Qt3DRender/5.15.18/Qt3DRender/private/qgeometryloaderinterface_p.h
/usr/bin/qmake -install qinstall /build/qt5-3d/src/build/include/Qt3DRender/QTextureImageDataGenerator /build/qt5-3d/pkg/qt5-3d/usr/include/qt/Qt3DRender/QTextureImageDataGenerator
/usr/bin/qmake -install qinstall /build/qt5-3d/src/kde-qt3d/src/render/io/qsceneexporter_p.h /build/qt5-3d/pkg/qt5-3d/usr/include/qt/Qt3DRender/5.15.18/Qt3DRender/private/qsceneexporter_p.h
/usr/bin/qmake -install qinstall /build/qt5-3d/src/build/include/Qt3DRender/QTextureImageDataGeneratorPtr /build/qt5-3d/pkg/qt5-3d/usr/include/qt/Qt3DRender/QTextureImageDataGeneratorPtr
/usr/bin/qmake -install qinstall /build/qt5-3d/src/kde-qt3d/src/render/io/qsceneexportfactory_p.h /build/qt5-3d/pkg/qt5-3d/usr/include/qt/Qt3DRender/5.15.18/Qt3DRender/private/qsceneexportfactory_p.h
/usr/bin/qmake -install qinstall /build/qt5-3d/src/build/include/Qt3DRender/QTextureWrapMode /build/qt5-3d/pkg/qt5-3d/usr/include/qt/Qt3DRender/QTextureWrapMode
/usr/bin/qmake -install qinstall /build/qt5-3d/src/kde-qt3d/src/render/io/qsceneexportplugin_p.h /build/qt5-3d/pkg/qt5-3d/usr/include/qt/Qt3DRender/5.15.18/Qt3DRender/private/qsceneexportplugin_p.h
/usr/bin/qmake -install qinstall /build/qt5-3d/src/build/include/Qt3DRender/qt3drenderversion.h /build/qt5-3d/pkg/qt5-3d/usr/include/qt/Qt3DRender/qt3drenderversion.h
/usr/bin/qmake -install qinstall /build/qt5-3d/src/kde-qt3d/src/render/io/qsceneimporter_p.h /build/qt5-3d/pkg/qt5-3d/usr/include/qt/Qt3DRender/5.15.18/Qt3DRender/private/qsceneimporter_p.h
/usr/bin/qmake -install qinstall /build/qt5-3d/src/build/include/Qt3DRender/Qt3DRenderVersion /build/qt5-3d/pkg/qt5-3d/usr/include/qt/Qt3DRender/Qt3DRenderVersion
/usr/bin/qmake -install qinstall /build/qt5-3d/src/kde-qt3d/src/render/io/qsceneimportfactory_p.h /build/qt5-3d/pkg/qt5-3d/usr/include/qt/Qt3DRender/5.15.18/Qt3DRender/private/qsceneimportfactory_p.h
/usr/bin/qmake -install qinstall /build/qt5-3d/src/build/include/Qt3DRender/Qt3DRender /build/qt5-3d/pkg/qt5-3d/usr/include/qt/Qt3DRender/Qt3DRender
/usr/bin/qmake -install qinstall /build/qt5-3d/src/kde-qt3d/src/render/io/qsceneimportplugin_p.h /build/qt5-3d/pkg/qt5-3d/usr/include/qt/Qt3DRender/5.15.18/Qt3DRender/private/qsceneimportplugin_p.h
/usr/bin/qmake -install qinstall /build/qt5-3d/src/kde-qt3d/src/render/io/qsceneloader_p.h /build/qt5-3d/pkg/qt5-3d/usr/include/qt/Qt3DRender/5.15.18/Qt3DRender/private/qsceneloader_p.h
/usr/bin/qmake -install qinstall /build/qt5-3d/src/kde-qt3d/src/render/io/qurlhelper_p.h /build/qt5-3d/pkg/qt5-3d/usr/include/qt/Qt3DRender/5.15.18/Qt3DRender/private/qurlhelper_p.h
/usr/bin/qmake -install qinstall /build/qt5-3d/src/kde-qt3d/src/render/io/scene_p.h /build/qt5-3d/pkg/qt5-3d/usr/include/qt/Qt3DRender/5.15.18/Qt3DRender/private/scene_p.h
/usr/bin/qmake -install qinstall /build/qt5-3d/src/kde-qt3d/src/render/io/scenemanager_p.h /build/qt5-3d/pkg/qt5-3d/usr/include/qt/Qt3DRender/5.15.18/Qt3DRender/private/scenemanager_p.h
/usr/bin/qmake -install qinstall /build/qt5-3d/src/kde-qt3d/src/render/jobs/abstractpickingjob_p.h /build/qt5-3d/pkg/qt5-3d/usr/include/qt/Qt3DRender/5.15.18/Qt3DRender/private/abstractpickingjob_p.h
/usr/bin/qmake -install qinstall /build/qt5-3d/src/kde-qt3d/src/render/jobs/calcboundingvolumejob_p.h /build/qt5-3d/pkg/qt5-3d/usr/include/qt/Qt3DRender/5.15.18/Qt3DRender/private/calcboundingvolumejob_p.h
/usr/bin/qmake -install qinstall /build/qt5-3d/src/kde-qt3d/src/render/jobs/calcgeometrytrianglevolumes_p.h /build/qt5-3d/pkg/qt5-3d/usr/include/qt/Qt3DRender/5.15.18/Qt3DRender/private/calcgeometrytrianglevolumes_p.h
/usr/bin/qmake -install qinstall /build/qt5-3d/src/kde-qt3d/src/render/jobs/computefilteredboundingvolumejob_p.h /build/qt5-3d/pkg/qt5-3d/usr/include/qt/Qt3DRender/5.15.18/Qt3DRender/private/computefilteredboundingvolumejob_p.h
/usr/bin/qmake -install qinstall /build/qt5-3d/src/kde-qt3d/src/render/jobs/expandboundingvolumejob_p.h /build/qt5-3d/pkg/qt5-3d/usr/include/qt/Qt3DRender/5.15.18/Qt3DRender/private/expandboundingvolumejob_p.h
/usr/bin/qmake -install qinstall /build/qt5-3d/src/kde-qt3d/src/render/jobs/filterentitybycomponentjob_p.h /build/qt5-3d/pkg/qt5-3d/usr/include/qt/Qt3DRender/5.15.18/Qt3DRender/private/filterentitybycomponentjob_p.h
/usr/bin/qmake -install qinstall /build/qt5-3d/src/kde-qt3d/src/render/jobs/filterlayerentityjob_p.h /build/qt5-3d/pkg/qt5-3d/usr/include/qt/Qt3DRender/5.15.18/Qt3DRender/private/filterlayerentityjob_p.h
/usr/bin/qmake -install qinstall /build/qt5-3d/src/kde-qt3d/src/render/jobs/filterproximitydistancejob_p.h /build/qt5-3d/pkg/qt5-3d/usr/include/qt/Qt3DRender/5.15.18/Qt3DRender/private/filterproximitydistancejob_p.h
/usr/bin/qmake -install qinstall /build/qt5-3d/src/kde-qt3d/src/render/jobs/framecleanupjob_p.h /build/qt5-3d/pkg/qt5-3d/usr/include/qt/Qt3DRender/5.15.18/Qt3DRender/private/framecleanupjob_p.h
/usr/bin/qmake -install qinstall /build/qt5-3d/src/kde-qt3d/src/render/jobs/frustumcullingjob_p.h /build/qt5-3d/pkg/qt5-3d/usr/include/qt/Qt3DRender/5.15.18/Qt3DRender/private/frustumcullingjob_p.h
/usr/bin/qmake -install qinstall /build/qt5-3d/src/kde-qt3d/src/render/jobs/genericlambdajob_p.h /build/qt5-3d/pkg/qt5-3d/usr/include/qt/Qt3DRender/5.15.18/Qt3DRender/private/genericlambdajob_p.h
/usr/bin/qmake -install qinstall /build/qt5-3d/src/kde-qt3d/src/render/jobs/job_common_p.h /build/qt5-3d/pkg/qt5-3d/usr/include/qt/Qt3DRender/5.15.18/Qt3DRender/private/job_common_p.h
/usr/bin/qmake -install qinstall /build/qt5-3d/src/kde-qt3d/src/render/jobs/lightgatherer_p.h /build/qt5-3d/pkg/qt5-3d/usr/include/qt/Qt3DRender/5.15.18/Qt3DRender/private/lightgatherer_p.h
/usr/bin/qmake -install qinstall /build/qt5-3d/src/kde-qt3d/src/render/jobs/loadbufferjob_p.h /build/qt5-3d/pkg/qt5-3d/usr/include/qt/Qt3DRender/5.15.18/Qt3DRender/private/loadbufferjob_p.h
/usr/bin/qmake -install qinstall /build/qt5-3d/src/kde-qt3d/src/render/jobs/loadgeometryjob_p.h /build/qt5-3d/pkg/qt5-3d/usr/include/qt/Qt3DRender/5.15.18/Qt3DRender/private/loadgeometryjob_p.h
/usr/bin/qmake -install qinstall /build/qt5-3d/src/kde-qt3d/src/render/jobs/loadscenejob_p.h /build/qt5-3d/pkg/qt5-3d/usr/include/qt/Qt3DRender/5.15.18/Qt3DRender/private/loadscenejob_p.h
/usr/bin/qmake -install qinstall /build/qt5-3d/src/kde-qt3d/src/render/jobs/loadskeletonjob_p.h /build/qt5-3d/pkg/qt5-3d/usr/include/qt/Qt3DRender/5.15.18/Qt3DRender/private/loadskeletonjob_p.h
/usr/bin/qmake -install qinstall /build/qt5-3d/src/kde-qt3d/src/render/jobs/pickboundingvolumejob_p.h /build/qt5-3d/pkg/qt5-3d/usr/include/qt/Qt3DRender/5.15.18/Qt3DRender/private/pickboundingvolumejob_p.h
/usr/bin/qmake -install qinstall /build/qt5-3d/src/kde-qt3d/src/render/jobs/pickboundingvolumeutils_p.h /build/qt5-3d/pkg/qt5-3d/usr/include/qt/Qt3DRender/5.15.18/Qt3DRender/private/pickboundingvolumeutils_p.h
/usr/bin/qmake -install qinstall /build/qt5-3d/src/kde-qt3d/src/render/jobs/raycastingjob_p.h /build/qt5-3d/pkg/qt5-3d/usr/include/qt/Qt3DRender/5.15.18/Qt3DRender/private/raycastingjob_p.h
/usr/bin/qmake -install qinstall /build/qt5-3d/src/kde-qt3d/src/render/jobs/sendbuffercapturejob_p.h /build/qt5-3d/pkg/qt5-3d/usr/include/qt/Qt3DRender/5.15.18/Qt3DRender/private/sendbuffercapturejob_p.h
/usr/bin/qmake -install qinstall /build/qt5-3d/src/kde-qt3d/src/render/jobs/updateentitylayersjob_p.h /build/qt5-3d/pkg/qt5-3d/usr/include/qt/Qt3DRender/5.15.18/Qt3DRender/private/updateentitylayersjob_p.h
/usr/bin/qmake -install qinstall /build/qt5-3d/src/kde-qt3d/src/render/jobs/updatelevelofdetailjob_p.h /build/qt5-3d/pkg/qt5-3d/usr/include/qt/Qt3DRender/5.15.18/Qt3DRender/private/updatelevelofdetailjob_p.h
/usr/bin/qmake -install qinstall /build/qt5-3d/src/kde-qt3d/src/render/jobs/updatemeshtrianglelistjob_p.h /build/qt5-3d/pkg/qt5-3d/usr/include/qt/Qt3DRender/5.15.18/Qt3DRender/private/updatemeshtrianglelistjob_p.h
/usr/bin/qmake -install qinstall /build/qt5-3d/src/kde-qt3d/src/render/jobs/updateshaderdatatransformjob_p.h /build/qt5-3d/pkg/qt5-3d/usr/include/qt/Qt3DRender/5.15.18/Qt3DRender/private/updateshaderdatatransformjob_p.h
/usr/bin/qmake -install qinstall /build/qt5-3d/src/kde-qt3d/src/render/jobs/updateskinningpalettejob_p.h /build/qt5-3d/pkg/qt5-3d/usr/include/qt/Qt3DRender/5.15.18/Qt3DRender/private/updateskinningpalettejob_p.h
/usr/bin/qmake -install qinstall /build/qt5-3d/src/kde-qt3d/src/render/jobs/updatetreeenabledjob_p.h /build/qt5-3d/pkg/qt5-3d/usr/include/qt/Qt3DRender/5.15.18/Qt3DRender/private/updatetreeenabledjob_p.h
/usr/bin/qmake -install qinstall /build/qt5-3d/src/kde-qt3d/src/render/jobs/updateworldboundingvolumejob_p.h /build/qt5-3d/pkg/qt5-3d/usr/include/qt/Qt3DRender/5.15.18/Qt3DRender/private/updateworldboundingvolumejob_p.h
/usr/bin/qmake -install qinstall /build/qt5-3d/src/kde-qt3d/src/render/jobs/updateworldtransformjob_p.h /build/qt5-3d/pkg/qt5-3d/usr/include/qt/Qt3DRender/5.15.18/Qt3DRender/private/updateworldtransformjob_p.h
/usr/bin/qmake -install qinstall /build/qt5-3d/src/kde-qt3d/src/render/lights/environmentlight_p.h /build/qt5-3d/pkg/qt5-3d/usr/include/qt/Qt3DRender/5.15.18/Qt3DRender/private/environmentlight_p.h
/usr/bin/qmake -install qinstall /build/qt5-3d/src/kde-qt3d/src/render/lights/light_p.h /build/qt5-3d/pkg/qt5-3d/usr/include/qt/Qt3DRender/5.15.18/Qt3DRender/private/light_p.h
/usr/bin/qmake -install qinstall /build/qt5-3d/src/kde-qt3d/src/render/lights/lightsource_p.h /build/qt5-3d/pkg/qt5-3d/usr/include/qt/Qt3DRender/5.15.18/Qt3DRender/private/lightsource_p.h
/usr/bin/qmake -install qinstall /build/qt5-3d/src/kde-qt3d/src/render/lights/qabstractlight_p.h /build/qt5-3d/pkg/qt5-3d/usr/include/qt/Qt3DRender/5.15.18/Qt3DRender/private/qabstractlight_p.h
/usr/bin/qmake -install qinstall /build/qt5-3d/src/kde-qt3d/src/render/lights/qdirectionallight_p.h /build/qt5-3d/pkg/qt5-3d/usr/include/qt/Qt3DRender/5.15.18/Qt3DRender/private/qdirectionallight_p.h
/usr/bin/qmake -install qinstall /build/qt5-3d/src/kde-qt3d/src/render/lights/qenvironmentlight_p.h /build/qt5-3d/pkg/qt5-3d/usr/include/qt/Qt3DRender/5.15.18/Qt3DRender/private/qenvironmentlight_p.h
/usr/bin/qmake -install qinstall /build/qt5-3d/src/kde-qt3d/src/render/lights/qpointlight_p.h /build/qt5-3d/pkg/qt5-3d/usr/include/qt/Qt3DRender/5.15.18/Qt3DRender/private/qpointlight_p.h
/usr/bin/qmake -install qinstall /build/qt5-3d/src/kde-qt3d/src/render/lights/qspotlight_p.h /build/qt5-3d/pkg/qt5-3d/usr/include/qt/Qt3DRender/5.15.18/Qt3DRender/private/qspotlight_p.h
/usr/bin/qmake -install qinstall /build/qt5-3d/src/kde-qt3d/src/render/materialsystem/effect_p.h /build/qt5-3d/pkg/qt5-3d/usr/include/qt/Qt3DRender/5.15.18/Qt3DRender/private/effect_p.h
/usr/bin/qmake -install qinstall /build/qt5-3d/src/kde-qt3d/src/render/materialsystem/filterkey_p.h /build/qt5-3d/pkg/qt5-3d/usr/include/qt/Qt3DRender/5.15.18/Qt3DRender/private/filterkey_p.h
/usr/bin/qmake -install qinstall /build/qt5-3d/src/kde-qt3d/src/render/materialsystem/material_p.h /build/qt5-3d/pkg/qt5-3d/usr/include/qt/Qt3DRender/5.15.18/Qt3DRender/private/material_p.h
/usr/bin/qmake -install qinstall /build/qt5-3d/src/kde-qt3d/src/render/materialsystem/parameter_p.h /build/qt5-3d/pkg/qt5-3d/usr/include/qt/Qt3DRender/5.15.18/Qt3DRender/private/parameter_p.h
/usr/bin/qmake -install qinstall /build/qt5-3d/src/kde-qt3d/src/render/materialsystem/qeffect_p.h /build/qt5-3d/pkg/qt5-3d/usr/include/qt/Qt3DRender/5.15.18/Qt3DRender/private/qeffect_p.h
/usr/bin/qmake -install qinstall /build/qt5-3d/src/kde-qt3d/src/render/materialsystem/qfilterkey_p.h /build/qt5-3d/pkg/qt5-3d/usr/include/qt/Qt3DRender/5.15.18/Qt3DRender/private/qfilterkey_p.h
/usr/bin/qmake -install qinstall /build/qt5-3d/src/kde-qt3d/src/render/materialsystem/qgraphicsapifilter_p.h /build/qt5-3d/pkg/qt5-3d/usr/include/qt/Qt3DRender/5.15.18/Qt3DRender/private/qgraphicsapifilter_p.h
/usr/bin/qmake -install qinstall /build/qt5-3d/src/kde-qt3d/src/render/materialsystem/qmaterial_p.h /build/qt5-3d/pkg/qt5-3d/usr/include/qt/Qt3DRender/5.15.18/Qt3DRender/private/qmaterial_p.h
/usr/bin/qmake -install qinstall /build/qt5-3d/src/kde-qt3d/src/render/materialsystem/qparameter_p.h /build/qt5-3d/pkg/qt5-3d/usr/include/qt/Qt3DRender/5.15.18/Qt3DRender/private/qparameter_p.h
/usr/bin/qmake -install qinstall /build/qt5-3d/src/kde-qt3d/src/render/materialsystem/qrenderpass_p.h /build/qt5-3d/pkg/qt5-3d/usr/include/qt/Qt3DRender/5.15.18/Qt3DRender/private/qrenderpass_p.h
/usr/bin/qmake -install qinstall /build/qt5-3d/src/kde-qt3d/src/render/materialsystem/qshaderdata_p.h /build/qt5-3d/pkg/qt5-3d/usr/include/qt/Qt3DRender/5.15.18/Qt3DRender/private/qshaderdata_p.h
/usr/bin/qmake -install qinstall /build/qt5-3d/src/kde-qt3d/src/render/materialsystem/qshaderimage_p.h /build/qt5-3d/pkg/qt5-3d/usr/include/qt/Qt3DRender/5.15.18/Qt3DRender/private/qshaderimage_p.h
/usr/bin/qmake -install qinstall /build/qt5-3d/src/kde-qt3d/src/render/materialsystem/qshaderprogram_p.h /build/qt5-3d/pkg/qt5-3d/usr/include/qt/Qt3DRender/5.15.18/Qt3DRender/private/qshaderprogram_p.h
/usr/bin/qmake -install qinstall /build/qt5-3d/src/kde-qt3d/src/render/materialsystem/qshaderprogrambuilder_p.h /build/qt5-3d/pkg/qt5-3d/usr/include/qt/Qt3DRender/5.15.18/Qt3DRender/private/qshaderprogrambuilder_p.h
/usr/bin/qmake -install qinstall /build/qt5-3d/src/kde-qt3d/src/render/materialsystem/qtechnique_p.h /build/qt5-3d/pkg/qt5-3d/usr/include/qt/Qt3DRender/5.15.18/Qt3DRender/private/qtechnique_p.h
/usr/bin/qmake -install qinstall /build/qt5-3d/src/kde-qt3d/src/render/materialsystem/renderpass_p.h /build/qt5-3d/pkg/qt5-3d/usr/include/qt/Qt3DRender/5.15.18/Qt3DRender/private/renderpass_p.h
/usr/bin/qmake -install qinstall /build/qt5-3d/src/kde-qt3d/src/render/materialsystem/shader_p.h /build/qt5-3d/pkg/qt5-3d/usr/include/qt/Qt3DRender/5.15.18/Qt3DRender/private/shader_p.h
/usr/bin/qmake -install qinstall /build/qt5-3d/src/kde-qt3d/src/render/materialsystem/shaderbuilder_p.h /build/qt5-3d/pkg/qt5-3d/usr/include/qt/Qt3DRender/5.15.18/Qt3DRender/private/shaderbuilder_p.h
/usr/bin/qmake -install qinstall /build/qt5-3d/src/kde-qt3d/src/render/materialsystem/shadercache_p.h /build/qt5-3d/pkg/qt5-3d/usr/include/qt/Qt3DRender/5.15.18/Qt3DRender/private/shadercache_p.h
/usr/bin/qmake -install qinstall /build/qt5-3d/src/kde-qt3d/src/render/materialsystem/shaderdata_p.h /build/qt5-3d/pkg/qt5-3d/usr/include/qt/Qt3DRender/5.15.18/Qt3DRender/private/shaderdata_p.h
/usr/bin/qmake -install qinstall /build/qt5-3d/src/kde-qt3d/src/render/materialsystem/shaderimage_p.h /build/qt5-3d/pkg/qt5-3d/usr/include/qt/Qt3DRender/5.15.18/Qt3DRender/private/shaderimage_p.h
/usr/bin/qmake -install qinstall /build/qt5-3d/src/kde-qt3d/src/render/materialsystem/technique_p.h /build/qt5-3d/pkg/qt5-3d/usr/include/qt/Qt3DRender/5.15.18/Qt3DRender/private/technique_p.h
/usr/bin/qmake -install qinstall /build/qt5-3d/src/kde-qt3d/src/render/materialsystem/techniquemanager_p.h /build/qt5-3d/pkg/qt5-3d/usr/include/qt/Qt3DRender/5.15.18/Qt3DRender/private/techniquemanager_p.h
/usr/bin/qmake -install qinstall /build/qt5-3d/src/kde-qt3d/src/render/picking/objectpicker_p.h /build/qt5-3d/pkg/qt5-3d/usr/include/qt/Qt3DRender/5.15.18/Qt3DRender/private/objectpicker_p.h
/usr/bin/qmake -install qinstall /build/qt5-3d/src/kde-qt3d/src/render/picking/pickeventfilter_p.h /build/qt5-3d/pkg/qt5-3d/usr/include/qt/Qt3DRender/5.15.18/Qt3DRender/private/pickeventfilter_p.h
/usr/bin/qmake -install qinstall /build/qt5-3d/src/kde-qt3d/src/render/picking/qabstractraycaster_p.h /build/qt5-3d/pkg/qt5-3d/usr/include/qt/Qt3DRender/5.15.18/Qt3DRender/private/qabstractraycaster_p.h
/usr/bin/qmake -install qinstall /build/qt5-3d/src/kde-qt3d/src/render/picking/qobjectpicker_p.h /build/qt5-3d/pkg/qt5-3d/usr/include/qt/Qt3DRender/5.15.18/Qt3DRender/private/qobjectpicker_p.h
/usr/bin/qmake -install qinstall /build/qt5-3d/src/kde-qt3d/src/render/picking/qpickevent_p.h /build/qt5-3d/pkg/qt5-3d/usr/include/qt/Qt3DRender/5.15.18/Qt3DRender/private/qpickevent_p.h
/usr/bin/qmake -install qinstall /build/qt5-3d/src/kde-qt3d/src/render/picking/qpicktriangleevent_p.h /build/qt5-3d/pkg/qt5-3d/usr/include/qt/Qt3DRender/5.15.18/Qt3DRender/private/qpicktriangleevent_p.h
/usr/bin/qmake -install qinstall /build/qt5-3d/src/kde-qt3d/src/render/picking/raycaster_p.h /build/qt5-3d/pkg/qt5-3d/usr/include/qt/Qt3DRender/5.15.18/Qt3DRender/private/raycaster_p.h
/usr/bin/qmake -install qinstall /build/qt5-3d/src/kde-qt3d/src/render/raycasting/boundingsphere_p.h /build/qt5-3d/pkg/qt5-3d/usr/include/qt/Qt3DRender/5.15.18/Qt3DRender/private/boundingsphere_p.h
/usr/bin/qmake -install qinstall /build/qt5-3d/src/kde-qt3d/src/render/raycasting/qabstractcollisionqueryservice_p.h /build/qt5-3d/pkg/qt5-3d/usr/include/qt/Qt3DRender/5.15.18/Qt3DRender/private/qabstractcollisionqueryservice_p.h
/usr/bin/qmake -install qinstall /build/qt5-3d/src/kde-qt3d/src/render/raycasting/qboundingvolume_p.h /build/qt5-3d/pkg/qt5-3d/usr/include/qt/Qt3DRender/5.15.18/Qt3DRender/private/qboundingvolume_p.h
/usr/bin/qmake -install qinstall /build/qt5-3d/src/kde-qt3d/src/render/raycasting/qboundingvolumeprovider_p.h /build/qt5-3d/pkg/qt5-3d/usr/include/qt/Qt3DRender/5.15.18/Qt3DRender/private/qboundingvolumeprovider_p.h
/usr/bin/qmake -install qinstall /build/qt5-3d/src/kde-qt3d/src/render/raycasting/qcollisionqueryresult_p.h /build/qt5-3d/pkg/qt5-3d/usr/include/qt/Qt3DRender/5.15.18/Qt3DRender/private/qcollisionqueryresult_p.h
/usr/bin/qmake -install qinstall /build/qt5-3d/src/kde-qt3d/src/render/raycasting/qray3d_p.h /build/qt5-3d/pkg/qt5-3d/usr/include/qt/Qt3DRender/5.15.18/Qt3DRender/private/qray3d_p.h
/usr/bin/qmake -install qinstall /build/qt5-3d/src/kde-qt3d/src/render/raycasting/qraycastingservice_p.h /build/qt5-3d/pkg/qt5-3d/usr/include/qt/Qt3DRender/5.15.18/Qt3DRender/private/qraycastingservice_p.h
/usr/bin/qmake -install qinstall /build/qt5-3d/src/kde-qt3d/src/render/renderstates/genericstate_p.h /build/qt5-3d/pkg/qt5-3d/usr/include/qt/Qt3DRender/5.15.18/Qt3DRender/private/genericstate_p.h
/usr/bin/qmake -install qinstall /build/qt5-3d/src/kde-qt3d/src/render/renderstates/qalphatest_p.h /build/qt5-3d/pkg/qt5-3d/usr/include/qt/Qt3DRender/5.15.18/Qt3DRender/private/qalphatest_p.h
/usr/bin/qmake -install qinstall /build/qt5-3d/src/kde-qt3d/src/render/renderstates/qblendequation_p.h /build/qt5-3d/pkg/qt5-3d/usr/include/qt/Qt3DRender/5.15.18/Qt3DRender/private/qblendequation_p.h
/usr/bin/qmake -install qinstall /build/qt5-3d/src/kde-qt3d/src/render/renderstates/qblendequationarguments_p.h /build/qt5-3d/pkg/qt5-3d/usr/include/qt/Qt3DRender/5.15.18/Qt3DRender/private/qblendequationarguments_p.h
/usr/bin/qmake -install qinstall /build/qt5-3d/src/kde-qt3d/src/render/renderstates/qclipplane_p.h /build/qt5-3d/pkg/qt5-3d/usr/include/qt/Qt3DRender/5.15.18/Qt3DRender/private/qclipplane_p.h
/usr/bin/qmake -install qinstall /build/qt5-3d/src/kde-qt3d/src/render/renderstates/qcolormask_p.h /build/qt5-3d/pkg/qt5-3d/usr/include/qt/Qt3DRender/5.15.18/Qt3DRender/private/qcolormask_p.h
/usr/bin/qmake -install qinstall /build/qt5-3d/src/kde-qt3d/src/render/renderstates/qcullface_p.h /build/qt5-3d/pkg/qt5-3d/usr/include/qt/Qt3DRender/5.15.18/Qt3DRender/private/qcullface_p.h
/usr/bin/qmake -install qinstall /build/qt5-3d/src/kde-qt3d/src/render/renderstates/qdepthrange_p.h /build/qt5-3d/pkg/qt5-3d/usr/include/qt/Qt3DRender/5.15.18/Qt3DRender/private/qdepthrange_p.h
/usr/bin/qmake -install qinstall /build/qt5-3d/src/kde-qt3d/src/render/renderstates/qdepthtest_p.h /build/qt5-3d/pkg/qt5-3d/usr/include/qt/Qt3DRender/5.15.18/Qt3DRender/private/qdepthtest_p.h
/usr/bin/qmake -install qinstall /build/qt5-3d/src/kde-qt3d/src/render/renderstates/qfrontface_p.h /build/qt5-3d/pkg/qt5-3d/usr/include/qt/Qt3DRender/5.15.18/Qt3DRender/private/qfrontface_p.h
/usr/bin/qmake -install qinstall /build/qt5-3d/src/kde-qt3d/src/render/renderstates/qlinewidth_p.h /build/qt5-3d/pkg/qt5-3d/usr/include/qt/Qt3DRender/5.15.18/Qt3DRender/private/qlinewidth_p.h
/usr/bin/qmake -install qinstall /build/qt5-3d/src/kde-qt3d/src/render/renderstates/qpointsize_p.h /build/qt5-3d/pkg/qt5-3d/usr/include/qt/Qt3DRender/5.15.18/Qt3DRender/private/qpointsize_p.h
/usr/bin/qmake -install qinstall /build/qt5-3d/src/kde-qt3d/src/render/renderstates/qpolygonoffset_p.h /build/qt5-3d/pkg/qt5-3d/usr/include/qt/Qt3DRender/5.15.18/Qt3DRender/private/qpolygonoffset_p.h
/usr/bin/qmake -install qinstall /build/qt5-3d/src/kde-qt3d/src/render/renderstates/qrastermode_p.h /build/qt5-3d/pkg/qt5-3d/usr/include/qt/Qt3DRender/5.15.18/Qt3DRender/private/qrastermode_p.h
/usr/bin/qmake -install qinstall /build/qt5-3d/src/kde-qt3d/src/render/renderstates/qrenderstate_p.h /build/qt5-3d/pkg/qt5-3d/usr/include/qt/Qt3DRender/5.15.18/Qt3DRender/private/qrenderstate_p.h
/usr/bin/qmake -install qinstall /build/qt5-3d/src/kde-qt3d/src/render/renderstates/qrenderstatecreatedchange_p.h /build/qt5-3d/pkg/qt5-3d/usr/include/qt/Qt3DRender/5.15.18/Qt3DRender/private/qrenderstatecreatedchange_p.h
/usr/bin/qmake -install qinstall /build/qt5-3d/src/kde-qt3d/src/render/renderstates/qscissortest_p.h /build/qt5-3d/pkg/qt5-3d/usr/include/qt/Qt3DRender/5.15.18/Qt3DRender/private/qscissortest_p.h
/usr/bin/qmake -install qinstall /build/qt5-3d/src/kde-qt3d/src/render/renderstates/qstencilmask_p.h /build/qt5-3d/pkg/qt5-3d/usr/include/qt/Qt3DRender/5.15.18/Qt3DRender/private/qstencilmask_p.h
/usr/bin/qmake -install qinstall /build/qt5-3d/src/kde-qt3d/src/render/renderstates/qstenciloperation_p.h /build/qt5-3d/pkg/qt5-3d/usr/include/qt/Qt3DRender/5.15.18/Qt3DRender/private/qstenciloperation_p.h
/usr/bin/qmake -install qinstall /build/qt5-3d/src/kde-qt3d/src/render/renderstates/qstenciloperationarguments_p.h /build/qt5-3d/pkg/qt5-3d/usr/include/qt/Qt3DRender/5.15.18/Qt3DRender/private/qstenciloperationarguments_p.h
/usr/bin/qmake -install qinstall /build/qt5-3d/src/kde-qt3d/src/render/renderstates/qstenciltest_p.h /build/qt5-3d/pkg/qt5-3d/usr/include/qt/Qt3DRender/5.15.18/Qt3DRender/private/qstenciltest_p.h
/usr/bin/qmake -install qinstall /build/qt5-3d/src/kde-qt3d/src/render/renderstates/qstenciltestarguments_p.h /build/qt5-3d/pkg/qt5-3d/usr/include/qt/Qt3DRender/5.15.18/Qt3DRender/private/qstenciltestarguments_p.h
/usr/bin/qmake -install qinstall /build/qt5-3d/src/kde-qt3d/src/render/renderstates/renderstatenode_p.h /build/qt5-3d/pkg/qt5-3d/usr/include/qt/Qt3DRender/5.15.18/Qt3DRender/private/renderstatenode_p.h
/usr/bin/qmake -install qinstall /build/qt5-3d/src/kde-qt3d/src/render/renderstates/renderstates_p.h /build/qt5-3d/pkg/qt5-3d/usr/include/qt/Qt3DRender/5.15.18/Qt3DRender/private/renderstates_p.h
/usr/bin/qmake -install qinstall /build/qt5-3d/src/kde-qt3d/src/render/renderstates/renderstateset_p.h /build/qt5-3d/pkg/qt5-3d/usr/include/qt/Qt3DRender/5.15.18/Qt3DRender/private/renderstateset_p.h
/usr/bin/qmake -install qinstall /build/qt5-3d/src/kde-qt3d/src/render/renderstates/statemask_p.h /build/qt5-3d/pkg/qt5-3d/usr/include/qt/Qt3DRender/5.15.18/Qt3DRender/private/statemask_p.h
/usr/bin/qmake -install qinstall /build/qt5-3d/src/kde-qt3d/src/render/renderstates/statevariant_p.h /build/qt5-3d/pkg/qt5-3d/usr/include/qt/Qt3DRender/5.15.18/Qt3DRender/private/statevariant_p.h
/usr/bin/qmake -install qinstall /build/qt5-3d/src/kde-qt3d/src/render/services/vsyncframeadvanceservice_p.h /build/qt5-3d/pkg/qt5-3d/usr/include/qt/Qt3DRender/5.15.18/Qt3DRender/private/vsyncframeadvanceservice_p.h
/usr/bin/qmake -install qinstall /build/qt5-3d/src/kde-qt3d/src/render/shadergraph/qshaderformat_p.h /build/qt5-3d/pkg/qt5-3d/usr/include/qt/Qt3DRender/5.15.18/Qt3DRender/private/qshaderformat_p.h
/usr/bin/qmake -install qinstall /build/qt5-3d/src/kde-qt3d/src/render/shadergraph/qshadergenerator_p.h /build/qt5-3d/pkg/qt5-3d/usr/include/qt/Qt3DRender/5.15.18/Qt3DRender/private/qshadergenerator_p.h
/usr/bin/qmake -install qinstall /build/qt5-3d/src/kde-qt3d/src/render/shadergraph/qshadergraph_p.h /build/qt5-3d/pkg/qt5-3d/usr/include/qt/Qt3DRender/5.15.18/Qt3DRender/private/qshadergraph_p.h
/usr/bin/qmake -install qinstall /build/qt5-3d/src/kde-qt3d/src/render/shadergraph/qshadergraphloader_p.h /build/qt5-3d/pkg/qt5-3d/usr/include/qt/Qt3DRender/5.15.18/Qt3DRender/private/qshadergraphloader_p.h
/usr/bin/qmake -install qinstall /build/qt5-3d/src/kde-qt3d/src/render/shadergraph/qshaderlanguage_p.h /build/qt5-3d/pkg/qt5-3d/usr/include/qt/Qt3DRender/5.15.18/Qt3DRender/private/qshaderlanguage_p.h
/usr/bin/qmake -install qinstall /build/qt5-3d/src/kde-qt3d/src/render/shadergraph/qshadernode_p.h /build/qt5-3d/pkg/qt5-3d/usr/include/qt/Qt3DRender/5.15.18/Qt3DRender/private/qshadernode_p.h
/usr/bin/qmake -install qinstall /build/qt5-3d/src/kde-qt3d/src/render/shadergraph/qshadernodeport_p.h /build/qt5-3d/pkg/qt5-3d/usr/include/qt/Qt3DRender/5.15.18/Qt3DRender/private/qshadernodeport_p.h
/usr/bin/qmake -install qinstall /build/qt5-3d/src/kde-qt3d/src/render/shadergraph/qshadernodesloader_p.h /build/qt5-3d/pkg/qt5-3d/usr/include/qt/Qt3DRender/5.15.18/Qt3DRender/private/qshadernodesloader_p.h
/usr/bin/qmake -install qinstall /build/qt5-3d/src/kde-qt3d/src/render/surfaces/vulkaninstance_p.h /build/qt5-3d/pkg/qt5-3d/usr/include/qt/Qt3DRender/5.15.18/Qt3DRender/private/vulkaninstance_p.h
/usr/bin/qmake -install qinstall /build/qt5-3d/src/kde-qt3d/src/render/texture/qabstracttexture_p.h /build/qt5-3d/pkg/qt5-3d/usr/include/qt/Qt3DRender/5.15.18/Qt3DRender/private/qabstracttexture_p.h
/usr/bin/qmake -install qinstall /build/qt5-3d/src/kde-qt3d/src/render/texture/qabstracttextureimage_p.h /build/qt5-3d/pkg/qt5-3d/usr/include/qt/Qt3DRender/5.15.18/Qt3DRender/private/qabstracttextureimage_p.h
/usr/bin/qmake -install qinstall /build/qt5-3d/src/kde-qt3d/src/render/texture/qpaintedtextureimage_p.h /build/qt5-3d/pkg/qt5-3d/usr/include/qt/Qt3DRender/5.15.18/Qt3DRender/private/qpaintedtextureimage_p.h
/usr/bin/qmake -install qinstall /build/qt5-3d/src/kde-qt3d/src/render/texture/qtexture_p.h /build/qt5-3d/pkg/qt5-3d/usr/include/qt/Qt3DRender/5.15.18/Qt3DRender/private/qtexture_p.h
/usr/bin/qmake -install qinstall /build/qt5-3d/src/kde-qt3d/src/render/texture/qtexturedataupdate_p.h /build/qt5-3d/pkg/qt5-3d/usr/include/qt/Qt3DRender/5.15.18/Qt3DRender/private/qtexturedataupdate_p.h
/usr/bin/qmake -install qinstall /build/qt5-3d/src/kde-qt3d/src/render/texture/qtextureimage_p.h /build/qt5-3d/pkg/qt5-3d/usr/include/qt/Qt3DRender/5.15.18/Qt3DRender/private/qtextureimage_p.h
/usr/bin/qmake -install qinstall /build/qt5-3d/src/kde-qt3d/src/render/texture/qtextureimagedata_p.h /build/qt5-3d/pkg/qt5-3d/usr/include/qt/Qt3DRender/5.15.18/Qt3DRender/private/qtextureimagedata_p.h
/usr/bin/qmake -install qinstall /build/qt5-3d/src/kde-qt3d/src/render/texture/texture_p.h /build/qt5-3d/pkg/qt5-3d/usr/include/qt/Qt3DRender/5.15.18/Qt3DRender/private/texture_p.h
/usr/bin/qmake -install qinstall /build/qt5-3d/src/kde-qt3d/src/render/texture/texturedatamanager_p.h /build/qt5-3d/pkg/qt5-3d/usr/include/qt/Qt3DRender/5.15.18/Qt3DRender/private/texturedatamanager_p.h
/usr/bin/qmake -install qinstall /build/qt5-3d/src/kde-qt3d/src/render/texture/textureimage_p.h /build/qt5-3d/pkg/qt5-3d/usr/include/qt/Qt3DRender/5.15.18/Qt3DRender/private/textureimage_p.h
/usr/bin/qmake -install qinstall /build/qt5-3d/src/build/src/render/qt3drender-config_p.h /build/qt5-3d/pkg/qt5-3d/usr/include/qt/Qt3DRender/5.15.18/Qt3DRender/private/qt3drender-config_p.h
make[2]: Leaving directory '/build/qt5-3d/src/build/src/render'
cd plugins/renderers/ && ( test -e Makefile || /usr/bin/qmake -o Makefile /build/qt5-3d/src/kde-qt3d/src/plugins/renderers/renderers.pro ) && make -f Makefile install
cd animation/ && ( test -e Makefile || /usr/bin/qmake -o Makefile /build/qt5-3d/src/kde-qt3d/src/animation/animation.pro ) && make -f Makefile install
cd extras/ && ( test -e Makefile || /usr/bin/qmake -o Makefile /build/qt5-3d/src/kde-qt3d/src/extras/extras.pro ) && make -f Makefile install
cd quick3d/quick3dscene2d/ && ( test -e Makefile || /usr/bin/qmake -o Makefile /build/qt5-3d/src/kde-qt3d/src/quick3d/quick3dscene2d/quick3dscene2d.pro ) && make -f Makefile install
cd quick3d/quick3drender/ && ( test -e Makefile || /usr/bin/qmake -o Makefile /build/qt5-3d/src/kde-qt3d/src/quick3d/quick3drender/quick3drender.pro ) && make -f Makefile install
make[2]: Entering directory '/build/qt5-3d/src/build/src/plugins/renderers'
cd opengl/ && ( test -e Makefile || /usr/bin/qmake -o Makefile /build/qt5-3d/src/kde-qt3d/src/plugins/renderers/opengl/opengl.pro ) && make -f Makefile install
make[2]: Entering directory '/build/qt5-3d/src/build/src/quick3d/quick3dscene2d'
/usr/bin/qmake -install qinstall -exe ../../../lib/libQt53DQuickScene2D.so.5.15.18 /build/qt5-3d/pkg/qt5-3d/usr/lib/libQt53DQuickScene2D.so.5.15.18
/usr/bin/qmake -install qinstall /build/qt5-3d/src/build/include/Qt3DQuickScene2D/QScene2D /build/qt5-3d/pkg/qt5-3d/usr/include/qt/Qt3DQuickScene2D/QScene2D
/usr/bin/qmake -install qinstall /build/qt5-3d/src/build/mkspecs/modules-inst/qt_lib_3dquickscene2d.pri /build/qt5-3d/pkg/qt5-3d/usr/lib/qt/mkspecs/modules/qt_lib_3dquickscene2d.pri
/usr/bin/qmake -install qinstall /build/qt5-3d/src/kde-qt3d/src/quick3d/quick3dscene2d/qt3dquickscene2d_global.h /build/qt5-3d/pkg/qt5-3d/usr/include/qt/Qt3DQuickScene2D/qt3dquickscene2d_global.h
/usr/bin/qmake -install qinstall /build/qt5-3d/src/build/mkspecs/modules-inst/qt_lib_3dquickscene2d_private.pri /build/qt5-3d/pkg/qt5-3d/usr/lib/qt/mkspecs/modules/qt_lib_3dquickscene2d_private.pri
/usr/bin/qmake -install qinstall /build/qt5-3d/src/kde-qt3d/src/quick3d/quick3dscene2d/qt3dquickscene2d_global_p.h /build/qt5-3d/pkg/qt5-3d/usr/include/qt/Qt3DQuickScene2D/5.15.18/Qt3DQuickScene2D/private/qt3dquickscene2d_global_p.h
/usr/bin/qmake -install qinstall /build/qt5-3d/src/build/lib/cmake/Qt53DQuickScene2D/Qt53DQuickScene2DConfig.cmake /build/qt5-3d/pkg/qt5-3d/usr/lib/cmake/Qt53DQuickScene2D/Qt53DQuickScene2DConfig.cmake
make[2]: Entering directory '/build/qt5-3d/src/build/src/quick3d/quick3drender'
/usr/bin/qmake -install qinstall /build/qt5-3d/src/build/include/Qt3DQuickScene2D/qt3dquickscene2dversion.h /build/qt5-3d/pkg/qt5-3d/usr/include/qt/Qt3DQuickScene2D/qt3dquickscene2dversion.h
/usr/bin/qmake -install qinstall -exe ../../../lib/libQt53DQuickRender.so.5.15.18 /build/qt5-3d/pkg/qt5-3d/usr/lib/libQt53DQuickRender.so.5.15.18
/usr/bin/qmake -install qinstall /build/qt5-3d/src/build/include/Qt3DQuickRender/qt3dquickrenderversion.h /build/qt5-3d/pkg/qt5-3d/usr/include/qt/Qt3DQuickRender/qt3dquickrenderversion.h
/usr/bin/qmake -install qinstall /build/qt5-3d/src/kde-qt3d/src/quick3d/quick3drender/qt3dquickrender_global.h /build/qt5-3d/pkg/qt5-3d/usr/include/qt/Qt3DQuickRender/qt3dquickrender_global.h
/usr/bin/qmake -install qinstall /build/qt5-3d/src/build/mkspecs/modules-inst/qt_lib_3dquickrender.pri /build/qt5-3d/pkg/qt5-3d/usr/lib/qt/mkspecs/modules/qt_lib_3dquickrender.pri
ln -f -s libQt53DQuickScene2D.so.5.15.18 /build/qt5-3d/pkg/qt5-3d/usr/lib/libQt53DQuickScene2D.so
/usr/bin/qmake -install qinstall /build/qt5-3d/src/build/mkspecs/modules-inst/qt_lib_3dquickrender_private.pri /build/qt5-3d/pkg/qt5-3d/usr/lib/qt/mkspecs/modules/qt_lib_3dquickrender_private.pri
/usr/bin/qmake -install qinstall /build/qt5-3d/src/kde-qt3d/src/quick3d/quick3dscene2d/qt3dquickscene2d_logging_p.h /build/qt5-3d/pkg/qt5-3d/usr/include/qt/Qt3DQuickScene2D/5.15.18/Qt3DQuickScene2D/private/qt3dquickscene2d_logging_p.h
/usr/bin/qmake -install qinstall /build/qt5-3d/src/kde-qt3d/src/quick3d/quick3drender/qt3dquickrender_global_p.h /build/qt5-3d/pkg/qt5-3d/usr/include/qt/Qt3DQuickRender/5.15.18/Qt3DQuickRender/private/qt3dquickrender_global_p.h
ln -f -s libQt53DQuickScene2D.so.5.15.18 /build/qt5-3d/pkg/qt5-3d/usr/lib/libQt53DQuickScene2D.so.5
/usr/bin/qmake -install qinstall /build/qt5-3d/src/build/lib/cmake/Qt53DQuickRender/Qt53DQuickRenderConfig.cmake /build/qt5-3d/pkg/qt5-3d/usr/lib/cmake/Qt53DQuickRender/Qt53DQuickRenderConfig.cmake
/usr/bin/qmake -install qinstall /build/qt5-3d/src/kde-qt3d/src/quick3d/quick3dscene2d/items/qscene2d.h /build/qt5-3d/pkg/qt5-3d/usr/include/qt/Qt3DQuickScene2D/qscene2d.h
/usr/bin/qmake -install qinstall /build/qt5-3d/src/build/lib/cmake/Qt53DQuickScene2D/Qt53DQuickScene2DConfigVersion.cmake /build/qt5-3d/pkg/qt5-3d/usr/lib/cmake/Qt53DQuickScene2D/Qt53DQuickScene2DConfigVersion.cmake
/usr/bin/qmake -install qinstall /build/qt5-3d/src/build/include/Qt3DQuickScene2D/Qt3DQuickScene2DVersion /build/qt5-3d/pkg/qt5-3d/usr/include/qt/Qt3DQuickScene2D/Qt3DQuickScene2DVersion
ln -f -s libQt53DQuickScene2D.so.5.15.18 /build/qt5-3d/pkg/qt5-3d/usr/lib/libQt53DQuickScene2D.so.5.15
sed  -e 's,/build/qt5-3d/src/build/lib/,$$[QT_INSTALL_LIBS]/,g' -e 's,[^ '\'']*/build/qt5-3d/src/build/lib,,g' -e 's,/usr/lib,$$[QT_INSTALL_LIBS],g' ../../../lib/libQt53DQuickScene2D.prl > /build/qt5-3d/pkg/qt5-3d/usr/lib/libQt53DQuickScene2D.prl
make[2]: Entering directory '/build/qt5-3d/src/build/src/animation'
/usr/bin/qmake -install qinstall /build/qt5-3d/src/build/include/Qt3DQuickRender/Qt3DQuickRenderVersion /build/qt5-3d/pkg/qt5-3d/usr/include/qt/Qt3DQuickRender/Qt3DQuickRenderVersion
/usr/bin/qmake -install qinstall /build/qt5-3d/src/build/include/Qt3DQuickRender/Qt3DQuickRenderDepends /build/qt5-3d/pkg/qt5-3d/usr/include/qt/Qt3DQuickRender/Qt3DQuickRenderDepends
/usr/bin/qmake -install qinstall /build/qt5-3d/src/kde-qt3d/src/quick3d/quick3dscene2d/qt3dquickscene2dnodefactory_p.h /build/qt5-3d/pkg/qt5-3d/usr/include/qt/Qt3DQuickScene2D/5.15.18/Qt3DQuickScene2D/private/qt3dquickscene2dnodefactory_p.h
/usr/bin/qmake -install qinstall /build/qt5-3d/src/kde-qt3d/src/quick3d/quick3drender/qt3dquickrendernodefactory_p.h /build/qt5-3d/pkg/qt5-3d/usr/include/qt/Qt3DQuickRender/5.15.18/Qt3DQuickRender/private/qt3dquickrendernodefactory_p.h
/usr/bin/qmake -install qinstall /build/qt5-3d/src/build/lib/cmake/Qt53DQuickRender/Qt53DQuickRenderConfigVersion.cmake /build/qt5-3d/pkg/qt5-3d/usr/lib/cmake/Qt53DQuickRender/Qt53DQuickRenderConfigVersion.cmake
/usr/bin/qmake -install qinstall -exe ../../lib/libQt53DAnimation.so.5.15.18 /build/qt5-3d/pkg/qt5-3d/usr/lib/libQt53DAnimation.so.5.15.18
/usr/bin/qmake -install qinstall /build/qt5-3d/src/build/include/Qt3DQuickScene2D/Qt3DQuickScene2DDepends /build/qt5-3d/pkg/qt5-3d/usr/include/qt/Qt3DQuickScene2D/Qt3DQuickScene2DDepends
ln -f -s libQt53DQuickRender.so.5.15.18 /build/qt5-3d/pkg/qt5-3d/usr/lib/libQt53DQuickRender.so
/usr/bin/qmake -install qinstall /build/qt5-3d/src/build/include/Qt3DQuickScene2D/Qt3DQuickScene2D /build/qt5-3d/pkg/qt5-3d/usr/include/qt/Qt3DQuickScene2D/Qt3DQuickScene2D
/usr/bin/qmake -install qinstall /build/qt5-3d/src/build/include/Qt3DAnimation/QAbstractAnimation /build/qt5-3d/pkg/qt5-3d/usr/include/qt/Qt3DAnimation/QAbstractAnimation
ln -f -s libQt53DQuickRender.so.5.15.18 /build/qt5-3d/pkg/qt5-3d/usr/lib/libQt53DQuickRender.so.5
/usr/bin/qmake -install qinstall /build/qt5-3d/src/kde-qt3d/src/animation/qt3danimation_global.h /build/qt5-3d/pkg/qt5-3d/usr/include/qt/Qt3DAnimation/qt3danimation_global.h
ln -f -s libQt53DQuickRender.so.5.15.18 /build/qt5-3d/pkg/qt5-3d/usr/lib/libQt53DQuickRender.so.5.15
/usr/bin/qmake -install qinstall /build/qt5-3d/src/build/mkspecs/modules-inst/qt_lib_3danimation.pri /build/qt5-3d/pkg/qt5-3d/usr/lib/qt/mkspecs/modules/qt_lib_3danimation.pri
/usr/bin/qmake -install qinstall /build/qt5-3d/src/build/include/Qt3DQuickRender/Qt3DQuickRender /build/qt5-3d/pkg/qt5-3d/usr/include/qt/Qt3DQuickRender/Qt3DQuickRender
/usr/bin/qmake -install qinstall /build/qt5-3d/src/kde-qt3d/src/animation/animationlogging_p.h /build/qt5-3d/pkg/qt5-3d/usr/include/qt/Qt3DAnimation/5.15.18/Qt3DAnimation/private/animationlogging_p.h
/usr/bin/qmake -install qinstall /build/qt5-3d/src/build/mkspecs/modules-inst/qt_lib_3danimation_private.pri /build/qt5-3d/pkg/qt5-3d/usr/lib/qt/mkspecs/modules/qt_lib_3danimation_private.pri
sed  -e s,/build/qt5-3d/src/build/lib/,=/usr/lib/,g -e 's,[^ '\'']*/build/qt5-3d/src/build/lib,,g' ../../../lib/libQt53DQuickScene2D.la > /build/qt5-3d/pkg/qt5-3d/usr/lib/libQt53DQuickScene2D.la
/usr/bin/qmake -install qinstall /build/qt5-3d/src/build/lib/cmake/Qt53DAnimation/Qt53DAnimationConfig.cmake /build/qt5-3d/pkg/qt5-3d/usr/lib/cmake/Qt53DAnimation/Qt53DAnimationConfig.cmake
/usr/bin/qmake -install qinstall /build/qt5-3d/src/kde-qt3d/src/quick3d/quick3dscene2d/items/qscene2d_p.h /build/qt5-3d/pkg/qt5-3d/usr/include/qt/Qt3DQuickScene2D/5.15.18/Qt3DQuickScene2D/private/qscene2d_p.h
/usr/bin/qmake -install qinstall /build/qt5-3d/src/kde-qt3d/src/quick3d/quick3drender/items/quick3dbuffer_p.h /build/qt5-3d/pkg/qt5-3d/usr/include/qt/Qt3DQuickRender/5.15.18/Qt3DQuickRender/private/quick3dbuffer_p.h
sed  -e 's,/build/qt5-3d/src/build/lib/,$$[QT_INSTALL_LIBS]/,g' -e 's,[^ '\'']*/build/qt5-3d/src/build/lib,,g' -e 's,/usr/lib,$$[QT_INSTALL_LIBS],g' ../../../lib/libQt53DQuickRender.prl > /build/qt5-3d/pkg/qt5-3d/usr/lib/libQt53DQuickRender.prl
/usr/bin/qmake -install qinstall /build/qt5-3d/src/build/include/Qt3DAnimation/QAbstractAnimationClip /build/qt5-3d/pkg/qt5-3d/usr/include/qt/Qt3DAnimation/QAbstractAnimationClip
/usr/bin/qmake -install qinstall /build/qt5-3d/src/kde-qt3d/src/animation/job_common_p.h /build/qt5-3d/pkg/qt5-3d/usr/include/qt/Qt3DAnimation/5.15.18/Qt3DAnimation/private/job_common_p.h
/usr/bin/qmake -install qinstall /build/qt5-3d/src/build/lib/cmake/Qt53DAnimation/Qt53DAnimationConfigVersion.cmake /build/qt5-3d/pkg/qt5-3d/usr/lib/cmake/Qt53DAnimation/Qt53DAnimationConfigVersion.cmake
/usr/bin/qmake -install qinstall /build/qt5-3d/src/kde-qt3d/src/animation/frontend/qabstractanimation.h /build/qt5-3d/pkg/qt5-3d/usr/include/qt/Qt3DAnimation/qabstractanimation.h
make[2]: Entering directory '/build/qt5-3d/src/build/src/extras'
sed  -e s,/build/qt5-3d/src/build/lib/,/usr/lib/,g -e 's,[^ '\'']*/build/qt5-3d/src/build/lib,,g' ../../../lib/pkgconfig/Qt53DQuickScene2D.pc > /build/qt5-3d/pkg/qt5-3d/usr/lib/pkgconfig/Qt53DQuickScene2D.pc
sed  -e s,/build/qt5-3d/src/build/lib/,=/usr/lib/,g -e 's,[^ '\'']*/build/qt5-3d/src/build/lib,,g' ../../../lib/libQt53DQuickRender.la > /build/qt5-3d/pkg/qt5-3d/usr/lib/libQt53DQuickRender.la
/usr/bin/qmake -install qinstall /build/qt5-3d/src/kde-qt3d/src/quick3d/quick3drender/items/quick3deffect_p.h /build/qt5-3d/pkg/qt5-3d/usr/include/qt/Qt3DQuickRender/5.15.18/Qt3DQuickRender/private/quick3deffect_p.h
/usr/bin/qmake -install qinstall /build/qt5-3d/src/build/include/Qt3DAnimation/QAbstractChannelMapping /build/qt5-3d/pkg/qt5-3d/usr/include/qt/Qt3DAnimation/QAbstractChannelMapping
/usr/bin/qmake -install qinstall /build/qt5-3d/src/kde-qt3d/src/quick3d/quick3dscene2d/items/qt3dquick3dscene2d_p.h /build/qt5-3d/pkg/qt5-3d/usr/include/qt/Qt3DQuickScene2D/5.15.18/Qt3DQuickScene2D/private/qt3dquick3dscene2d_p.h
/usr/bin/qmake -install qinstall -exe ../../lib/libQt53DExtras.so.5.15.18 /build/qt5-3d/pkg/qt5-3d/usr/lib/libQt53DExtras.so.5.15.18
/usr/bin/qmake -install qinstall /build/qt5-3d/src/build/mkspecs/modules-inst/qt_lib_3dextras.pri /build/qt5-3d/pkg/qt5-3d/usr/lib/qt/mkspecs/modules/qt_lib_3dextras.pri
/usr/bin/qmake -install qinstall /build/qt5-3d/src/build/mkspecs/modules-inst/qt_lib_3dextras_private.pri /build/qt5-3d/pkg/qt5-3d/usr/lib/qt/mkspecs/modules/qt_lib_3dextras_private.pri
/usr/bin/qmake -install qinstall /build/qt5-3d/src/build/include/Qt3DExtras/QExtrudedTextGeometry /build/qt5-3d/pkg/qt5-3d/usr/include/qt/Qt3DExtras/QExtrudedTextGeometry
/usr/bin/qmake -install qinstall /build/qt5-3d/src/kde-qt3d/src/extras/qt3dextras_global.h /build/qt5-3d/pkg/qt5-3d/usr/include/qt/Qt3DExtras/qt3dextras_global.h
/usr/bin/qmake -install qinstall /build/qt5-3d/src/kde-qt3d/src/extras/3dtext/qextrudedtextgeometry_p.h /build/qt5-3d/pkg/qt5-3d/usr/include/qt/Qt3DExtras/5.15.18/Qt3DExtras/private/qextrudedtextgeometry_p.h
/usr/bin/qmake -install qinstall /build/qt5-3d/src/build/lib/cmake/Qt53DExtras/Qt53DExtrasConfig.cmake /build/qt5-3d/pkg/qt5-3d/usr/lib/cmake/Qt53DExtras/Qt53DExtrasConfig.cmake
sed  -e s,/build/qt5-3d/src/build/lib/,/usr/lib/,g -e 's,[^ '\'']*/build/qt5-3d/src/build/lib,,g' ../../../lib/pkgconfig/Qt53DQuickRender.pc > /build/qt5-3d/pkg/qt5-3d/usr/lib/pkgconfig/Qt53DQuickRender.pc
make[3]: Entering directory '/build/qt5-3d/src/build/src/plugins/renderers/opengl'
/usr/bin/qmake -install qinstall /build/qt5-3d/src/build/lib/cmake/Qt53DRender/Qt53DRender_OpenGLRendererPlugin.cmake /build/qt5-3d/pkg/qt5-3d/usr/lib/cmake/Qt53DRender/Qt53DRender_OpenGLRendererPlugin.cmake
/usr/bin/qmake -install qinstall /build/qt5-3d/src/kde-qt3d/src/animation/frontend/qabstractanimationclip.h /build/qt5-3d/pkg/qt5-3d/usr/include/qt/Qt3DAnimation/qabstractanimationclip.h
/usr/bin/qmake -install qinstall -exe ../../../../plugins/renderers/libopenglrenderer.so /build/qt5-3d/pkg/qt5-3d/usr/lib/qt/plugins/renderers/libopenglrenderer.so
/usr/bin/qmake -install qinstall /build/qt5-3d/src/build/lib/cmake/Qt53DExtras/Qt53DExtrasConfigVersion.cmake /build/qt5-3d/pkg/qt5-3d/usr/lib/cmake/Qt53DExtras/Qt53DExtrasConfigVersion.cmake
/usr/bin/qmake -install qinstall /build/qt5-3d/src/kde-qt3d/src/extras/3dtext/qextrudedtextgeometry.h /build/qt5-3d/pkg/qt5-3d/usr/include/qt/Qt3DExtras/qextrudedtextgeometry.h
/usr/bin/qmake -install qinstall /build/qt5-3d/src/build/include/Qt3DAnimation/QAbstractClipAnimator /build/qt5-3d/pkg/qt5-3d/usr/include/qt/Qt3DAnimation/QAbstractClipAnimator
/usr/bin/qmake -install qinstall /build/qt5-3d/src/kde-qt3d/src/quick3d/quick3dscene2d/items/scene2d_p.h /build/qt5-3d/pkg/qt5-3d/usr/include/qt/Qt3DQuickScene2D/5.15.18/Qt3DQuickScene2D/private/scene2d_p.h
/usr/bin/qmake -install qinstall /build/qt5-3d/src/kde-qt3d/src/quick3d/quick3drender/items/quick3dgeometry_p.h /build/qt5-3d/pkg/qt5-3d/usr/include/qt/Qt3DQuickRender/5.15.18/Qt3DQuickRender/private/quick3dgeometry_p.h
ln -f -s libQt53DAnimation.so.5.15.18 /build/qt5-3d/pkg/qt5-3d/usr/lib/libQt53DAnimation.so
/usr/bin/qmake -install qinstall /build/qt5-3d/src/build/include/Qt3DExtras/QExtrudedTextMesh /build/qt5-3d/pkg/qt5-3d/usr/include/qt/Qt3DExtras/QExtrudedTextMesh
/usr/bin/qmake -install qinstall /build/qt5-3d/src/kde-qt3d/src/animation/qt3danimation_global_p.h /build/qt5-3d/pkg/qt5-3d/usr/include/qt/Qt3DAnimation/5.15.18/Qt3DAnimation/private/qt3danimation_global_p.h
/usr/bin/qmake -install qinstall /build/qt5-3d/src/kde-qt3d/src/extras/defaults/qabstractcameracontroller_p.h /build/qt5-3d/pkg/qt5-3d/usr/include/qt/Qt3DExtras/5.15.18/Qt3DExtras/private/qabstractcameracontroller_p.h
ln -f -s libQt53DAnimation.so.5.15.18 /build/qt5-3d/pkg/qt5-3d/usr/lib/libQt53DAnimation.so.5
ln -f -s libQt53DAnimation.so.5.15.18 /build/qt5-3d/pkg/qt5-3d/usr/lib/libQt53DAnimation.so.5.15
sed  -e 's,/build/qt5-3d/src/build/lib/,$$[QT_INSTALL_LIBS]/,g' -e 's,[^ '\'']*/build/qt5-3d/src/build/lib,,g' -e 's,/usr/lib,$$[QT_INSTALL_LIBS],g' ../../lib/libQt53DAnimation.prl > /build/qt5-3d/pkg/qt5-3d/usr/lib/libQt53DAnimation.prl
sed  -e s,/build/qt5-3d/src/build/lib/,=/usr/lib/,g -e 's,[^ '\'']*/build/qt5-3d/src/build/lib,,g' ../../lib/libQt53DAnimation.la > /build/qt5-3d/pkg/qt5-3d/usr/lib/libQt53DAnimation.la
sed  -e s,/build/qt5-3d/src/build/lib/,/usr/lib/,g -e 's,[^ '\'']*/build/qt5-3d/src/build/lib,,g' ../../lib/pkgconfig/Qt53DAnimation.pc > /build/qt5-3d/pkg/qt5-3d/usr/lib/pkgconfig/Qt53DAnimation.pc
ln -f -s libQt53DExtras.so.5.15.18 /build/qt5-3d/pkg/qt5-3d/usr/lib/libQt53DExtras.so
ln -f -s libQt53DExtras.so.5.15.18 /build/qt5-3d/pkg/qt5-3d/usr/lib/libQt53DExtras.so.5
ln -f -s libQt53DExtras.so.5.15.18 /build/qt5-3d/pkg/qt5-3d/usr/lib/libQt53DExtras.so.5.15
/usr/bin/qmake -install qinstall /build/qt5-3d/src/kde-qt3d/src/quick3d/quick3drender/items/quick3dlayerfilter_p.h /build/qt5-3d/pkg/qt5-3d/usr/include/qt/Qt3DQuickRender/5.15.18/Qt3DQuickRender/private/quick3dlayerfilter_p.h
/usr/bin/qmake -install qinstall /build/qt5-3d/src/kde-qt3d/src/extras/3dtext/qextrudedtextmesh.h /build/qt5-3d/pkg/qt5-3d/usr/include/qt/Qt3DExtras/qextrudedtextmesh.h
/usr/bin/qmake -install qinstall /build/qt5-3d/src/kde-qt3d/src/animation/frontend/qabstractchannelmapping.h /build/qt5-3d/pkg/qt5-3d/usr/include/qt/Qt3DAnimation/qabstractchannelmapping.h
/usr/bin/qmake -install qinstall /build/qt5-3d/src/kde-qt3d/src/quick3d/quick3dscene2d/items/scene2devent_p.h /build/qt5-3d/pkg/qt5-3d/usr/include/qt/Qt3DQuickScene2D/5.15.18/Qt3DQuickScene2D/private/scene2devent_p.h
/usr/bin/qmake -install qinstall /build/qt5-3d/src/build/include/Qt3DExtras/QAbstractCameraController /build/qt5-3d/pkg/qt5-3d/usr/include/qt/Qt3DExtras/QAbstractCameraController
/usr/bin/qmake -install qinstall /build/qt5-3d/src/build/include/Qt3DAnimation/QAbstractClipBlendNode /build/qt5-3d/pkg/qt5-3d/usr/include/qt/Qt3DAnimation/QAbstractClipBlendNode
make[3]: Leaving directory '/build/qt5-3d/src/build/src/plugins/renderers/opengl'
/usr/bin/qmake -install qinstall /build/qt5-3d/src/kde-qt3d/src/animation/backend/abstractevaluateclipanimatorjob_p.h /build/qt5-3d/pkg/qt5-3d/usr/include/qt/Qt3DAnimation/5.15.18/Qt3DAnimation/private/abstractevaluateclipanimatorjob_p.h
/usr/bin/qmake -install qinstall /build/qt5-3d/src/kde-qt3d/src/extras/defaults/qabstractspritesheet_p.h /build/qt5-3d/pkg/qt5-3d/usr/include/qt/Qt3DExtras/5.15.18/Qt3DExtras/private/qabstractspritesheet_p.h
make[2]: Leaving directory '/build/qt5-3d/src/build/src/plugins/renderers'
sed  -e 's,/build/qt5-3d/src/build/lib/,$$[QT_INSTALL_LIBS]/,g' -e 's,[^ '\'']*/build/qt5-3d/src/build/lib,,g' -e 's,/usr/lib,$$[QT_INSTALL_LIBS],g' ../../lib/libQt53DExtras.prl > /build/qt5-3d/pkg/qt5-3d/usr/lib/libQt53DExtras.prl
/usr/bin/qmake -install qinstall /build/qt5-3d/src/kde-qt3d/src/animation/frontend/qabstractclipanimator.h /build/qt5-3d/pkg/qt5-3d/usr/include/qt/Qt3DAnimation/qabstractclipanimator.h
sed  -e s,/build/qt5-3d/src/build/lib/,=/usr/lib/,g -e 's,[^ '\'']*/build/qt5-3d/src/build/lib,,g' ../../lib/libQt53DExtras.la > /build/qt5-3d/pkg/qt5-3d/usr/lib/libQt53DExtras.la
/usr/bin/qmake -install qinstall /build/qt5-3d/src/kde-qt3d/src/animation/backend/additiveclipblend_p.h /build/qt5-3d/pkg/qt5-3d/usr/include/qt/Qt3DAnimation/5.15.18/Qt3DAnimation/private/additiveclipblend_p.h
/usr/bin/qmake -install qinstall /build/qt5-3d/src/kde-qt3d/src/extras/defaults/qdiffusemapmaterial_p.h /build/qt5-3d/pkg/qt5-3d/usr/include/qt/Qt3DExtras/5.15.18/Qt3DExtras/private/qdiffusemapmaterial_p.h
/usr/bin/qmake -install qinstall /build/qt5-3d/src/kde-qt3d/src/quick3d/quick3dscene2d/items/scene2dmanager_p.h /build/qt5-3d/pkg/qt5-3d/usr/include/qt/Qt3DQuickScene2D/5.15.18/Qt3DQuickScene2D/private/scene2dmanager_p.h
/usr/bin/qmake -install qinstall /build/qt5-3d/src/kde-qt3d/src/quick3d/quick3drender/items/quick3dmaterial_p.h /build/qt5-3d/pkg/qt5-3d/usr/include/qt/Qt3DQuickRender/5.15.18/Qt3DQuickRender/private/quick3dmaterial_p.h
/usr/bin/qmake -install qinstall /build/qt5-3d/src/build/include/Qt3DAnimation/QAdditiveClipBlend /build/qt5-3d/pkg/qt5-3d/usr/include/qt/Qt3DAnimation/QAdditiveClipBlend
/usr/bin/qmake -install qinstall /build/qt5-3d/src/kde-qt3d/src/extras/defaults/qabstractcameracontroller.h /build/qt5-3d/pkg/qt5-3d/usr/include/qt/Qt3DExtras/qabstractcameracontroller.h
/usr/bin/qmake -install qinstall /build/qt5-3d/src/build/include/Qt3DExtras/QAbstractSpriteSheet /build/qt5-3d/pkg/qt5-3d/usr/include/qt/Qt3DExtras/QAbstractSpriteSheet
/usr/bin/qmake -install qinstall /build/qt5-3d/src/kde-qt3d/src/animation/frontend/qabstractclipblendnode.h /build/qt5-3d/pkg/qt5-3d/usr/include/qt/Qt3DAnimation/qabstractclipblendnode.h
sed  -e s,/build/qt5-3d/src/build/lib/,/usr/lib/,g -e 's,[^ '\'']*/build/qt5-3d/src/build/lib,,g' ../../lib/pkgconfig/Qt53DExtras.pc > /build/qt5-3d/pkg/qt5-3d/usr/lib/pkgconfig/Qt53DExtras.pc
/usr/bin/qmake -install qinstall /build/qt5-3d/src/kde-qt3d/src/extras/defaults/qdiffusespecularmapmaterial_p.h /build/qt5-3d/pkg/qt5-3d/usr/include/qt/Qt3DExtras/5.15.18/Qt3DExtras/private/qdiffusespecularmapmaterial_p.h
/usr/bin/qmake -install qinstall /build/qt5-3d/src/kde-qt3d/src/quick3d/quick3drender/items/quick3dmemorybarrier_p.h /build/qt5-3d/pkg/qt5-3d/usr/include/qt/Qt3DQuickRender/5.15.18/Qt3DQuickRender/private/quick3dmemorybarrier_p.h
/usr/bin/qmake -install qinstall /build/qt5-3d/src/kde-qt3d/src/animation/backend/animationclip_p.h /build/qt5-3d/pkg/qt5-3d/usr/include/qt/Qt3DAnimation/5.15.18/Qt3DAnimation/private/animationclip_p.h
/usr/bin/qmake -install qinstall /build/qt5-3d/src/kde-qt3d/src/extras/defaults/qabstractspritesheet.h /build/qt5-3d/pkg/qt5-3d/usr/include/qt/Qt3DExtras/qabstractspritesheet.h
/usr/bin/qmake -install qinstall /build/qt5-3d/src/kde-qt3d/src/quick3d/quick3dscene2d/items/scene2dsharedobject_p.h /build/qt5-3d/pkg/qt5-3d/usr/include/qt/Qt3DQuickScene2D/5.15.18/Qt3DQuickScene2D/private/scene2dsharedobject_p.h
/usr/bin/qmake -install qinstall /build/qt5-3d/src/build/include/Qt3DAnimation/QAnimationAspect /build/qt5-3d/pkg/qt5-3d/usr/include/qt/Qt3DAnimation/QAnimationAspect
/usr/bin/qmake -install qinstall /build/qt5-3d/src/kde-qt3d/src/animation/frontend/qadditiveclipblend.h /build/qt5-3d/pkg/qt5-3d/usr/include/qt/Qt3DAnimation/qadditiveclipblend.h
/usr/bin/qmake -install qinstall /build/qt5-3d/src/build/include/Qt3DExtras/QDiffuseMapMaterial /build/qt5-3d/pkg/qt5-3d/usr/include/qt/Qt3DExtras/QDiffuseMapMaterial
/usr/bin/qmake -install qinstall /build/qt5-3d/src/kde-qt3d/src/extras/defaults/qdiffusespecularmaterial_p.h /build/qt5-3d/pkg/qt5-3d/usr/include/qt/Qt3DExtras/5.15.18/Qt3DExtras/private/qdiffusespecularmaterial_p.h
/usr/bin/qmake -install qinstall /build/qt5-3d/src/kde-qt3d/src/quick3d/quick3drender/items/quick3dparameter_p.h /build/qt5-3d/pkg/qt5-3d/usr/include/qt/Qt3DQuickRender/5.15.18/Qt3DQuickRender/private/quick3dparameter_p.h
/usr/bin/qmake -install qinstall /build/qt5-3d/src/kde-qt3d/src/extras/defaults/qforwardrenderer_p.h /build/qt5-3d/pkg/qt5-3d/usr/include/qt/Qt3DExtras/5.15.18/Qt3DExtras/private/qforwardrenderer_p.h
/usr/bin/qmake -install qinstall /build/qt5-3d/src/kde-qt3d/src/animation/backend/animationutils_p.h /build/qt5-3d/pkg/qt5-3d/usr/include/qt/Qt3DAnimation/5.15.18/Qt3DAnimation/private/animationutils_p.h
make[2]: Leaving directory '/build/qt5-3d/src/build/src/quick3d/quick3dscene2d'
/usr/bin/qmake -install qinstall /build/qt5-3d/src/kde-qt3d/src/extras/defaults/qdiffusemapmaterial.h /build/qt5-3d/pkg/qt5-3d/usr/include/qt/Qt3DExtras/qdiffusemapmaterial.h
/usr/bin/qmake -install qinstall /build/qt5-3d/src/kde-qt3d/src/animation/frontend/qanimationaspect.h /build/qt5-3d/pkg/qt5-3d/usr/include/qt/Qt3DAnimation/qanimationaspect.h
/usr/bin/qmake -install qinstall /build/qt5-3d/src/build/include/Qt3DExtras/QDiffuseSpecularMapMaterial /build/qt5-3d/pkg/qt5-3d/usr/include/qt/Qt3DExtras/QDiffuseSpecularMapMaterial
/usr/bin/qmake -install qinstall /build/qt5-3d/src/build/include/Qt3DAnimation/QAnimationCallback /build/qt5-3d/pkg/qt5-3d/usr/include/qt/Qt3DAnimation/QAnimationCallback
/usr/bin/qmake -install qinstall /build/qt5-3d/src/kde-qt3d/src/quick3d/quick3drender/items/quick3dparameter_p_p.h /build/qt5-3d/pkg/qt5-3d/usr/include/qt/Qt3DQuickRender/5.15.18/Qt3DQuickRender/private/quick3dparameter_p_p.h
cd quick3d/imports/scene2d/ && ( test -e Makefile.importsscene2d || /usr/bin/qmake -o Makefile.importsscene2d /build/qt5-3d/src/kde-qt3d/src/quick3d/imports/scene2d/importsscene2d.pro ) && make -f Makefile.importsscene2d install
/usr/bin/qmake -install qinstall /build/qt5-3d/src/kde-qt3d/src/extras/defaults/qdiffusespecularmapmaterial.h /build/qt5-3d/pkg/qt5-3d/usr/include/qt/Qt3DExtras/qdiffusespecularmapmaterial.h
/usr/bin/qmake -install qinstall /build/qt5-3d/src/kde-qt3d/src/extras/defaults/qgoochmaterial_p.h /build/qt5-3d/pkg/qt5-3d/usr/include/qt/Qt3DExtras/5.15.18/Qt3DExtras/private/qgoochmaterial_p.h
/usr/bin/qmake -install qinstall /build/qt5-3d/src/kde-qt3d/src/animation/frontend/qanimationcallback.h /build/qt5-3d/pkg/qt5-3d/usr/include/qt/Qt3DAnimation/qanimationcallback.h
/usr/bin/qmake -install qinstall /build/qt5-3d/src/build/include/Qt3DExtras/QDiffuseSpecularMaterial /build/qt5-3d/pkg/qt5-3d/usr/include/qt/Qt3DExtras/QDiffuseSpecularMaterial
/usr/bin/qmake -install qinstall /build/qt5-3d/src/kde-qt3d/src/quick3d/quick3drender/items/quick3draycaster_p.h /build/qt5-3d/pkg/qt5-3d/usr/include/qt/Qt3DQuickRender/5.15.18/Qt3DQuickRender/private/quick3draycaster_p.h
/usr/bin/qmake -install qinstall /build/qt5-3d/src/kde-qt3d/src/animation/backend/backendnode_p.h /build/qt5-3d/pkg/qt5-3d/usr/include/qt/Qt3DAnimation/5.15.18/Qt3DAnimation/private/backendnode_p.h
/usr/bin/qmake -install qinstall /build/qt5-3d/src/build/include/Qt3DAnimation/QAnimationClip /build/qt5-3d/pkg/qt5-3d/usr/include/qt/Qt3DAnimation/QAnimationClip
/usr/bin/qmake -install qinstall /build/qt5-3d/src/kde-qt3d/src/extras/defaults/qmetalroughmaterial_p.h /build/qt5-3d/pkg/qt5-3d/usr/include/qt/Qt3DExtras/5.15.18/Qt3DExtras/private/qmetalroughmaterial_p.h
/usr/bin/qmake -install qinstall /build/qt5-3d/src/kde-qt3d/src/extras/defaults/qdiffusespecularmaterial.h /build/qt5-3d/pkg/qt5-3d/usr/include/qt/Qt3DExtras/qdiffusespecularmaterial.h
/usr/bin/qmake -install qinstall /build/qt5-3d/src/kde-qt3d/src/animation/frontend/qanimationclip.h /build/qt5-3d/pkg/qt5-3d/usr/include/qt/Qt3DAnimation/qanimationclip.h
/usr/bin/qmake -install qinstall /build/qt5-3d/src/kde-qt3d/src/quick3d/quick3drender/items/quick3draycaster_p_p.h /build/qt5-3d/pkg/qt5-3d/usr/include/qt/Qt3DQuickRender/5.15.18/Qt3DQuickRender/private/quick3draycaster_p_p.h
/usr/bin/qmake -install qinstall /build/qt5-3d/src/kde-qt3d/src/animation/backend/bezierevaluator_p.h /build/qt5-3d/pkg/qt5-3d/usr/include/qt/Qt3DAnimation/5.15.18/Qt3DAnimation/private/bezierevaluator_p.h
/usr/bin/qmake -install qinstall /build/qt5-3d/src/build/include/Qt3DExtras/QFirstPersonCameraController /build/qt5-3d/pkg/qt5-3d/usr/include/qt/Qt3DExtras/QFirstPersonCameraController
/usr/bin/qmake -install qinstall /build/qt5-3d/src/build/include/Qt3DAnimation/QAnimationClipData /build/qt5-3d/pkg/qt5-3d/usr/include/qt/Qt3DAnimation/QAnimationClipData
/usr/bin/qmake -install qinstall /build/qt5-3d/src/kde-qt3d/src/extras/defaults/qfirstpersoncameracontroller.h /build/qt5-3d/pkg/qt5-3d/usr/include/qt/Qt3DExtras/qfirstpersoncameracontroller.h
/usr/bin/qmake -install qinstall /build/qt5-3d/src/kde-qt3d/src/animation/frontend/qanimationclipdata.h /build/qt5-3d/pkg/qt5-3d/usr/include/qt/Qt3DAnimation/qanimationclipdata.h
/usr/bin/qmake -install qinstall /build/qt5-3d/src/kde-qt3d/src/extras/defaults/qmorphphongmaterial_p.h /build/qt5-3d/pkg/qt5-3d/usr/include/qt/Qt3DExtras/5.15.18/Qt3DExtras/private/qmorphphongmaterial_p.h
/usr/bin/qmake -install qinstall /build/qt5-3d/src/kde-qt3d/src/quick3d/quick3drender/items/quick3drenderpass_p.h /build/qt5-3d/pkg/qt5-3d/usr/include/qt/Qt3DQuickRender/5.15.18/Qt3DQuickRender/private/quick3drenderpass_p.h
/usr/bin/qmake -install qinstall /build/qt5-3d/src/kde-qt3d/src/animation/backend/blendedclipanimator_p.h /build/qt5-3d/pkg/qt5-3d/usr/include/qt/Qt3DAnimation/5.15.18/Qt3DAnimation/private/blendedclipanimator_p.h
/usr/bin/qmake -install qinstall /build/qt5-3d/src/build/include/Qt3DAnimation/QAnimationClipLoader /build/qt5-3d/pkg/qt5-3d/usr/include/qt/Qt3DAnimation/QAnimationClipLoader
/usr/bin/qmake -install qinstall /build/qt5-3d/src/build/include/Qt3DExtras/QForwardRenderer /build/qt5-3d/pkg/qt5-3d/usr/include/qt/Qt3DExtras/QForwardRenderer
/usr/bin/qmake -install qinstall /build/qt5-3d/src/kde-qt3d/src/extras/defaults/qforwardrenderer.h /build/qt5-3d/pkg/qt5-3d/usr/include/qt/Qt3DExtras/qforwardrenderer.h
/usr/bin/qmake -install qinstall /build/qt5-3d/src/kde-qt3d/src/animation/frontend/qanimationcliploader.h /build/qt5-3d/pkg/qt5-3d/usr/include/qt/Qt3DAnimation/qanimationcliploader.h
/usr/bin/qmake -install qinstall /build/qt5-3d/src/kde-qt3d/src/extras/defaults/qnormaldiffusemapalphamaterial_p.h /build/qt5-3d/pkg/qt5-3d/usr/include/qt/Qt3DExtras/5.15.18/Qt3DExtras/private/qnormaldiffusemapalphamaterial_p.h
/usr/bin/qmake -install qinstall /build/qt5-3d/src/build/include/Qt3DAnimation/QAnimationController /build/qt5-3d/pkg/qt5-3d/usr/include/qt/Qt3DAnimation/QAnimationController
/usr/bin/qmake -install qinstall /build/qt5-3d/src/kde-qt3d/src/quick3d/quick3drender/items/quick3drenderpassfilter_p.h /build/qt5-3d/pkg/qt5-3d/usr/include/qt/Qt3DQuickRender/5.15.18/Qt3DQuickRender/private/quick3drenderpassfilter_p.h
/usr/bin/qmake -install qinstall /build/qt5-3d/src/build/include/Qt3DExtras/QGoochMaterial /build/qt5-3d/pkg/qt5-3d/usr/include/qt/Qt3DExtras/QGoochMaterial
/usr/bin/qmake -install qinstall /build/qt5-3d/src/kde-qt3d/src/animation/backend/buildblendtreesjob_p.h /build/qt5-3d/pkg/qt5-3d/usr/include/qt/Qt3DAnimation/5.15.18/Qt3DAnimation/private/buildblendtreesjob_p.h
/usr/bin/qmake -install qinstall /build/qt5-3d/src/kde-qt3d/src/extras/defaults/qgoochmaterial.h /build/qt5-3d/pkg/qt5-3d/usr/include/qt/Qt3DExtras/qgoochmaterial.h
/usr/bin/qmake -install qinstall /build/qt5-3d/src/kde-qt3d/src/animation/frontend/qanimationcontroller.h /build/qt5-3d/pkg/qt5-3d/usr/include/qt/Qt3DAnimation/qanimationcontroller.h
/usr/bin/qmake -install qinstall /build/qt5-3d/src/kde-qt3d/src/quick3d/quick3drender/items/quick3drendertargetoutput_p.h /build/qt5-3d/pkg/qt5-3d/usr/include/qt/Qt3DQuickRender/5.15.18/Qt3DQuickRender/private/quick3drendertargetoutput_p.h
/usr/bin/qmake -install qinstall /build/qt5-3d/src/kde-qt3d/src/extras/defaults/qnormaldiffusemapmaterial_p.h /build/qt5-3d/pkg/qt5-3d/usr/include/qt/Qt3DExtras/5.15.18/Qt3DExtras/private/qnormaldiffusemapmaterial_p.h
/usr/bin/qmake -install qinstall /build/qt5-3d/src/build/include/Qt3DExtras/QMetalRoughMaterial /build/qt5-3d/pkg/qt5-3d/usr/include/qt/Qt3DExtras/QMetalRoughMaterial
/usr/bin/qmake -install qinstall /build/qt5-3d/src/build/include/Qt3DAnimation/QAnimationGroup /build/qt5-3d/pkg/qt5-3d/usr/include/qt/Qt3DAnimation/QAnimationGroup
/usr/bin/qmake -install qinstall /build/qt5-3d/src/kde-qt3d/src/extras/defaults/qmetalroughmaterial.h /build/qt5-3d/pkg/qt5-3d/usr/include/qt/Qt3DExtras/qmetalroughmaterial.h
/usr/bin/qmake -install qinstall /build/qt5-3d/src/kde-qt3d/src/animation/backend/channelmapper_p.h /build/qt5-3d/pkg/qt5-3d/usr/include/qt/Qt3DAnimation/5.15.18/Qt3DAnimation/private/channelmapper_p.h
/usr/bin/qmake -install qinstall /build/qt5-3d/src/kde-qt3d/src/animation/frontend/qanimationgroup.h /build/qt5-3d/pkg/qt5-3d/usr/include/qt/Qt3DAnimation/qanimationgroup.h
/usr/bin/qmake -install qinstall /build/qt5-3d/src/kde-qt3d/src/extras/defaults/qnormaldiffusespecularmapmaterial_p.h /build/qt5-3d/pkg/qt5-3d/usr/include/qt/Qt3DExtras/5.15.18/Qt3DExtras/private/qnormaldiffusespecularmapmaterial_p.h
/usr/bin/qmake -install qinstall /build/qt5-3d/src/kde-qt3d/src/quick3d/quick3drender/items/quick3drendertargetselector_p.h /build/qt5-3d/pkg/qt5-3d/usr/include/qt/Qt3DQuickRender/5.15.18/Qt3DQuickRender/private/quick3drendertargetselector_p.h
/usr/bin/qmake -install qinstall /build/qt5-3d/src/build/include/Qt3DAnimation/QBlendedClipAnimator /build/qt5-3d/pkg/qt5-3d/usr/include/qt/Qt3DAnimation/QBlendedClipAnimator
/usr/bin/qmake -install qinstall /build/qt5-3d/src/build/include/Qt3DExtras/QMorphPhongMaterial /build/qt5-3d/pkg/qt5-3d/usr/include/qt/Qt3DExtras/QMorphPhongMaterial
make[2]: Entering directory '/build/qt5-3d/src/build/src/quick3d/imports/scene2d'
/usr/bin/qmake -install qinstall /build/qt5-3d/src/kde-qt3d/src/animation/frontend/qblendedclipanimator.h /build/qt5-3d/pkg/qt5-3d/usr/include/qt/Qt3DAnimation/qblendedclipanimator.h
/usr/bin/qmake -install qinstall /build/qt5-3d/src/kde-qt3d/src/extras/defaults/qmorphphongmaterial.h /build/qt5-3d/pkg/qt5-3d/usr/include/qt/Qt3DExtras/qmorphphongmaterial.h
/usr/bin/qmake -install qinstall /build/qt5-3d/src/kde-qt3d/src/animation/backend/channelmapping_p.h /build/qt5-3d/pkg/qt5-3d/usr/include/qt/Qt3DAnimation/5.15.18/Qt3DAnimation/private/channelmapping_p.h
/usr/bin/qmake -install qinstall -exe ../../../../qml/QtQuick/Scene2D/libqtquickscene2dplugin.so /build/qt5-3d/pkg/qt5-3d/usr/lib/qt/qml/QtQuick/Scene2D/libqtquickscene2dplugin.so
/usr/bin/qmake -install qinstall /build/qt5-3d/src/kde-qt3d/src/quick3d/imports/scene2d/qmldir /build/qt5-3d/pkg/qt5-3d/usr/lib/qt/qml/QtQuick/Scene2D/qmldir
/usr/bin/qmake -install qinstall /build/qt5-3d/src/kde-qt3d/src/quick3d/imports/scene2d/plugins.qmltypes /build/qt5-3d/pkg/qt5-3d/usr/lib/qt/qml/QtQuick/Scene2D/plugins.qmltypes
/usr/bin/qmake -install qinstall /build/qt5-3d/src/kde-qt3d/src/extras/defaults/qorbitcameracontroller_p.h /build/qt5-3d/pkg/qt5-3d/usr/include/qt/Qt3DExtras/5.15.18/Qt3DExtras/private/qorbitcameracontroller_p.h
/usr/bin/qmake -install qinstall /build/qt5-3d/src/build/include/Qt3DAnimation/QCallbackMapping /build/qt5-3d/pkg/qt5-3d/usr/include/qt/Qt3DAnimation/QCallbackMapping
/usr/bin/qmake -install qinstall /build/qt5-3d/src/kde-qt3d/src/quick3d/quick3drender/items/quick3dscene_p.h /build/qt5-3d/pkg/qt5-3d/usr/include/qt/Qt3DQuickRender/5.15.18/Qt3DQuickRender/private/quick3dscene_p.h
/usr/bin/qmake -install qinstall /build/qt5-3d/src/build/include/Qt3DExtras/QNormalDiffuseMapAlphaMaterial /build/qt5-3d/pkg/qt5-3d/usr/include/qt/Qt3DExtras/QNormalDiffuseMapAlphaMaterial
/usr/bin/qmake -install qinstall /build/qt5-3d/src/build/include/Qt3DAnimation/QChannel /build/qt5-3d/pkg/qt5-3d/usr/include/qt/Qt3DAnimation/QChannel
/usr/bin/qmake -install qinstall /build/qt5-3d/src/kde-qt3d/src/extras/defaults/qpervertexcolormaterial_p.h /build/qt5-3d/pkg/qt5-3d/usr/include/qt/Qt3DExtras/5.15.18/Qt3DExtras/private/qpervertexcolormaterial_p.h
/usr/bin/qmake -install qinstall /build/qt5-3d/src/kde-qt3d/src/quick3d/quick3drender/items/quick3dscreenraycaster_p.h /build/qt5-3d/pkg/qt5-3d/usr/include/qt/Qt3DQuickRender/5.15.18/Qt3DQuickRender/private/quick3dscreenraycaster_p.h
make[2]: Leaving directory '/build/qt5-3d/src/build/src/quick3d/imports/scene2d'
/usr/bin/qmake -install qinstall /build/qt5-3d/src/kde-qt3d/src/animation/frontend/qcallbackmapping.h /build/qt5-3d/pkg/qt5-3d/usr/include/qt/Qt3DAnimation/qcallbackmapping.h
/usr/bin/qmake -install qinstall /build/qt5-3d/src/kde-qt3d/src/extras/defaults/qnormaldiffusemapalphamaterial.h /build/qt5-3d/pkg/qt5-3d/usr/include/qt/Qt3DExtras/qnormaldiffusemapalphamaterial.h
/usr/bin/qmake -install qinstall /build/qt5-3d/src/kde-qt3d/src/animation/backend/clipanimator_p.h /build/qt5-3d/pkg/qt5-3d/usr/include/qt/Qt3DAnimation/5.15.18/Qt3DAnimation/private/clipanimator_p.h
/usr/bin/qmake -install qinstall /build/qt5-3d/src/build/include/Qt3DExtras/QNormalDiffuseMapMaterial /build/qt5-3d/pkg/qt5-3d/usr/include/qt/Qt3DExtras/QNormalDiffuseMapMaterial
/usr/bin/qmake -install qinstall /build/qt5-3d/src/kde-qt3d/src/extras/defaults/qphongalphamaterial_p.h /build/qt5-3d/pkg/qt5-3d/usr/include/qt/Qt3DExtras/5.15.18/Qt3DExtras/private/qphongalphamaterial_p.h
/usr/bin/qmake -install qinstall /build/qt5-3d/src/kde-qt3d/src/animation/backend/clipblendnode_p.h /build/qt5-3d/pkg/qt5-3d/usr/include/qt/Qt3DAnimation/5.15.18/Qt3DAnimation/private/clipblendnode_p.h
/usr/bin/qmake -install qinstall /build/qt5-3d/src/kde-qt3d/src/quick3d/quick3drender/items/quick3dscreenraycaster_p_p.h /build/qt5-3d/pkg/qt5-3d/usr/include/qt/Qt3DQuickRender/5.15.18/Qt3DQuickRender/private/quick3dscreenraycaster_p_p.h
/usr/bin/qmake -install qinstall /build/qt5-3d/src/kde-qt3d/src/animation/frontend/qchannel.h /build/qt5-3d/pkg/qt5-3d/usr/include/qt/Qt3DAnimation/qchannel.h
/usr/bin/qmake -install qinstall /build/qt5-3d/src/build/include/Qt3DExtras/QNormalDiffuseSpecularMapMaterial /build/qt5-3d/pkg/qt5-3d/usr/include/qt/Qt3DExtras/QNormalDiffuseSpecularMapMaterial
/usr/bin/qmake -install qinstall /build/qt5-3d/src/build/include/Qt3DAnimation/QChannelComponent /build/qt5-3d/pkg/qt5-3d/usr/include/qt/Qt3DAnimation/QChannelComponent
/usr/bin/qmake -install qinstall /build/qt5-3d/src/kde-qt3d/src/extras/defaults/qnormaldiffusemapmaterial.h /build/qt5-3d/pkg/qt5-3d/usr/include/qt/Qt3DExtras/qnormaldiffusemapmaterial.h
/usr/bin/qmake -install qinstall /build/qt5-3d/src/kde-qt3d/src/extras/defaults/qphongmaterial_p.h /build/qt5-3d/pkg/qt5-3d/usr/include/qt/Qt3DExtras/5.15.18/Qt3DExtras/private/qphongmaterial_p.h
/usr/bin/qmake -install qinstall /build/qt5-3d/src/kde-qt3d/src/animation/backend/clipblendnodevisitor_p.h /build/qt5-3d/pkg/qt5-3d/usr/include/qt/Qt3DAnimation/5.15.18/Qt3DAnimation/private/clipblendnodevisitor_p.h
/usr/bin/qmake -install qinstall /build/qt5-3d/src/kde-qt3d/src/quick3d/quick3drender/items/quick3dshaderdata_p.h /build/qt5-3d/pkg/qt5-3d/usr/include/qt/Qt3DQuickRender/5.15.18/Qt3DQuickRender/private/quick3dshaderdata_p.h
/usr/bin/qmake -install qinstall /build/qt5-3d/src/kde-qt3d/src/extras/defaults/qnormaldiffusespecularmapmaterial.h /build/qt5-3d/pkg/qt5-3d/usr/include/qt/Qt3DExtras/qnormaldiffusespecularmapmaterial.h
/usr/bin/qmake -install qinstall /build/qt5-3d/src/kde-qt3d/src/extras/defaults/qskyboxentity_p.h /build/qt5-3d/pkg/qt5-3d/usr/include/qt/Qt3DExtras/5.15.18/Qt3DExtras/private/qskyboxentity_p.h
/usr/bin/qmake -install qinstall /build/qt5-3d/src/build/include/Qt3DAnimation/QChannelMapper /build/qt5-3d/pkg/qt5-3d/usr/include/qt/Qt3DAnimation/QChannelMapper
/usr/bin/qmake -install qinstall /build/qt5-3d/src/build/include/Qt3DExtras/QOrbitCameraController /build/qt5-3d/pkg/qt5-3d/usr/include/qt/Qt3DExtras/QOrbitCameraController
/usr/bin/qmake -install qinstall /build/qt5-3d/src/kde-qt3d/src/animation/frontend/qchannelcomponent.h /build/qt5-3d/pkg/qt5-3d/usr/include/qt/Qt3DAnimation/qchannelcomponent.h
/usr/bin/qmake -install qinstall /build/qt5-3d/src/kde-qt3d/src/animation/backend/clipblendvalue_p.h /build/qt5-3d/pkg/qt5-3d/usr/include/qt/Qt3DAnimation/5.15.18/Qt3DAnimation/private/clipblendvalue_p.h
/usr/bin/qmake -install qinstall /build/qt5-3d/src/kde-qt3d/src/quick3d/quick3drender/items/quick3dshaderdataarray_p.h /build/qt5-3d/pkg/qt5-3d/usr/include/qt/Qt3DQuickRender/5.15.18/Qt3DQuickRender/private/quick3dshaderdataarray_p.h
/usr/bin/qmake -install qinstall /build/qt5-3d/src/kde-qt3d/src/extras/defaults/qorbitcameracontroller.h /build/qt5-3d/pkg/qt5-3d/usr/include/qt/Qt3DExtras/qorbitcameracontroller.h
/usr/bin/qmake -install qinstall /build/qt5-3d/src/build/include/Qt3DAnimation/QChannelMapping /build/qt5-3d/pkg/qt5-3d/usr/include/qt/Qt3DAnimation/QChannelMapping
/usr/bin/qmake -install qinstall /build/qt5-3d/src/kde-qt3d/src/extras/defaults/qspritegrid_p.h /build/qt5-3d/pkg/qt5-3d/usr/include/qt/Qt3DExtras/5.15.18/Qt3DExtras/private/qspritegrid_p.h
/usr/bin/qmake -install qinstall /build/qt5-3d/src/kde-qt3d/src/animation/backend/clock_p.h /build/qt5-3d/pkg/qt5-3d/usr/include/qt/Qt3DAnimation/5.15.18/Qt3DAnimation/private/clock_p.h
/usr/bin/qmake -install qinstall /build/qt5-3d/src/build/include/Qt3DExtras/QPerVertexColorMaterial /build/qt5-3d/pkg/qt5-3d/usr/include/qt/Qt3DExtras/QPerVertexColorMaterial
/usr/bin/qmake -install qinstall /build/qt5-3d/src/kde-qt3d/src/animation/frontend/qchannelmapper.h /build/qt5-3d/pkg/qt5-3d/usr/include/qt/Qt3DAnimation/qchannelmapper.h
/usr/bin/qmake -install qinstall /build/qt5-3d/src/kde-qt3d/src/quick3d/quick3drender/items/quick3dstateset_p.h /build/qt5-3d/pkg/qt5-3d/usr/include/qt/Qt3DQuickRender/5.15.18/Qt3DQuickRender/private/quick3dstateset_p.h
/usr/bin/qmake -install qinstall /build/qt5-3d/src/build/include/Qt3DAnimation/QClipAnimator /build/qt5-3d/pkg/qt5-3d/usr/include/qt/Qt3DAnimation/QClipAnimator
/usr/bin/qmake -install qinstall /build/qt5-3d/src/kde-qt3d/src/extras/defaults/qpervertexcolormaterial.h /build/qt5-3d/pkg/qt5-3d/usr/include/qt/Qt3DExtras/qpervertexcolormaterial.h
/usr/bin/qmake -install qinstall /build/qt5-3d/src/kde-qt3d/src/extras/defaults/qspritesheet_p.h /build/qt5-3d/pkg/qt5-3d/usr/include/qt/Qt3DExtras/5.15.18/Qt3DExtras/private/qspritesheet_p.h
/usr/bin/qmake -install qinstall /build/qt5-3d/src/kde-qt3d/src/quick3d/quick3drender/items/quick3dtechnique_p.h /build/qt5-3d/pkg/qt5-3d/usr/include/qt/Qt3DQuickRender/5.15.18/Qt3DQuickRender/private/quick3dtechnique_p.h
/usr/bin/qmake -install qinstall /build/qt5-3d/src/kde-qt3d/src/animation/backend/evaluateblendclipanimatorjob_p.h /build/qt5-3d/pkg/qt5-3d/usr/include/qt/Qt3DAnimation/5.15.18/Qt3DAnimation/private/evaluateblendclipanimatorjob_p.h
/usr/bin/qmake -install qinstall /build/qt5-3d/src/build/include/Qt3DExtras/QPhongAlphaMaterial /build/qt5-3d/pkg/qt5-3d/usr/include/qt/Qt3DExtras/QPhongAlphaMaterial
/usr/bin/qmake -install qinstall /build/qt5-3d/src/kde-qt3d/src/animation/frontend/qchannelmapping.h /build/qt5-3d/pkg/qt5-3d/usr/include/qt/Qt3DAnimation/qchannelmapping.h
/usr/bin/qmake -install qinstall /build/qt5-3d/src/kde-qt3d/src/extras/defaults/qphongalphamaterial.h /build/qt5-3d/pkg/qt5-3d/usr/include/qt/Qt3DExtras/qphongalphamaterial.h
/usr/bin/qmake -install qinstall /build/qt5-3d/src/build/include/Qt3DAnimation/QClipBlendNodeCreatedChangeBase /build/qt5-3d/pkg/qt5-3d/usr/include/qt/Qt3DAnimation/QClipBlendNodeCreatedChangeBase
/usr/bin/qmake -install qinstall /build/qt5-3d/src/kde-qt3d/src/extras/defaults/qspritesheetitem_p.h /build/qt5-3d/pkg/qt5-3d/usr/include/qt/Qt3DExtras/5.15.18/Qt3DExtras/private/qspritesheetitem_p.h
/usr/bin/qmake -install qinstall /build/qt5-3d/src/kde-qt3d/src/animation/backend/evaluateclipanimatorjob_p.h /build/qt5-3d/pkg/qt5-3d/usr/include/qt/Qt3DAnimation/5.15.18/Qt3DAnimation/private/evaluateclipanimatorjob_p.h
/usr/bin/qmake -install qinstall /build/qt5-3d/src/kde-qt3d/src/quick3d/quick3drender/items/quick3dtechniquefilter_p.h /build/qt5-3d/pkg/qt5-3d/usr/include/qt/Qt3DQuickRender/5.15.18/Qt3DQuickRender/private/quick3dtechniquefilter_p.h
/usr/bin/qmake -install qinstall /build/qt5-3d/src/build/include/Qt3DExtras/QPhongMaterial /build/qt5-3d/pkg/qt5-3d/usr/include/qt/Qt3DExtras/QPhongMaterial
/usr/bin/qmake -install qinstall /build/qt5-3d/src/kde-qt3d/src/animation/frontend/qclipanimator.h /build/qt5-3d/pkg/qt5-3d/usr/include/qt/Qt3DAnimation/qclipanimator.h
/usr/bin/qmake -install qinstall /build/qt5-3d/src/build/include/Qt3DAnimation/QClipBlendNodeCreatedChangeBasePtr /build/qt5-3d/pkg/qt5-3d/usr/include/qt/Qt3DAnimation/QClipBlendNodeCreatedChangeBasePtr
/usr/bin/qmake -install qinstall /build/qt5-3d/src/kde-qt3d/src/extras/defaults/qphongmaterial.h /build/qt5-3d/pkg/qt5-3d/usr/include/qt/Qt3DExtras/qphongmaterial.h
/usr/bin/qmake -install qinstall /build/qt5-3d/src/kde-qt3d/src/extras/defaults/qt3dwindow_p.h /build/qt5-3d/pkg/qt5-3d/usr/include/qt/Qt3DExtras/5.15.18/Qt3DExtras/private/qt3dwindow_p.h
/usr/bin/qmake -install qinstall /build/qt5-3d/src/kde-qt3d/src/animation/frontend/qclipblendnodecreatedchange.h /build/qt5-3d/pkg/qt5-3d/usr/include/qt/Qt3DAnimation/qclipblendnodecreatedchange.h
/usr/bin/qmake -install qinstall /build/qt5-3d/src/kde-qt3d/src/quick3d/quick3drender/items/quick3dtexture_p.h /build/qt5-3d/pkg/qt5-3d/usr/include/qt/Qt3DQuickRender/5.15.18/Qt3DQuickRender/private/quick3dtexture_p.h
/usr/bin/qmake -install qinstall /build/qt5-3d/src/build/include/Qt3DExtras/QSkyboxEntity /build/qt5-3d/pkg/qt5-3d/usr/include/qt/Qt3DExtras/QSkyboxEntity
/usr/bin/qmake -install qinstall /build/qt5-3d/src/kde-qt3d/src/animation/backend/fcurve_p.h /build/qt5-3d/pkg/qt5-3d/usr/include/qt/Qt3DAnimation/5.15.18/Qt3DAnimation/private/fcurve_p.h
/usr/bin/qmake -install qinstall /build/qt5-3d/src/kde-qt3d/src/extras/defaults/qskyboxentity.h /build/qt5-3d/pkg/qt5-3d/usr/include/qt/Qt3DExtras/qskyboxentity.h
/usr/bin/qmake -install qinstall /build/qt5-3d/src/build/include/Qt3DAnimation/QClipBlendNodeCreatedChange /build/qt5-3d/pkg/qt5-3d/usr/include/qt/Qt3DAnimation/QClipBlendNodeCreatedChange
/usr/bin/qmake -install qinstall /build/qt5-3d/src/kde-qt3d/src/extras/defaults/qtexturematerial_p.h /build/qt5-3d/pkg/qt5-3d/usr/include/qt/Qt3DExtras/5.15.18/Qt3DExtras/private/qtexturematerial_p.h
/usr/bin/qmake -install qinstall /build/qt5-3d/src/kde-qt3d/src/quick3d/quick3drender/items/quick3dviewport_p.h /build/qt5-3d/pkg/qt5-3d/usr/include/qt/Qt3DQuickRender/5.15.18/Qt3DQuickRender/private/quick3dviewport_p.h
/usr/bin/qmake -install qinstall /build/qt5-3d/src/kde-qt3d/src/animation/backend/findrunningclipanimatorsjob_p.h /build/qt5-3d/pkg/qt5-3d/usr/include/qt/Qt3DAnimation/5.15.18/Qt3DAnimation/private/findrunningclipanimatorsjob_p.h
/usr/bin/qmake -install qinstall /build/qt5-3d/src/kde-qt3d/src/extras/geometries/qconegeometry_p.h /build/qt5-3d/pkg/qt5-3d/usr/include/qt/Qt3DExtras/5.15.18/Qt3DExtras/private/qconegeometry_p.h
/usr/bin/qmake -install qinstall /build/qt5-3d/src/kde-qt3d/src/animation/frontend/qclipblendvalue.h /build/qt5-3d/pkg/qt5-3d/usr/include/qt/Qt3DAnimation/qclipblendvalue.h
/usr/bin/qmake -install qinstall /build/qt5-3d/src/build/include/Qt3DExtras/QSpriteGrid /build/qt5-3d/pkg/qt5-3d/usr/include/qt/Qt3DExtras/QSpriteGrid
/usr/bin/qmake -install qinstall /build/qt5-3d/src/build/include/Qt3DAnimation/QClipBlendValue /build/qt5-3d/pkg/qt5-3d/usr/include/qt/Qt3DAnimation/QClipBlendValue
/usr/bin/qmake -install qinstall /build/qt5-3d/src/kde-qt3d/src/extras/defaults/qspritegrid.h /build/qt5-3d/pkg/qt5-3d/usr/include/qt/Qt3DExtras/qspritegrid.h
make[2]: Leaving directory '/build/qt5-3d/src/build/src/quick3d/quick3drender'
/usr/bin/qmake -install qinstall /build/qt5-3d/src/kde-qt3d/src/animation/backend/functionrangefinder_p.h /build/qt5-3d/pkg/qt5-3d/usr/include/qt/Qt3DAnimation/5.15.18/Qt3DAnimation/private/functionrangefinder_p.h
/usr/bin/qmake -install qinstall /build/qt5-3d/src/kde-qt3d/src/extras/geometries/qcuboidgeometry_p.h /build/qt5-3d/pkg/qt5-3d/usr/include/qt/Qt3DExtras/5.15.18/Qt3DExtras/private/qcuboidgeometry_p.h
cd quick3d/imports/render/ && ( test -e Makefile.importsrender || /usr/bin/qmake -o Makefile.importsrender /build/qt5-3d/src/kde-qt3d/src/quick3d/imports/render/importsrender.pro ) && make -f Makefile.importsrender install
/usr/bin/qmake -install qinstall /build/qt5-3d/src/kde-qt3d/src/extras/defaults/qspritesheet.h /build/qt5-3d/pkg/qt5-3d/usr/include/qt/Qt3DExtras/qspritesheet.h
/usr/bin/qmake -install qinstall /build/qt5-3d/src/build/include/Qt3DAnimation/QClock /build/qt5-3d/pkg/qt5-3d/usr/include/qt/Qt3DAnimation/QClock
/usr/bin/qmake -install qinstall /build/qt5-3d/src/build/include/Qt3DExtras/QSpriteSheet /build/qt5-3d/pkg/qt5-3d/usr/include/qt/Qt3DExtras/QSpriteSheet
/usr/bin/qmake -install qinstall /build/qt5-3d/src/kde-qt3d/src/animation/frontend/qclock.h /build/qt5-3d/pkg/qt5-3d/usr/include/qt/Qt3DAnimation/qclock.h
/usr/bin/qmake -install qinstall /build/qt5-3d/src/kde-qt3d/src/extras/geometries/qcylindergeometry_p.h /build/qt5-3d/pkg/qt5-3d/usr/include/qt/Qt3DExtras/5.15.18/Qt3DExtras/private/qcylindergeometry_p.h
/usr/bin/qmake -install qinstall /build/qt5-3d/src/kde-qt3d/src/animation/backend/gltfimporter_p.h /build/qt5-3d/pkg/qt5-3d/usr/include/qt/Qt3DAnimation/5.15.18/Qt3DAnimation/private/gltfimporter_p.h
/usr/bin/qmake -install qinstall /build/qt5-3d/src/build/include/Qt3DAnimation/QKeyFrame /build/qt5-3d/pkg/qt5-3d/usr/include/qt/Qt3DAnimation/QKeyFrame
/usr/bin/qmake -install qinstall /build/qt5-3d/src/build/include/Qt3DExtras/QSpriteSheetItem /build/qt5-3d/pkg/qt5-3d/usr/include/qt/Qt3DExtras/QSpriteSheetItem
/usr/bin/qmake -install qinstall /build/qt5-3d/src/kde-qt3d/src/animation/frontend/qkeyframe.h /build/qt5-3d/pkg/qt5-3d/usr/include/qt/Qt3DAnimation/qkeyframe.h
/usr/bin/qmake -install qinstall /build/qt5-3d/src/kde-qt3d/src/extras/defaults/qspritesheetitem.h /build/qt5-3d/pkg/qt5-3d/usr/include/qt/Qt3DExtras/qspritesheetitem.h
/usr/bin/qmake -install qinstall /build/qt5-3d/src/kde-qt3d/src/extras/geometries/qplanegeometry_p.h /build/qt5-3d/pkg/qt5-3d/usr/include/qt/Qt3DExtras/5.15.18/Qt3DExtras/private/qplanegeometry_p.h
/usr/bin/qmake -install qinstall /build/qt5-3d/src/kde-qt3d/src/animation/backend/handle_types_p.h /build/qt5-3d/pkg/qt5-3d/usr/include/qt/Qt3DAnimation/5.15.18/Qt3DAnimation/private/handle_types_p.h
/usr/bin/qmake -install qinstall /build/qt5-3d/src/build/include/Qt3DAnimation/QKeyframeAnimation /build/qt5-3d/pkg/qt5-3d/usr/include/qt/Qt3DAnimation/QKeyframeAnimation
/usr/bin/qmake -install qinstall /build/qt5-3d/src/build/include/Qt3DExtras/Qt3DWindow /build/qt5-3d/pkg/qt5-3d/usr/include/qt/Qt3DExtras/Qt3DWindow
/usr/bin/qmake -install qinstall /build/qt5-3d/src/kde-qt3d/src/animation/frontend/qkeyframeanimation.h /build/qt5-3d/pkg/qt5-3d/usr/include/qt/Qt3DAnimation/qkeyframeanimation.h
/usr/bin/qmake -install qinstall /build/qt5-3d/src/kde-qt3d/src/extras/defaults/qt3dwindow.h /build/qt5-3d/pkg/qt5-3d/usr/include/qt/Qt3DExtras/qt3dwindow.h
/usr/bin/qmake -install qinstall /build/qt5-3d/src/kde-qt3d/src/extras/geometries/qspheregeometry_p.h /build/qt5-3d/pkg/qt5-3d/usr/include/qt/Qt3DExtras/5.15.18/Qt3DExtras/private/qspheregeometry_p.h
/usr/bin/qmake -install qinstall /build/qt5-3d/src/kde-qt3d/src/animation/backend/handler_p.h /build/qt5-3d/pkg/qt5-3d/usr/include/qt/Qt3DAnimation/5.15.18/Qt3DAnimation/private/handler_p.h
/usr/bin/qmake -install qinstall /build/qt5-3d/src/build/include/Qt3DExtras/QTexturedMetalRoughMaterial /build/qt5-3d/pkg/qt5-3d/usr/include/qt/Qt3DExtras/QTexturedMetalRoughMaterial
/usr/bin/qmake -install qinstall /build/qt5-3d/src/build/include/Qt3DAnimation/QLerpClipBlend /build/qt5-3d/pkg/qt5-3d/usr/include/qt/Qt3DAnimation/QLerpClipBlend
/usr/bin/qmake -install qinstall /build/qt5-3d/src/kde-qt3d/src/animation/frontend/qlerpclipblend.h /build/qt5-3d/pkg/qt5-3d/usr/include/qt/Qt3DAnimation/qlerpclipblend.h
/usr/bin/qmake -install qinstall /build/qt5-3d/src/kde-qt3d/src/extras/geometries/qtorusgeometry_p.h /build/qt5-3d/pkg/qt5-3d/usr/include/qt/Qt3DExtras/5.15.18/Qt3DExtras/private/qtorusgeometry_p.h
/usr/bin/qmake -install qinstall /build/qt5-3d/src/kde-qt3d/src/extras/defaults/qtexturedmetalroughmaterial.h /build/qt5-3d/pkg/qt5-3d/usr/include/qt/Qt3DExtras/qtexturedmetalroughmaterial.h
/usr/bin/qmake -install qinstall /build/qt5-3d/src/kde-qt3d/src/animation/backend/keyframe_p.h /build/qt5-3d/pkg/qt5-3d/usr/include/qt/Qt3DAnimation/5.15.18/Qt3DAnimation/private/keyframe_p.h
/usr/bin/qmake -install qinstall /build/qt5-3d/src/build/include/Qt3DAnimation/QMorphingAnimation /build/qt5-3d/pkg/qt5-3d/usr/include/qt/Qt3DAnimation/QMorphingAnimation
/usr/bin/qmake -install qinstall /build/qt5-3d/src/build/include/Qt3DExtras/QTextureMaterial /build/qt5-3d/pkg/qt5-3d/usr/include/qt/Qt3DExtras/QTextureMaterial
/usr/bin/qmake -install qinstall /build/qt5-3d/src/kde-qt3d/src/extras/text/areaallocator_p.h /build/qt5-3d/pkg/qt5-3d/usr/include/qt/Qt3DExtras/5.15.18/Qt3DExtras/private/areaallocator_p.h
/usr/bin/qmake -install qinstall /build/qt5-3d/src/kde-qt3d/src/animation/frontend/qmorphinganimation.h /build/qt5-3d/pkg/qt5-3d/usr/include/qt/Qt3DAnimation/qmorphinganimation.h
/usr/bin/qmake -install qinstall /build/qt5-3d/src/kde-qt3d/src/extras/defaults/qtexturematerial.h /build/qt5-3d/pkg/qt5-3d/usr/include/qt/Qt3DExtras/qtexturematerial.h
/usr/bin/qmake -install qinstall /build/qt5-3d/src/kde-qt3d/src/animation/backend/lerpclipblend_p.h /build/qt5-3d/pkg/qt5-3d/usr/include/qt/Qt3DAnimation/5.15.18/Qt3DAnimation/private/lerpclipblend_p.h
/usr/bin/qmake -install qinstall /build/qt5-3d/src/build/include/Qt3DExtras/QConeGeometry /build/qt5-3d/pkg/qt5-3d/usr/include/qt/Qt3DExtras/QConeGeometry
/usr/bin/qmake -install qinstall /build/qt5-3d/src/build/include/Qt3DAnimation/QMorphTarget /build/qt5-3d/pkg/qt5-3d/usr/include/qt/Qt3DAnimation/QMorphTarget
/usr/bin/qmake -install qinstall /build/qt5-3d/src/kde-qt3d/src/extras/geometries/qconegeometry.h /build/qt5-3d/pkg/qt5-3d/usr/include/qt/Qt3DExtras/qconegeometry.h
/usr/bin/qmake -install qinstall /build/qt5-3d/src/kde-qt3d/src/animation/frontend/qmorphtarget.h /build/qt5-3d/pkg/qt5-3d/usr/include/qt/Qt3DAnimation/qmorphtarget.h
/usr/bin/qmake -install qinstall /build/qt5-3d/src/kde-qt3d/src/extras/text/distancefieldtextrenderer_p.h /build/qt5-3d/pkg/qt5-3d/usr/include/qt/Qt3DExtras/5.15.18/Qt3DExtras/private/distancefieldtextrenderer_p.h
/usr/bin/qmake -install qinstall /build/qt5-3d/src/kde-qt3d/src/animation/backend/loadanimationclipjob_p.h /build/qt5-3d/pkg/qt5-3d/usr/include/qt/Qt3DAnimation/5.15.18/Qt3DAnimation/private/loadanimationclipjob_p.h
/usr/bin/qmake -install qinstall /build/qt5-3d/src/build/include/Qt3DAnimation/QSkeletonMapping /build/qt5-3d/pkg/qt5-3d/usr/include/qt/Qt3DAnimation/QSkeletonMapping
/usr/bin/qmake -install qinstall /build/qt5-3d/src/build/include/Qt3DExtras/QConeMesh /build/qt5-3d/pkg/qt5-3d/usr/include/qt/Qt3DExtras/QConeMesh
/usr/bin/qmake -install qinstall /build/qt5-3d/src/kde-qt3d/src/extras/geometries/qconemesh.h /build/qt5-3d/pkg/qt5-3d/usr/include/qt/Qt3DExtras/qconemesh.h
/usr/bin/qmake -install qinstall /build/qt5-3d/src/kde-qt3d/src/animation/frontend/qskeletonmapping.h /build/qt5-3d/pkg/qt5-3d/usr/include/qt/Qt3DAnimation/qskeletonmapping.h
/usr/bin/qmake -install qinstall /build/qt5-3d/src/kde-qt3d/src/extras/text/distancefieldtextrenderer_p_p.h /build/qt5-3d/pkg/qt5-3d/usr/include/qt/Qt3DExtras/5.15.18/Qt3DExtras/private/distancefieldtextrenderer_p_p.h
/usr/bin/qmake -install qinstall /build/qt5-3d/src/kde-qt3d/src/animation/backend/managers_p.h /build/qt5-3d/pkg/qt5-3d/usr/include/qt/Qt3DAnimation/5.15.18/Qt3DAnimation/private/managers_p.h
/usr/bin/qmake -install qinstall /build/qt5-3d/src/build/include/Qt3DExtras/QCuboidGeometry /build/qt5-3d/pkg/qt5-3d/usr/include/qt/Qt3DExtras/QCuboidGeometry
/usr/bin/qmake -install qinstall /build/qt5-3d/src/build/include/Qt3DAnimation/QVertexBlendAnimation /build/qt5-3d/pkg/qt5-3d/usr/include/qt/Qt3DAnimation/QVertexBlendAnimation
/usr/bin/qmake -install qinstall /build/qt5-3d/src/kde-qt3d/src/extras/geometries/qcuboidgeometry.h /build/qt5-3d/pkg/qt5-3d/usr/include/qt/Qt3DExtras/qcuboidgeometry.h
/usr/bin/qmake -install qinstall /build/qt5-3d/src/kde-qt3d/src/animation/frontend/qvertexblendanimation.h /build/qt5-3d/pkg/qt5-3d/usr/include/qt/Qt3DAnimation/qvertexblendanimation.h
/usr/bin/qmake -install qinstall /build/qt5-3d/src/kde-qt3d/src/extras/text/qdistancefieldglyphcache_p.h /build/qt5-3d/pkg/qt5-3d/usr/include/qt/Qt3DExtras/5.15.18/Qt3DExtras/private/qdistancefieldglyphcache_p.h
/usr/bin/qmake -install qinstall /build/qt5-3d/src/kde-qt3d/src/animation/backend/nodefunctor_p.h /build/qt5-3d/pkg/qt5-3d/usr/include/qt/Qt3DAnimation/5.15.18/Qt3DAnimation/private/nodefunctor_p.h
make[2]: Entering directory '/build/qt5-3d/src/build/src/quick3d/imports/render'
/usr/bin/qmake -install qinstall /build/qt5-3d/src/build/include/Qt3DExtras/QCuboidMesh /build/qt5-3d/pkg/qt5-3d/usr/include/qt/Qt3DExtras/QCuboidMesh
/usr/bin/qmake -install qinstall /build/qt5-3d/src/build/include/Qt3DAnimation/qt3danimationversion.h /build/qt5-3d/pkg/qt5-3d/usr/include/qt/Qt3DAnimation/qt3danimationversion.h
/usr/bin/qmake -install qinstall /build/qt5-3d/src/build/include/Qt3DAnimation/Qt3DAnimationDepends /build/qt5-3d/pkg/qt5-3d/usr/include/qt/Qt3DAnimation/Qt3DAnimationDepends
/usr/bin/qmake -install qinstall /build/qt5-3d/src/kde-qt3d/src/extras/geometries/qcuboidmesh.h /build/qt5-3d/pkg/qt5-3d/usr/include/qt/Qt3DExtras/qcuboidmesh.h
/usr/bin/qmake -install qinstall -exe ../../../../qml/Qt3D/Render/libquick3drenderplugin.so /build/qt5-3d/pkg/qt5-3d/usr/lib/qt/qml/Qt3D/Render/libquick3drenderplugin.so
/usr/bin/qmake -install qinstall /build/qt5-3d/src/kde-qt3d/src/extras/text/qtext2dentity_p.h /build/qt5-3d/pkg/qt5-3d/usr/include/qt/Qt3DExtras/5.15.18/Qt3DExtras/private/qtext2dentity_p.h
/usr/bin/qmake -install qinstall /build/qt5-3d/src/kde-qt3d/src/quick3d/imports/render/qmldir /build/qt5-3d/pkg/qt5-3d/usr/lib/qt/qml/Qt3D/Render/qmldir
/usr/bin/qmake -install qinstall /build/qt5-3d/src/kde-qt3d/src/quick3d/imports/render/plugins.qmltypes /build/qt5-3d/pkg/qt5-3d/usr/lib/qt/qml/Qt3D/Render/plugins.qmltypes
/usr/bin/qmake -install qinstall /build/qt5-3d/src/kde-qt3d/src/animation/backend/skeleton_p.h /build/qt5-3d/pkg/qt5-3d/usr/include/qt/Qt3DAnimation/5.15.18/Qt3DAnimation/private/skeleton_p.h
/usr/bin/qmake -install qinstall /build/qt5-3d/src/build/include/Qt3DExtras/QCylinderGeometry /build/qt5-3d/pkg/qt5-3d/usr/include/qt/Qt3DExtras/QCylinderGeometry
/usr/bin/qmake -install qinstall /build/qt5-3d/src/build/include/Qt3DAnimation/Qt3DAnimationVersion /build/qt5-3d/pkg/qt5-3d/usr/include/qt/Qt3DAnimation/Qt3DAnimationVersion
/usr/bin/qmake -install qinstall /build/qt5-3d/src/kde-qt3d/src/extras/geometries/qcylindergeometry.h /build/qt5-3d/pkg/qt5-3d/usr/include/qt/Qt3DExtras/qcylindergeometry.h
/usr/bin/qmake -install qinstall /build/qt5-3d/src/kde-qt3d/src/extras/text/qtext2dmaterial_p.h /build/qt5-3d/pkg/qt5-3d/usr/include/qt/Qt3DExtras/5.15.18/Qt3DExtras/private/qtext2dmaterial_p.h
/usr/bin/qmake -install qinstall /build/qt5-3d/src/kde-qt3d/src/animation/frontend/qabstractanimation_p.h /build/qt5-3d/pkg/qt5-3d/usr/include/qt/Qt3DAnimation/5.15.18/Qt3DAnimation/private/qabstractanimation_p.h
make[2]: Leaving directory '/build/qt5-3d/src/build/src/quick3d/imports/render'
/usr/bin/qmake -install qinstall /build/qt5-3d/src/build/include/Qt3DAnimation/Qt3DAnimation /build/qt5-3d/pkg/qt5-3d/usr/include/qt/Qt3DAnimation/Qt3DAnimation
/usr/bin/qmake -install qinstall /build/qt5-3d/src/build/include/Qt3DExtras/QCylinderMesh /build/qt5-3d/pkg/qt5-3d/usr/include/qt/Qt3DExtras/QCylinderMesh
/usr/bin/qmake -install qinstall /build/qt5-3d/src/kde-qt3d/src/extras/text/qtext2dmaterial_p_p.h /build/qt5-3d/pkg/qt5-3d/usr/include/qt/Qt3DExtras/5.15.18/Qt3DExtras/private/qtext2dmaterial_p_p.h
/usr/bin/qmake -install qinstall /build/qt5-3d/src/kde-qt3d/src/extras/geometries/qcylindermesh.h /build/qt5-3d/pkg/qt5-3d/usr/include/qt/Qt3DExtras/qcylindermesh.h
/usr/bin/qmake -install qinstall /build/qt5-3d/src/kde-qt3d/src/animation/frontend/qabstractanimationclip_p.h /build/qt5-3d/pkg/qt5-3d/usr/include/qt/Qt3DAnimation/5.15.18/Qt3DAnimation/private/qabstractanimationclip_p.h
/usr/bin/qmake -install qinstall /build/qt5-3d/src/build/include/Qt3DExtras/QPlaneGeometry /build/qt5-3d/pkg/qt5-3d/usr/include/qt/Qt3DExtras/QPlaneGeometry
/usr/bin/qmake -install qinstall /build/qt5-3d/src/kde-qt3d/src/extras/text/qtextureatlas_p.h /build/qt5-3d/pkg/qt5-3d/usr/include/qt/Qt3DExtras/5.15.18/Qt3DExtras/private/qtextureatlas_p.h
/usr/bin/qmake -install qinstall /build/qt5-3d/src/kde-qt3d/src/extras/geometries/qplanegeometry.h /build/qt5-3d/pkg/qt5-3d/usr/include/qt/Qt3DExtras/qplanegeometry.h
/usr/bin/qmake -install qinstall /build/qt5-3d/src/kde-qt3d/src/animation/frontend/qabstractchannelmapping_p.h /build/qt5-3d/pkg/qt5-3d/usr/include/qt/Qt3DAnimation/5.15.18/Qt3DAnimation/private/qabstractchannelmapping_p.h
/usr/bin/qmake -install qinstall /build/qt5-3d/src/build/include/Qt3DExtras/QPlaneMesh /build/qt5-3d/pkg/qt5-3d/usr/include/qt/Qt3DExtras/QPlaneMesh
/usr/bin/qmake -install qinstall /build/qt5-3d/src/kde-qt3d/src/extras/text/qtextureatlas_p_p.h /build/qt5-3d/pkg/qt5-3d/usr/include/qt/Qt3DExtras/5.15.18/Qt3DExtras/private/qtextureatlas_p_p.h
/usr/bin/qmake -install qinstall /build/qt5-3d/src/kde-qt3d/src/extras/geometries/qplanemesh.h /build/qt5-3d/pkg/qt5-3d/usr/include/qt/Qt3DExtras/qplanemesh.h
/usr/bin/qmake -install qinstall /build/qt5-3d/src/kde-qt3d/src/animation/frontend/qabstractclipanimator_p.h /build/qt5-3d/pkg/qt5-3d/usr/include/qt/Qt3DAnimation/5.15.18/Qt3DAnimation/private/qabstractclipanimator_p.h
/usr/bin/qmake -install qinstall /build/qt5-3d/src/build/include/Qt3DExtras/QSphereGeometry /build/qt5-3d/pkg/qt5-3d/usr/include/qt/Qt3DExtras/QSphereGeometry
/usr/bin/qmake -install qinstall /build/qt5-3d/src/kde-qt3d/src/extras/geometries/qspheregeometry.h /build/qt5-3d/pkg/qt5-3d/usr/include/qt/Qt3DExtras/qspheregeometry.h
/usr/bin/qmake -install qinstall /build/qt5-3d/src/kde-qt3d/src/animation/frontend/qabstractclipblendnode_p.h /build/qt5-3d/pkg/qt5-3d/usr/include/qt/Qt3DAnimation/5.15.18/Qt3DAnimation/private/qabstractclipblendnode_p.h
/usr/bin/qmake -install qinstall /build/qt5-3d/src/build/include/Qt3DExtras/QSphereMesh /build/qt5-3d/pkg/qt5-3d/usr/include/qt/Qt3DExtras/QSphereMesh
/usr/bin/qmake -install qinstall /build/qt5-3d/src/kde-qt3d/src/extras/geometries/qspheremesh.h /build/qt5-3d/pkg/qt5-3d/usr/include/qt/Qt3DExtras/qspheremesh.h
/usr/bin/qmake -install qinstall /build/qt5-3d/src/kde-qt3d/src/animation/frontend/qadditiveclipblend_p.h /build/qt5-3d/pkg/qt5-3d/usr/include/qt/Qt3DAnimation/5.15.18/Qt3DAnimation/private/qadditiveclipblend_p.h
/usr/bin/qmake -install qinstall /build/qt5-3d/src/build/include/Qt3DExtras/QTorusGeometry /build/qt5-3d/pkg/qt5-3d/usr/include/qt/Qt3DExtras/QTorusGeometry
/usr/bin/qmake -install qinstall /build/qt5-3d/src/kde-qt3d/src/extras/geometries/qtorusgeometry.h /build/qt5-3d/pkg/qt5-3d/usr/include/qt/Qt3DExtras/qtorusgeometry.h
/usr/bin/qmake -install qinstall /build/qt5-3d/src/kde-qt3d/src/animation/frontend/qanimationaspect_p.h /build/qt5-3d/pkg/qt5-3d/usr/include/qt/Qt3DAnimation/5.15.18/Qt3DAnimation/private/qanimationaspect_p.h
/usr/bin/qmake -install qinstall /build/qt5-3d/src/build/include/Qt3DExtras/QTorusMesh /build/qt5-3d/pkg/qt5-3d/usr/include/qt/Qt3DExtras/QTorusMesh
/usr/bin/qmake -install qinstall /build/qt5-3d/src/kde-qt3d/src/extras/geometries/qtorusmesh.h /build/qt5-3d/pkg/qt5-3d/usr/include/qt/Qt3DExtras/qtorusmesh.h
/usr/bin/qmake -install qinstall /build/qt5-3d/src/kde-qt3d/src/animation/frontend/qanimationcallbacktrigger_p.h /build/qt5-3d/pkg/qt5-3d/usr/include/qt/Qt3DAnimation/5.15.18/Qt3DAnimation/private/qanimationcallbacktrigger_p.h
/usr/bin/qmake -install qinstall /build/qt5-3d/src/build/include/Qt3DExtras/QText2DEntity /build/qt5-3d/pkg/qt5-3d/usr/include/qt/Qt3DExtras/QText2DEntity
/usr/bin/qmake -install qinstall /build/qt5-3d/src/kde-qt3d/src/extras/text/qtext2dentity.h /build/qt5-3d/pkg/qt5-3d/usr/include/qt/Qt3DExtras/qtext2dentity.h
/usr/bin/qmake -install qinstall /build/qt5-3d/src/kde-qt3d/src/animation/frontend/qanimationclip_p.h /build/qt5-3d/pkg/qt5-3d/usr/include/qt/Qt3DAnimation/5.15.18/Qt3DAnimation/private/qanimationclip_p.h
/usr/bin/qmake -install qinstall /build/qt5-3d/src/build/include/Qt3DExtras/qt3dextrasversion.h /build/qt5-3d/pkg/qt5-3d/usr/include/qt/Qt3DExtras/qt3dextrasversion.h
/usr/bin/qmake -install qinstall /build/qt5-3d/src/build/include/Qt3DExtras/Qt3DExtrasDepends /build/qt5-3d/pkg/qt5-3d/usr/include/qt/Qt3DExtras/Qt3DExtrasDepends
/usr/bin/qmake -install qinstall /build/qt5-3d/src/kde-qt3d/src/animation/frontend/qanimationcliploader_p.h /build/qt5-3d/pkg/qt5-3d/usr/include/qt/Qt3DAnimation/5.15.18/Qt3DAnimation/private/qanimationcliploader_p.h
/usr/bin/qmake -install qinstall /build/qt5-3d/src/build/include/Qt3DExtras/Qt3DExtrasVersion /build/qt5-3d/pkg/qt5-3d/usr/include/qt/Qt3DExtras/Qt3DExtrasVersion
/usr/bin/qmake -install qinstall /build/qt5-3d/src/kde-qt3d/src/animation/frontend/qanimationcontroller_p.h /build/qt5-3d/pkg/qt5-3d/usr/include/qt/Qt3DAnimation/5.15.18/Qt3DAnimation/private/qanimationcontroller_p.h
/usr/bin/qmake -install qinstall /build/qt5-3d/src/build/include/Qt3DExtras/Qt3DExtras /build/qt5-3d/pkg/qt5-3d/usr/include/qt/Qt3DExtras/Qt3DExtras
/usr/bin/qmake -install qinstall /build/qt5-3d/src/kde-qt3d/src/animation/frontend/qanimationgroup_p.h /build/qt5-3d/pkg/qt5-3d/usr/include/qt/Qt3DAnimation/5.15.18/Qt3DAnimation/private/qanimationgroup_p.h
make[2]: Leaving directory '/build/qt5-3d/src/build/src/extras'
/usr/bin/qmake -install qinstall /build/qt5-3d/src/kde-qt3d/src/animation/frontend/qblendedclipanimator_p.h /build/qt5-3d/pkg/qt5-3d/usr/include/qt/Qt3DAnimation/5.15.18/Qt3DAnimation/private/qblendedclipanimator_p.h
cd plugins/renderplugins/ && ( test -e Makefile || /usr/bin/qmake -o Makefile /build/qt5-3d/src/kde-qt3d/src/plugins/renderplugins/renderplugins.pro ) && make -f Makefile install
cd plugins/geometryloaders/ && ( test -e Makefile || /usr/bin/qmake -o Makefile /build/qt5-3d/src/kde-qt3d/src/plugins/geometryloaders/geometryloaders.pro ) && make -f Makefile install
cd quick3d/quick3dextras/ && ( test -e Makefile || /usr/bin/qmake -o Makefile /build/qt5-3d/src/kde-qt3d/src/quick3d/quick3dextras/quick3dextras.pro ) && make -f Makefile install
/usr/bin/qmake -install qinstall /build/qt5-3d/src/kde-qt3d/src/animation/frontend/qcallbackmapping_p.h /build/qt5-3d/pkg/qt5-3d/usr/include/qt/Qt3DAnimation/5.15.18/Qt3DAnimation/private/qcallbackmapping_p.h
/usr/bin/qmake -install qinstall /build/qt5-3d/src/kde-qt3d/src/animation/frontend/qchannelmapper_p.h /build/qt5-3d/pkg/qt5-3d/usr/include/qt/Qt3DAnimation/5.15.18/Qt3DAnimation/private/qchannelmapper_p.h
/usr/bin/qmake -install qinstall /build/qt5-3d/src/kde-qt3d/src/animation/frontend/qchannelmapping_p.h /build/qt5-3d/pkg/qt5-3d/usr/include/qt/Qt3DAnimation/5.15.18/Qt3DAnimation/private/qchannelmapping_p.h
/usr/bin/qmake -install qinstall /build/qt5-3d/src/kde-qt3d/src/animation/frontend/qchannelmappingcreatedchange_p.h /build/qt5-3d/pkg/qt5-3d/usr/include/qt/Qt3DAnimation/5.15.18/Qt3DAnimation/private/qchannelmappingcreatedchange_p.h
/usr/bin/qmake -install qinstall /build/qt5-3d/src/kde-qt3d/src/animation/frontend/qchannelmappingcreatedchange_p_p.h /build/qt5-3d/pkg/qt5-3d/usr/include/qt/Qt3DAnimation/5.15.18/Qt3DAnimation/private/qchannelmappingcreatedchange_p_p.h
/usr/bin/qmake -install qinstall /build/qt5-3d/src/kde-qt3d/src/animation/frontend/qclipanimator_p.h /build/qt5-3d/pkg/qt5-3d/usr/include/qt/Qt3DAnimation/5.15.18/Qt3DAnimation/private/qclipanimator_p.h
/usr/bin/qmake -install qinstall /build/qt5-3d/src/kde-qt3d/src/animation/frontend/qclipblendnodecreatedchange_p.h /build/qt5-3d/pkg/qt5-3d/usr/include/qt/Qt3DAnimation/5.15.18/Qt3DAnimation/private/qclipblendnodecreatedchange_p.h
make[2]: Entering directory '/build/qt5-3d/src/build/src/plugins/renderplugins'
make[2]: Entering directory '/build/qt5-3d/src/build/src/plugins/geometryloaders'
cd scene2d/ && ( test -e Makefile || /usr/bin/qmake -o Makefile /build/qt5-3d/src/kde-qt3d/src/plugins/renderplugins/scene2d/scene2d.pro ) && make -f Makefile install
/usr/bin/qmake -install qinstall /build/qt5-3d/src/kde-qt3d/src/animation/frontend/qclipblendvalue_p.h /build/qt5-3d/pkg/qt5-3d/usr/include/qt/Qt3DAnimation/5.15.18/Qt3DAnimation/private/qclipblendvalue_p.h
cd default/ && ( test -e Makefile || /usr/bin/qmake -o Makefile /build/qt5-3d/src/kde-qt3d/src/plugins/geometryloaders/default/default.pro ) && make -f Makefile install
cd gltf/ && ( test -e Makefile || /usr/bin/qmake -o Makefile /build/qt5-3d/src/kde-qt3d/src/plugins/geometryloaders/gltf/gltf.pro ) && make -f Makefile install
/usr/bin/qmake -install qinstall /build/qt5-3d/src/kde-qt3d/src/animation/frontend/qclock_p.h /build/qt5-3d/pkg/qt5-3d/usr/include/qt/Qt3DAnimation/5.15.18/Qt3DAnimation/private/qclock_p.h
/usr/bin/qmake -install qinstall /build/qt5-3d/src/kde-qt3d/src/animation/frontend/qkeyframeanimation_p.h /build/qt5-3d/pkg/qt5-3d/usr/include/qt/Qt3DAnimation/5.15.18/Qt3DAnimation/private/qkeyframeanimation_p.h
/usr/bin/qmake -install qinstall /build/qt5-3d/src/kde-qt3d/src/animation/frontend/qlerpclipblend_p.h /build/qt5-3d/pkg/qt5-3d/usr/include/qt/Qt3DAnimation/5.15.18/Qt3DAnimation/private/qlerpclipblend_p.h
make[2]: Entering directory '/build/qt5-3d/src/build/src/quick3d/quick3dextras'
/usr/bin/qmake -install qinstall /build/qt5-3d/src/kde-qt3d/src/animation/frontend/qmorphinganimation_p.h /build/qt5-3d/pkg/qt5-3d/usr/include/qt/Qt3DAnimation/5.15.18/Qt3DAnimation/private/qmorphinganimation_p.h
/usr/bin/qmake -install qinstall -exe ../../../lib/libQt53DQuickExtras.so.5.15.18 /build/qt5-3d/pkg/qt5-3d/usr/lib/libQt53DQuickExtras.so.5.15.18
/usr/bin/qmake -install qinstall /build/qt5-3d/src/build/include/Qt3DQuickExtras/Qt3DQuickWindow /build/qt5-3d/pkg/qt5-3d/usr/include/qt/Qt3DQuickExtras/Qt3DQuickWindow
/usr/bin/qmake -install qinstall /build/qt5-3d/src/build/mkspecs/modules-inst/qt_lib_3dquickextras.pri /build/qt5-3d/pkg/qt5-3d/usr/lib/qt/mkspecs/modules/qt_lib_3dquickextras.pri
/usr/bin/qmake -install qinstall /build/qt5-3d/src/build/mkspecs/modules-inst/qt_lib_3dquickextras_private.pri /build/qt5-3d/pkg/qt5-3d/usr/lib/qt/mkspecs/modules/qt_lib_3dquickextras_private.pri
/usr/bin/qmake -install qinstall /build/qt5-3d/src/kde-qt3d/src/quick3d/quick3dextras/qt3dquickextras_global_p.h /build/qt5-3d/pkg/qt5-3d/usr/include/qt/Qt3DQuickExtras/5.15.18/Qt3DQuickExtras/private/qt3dquickextras_global_p.h
/usr/bin/qmake -install qinstall /build/qt5-3d/src/kde-qt3d/src/quick3d/quick3dextras/qt3dquickextras_global.h /build/qt5-3d/pkg/qt5-3d/usr/include/qt/Qt3DQuickExtras/qt3dquickextras_global.h
/usr/bin/qmake -install qinstall /build/qt5-3d/src/kde-qt3d/src/animation/frontend/qmorphtarget_p.h /build/qt5-3d/pkg/qt5-3d/usr/include/qt/Qt3DAnimation/5.15.18/Qt3DAnimation/private/qmorphtarget_p.h
/usr/bin/qmake -install qinstall /build/qt5-3d/src/build/lib/cmake/Qt53DQuickExtras/Qt53DQuickExtrasConfig.cmake /build/qt5-3d/pkg/qt5-3d/usr/lib/cmake/Qt53DQuickExtras/Qt53DQuickExtrasConfig.cmake
ln -f -s libQt53DQuickExtras.so.5.15.18 /build/qt5-3d/pkg/qt5-3d/usr/lib/libQt53DQuickExtras.so
ln -f -s libQt53DQuickExtras.so.5.15.18 /build/qt5-3d/pkg/qt5-3d/usr/lib/libQt53DQuickExtras.so.5
ln -f -s libQt53DQuickExtras.so.5.15.18 /build/qt5-3d/pkg/qt5-3d/usr/lib/libQt53DQuickExtras.so.5.15
/usr/bin/qmake -install qinstall /build/qt5-3d/src/kde-qt3d/src/quick3d/quick3dextras/qt3dquickextrasnodefactory_p.h /build/qt5-3d/pkg/qt5-3d/usr/include/qt/Qt3DQuickExtras/5.15.18/Qt3DQuickExtras/private/qt3dquickextrasnodefactory_p.h
/usr/bin/qmake -install qinstall /build/qt5-3d/src/build/include/Qt3DQuickExtras/qt3dquickextrasversion.h /build/qt5-3d/pkg/qt5-3d/usr/include/qt/Qt3DQuickExtras/qt3dquickextrasversion.h
/usr/bin/qmake -install qinstall /build/qt5-3d/src/kde-qt3d/src/animation/frontend/qskeletonmapping_p.h /build/qt5-3d/pkg/qt5-3d/usr/include/qt/Qt3DAnimation/5.15.18/Qt3DAnimation/private/qskeletonmapping_p.h
/usr/bin/qmake -install qinstall /build/qt5-3d/src/kde-qt3d/src/quick3d/quick3dextras/qt3dquickwindow.h /build/qt5-3d/pkg/qt5-3d/usr/include/qt/Qt3DQuickExtras/qt3dquickwindow.h
/usr/bin/qmake -install qinstall /build/qt5-3d/src/build/lib/cmake/Qt53DQuickExtras/Qt53DQuickExtrasConfigVersion.cmake /build/qt5-3d/pkg/qt5-3d/usr/lib/cmake/Qt53DQuickExtras/Qt53DQuickExtrasConfigVersion.cmake
sed  -e 's,/build/qt5-3d/src/build/lib/,$$[QT_INSTALL_LIBS]/,g' -e 's,[^ '\'']*/build/qt5-3d/src/build/lib,,g' -e 's,/usr/lib,$$[QT_INSTALL_LIBS],g' ../../../lib/libQt53DQuickExtras.prl > /build/qt5-3d/pkg/qt5-3d/usr/lib/libQt53DQuickExtras.prl
/usr/bin/qmake -install qinstall /build/qt5-3d/src/kde-qt3d/src/quick3d/quick3dextras/qt3dquickwindow_p.h /build/qt5-3d/pkg/qt5-3d/usr/include/qt/Qt3DQuickExtras/5.15.18/Qt3DQuickExtras/private/qt3dquickwindow_p.h
/usr/bin/qmake -install qinstall /build/qt5-3d/src/kde-qt3d/src/animation/frontend/qvertexblendanimation_p.h /build/qt5-3d/pkg/qt5-3d/usr/include/qt/Qt3DAnimation/5.15.18/Qt3DAnimation/private/qvertexblendanimation_p.h
/usr/bin/qmake -install qinstall /build/qt5-3d/src/build/include/Qt3DQuickExtras/Qt3DQuickExtrasDepends /build/qt5-3d/pkg/qt5-3d/usr/include/qt/Qt3DQuickExtras/Qt3DQuickExtrasDepends
/usr/bin/qmake -install qinstall /build/qt5-3d/src/build/include/Qt3DQuickExtras/Qt3DQuickExtrasVersion /build/qt5-3d/pkg/qt5-3d/usr/include/qt/Qt3DQuickExtras/Qt3DQuickExtrasVersion
sed  -e s,/build/qt5-3d/src/build/lib/,=/usr/lib/,g -e 's,[^ '\'']*/build/qt5-3d/src/build/lib,,g' ../../../lib/libQt53DQuickExtras.la > /build/qt5-3d/pkg/qt5-3d/usr/lib/libQt53DQuickExtras.la
/usr/bin/qmake -install qinstall /build/qt5-3d/src/kde-qt3d/src/quick3d/quick3dextras/qt3dquickwindowlogging_p.h /build/qt5-3d/pkg/qt5-3d/usr/include/qt/Qt3DQuickExtras/5.15.18/Qt3DQuickExtras/private/qt3dquickwindowlogging_p.h
make[2]: Leaving directory '/build/qt5-3d/src/build/src/animation'
/usr/bin/qmake -install qinstall /build/qt5-3d/src/build/include/Qt3DQuickExtras/Qt3DQuickExtras /build/qt5-3d/pkg/qt5-3d/usr/include/qt/Qt3DQuickExtras/Qt3DQuickExtras
cd doc/ && ( test -e Makefile || /usr/bin/qmake -o Makefile /build/qt5-3d/src/kde-qt3d/src/doc/doc.pro ) && make -f Makefile install
cd plugins/sceneparsers/ && ( test -e Makefile || /usr/bin/qmake -o Makefile /build/qt5-3d/src/kde-qt3d/src/plugins/sceneparsers/sceneparsers.pro ) && make -f Makefile install
/usr/bin/qmake -install qinstall /build/qt5-3d/src/kde-qt3d/src/quick3d/quick3dextras/items/quick3dlevelofdetailloader_p.h /build/qt5-3d/pkg/qt5-3d/usr/include/qt/Qt3DQuickExtras/5.15.18/Qt3DQuickExtras/private/quick3dlevelofdetailloader_p.h
sed  -e s,/build/qt5-3d/src/build/lib/,/usr/lib/,g -e 's,[^ '\'']*/build/qt5-3d/src/build/lib,,g' ../../../lib/pkgconfig/Qt53DQuickExtras.pc > /build/qt5-3d/pkg/qt5-3d/usr/lib/pkgconfig/Qt53DQuickExtras.pc
cd quick3d/imports/scene3d/ && ( test -e Makefile.importsscene3d || /usr/bin/qmake -o Makefile.importsscene3d /build/qt5-3d/src/kde-qt3d/src/quick3d/imports/scene3d/importsscene3d.pro ) && make -f Makefile.importsscene3d install
cd quick3d/quick3danimation/ && ( test -e Makefile || /usr/bin/qmake -o Makefile /build/qt5-3d/src/kde-qt3d/src/quick3d/quick3danimation/quick3danimation.pro ) && make -f Makefile install
/usr/bin/qmake -install qinstall /build/qt5-3d/src/kde-qt3d/src/quick3d/quick3dextras/items/quick3dlevelofdetailloader_p_p.h /build/qt5-3d/pkg/qt5-3d/usr/include/qt/Qt3DQuickExtras/5.15.18/Qt3DQuickExtras/private/quick3dlevelofdetailloader_p_p.h
make[3]: Entering directory '/build/qt5-3d/src/build/src/plugins/geometryloaders/default'
make[3]: Entering directory '/build/qt5-3d/src/build/src/plugins/geometryloaders/gltf'
/usr/bin/qmake -install qinstall /build/qt5-3d/src/kde-qt3d/src/quick3d/quick3dextras/items/quick3dspritesheet_p.h /build/qt5-3d/pkg/qt5-3d/usr/include/qt/Qt3DQuickExtras/5.15.18/Qt3DQuickExtras/private/quick3dspritesheet_p.h
/usr/bin/qmake -install qinstall /build/qt5-3d/src/build/lib/cmake/Qt53DRender/Qt53DRender_DefaultGeometryLoaderPlugin.cmake /build/qt5-3d/pkg/qt5-3d/usr/lib/cmake/Qt53DRender/Qt53DRender_DefaultGeometryLoaderPlugin.cmake
/usr/bin/qmake -install qinstall /build/qt5-3d/src/build/lib/cmake/Qt53DRender/Qt53DRender_GLTFGeometryLoaderPlugin.cmake /build/qt5-3d/pkg/qt5-3d/usr/lib/cmake/Qt53DRender/Qt53DRender_GLTFGeometryLoaderPlugin.cmake
/usr/bin/qmake -install qinstall -exe ../../../../plugins/geometryloaders/libdefaultgeometryloader.so /build/qt5-3d/pkg/qt5-3d/usr/lib/qt/plugins/geometryloaders/libdefaultgeometryloader.so
/usr/bin/qmake -install qinstall -exe ../../../../plugins/geometryloaders/libgltfgeometryloader.so /build/qt5-3d/pkg/qt5-3d/usr/lib/qt/plugins/geometryloaders/libgltfgeometryloader.so
make[2]: Leaving directory '/build/qt5-3d/src/build/src/quick3d/quick3dextras'
cd quick3d/imports/extras/ && ( test -e Makefile.importsextras || /usr/bin/qmake -o Makefile.importsextras /build/qt5-3d/src/kde-qt3d/src/quick3d/imports/extras/importsextras.pro ) && make -f Makefile.importsextras install
make[3]: Entering directory '/build/qt5-3d/src/build/src/plugins/renderplugins/scene2d'
make[3]: Leaving directory '/build/qt5-3d/src/build/src/plugins/geometryloaders/gltf'
/usr/bin/qmake -install qinstall /build/qt5-3d/src/build/lib/cmake/Qt53DRender/Qt53DRender_Scene2DPlugin.cmake /build/qt5-3d/pkg/qt5-3d/usr/lib/cmake/Qt53DRender/Qt53DRender_Scene2DPlugin.cmake
/usr/bin/qmake -install qinstall -exe ../../../../plugins/renderplugins/libscene2d.so /build/qt5-3d/pkg/qt5-3d/usr/lib/qt/plugins/renderplugins/libscene2d.so
make[3]: Leaving directory '/build/qt5-3d/src/build/src/plugins/geometryloaders/default'
make[2]: Leaving directory '/build/qt5-3d/src/build/src/plugins/geometryloaders'
make[3]: Leaving directory '/build/qt5-3d/src/build/src/plugins/renderplugins/scene2d'
make[2]: Leaving directory '/build/qt5-3d/src/build/src/plugins/renderplugins'
make[2]: Entering directory '/build/qt5-3d/src/build/src/plugins/sceneparsers'
make[2]: Entering directory '/build/qt5-3d/src/build/src/doc'
make[2]: Nothing to be done for 'install'.
make[2]: Leaving directory '/build/qt5-3d/src/build/src/doc'
cd assimp/ && ( test -e Makefile || /usr/bin/qmake -o Makefile /build/qt5-3d/src/kde-qt3d/src/plugins/sceneparsers/assimp/assimp.pro ) && make -f Makefile install
cd gltf/ && ( test -e Makefile || /usr/bin/qmake -o Makefile /build/qt5-3d/src/kde-qt3d/src/plugins/sceneparsers/gltf/gltf.pro ) && make -f Makefile install
cd gltfexport/ && ( test -e Makefile || /usr/bin/qmake -o Makefile /build/qt5-3d/src/kde-qt3d/src/plugins/sceneparsers/gltfexport/gltfexport.pro ) && make -f Makefile install
make[2]: Entering directory '/build/qt5-3d/src/build/src/quick3d/quick3danimation'
/usr/bin/qmake -install qinstall -exe ../../../lib/libQt53DQuickAnimation.so.5.15.18 /build/qt5-3d/pkg/qt5-3d/usr/lib/libQt53DQuickAnimation.so.5.15.18
/usr/bin/qmake -install qinstall /build/qt5-3d/src/build/include/Qt3DQuickAnimation/qt3dquickanimationversion.h /build/qt5-3d/pkg/qt5-3d/usr/include/qt/Qt3DQuickAnimation/qt3dquickanimationversion.h
/usr/bin/qmake -install qinstall /build/qt5-3d/src/build/mkspecs/modules-inst/qt_lib_3dquickanimation.pri /build/qt5-3d/pkg/qt5-3d/usr/lib/qt/mkspecs/modules/qt_lib_3dquickanimation.pri
/usr/bin/qmake -install qinstall /build/qt5-3d/src/kde-qt3d/src/quick3d/quick3danimation/qt3dquickanimation_global.h /build/qt5-3d/pkg/qt5-3d/usr/include/qt/Qt3DQuickAnimation/qt3dquickanimation_global.h
/usr/bin/qmake -install qinstall /build/qt5-3d/src/build/mkspecs/modules-inst/qt_lib_3dquickanimation_private.pri /build/qt5-3d/pkg/qt5-3d/usr/lib/qt/mkspecs/modules/qt_lib_3dquickanimation_private.pri
/usr/bin/qmake -install qinstall /build/qt5-3d/src/kde-qt3d/src/quick3d/quick3danimation/qt3dquickanimation_global_p.h /build/qt5-3d/pkg/qt5-3d/usr/include/qt/Qt3DQuickAnimation/5.15.18/Qt3DQuickAnimation/private/qt3dquickanimation_global_p.h
/usr/bin/qmake -install qinstall /build/qt5-3d/src/build/lib/cmake/Qt53DQuickAnimation/Qt53DQuickAnimationConfig.cmake /build/qt5-3d/pkg/qt5-3d/usr/lib/cmake/Qt53DQuickAnimation/Qt53DQuickAnimationConfig.cmake
make[2]: Entering directory '/build/qt5-3d/src/build/src/quick3d/imports/scene3d'
/usr/bin/qmake -install qinstall -exe ../../../../qml/QtQuick/Scene3D/libqtquickscene3dplugin.so /build/qt5-3d/pkg/qt5-3d/usr/lib/qt/qml/QtQuick/Scene3D/libqtquickscene3dplugin.so
/usr/bin/qmake -install qinstall /build/qt5-3d/src/build/include/Qt3DQuickAnimation/Qt3DQuickAnimationVersion /build/qt5-3d/pkg/qt5-3d/usr/include/qt/Qt3DQuickAnimation/Qt3DQuickAnimationVersion
ln -f -s libQt53DQuickAnimation.so.5.15.18 /build/qt5-3d/pkg/qt5-3d/usr/lib/libQt53DQuickAnimation.so
/usr/bin/qmake -install qinstall /build/qt5-3d/src/kde-qt3d/src/quick3d/imports/scene3d/plugins.qmltypes /build/qt5-3d/pkg/qt5-3d/usr/lib/qt/qml/QtQuick/Scene3D/plugins.qmltypes
/usr/bin/qmake -install qinstall /build/qt5-3d/src/kde-qt3d/src/quick3d/imports/scene3d/qmldir /build/qt5-3d/pkg/qt5-3d/usr/lib/qt/qml/QtQuick/Scene3D/qmldir
ln -f -s libQt53DQuickAnimation.so.5.15.18 /build/qt5-3d/pkg/qt5-3d/usr/lib/libQt53DQuickAnimation.so.5
/usr/bin/qmake -install qinstall /build/qt5-3d/src/build/include/Qt3DQuickAnimation/Qt3DQuickAnimationDepends /build/qt5-3d/pkg/qt5-3d/usr/include/qt/Qt3DQuickAnimation/Qt3DQuickAnimationDepends
/usr/bin/qmake -install qinstall /build/qt5-3d/src/kde-qt3d/src/quick3d/quick3danimation/qt3dquickanimationnodefactory_p.h /build/qt5-3d/pkg/qt5-3d/usr/include/qt/Qt3DQuickAnimation/5.15.18/Qt3DQuickAnimation/private/qt3dquickanimationnodefactory_p.h
/usr/bin/qmake -install qinstall /build/qt5-3d/src/build/lib/cmake/Qt53DQuickAnimation/Qt53DQuickAnimationConfigVersion.cmake /build/qt5-3d/pkg/qt5-3d/usr/lib/cmake/Qt53DQuickAnimation/Qt53DQuickAnimationConfigVersion.cmake
ln -f -s libQt53DQuickAnimation.so.5.15.18 /build/qt5-3d/pkg/qt5-3d/usr/lib/libQt53DQuickAnimation.so.5.15
make[2]: Entering directory '/build/qt5-3d/src/build/src/quick3d/imports/extras'
sed  -e 's,/build/qt5-3d/src/build/lib/,$$[QT_INSTALL_LIBS]/,g' -e 's,[^ '\'']*/build/qt5-3d/src/build/lib,,g' -e 's,/usr/lib,$$[QT_INSTALL_LIBS],g' ../../../lib/libQt53DQuickAnimation.prl > /build/qt5-3d/pkg/qt5-3d/usr/lib/libQt53DQuickAnimation.prl
/usr/bin/qmake -install qinstall -exe ../../../../qml/Qt3D/Extras/libquick3dextrasplugin.so /build/qt5-3d/pkg/qt5-3d/usr/lib/qt/qml/Qt3D/Extras/libquick3dextrasplugin.so
/usr/bin/qmake -install qinstall /build/qt5-3d/src/kde-qt3d/src/quick3d/imports/extras/qmldir /build/qt5-3d/pkg/qt5-3d/usr/lib/qt/qml/Qt3D/Extras/qmldir
/usr/bin/qmake -install qinstall /build/qt5-3d/src/build/include/Qt3DQuickAnimation/Qt3DQuickAnimation /build/qt5-3d/pkg/qt5-3d/usr/include/qt/Qt3DQuickAnimation/Qt3DQuickAnimation
/usr/bin/qmake -install qinstall /build/qt5-3d/src/kde-qt3d/src/quick3d/imports/extras/plugins.qmltypes /build/qt5-3d/pkg/qt5-3d/usr/lib/qt/qml/Qt3D/Extras/plugins.qmltypes
sed  -e s,/build/qt5-3d/src/build/lib/,=/usr/lib/,g -e 's,[^ '\'']*/build/qt5-3d/src/build/lib,,g' ../../../lib/libQt53DQuickAnimation.la > /build/qt5-3d/pkg/qt5-3d/usr/lib/libQt53DQuickAnimation.la
/usr/bin/qmake -install qinstall /build/qt5-3d/src/kde-qt3d/src/quick3d/quick3danimation/items/quick3danimationcontroller_p.h /build/qt5-3d/pkg/qt5-3d/usr/include/qt/Qt3DQuickAnimation/5.15.18/Qt3DQuickAnimation/private/quick3danimationcontroller_p.h
make[2]: Leaving directory '/build/qt5-3d/src/build/src/quick3d/imports/scene3d'
sed  -e s,/build/qt5-3d/src/build/lib/,/usr/lib/,g -e 's,[^ '\'']*/build/qt5-3d/src/build/lib,,g' ../../../lib/pkgconfig/Qt53DQuickAnimation.pc > /build/qt5-3d/pkg/qt5-3d/usr/lib/pkgconfig/Qt53DQuickAnimation.pc
make[2]: Leaving directory '/build/qt5-3d/src/build/src/quick3d/imports/extras'
/usr/bin/qmake -install qinstall /build/qt5-3d/src/kde-qt3d/src/quick3d/quick3danimation/items/quick3danimationgroup_p.h /build/qt5-3d/pkg/qt5-3d/usr/include/qt/Qt3DQuickAnimation/5.15.18/Qt3DQuickAnimation/private/quick3danimationgroup_p.h
/usr/bin/qmake -install qinstall /build/qt5-3d/src/kde-qt3d/src/quick3d/quick3danimation/items/quick3dchannelmapper_p.h /build/qt5-3d/pkg/qt5-3d/usr/include/qt/Qt3DQuickAnimation/5.15.18/Qt3DQuickAnimation/private/quick3dchannelmapper_p.h
make[3]: Entering directory '/build/qt5-3d/src/build/src/plugins/sceneparsers/assimp'
/usr/bin/qmake -install qinstall /build/qt5-3d/src/build/lib/cmake/Qt53DRender/Qt53DRender_AssimpSceneImportPlugin.cmake /build/qt5-3d/pkg/qt5-3d/usr/lib/cmake/Qt53DRender/Qt53DRender_AssimpSceneImportPlugin.cmake
/usr/bin/qmake -install qinstall /build/qt5-3d/src/kde-qt3d/src/quick3d/quick3danimation/items/quick3dkeyframeanimation_p.h /build/qt5-3d/pkg/qt5-3d/usr/include/qt/Qt3DQuickAnimation/5.15.18/Qt3DQuickAnimation/private/quick3dkeyframeanimation_p.h
make[3]: Entering directory '/build/qt5-3d/src/build/src/plugins/sceneparsers/gltf'
/usr/bin/qmake -install qinstall -exe ../../../../plugins/sceneparsers/libassimpsceneimport.so /build/qt5-3d/pkg/qt5-3d/usr/lib/qt/plugins/sceneparsers/libassimpsceneimport.so
make[3]: Entering directory '/build/qt5-3d/src/build/src/plugins/sceneparsers/gltfexport'
/usr/bin/qmake -install qinstall -exe ../../../../plugins/sceneparsers/libgltfsceneimport.so /build/qt5-3d/pkg/qt5-3d/usr/lib/qt/plugins/sceneparsers/libgltfsceneimport.so
/usr/bin/qmake -install qinstall /build/qt5-3d/src/build/lib/cmake/Qt53DRender/Qt53DRender_GLTFSceneImportPlugin.cmake /build/qt5-3d/pkg/qt5-3d/usr/lib/cmake/Qt53DRender/Qt53DRender_GLTFSceneImportPlugin.cmake
/usr/bin/qmake -install qinstall -exe ../../../../plugins/sceneparsers/libgltfsceneexport.so /build/qt5-3d/pkg/qt5-3d/usr/lib/qt/plugins/sceneparsers/libgltfsceneexport.so
/usr/bin/qmake -install qinstall /build/qt5-3d/src/build/lib/cmake/Qt53DRender/Qt53DRender_GLTFSceneExportPlugin.cmake /build/qt5-3d/pkg/qt5-3d/usr/lib/cmake/Qt53DRender/Qt53DRender_GLTFSceneExportPlugin.cmake
/usr/bin/qmake -install qinstall /build/qt5-3d/src/kde-qt3d/src/quick3d/quick3danimation/items/quick3dmorphinganimation_p.h /build/qt5-3d/pkg/qt5-3d/usr/include/qt/Qt3DQuickAnimation/5.15.18/Qt3DQuickAnimation/private/quick3dmorphinganimation_p.h
make[3]: Leaving directory '/build/qt5-3d/src/build/src/plugins/sceneparsers/assimp'
make[3]: Leaving directory '/build/qt5-3d/src/build/src/plugins/sceneparsers/gltf'
/usr/bin/qmake -install qinstall /build/qt5-3d/src/kde-qt3d/src/quick3d/quick3danimation/items/quick3dmorphtarget_p.h /build/qt5-3d/pkg/qt5-3d/usr/include/qt/Qt3DQuickAnimation/5.15.18/Qt3DQuickAnimation/private/quick3dmorphtarget_p.h
make[3]: Leaving directory '/build/qt5-3d/src/build/src/plugins/sceneparsers/gltfexport'
make[2]: Leaving directory '/build/qt5-3d/src/build/src/plugins/sceneparsers'
/usr/bin/qmake -install qinstall /build/qt5-3d/src/kde-qt3d/src/quick3d/quick3danimation/items/quick3dvertexblendanimation_p.h /build/qt5-3d/pkg/qt5-3d/usr/include/qt/Qt3DQuickAnimation/5.15.18/Qt3DQuickAnimation/private/quick3dvertexblendanimation_p.h
make[2]: Leaving directory '/build/qt5-3d/src/build/src/quick3d/quick3danimation'
cd quick3d/imports/animation/ && ( test -e Makefile.importsanimation || /usr/bin/qmake -o Makefile.importsanimation /build/qt5-3d/src/kde-qt3d/src/quick3d/imports/animation/importsanimation.pro ) && make -f Makefile.importsanimation install
make[2]: Entering directory '/build/qt5-3d/src/build/src/quick3d/imports/animation'
/usr/bin/qmake -install qinstall -exe ../../../../qml/Qt3D/Animation/libquick3danimationplugin.so /build/qt5-3d/pkg/qt5-3d/usr/lib/qt/qml/Qt3D/Animation/libquick3danimationplugin.so
/usr/bin/qmake -install qinstall /build/qt5-3d/src/kde-qt3d/src/quick3d/imports/animation/qmldir /build/qt5-3d/pkg/qt5-3d/usr/lib/qt/qml/Qt3D/Animation/qmldir
/usr/bin/qmake -install qinstall /build/qt5-3d/src/kde-qt3d/src/quick3d/imports/animation/plugins.qmltypes /build/qt5-3d/pkg/qt5-3d/usr/lib/qt/qml/Qt3D/Animation/plugins.qmltypes
make[2]: Leaving directory '/build/qt5-3d/src/build/src/quick3d/imports/animation'
make[1]: Leaving directory '/build/qt5-3d/src/build/src'
cd tools/ && ( test -e Makefile || /usr/bin/qmake -o Makefile /build/qt5-3d/src/kde-qt3d/tools/tools.pro ) && make -f Makefile install
make[1]: Entering directory '/build/qt5-3d/src/build/tools'
cd qgltf/ && ( test -e Makefile || /usr/bin/qmake -o Makefile /build/qt5-3d/src/kde-qt3d/tools/qgltf/qgltf.pro ) && make -f Makefile install
make[2]: Entering directory '/build/qt5-3d/src/build/tools/qgltf'
/usr/bin/qmake -install qinstall -exe ../../bin/qgltf /build/qt5-3d/pkg/qt5-3d/usr/bin/qgltf
make[2]: Leaving directory '/build/qt5-3d/src/build/tools/qgltf'
make[1]: Leaving directory '/build/qt5-3d/src/build/tools'
