-- The C compiler identification is GNU 16.1.1
-- The CXX compiler identification is GNU 16.1.1
-- Detecting C compiler ABI info
-- Detecting C compiler ABI info - done
-- Check for working C compiler: /usr/bin/cc - skipped
-- Detecting C compile features
-- Detecting C compile features - done
-- Detecting CXX compiler ABI info
-- Detecting CXX compiler ABI info - done
-- Check for working CXX compiler: /usr/bin/c++ - skipped
-- Detecting CXX compile features
-- Detecting CXX compile features - done
-- WARNING: gcc 16.1.1 is known to miscompile RawTherapee when using --ffp-contract=fast, forcing the option to be off
-- Found PkgConfig: /usr/bin/pkg-config (found version "3.0.4")
-- {fmt} version: 12.0.0
-- Build type: None
-- Performing Test HAVE_CXX_ATOMICS_WITHOUT_LIB
-- Performing Test HAVE_CXX_ATOMICS_WITHOUT_LIB - Success
-- Found JPEG: /usr/lib/libjpeg.so (found version "80")
-- Found ZLIB: /usr/lib/libz.so (found version "1.3.2")
-- Found PNG: /usr/lib/libpng.so (found version "1.6.58")
-- Found TIFF: /usr/lib/cmake/tiff (found suitable version "4.7.2", minimum required is "4.0.4")
-- Checking for module 'gtk+-3.0>=3.24.3'
--   Found gtk+-3.0, version 3.24.52
-- Checking for module 'gtkmm-3.0>=3.24'
--   Found gtkmm-3.0, version 3.24.11
-- Checking for module 'cairomm-1.0'
--   Found cairomm-1.0, version 1.14.6
-- Checking for module 'gio-2.0>=2.48'
--   Found gio-2.0, version 2.88.2
-- Checking for module 'giomm-2.4>=2.48'
--   Found giomm-2.4, version 2.66.9
-- Checking for module 'glib-2.0>=2.48'
--   Found glib-2.0, version 2.88.2
-- Checking for module 'glibmm-2.4>=2.48'
--   Found glibmm-2.4, version 2.66.9
-- Checking for module 'gobject-2.0>=2.48'
--   Found gobject-2.0, version 2.88.2
-- Checking for module 'gthread-2.0>=2.48'
--   Found gthread-2.0, version 2.88.2
-- Checking for module 'sigc++-2.0>=2.3.1'
--   Found sigc++-2.0, version 2.12.2
-- Checking for module 'exiv2>=0.24'
--   Found exiv2, version 0.28.8
-- Checking for module 'expat>=2.1'
--   Found expat, version 2.8.2
-- Checking for module 'libiptcdata'
--   Found libiptcdata, version 1.0.5
-- Checking for module 'librsvg-2.0>=2.52'
--   Found librsvg-2.0, version 2.62.3
-- Checking for module 'lcms2>=2.6'
--   Found lcms2, version 2.19
-- Checking for module 'lensfun>=0.2'
--   Found lensfun, version 0.3.4.0
-- Searching for library lensfun in /usr/lib
--  Found /usr/lib/liblensfun.so
-- Performing Test LENSFUN_HAS_LOAD_DIRECTORY
-- Performing Test LENSFUN_HAS_LOAD_DIRECTORY - Success
-- Checking for module 'fftw3f'
--   Found fftw3f, version 3.3.11
-- Found OpenMP_C: -fopenmp (found version "5.2")
-- Found OpenMP_CXX: -fopenmp (found version "5.2")
-- Found OpenMP: TRUE (found version "5.2")
-- Performing Test FFTW3F_SUPPORTS_MULTITHREADING
-- Performing Test FFTW3F_SUPPORTS_MULTITHREADING - Failed
-- Searching for library fftw3f_omp
--   Found /usr/lib/libfftw3f_omp.so
-- Checking for module 'libjxl'
--   Found libjxl, version 0.12.0
-- Checking for module 'libjxl_threads'
--   Found libjxl_threads, version 0.12.0
-- Checking for module 'libcanberra-gtk3'
--   Found libcanberra-gtk3, version 0.30
-- Configuring LibRaw
'cp' '-p' '-R' '/build/rawtherapee-git/src/RawTherapee/rtengine/libraw' '.'
'/bin/bash' '-c' 'env LIBTOOLIZE=/usr/bin/libtoolize autoreconf --verbose --install --force'
autoreconf: export WARNINGS=
autoreconf: Entering directory '.'
autoreconf: configure.ac: no obvious need to run autopoint
autoreconf: running: aclocal --force -I m4
autoreconf: configure.ac: tracing
autoreconf: running: /usr/bin/libtoolize --copy --force
libtoolize: putting auxiliary files in '.'.
libtoolize: copying file './ltmain.sh'
libtoolize: putting macros in AC_CONFIG_MACRO_DIRS, 'm4'.
libtoolize: copying file 'm4/libtool.m4'
libtoolize: copying file 'm4/ltoptions.m4'
libtoolize: copying file 'm4/ltsugar.m4'
libtoolize: copying file 'm4/ltversion.m4'
libtoolize: copying file 'm4/lt~obsolete.m4'
autoreconf: configure.ac: not using Intltool
autoreconf: configure.ac: not using Gtkdoc
autoreconf: configure.ac: no need to run autopoint (confirmed)
autoreconf: running: aclocal --force -I m4
autoreconf: running: /usr/bin/autoconf --force
autoreconf: configure.ac: not running autoheader: no config headers
autoreconf: running: automake --add-missing --copy --force-missing
configure.ac:4: installing './compile'
configure.ac:4: installing './config.guess'
configure.ac:4: installing './config.sub'
configure.ac:3: installing './install-sh'
configure.ac:3: installing './missing'
Makefile.am: installing './depcomp'
autoreconf: './config.sub' is updated
autoreconf: './config.guess' is updated
autoreconf: configure.ac: not running make: --make not given
autoreconf: Leaving directory '.'
'/bin/bash' '-c' './configure --disable-examples --enable-openmp CC="/usr/bin/cc" CXX="/usr/bin/c++" CXXFLAGS=" -std=gnu++11 -Wno-error=unknown-pragmas -DCMS_NO_REGISTER_KEYWORD=1"'
checking for a BSD-compatible install... /usr/bin/install -c
checking whether sleep supports fractional seconds... yes
checking filesystem timestamp resolution... 0.01
checking whether build environment is sane... yes
checking for a race-free mkdir -p... /usr/bin/mkdir -p
checking for gawk... gawk
checking whether make sets $(MAKE)... yes
checking whether make supports nested variables... yes
checking xargs -n works... yes
checking whether UID '1000' is supported by ustar format... yes
checking whether GID '1000' is supported by ustar format... yes
checking how to create a ustar tar archive... gnutar
checking build system type... x86_64-pc-linux-gnu
checking host system type... x86_64-pc-linux-gnu
checking how to print strings... printf
checking whether make supports the include directive... yes (GNU style)
checking for gcc... /usr/bin/cc
checking whether the C compiler works... yes
checking for C compiler default output file name... a.out
checking for suffix of executables... 
checking whether we are cross compiling... no
checking for suffix of object files... o
checking whether the compiler supports GNU C... yes
checking whether /usr/bin/cc accepts -g... yes
checking for /usr/bin/cc option to enable C23 features... none needed
checking whether /usr/bin/cc understands -c and -o together... yes
checking dependency style of /usr/bin/cc... gcc3
checking for a sed that does not truncate output... /usr/bin/sed
checking for grep that handles long lines and -e... /usr/bin/grep
checking for egrep... /usr/bin/grep -E
checking for fgrep... /usr/bin/grep -F
checking for ld used by /usr/bin/cc... /usr/bin/ld
checking if the linker (/usr/bin/ld) is GNU ld... yes
checking for BSD- or MS-compatible name lister (nm)... /usr/bin/nm -B
checking the name lister (/usr/bin/nm -B) interface... BSD nm
checking whether ln -s works... yes
checking the maximum length of command line arguments... 1572864
checking how to convert x86_64-pc-linux-gnu file names to x86_64-pc-linux-gnu format... func_convert_file_noop
checking how to convert x86_64-pc-linux-gnu file names to toolchain format... func_convert_file_noop
checking for /usr/bin/ld option to reload object files... -r
checking for file... file
checking for objdump... objdump
checking how to recognize dependent libraries... pass_all
checking for dlltool... no
checking how to associate runtime and link libraries... printf %s\n
checking for ranlib... ranlib
checking for ar... ar
checking for archiver @FILE support... @
checking for strip... strip
checking command to parse /usr/bin/nm -B output from /usr/bin/cc object... ok
checking for sysroot... no
checking for a working dd... /usr/bin/dd
checking how to truncate binary pipes... /usr/bin/dd bs=4096 count=1
checking for mt... no
checking if : is a manifest tool... no
checking for stdio.h... yes
checking for stdlib.h... yes
checking for string.h... yes
checking for inttypes.h... yes
checking for stdint.h... yes
checking for strings.h... yes
checking for sys/stat.h... yes
checking for sys/types.h... yes
checking for unistd.h... yes
checking for dlfcn.h... yes
checking which variant of shared library versioning to provide... (default) aix
checking for objdir... .libs
checking if /usr/bin/cc supports -fno-rtti -fno-exceptions... no
checking for /usr/bin/cc option to produce PIC... -fPIC -DPIC
checking if /usr/bin/cc PIC flag -fPIC -DPIC works... yes
checking if /usr/bin/cc static flag -static works... yes
checking if /usr/bin/cc supports -c -o file.o... yes
checking if /usr/bin/cc supports -c -o file.o... (cached) yes
checking whether the /usr/bin/cc linker (/usr/bin/ld -m elf_x86_64) supports shared libraries... yes
checking whether -lc should be explicitly linked in... no
checking dynamic linker characteristics... GNU/Linux ld.so
checking how to hardcode library paths into programs... immediate
checking whether stripping libraries is possible... yes
checking if libtool supports shared libraries... yes
checking whether to build shared libraries... yes
checking whether to build static libraries... yes
checking for pkg-config... /usr/bin/pkg-config
checking pkg-config is at least version 0.21... yes
checking whether the compiler supports GNU C++... yes
checking whether /usr/bin/c++ accepts -g... yes
checking dependency style of /usr/bin/c++... gcc3
checking how to run the C++ preprocessor... /usr/bin/c++ -E
checking for ld used by /usr/bin/c++... /usr/bin/ld -m elf_x86_64
checking if the linker (/usr/bin/ld -m elf_x86_64) is GNU ld... yes
checking whether the /usr/bin/c++ linker (/usr/bin/ld -m elf_x86_64) supports shared libraries... yes
checking for /usr/bin/c++ option to produce PIC... -fPIC -DPIC
checking if /usr/bin/c++ PIC flag -fPIC -DPIC works... yes
checking if /usr/bin/c++ static flag -static works... yes
checking if /usr/bin/c++ supports -c -o file.o... yes
checking if /usr/bin/c++ supports -c -o file.o... (cached) yes
checking whether the /usr/bin/c++ linker (/usr/bin/ld -m elf_x86_64) supports shared libraries... yes
checking dynamic linker characteristics... (cached) GNU/Linux ld.so
checking how to hardcode library paths into programs... immediate
checking for gcc... (cached) /usr/bin/cc
checking whether the compiler supports GNU C... (cached) yes
checking whether /usr/bin/cc accepts -g... (cached) yes
checking for /usr/bin/cc option to enable C23 features... (cached) none needed
checking whether /usr/bin/cc understands -c and -o together... (cached) yes
checking dependency style of /usr/bin/cc... (cached) gcc3
checking for OpenMP flag of C compiler... -fopenmp
checking for jpeg_mem_src in -ljpeg... yes
checking for jpeglib.h... yes
checking for zlib... yes
checking for lcms2... yes
checking that generated files are newer than configure... done
configure: creating ./config.status
config.status: creating Makefile
config.status: creating libraw.pc
config.status: creating libraw_r.pc
config.status: executing depfiles commands
config.status: executing libtool commands
-- Configuring done (12.9s)
-- Generating done (0.1s)
-- Build files have been written to: /build/rawtherapee-git/src/build
[  0%] Building CXX object _deps/fmt-build/CMakeFiles/fmt.dir/src/format.cc.o
[  0%] Building LibRaw
[  0%] Creating AboutThisBuild.txt and other version-dependent files
[  1%] Building CXX object _deps/fmt-build/CMakeFiles/fmt.dir/src/os.cc.o
-- git command found: /usr/bin/git
-- using SHELL: /bin/bash
fatal: not a git repository (or any of the parent directories): .git
fatal: not a git repository (or any of the parent directories): .git
-- Obtained SOURCE_DATE_EPOCH= from Git log for reproducible build.
/build/rawtherapee-git/src/RawTherapee/rtengine/LibRaw-make.sh: line 17: type: gmake: not found
-- LibRaw-make.sh is using inherited /usr/bin/make
-- SOURCE_DATE_EPOCH overriden from environment to 1785170392
-- Git checkout information:
--     Commit description:    5.13-1-g123b4d7b5
--     Branch:                makepkg
--     Commit:                123b4d7b5
--     Commit date:           2026-07-26
--     Commits since tag:     1
--     Commits since branch:  1
--     Version (unreliable):  5.13.1
-- Build information:
--     Build OS:              Linux x86_64
--     Build date:            Mon, 27 Jul 2026 16:39:52 +0000 UTC
--     Epoch:                 1785170392
--     UUID:                  git-123b4d7b52a7f023712281a7320b3fa643d8f03f
-- CACHE_NAME_SUFFIX is ""
[  1%] Built target UpdateInfo
libtool: compile:  /usr/bin/c++ -DPACKAGE_NAME=\"LibRaw\" -DPACKAGE_TARNAME=\"libraw\" -DPACKAGE_VERSION=\"0.22.2\" "-DPACKAGE_STRING=\"LibRaw 0.22.2\"" -DPACKAGE_BUGREPORT=\"info@libraw.org\" -DPACKAGE_URL=\"http://www.libraw.org\" -DHAVE_STDIO_H=1 -DHAVE_STDLIB_H=1 -DHAVE_STRING_H=1 -DHAVE_INTTYPES_H=1 -DHAVE_STDINT_H=1 -DHAVE_STRINGS_H=1 -DHAVE_SYS_STAT_H=1 -DHAVE_SYS_TYPES_H=1 -DHAVE_UNISTD_H=1 -DSTDC_HEADERS=1 -DHAVE_DLFCN_H=1 -DLT_OBJDIR=\".libs/\" -DHAVE_JPEGLIB_H=1 -I. -DUSE_JPEG -DUSE_JPEG8 -DUSE_ZLIB -DUSE_LCMS2 -std=gnu++11 -Wno-error=unknown-pragmas -DCMS_NO_REGISTER_KEYWORD=1 -fopenmp -MT src/libraw_c_api.lo -MD -MP -MF src/.deps/libraw_c_api.Tpo -c src/libraw_c_api.cpp  -fPIC -DPIC -o src/.libs/libraw_c_api.o
libtool: compile:  /usr/bin/c++ -DPACKAGE_NAME=\"LibRaw\" -DPACKAGE_TARNAME=\"libraw\" -DPACKAGE_VERSION=\"0.22.2\" "-DPACKAGE_STRING=\"LibRaw 0.22.2\"" -DPACKAGE_BUGREPORT=\"info@libraw.org\" -DPACKAGE_URL=\"http://www.libraw.org\" -DHAVE_STDIO_H=1 -DHAVE_STDLIB_H=1 -DHAVE_STRING_H=1 -DHAVE_INTTYPES_H=1 -DHAVE_STDINT_H=1 -DHAVE_STRINGS_H=1 -DHAVE_SYS_STAT_H=1 -DHAVE_SYS_TYPES_H=1 -DHAVE_UNISTD_H=1 -DSTDC_HEADERS=1 -DHAVE_DLFCN_H=1 -DLT_OBJDIR=\".libs/\" -DHAVE_JPEGLIB_H=1 -I. -DUSE_JPEG -DUSE_JPEG8 -DUSE_ZLIB -DUSE_LCMS2 -std=gnu++11 -Wno-error=unknown-pragmas -DCMS_NO_REGISTER_KEYWORD=1 -fopenmp -MT src/decoders/canon_600.lo -MD -MP -MF src/decoders/.deps/canon_600.Tpo -c src/decoders/canon_600.cpp  -fPIC -DPIC -o src/decoders/.libs/canon_600.o
libtool: compile:  /usr/bin/c++ -DPACKAGE_NAME=\"LibRaw\" -DPACKAGE_TARNAME=\"libraw\" -DPACKAGE_VERSION=\"0.22.2\" "-DPACKAGE_STRING=\"LibRaw 0.22.2\"" -DPACKAGE_BUGREPORT=\"info@libraw.org\" -DPACKAGE_URL=\"http://www.libraw.org\" -DHAVE_STDIO_H=1 -DHAVE_STDLIB_H=1 -DHAVE_STRING_H=1 -DHAVE_INTTYPES_H=1 -DHAVE_STDINT_H=1 -DHAVE_STRINGS_H=1 -DHAVE_SYS_STAT_H=1 -DHAVE_SYS_TYPES_H=1 -DHAVE_UNISTD_H=1 -DSTDC_HEADERS=1 -DHAVE_DLFCN_H=1 -DLT_OBJDIR=\".libs/\" -DHAVE_JPEGLIB_H=1 -I. -DUSE_JPEG -DUSE_JPEG8 -DUSE_ZLIB -DUSE_LCMS2 -std=gnu++11 -Wno-error=unknown-pragmas -DCMS_NO_REGISTER_KEYWORD=1 -fopenmp -MT src/decoders/crx.lo -MD -MP -MF src/decoders/.deps/crx.Tpo -c src/decoders/crx.cpp  -fPIC -DPIC -o src/decoders/.libs/crx.o
libtool: compile:  /usr/bin/c++ -DPACKAGE_NAME=\"LibRaw\" -DPACKAGE_TARNAME=\"libraw\" -DPACKAGE_VERSION=\"0.22.2\" "-DPACKAGE_STRING=\"LibRaw 0.22.2\"" -DPACKAGE_BUGREPORT=\"info@libraw.org\" -DPACKAGE_URL=\"http://www.libraw.org\" -DHAVE_STDIO_H=1 -DHAVE_STDLIB_H=1 -DHAVE_STRING_H=1 -DHAVE_INTTYPES_H=1 -DHAVE_STDINT_H=1 -DHAVE_STRINGS_H=1 -DHAVE_SYS_STAT_H=1 -DHAVE_SYS_TYPES_H=1 -DHAVE_UNISTD_H=1 -DSTDC_HEADERS=1 -DHAVE_DLFCN_H=1 -DLT_OBJDIR=\".libs/\" -DHAVE_JPEGLIB_H=1 -I. -DUSE_JPEG -DUSE_JPEG8 -DUSE_ZLIB -DUSE_LCMS2 -std=gnu++11 -Wno-error=unknown-pragmas -DCMS_NO_REGISTER_KEYWORD=1 -fopenmp -MT src/decompressors/losslessjpeg.lo -MD -MP -MF src/decompressors/.deps/losslessjpeg.Tpo -c src/decompressors/losslessjpeg.cpp  -fPIC -DPIC -o src/decompressors/.libs/losslessjpeg.o
libtool: compile:  /usr/bin/c++ -DPACKAGE_NAME=\"LibRaw\" -DPACKAGE_TARNAME=\"libraw\" -DPACKAGE_VERSION=\"0.22.2\" "-DPACKAGE_STRING=\"LibRaw 0.22.2\"" -DPACKAGE_BUGREPORT=\"info@libraw.org\" -DPACKAGE_URL=\"http://www.libraw.org\" -DHAVE_STDIO_H=1 -DHAVE_STDLIB_H=1 -DHAVE_STRING_H=1 -DHAVE_INTTYPES_H=1 -DHAVE_STDINT_H=1 -DHAVE_STRINGS_H=1 -DHAVE_SYS_STAT_H=1 -DHAVE_SYS_TYPES_H=1 -DHAVE_UNISTD_H=1 -DSTDC_HEADERS=1 -DHAVE_DLFCN_H=1 -DLT_OBJDIR=\".libs/\" -DHAVE_JPEGLIB_H=1 -I. -DUSE_JPEG -DUSE_JPEG8 -DUSE_ZLIB -DUSE_LCMS2 -std=gnu++11 -Wno-error=unknown-pragmas -DCMS_NO_REGISTER_KEYWORD=1 -fopenmp -MT src/decoders/decoders_dcraw.lo -MD -MP -MF src/decoders/.deps/decoders_dcraw.Tpo -c src/decoders/decoders_dcraw.cpp  -fPIC -DPIC -o src/decoders/.libs/decoders_dcraw.o
libtool: compile:  /usr/bin/c++ -DPACKAGE_NAME=\"LibRaw\" -DPACKAGE_TARNAME=\"libraw\" -DPACKAGE_VERSION=\"0.22.2\" "-DPACKAGE_STRING=\"LibRaw 0.22.2\"" -DPACKAGE_BUGREPORT=\"info@libraw.org\" -DPACKAGE_URL=\"http://www.libraw.org\" -DHAVE_STDIO_H=1 -DHAVE_STDLIB_H=1 -DHAVE_STRING_H=1 -DHAVE_INTTYPES_H=1 -DHAVE_STDINT_H=1 -DHAVE_STRINGS_H=1 -DHAVE_SYS_STAT_H=1 -DHAVE_SYS_TYPES_H=1 -DHAVE_UNISTD_H=1 -DSTDC_HEADERS=1 -DHAVE_DLFCN_H=1 -DLT_OBJDIR=\".libs/\" -DHAVE_JPEGLIB_H=1 -I. -DUSE_JPEG -DUSE_JPEG8 -DUSE_ZLIB -DUSE_LCMS2 -std=gnu++11 -Wno-error=unknown-pragmas -DCMS_NO_REGISTER_KEYWORD=1 -fopenmp -MT src/decoders/olympus14.lo -MD -MP -MF src/decoders/.deps/olympus14.Tpo -c src/decoders/olympus14.cpp  -fPIC -DPIC -o src/decoders/.libs/olympus14.o
libtool: compile:  /usr/bin/c++ -DPACKAGE_NAME=\"LibRaw\" -DPACKAGE_TARNAME=\"libraw\" -DPACKAGE_VERSION=\"0.22.2\" "-DPACKAGE_STRING=\"LibRaw 0.22.2\"" -DPACKAGE_BUGREPORT=\"info@libraw.org\" -DPACKAGE_URL=\"http://www.libraw.org\" -DHAVE_STDIO_H=1 -DHAVE_STDLIB_H=1 -DHAVE_STRING_H=1 -DHAVE_INTTYPES_H=1 -DHAVE_STDINT_H=1 -DHAVE_STRINGS_H=1 -DHAVE_SYS_STAT_H=1 -DHAVE_SYS_TYPES_H=1 -DHAVE_UNISTD_H=1 -DSTDC_HEADERS=1 -DHAVE_DLFCN_H=1 -DLT_OBJDIR=\".libs/\" -DHAVE_JPEGLIB_H=1 -I. -DUSE_JPEG -DUSE_JPEG8 -DUSE_ZLIB -DUSE_LCMS2 -std=gnu++11 -Wno-error=unknown-pragmas -DCMS_NO_REGISTER_KEYWORD=1 -fopenmp -MT src/libraw_datastream.lo -MD -MP -MF src/.deps/libraw_datastream.Tpo -c src/libraw_datastream.cpp  -fPIC -DPIC -o src/.libs/libraw_datastream.o
libtool: compile:  /usr/bin/c++ -DPACKAGE_NAME=\"LibRaw\" -DPACKAGE_TARNAME=\"libraw\" -DPACKAGE_VERSION=\"0.22.2\" "-DPACKAGE_STRING=\"LibRaw 0.22.2\"" -DPACKAGE_BUGREPORT=\"info@libraw.org\" -DPACKAGE_URL=\"http://www.libraw.org\" -DHAVE_STDIO_H=1 -DHAVE_STDLIB_H=1 -DHAVE_STRING_H=1 -DHAVE_INTTYPES_H=1 -DHAVE_STDINT_H=1 -DHAVE_STRINGS_H=1 -DHAVE_SYS_STAT_H=1 -DHAVE_SYS_TYPES_H=1 -DHAVE_UNISTD_H=1 -DSTDC_HEADERS=1 -DHAVE_DLFCN_H=1 -DLT_OBJDIR=\".libs/\" -DHAVE_JPEGLIB_H=1 -I. -DUSE_JPEG -DUSE_JPEG8 -DUSE_ZLIB -DUSE_LCMS2 -std=gnu++11 -Wno-error=unknown-pragmas -DCMS_NO_REGISTER_KEYWORD=1 -fopenmp -MT src/decoders/sonycc.lo -MD -MP -MF src/decoders/.deps/sonycc.Tpo -c src/decoders/sonycc.cpp  -fPIC -DPIC -o src/decoders/.libs/sonycc.o
libtool: compile:  /usr/bin/c++ -DPACKAGE_NAME=\"LibRaw\" -DPACKAGE_TARNAME=\"libraw\" -DPACKAGE_VERSION=\"0.22.2\" "-DPACKAGE_STRING=\"LibRaw 0.22.2\"" -DPACKAGE_BUGREPORT=\"info@libraw.org\" -DPACKAGE_URL=\"http://www.libraw.org\" -DHAVE_STDIO_H=1 -DHAVE_STDLIB_H=1 -DHAVE_STRING_H=1 -DHAVE_INTTYPES_H=1 -DHAVE_STDINT_H=1 -DHAVE_STRINGS_H=1 -DHAVE_SYS_STAT_H=1 -DHAVE_SYS_TYPES_H=1 -DHAVE_UNISTD_H=1 -DSTDC_HEADERS=1 -DHAVE_DLFCN_H=1 -DLT_OBJDIR=\".libs/\" -DHAVE_JPEGLIB_H=1 -I. -DUSE_JPEG -DUSE_JPEG8 -DUSE_ZLIB -DUSE_LCMS2 -std=gnu++11 -Wno-error=unknown-pragmas -DCMS_NO_REGISTER_KEYWORD=1 -fopenmp -MT src/decoders/decoders_libraw_dcrdefs.lo -MD -MP -MF src/decoders/.deps/decoders_libraw_dcrdefs.Tpo -c src/decoders/decoders_libraw_dcrdefs.cpp  -fPIC -DPIC -o src/decoders/.libs/decoders_libraw_dcrdefs.o
libtool: compile:  /usr/bin/c++ -DPACKAGE_NAME=\"LibRaw\" -DPACKAGE_TARNAME=\"libraw\" -DPACKAGE_VERSION=\"0.22.2\" "-DPACKAGE_STRING=\"LibRaw 0.22.2\"" -DPACKAGE_BUGREPORT=\"info@libraw.org\" -DPACKAGE_URL=\"http://www.libraw.org\" -DHAVE_STDIO_H=1 -DHAVE_STDLIB_H=1 -DHAVE_STRING_H=1 -DHAVE_INTTYPES_H=1 -DHAVE_STDINT_H=1 -DHAVE_STRINGS_H=1 -DHAVE_SYS_STAT_H=1 -DHAVE_SYS_TYPES_H=1 -DHAVE_UNISTD_H=1 -DSTDC_HEADERS=1 -DHAVE_DLFCN_H=1 -DLT_OBJDIR=\".libs/\" -DHAVE_JPEGLIB_H=1 -I. -DUSE_JPEG -DUSE_JPEG8 -DUSE_ZLIB -DUSE_LCMS2 -std=gnu++11 -Wno-error=unknown-pragmas -DCMS_NO_REGISTER_KEYWORD=1 -fopenmp -MT src/decoders/pana8.lo -MD -MP -MF src/decoders/.deps/pana8.Tpo -c src/decoders/pana8.cpp  -fPIC -DPIC -o src/decoders/.libs/pana8.o
libtool: compile:  /usr/bin/c++ -DPACKAGE_NAME=\"LibRaw\" -DPACKAGE_TARNAME=\"libraw\" -DPACKAGE_VERSION=\"0.22.2\" "-DPACKAGE_STRING=\"LibRaw 0.22.2\"" -DPACKAGE_BUGREPORT=\"info@libraw.org\" -DPACKAGE_URL=\"http://www.libraw.org\" -DHAVE_STDIO_H=1 -DHAVE_STDLIB_H=1 -DHAVE_STRING_H=1 -DHAVE_INTTYPES_H=1 -DHAVE_STDINT_H=1 -DHAVE_STRINGS_H=1 -DHAVE_SYS_STAT_H=1 -DHAVE_SYS_TYPES_H=1 -DHAVE_UNISTD_H=1 -DSTDC_HEADERS=1 -DHAVE_DLFCN_H=1 -DLT_OBJDIR=\".libs/\" -DHAVE_JPEGLIB_H=1 -I. -DUSE_JPEG -DUSE_JPEG8 -DUSE_ZLIB -DUSE_LCMS2 -std=gnu++11 -Wno-error=unknown-pragmas -DCMS_NO_REGISTER_KEYWORD=1 -fopenmp -MT src/decoders/kodak_decoders.lo -MD -MP -MF src/decoders/.deps/kodak_decoders.Tpo -c src/decoders/kodak_decoders.cpp  -fPIC -DPIC -o src/decoders/.libs/kodak_decoders.o
libtool: compile:  /usr/bin/c++ -DPACKAGE_NAME=\"LibRaw\" -DPACKAGE_TARNAME=\"libraw\" -DPACKAGE_VERSION=\"0.22.2\" "-DPACKAGE_STRING=\"LibRaw 0.22.2\"" -DPACKAGE_BUGREPORT=\"info@libraw.org\" -DPACKAGE_URL=\"http://www.libraw.org\" -DHAVE_STDIO_H=1 -DHAVE_STDLIB_H=1 -DHAVE_STRING_H=1 -DHAVE_INTTYPES_H=1 -DHAVE_STDINT_H=1 -DHAVE_STRINGS_H=1 -DHAVE_SYS_STAT_H=1 -DHAVE_SYS_TYPES_H=1 -DHAVE_UNISTD_H=1 -DSTDC_HEADERS=1 -DHAVE_DLFCN_H=1 -DLT_OBJDIR=\".libs/\" -DHAVE_JPEGLIB_H=1 -I. -DUSE_JPEG -DUSE_JPEG8 -DUSE_ZLIB -DUSE_LCMS2 -std=gnu++11 -Wno-error=unknown-pragmas -DCMS_NO_REGISTER_KEYWORD=1 -fopenmp -MT src/decoders/dng.lo -MD -MP -MF src/decoders/.deps/dng.Tpo -c src/decoders/dng.cpp  -fPIC -DPIC -o src/decoders/.libs/dng.o
libtool: compile:  /usr/bin/c++ -DPACKAGE_NAME=\"LibRaw\" -DPACKAGE_TARNAME=\"libraw\" -DPACKAGE_VERSION=\"0.22.2\" "-DPACKAGE_STRING=\"LibRaw 0.22.2\"" -DPACKAGE_BUGREPORT=\"info@libraw.org\" -DPACKAGE_URL=\"http://www.libraw.org\" -DHAVE_STDIO_H=1 -DHAVE_STDLIB_H=1 -DHAVE_STRING_H=1 -DHAVE_INTTYPES_H=1 -DHAVE_STDINT_H=1 -DHAVE_STRINGS_H=1 -DHAVE_SYS_STAT_H=1 -DHAVE_SYS_TYPES_H=1 -DHAVE_UNISTD_H=1 -DSTDC_HEADERS=1 -DHAVE_DLFCN_H=1 -DLT_OBJDIR=\".libs/\" -DHAVE_JPEGLIB_H=1 -I. -DUSE_JPEG -DUSE_JPEG8 -DUSE_ZLIB -DUSE_LCMS2 -std=gnu++11 -Wno-error=unknown-pragmas -DCMS_NO_REGISTER_KEYWORD=1 -fopenmp -MT src/decoders/fp_dng.lo -MD -MP -MF src/decoders/.deps/fp_dng.Tpo -c src/decoders/fp_dng.cpp  -fPIC -DPIC -o src/decoders/.libs/fp_dng.o
libtool: compile:  /usr/bin/c++ -DPACKAGE_NAME=\"LibRaw\" -DPACKAGE_TARNAME=\"libraw\" -DPACKAGE_VERSION=\"0.22.2\" "-DPACKAGE_STRING=\"LibRaw 0.22.2\"" -DPACKAGE_BUGREPORT=\"info@libraw.org\" -DPACKAGE_URL=\"http://www.libraw.org\" -DHAVE_STDIO_H=1 -DHAVE_STDLIB_H=1 -DHAVE_STRING_H=1 -DHAVE_INTTYPES_H=1 -DHAVE_STDINT_H=1 -DHAVE_STRINGS_H=1 -DHAVE_SYS_STAT_H=1 -DHAVE_SYS_TYPES_H=1 -DHAVE_UNISTD_H=1 -DSTDC_HEADERS=1 -DHAVE_DLFCN_H=1 -DLT_OBJDIR=\".libs/\" -DHAVE_JPEGLIB_H=1 -I. -DUSE_JPEG -DUSE_JPEG8 -DUSE_ZLIB -DUSE_LCMS2 -std=gnu++11 -Wno-error=unknown-pragmas -DCMS_NO_REGISTER_KEYWORD=1 -fopenmp -MT src/decoders/load_mfbacks.lo -MD -MP -MF src/decoders/.deps/load_mfbacks.Tpo -c src/decoders/load_mfbacks.cpp  -fPIC -DPIC -o src/decoders/.libs/load_mfbacks.o
libtool: compile:  /usr/bin/c++ -DPACKAGE_NAME=\"LibRaw\" -DPACKAGE_TARNAME=\"libraw\" -DPACKAGE_VERSION=\"0.22.2\" "-DPACKAGE_STRING=\"LibRaw 0.22.2\"" -DPACKAGE_BUGREPORT=\"info@libraw.org\" -DPACKAGE_URL=\"http://www.libraw.org\" -DHAVE_STDIO_H=1 -DHAVE_STDLIB_H=1 -DHAVE_STRING_H=1 -DHAVE_INTTYPES_H=1 -DHAVE_STDINT_H=1 -DHAVE_STRINGS_H=1 -DHAVE_SYS_STAT_H=1 -DHAVE_SYS_TYPES_H=1 -DHAVE_UNISTD_H=1 -DSTDC_HEADERS=1 -DHAVE_DLFCN_H=1 -DLT_OBJDIR=\".libs/\" -DHAVE_JPEGLIB_H=1 -I. -DUSE_JPEG -DUSE_JPEG8 -DUSE_ZLIB -DUSE_LCMS2 -std=gnu++11 -Wno-error=unknown-pragmas -DCMS_NO_REGISTER_KEYWORD=1 -fopenmp -MT src/decoders/fuji_compressed.lo -MD -MP -MF src/decoders/.deps/fuji_compressed.Tpo -c src/decoders/fuji_compressed.cpp  -fPIC -DPIC -o src/decoders/.libs/fuji_compressed.o
libtool: compile:  /usr/bin/c++ -DPACKAGE_NAME=\"LibRaw\" -DPACKAGE_TARNAME=\"libraw\" -DPACKAGE_VERSION=\"0.22.2\" "-DPACKAGE_STRING=\"LibRaw 0.22.2\"" -DPACKAGE_BUGREPORT=\"info@libraw.org\" -DPACKAGE_URL=\"http://www.libraw.org\" -DHAVE_STDIO_H=1 -DHAVE_STDLIB_H=1 -DHAVE_STRING_H=1 -DHAVE_INTTYPES_H=1 -DHAVE_STDINT_H=1 -DHAVE_STRINGS_H=1 -DHAVE_SYS_STAT_H=1 -DHAVE_SYS_TYPES_H=1 -DHAVE_UNISTD_H=1 -DSTDC_HEADERS=1 -DHAVE_DLFCN_H=1 -DLT_OBJDIR=\".libs/\" -DHAVE_JPEGLIB_H=1 -I. -DUSE_JPEG -DUSE_JPEG8 -DUSE_ZLIB -DUSE_LCMS2 -std=gnu++11 -Wno-error=unknown-pragmas -DCMS_NO_REGISTER_KEYWORD=1 -fopenmp -MT src/decoders/generic.lo -MD -MP -MF src/decoders/.deps/generic.Tpo -c src/decoders/generic.cpp  -fPIC -DPIC -o src/decoders/.libs/generic.o
libtool: compile:  /usr/bin/c++ -DPACKAGE_NAME=\"LibRaw\" -DPACKAGE_TARNAME=\"libraw\" -DPACKAGE_VERSION=\"0.22.2\" "-DPACKAGE_STRING=\"LibRaw 0.22.2\"" -DPACKAGE_BUGREPORT=\"info@libraw.org\" -DPACKAGE_URL=\"http://www.libraw.org\" -DHAVE_STDIO_H=1 -DHAVE_STDLIB_H=1 -DHAVE_STRING_H=1 -DHAVE_INTTYPES_H=1 -DHAVE_STDINT_H=1 -DHAVE_STRINGS_H=1 -DHAVE_SYS_STAT_H=1 -DHAVE_SYS_TYPES_H=1 -DHAVE_UNISTD_H=1 -DSTDC_HEADERS=1 -DHAVE_DLFCN_H=1 -DLT_OBJDIR=\".libs/\" -DHAVE_JPEGLIB_H=1 -I. -DUSE_JPEG -DUSE_JPEG8 -DUSE_ZLIB -DUSE_LCMS2 -std=gnu++11 -Wno-error=unknown-pragmas -DCMS_NO_REGISTER_KEYWORD=1 -fopenmp -MT src/decoders/decoders_libraw.lo -MD -MP -MF src/decoders/.deps/decoders_libraw.Tpo -c src/decoders/decoders_libraw.cpp  -fPIC -DPIC -o src/decoders/.libs/decoders_libraw.o
libtool: compile:  /usr/bin/c++ -DPACKAGE_NAME=\"LibRaw\" -DPACKAGE_TARNAME=\"libraw\" -DPACKAGE_VERSION=\"0.22.2\" "-DPACKAGE_STRING=\"LibRaw 0.22.2\"" -DPACKAGE_BUGREPORT=\"info@libraw.org\" -DPACKAGE_URL=\"http://www.libraw.org\" -DHAVE_STDIO_H=1 -DHAVE_STDLIB_H=1 -DHAVE_STRING_H=1 -DHAVE_INTTYPES_H=1 -DHAVE_STDINT_H=1 -DHAVE_STRINGS_H=1 -DHAVE_SYS_STAT_H=1 -DHAVE_SYS_TYPES_H=1 -DHAVE_UNISTD_H=1 -DSTDC_HEADERS=1 -DHAVE_DLFCN_H=1 -DLT_OBJDIR=\".libs/\" -DHAVE_JPEGLIB_H=1 -I. -DUSE_JPEG -DUSE_JPEG8 -DUSE_ZLIB -DUSE_LCMS2 -std=gnu++11 -Wno-error=unknown-pragmas -DCMS_NO_REGISTER_KEYWORD=1 -fopenmp -MT src/decoders/smal.lo -MD -MP -MF src/decoders/.deps/smal.Tpo -c src/decoders/smal.cpp  -fPIC -DPIC -o src/decoders/.libs/smal.o
src/decompressors/losslessjpeg.cpp:24:9: warning: 'ZERO' redefined
   24 | #define ZERO(a) do { memset(a,0,sizeof(a));} while(0)
      |         ^~~~
In file included from src/decompressors/../../internal/losslessjpeg.h:23,
                 from src/decompressors/losslessjpeg.cpp:21:
src/decompressors/../../internal/libraw_cxx_defs.h:117:9: note: this is the location of the previous definition
  117 | #define ZERO(a) memset(&a, 0, sizeof(a))
      |         ^~~~
libtool: compile:  /usr/bin/c++ -DPACKAGE_NAME=\"LibRaw\" -DPACKAGE_TARNAME=\"libraw\" -DPACKAGE_VERSION=\"0.22.2\" "-DPACKAGE_STRING=\"LibRaw 0.22.2\"" -DPACKAGE_BUGREPORT=\"info@libraw.org\" -DPACKAGE_URL=\"http://www.libraw.org\" -DHAVE_STDIO_H=1 -DHAVE_STDLIB_H=1 -DHAVE_STRING_H=1 -DHAVE_INTTYPES_H=1 -DHAVE_STDINT_H=1 -DHAVE_STRINGS_H=1 -DHAVE_SYS_STAT_H=1 -DHAVE_SYS_TYPES_H=1 -DHAVE_UNISTD_H=1 -DSTDC_HEADERS=1 -DHAVE_DLFCN_H=1 -DLT_OBJDIR=\".libs/\" -DHAVE_JPEGLIB_H=1 -I. -DUSE_JPEG -DUSE_JPEG8 -DUSE_ZLIB -DUSE_LCMS2 -std=gnu++11 -Wno-error=unknown-pragmas -DCMS_NO_REGISTER_KEYWORD=1 -fopenmp -MT src/decoders/unpack_thumb.lo -MD -MP -MF src/decoders/.deps/unpack_thumb.Tpo -c src/decoders/unpack_thumb.cpp  -fPIC -DPIC -o src/decoders/.libs/unpack_thumb.o
libtool: compile:  /usr/bin/c++ -DPACKAGE_NAME=\"LibRaw\" -DPACKAGE_TARNAME=\"libraw\" -DPACKAGE_VERSION=\"0.22.2\" "-DPACKAGE_STRING=\"LibRaw 0.22.2\"" -DPACKAGE_BUGREPORT=\"info@libraw.org\" -DPACKAGE_URL=\"http://www.libraw.org\" -DHAVE_STDIO_H=1 -DHAVE_STDLIB_H=1 -DHAVE_STRING_H=1 -DHAVE_INTTYPES_H=1 -DHAVE_STDINT_H=1 -DHAVE_STRINGS_H=1 -DHAVE_SYS_STAT_H=1 -DHAVE_SYS_TYPES_H=1 -DHAVE_UNISTD_H=1 -DSTDC_HEADERS=1 -DHAVE_DLFCN_H=1 -DLT_OBJDIR=\".libs/\" -DHAVE_JPEGLIB_H=1 -I. -DUSE_JPEG -DUSE_JPEG8 -DUSE_ZLIB -DUSE_LCMS2 -std=gnu++11 -Wno-error=unknown-pragmas -DCMS_NO_REGISTER_KEYWORD=1 -fopenmp -MT src/libraw_datastream.lo -MD -MP -MF src/.deps/libraw_datastream.Tpo -c src/libraw_datastream.cpp -o src/libraw_datastream.o >/dev/null 2>&1
libtool: compile:  /usr/bin/c++ -DPACKAGE_NAME=\"LibRaw\" -DPACKAGE_TARNAME=\"libraw\" -DPACKAGE_VERSION=\"0.22.2\" "-DPACKAGE_STRING=\"LibRaw 0.22.2\"" -DPACKAGE_BUGREPORT=\"info@libraw.org\" -DPACKAGE_URL=\"http://www.libraw.org\" -DHAVE_STDIO_H=1 -DHAVE_STDLIB_H=1 -DHAVE_STRING_H=1 -DHAVE_INTTYPES_H=1 -DHAVE_STDINT_H=1 -DHAVE_STRINGS_H=1 -DHAVE_SYS_STAT_H=1 -DHAVE_SYS_TYPES_H=1 -DHAVE_UNISTD_H=1 -DSTDC_HEADERS=1 -DHAVE_DLFCN_H=1 -DLT_OBJDIR=\".libs/\" -DHAVE_JPEGLIB_H=1 -I. -DUSE_JPEG -DUSE_JPEG8 -DUSE_ZLIB -DUSE_LCMS2 -std=gnu++11 -Wno-error=unknown-pragmas -DCMS_NO_REGISTER_KEYWORD=1 -fopenmp -MT src/decoders/generic.lo -MD -MP -MF src/decoders/.deps/generic.Tpo -c src/decoders/generic.cpp -o src/decoders/generic.o >/dev/null 2>&1
libtool: compile:  /usr/bin/c++ -DPACKAGE_NAME=\"LibRaw\" -DPACKAGE_TARNAME=\"libraw\" -DPACKAGE_VERSION=\"0.22.2\" "-DPACKAGE_STRING=\"LibRaw 0.22.2\"" -DPACKAGE_BUGREPORT=\"info@libraw.org\" -DPACKAGE_URL=\"http://www.libraw.org\" -DHAVE_STDIO_H=1 -DHAVE_STDLIB_H=1 -DHAVE_STRING_H=1 -DHAVE_INTTYPES_H=1 -DHAVE_STDINT_H=1 -DHAVE_STRINGS_H=1 -DHAVE_SYS_STAT_H=1 -DHAVE_SYS_TYPES_H=1 -DHAVE_UNISTD_H=1 -DSTDC_HEADERS=1 -DHAVE_DLFCN_H=1 -DLT_OBJDIR=\".libs/\" -DHAVE_JPEGLIB_H=1 -I. -DUSE_JPEG -DUSE_JPEG8 -DUSE_ZLIB -DUSE_LCMS2 -std=gnu++11 -Wno-error=unknown-pragmas -DCMS_NO_REGISTER_KEYWORD=1 -fopenmp -MT src/decoders/olympus14.lo -MD -MP -MF src/decoders/.deps/olympus14.Tpo -c src/decoders/olympus14.cpp -o src/decoders/olympus14.o >/dev/null 2>&1
libtool: compile:  /usr/bin/c++ -DPACKAGE_NAME=\"LibRaw\" -DPACKAGE_TARNAME=\"libraw\" -DPACKAGE_VERSION=\"0.22.2\" "-DPACKAGE_STRING=\"LibRaw 0.22.2\"" -DPACKAGE_BUGREPORT=\"info@libraw.org\" -DPACKAGE_URL=\"http://www.libraw.org\" -DHAVE_STDIO_H=1 -DHAVE_STDLIB_H=1 -DHAVE_STRING_H=1 -DHAVE_INTTYPES_H=1 -DHAVE_STDINT_H=1 -DHAVE_STRINGS_H=1 -DHAVE_SYS_STAT_H=1 -DHAVE_SYS_TYPES_H=1 -DHAVE_UNISTD_H=1 -DSTDC_HEADERS=1 -DHAVE_DLFCN_H=1 -DLT_OBJDIR=\".libs/\" -DHAVE_JPEGLIB_H=1 -I. -DUSE_JPEG -DUSE_JPEG8 -DUSE_ZLIB -DUSE_LCMS2 -std=gnu++11 -Wno-error=unknown-pragmas -DCMS_NO_REGISTER_KEYWORD=1 -fopenmp -MT src/libraw_c_api.lo -MD -MP -MF src/.deps/libraw_c_api.Tpo -c src/libraw_c_api.cpp -o src/libraw_c_api.o >/dev/null 2>&1
libtool: compile:  /usr/bin/c++ -DPACKAGE_NAME=\"LibRaw\" -DPACKAGE_TARNAME=\"libraw\" -DPACKAGE_VERSION=\"0.22.2\" "-DPACKAGE_STRING=\"LibRaw 0.22.2\"" -DPACKAGE_BUGREPORT=\"info@libraw.org\" -DPACKAGE_URL=\"http://www.libraw.org\" -DHAVE_STDIO_H=1 -DHAVE_STDLIB_H=1 -DHAVE_STRING_H=1 -DHAVE_INTTYPES_H=1 -DHAVE_STDINT_H=1 -DHAVE_STRINGS_H=1 -DHAVE_SYS_STAT_H=1 -DHAVE_SYS_TYPES_H=1 -DHAVE_UNISTD_H=1 -DSTDC_HEADERS=1 -DHAVE_DLFCN_H=1 -DLT_OBJDIR=\".libs/\" -DHAVE_JPEGLIB_H=1 -I. -DUSE_JPEG -DUSE_JPEG8 -DUSE_ZLIB -DUSE_LCMS2 -std=gnu++11 -Wno-error=unknown-pragmas -DCMS_NO_REGISTER_KEYWORD=1 -fopenmp -MT src/decoders/smal.lo -MD -MP -MF src/decoders/.deps/smal.Tpo -c src/decoders/smal.cpp -o src/decoders/smal.o >/dev/null 2>&1
libtool: compile:  /usr/bin/c++ -DPACKAGE_NAME=\"LibRaw\" -DPACKAGE_TARNAME=\"libraw\" -DPACKAGE_VERSION=\"0.22.2\" "-DPACKAGE_STRING=\"LibRaw 0.22.2\"" -DPACKAGE_BUGREPORT=\"info@libraw.org\" -DPACKAGE_URL=\"http://www.libraw.org\" -DHAVE_STDIO_H=1 -DHAVE_STDLIB_H=1 -DHAVE_STRING_H=1 -DHAVE_INTTYPES_H=1 -DHAVE_STDINT_H=1 -DHAVE_STRINGS_H=1 -DHAVE_SYS_STAT_H=1 -DHAVE_SYS_TYPES_H=1 -DHAVE_UNISTD_H=1 -DSTDC_HEADERS=1 -DHAVE_DLFCN_H=1 -DLT_OBJDIR=\".libs/\" -DHAVE_JPEGLIB_H=1 -I. -DUSE_JPEG -DUSE_JPEG8 -DUSE_ZLIB -DUSE_LCMS2 -std=gnu++11 -Wno-error=unknown-pragmas -DCMS_NO_REGISTER_KEYWORD=1 -fopenmp -MT src/decoders/kodak_decoders.lo -MD -MP -MF src/decoders/.deps/kodak_decoders.Tpo -c src/decoders/kodak_decoders.cpp -o src/decoders/kodak_decoders.o >/dev/null 2>&1
libtool: compile:  /usr/bin/c++ -DPACKAGE_NAME=\"LibRaw\" -DPACKAGE_TARNAME=\"libraw\" -DPACKAGE_VERSION=\"0.22.2\" "-DPACKAGE_STRING=\"LibRaw 0.22.2\"" -DPACKAGE_BUGREPORT=\"info@libraw.org\" -DPACKAGE_URL=\"http://www.libraw.org\" -DHAVE_STDIO_H=1 -DHAVE_STDLIB_H=1 -DHAVE_STRING_H=1 -DHAVE_INTTYPES_H=1 -DHAVE_STDINT_H=1 -DHAVE_STRINGS_H=1 -DHAVE_SYS_STAT_H=1 -DHAVE_SYS_TYPES_H=1 -DHAVE_UNISTD_H=1 -DSTDC_HEADERS=1 -DHAVE_DLFCN_H=1 -DLT_OBJDIR=\".libs/\" -DHAVE_JPEGLIB_H=1 -I. -DUSE_JPEG -DUSE_JPEG8 -DUSE_ZLIB -DUSE_LCMS2 -std=gnu++11 -Wno-error=unknown-pragmas -DCMS_NO_REGISTER_KEYWORD=1 -fopenmp -MT src/decoders/canon_600.lo -MD -MP -MF src/decoders/.deps/canon_600.Tpo -c src/decoders/canon_600.cpp -o src/decoders/canon_600.o >/dev/null 2>&1
libtool: compile:  /usr/bin/c++ -DPACKAGE_NAME=\"LibRaw\" -DPACKAGE_TARNAME=\"libraw\" -DPACKAGE_VERSION=\"0.22.2\" "-DPACKAGE_STRING=\"LibRaw 0.22.2\"" -DPACKAGE_BUGREPORT=\"info@libraw.org\" -DPACKAGE_URL=\"http://www.libraw.org\" -DHAVE_STDIO_H=1 -DHAVE_STDLIB_H=1 -DHAVE_STRING_H=1 -DHAVE_INTTYPES_H=1 -DHAVE_STDINT_H=1 -DHAVE_STRINGS_H=1 -DHAVE_SYS_STAT_H=1 -DHAVE_SYS_TYPES_H=1 -DHAVE_UNISTD_H=1 -DSTDC_HEADERS=1 -DHAVE_DLFCN_H=1 -DLT_OBJDIR=\".libs/\" -DHAVE_JPEGLIB_H=1 -I. -DUSE_JPEG -DUSE_JPEG8 -DUSE_ZLIB -DUSE_LCMS2 -std=gnu++11 -Wno-error=unknown-pragmas -DCMS_NO_REGISTER_KEYWORD=1 -fopenmp -MT src/decoders/fuji_compressed.lo -MD -MP -MF src/decoders/.deps/fuji_compressed.Tpo -c src/decoders/fuji_compressed.cpp -o src/decoders/fuji_compressed.o >/dev/null 2>&1
libtool: compile:  /usr/bin/c++ -DPACKAGE_NAME=\"LibRaw\" -DPACKAGE_TARNAME=\"libraw\" -DPACKAGE_VERSION=\"0.22.2\" "-DPACKAGE_STRING=\"LibRaw 0.22.2\"" -DPACKAGE_BUGREPORT=\"info@libraw.org\" -DPACKAGE_URL=\"http://www.libraw.org\" -DHAVE_STDIO_H=1 -DHAVE_STDLIB_H=1 -DHAVE_STRING_H=1 -DHAVE_INTTYPES_H=1 -DHAVE_STDINT_H=1 -DHAVE_STRINGS_H=1 -DHAVE_SYS_STAT_H=1 -DHAVE_SYS_TYPES_H=1 -DHAVE_UNISTD_H=1 -DSTDC_HEADERS=1 -DHAVE_DLFCN_H=1 -DLT_OBJDIR=\".libs/\" -DHAVE_JPEGLIB_H=1 -I. -DUSE_JPEG -DUSE_JPEG8 -DUSE_ZLIB -DUSE_LCMS2 -std=gnu++11 -Wno-error=unknown-pragmas -DCMS_NO_REGISTER_KEYWORD=1 -fopenmp -MT src/decoders/dng.lo -MD -MP -MF src/decoders/.deps/dng.Tpo -c src/decoders/dng.cpp -o src/decoders/dng.o >/dev/null 2>&1
libtool: compile:  /usr/bin/c++ -DPACKAGE_NAME=\"LibRaw\" -DPACKAGE_TARNAME=\"libraw\" -DPACKAGE_VERSION=\"0.22.2\" "-DPACKAGE_STRING=\"LibRaw 0.22.2\"" -DPACKAGE_BUGREPORT=\"info@libraw.org\" -DPACKAGE_URL=\"http://www.libraw.org\" -DHAVE_STDIO_H=1 -DHAVE_STDLIB_H=1 -DHAVE_STRING_H=1 -DHAVE_INTTYPES_H=1 -DHAVE_STDINT_H=1 -DHAVE_STRINGS_H=1 -DHAVE_SYS_STAT_H=1 -DHAVE_SYS_TYPES_H=1 -DHAVE_UNISTD_H=1 -DSTDC_HEADERS=1 -DHAVE_DLFCN_H=1 -DLT_OBJDIR=\".libs/\" -DHAVE_JPEGLIB_H=1 -I. -DUSE_JPEG -DUSE_JPEG8 -DUSE_ZLIB -DUSE_LCMS2 -std=gnu++11 -Wno-error=unknown-pragmas -DCMS_NO_REGISTER_KEYWORD=1 -fopenmp -MT src/decoders/decoders_libraw_dcrdefs.lo -MD -MP -MF src/decoders/.deps/decoders_libraw_dcrdefs.Tpo -c src/decoders/decoders_libraw_dcrdefs.cpp -o src/decoders/decoders_libraw_dcrdefs.o >/dev/null 2>&1
libtool: compile:  /usr/bin/c++ -DPACKAGE_NAME=\"LibRaw\" -DPACKAGE_TARNAME=\"libraw\" -DPACKAGE_VERSION=\"0.22.2\" "-DPACKAGE_STRING=\"LibRaw 0.22.2\"" -DPACKAGE_BUGREPORT=\"info@libraw.org\" -DPACKAGE_URL=\"http://www.libraw.org\" -DHAVE_STDIO_H=1 -DHAVE_STDLIB_H=1 -DHAVE_STRING_H=1 -DHAVE_INTTYPES_H=1 -DHAVE_STDINT_H=1 -DHAVE_STRINGS_H=1 -DHAVE_SYS_STAT_H=1 -DHAVE_SYS_TYPES_H=1 -DHAVE_UNISTD_H=1 -DSTDC_HEADERS=1 -DHAVE_DLFCN_H=1 -DLT_OBJDIR=\".libs/\" -DHAVE_JPEGLIB_H=1 -I. -DUSE_JPEG -DUSE_JPEG8 -DUSE_ZLIB -DUSE_LCMS2 -std=gnu++11 -Wno-error=unknown-pragmas -DCMS_NO_REGISTER_KEYWORD=1 -fopenmp -MT src/decompressors/losslessjpeg.lo -MD -MP -MF src/decompressors/.deps/losslessjpeg.Tpo -c src/decompressors/losslessjpeg.cpp -o src/decompressors/losslessjpeg.o >/dev/null 2>&1
libtool: compile:  /usr/bin/c++ -DPACKAGE_NAME=\"LibRaw\" -DPACKAGE_TARNAME=\"libraw\" -DPACKAGE_VERSION=\"0.22.2\" "-DPACKAGE_STRING=\"LibRaw 0.22.2\"" -DPACKAGE_BUGREPORT=\"info@libraw.org\" -DPACKAGE_URL=\"http://www.libraw.org\" -DHAVE_STDIO_H=1 -DHAVE_STDLIB_H=1 -DHAVE_STRING_H=1 -DHAVE_INTTYPES_H=1 -DHAVE_STDINT_H=1 -DHAVE_STRINGS_H=1 -DHAVE_SYS_STAT_H=1 -DHAVE_SYS_TYPES_H=1 -DHAVE_UNISTD_H=1 -DSTDC_HEADERS=1 -DHAVE_DLFCN_H=1 -DLT_OBJDIR=\".libs/\" -DHAVE_JPEGLIB_H=1 -I. -DUSE_JPEG -DUSE_JPEG8 -DUSE_ZLIB -DUSE_LCMS2 -std=gnu++11 -Wno-error=unknown-pragmas -DCMS_NO_REGISTER_KEYWORD=1 -fopenmp -MT src/decoders/decoders_dcraw.lo -MD -MP -MF src/decoders/.deps/decoders_dcraw.Tpo -c src/decoders/decoders_dcraw.cpp -o src/decoders/decoders_dcraw.o >/dev/null 2>&1
libtool: compile:  /usr/bin/c++ -DPACKAGE_NAME=\"LibRaw\" -DPACKAGE_TARNAME=\"libraw\" -DPACKAGE_VERSION=\"0.22.2\" "-DPACKAGE_STRING=\"LibRaw 0.22.2\"" -DPACKAGE_BUGREPORT=\"info@libraw.org\" -DPACKAGE_URL=\"http://www.libraw.org\" -DHAVE_STDIO_H=1 -DHAVE_STDLIB_H=1 -DHAVE_STRING_H=1 -DHAVE_INTTYPES_H=1 -DHAVE_STDINT_H=1 -DHAVE_STRINGS_H=1 -DHAVE_SYS_STAT_H=1 -DHAVE_SYS_TYPES_H=1 -DHAVE_UNISTD_H=1 -DSTDC_HEADERS=1 -DHAVE_DLFCN_H=1 -DLT_OBJDIR=\".libs/\" -DHAVE_JPEGLIB_H=1 -I. -DUSE_JPEG -DUSE_JPEG8 -DUSE_ZLIB -DUSE_LCMS2 -std=gnu++11 -Wno-error=unknown-pragmas -DCMS_NO_REGISTER_KEYWORD=1 -fopenmp -MT src/decoders/fp_dng.lo -MD -MP -MF src/decoders/.deps/fp_dng.Tpo -c src/decoders/fp_dng.cpp -o src/decoders/fp_dng.o >/dev/null 2>&1
libtool: compile:  /usr/bin/c++ -DPACKAGE_NAME=\"LibRaw\" -DPACKAGE_TARNAME=\"libraw\" -DPACKAGE_VERSION=\"0.22.2\" "-DPACKAGE_STRING=\"LibRaw 0.22.2\"" -DPACKAGE_BUGREPORT=\"info@libraw.org\" -DPACKAGE_URL=\"http://www.libraw.org\" -DHAVE_STDIO_H=1 -DHAVE_STDLIB_H=1 -DHAVE_STRING_H=1 -DHAVE_INTTYPES_H=1 -DHAVE_STDINT_H=1 -DHAVE_STRINGS_H=1 -DHAVE_SYS_STAT_H=1 -DHAVE_SYS_TYPES_H=1 -DHAVE_UNISTD_H=1 -DSTDC_HEADERS=1 -DHAVE_DLFCN_H=1 -DLT_OBJDIR=\".libs/\" -DHAVE_JPEGLIB_H=1 -I. -DUSE_JPEG -DUSE_JPEG8 -DUSE_ZLIB -DUSE_LCMS2 -std=gnu++11 -Wno-error=unknown-pragmas -DCMS_NO_REGISTER_KEYWORD=1 -fopenmp -MT src/decoders/pana8.lo -MD -MP -MF src/decoders/.deps/pana8.Tpo -c src/decoders/pana8.cpp -o src/decoders/pana8.o >/dev/null 2>&1
libtool: compile:  /usr/bin/c++ -DPACKAGE_NAME=\"LibRaw\" -DPACKAGE_TARNAME=\"libraw\" -DPACKAGE_VERSION=\"0.22.2\" "-DPACKAGE_STRING=\"LibRaw 0.22.2\"" -DPACKAGE_BUGREPORT=\"info@libraw.org\" -DPACKAGE_URL=\"http://www.libraw.org\" -DHAVE_STDIO_H=1 -DHAVE_STDLIB_H=1 -DHAVE_STRING_H=1 -DHAVE_INTTYPES_H=1 -DHAVE_STDINT_H=1 -DHAVE_STRINGS_H=1 -DHAVE_SYS_STAT_H=1 -DHAVE_SYS_TYPES_H=1 -DHAVE_UNISTD_H=1 -DSTDC_HEADERS=1 -DHAVE_DLFCN_H=1 -DLT_OBJDIR=\".libs/\" -DHAVE_JPEGLIB_H=1 -I. -DUSE_JPEG -DUSE_JPEG8 -DUSE_ZLIB -DUSE_LCMS2 -std=gnu++11 -Wno-error=unknown-pragmas -DCMS_NO_REGISTER_KEYWORD=1 -fopenmp -MT src/decoders/sonycc.lo -MD -MP -MF src/decoders/.deps/sonycc.Tpo -c src/decoders/sonycc.cpp -o src/decoders/sonycc.o >/dev/null 2>&1
libtool: compile:  /usr/bin/c++ -DPACKAGE_NAME=\"LibRaw\" -DPACKAGE_TARNAME=\"libraw\" -DPACKAGE_VERSION=\"0.22.2\" "-DPACKAGE_STRING=\"LibRaw 0.22.2\"" -DPACKAGE_BUGREPORT=\"info@libraw.org\" -DPACKAGE_URL=\"http://www.libraw.org\" -DHAVE_STDIO_H=1 -DHAVE_STDLIB_H=1 -DHAVE_STRING_H=1 -DHAVE_INTTYPES_H=1 -DHAVE_STDINT_H=1 -DHAVE_STRINGS_H=1 -DHAVE_SYS_STAT_H=1 -DHAVE_SYS_TYPES_H=1 -DHAVE_UNISTD_H=1 -DSTDC_HEADERS=1 -DHAVE_DLFCN_H=1 -DLT_OBJDIR=\".libs/\" -DHAVE_JPEGLIB_H=1 -I. -DUSE_JPEG -DUSE_JPEG8 -DUSE_ZLIB -DUSE_LCMS2 -std=gnu++11 -Wno-error=unknown-pragmas -DCMS_NO_REGISTER_KEYWORD=1 -fopenmp -MT src/decoders/load_mfbacks.lo -MD -MP -MF src/decoders/.deps/load_mfbacks.Tpo -c src/decoders/load_mfbacks.cpp -o src/decoders/load_mfbacks.o >/dev/null 2>&1
libtool: compile:  /usr/bin/c++ -DPACKAGE_NAME=\"LibRaw\" -DPACKAGE_TARNAME=\"libraw\" -DPACKAGE_VERSION=\"0.22.2\" "-DPACKAGE_STRING=\"LibRaw 0.22.2\"" -DPACKAGE_BUGREPORT=\"info@libraw.org\" -DPACKAGE_URL=\"http://www.libraw.org\" -DHAVE_STDIO_H=1 -DHAVE_STDLIB_H=1 -DHAVE_STRING_H=1 -DHAVE_INTTYPES_H=1 -DHAVE_STDINT_H=1 -DHAVE_STRINGS_H=1 -DHAVE_SYS_STAT_H=1 -DHAVE_SYS_TYPES_H=1 -DHAVE_UNISTD_H=1 -DSTDC_HEADERS=1 -DHAVE_DLFCN_H=1 -DLT_OBJDIR=\".libs/\" -DHAVE_JPEGLIB_H=1 -I. -DUSE_JPEG -DUSE_JPEG8 -DUSE_ZLIB -DUSE_LCMS2 -std=gnu++11 -Wno-error=unknown-pragmas -DCMS_NO_REGISTER_KEYWORD=1 -fopenmp -MT src/decoders/decoders_libraw.lo -MD -MP -MF src/decoders/.deps/decoders_libraw.Tpo -c src/decoders/decoders_libraw.cpp -o src/decoders/decoders_libraw.o >/dev/null 2>&1
libtool: compile:  /usr/bin/c++ -DPACKAGE_NAME=\"LibRaw\" -DPACKAGE_TARNAME=\"libraw\" -DPACKAGE_VERSION=\"0.22.2\" "-DPACKAGE_STRING=\"LibRaw 0.22.2\"" -DPACKAGE_BUGREPORT=\"info@libraw.org\" -DPACKAGE_URL=\"http://www.libraw.org\" -DHAVE_STDIO_H=1 -DHAVE_STDLIB_H=1 -DHAVE_STRING_H=1 -DHAVE_INTTYPES_H=1 -DHAVE_STDINT_H=1 -DHAVE_STRINGS_H=1 -DHAVE_SYS_STAT_H=1 -DHAVE_SYS_TYPES_H=1 -DHAVE_UNISTD_H=1 -DSTDC_HEADERS=1 -DHAVE_DLFCN_H=1 -DLT_OBJDIR=\".libs/\" -DHAVE_JPEGLIB_H=1 -I. -DUSE_JPEG -DUSE_JPEG8 -DUSE_ZLIB -DUSE_LCMS2 -std=gnu++11 -Wno-error=unknown-pragmas -DCMS_NO_REGISTER_KEYWORD=1 -fopenmp -MT src/decoders/crx.lo -MD -MP -MF src/decoders/.deps/crx.Tpo -c src/decoders/crx.cpp -o src/decoders/crx.o >/dev/null 2>&1
libtool: compile:  /usr/bin/c++ -DPACKAGE_NAME=\"LibRaw\" -DPACKAGE_TARNAME=\"libraw\" -DPACKAGE_VERSION=\"0.22.2\" "-DPACKAGE_STRING=\"LibRaw 0.22.2\"" -DPACKAGE_BUGREPORT=\"info@libraw.org\" -DPACKAGE_URL=\"http://www.libraw.org\" -DHAVE_STDIO_H=1 -DHAVE_STDLIB_H=1 -DHAVE_STRING_H=1 -DHAVE_INTTYPES_H=1 -DHAVE_STDINT_H=1 -DHAVE_STRINGS_H=1 -DHAVE_SYS_STAT_H=1 -DHAVE_SYS_TYPES_H=1 -DHAVE_UNISTD_H=1 -DSTDC_HEADERS=1 -DHAVE_DLFCN_H=1 -DLT_OBJDIR=\".libs/\" -DHAVE_JPEGLIB_H=1 -I. -DUSE_JPEG -DUSE_JPEG8 -DUSE_ZLIB -DUSE_LCMS2 -std=gnu++11 -Wno-error=unknown-pragmas -DCMS_NO_REGISTER_KEYWORD=1 -fopenmp -MT src/decoders/unpack.lo -MD -MP -MF src/decoders/.deps/unpack.Tpo -c src/decoders/unpack.cpp  -fPIC -DPIC -o src/decoders/.libs/unpack.o
libtool: compile:  /usr/bin/c++ -DPACKAGE_NAME=\"LibRaw\" -DPACKAGE_TARNAME=\"libraw\" -DPACKAGE_VERSION=\"0.22.2\" "-DPACKAGE_STRING=\"LibRaw 0.22.2\"" -DPACKAGE_BUGREPORT=\"info@libraw.org\" -DPACKAGE_URL=\"http://www.libraw.org\" -DHAVE_STDIO_H=1 -DHAVE_STDLIB_H=1 -DHAVE_STRING_H=1 -DHAVE_INTTYPES_H=1 -DHAVE_STDINT_H=1 -DHAVE_STRINGS_H=1 -DHAVE_SYS_STAT_H=1 -DHAVE_SYS_TYPES_H=1 -DHAVE_UNISTD_H=1 -DSTDC_HEADERS=1 -DHAVE_DLFCN_H=1 -DLT_OBJDIR=\".libs/\" -DHAVE_JPEGLIB_H=1 -I. -DUSE_JPEG -DUSE_JPEG8 -DUSE_ZLIB -DUSE_LCMS2 -std=gnu++11 -Wno-error=unknown-pragmas -DCMS_NO_REGISTER_KEYWORD=1 -fopenmp -MT src/demosaic/aahd_demosaic.lo -MD -MP -MF src/demosaic/.deps/aahd_demosaic.Tpo -c src/demosaic/aahd_demosaic.cpp  -fPIC -DPIC -o src/demosaic/.libs/aahd_demosaic.o
libtool: compile:  /usr/bin/c++ -DPACKAGE_NAME=\"LibRaw\" -DPACKAGE_TARNAME=\"libraw\" -DPACKAGE_VERSION=\"0.22.2\" "-DPACKAGE_STRING=\"LibRaw 0.22.2\"" -DPACKAGE_BUGREPORT=\"info@libraw.org\" -DPACKAGE_URL=\"http://www.libraw.org\" -DHAVE_STDIO_H=1 -DHAVE_STDLIB_H=1 -DHAVE_STRING_H=1 -DHAVE_INTTYPES_H=1 -DHAVE_STDINT_H=1 -DHAVE_STRINGS_H=1 -DHAVE_SYS_STAT_H=1 -DHAVE_SYS_TYPES_H=1 -DHAVE_UNISTD_H=1 -DSTDC_HEADERS=1 -DHAVE_DLFCN_H=1 -DLT_OBJDIR=\".libs/\" -DHAVE_JPEGLIB_H=1 -I. -DUSE_JPEG -DUSE_JPEG8 -DUSE_ZLIB -DUSE_LCMS2 -std=gnu++11 -Wno-error=unknown-pragmas -DCMS_NO_REGISTER_KEYWORD=1 -fopenmp -MT src/decoders/unpack_thumb.lo -MD -MP -MF src/decoders/.deps/unpack_thumb.Tpo -c src/decoders/unpack_thumb.cpp -o src/decoders/unpack_thumb.o >/dev/null 2>&1
libtool: compile:  /usr/bin/c++ -DPACKAGE_NAME=\"LibRaw\" -DPACKAGE_TARNAME=\"libraw\" -DPACKAGE_VERSION=\"0.22.2\" "-DPACKAGE_STRING=\"LibRaw 0.22.2\"" -DPACKAGE_BUGREPORT=\"info@libraw.org\" -DPACKAGE_URL=\"http://www.libraw.org\" -DHAVE_STDIO_H=1 -DHAVE_STDLIB_H=1 -DHAVE_STRING_H=1 -DHAVE_INTTYPES_H=1 -DHAVE_STDINT_H=1 -DHAVE_STRINGS_H=1 -DHAVE_SYS_STAT_H=1 -DHAVE_SYS_TYPES_H=1 -DHAVE_UNISTD_H=1 -DSTDC_HEADERS=1 -DHAVE_DLFCN_H=1 -DLT_OBJDIR=\".libs/\" -DHAVE_JPEGLIB_H=1 -I. -DUSE_JPEG -DUSE_JPEG8 -DUSE_ZLIB -DUSE_LCMS2 -std=gnu++11 -Wno-error=unknown-pragmas -DCMS_NO_REGISTER_KEYWORD=1 -fopenmp -MT src/demosaic/ahd_demosaic.lo -MD -MP -MF src/demosaic/.deps/ahd_demosaic.Tpo -c src/demosaic/ahd_demosaic.cpp  -fPIC -DPIC -o src/demosaic/.libs/ahd_demosaic.o
libtool: compile:  /usr/bin/c++ -DPACKAGE_NAME=\"LibRaw\" -DPACKAGE_TARNAME=\"libraw\" -DPACKAGE_VERSION=\"0.22.2\" "-DPACKAGE_STRING=\"LibRaw 0.22.2\"" -DPACKAGE_BUGREPORT=\"info@libraw.org\" -DPACKAGE_URL=\"http://www.libraw.org\" -DHAVE_STDIO_H=1 -DHAVE_STDLIB_H=1 -DHAVE_STRING_H=1 -DHAVE_INTTYPES_H=1 -DHAVE_STDINT_H=1 -DHAVE_STRINGS_H=1 -DHAVE_SYS_STAT_H=1 -DHAVE_SYS_TYPES_H=1 -DHAVE_UNISTD_H=1 -DSTDC_HEADERS=1 -DHAVE_DLFCN_H=1 -DLT_OBJDIR=\".libs/\" -DHAVE_JPEGLIB_H=1 -I. -DUSE_JPEG -DUSE_JPEG8 -DUSE_ZLIB -DUSE_LCMS2 -std=gnu++11 -Wno-error=unknown-pragmas -DCMS_NO_REGISTER_KEYWORD=1 -fopenmp -MT src/demosaic/dcb_demosaic.lo -MD -MP -MF src/demosaic/.deps/dcb_demosaic.Tpo -c src/demosaic/dcb_demosaic.cpp  -fPIC -DPIC -o src/demosaic/.libs/dcb_demosaic.o
libtool: compile:  /usr/bin/c++ -DPACKAGE_NAME=\"LibRaw\" -DPACKAGE_TARNAME=\"libraw\" -DPACKAGE_VERSION=\"0.22.2\" "-DPACKAGE_STRING=\"LibRaw 0.22.2\"" -DPACKAGE_BUGREPORT=\"info@libraw.org\" -DPACKAGE_URL=\"http://www.libraw.org\" -DHAVE_STDIO_H=1 -DHAVE_STDLIB_H=1 -DHAVE_STRING_H=1 -DHAVE_INTTYPES_H=1 -DHAVE_STDINT_H=1 -DHAVE_STRINGS_H=1 -DHAVE_SYS_STAT_H=1 -DHAVE_SYS_TYPES_H=1 -DHAVE_UNISTD_H=1 -DSTDC_HEADERS=1 -DHAVE_DLFCN_H=1 -DLT_OBJDIR=\".libs/\" -DHAVE_JPEGLIB_H=1 -I. -DUSE_JPEG -DUSE_JPEG8 -DUSE_ZLIB -DUSE_LCMS2 -std=gnu++11 -Wno-error=unknown-pragmas -DCMS_NO_REGISTER_KEYWORD=1 -fopenmp -MT src/demosaic/dht_demosaic.lo -MD -MP -MF src/demosaic/.deps/dht_demosaic.Tpo -c src/demosaic/dht_demosaic.cpp  -fPIC -DPIC -o src/demosaic/.libs/dht_demosaic.o
libtool: compile:  /usr/bin/c++ -DPACKAGE_NAME=\"LibRaw\" -DPACKAGE_TARNAME=\"libraw\" -DPACKAGE_VERSION=\"0.22.2\" "-DPACKAGE_STRING=\"LibRaw 0.22.2\"" -DPACKAGE_BUGREPORT=\"info@libraw.org\" -DPACKAGE_URL=\"http://www.libraw.org\" -DHAVE_STDIO_H=1 -DHAVE_STDLIB_H=1 -DHAVE_STRING_H=1 -DHAVE_INTTYPES_H=1 -DHAVE_STDINT_H=1 -DHAVE_STRINGS_H=1 -DHAVE_SYS_STAT_H=1 -DHAVE_SYS_TYPES_H=1 -DHAVE_UNISTD_H=1 -DSTDC_HEADERS=1 -DHAVE_DLFCN_H=1 -DLT_OBJDIR=\".libs/\" -DHAVE_JPEGLIB_H=1 -I. -DUSE_JPEG -DUSE_JPEG8 -DUSE_ZLIB -DUSE_LCMS2 -std=gnu++11 -Wno-error=unknown-pragmas -DCMS_NO_REGISTER_KEYWORD=1 -fopenmp -MT src/demosaic/misc_demosaic.lo -MD -MP -MF src/demosaic/.deps/misc_demosaic.Tpo -c src/demosaic/misc_demosaic.cpp  -fPIC -DPIC -o src/demosaic/.libs/misc_demosaic.o
libtool: compile:  /usr/bin/c++ -DPACKAGE_NAME=\"LibRaw\" -DPACKAGE_TARNAME=\"libraw\" -DPACKAGE_VERSION=\"0.22.2\" "-DPACKAGE_STRING=\"LibRaw 0.22.2\"" -DPACKAGE_BUGREPORT=\"info@libraw.org\" -DPACKAGE_URL=\"http://www.libraw.org\" -DHAVE_STDIO_H=1 -DHAVE_STDLIB_H=1 -DHAVE_STRING_H=1 -DHAVE_INTTYPES_H=1 -DHAVE_STDINT_H=1 -DHAVE_STRINGS_H=1 -DHAVE_SYS_STAT_H=1 -DHAVE_SYS_TYPES_H=1 -DHAVE_UNISTD_H=1 -DSTDC_HEADERS=1 -DHAVE_DLFCN_H=1 -DLT_OBJDIR=\".libs/\" -DHAVE_JPEGLIB_H=1 -I. -DUSE_JPEG -DUSE_JPEG8 -DUSE_ZLIB -DUSE_LCMS2 -std=gnu++11 -Wno-error=unknown-pragmas -DCMS_NO_REGISTER_KEYWORD=1 -fopenmp -MT src/demosaic/xtrans_demosaic.lo -MD -MP -MF src/demosaic/.deps/xtrans_demosaic.Tpo -c src/demosaic/xtrans_demosaic.cpp  -fPIC -DPIC -o src/demosaic/.libs/xtrans_demosaic.o
libtool: compile:  /usr/bin/c++ -DPACKAGE_NAME=\"LibRaw\" -DPACKAGE_TARNAME=\"libraw\" -DPACKAGE_VERSION=\"0.22.2\" "-DPACKAGE_STRING=\"LibRaw 0.22.2\"" -DPACKAGE_BUGREPORT=\"info@libraw.org\" -DPACKAGE_URL=\"http://www.libraw.org\" -DHAVE_STDIO_H=1 -DHAVE_STDLIB_H=1 -DHAVE_STRING_H=1 -DHAVE_INTTYPES_H=1 -DHAVE_STDINT_H=1 -DHAVE_STRINGS_H=1 -DHAVE_SYS_STAT_H=1 -DHAVE_SYS_TYPES_H=1 -DHAVE_UNISTD_H=1 -DSTDC_HEADERS=1 -DHAVE_DLFCN_H=1 -DLT_OBJDIR=\".libs/\" -DHAVE_JPEGLIB_H=1 -I. -DUSE_JPEG -DUSE_JPEG8 -DUSE_ZLIB -DUSE_LCMS2 -std=gnu++11 -Wno-error=unknown-pragmas -DCMS_NO_REGISTER_KEYWORD=1 -fopenmp -MT src/integration/dngsdk_glue.lo -MD -MP -MF src/integration/.deps/dngsdk_glue.Tpo -c src/integration/dngsdk_glue.cpp  -fPIC -DPIC -o src/integration/.libs/dngsdk_glue.o
libtool: compile:  /usr/bin/c++ -DPACKAGE_NAME=\"LibRaw\" -DPACKAGE_TARNAME=\"libraw\" -DPACKAGE_VERSION=\"0.22.2\" "-DPACKAGE_STRING=\"LibRaw 0.22.2\"" -DPACKAGE_BUGREPORT=\"info@libraw.org\" -DPACKAGE_URL=\"http://www.libraw.org\" -DHAVE_STDIO_H=1 -DHAVE_STDLIB_H=1 -DHAVE_STRING_H=1 -DHAVE_INTTYPES_H=1 -DHAVE_STDINT_H=1 -DHAVE_STRINGS_H=1 -DHAVE_SYS_STAT_H=1 -DHAVE_SYS_TYPES_H=1 -DHAVE_UNISTD_H=1 -DSTDC_HEADERS=1 -DHAVE_DLFCN_H=1 -DLT_OBJDIR=\".libs/\" -DHAVE_JPEGLIB_H=1 -I. -DUSE_JPEG -DUSE_JPEG8 -DUSE_ZLIB -DUSE_LCMS2 -std=gnu++11 -Wno-error=unknown-pragmas -DCMS_NO_REGISTER_KEYWORD=1 -fopenmp -MT src/integration/rawspeed_glue.lo -MD -MP -MF src/integration/.deps/rawspeed_glue.Tpo -c src/integration/rawspeed_glue.cpp  -fPIC -DPIC -o src/integration/.libs/rawspeed_glue.o
libtool: compile:  /usr/bin/c++ -DPACKAGE_NAME=\"LibRaw\" -DPACKAGE_TARNAME=\"libraw\" -DPACKAGE_VERSION=\"0.22.2\" "-DPACKAGE_STRING=\"LibRaw 0.22.2\"" -DPACKAGE_BUGREPORT=\"info@libraw.org\" -DPACKAGE_URL=\"http://www.libraw.org\" -DHAVE_STDIO_H=1 -DHAVE_STDLIB_H=1 -DHAVE_STRING_H=1 -DHAVE_INTTYPES_H=1 -DHAVE_STDINT_H=1 -DHAVE_STRINGS_H=1 -DHAVE_SYS_STAT_H=1 -DHAVE_SYS_TYPES_H=1 -DHAVE_UNISTD_H=1 -DSTDC_HEADERS=1 -DHAVE_DLFCN_H=1 -DLT_OBJDIR=\".libs/\" -DHAVE_JPEGLIB_H=1 -I. -DUSE_JPEG -DUSE_JPEG8 -DUSE_ZLIB -DUSE_LCMS2 -std=gnu++11 -Wno-error=unknown-pragmas -DCMS_NO_REGISTER_KEYWORD=1 -fopenmp -MT src/metadata/adobepano.lo -MD -MP -MF src/metadata/.deps/adobepano.Tpo -c src/metadata/adobepano.cpp  -fPIC -DPIC -o src/metadata/.libs/adobepano.o
libtool: compile:  /usr/bin/c++ -DPACKAGE_NAME=\"LibRaw\" -DPACKAGE_TARNAME=\"libraw\" -DPACKAGE_VERSION=\"0.22.2\" "-DPACKAGE_STRING=\"LibRaw 0.22.2\"" -DPACKAGE_BUGREPORT=\"info@libraw.org\" -DPACKAGE_URL=\"http://www.libraw.org\" -DHAVE_STDIO_H=1 -DHAVE_STDLIB_H=1 -DHAVE_STRING_H=1 -DHAVE_INTTYPES_H=1 -DHAVE_STDINT_H=1 -DHAVE_STRINGS_H=1 -DHAVE_SYS_STAT_H=1 -DHAVE_SYS_TYPES_H=1 -DHAVE_UNISTD_H=1 -DSTDC_HEADERS=1 -DHAVE_DLFCN_H=1 -DLT_OBJDIR=\".libs/\" -DHAVE_JPEGLIB_H=1 -I. -DUSE_JPEG -DUSE_JPEG8 -DUSE_ZLIB -DUSE_LCMS2 -std=gnu++11 -Wno-error=unknown-pragmas -DCMS_NO_REGISTER_KEYWORD=1 -fopenmp -MT src/metadata/canon.lo -MD -MP -MF src/metadata/.deps/canon.Tpo -c src/metadata/canon.cpp  -fPIC -DPIC -o src/metadata/.libs/canon.o
libtool: compile:  /usr/bin/c++ -DPACKAGE_NAME=\"LibRaw\" -DPACKAGE_TARNAME=\"libraw\" -DPACKAGE_VERSION=\"0.22.2\" "-DPACKAGE_STRING=\"LibRaw 0.22.2\"" -DPACKAGE_BUGREPORT=\"info@libraw.org\" -DPACKAGE_URL=\"http://www.libraw.org\" -DHAVE_STDIO_H=1 -DHAVE_STDLIB_H=1 -DHAVE_STRING_H=1 -DHAVE_INTTYPES_H=1 -DHAVE_STDINT_H=1 -DHAVE_STRINGS_H=1 -DHAVE_SYS_STAT_H=1 -DHAVE_SYS_TYPES_H=1 -DHAVE_UNISTD_H=1 -DSTDC_HEADERS=1 -DHAVE_DLFCN_H=1 -DLT_OBJDIR=\".libs/\" -DHAVE_JPEGLIB_H=1 -I. -DUSE_JPEG -DUSE_JPEG8 -DUSE_ZLIB -DUSE_LCMS2 -std=gnu++11 -Wno-error=unknown-pragmas -DCMS_NO_REGISTER_KEYWORD=1 -fopenmp -MT src/metadata/ciff.lo -MD -MP -MF src/metadata/.deps/ciff.Tpo -c src/metadata/ciff.cpp  -fPIC -DPIC -o src/metadata/.libs/ciff.o
libtool: compile:  /usr/bin/c++ -DPACKAGE_NAME=\"LibRaw\" -DPACKAGE_TARNAME=\"libraw\" -DPACKAGE_VERSION=\"0.22.2\" "-DPACKAGE_STRING=\"LibRaw 0.22.2\"" -DPACKAGE_BUGREPORT=\"info@libraw.org\" -DPACKAGE_URL=\"http://www.libraw.org\" -DHAVE_STDIO_H=1 -DHAVE_STDLIB_H=1 -DHAVE_STRING_H=1 -DHAVE_INTTYPES_H=1 -DHAVE_STDINT_H=1 -DHAVE_STRINGS_H=1 -DHAVE_SYS_STAT_H=1 -DHAVE_SYS_TYPES_H=1 -DHAVE_UNISTD_H=1 -DSTDC_HEADERS=1 -DHAVE_DLFCN_H=1 -DLT_OBJDIR=\".libs/\" -DHAVE_JPEGLIB_H=1 -I. -DUSE_JPEG -DUSE_JPEG8 -DUSE_ZLIB -DUSE_LCMS2 -std=gnu++11 -Wno-error=unknown-pragmas -DCMS_NO_REGISTER_KEYWORD=1 -fopenmp -MT src/metadata/cr3_parser.lo -MD -MP -MF src/metadata/.deps/cr3_parser.Tpo -c src/metadata/cr3_parser.cpp  -fPIC -DPIC -o src/metadata/.libs/cr3_parser.o
libtool: compile:  /usr/bin/c++ -DPACKAGE_NAME=\"LibRaw\" -DPACKAGE_TARNAME=\"libraw\" -DPACKAGE_VERSION=\"0.22.2\" "-DPACKAGE_STRING=\"LibRaw 0.22.2\"" -DPACKAGE_BUGREPORT=\"info@libraw.org\" -DPACKAGE_URL=\"http://www.libraw.org\" -DHAVE_STDIO_H=1 -DHAVE_STDLIB_H=1 -DHAVE_STRING_H=1 -DHAVE_INTTYPES_H=1 -DHAVE_STDINT_H=1 -DHAVE_STRINGS_H=1 -DHAVE_SYS_STAT_H=1 -DHAVE_SYS_TYPES_H=1 -DHAVE_UNISTD_H=1 -DSTDC_HEADERS=1 -DHAVE_DLFCN_H=1 -DLT_OBJDIR=\".libs/\" -DHAVE_JPEGLIB_H=1 -I. -DUSE_JPEG -DUSE_JPEG8 -DUSE_ZLIB -DUSE_LCMS2 -std=gnu++11 -Wno-error=unknown-pragmas -DCMS_NO_REGISTER_KEYWORD=1 -fopenmp -MT src/metadata/epson.lo -MD -MP -MF src/metadata/.deps/epson.Tpo -c src/metadata/epson.cpp  -fPIC -DPIC -o src/metadata/.libs/epson.o
libtool: compile:  /usr/bin/c++ -DPACKAGE_NAME=\"LibRaw\" -DPACKAGE_TARNAME=\"libraw\" -DPACKAGE_VERSION=\"0.22.2\" "-DPACKAGE_STRING=\"LibRaw 0.22.2\"" -DPACKAGE_BUGREPORT=\"info@libraw.org\" -DPACKAGE_URL=\"http://www.libraw.org\" -DHAVE_STDIO_H=1 -DHAVE_STDLIB_H=1 -DHAVE_STRING_H=1 -DHAVE_INTTYPES_H=1 -DHAVE_STDINT_H=1 -DHAVE_STRINGS_H=1 -DHAVE_SYS_STAT_H=1 -DHAVE_SYS_TYPES_H=1 -DHAVE_UNISTD_H=1 -DSTDC_HEADERS=1 -DHAVE_DLFCN_H=1 -DLT_OBJDIR=\".libs/\" -DHAVE_JPEGLIB_H=1 -I. -DUSE_JPEG -DUSE_JPEG8 -DUSE_ZLIB -DUSE_LCMS2 -std=gnu++11 -Wno-error=unknown-pragmas -DCMS_NO_REGISTER_KEYWORD=1 -fopenmp -MT src/metadata/exif_gps.lo -MD -MP -MF src/metadata/.deps/exif_gps.Tpo -c src/metadata/exif_gps.cpp  -fPIC -DPIC -o src/metadata/.libs/exif_gps.o
libtool: compile:  /usr/bin/c++ -DPACKAGE_NAME=\"LibRaw\" -DPACKAGE_TARNAME=\"libraw\" -DPACKAGE_VERSION=\"0.22.2\" "-DPACKAGE_STRING=\"LibRaw 0.22.2\"" -DPACKAGE_BUGREPORT=\"info@libraw.org\" -DPACKAGE_URL=\"http://www.libraw.org\" -DHAVE_STDIO_H=1 -DHAVE_STDLIB_H=1 -DHAVE_STRING_H=1 -DHAVE_INTTYPES_H=1 -DHAVE_STDINT_H=1 -DHAVE_STRINGS_H=1 -DHAVE_SYS_STAT_H=1 -DHAVE_SYS_TYPES_H=1 -DHAVE_UNISTD_H=1 -DSTDC_HEADERS=1 -DHAVE_DLFCN_H=1 -DLT_OBJDIR=\".libs/\" -DHAVE_JPEGLIB_H=1 -I. -DUSE_JPEG -DUSE_JPEG8 -DUSE_ZLIB -DUSE_LCMS2 -std=gnu++11 -Wno-error=unknown-pragmas -DCMS_NO_REGISTER_KEYWORD=1 -fopenmp -MT src/metadata/fuji.lo -MD -MP -MF src/metadata/.deps/fuji.Tpo -c src/metadata/fuji.cpp  -fPIC -DPIC -o src/metadata/.libs/fuji.o
[  1%] Linking CXX static library libfmt.a
libtool: compile:  /usr/bin/c++ -DPACKAGE_NAME=\"LibRaw\" -DPACKAGE_TARNAME=\"libraw\" -DPACKAGE_VERSION=\"0.22.2\" "-DPACKAGE_STRING=\"LibRaw 0.22.2\"" -DPACKAGE_BUGREPORT=\"info@libraw.org\" -DPACKAGE_URL=\"http://www.libraw.org\" -DHAVE_STDIO_H=1 -DHAVE_STDLIB_H=1 -DHAVE_STRING_H=1 -DHAVE_INTTYPES_H=1 -DHAVE_STDINT_H=1 -DHAVE_STRINGS_H=1 -DHAVE_SYS_STAT_H=1 -DHAVE_SYS_TYPES_H=1 -DHAVE_UNISTD_H=1 -DSTDC_HEADERS=1 -DHAVE_DLFCN_H=1 -DLT_OBJDIR=\".libs/\" -DHAVE_JPEGLIB_H=1 -I. -DUSE_JPEG -DUSE_JPEG8 -DUSE_ZLIB -DUSE_LCMS2 -std=gnu++11 -Wno-error=unknown-pragmas -DCMS_NO_REGISTER_KEYWORD=1 -fopenmp -MT src/decoders/unpack.lo -MD -MP -MF src/decoders/.deps/unpack.Tpo -c src/decoders/unpack.cpp -o src/decoders/unpack.o >/dev/null 2>&1
libtool: compile:  /usr/bin/c++ -DPACKAGE_NAME=\"LibRaw\" -DPACKAGE_TARNAME=\"libraw\" -DPACKAGE_VERSION=\"0.22.2\" "-DPACKAGE_STRING=\"LibRaw 0.22.2\"" -DPACKAGE_BUGREPORT=\"info@libraw.org\" -DPACKAGE_URL=\"http://www.libraw.org\" -DHAVE_STDIO_H=1 -DHAVE_STDLIB_H=1 -DHAVE_STRING_H=1 -DHAVE_INTTYPES_H=1 -DHAVE_STDINT_H=1 -DHAVE_STRINGS_H=1 -DHAVE_SYS_STAT_H=1 -DHAVE_SYS_TYPES_H=1 -DHAVE_UNISTD_H=1 -DSTDC_HEADERS=1 -DHAVE_DLFCN_H=1 -DLT_OBJDIR=\".libs/\" -DHAVE_JPEGLIB_H=1 -I. -DUSE_JPEG -DUSE_JPEG8 -DUSE_ZLIB -DUSE_LCMS2 -std=gnu++11 -Wno-error=unknown-pragmas -DCMS_NO_REGISTER_KEYWORD=1 -fopenmp -MT src/metadata/identify_tools.lo -MD -MP -MF src/metadata/.deps/identify_tools.Tpo -c src/metadata/identify_tools.cpp  -fPIC -DPIC -o src/metadata/.libs/identify_tools.o
libtool: compile:  /usr/bin/c++ -DPACKAGE_NAME=\"LibRaw\" -DPACKAGE_TARNAME=\"libraw\" -DPACKAGE_VERSION=\"0.22.2\" "-DPACKAGE_STRING=\"LibRaw 0.22.2\"" -DPACKAGE_BUGREPORT=\"info@libraw.org\" -DPACKAGE_URL=\"http://www.libraw.org\" -DHAVE_STDIO_H=1 -DHAVE_STDLIB_H=1 -DHAVE_STRING_H=1 -DHAVE_INTTYPES_H=1 -DHAVE_STDINT_H=1 -DHAVE_STRINGS_H=1 -DHAVE_SYS_STAT_H=1 -DHAVE_SYS_TYPES_H=1 -DHAVE_UNISTD_H=1 -DSTDC_HEADERS=1 -DHAVE_DLFCN_H=1 -DLT_OBJDIR=\".libs/\" -DHAVE_JPEGLIB_H=1 -I. -DUSE_JPEG -DUSE_JPEG8 -DUSE_ZLIB -DUSE_LCMS2 -std=gnu++11 -Wno-error=unknown-pragmas -DCMS_NO_REGISTER_KEYWORD=1 -fopenmp -MT src/metadata/identify.lo -MD -MP -MF src/metadata/.deps/identify.Tpo -c src/metadata/identify.cpp  -fPIC -DPIC -o src/metadata/.libs/identify.o
libtool: compile:  /usr/bin/c++ -DPACKAGE_NAME=\"LibRaw\" -DPACKAGE_TARNAME=\"libraw\" -DPACKAGE_VERSION=\"0.22.2\" "-DPACKAGE_STRING=\"LibRaw 0.22.2\"" -DPACKAGE_BUGREPORT=\"info@libraw.org\" -DPACKAGE_URL=\"http://www.libraw.org\" -DHAVE_STDIO_H=1 -DHAVE_STDLIB_H=1 -DHAVE_STRING_H=1 -DHAVE_INTTYPES_H=1 -DHAVE_STDINT_H=1 -DHAVE_STRINGS_H=1 -DHAVE_SYS_STAT_H=1 -DHAVE_SYS_TYPES_H=1 -DHAVE_UNISTD_H=1 -DSTDC_HEADERS=1 -DHAVE_DLFCN_H=1 -DLT_OBJDIR=\".libs/\" -DHAVE_JPEGLIB_H=1 -I. -DUSE_JPEG -DUSE_JPEG8 -DUSE_ZLIB -DUSE_LCMS2 -std=gnu++11 -Wno-error=unknown-pragmas -DCMS_NO_REGISTER_KEYWORD=1 -fopenmp -MT src/integration/rawspeed_glue.lo -MD -MP -MF src/integration/.deps/rawspeed_glue.Tpo -c src/integration/rawspeed_glue.cpp -o src/integration/rawspeed_glue.o >/dev/null 2>&1
libtool: compile:  /usr/bin/c++ -DPACKAGE_NAME=\"LibRaw\" -DPACKAGE_TARNAME=\"libraw\" -DPACKAGE_VERSION=\"0.22.2\" "-DPACKAGE_STRING=\"LibRaw 0.22.2\"" -DPACKAGE_BUGREPORT=\"info@libraw.org\" -DPACKAGE_URL=\"http://www.libraw.org\" -DHAVE_STDIO_H=1 -DHAVE_STDLIB_H=1 -DHAVE_STRING_H=1 -DHAVE_INTTYPES_H=1 -DHAVE_STDINT_H=1 -DHAVE_STRINGS_H=1 -DHAVE_SYS_STAT_H=1 -DHAVE_SYS_TYPES_H=1 -DHAVE_UNISTD_H=1 -DSTDC_HEADERS=1 -DHAVE_DLFCN_H=1 -DLT_OBJDIR=\".libs/\" -DHAVE_JPEGLIB_H=1 -I. -DUSE_JPEG -DUSE_JPEG8 -DUSE_ZLIB -DUSE_LCMS2 -std=gnu++11 -Wno-error=unknown-pragmas -DCMS_NO_REGISTER_KEYWORD=1 -fopenmp -MT src/demosaic/ahd_demosaic.lo -MD -MP -MF src/demosaic/.deps/ahd_demosaic.Tpo -c src/demosaic/ahd_demosaic.cpp -o src/demosaic/ahd_demosaic.o >/dev/null 2>&1
libtool: compile:  /usr/bin/c++ -DPACKAGE_NAME=\"LibRaw\" -DPACKAGE_TARNAME=\"libraw\" -DPACKAGE_VERSION=\"0.22.2\" "-DPACKAGE_STRING=\"LibRaw 0.22.2\"" -DPACKAGE_BUGREPORT=\"info@libraw.org\" -DPACKAGE_URL=\"http://www.libraw.org\" -DHAVE_STDIO_H=1 -DHAVE_STDLIB_H=1 -DHAVE_STRING_H=1 -DHAVE_INTTYPES_H=1 -DHAVE_STDINT_H=1 -DHAVE_STRINGS_H=1 -DHAVE_SYS_STAT_H=1 -DHAVE_SYS_TYPES_H=1 -DHAVE_UNISTD_H=1 -DSTDC_HEADERS=1 -DHAVE_DLFCN_H=1 -DLT_OBJDIR=\".libs/\" -DHAVE_JPEGLIB_H=1 -I. -DUSE_JPEG -DUSE_JPEG8 -DUSE_ZLIB -DUSE_LCMS2 -std=gnu++11 -Wno-error=unknown-pragmas -DCMS_NO_REGISTER_KEYWORD=1 -fopenmp -MT src/integration/dngsdk_glue.lo -MD -MP -MF src/integration/.deps/dngsdk_glue.Tpo -c src/integration/dngsdk_glue.cpp -o src/integration/dngsdk_glue.o >/dev/null 2>&1
[  1%] Built target fmt
libtool: compile:  /usr/bin/c++ -DPACKAGE_NAME=\"LibRaw\" -DPACKAGE_TARNAME=\"libraw\" -DPACKAGE_VERSION=\"0.22.2\" "-DPACKAGE_STRING=\"LibRaw 0.22.2\"" -DPACKAGE_BUGREPORT=\"info@libraw.org\" -DPACKAGE_URL=\"http://www.libraw.org\" -DHAVE_STDIO_H=1 -DHAVE_STDLIB_H=1 -DHAVE_STRING_H=1 -DHAVE_INTTYPES_H=1 -DHAVE_STDINT_H=1 -DHAVE_STRINGS_H=1 -DHAVE_SYS_STAT_H=1 -DHAVE_SYS_TYPES_H=1 -DHAVE_UNISTD_H=1 -DSTDC_HEADERS=1 -DHAVE_DLFCN_H=1 -DLT_OBJDIR=\".libs/\" -DHAVE_JPEGLIB_H=1 -I. -DUSE_JPEG -DUSE_JPEG8 -DUSE_ZLIB -DUSE_LCMS2 -std=gnu++11 -Wno-error=unknown-pragmas -DCMS_NO_REGISTER_KEYWORD=1 -fopenmp -MT src/demosaic/aahd_demosaic.lo -MD -MP -MF src/demosaic/.deps/aahd_demosaic.Tpo -c src/demosaic/aahd_demosaic.cpp -o src/demosaic/aahd_demosaic.o >/dev/null 2>&1
libtool: compile:  /usr/bin/c++ -DPACKAGE_NAME=\"LibRaw\" -DPACKAGE_TARNAME=\"libraw\" -DPACKAGE_VERSION=\"0.22.2\" "-DPACKAGE_STRING=\"LibRaw 0.22.2\"" -DPACKAGE_BUGREPORT=\"info@libraw.org\" -DPACKAGE_URL=\"http://www.libraw.org\" -DHAVE_STDIO_H=1 -DHAVE_STDLIB_H=1 -DHAVE_STRING_H=1 -DHAVE_INTTYPES_H=1 -DHAVE_STDINT_H=1 -DHAVE_STRINGS_H=1 -DHAVE_SYS_STAT_H=1 -DHAVE_SYS_TYPES_H=1 -DHAVE_UNISTD_H=1 -DSTDC_HEADERS=1 -DHAVE_DLFCN_H=1 -DLT_OBJDIR=\".libs/\" -DHAVE_JPEGLIB_H=1 -I. -DUSE_JPEG -DUSE_JPEG8 -DUSE_ZLIB -DUSE_LCMS2 -std=gnu++11 -Wno-error=unknown-pragmas -DCMS_NO_REGISTER_KEYWORD=1 -fopenmp -MT src/metadata/kodak.lo -MD -MP -MF src/metadata/.deps/kodak.Tpo -c src/metadata/kodak.cpp  -fPIC -DPIC -o src/metadata/.libs/kodak.o
libtool: compile:  /usr/bin/c++ -DPACKAGE_NAME=\"LibRaw\" -DPACKAGE_TARNAME=\"libraw\" -DPACKAGE_VERSION=\"0.22.2\" "-DPACKAGE_STRING=\"LibRaw 0.22.2\"" -DPACKAGE_BUGREPORT=\"info@libraw.org\" -DPACKAGE_URL=\"http://www.libraw.org\" -DHAVE_STDIO_H=1 -DHAVE_STDLIB_H=1 -DHAVE_STRING_H=1 -DHAVE_INTTYPES_H=1 -DHAVE_STDINT_H=1 -DHAVE_STRINGS_H=1 -DHAVE_SYS_STAT_H=1 -DHAVE_SYS_TYPES_H=1 -DHAVE_UNISTD_H=1 -DSTDC_HEADERS=1 -DHAVE_DLFCN_H=1 -DLT_OBJDIR=\".libs/\" -DHAVE_JPEGLIB_H=1 -I. -DUSE_JPEG -DUSE_JPEG8 -DUSE_ZLIB -DUSE_LCMS2 -std=gnu++11 -Wno-error=unknown-pragmas -DCMS_NO_REGISTER_KEYWORD=1 -fopenmp -MT src/demosaic/misc_demosaic.lo -MD -MP -MF src/demosaic/.deps/misc_demosaic.Tpo -c src/demosaic/misc_demosaic.cpp -o src/demosaic/misc_demosaic.o >/dev/null 2>&1
libtool: compile:  /usr/bin/c++ -DPACKAGE_NAME=\"LibRaw\" -DPACKAGE_TARNAME=\"libraw\" -DPACKAGE_VERSION=\"0.22.2\" "-DPACKAGE_STRING=\"LibRaw 0.22.2\"" -DPACKAGE_BUGREPORT=\"info@libraw.org\" -DPACKAGE_URL=\"http://www.libraw.org\" -DHAVE_STDIO_H=1 -DHAVE_STDLIB_H=1 -DHAVE_STRING_H=1 -DHAVE_INTTYPES_H=1 -DHAVE_STDINT_H=1 -DHAVE_STRINGS_H=1 -DHAVE_SYS_STAT_H=1 -DHAVE_SYS_TYPES_H=1 -DHAVE_UNISTD_H=1 -DSTDC_HEADERS=1 -DHAVE_DLFCN_H=1 -DLT_OBJDIR=\".libs/\" -DHAVE_JPEGLIB_H=1 -I. -DUSE_JPEG -DUSE_JPEG8 -DUSE_ZLIB -DUSE_LCMS2 -std=gnu++11 -Wno-error=unknown-pragmas -DCMS_NO_REGISTER_KEYWORD=1 -fopenmp -MT src/demosaic/xtrans_demosaic.lo -MD -MP -MF src/demosaic/.deps/xtrans_demosaic.Tpo -c src/demosaic/xtrans_demosaic.cpp -o src/demosaic/xtrans_demosaic.o >/dev/null 2>&1
libtool: compile:  /usr/bin/c++ -DPACKAGE_NAME=\"LibRaw\" -DPACKAGE_TARNAME=\"libraw\" -DPACKAGE_VERSION=\"0.22.2\" "-DPACKAGE_STRING=\"LibRaw 0.22.2\"" -DPACKAGE_BUGREPORT=\"info@libraw.org\" -DPACKAGE_URL=\"http://www.libraw.org\" -DHAVE_STDIO_H=1 -DHAVE_STDLIB_H=1 -DHAVE_STRING_H=1 -DHAVE_INTTYPES_H=1 -DHAVE_STDINT_H=1 -DHAVE_STRINGS_H=1 -DHAVE_SYS_STAT_H=1 -DHAVE_SYS_TYPES_H=1 -DHAVE_UNISTD_H=1 -DSTDC_HEADERS=1 -DHAVE_DLFCN_H=1 -DLT_OBJDIR=\".libs/\" -DHAVE_JPEGLIB_H=1 -I. -DUSE_JPEG -DUSE_JPEG8 -DUSE_ZLIB -DUSE_LCMS2 -std=gnu++11 -Wno-error=unknown-pragmas -DCMS_NO_REGISTER_KEYWORD=1 -fopenmp -MT src/metadata/ciff.lo -MD -MP -MF src/metadata/.deps/ciff.Tpo -c src/metadata/ciff.cpp -o src/metadata/ciff.o >/dev/null 2>&1
libtool: compile:  /usr/bin/c++ -DPACKAGE_NAME=\"LibRaw\" -DPACKAGE_TARNAME=\"libraw\" -DPACKAGE_VERSION=\"0.22.2\" "-DPACKAGE_STRING=\"LibRaw 0.22.2\"" -DPACKAGE_BUGREPORT=\"info@libraw.org\" -DPACKAGE_URL=\"http://www.libraw.org\" -DHAVE_STDIO_H=1 -DHAVE_STDLIB_H=1 -DHAVE_STRING_H=1 -DHAVE_INTTYPES_H=1 -DHAVE_STDINT_H=1 -DHAVE_STRINGS_H=1 -DHAVE_SYS_STAT_H=1 -DHAVE_SYS_TYPES_H=1 -DHAVE_UNISTD_H=1 -DSTDC_HEADERS=1 -DHAVE_DLFCN_H=1 -DLT_OBJDIR=\".libs/\" -DHAVE_JPEGLIB_H=1 -I. -DUSE_JPEG -DUSE_JPEG8 -DUSE_ZLIB -DUSE_LCMS2 -std=gnu++11 -Wno-error=unknown-pragmas -DCMS_NO_REGISTER_KEYWORD=1 -fopenmp -MT src/demosaic/dht_demosaic.lo -MD -MP -MF src/demosaic/.deps/dht_demosaic.Tpo -c src/demosaic/dht_demosaic.cpp -o src/demosaic/dht_demosaic.o >/dev/null 2>&1
libtool: compile:  /usr/bin/c++ -DPACKAGE_NAME=\"LibRaw\" -DPACKAGE_TARNAME=\"libraw\" -DPACKAGE_VERSION=\"0.22.2\" "-DPACKAGE_STRING=\"LibRaw 0.22.2\"" -DPACKAGE_BUGREPORT=\"info@libraw.org\" -DPACKAGE_URL=\"http://www.libraw.org\" -DHAVE_STDIO_H=1 -DHAVE_STDLIB_H=1 -DHAVE_STRING_H=1 -DHAVE_INTTYPES_H=1 -DHAVE_STDINT_H=1 -DHAVE_STRINGS_H=1 -DHAVE_SYS_STAT_H=1 -DHAVE_SYS_TYPES_H=1 -DHAVE_UNISTD_H=1 -DSTDC_HEADERS=1 -DHAVE_DLFCN_H=1 -DLT_OBJDIR=\".libs/\" -DHAVE_JPEGLIB_H=1 -I. -DUSE_JPEG -DUSE_JPEG8 -DUSE_ZLIB -DUSE_LCMS2 -std=gnu++11 -Wno-error=unknown-pragmas -DCMS_NO_REGISTER_KEYWORD=1 -fopenmp -MT src/metadata/adobepano.lo -MD -MP -MF src/metadata/.deps/adobepano.Tpo -c src/metadata/adobepano.cpp -o src/metadata/adobepano.o >/dev/null 2>&1
libtool: compile:  /usr/bin/c++ -DPACKAGE_NAME=\"LibRaw\" -DPACKAGE_TARNAME=\"libraw\" -DPACKAGE_VERSION=\"0.22.2\" "-DPACKAGE_STRING=\"LibRaw 0.22.2\"" -DPACKAGE_BUGREPORT=\"info@libraw.org\" -DPACKAGE_URL=\"http://www.libraw.org\" -DHAVE_STDIO_H=1 -DHAVE_STDLIB_H=1 -DHAVE_STRING_H=1 -DHAVE_INTTYPES_H=1 -DHAVE_STDINT_H=1 -DHAVE_STRINGS_H=1 -DHAVE_SYS_STAT_H=1 -DHAVE_SYS_TYPES_H=1 -DHAVE_UNISTD_H=1 -DSTDC_HEADERS=1 -DHAVE_DLFCN_H=1 -DLT_OBJDIR=\".libs/\" -DHAVE_JPEGLIB_H=1 -I. -DUSE_JPEG -DUSE_JPEG8 -DUSE_ZLIB -DUSE_LCMS2 -std=gnu++11 -Wno-error=unknown-pragmas -DCMS_NO_REGISTER_KEYWORD=1 -fopenmp -MT src/metadata/canon.lo -MD -MP -MF src/metadata/.deps/canon.Tpo -c src/metadata/canon.cpp -o src/metadata/canon.o >/dev/null 2>&1
libtool: compile:  /usr/bin/c++ -DPACKAGE_NAME=\"LibRaw\" -DPACKAGE_TARNAME=\"libraw\" -DPACKAGE_VERSION=\"0.22.2\" "-DPACKAGE_STRING=\"LibRaw 0.22.2\"" -DPACKAGE_BUGREPORT=\"info@libraw.org\" -DPACKAGE_URL=\"http://www.libraw.org\" -DHAVE_STDIO_H=1 -DHAVE_STDLIB_H=1 -DHAVE_STRING_H=1 -DHAVE_INTTYPES_H=1 -DHAVE_STDINT_H=1 -DHAVE_STRINGS_H=1 -DHAVE_SYS_STAT_H=1 -DHAVE_SYS_TYPES_H=1 -DHAVE_UNISTD_H=1 -DSTDC_HEADERS=1 -DHAVE_DLFCN_H=1 -DLT_OBJDIR=\".libs/\" -DHAVE_JPEGLIB_H=1 -I. -DUSE_JPEG -DUSE_JPEG8 -DUSE_ZLIB -DUSE_LCMS2 -std=gnu++11 -Wno-error=unknown-pragmas -DCMS_NO_REGISTER_KEYWORD=1 -fopenmp -MT src/metadata/cr3_parser.lo -MD -MP -MF src/metadata/.deps/cr3_parser.Tpo -c src/metadata/cr3_parser.cpp -o src/metadata/cr3_parser.o >/dev/null 2>&1
libtool: compile:  /usr/bin/c++ -DPACKAGE_NAME=\"LibRaw\" -DPACKAGE_TARNAME=\"libraw\" -DPACKAGE_VERSION=\"0.22.2\" "-DPACKAGE_STRING=\"LibRaw 0.22.2\"" -DPACKAGE_BUGREPORT=\"info@libraw.org\" -DPACKAGE_URL=\"http://www.libraw.org\" -DHAVE_STDIO_H=1 -DHAVE_STDLIB_H=1 -DHAVE_STRING_H=1 -DHAVE_INTTYPES_H=1 -DHAVE_STDINT_H=1 -DHAVE_STRINGS_H=1 -DHAVE_SYS_STAT_H=1 -DHAVE_SYS_TYPES_H=1 -DHAVE_UNISTD_H=1 -DSTDC_HEADERS=1 -DHAVE_DLFCN_H=1 -DLT_OBJDIR=\".libs/\" -DHAVE_JPEGLIB_H=1 -I. -DUSE_JPEG -DUSE_JPEG8 -DUSE_ZLIB -DUSE_LCMS2 -std=gnu++11 -Wno-error=unknown-pragmas -DCMS_NO_REGISTER_KEYWORD=1 -fopenmp -MT src/metadata/exif_gps.lo -MD -MP -MF src/metadata/.deps/exif_gps.Tpo -c src/metadata/exif_gps.cpp -o src/metadata/exif_gps.o >/dev/null 2>&1
libtool: compile:  /usr/bin/c++ -DPACKAGE_NAME=\"LibRaw\" -DPACKAGE_TARNAME=\"libraw\" -DPACKAGE_VERSION=\"0.22.2\" "-DPACKAGE_STRING=\"LibRaw 0.22.2\"" -DPACKAGE_BUGREPORT=\"info@libraw.org\" -DPACKAGE_URL=\"http://www.libraw.org\" -DHAVE_STDIO_H=1 -DHAVE_STDLIB_H=1 -DHAVE_STRING_H=1 -DHAVE_INTTYPES_H=1 -DHAVE_STDINT_H=1 -DHAVE_STRINGS_H=1 -DHAVE_SYS_STAT_H=1 -DHAVE_SYS_TYPES_H=1 -DHAVE_UNISTD_H=1 -DSTDC_HEADERS=1 -DHAVE_DLFCN_H=1 -DLT_OBJDIR=\".libs/\" -DHAVE_JPEGLIB_H=1 -I. -DUSE_JPEG -DUSE_JPEG8 -DUSE_ZLIB -DUSE_LCMS2 -std=gnu++11 -Wno-error=unknown-pragmas -DCMS_NO_REGISTER_KEYWORD=1 -fopenmp -MT src/metadata/epson.lo -MD -MP -MF src/metadata/.deps/epson.Tpo -c src/metadata/epson.cpp -o src/metadata/epson.o >/dev/null 2>&1
libtool: compile:  /usr/bin/c++ -DPACKAGE_NAME=\"LibRaw\" -DPACKAGE_TARNAME=\"libraw\" -DPACKAGE_VERSION=\"0.22.2\" "-DPACKAGE_STRING=\"LibRaw 0.22.2\"" -DPACKAGE_BUGREPORT=\"info@libraw.org\" -DPACKAGE_URL=\"http://www.libraw.org\" -DHAVE_STDIO_H=1 -DHAVE_STDLIB_H=1 -DHAVE_STRING_H=1 -DHAVE_INTTYPES_H=1 -DHAVE_STDINT_H=1 -DHAVE_STRINGS_H=1 -DHAVE_SYS_STAT_H=1 -DHAVE_SYS_TYPES_H=1 -DHAVE_UNISTD_H=1 -DSTDC_HEADERS=1 -DHAVE_DLFCN_H=1 -DLT_OBJDIR=\".libs/\" -DHAVE_JPEGLIB_H=1 -I. -DUSE_JPEG -DUSE_JPEG8 -DUSE_ZLIB -DUSE_LCMS2 -std=gnu++11 -Wno-error=unknown-pragmas -DCMS_NO_REGISTER_KEYWORD=1 -fopenmp -MT src/metadata/leica.lo -MD -MP -MF src/metadata/.deps/leica.Tpo -c src/metadata/leica.cpp  -fPIC -DPIC -o src/metadata/.libs/leica.o
libtool: compile:  /usr/bin/c++ -DPACKAGE_NAME=\"LibRaw\" -DPACKAGE_TARNAME=\"libraw\" -DPACKAGE_VERSION=\"0.22.2\" "-DPACKAGE_STRING=\"LibRaw 0.22.2\"" -DPACKAGE_BUGREPORT=\"info@libraw.org\" -DPACKAGE_URL=\"http://www.libraw.org\" -DHAVE_STDIO_H=1 -DHAVE_STDLIB_H=1 -DHAVE_STRING_H=1 -DHAVE_INTTYPES_H=1 -DHAVE_STDINT_H=1 -DHAVE_STRINGS_H=1 -DHAVE_SYS_STAT_H=1 -DHAVE_SYS_TYPES_H=1 -DHAVE_UNISTD_H=1 -DSTDC_HEADERS=1 -DHAVE_DLFCN_H=1 -DLT_OBJDIR=\".libs/\" -DHAVE_JPEGLIB_H=1 -I. -DUSE_JPEG -DUSE_JPEG8 -DUSE_ZLIB -DUSE_LCMS2 -std=gnu++11 -Wno-error=unknown-pragmas -DCMS_NO_REGISTER_KEYWORD=1 -fopenmp -MT src/metadata/identify_tools.lo -MD -MP -MF src/metadata/.deps/identify_tools.Tpo -c src/metadata/identify_tools.cpp -o src/metadata/identify_tools.o >/dev/null 2>&1
libtool: compile:  /usr/bin/c++ -DPACKAGE_NAME=\"LibRaw\" -DPACKAGE_TARNAME=\"libraw\" -DPACKAGE_VERSION=\"0.22.2\" "-DPACKAGE_STRING=\"LibRaw 0.22.2\"" -DPACKAGE_BUGREPORT=\"info@libraw.org\" -DPACKAGE_URL=\"http://www.libraw.org\" -DHAVE_STDIO_H=1 -DHAVE_STDLIB_H=1 -DHAVE_STRING_H=1 -DHAVE_INTTYPES_H=1 -DHAVE_STDINT_H=1 -DHAVE_STRINGS_H=1 -DHAVE_SYS_STAT_H=1 -DHAVE_SYS_TYPES_H=1 -DHAVE_UNISTD_H=1 -DSTDC_HEADERS=1 -DHAVE_DLFCN_H=1 -DLT_OBJDIR=\".libs/\" -DHAVE_JPEGLIB_H=1 -I. -DUSE_JPEG -DUSE_JPEG8 -DUSE_ZLIB -DUSE_LCMS2 -std=gnu++11 -Wno-error=unknown-pragmas -DCMS_NO_REGISTER_KEYWORD=1 -fopenmp -MT src/demosaic/dcb_demosaic.lo -MD -MP -MF src/demosaic/.deps/dcb_demosaic.Tpo -c src/demosaic/dcb_demosaic.cpp -o src/demosaic/dcb_demosaic.o >/dev/null 2>&1
libtool: compile:  /usr/bin/c++ -DPACKAGE_NAME=\"LibRaw\" -DPACKAGE_TARNAME=\"libraw\" -DPACKAGE_VERSION=\"0.22.2\" "-DPACKAGE_STRING=\"LibRaw 0.22.2\"" -DPACKAGE_BUGREPORT=\"info@libraw.org\" -DPACKAGE_URL=\"http://www.libraw.org\" -DHAVE_STDIO_H=1 -DHAVE_STDLIB_H=1 -DHAVE_STRING_H=1 -DHAVE_INTTYPES_H=1 -DHAVE_STDINT_H=1 -DHAVE_STRINGS_H=1 -DHAVE_SYS_STAT_H=1 -DHAVE_SYS_TYPES_H=1 -DHAVE_UNISTD_H=1 -DSTDC_HEADERS=1 -DHAVE_DLFCN_H=1 -DLT_OBJDIR=\".libs/\" -DHAVE_JPEGLIB_H=1 -I. -DUSE_JPEG -DUSE_JPEG8 -DUSE_ZLIB -DUSE_LCMS2 -std=gnu++11 -Wno-error=unknown-pragmas -DCMS_NO_REGISTER_KEYWORD=1 -fopenmp -MT src/metadata/fuji.lo -MD -MP -MF src/metadata/.deps/fuji.Tpo -c src/metadata/fuji.cpp -o src/metadata/fuji.o >/dev/null 2>&1
libtool: compile:  /usr/bin/c++ -DPACKAGE_NAME=\"LibRaw\" -DPACKAGE_TARNAME=\"libraw\" -DPACKAGE_VERSION=\"0.22.2\" "-DPACKAGE_STRING=\"LibRaw 0.22.2\"" -DPACKAGE_BUGREPORT=\"info@libraw.org\" -DPACKAGE_URL=\"http://www.libraw.org\" -DHAVE_STDIO_H=1 -DHAVE_STDLIB_H=1 -DHAVE_STRING_H=1 -DHAVE_INTTYPES_H=1 -DHAVE_STDINT_H=1 -DHAVE_STRINGS_H=1 -DHAVE_SYS_STAT_H=1 -DHAVE_SYS_TYPES_H=1 -DHAVE_UNISTD_H=1 -DSTDC_HEADERS=1 -DHAVE_DLFCN_H=1 -DLT_OBJDIR=\".libs/\" -DHAVE_JPEGLIB_H=1 -I. -DUSE_JPEG -DUSE_JPEG8 -DUSE_ZLIB -DUSE_LCMS2 -std=gnu++11 -Wno-error=unknown-pragmas -DCMS_NO_REGISTER_KEYWORD=1 -fopenmp -MT src/metadata/makernotes.lo -MD -MP -MF src/metadata/.deps/makernotes.Tpo -c src/metadata/makernotes.cpp  -fPIC -DPIC -o src/metadata/.libs/makernotes.o
libtool: compile:  /usr/bin/c++ -DPACKAGE_NAME=\"LibRaw\" -DPACKAGE_TARNAME=\"libraw\" -DPACKAGE_VERSION=\"0.22.2\" "-DPACKAGE_STRING=\"LibRaw 0.22.2\"" -DPACKAGE_BUGREPORT=\"info@libraw.org\" -DPACKAGE_URL=\"http://www.libraw.org\" -DHAVE_STDIO_H=1 -DHAVE_STDLIB_H=1 -DHAVE_STRING_H=1 -DHAVE_INTTYPES_H=1 -DHAVE_STDINT_H=1 -DHAVE_STRINGS_H=1 -DHAVE_SYS_STAT_H=1 -DHAVE_SYS_TYPES_H=1 -DHAVE_UNISTD_H=1 -DSTDC_HEADERS=1 -DHAVE_DLFCN_H=1 -DLT_OBJDIR=\".libs/\" -DHAVE_JPEGLIB_H=1 -I. -DUSE_JPEG -DUSE_JPEG8 -DUSE_ZLIB -DUSE_LCMS2 -std=gnu++11 -Wno-error=unknown-pragmas -DCMS_NO_REGISTER_KEYWORD=1 -fopenmp -MT src/metadata/kodak.lo -MD -MP -MF src/metadata/.deps/kodak.Tpo -c src/metadata/kodak.cpp -o src/metadata/kodak.o >/dev/null 2>&1
libtool: compile:  /usr/bin/c++ -DPACKAGE_NAME=\"LibRaw\" -DPACKAGE_TARNAME=\"libraw\" -DPACKAGE_VERSION=\"0.22.2\" "-DPACKAGE_STRING=\"LibRaw 0.22.2\"" -DPACKAGE_BUGREPORT=\"info@libraw.org\" -DPACKAGE_URL=\"http://www.libraw.org\" -DHAVE_STDIO_H=1 -DHAVE_STDLIB_H=1 -DHAVE_STRING_H=1 -DHAVE_INTTYPES_H=1 -DHAVE_STDINT_H=1 -DHAVE_STRINGS_H=1 -DHAVE_SYS_STAT_H=1 -DHAVE_SYS_TYPES_H=1 -DHAVE_UNISTD_H=1 -DSTDC_HEADERS=1 -DHAVE_DLFCN_H=1 -DLT_OBJDIR=\".libs/\" -DHAVE_JPEGLIB_H=1 -I. -DUSE_JPEG -DUSE_JPEG8 -DUSE_ZLIB -DUSE_LCMS2 -std=gnu++11 -Wno-error=unknown-pragmas -DCMS_NO_REGISTER_KEYWORD=1 -fopenmp -MT src/metadata/mediumformat.lo -MD -MP -MF src/metadata/.deps/mediumformat.Tpo -c src/metadata/mediumformat.cpp  -fPIC -DPIC -o src/metadata/.libs/mediumformat.o
libtool: compile:  /usr/bin/c++ -DPACKAGE_NAME=\"LibRaw\" -DPACKAGE_TARNAME=\"libraw\" -DPACKAGE_VERSION=\"0.22.2\" "-DPACKAGE_STRING=\"LibRaw 0.22.2\"" -DPACKAGE_BUGREPORT=\"info@libraw.org\" -DPACKAGE_URL=\"http://www.libraw.org\" -DHAVE_STDIO_H=1 -DHAVE_STDLIB_H=1 -DHAVE_STRING_H=1 -DHAVE_INTTYPES_H=1 -DHAVE_STDINT_H=1 -DHAVE_STRINGS_H=1 -DHAVE_SYS_STAT_H=1 -DHAVE_SYS_TYPES_H=1 -DHAVE_UNISTD_H=1 -DSTDC_HEADERS=1 -DHAVE_DLFCN_H=1 -DLT_OBJDIR=\".libs/\" -DHAVE_JPEGLIB_H=1 -I. -DUSE_JPEG -DUSE_JPEG8 -DUSE_ZLIB -DUSE_LCMS2 -std=gnu++11 -Wno-error=unknown-pragmas -DCMS_NO_REGISTER_KEYWORD=1 -fopenmp -MT src/metadata/minolta.lo -MD -MP -MF src/metadata/.deps/minolta.Tpo -c src/metadata/minolta.cpp  -fPIC -DPIC -o src/metadata/.libs/minolta.o
libtool: compile:  /usr/bin/c++ -DPACKAGE_NAME=\"LibRaw\" -DPACKAGE_TARNAME=\"libraw\" -DPACKAGE_VERSION=\"0.22.2\" "-DPACKAGE_STRING=\"LibRaw 0.22.2\"" -DPACKAGE_BUGREPORT=\"info@libraw.org\" -DPACKAGE_URL=\"http://www.libraw.org\" -DHAVE_STDIO_H=1 -DHAVE_STDLIB_H=1 -DHAVE_STRING_H=1 -DHAVE_INTTYPES_H=1 -DHAVE_STDINT_H=1 -DHAVE_STRINGS_H=1 -DHAVE_SYS_STAT_H=1 -DHAVE_SYS_TYPES_H=1 -DHAVE_UNISTD_H=1 -DSTDC_HEADERS=1 -DHAVE_DLFCN_H=1 -DLT_OBJDIR=\".libs/\" -DHAVE_JPEGLIB_H=1 -I. -DUSE_JPEG -DUSE_JPEG8 -DUSE_ZLIB -DUSE_LCMS2 -std=gnu++11 -Wno-error=unknown-pragmas -DCMS_NO_REGISTER_KEYWORD=1 -fopenmp -MT src/metadata/misc_parsers.lo -MD -MP -MF src/metadata/.deps/misc_parsers.Tpo -c src/metadata/misc_parsers.cpp  -fPIC -DPIC -o src/metadata/.libs/misc_parsers.o
libtool: compile:  /usr/bin/c++ -DPACKAGE_NAME=\"LibRaw\" -DPACKAGE_TARNAME=\"libraw\" -DPACKAGE_VERSION=\"0.22.2\" "-DPACKAGE_STRING=\"LibRaw 0.22.2\"" -DPACKAGE_BUGREPORT=\"info@libraw.org\" -DPACKAGE_URL=\"http://www.libraw.org\" -DHAVE_STDIO_H=1 -DHAVE_STDLIB_H=1 -DHAVE_STRING_H=1 -DHAVE_INTTYPES_H=1 -DHAVE_STDINT_H=1 -DHAVE_STRINGS_H=1 -DHAVE_SYS_STAT_H=1 -DHAVE_SYS_TYPES_H=1 -DHAVE_UNISTD_H=1 -DSTDC_HEADERS=1 -DHAVE_DLFCN_H=1 -DLT_OBJDIR=\".libs/\" -DHAVE_JPEGLIB_H=1 -I. -DUSE_JPEG -DUSE_JPEG8 -DUSE_ZLIB -DUSE_LCMS2 -std=gnu++11 -Wno-error=unknown-pragmas -DCMS_NO_REGISTER_KEYWORD=1 -fopenmp -MT src/metadata/nikon.lo -MD -MP -MF src/metadata/.deps/nikon.Tpo -c src/metadata/nikon.cpp  -fPIC -DPIC -o src/metadata/.libs/nikon.o
libtool: compile:  /usr/bin/c++ -DPACKAGE_NAME=\"LibRaw\" -DPACKAGE_TARNAME=\"libraw\" -DPACKAGE_VERSION=\"0.22.2\" "-DPACKAGE_STRING=\"LibRaw 0.22.2\"" -DPACKAGE_BUGREPORT=\"info@libraw.org\" -DPACKAGE_URL=\"http://www.libraw.org\" -DHAVE_STDIO_H=1 -DHAVE_STDLIB_H=1 -DHAVE_STRING_H=1 -DHAVE_INTTYPES_H=1 -DHAVE_STDINT_H=1 -DHAVE_STRINGS_H=1 -DHAVE_SYS_STAT_H=1 -DHAVE_SYS_TYPES_H=1 -DHAVE_UNISTD_H=1 -DSTDC_HEADERS=1 -DHAVE_DLFCN_H=1 -DLT_OBJDIR=\".libs/\" -DHAVE_JPEGLIB_H=1 -I. -DUSE_JPEG -DUSE_JPEG8 -DUSE_ZLIB -DUSE_LCMS2 -std=gnu++11 -Wno-error=unknown-pragmas -DCMS_NO_REGISTER_KEYWORD=1 -fopenmp -MT src/metadata/normalize_model.lo -MD -MP -MF src/metadata/.deps/normalize_model.Tpo -c src/metadata/normalize_model.cpp  -fPIC -DPIC -o src/metadata/.libs/normalize_model.o
libtool: compile:  /usr/bin/c++ -DPACKAGE_NAME=\"LibRaw\" -DPACKAGE_TARNAME=\"libraw\" -DPACKAGE_VERSION=\"0.22.2\" "-DPACKAGE_STRING=\"LibRaw 0.22.2\"" -DPACKAGE_BUGREPORT=\"info@libraw.org\" -DPACKAGE_URL=\"http://www.libraw.org\" -DHAVE_STDIO_H=1 -DHAVE_STDLIB_H=1 -DHAVE_STRING_H=1 -DHAVE_INTTYPES_H=1 -DHAVE_STDINT_H=1 -DHAVE_STRINGS_H=1 -DHAVE_SYS_STAT_H=1 -DHAVE_SYS_TYPES_H=1 -DHAVE_UNISTD_H=1 -DSTDC_HEADERS=1 -DHAVE_DLFCN_H=1 -DLT_OBJDIR=\".libs/\" -DHAVE_JPEGLIB_H=1 -I. -DUSE_JPEG -DUSE_JPEG8 -DUSE_ZLIB -DUSE_LCMS2 -std=gnu++11 -Wno-error=unknown-pragmas -DCMS_NO_REGISTER_KEYWORD=1 -fopenmp -MT src/metadata/identify.lo -MD -MP -MF src/metadata/.deps/identify.Tpo -c src/metadata/identify.cpp -o src/metadata/identify.o >/dev/null 2>&1
libtool: compile:  /usr/bin/c++ -DPACKAGE_NAME=\"LibRaw\" -DPACKAGE_TARNAME=\"libraw\" -DPACKAGE_VERSION=\"0.22.2\" "-DPACKAGE_STRING=\"LibRaw 0.22.2\"" -DPACKAGE_BUGREPORT=\"info@libraw.org\" -DPACKAGE_URL=\"http://www.libraw.org\" -DHAVE_STDIO_H=1 -DHAVE_STDLIB_H=1 -DHAVE_STRING_H=1 -DHAVE_INTTYPES_H=1 -DHAVE_STDINT_H=1 -DHAVE_STRINGS_H=1 -DHAVE_SYS_STAT_H=1 -DHAVE_SYS_TYPES_H=1 -DHAVE_UNISTD_H=1 -DSTDC_HEADERS=1 -DHAVE_DLFCN_H=1 -DLT_OBJDIR=\".libs/\" -DHAVE_JPEGLIB_H=1 -I. -DUSE_JPEG -DUSE_JPEG8 -DUSE_ZLIB -DUSE_LCMS2 -std=gnu++11 -Wno-error=unknown-pragmas -DCMS_NO_REGISTER_KEYWORD=1 -fopenmp -MT src/metadata/olympus.lo -MD -MP -MF src/metadata/.deps/olympus.Tpo -c src/metadata/olympus.cpp  -fPIC -DPIC -o src/metadata/.libs/olympus.o
libtool: compile:  /usr/bin/c++ -DPACKAGE_NAME=\"LibRaw\" -DPACKAGE_TARNAME=\"libraw\" -DPACKAGE_VERSION=\"0.22.2\" "-DPACKAGE_STRING=\"LibRaw 0.22.2\"" -DPACKAGE_BUGREPORT=\"info@libraw.org\" -DPACKAGE_URL=\"http://www.libraw.org\" -DHAVE_STDIO_H=1 -DHAVE_STDLIB_H=1 -DHAVE_STRING_H=1 -DHAVE_INTTYPES_H=1 -DHAVE_STDINT_H=1 -DHAVE_STRINGS_H=1 -DHAVE_SYS_STAT_H=1 -DHAVE_SYS_TYPES_H=1 -DHAVE_UNISTD_H=1 -DSTDC_HEADERS=1 -DHAVE_DLFCN_H=1 -DLT_OBJDIR=\".libs/\" -DHAVE_JPEGLIB_H=1 -I. -DUSE_JPEG -DUSE_JPEG8 -DUSE_ZLIB -DUSE_LCMS2 -std=gnu++11 -Wno-error=unknown-pragmas -DCMS_NO_REGISTER_KEYWORD=1 -fopenmp -MT src/metadata/hasselblad_model.lo -MD -MP -MF src/metadata/.deps/hasselblad_model.Tpo -c src/metadata/hasselblad_model.cpp  -fPIC -DPIC -o src/metadata/.libs/hasselblad_model.o
libtool: compile:  /usr/bin/c++ -DPACKAGE_NAME=\"LibRaw\" -DPACKAGE_TARNAME=\"libraw\" -DPACKAGE_VERSION=\"0.22.2\" "-DPACKAGE_STRING=\"LibRaw 0.22.2\"" -DPACKAGE_BUGREPORT=\"info@libraw.org\" -DPACKAGE_URL=\"http://www.libraw.org\" -DHAVE_STDIO_H=1 -DHAVE_STDLIB_H=1 -DHAVE_STRING_H=1 -DHAVE_INTTYPES_H=1 -DHAVE_STDINT_H=1 -DHAVE_STRINGS_H=1 -DHAVE_SYS_STAT_H=1 -DHAVE_SYS_TYPES_H=1 -DHAVE_UNISTD_H=1 -DSTDC_HEADERS=1 -DHAVE_DLFCN_H=1 -DLT_OBJDIR=\".libs/\" -DHAVE_JPEGLIB_H=1 -I. -DUSE_JPEG -DUSE_JPEG8 -DUSE_ZLIB -DUSE_LCMS2 -std=gnu++11 -Wno-error=unknown-pragmas -DCMS_NO_REGISTER_KEYWORD=1 -fopenmp -MT src/metadata/p1.lo -MD -MP -MF src/metadata/.deps/p1.Tpo -c src/metadata/p1.cpp  -fPIC -DPIC -o src/metadata/.libs/p1.o
libtool: compile:  /usr/bin/c++ -DPACKAGE_NAME=\"LibRaw\" -DPACKAGE_TARNAME=\"libraw\" -DPACKAGE_VERSION=\"0.22.2\" "-DPACKAGE_STRING=\"LibRaw 0.22.2\"" -DPACKAGE_BUGREPORT=\"info@libraw.org\" -DPACKAGE_URL=\"http://www.libraw.org\" -DHAVE_STDIO_H=1 -DHAVE_STDLIB_H=1 -DHAVE_STRING_H=1 -DHAVE_INTTYPES_H=1 -DHAVE_STDINT_H=1 -DHAVE_STRINGS_H=1 -DHAVE_SYS_STAT_H=1 -DHAVE_SYS_TYPES_H=1 -DHAVE_UNISTD_H=1 -DSTDC_HEADERS=1 -DHAVE_DLFCN_H=1 -DLT_OBJDIR=\".libs/\" -DHAVE_JPEGLIB_H=1 -I. -DUSE_JPEG -DUSE_JPEG8 -DUSE_ZLIB -DUSE_LCMS2 -std=gnu++11 -Wno-error=unknown-pragmas -DCMS_NO_REGISTER_KEYWORD=1 -fopenmp -MT src/metadata/pentax.lo -MD -MP -MF src/metadata/.deps/pentax.Tpo -c src/metadata/pentax.cpp  -fPIC -DPIC -o src/metadata/.libs/pentax.o
libtool: compile:  /usr/bin/c++ -DPACKAGE_NAME=\"LibRaw\" -DPACKAGE_TARNAME=\"libraw\" -DPACKAGE_VERSION=\"0.22.2\" "-DPACKAGE_STRING=\"LibRaw 0.22.2\"" -DPACKAGE_BUGREPORT=\"info@libraw.org\" -DPACKAGE_URL=\"http://www.libraw.org\" -DHAVE_STDIO_H=1 -DHAVE_STDLIB_H=1 -DHAVE_STRING_H=1 -DHAVE_INTTYPES_H=1 -DHAVE_STDINT_H=1 -DHAVE_STRINGS_H=1 -DHAVE_SYS_STAT_H=1 -DHAVE_SYS_TYPES_H=1 -DHAVE_UNISTD_H=1 -DSTDC_HEADERS=1 -DHAVE_DLFCN_H=1 -DLT_OBJDIR=\".libs/\" -DHAVE_JPEGLIB_H=1 -I. -DUSE_JPEG -DUSE_JPEG8 -DUSE_ZLIB -DUSE_LCMS2 -std=gnu++11 -Wno-error=unknown-pragmas -DCMS_NO_REGISTER_KEYWORD=1 -fopenmp -MT src/metadata/samsung.lo -MD -MP -MF src/metadata/.deps/samsung.Tpo -c src/metadata/samsung.cpp  -fPIC -DPIC -o src/metadata/.libs/samsung.o
libtool: compile:  /usr/bin/c++ -DPACKAGE_NAME=\"LibRaw\" -DPACKAGE_TARNAME=\"libraw\" -DPACKAGE_VERSION=\"0.22.2\" "-DPACKAGE_STRING=\"LibRaw 0.22.2\"" -DPACKAGE_BUGREPORT=\"info@libraw.org\" -DPACKAGE_URL=\"http://www.libraw.org\" -DHAVE_STDIO_H=1 -DHAVE_STDLIB_H=1 -DHAVE_STRING_H=1 -DHAVE_INTTYPES_H=1 -DHAVE_STDINT_H=1 -DHAVE_STRINGS_H=1 -DHAVE_SYS_STAT_H=1 -DHAVE_SYS_TYPES_H=1 -DHAVE_UNISTD_H=1 -DSTDC_HEADERS=1 -DHAVE_DLFCN_H=1 -DLT_OBJDIR=\".libs/\" -DHAVE_JPEGLIB_H=1 -I. -DUSE_JPEG -DUSE_JPEG8 -DUSE_ZLIB -DUSE_LCMS2 -std=gnu++11 -Wno-error=unknown-pragmas -DCMS_NO_REGISTER_KEYWORD=1 -fopenmp -MT src/metadata/sony.lo -MD -MP -MF src/metadata/.deps/sony.Tpo -c src/metadata/sony.cpp  -fPIC -DPIC -o src/metadata/.libs/sony.o
libtool: compile:  /usr/bin/c++ -DPACKAGE_NAME=\"LibRaw\" -DPACKAGE_TARNAME=\"libraw\" -DPACKAGE_VERSION=\"0.22.2\" "-DPACKAGE_STRING=\"LibRaw 0.22.2\"" -DPACKAGE_BUGREPORT=\"info@libraw.org\" -DPACKAGE_URL=\"http://www.libraw.org\" -DHAVE_STDIO_H=1 -DHAVE_STDLIB_H=1 -DHAVE_STRING_H=1 -DHAVE_INTTYPES_H=1 -DHAVE_STDINT_H=1 -DHAVE_STRINGS_H=1 -DHAVE_SYS_STAT_H=1 -DHAVE_SYS_TYPES_H=1 -DHAVE_UNISTD_H=1 -DSTDC_HEADERS=1 -DHAVE_DLFCN_H=1 -DLT_OBJDIR=\".libs/\" -DHAVE_JPEGLIB_H=1 -I. -DUSE_JPEG -DUSE_JPEG8 -DUSE_ZLIB -DUSE_LCMS2 -std=gnu++11 -Wno-error=unknown-pragmas -DCMS_NO_REGISTER_KEYWORD=1 -fopenmp -MT src/metadata/leica.lo -MD -MP -MF src/metadata/.deps/leica.Tpo -c src/metadata/leica.cpp -o src/metadata/leica.o >/dev/null 2>&1
libtool: compile:  /usr/bin/c++ -DPACKAGE_NAME=\"LibRaw\" -DPACKAGE_TARNAME=\"libraw\" -DPACKAGE_VERSION=\"0.22.2\" "-DPACKAGE_STRING=\"LibRaw 0.22.2\"" -DPACKAGE_BUGREPORT=\"info@libraw.org\" -DPACKAGE_URL=\"http://www.libraw.org\" -DHAVE_STDIO_H=1 -DHAVE_STDLIB_H=1 -DHAVE_STRING_H=1 -DHAVE_INTTYPES_H=1 -DHAVE_STDINT_H=1 -DHAVE_STRINGS_H=1 -DHAVE_SYS_STAT_H=1 -DHAVE_SYS_TYPES_H=1 -DHAVE_UNISTD_H=1 -DSTDC_HEADERS=1 -DHAVE_DLFCN_H=1 -DLT_OBJDIR=\".libs/\" -DHAVE_JPEGLIB_H=1 -I. -DUSE_JPEG -DUSE_JPEG8 -DUSE_ZLIB -DUSE_LCMS2 -std=gnu++11 -Wno-error=unknown-pragmas -DCMS_NO_REGISTER_KEYWORD=1 -fopenmp -MT src/metadata/tiff.lo -MD -MP -MF src/metadata/.deps/tiff.Tpo -c src/metadata/tiff.cpp  -fPIC -DPIC -o src/metadata/.libs/tiff.o
libtool: compile:  /usr/bin/c++ -DPACKAGE_NAME=\"LibRaw\" -DPACKAGE_TARNAME=\"libraw\" -DPACKAGE_VERSION=\"0.22.2\" "-DPACKAGE_STRING=\"LibRaw 0.22.2\"" -DPACKAGE_BUGREPORT=\"info@libraw.org\" -DPACKAGE_URL=\"http://www.libraw.org\" -DHAVE_STDIO_H=1 -DHAVE_STDLIB_H=1 -DHAVE_STRING_H=1 -DHAVE_INTTYPES_H=1 -DHAVE_STDINT_H=1 -DHAVE_STRINGS_H=1 -DHAVE_SYS_STAT_H=1 -DHAVE_SYS_TYPES_H=1 -DHAVE_UNISTD_H=1 -DSTDC_HEADERS=1 -DHAVE_DLFCN_H=1 -DLT_OBJDIR=\".libs/\" -DHAVE_JPEGLIB_H=1 -I. -DUSE_JPEG -DUSE_JPEG8 -DUSE_ZLIB -DUSE_LCMS2 -std=gnu++11 -Wno-error=unknown-pragmas -DCMS_NO_REGISTER_KEYWORD=1 -fopenmp -MT src/postprocessing/aspect_ratio.lo -MD -MP -MF src/postprocessing/.deps/aspect_ratio.Tpo -c src/postprocessing/aspect_ratio.cpp  -fPIC -DPIC -o src/postprocessing/.libs/aspect_ratio.o
libtool: compile:  /usr/bin/c++ -DPACKAGE_NAME=\"LibRaw\" -DPACKAGE_TARNAME=\"libraw\" -DPACKAGE_VERSION=\"0.22.2\" "-DPACKAGE_STRING=\"LibRaw 0.22.2\"" -DPACKAGE_BUGREPORT=\"info@libraw.org\" -DPACKAGE_URL=\"http://www.libraw.org\" -DHAVE_STDIO_H=1 -DHAVE_STDLIB_H=1 -DHAVE_STRING_H=1 -DHAVE_INTTYPES_H=1 -DHAVE_STDINT_H=1 -DHAVE_STRINGS_H=1 -DHAVE_SYS_STAT_H=1 -DHAVE_SYS_TYPES_H=1 -DHAVE_UNISTD_H=1 -DSTDC_HEADERS=1 -DHAVE_DLFCN_H=1 -DLT_OBJDIR=\".libs/\" -DHAVE_JPEGLIB_H=1 -I. -DUSE_JPEG -DUSE_JPEG8 -DUSE_ZLIB -DUSE_LCMS2 -std=gnu++11 -Wno-error=unknown-pragmas -DCMS_NO_REGISTER_KEYWORD=1 -fopenmp -MT src/postprocessing/dcraw_process.lo -MD -MP -MF src/postprocessing/.deps/dcraw_process.Tpo -c src/postprocessing/dcraw_process.cpp  -fPIC -DPIC -o src/postprocessing/.libs/dcraw_process.o
libtool: compile:  /usr/bin/c++ -DPACKAGE_NAME=\"LibRaw\" -DPACKAGE_TARNAME=\"libraw\" -DPACKAGE_VERSION=\"0.22.2\" "-DPACKAGE_STRING=\"LibRaw 0.22.2\"" -DPACKAGE_BUGREPORT=\"info@libraw.org\" -DPACKAGE_URL=\"http://www.libraw.org\" -DHAVE_STDIO_H=1 -DHAVE_STDLIB_H=1 -DHAVE_STRING_H=1 -DHAVE_INTTYPES_H=1 -DHAVE_STDINT_H=1 -DHAVE_STRINGS_H=1 -DHAVE_SYS_STAT_H=1 -DHAVE_SYS_TYPES_H=1 -DHAVE_UNISTD_H=1 -DSTDC_HEADERS=1 -DHAVE_DLFCN_H=1 -DLT_OBJDIR=\".libs/\" -DHAVE_JPEGLIB_H=1 -I. -DUSE_JPEG -DUSE_JPEG8 -DUSE_ZLIB -DUSE_LCMS2 -std=gnu++11 -Wno-error=unknown-pragmas -DCMS_NO_REGISTER_KEYWORD=1 -fopenmp -MT src/metadata/minolta.lo -MD -MP -MF src/metadata/.deps/minolta.Tpo -c src/metadata/minolta.cpp -o src/metadata/minolta.o >/dev/null 2>&1
libtool: compile:  /usr/bin/c++ -DPACKAGE_NAME=\"LibRaw\" -DPACKAGE_TARNAME=\"libraw\" -DPACKAGE_VERSION=\"0.22.2\" "-DPACKAGE_STRING=\"LibRaw 0.22.2\"" -DPACKAGE_BUGREPORT=\"info@libraw.org\" -DPACKAGE_URL=\"http://www.libraw.org\" -DHAVE_STDIO_H=1 -DHAVE_STDLIB_H=1 -DHAVE_STRING_H=1 -DHAVE_INTTYPES_H=1 -DHAVE_STDINT_H=1 -DHAVE_STRINGS_H=1 -DHAVE_SYS_STAT_H=1 -DHAVE_SYS_TYPES_H=1 -DHAVE_UNISTD_H=1 -DSTDC_HEADERS=1 -DHAVE_DLFCN_H=1 -DLT_OBJDIR=\".libs/\" -DHAVE_JPEGLIB_H=1 -I. -DUSE_JPEG -DUSE_JPEG8 -DUSE_ZLIB -DUSE_LCMS2 -std=gnu++11 -Wno-error=unknown-pragmas -DCMS_NO_REGISTER_KEYWORD=1 -fopenmp -MT src/metadata/makernotes.lo -MD -MP -MF src/metadata/.deps/makernotes.Tpo -c src/metadata/makernotes.cpp -o src/metadata/makernotes.o >/dev/null 2>&1
libtool: compile:  /usr/bin/c++ -DPACKAGE_NAME=\"LibRaw\" -DPACKAGE_TARNAME=\"libraw\" -DPACKAGE_VERSION=\"0.22.2\" "-DPACKAGE_STRING=\"LibRaw 0.22.2\"" -DPACKAGE_BUGREPORT=\"info@libraw.org\" -DPACKAGE_URL=\"http://www.libraw.org\" -DHAVE_STDIO_H=1 -DHAVE_STDLIB_H=1 -DHAVE_STRING_H=1 -DHAVE_INTTYPES_H=1 -DHAVE_STDINT_H=1 -DHAVE_STRINGS_H=1 -DHAVE_SYS_STAT_H=1 -DHAVE_SYS_TYPES_H=1 -DHAVE_UNISTD_H=1 -DSTDC_HEADERS=1 -DHAVE_DLFCN_H=1 -DLT_OBJDIR=\".libs/\" -DHAVE_JPEGLIB_H=1 -I. -DUSE_JPEG -DUSE_JPEG8 -DUSE_ZLIB -DUSE_LCMS2 -std=gnu++11 -Wno-error=unknown-pragmas -DCMS_NO_REGISTER_KEYWORD=1 -fopenmp -MT src/metadata/mediumformat.lo -MD -MP -MF src/metadata/.deps/mediumformat.Tpo -c src/metadata/mediumformat.cpp -o src/metadata/mediumformat.o >/dev/null 2>&1
libtool: compile:  /usr/bin/c++ -DPACKAGE_NAME=\"LibRaw\" -DPACKAGE_TARNAME=\"libraw\" -DPACKAGE_VERSION=\"0.22.2\" "-DPACKAGE_STRING=\"LibRaw 0.22.2\"" -DPACKAGE_BUGREPORT=\"info@libraw.org\" -DPACKAGE_URL=\"http://www.libraw.org\" -DHAVE_STDIO_H=1 -DHAVE_STDLIB_H=1 -DHAVE_STRING_H=1 -DHAVE_INTTYPES_H=1 -DHAVE_STDINT_H=1 -DHAVE_STRINGS_H=1 -DHAVE_SYS_STAT_H=1 -DHAVE_SYS_TYPES_H=1 -DHAVE_UNISTD_H=1 -DSTDC_HEADERS=1 -DHAVE_DLFCN_H=1 -DLT_OBJDIR=\".libs/\" -DHAVE_JPEGLIB_H=1 -I. -DUSE_JPEG -DUSE_JPEG8 -DUSE_ZLIB -DUSE_LCMS2 -std=gnu++11 -Wno-error=unknown-pragmas -DCMS_NO_REGISTER_KEYWORD=1 -fopenmp -MT src/postprocessing/mem_image.lo -MD -MP -MF src/postprocessing/.deps/mem_image.Tpo -c src/postprocessing/mem_image.cpp  -fPIC -DPIC -o src/postprocessing/.libs/mem_image.o
libtool: compile:  /usr/bin/c++ -DPACKAGE_NAME=\"LibRaw\" -DPACKAGE_TARNAME=\"libraw\" -DPACKAGE_VERSION=\"0.22.2\" "-DPACKAGE_STRING=\"LibRaw 0.22.2\"" -DPACKAGE_BUGREPORT=\"info@libraw.org\" -DPACKAGE_URL=\"http://www.libraw.org\" -DHAVE_STDIO_H=1 -DHAVE_STDLIB_H=1 -DHAVE_STRING_H=1 -DHAVE_INTTYPES_H=1 -DHAVE_STDINT_H=1 -DHAVE_STRINGS_H=1 -DHAVE_SYS_STAT_H=1 -DHAVE_SYS_TYPES_H=1 -DHAVE_UNISTD_H=1 -DSTDC_HEADERS=1 -DHAVE_DLFCN_H=1 -DLT_OBJDIR=\".libs/\" -DHAVE_JPEGLIB_H=1 -I. -DUSE_JPEG -DUSE_JPEG8 -DUSE_ZLIB -DUSE_LCMS2 -std=gnu++11 -Wno-error=unknown-pragmas -DCMS_NO_REGISTER_KEYWORD=1 -fopenmp -MT src/postprocessing/postprocessing_aux.lo -MD -MP -MF src/postprocessing/.deps/postprocessing_aux.Tpo -c src/postprocessing/postprocessing_aux.cpp  -fPIC -DPIC -o src/postprocessing/.libs/postprocessing_aux.o
libtool: compile:  /usr/bin/c++ -DPACKAGE_NAME=\"LibRaw\" -DPACKAGE_TARNAME=\"libraw\" -DPACKAGE_VERSION=\"0.22.2\" "-DPACKAGE_STRING=\"LibRaw 0.22.2\"" -DPACKAGE_BUGREPORT=\"info@libraw.org\" -DPACKAGE_URL=\"http://www.libraw.org\" -DHAVE_STDIO_H=1 -DHAVE_STDLIB_H=1 -DHAVE_STRING_H=1 -DHAVE_INTTYPES_H=1 -DHAVE_STDINT_H=1 -DHAVE_STRINGS_H=1 -DHAVE_SYS_STAT_H=1 -DHAVE_SYS_TYPES_H=1 -DHAVE_UNISTD_H=1 -DSTDC_HEADERS=1 -DHAVE_DLFCN_H=1 -DLT_OBJDIR=\".libs/\" -DHAVE_JPEGLIB_H=1 -I. -DUSE_JPEG -DUSE_JPEG8 -DUSE_ZLIB -DUSE_LCMS2 -std=gnu++11 -Wno-error=unknown-pragmas -DCMS_NO_REGISTER_KEYWORD=1 -fopenmp -MT src/metadata/normalize_model.lo -MD -MP -MF src/metadata/.deps/normalize_model.Tpo -c src/metadata/normalize_model.cpp -o src/metadata/normalize_model.o >/dev/null 2>&1
libtool: compile:  /usr/bin/c++ -DPACKAGE_NAME=\"LibRaw\" -DPACKAGE_TARNAME=\"libraw\" -DPACKAGE_VERSION=\"0.22.2\" "-DPACKAGE_STRING=\"LibRaw 0.22.2\"" -DPACKAGE_BUGREPORT=\"info@libraw.org\" -DPACKAGE_URL=\"http://www.libraw.org\" -DHAVE_STDIO_H=1 -DHAVE_STDLIB_H=1 -DHAVE_STRING_H=1 -DHAVE_INTTYPES_H=1 -DHAVE_STDINT_H=1 -DHAVE_STRINGS_H=1 -DHAVE_SYS_STAT_H=1 -DHAVE_SYS_TYPES_H=1 -DHAVE_UNISTD_H=1 -DSTDC_HEADERS=1 -DHAVE_DLFCN_H=1 -DLT_OBJDIR=\".libs/\" -DHAVE_JPEGLIB_H=1 -I. -DUSE_JPEG -DUSE_JPEG8 -DUSE_ZLIB -DUSE_LCMS2 -std=gnu++11 -Wno-error=unknown-pragmas -DCMS_NO_REGISTER_KEYWORD=1 -fopenmp -MT src/metadata/nikon.lo -MD -MP -MF src/metadata/.deps/nikon.Tpo -c src/metadata/nikon.cpp -o src/metadata/nikon.o >/dev/null 2>&1
libtool: compile:  /usr/bin/c++ -DPACKAGE_NAME=\"LibRaw\" -DPACKAGE_TARNAME=\"libraw\" -DPACKAGE_VERSION=\"0.22.2\" "-DPACKAGE_STRING=\"LibRaw 0.22.2\"" -DPACKAGE_BUGREPORT=\"info@libraw.org\" -DPACKAGE_URL=\"http://www.libraw.org\" -DHAVE_STDIO_H=1 -DHAVE_STDLIB_H=1 -DHAVE_STRING_H=1 -DHAVE_INTTYPES_H=1 -DHAVE_STDINT_H=1 -DHAVE_STRINGS_H=1 -DHAVE_SYS_STAT_H=1 -DHAVE_SYS_TYPES_H=1 -DHAVE_UNISTD_H=1 -DSTDC_HEADERS=1 -DHAVE_DLFCN_H=1 -DLT_OBJDIR=\".libs/\" -DHAVE_JPEGLIB_H=1 -I. -DUSE_JPEG -DUSE_JPEG8 -DUSE_ZLIB -DUSE_LCMS2 -std=gnu++11 -Wno-error=unknown-pragmas -DCMS_NO_REGISTER_KEYWORD=1 -fopenmp -MT src/metadata/misc_parsers.lo -MD -MP -MF src/metadata/.deps/misc_parsers.Tpo -c src/metadata/misc_parsers.cpp -o src/metadata/misc_parsers.o >/dev/null 2>&1
libtool: compile:  /usr/bin/c++ -DPACKAGE_NAME=\"LibRaw\" -DPACKAGE_TARNAME=\"libraw\" -DPACKAGE_VERSION=\"0.22.2\" "-DPACKAGE_STRING=\"LibRaw 0.22.2\"" -DPACKAGE_BUGREPORT=\"info@libraw.org\" -DPACKAGE_URL=\"http://www.libraw.org\" -DHAVE_STDIO_H=1 -DHAVE_STDLIB_H=1 -DHAVE_STRING_H=1 -DHAVE_INTTYPES_H=1 -DHAVE_STDINT_H=1 -DHAVE_STRINGS_H=1 -DHAVE_SYS_STAT_H=1 -DHAVE_SYS_TYPES_H=1 -DHAVE_UNISTD_H=1 -DSTDC_HEADERS=1 -DHAVE_DLFCN_H=1 -DLT_OBJDIR=\".libs/\" -DHAVE_JPEGLIB_H=1 -I. -DUSE_JPEG -DUSE_JPEG8 -DUSE_ZLIB -DUSE_LCMS2 -std=gnu++11 -Wno-error=unknown-pragmas -DCMS_NO_REGISTER_KEYWORD=1 -fopenmp -MT src/metadata/hasselblad_model.lo -MD -MP -MF src/metadata/.deps/hasselblad_model.Tpo -c src/metadata/hasselblad_model.cpp -o src/metadata/hasselblad_model.o >/dev/null 2>&1
libtool: compile:  /usr/bin/c++ -DPACKAGE_NAME=\"LibRaw\" -DPACKAGE_TARNAME=\"libraw\" -DPACKAGE_VERSION=\"0.22.2\" "-DPACKAGE_STRING=\"LibRaw 0.22.2\"" -DPACKAGE_BUGREPORT=\"info@libraw.org\" -DPACKAGE_URL=\"http://www.libraw.org\" -DHAVE_STDIO_H=1 -DHAVE_STDLIB_H=1 -DHAVE_STRING_H=1 -DHAVE_INTTYPES_H=1 -DHAVE_STDINT_H=1 -DHAVE_STRINGS_H=1 -DHAVE_SYS_STAT_H=1 -DHAVE_SYS_TYPES_H=1 -DHAVE_UNISTD_H=1 -DSTDC_HEADERS=1 -DHAVE_DLFCN_H=1 -DLT_OBJDIR=\".libs/\" -DHAVE_JPEGLIB_H=1 -I. -DUSE_JPEG -DUSE_JPEG8 -DUSE_ZLIB -DUSE_LCMS2 -std=gnu++11 -Wno-error=unknown-pragmas -DCMS_NO_REGISTER_KEYWORD=1 -fopenmp -MT src/metadata/p1.lo -MD -MP -MF src/metadata/.deps/p1.Tpo -c src/metadata/p1.cpp -o src/metadata/p1.o >/dev/null 2>&1
libtool: compile:  /usr/bin/c++ -DPACKAGE_NAME=\"LibRaw\" -DPACKAGE_TARNAME=\"libraw\" -DPACKAGE_VERSION=\"0.22.2\" "-DPACKAGE_STRING=\"LibRaw 0.22.2\"" -DPACKAGE_BUGREPORT=\"info@libraw.org\" -DPACKAGE_URL=\"http://www.libraw.org\" -DHAVE_STDIO_H=1 -DHAVE_STDLIB_H=1 -DHAVE_STRING_H=1 -DHAVE_INTTYPES_H=1 -DHAVE_STDINT_H=1 -DHAVE_STRINGS_H=1 -DHAVE_SYS_STAT_H=1 -DHAVE_SYS_TYPES_H=1 -DHAVE_UNISTD_H=1 -DSTDC_HEADERS=1 -DHAVE_DLFCN_H=1 -DLT_OBJDIR=\".libs/\" -DHAVE_JPEGLIB_H=1 -I. -DUSE_JPEG -DUSE_JPEG8 -DUSE_ZLIB -DUSE_LCMS2 -std=gnu++11 -Wno-error=unknown-pragmas -DCMS_NO_REGISTER_KEYWORD=1 -fopenmp -MT src/metadata/pentax.lo -MD -MP -MF src/metadata/.deps/pentax.Tpo -c src/metadata/pentax.cpp -o src/metadata/pentax.o >/dev/null 2>&1
libtool: compile:  /usr/bin/c++ -DPACKAGE_NAME=\"LibRaw\" -DPACKAGE_TARNAME=\"libraw\" -DPACKAGE_VERSION=\"0.22.2\" "-DPACKAGE_STRING=\"LibRaw 0.22.2\"" -DPACKAGE_BUGREPORT=\"info@libraw.org\" -DPACKAGE_URL=\"http://www.libraw.org\" -DHAVE_STDIO_H=1 -DHAVE_STDLIB_H=1 -DHAVE_STRING_H=1 -DHAVE_INTTYPES_H=1 -DHAVE_STDINT_H=1 -DHAVE_STRINGS_H=1 -DHAVE_SYS_STAT_H=1 -DHAVE_SYS_TYPES_H=1 -DHAVE_UNISTD_H=1 -DSTDC_HEADERS=1 -DHAVE_DLFCN_H=1 -DLT_OBJDIR=\".libs/\" -DHAVE_JPEGLIB_H=1 -I. -DUSE_JPEG -DUSE_JPEG8 -DUSE_ZLIB -DUSE_LCMS2 -std=gnu++11 -Wno-error=unknown-pragmas -DCMS_NO_REGISTER_KEYWORD=1 -fopenmp -MT src/metadata/samsung.lo -MD -MP -MF src/metadata/.deps/samsung.Tpo -c src/metadata/samsung.cpp -o src/metadata/samsung.o >/dev/null 2>&1
libtool: compile:  /usr/bin/c++ -DPACKAGE_NAME=\"LibRaw\" -DPACKAGE_TARNAME=\"libraw\" -DPACKAGE_VERSION=\"0.22.2\" "-DPACKAGE_STRING=\"LibRaw 0.22.2\"" -DPACKAGE_BUGREPORT=\"info@libraw.org\" -DPACKAGE_URL=\"http://www.libraw.org\" -DHAVE_STDIO_H=1 -DHAVE_STDLIB_H=1 -DHAVE_STRING_H=1 -DHAVE_INTTYPES_H=1 -DHAVE_STDINT_H=1 -DHAVE_STRINGS_H=1 -DHAVE_SYS_STAT_H=1 -DHAVE_SYS_TYPES_H=1 -DHAVE_UNISTD_H=1 -DSTDC_HEADERS=1 -DHAVE_DLFCN_H=1 -DLT_OBJDIR=\".libs/\" -DHAVE_JPEGLIB_H=1 -I. -DUSE_JPEG -DUSE_JPEG8 -DUSE_ZLIB -DUSE_LCMS2 -std=gnu++11 -Wno-error=unknown-pragmas -DCMS_NO_REGISTER_KEYWORD=1 -fopenmp -MT src/metadata/olympus.lo -MD -MP -MF src/metadata/.deps/olympus.Tpo -c src/metadata/olympus.cpp -o src/metadata/olympus.o >/dev/null 2>&1
libtool: compile:  /usr/bin/c++ -DPACKAGE_NAME=\"LibRaw\" -DPACKAGE_TARNAME=\"libraw\" -DPACKAGE_VERSION=\"0.22.2\" "-DPACKAGE_STRING=\"LibRaw 0.22.2\"" -DPACKAGE_BUGREPORT=\"info@libraw.org\" -DPACKAGE_URL=\"http://www.libraw.org\" -DHAVE_STDIO_H=1 -DHAVE_STDLIB_H=1 -DHAVE_STRING_H=1 -DHAVE_INTTYPES_H=1 -DHAVE_STDINT_H=1 -DHAVE_STRINGS_H=1 -DHAVE_SYS_STAT_H=1 -DHAVE_SYS_TYPES_H=1 -DHAVE_UNISTD_H=1 -DSTDC_HEADERS=1 -DHAVE_DLFCN_H=1 -DLT_OBJDIR=\".libs/\" -DHAVE_JPEGLIB_H=1 -I. -DUSE_JPEG -DUSE_JPEG8 -DUSE_ZLIB -DUSE_LCMS2 -std=gnu++11 -Wno-error=unknown-pragmas -DCMS_NO_REGISTER_KEYWORD=1 -fopenmp -MT src/postprocessing/postprocessing_utils_dcrdefs.lo -MD -MP -MF src/postprocessing/.deps/postprocessing_utils_dcrdefs.Tpo -c src/postprocessing/postprocessing_utils_dcrdefs.cpp  -fPIC -DPIC -o src/postprocessing/.libs/postprocessing_utils_dcrdefs.o
libtool: compile:  /usr/bin/c++ -DPACKAGE_NAME=\"LibRaw\" -DPACKAGE_TARNAME=\"libraw\" -DPACKAGE_VERSION=\"0.22.2\" "-DPACKAGE_STRING=\"LibRaw 0.22.2\"" -DPACKAGE_BUGREPORT=\"info@libraw.org\" -DPACKAGE_URL=\"http://www.libraw.org\" -DHAVE_STDIO_H=1 -DHAVE_STDLIB_H=1 -DHAVE_STRING_H=1 -DHAVE_INTTYPES_H=1 -DHAVE_STDINT_H=1 -DHAVE_STRINGS_H=1 -DHAVE_SYS_STAT_H=1 -DHAVE_SYS_TYPES_H=1 -DHAVE_UNISTD_H=1 -DSTDC_HEADERS=1 -DHAVE_DLFCN_H=1 -DLT_OBJDIR=\".libs/\" -DHAVE_JPEGLIB_H=1 -I. -DUSE_JPEG -DUSE_JPEG8 -DUSE_ZLIB -DUSE_LCMS2 -std=gnu++11 -Wno-error=unknown-pragmas -DCMS_NO_REGISTER_KEYWORD=1 -fopenmp -MT src/postprocessing/dcraw_process.lo -MD -MP -MF src/postprocessing/.deps/dcraw_process.Tpo -c src/postprocessing/dcraw_process.cpp -o src/postprocessing/dcraw_process.o >/dev/null 2>&1
libtool: compile:  /usr/bin/c++ -DPACKAGE_NAME=\"LibRaw\" -DPACKAGE_TARNAME=\"libraw\" -DPACKAGE_VERSION=\"0.22.2\" "-DPACKAGE_STRING=\"LibRaw 0.22.2\"" -DPACKAGE_BUGREPORT=\"info@libraw.org\" -DPACKAGE_URL=\"http://www.libraw.org\" -DHAVE_STDIO_H=1 -DHAVE_STDLIB_H=1 -DHAVE_STRING_H=1 -DHAVE_INTTYPES_H=1 -DHAVE_STDINT_H=1 -DHAVE_STRINGS_H=1 -DHAVE_SYS_STAT_H=1 -DHAVE_SYS_TYPES_H=1 -DHAVE_UNISTD_H=1 -DSTDC_HEADERS=1 -DHAVE_DLFCN_H=1 -DLT_OBJDIR=\".libs/\" -DHAVE_JPEGLIB_H=1 -I. -DUSE_JPEG -DUSE_JPEG8 -DUSE_ZLIB -DUSE_LCMS2 -std=gnu++11 -Wno-error=unknown-pragmas -DCMS_NO_REGISTER_KEYWORD=1 -fopenmp -MT src/postprocessing/aspect_ratio.lo -MD -MP -MF src/postprocessing/.deps/aspect_ratio.Tpo -c src/postprocessing/aspect_ratio.cpp -o src/postprocessing/aspect_ratio.o >/dev/null 2>&1
libtool: compile:  /usr/bin/c++ -DPACKAGE_NAME=\"LibRaw\" -DPACKAGE_TARNAME=\"libraw\" -DPACKAGE_VERSION=\"0.22.2\" "-DPACKAGE_STRING=\"LibRaw 0.22.2\"" -DPACKAGE_BUGREPORT=\"info@libraw.org\" -DPACKAGE_URL=\"http://www.libraw.org\" -DHAVE_STDIO_H=1 -DHAVE_STDLIB_H=1 -DHAVE_STRING_H=1 -DHAVE_INTTYPES_H=1 -DHAVE_STDINT_H=1 -DHAVE_STRINGS_H=1 -DHAVE_SYS_STAT_H=1 -DHAVE_SYS_TYPES_H=1 -DHAVE_UNISTD_H=1 -DSTDC_HEADERS=1 -DHAVE_DLFCN_H=1 -DLT_OBJDIR=\".libs/\" -DHAVE_JPEGLIB_H=1 -I. -DUSE_JPEG -DUSE_JPEG8 -DUSE_ZLIB -DUSE_LCMS2 -std=gnu++11 -Wno-error=unknown-pragmas -DCMS_NO_REGISTER_KEYWORD=1 -fopenmp -MT src/postprocessing/mem_image.lo -MD -MP -MF src/postprocessing/.deps/mem_image.Tpo -c src/postprocessing/mem_image.cpp -o src/postprocessing/mem_image.o >/dev/null 2>&1
libtool: compile:  /usr/bin/c++ -DPACKAGE_NAME=\"LibRaw\" -DPACKAGE_TARNAME=\"libraw\" -DPACKAGE_VERSION=\"0.22.2\" "-DPACKAGE_STRING=\"LibRaw 0.22.2\"" -DPACKAGE_BUGREPORT=\"info@libraw.org\" -DPACKAGE_URL=\"http://www.libraw.org\" -DHAVE_STDIO_H=1 -DHAVE_STDLIB_H=1 -DHAVE_STRING_H=1 -DHAVE_INTTYPES_H=1 -DHAVE_STDINT_H=1 -DHAVE_STRINGS_H=1 -DHAVE_SYS_STAT_H=1 -DHAVE_SYS_TYPES_H=1 -DHAVE_UNISTD_H=1 -DSTDC_HEADERS=1 -DHAVE_DLFCN_H=1 -DLT_OBJDIR=\".libs/\" -DHAVE_JPEGLIB_H=1 -I. -DUSE_JPEG -DUSE_JPEG8 -DUSE_ZLIB -DUSE_LCMS2 -std=gnu++11 -Wno-error=unknown-pragmas -DCMS_NO_REGISTER_KEYWORD=1 -fopenmp -MT src/postprocessing/postprocessing_utils.lo -MD -MP -MF src/postprocessing/.deps/postprocessing_utils.Tpo -c src/postprocessing/postprocessing_utils.cpp  -fPIC -DPIC -o src/postprocessing/.libs/postprocessing_utils.o
libtool: compile:  /usr/bin/c++ -DPACKAGE_NAME=\"LibRaw\" -DPACKAGE_TARNAME=\"libraw\" -DPACKAGE_VERSION=\"0.22.2\" "-DPACKAGE_STRING=\"LibRaw 0.22.2\"" -DPACKAGE_BUGREPORT=\"info@libraw.org\" -DPACKAGE_URL=\"http://www.libraw.org\" -DHAVE_STDIO_H=1 -DHAVE_STDLIB_H=1 -DHAVE_STRING_H=1 -DHAVE_INTTYPES_H=1 -DHAVE_STDINT_H=1 -DHAVE_STRINGS_H=1 -DHAVE_SYS_STAT_H=1 -DHAVE_SYS_TYPES_H=1 -DHAVE_UNISTD_H=1 -DSTDC_HEADERS=1 -DHAVE_DLFCN_H=1 -DLT_OBJDIR=\".libs/\" -DHAVE_JPEGLIB_H=1 -I. -DUSE_JPEG -DUSE_JPEG8 -DUSE_ZLIB -DUSE_LCMS2 -std=gnu++11 -Wno-error=unknown-pragmas -DCMS_NO_REGISTER_KEYWORD=1 -fopenmp -MT src/preprocessing/ext_preprocess.lo -MD -MP -MF src/preprocessing/.deps/ext_preprocess.Tpo -c src/preprocessing/ext_preprocess.cpp  -fPIC -DPIC -o src/preprocessing/.libs/ext_preprocess.o
libtool: compile:  /usr/bin/c++ -DPACKAGE_NAME=\"LibRaw\" -DPACKAGE_TARNAME=\"libraw\" -DPACKAGE_VERSION=\"0.22.2\" "-DPACKAGE_STRING=\"LibRaw 0.22.2\"" -DPACKAGE_BUGREPORT=\"info@libraw.org\" -DPACKAGE_URL=\"http://www.libraw.org\" -DHAVE_STDIO_H=1 -DHAVE_STDLIB_H=1 -DHAVE_STRING_H=1 -DHAVE_INTTYPES_H=1 -DHAVE_STDINT_H=1 -DHAVE_STRINGS_H=1 -DHAVE_SYS_STAT_H=1 -DHAVE_SYS_TYPES_H=1 -DHAVE_UNISTD_H=1 -DSTDC_HEADERS=1 -DHAVE_DLFCN_H=1 -DLT_OBJDIR=\".libs/\" -DHAVE_JPEGLIB_H=1 -I. -DUSE_JPEG -DUSE_JPEG8 -DUSE_ZLIB -DUSE_LCMS2 -std=gnu++11 -Wno-error=unknown-pragmas -DCMS_NO_REGISTER_KEYWORD=1 -fopenmp -MT src/preprocessing/raw2image.lo -MD -MP -MF src/preprocessing/.deps/raw2image.Tpo -c src/preprocessing/raw2image.cpp  -fPIC -DPIC -o src/preprocessing/.libs/raw2image.o
libtool: compile:  /usr/bin/c++ -DPACKAGE_NAME=\"LibRaw\" -DPACKAGE_TARNAME=\"libraw\" -DPACKAGE_VERSION=\"0.22.2\" "-DPACKAGE_STRING=\"LibRaw 0.22.2\"" -DPACKAGE_BUGREPORT=\"info@libraw.org\" -DPACKAGE_URL=\"http://www.libraw.org\" -DHAVE_STDIO_H=1 -DHAVE_STDLIB_H=1 -DHAVE_STRING_H=1 -DHAVE_INTTYPES_H=1 -DHAVE_STDINT_H=1 -DHAVE_STRINGS_H=1 -DHAVE_SYS_STAT_H=1 -DHAVE_SYS_TYPES_H=1 -DHAVE_UNISTD_H=1 -DSTDC_HEADERS=1 -DHAVE_DLFCN_H=1 -DLT_OBJDIR=\".libs/\" -DHAVE_JPEGLIB_H=1 -I. -DUSE_JPEG -DUSE_JPEG8 -DUSE_ZLIB -DUSE_LCMS2 -std=gnu++11 -Wno-error=unknown-pragmas -DCMS_NO_REGISTER_KEYWORD=1 -fopenmp -MT src/metadata/sony.lo -MD -MP -MF src/metadata/.deps/sony.Tpo -c src/metadata/sony.cpp -o src/metadata/sony.o >/dev/null 2>&1
libtool: compile:  /usr/bin/c++ -DPACKAGE_NAME=\"LibRaw\" -DPACKAGE_TARNAME=\"libraw\" -DPACKAGE_VERSION=\"0.22.2\" "-DPACKAGE_STRING=\"LibRaw 0.22.2\"" -DPACKAGE_BUGREPORT=\"info@libraw.org\" -DPACKAGE_URL=\"http://www.libraw.org\" -DHAVE_STDIO_H=1 -DHAVE_STDLIB_H=1 -DHAVE_STRING_H=1 -DHAVE_INTTYPES_H=1 -DHAVE_STDINT_H=1 -DHAVE_STRINGS_H=1 -DHAVE_SYS_STAT_H=1 -DHAVE_SYS_TYPES_H=1 -DHAVE_UNISTD_H=1 -DSTDC_HEADERS=1 -DHAVE_DLFCN_H=1 -DLT_OBJDIR=\".libs/\" -DHAVE_JPEGLIB_H=1 -I. -DUSE_JPEG -DUSE_JPEG8 -DUSE_ZLIB -DUSE_LCMS2 -std=gnu++11 -Wno-error=unknown-pragmas -DCMS_NO_REGISTER_KEYWORD=1 -fopenmp -MT src/preprocessing/subtract_black.lo -MD -MP -MF src/preprocessing/.deps/subtract_black.Tpo -c src/preprocessing/subtract_black.cpp  -fPIC -DPIC -o src/preprocessing/.libs/subtract_black.o
libtool: compile:  /usr/bin/c++ -DPACKAGE_NAME=\"LibRaw\" -DPACKAGE_TARNAME=\"libraw\" -DPACKAGE_VERSION=\"0.22.2\" "-DPACKAGE_STRING=\"LibRaw 0.22.2\"" -DPACKAGE_BUGREPORT=\"info@libraw.org\" -DPACKAGE_URL=\"http://www.libraw.org\" -DHAVE_STDIO_H=1 -DHAVE_STDLIB_H=1 -DHAVE_STRING_H=1 -DHAVE_INTTYPES_H=1 -DHAVE_STDINT_H=1 -DHAVE_STRINGS_H=1 -DHAVE_SYS_STAT_H=1 -DHAVE_SYS_TYPES_H=1 -DHAVE_UNISTD_H=1 -DSTDC_HEADERS=1 -DHAVE_DLFCN_H=1 -DLT_OBJDIR=\".libs/\" -DHAVE_JPEGLIB_H=1 -I. -DUSE_JPEG -DUSE_JPEG8 -DUSE_ZLIB -DUSE_LCMS2 -std=gnu++11 -Wno-error=unknown-pragmas -DCMS_NO_REGISTER_KEYWORD=1 -fopenmp -MT src/metadata/tiff.lo -MD -MP -MF src/metadata/.deps/tiff.Tpo -c src/metadata/tiff.cpp -o src/metadata/tiff.o >/dev/null 2>&1
libtool: compile:  /usr/bin/c++ -DPACKAGE_NAME=\"LibRaw\" -DPACKAGE_TARNAME=\"libraw\" -DPACKAGE_VERSION=\"0.22.2\" "-DPACKAGE_STRING=\"LibRaw 0.22.2\"" -DPACKAGE_BUGREPORT=\"info@libraw.org\" -DPACKAGE_URL=\"http://www.libraw.org\" -DHAVE_STDIO_H=1 -DHAVE_STDLIB_H=1 -DHAVE_STRING_H=1 -DHAVE_INTTYPES_H=1 -DHAVE_STDINT_H=1 -DHAVE_STRINGS_H=1 -DHAVE_SYS_STAT_H=1 -DHAVE_SYS_TYPES_H=1 -DHAVE_UNISTD_H=1 -DSTDC_HEADERS=1 -DHAVE_DLFCN_H=1 -DLT_OBJDIR=\".libs/\" -DHAVE_JPEGLIB_H=1 -I. -DUSE_JPEG -DUSE_JPEG8 -DUSE_ZLIB -DUSE_LCMS2 -std=gnu++11 -Wno-error=unknown-pragmas -DCMS_NO_REGISTER_KEYWORD=1 -fopenmp -MT src/tables/cameralist.lo -MD -MP -MF src/tables/.deps/cameralist.Tpo -c src/tables/cameralist.cpp  -fPIC -DPIC -o src/tables/.libs/cameralist.o
libtool: compile:  /usr/bin/c++ -DPACKAGE_NAME=\"LibRaw\" -DPACKAGE_TARNAME=\"libraw\" -DPACKAGE_VERSION=\"0.22.2\" "-DPACKAGE_STRING=\"LibRaw 0.22.2\"" -DPACKAGE_BUGREPORT=\"info@libraw.org\" -DPACKAGE_URL=\"http://www.libraw.org\" -DHAVE_STDIO_H=1 -DHAVE_STDLIB_H=1 -DHAVE_STRING_H=1 -DHAVE_INTTYPES_H=1 -DHAVE_STDINT_H=1 -DHAVE_STRINGS_H=1 -DHAVE_SYS_STAT_H=1 -DHAVE_SYS_TYPES_H=1 -DHAVE_UNISTD_H=1 -DSTDC_HEADERS=1 -DHAVE_DLFCN_H=1 -DLT_OBJDIR=\".libs/\" -DHAVE_JPEGLIB_H=1 -I. -DUSE_JPEG -DUSE_JPEG8 -DUSE_ZLIB -DUSE_LCMS2 -std=gnu++11 -Wno-error=unknown-pragmas -DCMS_NO_REGISTER_KEYWORD=1 -fopenmp -MT src/postprocessing/postprocessing_aux.lo -MD -MP -MF src/postprocessing/.deps/postprocessing_aux.Tpo -c src/postprocessing/postprocessing_aux.cpp -o src/postprocessing/postprocessing_aux.o >/dev/null 2>&1
libtool: compile:  /usr/bin/c++ -DPACKAGE_NAME=\"LibRaw\" -DPACKAGE_TARNAME=\"libraw\" -DPACKAGE_VERSION=\"0.22.2\" "-DPACKAGE_STRING=\"LibRaw 0.22.2\"" -DPACKAGE_BUGREPORT=\"info@libraw.org\" -DPACKAGE_URL=\"http://www.libraw.org\" -DHAVE_STDIO_H=1 -DHAVE_STDLIB_H=1 -DHAVE_STRING_H=1 -DHAVE_INTTYPES_H=1 -DHAVE_STDINT_H=1 -DHAVE_STRINGS_H=1 -DHAVE_SYS_STAT_H=1 -DHAVE_SYS_TYPES_H=1 -DHAVE_UNISTD_H=1 -DSTDC_HEADERS=1 -DHAVE_DLFCN_H=1 -DLT_OBJDIR=\".libs/\" -DHAVE_JPEGLIB_H=1 -I. -DUSE_JPEG -DUSE_JPEG8 -DUSE_ZLIB -DUSE_LCMS2 -std=gnu++11 -Wno-error=unknown-pragmas -DCMS_NO_REGISTER_KEYWORD=1 -fopenmp -MT src/tables/colorconst.lo -MD -MP -MF src/tables/.deps/colorconst.Tpo -c src/tables/colorconst.cpp  -fPIC -DPIC -o src/tables/.libs/colorconst.o
libtool: compile:  /usr/bin/c++ -DPACKAGE_NAME=\"LibRaw\" -DPACKAGE_TARNAME=\"libraw\" -DPACKAGE_VERSION=\"0.22.2\" "-DPACKAGE_STRING=\"LibRaw 0.22.2\"" -DPACKAGE_BUGREPORT=\"info@libraw.org\" -DPACKAGE_URL=\"http://www.libraw.org\" -DHAVE_STDIO_H=1 -DHAVE_STDLIB_H=1 -DHAVE_STRING_H=1 -DHAVE_INTTYPES_H=1 -DHAVE_STDINT_H=1 -DHAVE_STRINGS_H=1 -DHAVE_SYS_STAT_H=1 -DHAVE_SYS_TYPES_H=1 -DHAVE_UNISTD_H=1 -DSTDC_HEADERS=1 -DHAVE_DLFCN_H=1 -DLT_OBJDIR=\".libs/\" -DHAVE_JPEGLIB_H=1 -I. -DUSE_JPEG -DUSE_JPEG8 -DUSE_ZLIB -DUSE_LCMS2 -std=gnu++11 -Wno-error=unknown-pragmas -DCMS_NO_REGISTER_KEYWORD=1 -fopenmp -MT src/tables/colordata.lo -MD -MP -MF src/tables/.deps/colordata.Tpo -c src/tables/colordata.cpp  -fPIC -DPIC -o src/tables/.libs/colordata.o
libtool: compile:  /usr/bin/c++ -DPACKAGE_NAME=\"LibRaw\" -DPACKAGE_TARNAME=\"libraw\" -DPACKAGE_VERSION=\"0.22.2\" "-DPACKAGE_STRING=\"LibRaw 0.22.2\"" -DPACKAGE_BUGREPORT=\"info@libraw.org\" -DPACKAGE_URL=\"http://www.libraw.org\" -DHAVE_STDIO_H=1 -DHAVE_STDLIB_H=1 -DHAVE_STRING_H=1 -DHAVE_INTTYPES_H=1 -DHAVE_STDINT_H=1 -DHAVE_STRINGS_H=1 -DHAVE_SYS_STAT_H=1 -DHAVE_SYS_TYPES_H=1 -DHAVE_UNISTD_H=1 -DSTDC_HEADERS=1 -DHAVE_DLFCN_H=1 -DLT_OBJDIR=\".libs/\" -DHAVE_JPEGLIB_H=1 -I. -DUSE_JPEG -DUSE_JPEG8 -DUSE_ZLIB -DUSE_LCMS2 -std=gnu++11 -Wno-error=unknown-pragmas -DCMS_NO_REGISTER_KEYWORD=1 -fopenmp -MT src/tables/wblists.lo -MD -MP -MF src/tables/.deps/wblists.Tpo -c src/tables/wblists.cpp  -fPIC -DPIC -o src/tables/.libs/wblists.o
libtool: compile:  /usr/bin/c++ -DPACKAGE_NAME=\"LibRaw\" -DPACKAGE_TARNAME=\"libraw\" -DPACKAGE_VERSION=\"0.22.2\" "-DPACKAGE_STRING=\"LibRaw 0.22.2\"" -DPACKAGE_BUGREPORT=\"info@libraw.org\" -DPACKAGE_URL=\"http://www.libraw.org\" -DHAVE_STDIO_H=1 -DHAVE_STDLIB_H=1 -DHAVE_STRING_H=1 -DHAVE_INTTYPES_H=1 -DHAVE_STDINT_H=1 -DHAVE_STRINGS_H=1 -DHAVE_SYS_STAT_H=1 -DHAVE_SYS_TYPES_H=1 -DHAVE_UNISTD_H=1 -DSTDC_HEADERS=1 -DHAVE_DLFCN_H=1 -DLT_OBJDIR=\".libs/\" -DHAVE_JPEGLIB_H=1 -I. -DUSE_JPEG -DUSE_JPEG8 -DUSE_ZLIB -DUSE_LCMS2 -std=gnu++11 -Wno-error=unknown-pragmas -DCMS_NO_REGISTER_KEYWORD=1 -fopenmp -MT src/utils/curves.lo -MD -MP -MF src/utils/.deps/curves.Tpo -c src/utils/curves.cpp  -fPIC -DPIC -o src/utils/.libs/curves.o
libtool: compile:  /usr/bin/c++ -DPACKAGE_NAME=\"LibRaw\" -DPACKAGE_TARNAME=\"libraw\" -DPACKAGE_VERSION=\"0.22.2\" "-DPACKAGE_STRING=\"LibRaw 0.22.2\"" -DPACKAGE_BUGREPORT=\"info@libraw.org\" -DPACKAGE_URL=\"http://www.libraw.org\" -DHAVE_STDIO_H=1 -DHAVE_STDLIB_H=1 -DHAVE_STRING_H=1 -DHAVE_INTTYPES_H=1 -DHAVE_STDINT_H=1 -DHAVE_STRINGS_H=1 -DHAVE_SYS_STAT_H=1 -DHAVE_SYS_TYPES_H=1 -DHAVE_UNISTD_H=1 -DSTDC_HEADERS=1 -DHAVE_DLFCN_H=1 -DLT_OBJDIR=\".libs/\" -DHAVE_JPEGLIB_H=1 -I. -DUSE_JPEG -DUSE_JPEG8 -DUSE_ZLIB -DUSE_LCMS2 -std=gnu++11 -Wno-error=unknown-pragmas -DCMS_NO_REGISTER_KEYWORD=1 -fopenmp -MT src/utils/decoder_info.lo -MD -MP -MF src/utils/.deps/decoder_info.Tpo -c src/utils/decoder_info.cpp  -fPIC -DPIC -o src/utils/.libs/decoder_info.o
libtool: compile:  /usr/bin/c++ -DPACKAGE_NAME=\"LibRaw\" -DPACKAGE_TARNAME=\"libraw\" -DPACKAGE_VERSION=\"0.22.2\" "-DPACKAGE_STRING=\"LibRaw 0.22.2\"" -DPACKAGE_BUGREPORT=\"info@libraw.org\" -DPACKAGE_URL=\"http://www.libraw.org\" -DHAVE_STDIO_H=1 -DHAVE_STDLIB_H=1 -DHAVE_STRING_H=1 -DHAVE_INTTYPES_H=1 -DHAVE_STDINT_H=1 -DHAVE_STRINGS_H=1 -DHAVE_SYS_STAT_H=1 -DHAVE_SYS_TYPES_H=1 -DHAVE_UNISTD_H=1 -DSTDC_HEADERS=1 -DHAVE_DLFCN_H=1 -DLT_OBJDIR=\".libs/\" -DHAVE_JPEGLIB_H=1 -I. -DUSE_JPEG -DUSE_JPEG8 -DUSE_ZLIB -DUSE_LCMS2 -std=gnu++11 -Wno-error=unknown-pragmas -DCMS_NO_REGISTER_KEYWORD=1 -fopenmp -MT src/utils/init_close_utils.lo -MD -MP -MF src/utils/.deps/init_close_utils.Tpo -c src/utils/init_close_utils.cpp  -fPIC -DPIC -o src/utils/.libs/init_close_utils.o
libtool: compile:  /usr/bin/c++ -DPACKAGE_NAME=\"LibRaw\" -DPACKAGE_TARNAME=\"libraw\" -DPACKAGE_VERSION=\"0.22.2\" "-DPACKAGE_STRING=\"LibRaw 0.22.2\"" -DPACKAGE_BUGREPORT=\"info@libraw.org\" -DPACKAGE_URL=\"http://www.libraw.org\" -DHAVE_STDIO_H=1 -DHAVE_STDLIB_H=1 -DHAVE_STRING_H=1 -DHAVE_INTTYPES_H=1 -DHAVE_STDINT_H=1 -DHAVE_STRINGS_H=1 -DHAVE_SYS_STAT_H=1 -DHAVE_SYS_TYPES_H=1 -DHAVE_UNISTD_H=1 -DSTDC_HEADERS=1 -DHAVE_DLFCN_H=1 -DLT_OBJDIR=\".libs/\" -DHAVE_JPEGLIB_H=1 -I. -DUSE_JPEG -DUSE_JPEG8 -DUSE_ZLIB -DUSE_LCMS2 -std=gnu++11 -Wno-error=unknown-pragmas -DCMS_NO_REGISTER_KEYWORD=1 -fopenmp -MT src/utils/open.lo -MD -MP -MF src/utils/.deps/open.Tpo -c src/utils/open.cpp  -fPIC -DPIC -o src/utils/.libs/open.o
libtool: compile:  /usr/bin/c++ -DPACKAGE_NAME=\"LibRaw\" -DPACKAGE_TARNAME=\"libraw\" -DPACKAGE_VERSION=\"0.22.2\" "-DPACKAGE_STRING=\"LibRaw 0.22.2\"" -DPACKAGE_BUGREPORT=\"info@libraw.org\" -DPACKAGE_URL=\"http://www.libraw.org\" -DHAVE_STDIO_H=1 -DHAVE_STDLIB_H=1 -DHAVE_STRING_H=1 -DHAVE_INTTYPES_H=1 -DHAVE_STDINT_H=1 -DHAVE_STRINGS_H=1 -DHAVE_SYS_STAT_H=1 -DHAVE_SYS_TYPES_H=1 -DHAVE_UNISTD_H=1 -DSTDC_HEADERS=1 -DHAVE_DLFCN_H=1 -DLT_OBJDIR=\".libs/\" -DHAVE_JPEGLIB_H=1 -I. -DUSE_JPEG -DUSE_JPEG8 -DUSE_ZLIB -DUSE_LCMS2 -std=gnu++11 -Wno-error=unknown-pragmas -DCMS_NO_REGISTER_KEYWORD=1 -fopenmp -MT src/utils/phaseone_processing.lo -MD -MP -MF src/utils/.deps/phaseone_processing.Tpo -c src/utils/phaseone_processing.cpp  -fPIC -DPIC -o src/utils/.libs/phaseone_processing.o
libtool: compile:  /usr/bin/c++ -DPACKAGE_NAME=\"LibRaw\" -DPACKAGE_TARNAME=\"libraw\" -DPACKAGE_VERSION=\"0.22.2\" "-DPACKAGE_STRING=\"LibRaw 0.22.2\"" -DPACKAGE_BUGREPORT=\"info@libraw.org\" -DPACKAGE_URL=\"http://www.libraw.org\" -DHAVE_STDIO_H=1 -DHAVE_STDLIB_H=1 -DHAVE_STRING_H=1 -DHAVE_INTTYPES_H=1 -DHAVE_STDINT_H=1 -DHAVE_STRINGS_H=1 -DHAVE_SYS_STAT_H=1 -DHAVE_SYS_TYPES_H=1 -DHAVE_UNISTD_H=1 -DSTDC_HEADERS=1 -DHAVE_DLFCN_H=1 -DLT_OBJDIR=\".libs/\" -DHAVE_JPEGLIB_H=1 -I. -DUSE_JPEG -DUSE_JPEG8 -DUSE_ZLIB -DUSE_LCMS2 -std=gnu++11 -Wno-error=unknown-pragmas -DCMS_NO_REGISTER_KEYWORD=1 -fopenmp -MT src/postprocessing/postprocessing_utils_dcrdefs.lo -MD -MP -MF src/postprocessing/.deps/postprocessing_utils_dcrdefs.Tpo -c src/postprocessing/postprocessing_utils_dcrdefs.cpp -o src/postprocessing/postprocessing_utils_dcrdefs.o >/dev/null 2>&1
libtool: compile:  /usr/bin/c++ -DPACKAGE_NAME=\"LibRaw\" -DPACKAGE_TARNAME=\"libraw\" -DPACKAGE_VERSION=\"0.22.2\" "-DPACKAGE_STRING=\"LibRaw 0.22.2\"" -DPACKAGE_BUGREPORT=\"info@libraw.org\" -DPACKAGE_URL=\"http://www.libraw.org\" -DHAVE_STDIO_H=1 -DHAVE_STDLIB_H=1 -DHAVE_STRING_H=1 -DHAVE_INTTYPES_H=1 -DHAVE_STDINT_H=1 -DHAVE_STRINGS_H=1 -DHAVE_SYS_STAT_H=1 -DHAVE_SYS_TYPES_H=1 -DHAVE_UNISTD_H=1 -DSTDC_HEADERS=1 -DHAVE_DLFCN_H=1 -DLT_OBJDIR=\".libs/\" -DHAVE_JPEGLIB_H=1 -I. -DUSE_JPEG -DUSE_JPEG8 -DUSE_ZLIB -DUSE_LCMS2 -std=gnu++11 -Wno-error=unknown-pragmas -DCMS_NO_REGISTER_KEYWORD=1 -fopenmp -MT src/utils/read_utils.lo -MD -MP -MF src/utils/.deps/read_utils.Tpo -c src/utils/read_utils.cpp  -fPIC -DPIC -o src/utils/.libs/read_utils.o
libtool: compile:  /usr/bin/c++ -DPACKAGE_NAME=\"LibRaw\" -DPACKAGE_TARNAME=\"libraw\" -DPACKAGE_VERSION=\"0.22.2\" "-DPACKAGE_STRING=\"LibRaw 0.22.2\"" -DPACKAGE_BUGREPORT=\"info@libraw.org\" -DPACKAGE_URL=\"http://www.libraw.org\" -DHAVE_STDIO_H=1 -DHAVE_STDLIB_H=1 -DHAVE_STRING_H=1 -DHAVE_INTTYPES_H=1 -DHAVE_STDINT_H=1 -DHAVE_STRINGS_H=1 -DHAVE_SYS_STAT_H=1 -DHAVE_SYS_TYPES_H=1 -DHAVE_UNISTD_H=1 -DSTDC_HEADERS=1 -DHAVE_DLFCN_H=1 -DLT_OBJDIR=\".libs/\" -DHAVE_JPEGLIB_H=1 -I. -DUSE_JPEG -DUSE_JPEG8 -DUSE_ZLIB -DUSE_LCMS2 -std=gnu++11 -Wno-error=unknown-pragmas -DCMS_NO_REGISTER_KEYWORD=1 -fopenmp -MT src/preprocessing/subtract_black.lo -MD -MP -MF src/preprocessing/.deps/subtract_black.Tpo -c src/preprocessing/subtract_black.cpp -o src/preprocessing/subtract_black.o >/dev/null 2>&1
libtool: compile:  /usr/bin/c++ -DPACKAGE_NAME=\"LibRaw\" -DPACKAGE_TARNAME=\"libraw\" -DPACKAGE_VERSION=\"0.22.2\" "-DPACKAGE_STRING=\"LibRaw 0.22.2\"" -DPACKAGE_BUGREPORT=\"info@libraw.org\" -DPACKAGE_URL=\"http://www.libraw.org\" -DHAVE_STDIO_H=1 -DHAVE_STDLIB_H=1 -DHAVE_STRING_H=1 -DHAVE_INTTYPES_H=1 -DHAVE_STDINT_H=1 -DHAVE_STRINGS_H=1 -DHAVE_SYS_STAT_H=1 -DHAVE_SYS_TYPES_H=1 -DHAVE_UNISTD_H=1 -DSTDC_HEADERS=1 -DHAVE_DLFCN_H=1 -DLT_OBJDIR=\".libs/\" -DHAVE_JPEGLIB_H=1 -I. -DUSE_JPEG -DUSE_JPEG8 -DUSE_ZLIB -DUSE_LCMS2 -std=gnu++11 -Wno-error=unknown-pragmas -DCMS_NO_REGISTER_KEYWORD=1 -fopenmp -MT src/preprocessing/ext_preprocess.lo -MD -MP -MF src/preprocessing/.deps/ext_preprocess.Tpo -c src/preprocessing/ext_preprocess.cpp -o src/preprocessing/ext_preprocess.o >/dev/null 2>&1
libtool: compile:  /usr/bin/c++ -DPACKAGE_NAME=\"LibRaw\" -DPACKAGE_TARNAME=\"libraw\" -DPACKAGE_VERSION=\"0.22.2\" "-DPACKAGE_STRING=\"LibRaw 0.22.2\"" -DPACKAGE_BUGREPORT=\"info@libraw.org\" -DPACKAGE_URL=\"http://www.libraw.org\" -DHAVE_STDIO_H=1 -DHAVE_STDLIB_H=1 -DHAVE_STRING_H=1 -DHAVE_INTTYPES_H=1 -DHAVE_STDINT_H=1 -DHAVE_STRINGS_H=1 -DHAVE_SYS_STAT_H=1 -DHAVE_SYS_TYPES_H=1 -DHAVE_UNISTD_H=1 -DSTDC_HEADERS=1 -DHAVE_DLFCN_H=1 -DLT_OBJDIR=\".libs/\" -DHAVE_JPEGLIB_H=1 -I. -DUSE_JPEG -DUSE_JPEG8 -DUSE_ZLIB -DUSE_LCMS2 -std=gnu++11 -Wno-error=unknown-pragmas -DCMS_NO_REGISTER_KEYWORD=1 -fopenmp -MT src/utils/thumb_utils.lo -MD -MP -MF src/utils/.deps/thumb_utils.Tpo -c src/utils/thumb_utils.cpp  -fPIC -DPIC -o src/utils/.libs/thumb_utils.o
libtool: compile:  /usr/bin/c++ -DPACKAGE_NAME=\"LibRaw\" -DPACKAGE_TARNAME=\"libraw\" -DPACKAGE_VERSION=\"0.22.2\" "-DPACKAGE_STRING=\"LibRaw 0.22.2\"" -DPACKAGE_BUGREPORT=\"info@libraw.org\" -DPACKAGE_URL=\"http://www.libraw.org\" -DHAVE_STDIO_H=1 -DHAVE_STDLIB_H=1 -DHAVE_STRING_H=1 -DHAVE_INTTYPES_H=1 -DHAVE_STDINT_H=1 -DHAVE_STRINGS_H=1 -DHAVE_SYS_STAT_H=1 -DHAVE_SYS_TYPES_H=1 -DHAVE_UNISTD_H=1 -DSTDC_HEADERS=1 -DHAVE_DLFCN_H=1 -DLT_OBJDIR=\".libs/\" -DHAVE_JPEGLIB_H=1 -I. -DUSE_JPEG -DUSE_JPEG8 -DUSE_ZLIB -DUSE_LCMS2 -std=gnu++11 -Wno-error=unknown-pragmas -DCMS_NO_REGISTER_KEYWORD=1 -fopenmp -MT src/postprocessing/postprocessing_utils.lo -MD -MP -MF src/postprocessing/.deps/postprocessing_utils.Tpo -c src/postprocessing/postprocessing_utils.cpp -o src/postprocessing/postprocessing_utils.o >/dev/null 2>&1
libtool: compile:  /usr/bin/c++ -DPACKAGE_NAME=\"LibRaw\" -DPACKAGE_TARNAME=\"libraw\" -DPACKAGE_VERSION=\"0.22.2\" "-DPACKAGE_STRING=\"LibRaw 0.22.2\"" -DPACKAGE_BUGREPORT=\"info@libraw.org\" -DPACKAGE_URL=\"http://www.libraw.org\" -DHAVE_STDIO_H=1 -DHAVE_STDLIB_H=1 -DHAVE_STRING_H=1 -DHAVE_INTTYPES_H=1 -DHAVE_STDINT_H=1 -DHAVE_STRINGS_H=1 -DHAVE_SYS_STAT_H=1 -DHAVE_SYS_TYPES_H=1 -DHAVE_UNISTD_H=1 -DSTDC_HEADERS=1 -DHAVE_DLFCN_H=1 -DLT_OBJDIR=\".libs/\" -DHAVE_JPEGLIB_H=1 -I. -DUSE_JPEG -DUSE_JPEG8 -DUSE_ZLIB -DUSE_LCMS2 -std=gnu++11 -Wno-error=unknown-pragmas -DCMS_NO_REGISTER_KEYWORD=1 -fopenmp -MT src/utils/utils_dcraw.lo -MD -MP -MF src/utils/.deps/utils_dcraw.Tpo -c src/utils/utils_dcraw.cpp  -fPIC -DPIC -o src/utils/.libs/utils_dcraw.o
libtool: compile:  /usr/bin/c++ -DPACKAGE_NAME=\"LibRaw\" -DPACKAGE_TARNAME=\"libraw\" -DPACKAGE_VERSION=\"0.22.2\" "-DPACKAGE_STRING=\"LibRaw 0.22.2\"" -DPACKAGE_BUGREPORT=\"info@libraw.org\" -DPACKAGE_URL=\"http://www.libraw.org\" -DHAVE_STDIO_H=1 -DHAVE_STDLIB_H=1 -DHAVE_STRING_H=1 -DHAVE_INTTYPES_H=1 -DHAVE_STDINT_H=1 -DHAVE_STRINGS_H=1 -DHAVE_SYS_STAT_H=1 -DHAVE_SYS_TYPES_H=1 -DHAVE_UNISTD_H=1 -DSTDC_HEADERS=1 -DHAVE_DLFCN_H=1 -DLT_OBJDIR=\".libs/\" -DHAVE_JPEGLIB_H=1 -I. -DUSE_JPEG -DUSE_JPEG8 -DUSE_ZLIB -DUSE_LCMS2 -std=gnu++11 -Wno-error=unknown-pragmas -DCMS_NO_REGISTER_KEYWORD=1 -fopenmp -MT src/preprocessing/raw2image.lo -MD -MP -MF src/preprocessing/.deps/raw2image.Tpo -c src/preprocessing/raw2image.cpp -o src/preprocessing/raw2image.o >/dev/null 2>&1
libtool: compile:  /usr/bin/c++ -DPACKAGE_NAME=\"LibRaw\" -DPACKAGE_TARNAME=\"libraw\" -DPACKAGE_VERSION=\"0.22.2\" "-DPACKAGE_STRING=\"LibRaw 0.22.2\"" -DPACKAGE_BUGREPORT=\"info@libraw.org\" -DPACKAGE_URL=\"http://www.libraw.org\" -DHAVE_STDIO_H=1 -DHAVE_STDLIB_H=1 -DHAVE_STRING_H=1 -DHAVE_INTTYPES_H=1 -DHAVE_STDINT_H=1 -DHAVE_STRINGS_H=1 -DHAVE_SYS_STAT_H=1 -DHAVE_SYS_TYPES_H=1 -DHAVE_UNISTD_H=1 -DSTDC_HEADERS=1 -DHAVE_DLFCN_H=1 -DLT_OBJDIR=\".libs/\" -DHAVE_JPEGLIB_H=1 -I. -DUSE_JPEG -DUSE_JPEG8 -DUSE_ZLIB -DUSE_LCMS2 -std=gnu++11 -Wno-error=unknown-pragmas -DCMS_NO_REGISTER_KEYWORD=1 -fopenmp -MT src/tables/cameralist.lo -MD -MP -MF src/tables/.deps/cameralist.Tpo -c src/tables/cameralist.cpp -o src/tables/cameralist.o >/dev/null 2>&1
libtool: compile:  /usr/bin/c++ -DPACKAGE_NAME=\"LibRaw\" -DPACKAGE_TARNAME=\"libraw\" -DPACKAGE_VERSION=\"0.22.2\" "-DPACKAGE_STRING=\"LibRaw 0.22.2\"" -DPACKAGE_BUGREPORT=\"info@libraw.org\" -DPACKAGE_URL=\"http://www.libraw.org\" -DHAVE_STDIO_H=1 -DHAVE_STDLIB_H=1 -DHAVE_STRING_H=1 -DHAVE_INTTYPES_H=1 -DHAVE_STDINT_H=1 -DHAVE_STRINGS_H=1 -DHAVE_SYS_STAT_H=1 -DHAVE_SYS_TYPES_H=1 -DHAVE_UNISTD_H=1 -DSTDC_HEADERS=1 -DHAVE_DLFCN_H=1 -DLT_OBJDIR=\".libs/\" -DHAVE_JPEGLIB_H=1 -I. -DUSE_JPEG -DUSE_JPEG8 -DUSE_ZLIB -DUSE_LCMS2 -std=gnu++11 -Wno-error=unknown-pragmas -DCMS_NO_REGISTER_KEYWORD=1 -fopenmp -MT src/tables/wblists.lo -MD -MP -MF src/tables/.deps/wblists.Tpo -c src/tables/wblists.cpp -o src/tables/wblists.o >/dev/null 2>&1
libtool: compile:  /usr/bin/c++ -DPACKAGE_NAME=\"LibRaw\" -DPACKAGE_TARNAME=\"libraw\" -DPACKAGE_VERSION=\"0.22.2\" "-DPACKAGE_STRING=\"LibRaw 0.22.2\"" -DPACKAGE_BUGREPORT=\"info@libraw.org\" -DPACKAGE_URL=\"http://www.libraw.org\" -DHAVE_STDIO_H=1 -DHAVE_STDLIB_H=1 -DHAVE_STRING_H=1 -DHAVE_INTTYPES_H=1 -DHAVE_STDINT_H=1 -DHAVE_STRINGS_H=1 -DHAVE_SYS_STAT_H=1 -DHAVE_SYS_TYPES_H=1 -DHAVE_UNISTD_H=1 -DSTDC_HEADERS=1 -DHAVE_DLFCN_H=1 -DLT_OBJDIR=\".libs/\" -DHAVE_JPEGLIB_H=1 -I. -DUSE_JPEG -DUSE_JPEG8 -DUSE_ZLIB -DUSE_LCMS2 -std=gnu++11 -Wno-error=unknown-pragmas -DCMS_NO_REGISTER_KEYWORD=1 -fopenmp -MT src/tables/colorconst.lo -MD -MP -MF src/tables/.deps/colorconst.Tpo -c src/tables/colorconst.cpp -o src/tables/colorconst.o >/dev/null 2>&1
libtool: compile:  /usr/bin/c++ -DPACKAGE_NAME=\"LibRaw\" -DPACKAGE_TARNAME=\"libraw\" -DPACKAGE_VERSION=\"0.22.2\" "-DPACKAGE_STRING=\"LibRaw 0.22.2\"" -DPACKAGE_BUGREPORT=\"info@libraw.org\" -DPACKAGE_URL=\"http://www.libraw.org\" -DHAVE_STDIO_H=1 -DHAVE_STDLIB_H=1 -DHAVE_STRING_H=1 -DHAVE_INTTYPES_H=1 -DHAVE_STDINT_H=1 -DHAVE_STRINGS_H=1 -DHAVE_SYS_STAT_H=1 -DHAVE_SYS_TYPES_H=1 -DHAVE_UNISTD_H=1 -DSTDC_HEADERS=1 -DHAVE_DLFCN_H=1 -DLT_OBJDIR=\".libs/\" -DHAVE_JPEGLIB_H=1 -I. -DUSE_JPEG -DUSE_JPEG8 -DUSE_ZLIB -DUSE_LCMS2 -std=gnu++11 -Wno-error=unknown-pragmas -DCMS_NO_REGISTER_KEYWORD=1 -fopenmp -MT src/utils/utils_libraw.lo -MD -MP -MF src/utils/.deps/utils_libraw.Tpo -c src/utils/utils_libraw.cpp  -fPIC -DPIC -o src/utils/.libs/utils_libraw.o
libtool: compile:  /usr/bin/c++ -DPACKAGE_NAME=\"LibRaw\" -DPACKAGE_TARNAME=\"libraw\" -DPACKAGE_VERSION=\"0.22.2\" "-DPACKAGE_STRING=\"LibRaw 0.22.2\"" -DPACKAGE_BUGREPORT=\"info@libraw.org\" -DPACKAGE_URL=\"http://www.libraw.org\" -DHAVE_STDIO_H=1 -DHAVE_STDLIB_H=1 -DHAVE_STRING_H=1 -DHAVE_INTTYPES_H=1 -DHAVE_STDINT_H=1 -DHAVE_STRINGS_H=1 -DHAVE_SYS_STAT_H=1 -DHAVE_SYS_TYPES_H=1 -DHAVE_UNISTD_H=1 -DSTDC_HEADERS=1 -DHAVE_DLFCN_H=1 -DLT_OBJDIR=\".libs/\" -DHAVE_JPEGLIB_H=1 -I. -DUSE_JPEG -DUSE_JPEG8 -DUSE_ZLIB -DUSE_LCMS2 -std=gnu++11 -Wno-error=unknown-pragmas -DCMS_NO_REGISTER_KEYWORD=1 -fopenmp -MT src/tables/colordata.lo -MD -MP -MF src/tables/.deps/colordata.Tpo -c src/tables/colordata.cpp -o src/tables/colordata.o >/dev/null 2>&1
libtool: compile:  /usr/bin/c++ -DPACKAGE_NAME=\"LibRaw\" -DPACKAGE_TARNAME=\"libraw\" -DPACKAGE_VERSION=\"0.22.2\" "-DPACKAGE_STRING=\"LibRaw 0.22.2\"" -DPACKAGE_BUGREPORT=\"info@libraw.org\" -DPACKAGE_URL=\"http://www.libraw.org\" -DHAVE_STDIO_H=1 -DHAVE_STDLIB_H=1 -DHAVE_STRING_H=1 -DHAVE_INTTYPES_H=1 -DHAVE_STDINT_H=1 -DHAVE_STRINGS_H=1 -DHAVE_SYS_STAT_H=1 -DHAVE_SYS_TYPES_H=1 -DHAVE_UNISTD_H=1 -DSTDC_HEADERS=1 -DHAVE_DLFCN_H=1 -DLT_OBJDIR=\".libs/\" -DHAVE_JPEGLIB_H=1 -I. -DUSE_JPEG -DUSE_JPEG8 -DUSE_ZLIB -DUSE_LCMS2 -std=gnu++11 -Wno-error=unknown-pragmas -DCMS_NO_REGISTER_KEYWORD=1 -fopenmp -MT src/utils/decoder_info.lo -MD -MP -MF src/utils/.deps/decoder_info.Tpo -c src/utils/decoder_info.cpp -o src/utils/decoder_info.o >/dev/null 2>&1
libtool: compile:  /usr/bin/c++ -DPACKAGE_NAME=\"LibRaw\" -DPACKAGE_TARNAME=\"libraw\" -DPACKAGE_VERSION=\"0.22.2\" "-DPACKAGE_STRING=\"LibRaw 0.22.2\"" -DPACKAGE_BUGREPORT=\"info@libraw.org\" -DPACKAGE_URL=\"http://www.libraw.org\" -DHAVE_STDIO_H=1 -DHAVE_STDLIB_H=1 -DHAVE_STRING_H=1 -DHAVE_INTTYPES_H=1 -DHAVE_STDINT_H=1 -DHAVE_STRINGS_H=1 -DHAVE_SYS_STAT_H=1 -DHAVE_SYS_TYPES_H=1 -DHAVE_UNISTD_H=1 -DSTDC_HEADERS=1 -DHAVE_DLFCN_H=1 -DLT_OBJDIR=\".libs/\" -DHAVE_JPEGLIB_H=1 -I. -DUSE_JPEG -DUSE_JPEG8 -DUSE_ZLIB -DUSE_LCMS2 -std=gnu++11 -Wno-error=unknown-pragmas -DCMS_NO_REGISTER_KEYWORD=1 -fopenmp -MT src/utils/curves.lo -MD -MP -MF src/utils/.deps/curves.Tpo -c src/utils/curves.cpp -o src/utils/curves.o >/dev/null 2>&1
libtool: compile:  /usr/bin/c++ -DPACKAGE_NAME=\"LibRaw\" -DPACKAGE_TARNAME=\"libraw\" -DPACKAGE_VERSION=\"0.22.2\" "-DPACKAGE_STRING=\"LibRaw 0.22.2\"" -DPACKAGE_BUGREPORT=\"info@libraw.org\" -DPACKAGE_URL=\"http://www.libraw.org\" -DHAVE_STDIO_H=1 -DHAVE_STDLIB_H=1 -DHAVE_STRING_H=1 -DHAVE_INTTYPES_H=1 -DHAVE_STDINT_H=1 -DHAVE_STRINGS_H=1 -DHAVE_SYS_STAT_H=1 -DHAVE_SYS_TYPES_H=1 -DHAVE_UNISTD_H=1 -DSTDC_HEADERS=1 -DHAVE_DLFCN_H=1 -DLT_OBJDIR=\".libs/\" -DHAVE_JPEGLIB_H=1 -I. -DUSE_JPEG -DUSE_JPEG8 -DUSE_ZLIB -DUSE_LCMS2 -std=gnu++11 -Wno-error=unknown-pragmas -DCMS_NO_REGISTER_KEYWORD=1 -fopenmp -MT src/write/apply_profile.lo -MD -MP -MF src/write/.deps/apply_profile.Tpo -c src/write/apply_profile.cpp  -fPIC -DPIC -o src/write/.libs/apply_profile.o
libtool: compile:  /usr/bin/c++ -DPACKAGE_NAME=\"LibRaw\" -DPACKAGE_TARNAME=\"libraw\" -DPACKAGE_VERSION=\"0.22.2\" "-DPACKAGE_STRING=\"LibRaw 0.22.2\"" -DPACKAGE_BUGREPORT=\"info@libraw.org\" -DPACKAGE_URL=\"http://www.libraw.org\" -DHAVE_STDIO_H=1 -DHAVE_STDLIB_H=1 -DHAVE_STRING_H=1 -DHAVE_INTTYPES_H=1 -DHAVE_STDINT_H=1 -DHAVE_STRINGS_H=1 -DHAVE_SYS_STAT_H=1 -DHAVE_SYS_TYPES_H=1 -DHAVE_UNISTD_H=1 -DSTDC_HEADERS=1 -DHAVE_DLFCN_H=1 -DLT_OBJDIR=\".libs/\" -DHAVE_JPEGLIB_H=1 -I. -DUSE_JPEG -DUSE_JPEG8 -DUSE_ZLIB -DUSE_LCMS2 -std=gnu++11 -Wno-error=unknown-pragmas -DCMS_NO_REGISTER_KEYWORD=1 -fopenmp -MT src/utils/init_close_utils.lo -MD -MP -MF src/utils/.deps/init_close_utils.Tpo -c src/utils/init_close_utils.cpp -o src/utils/init_close_utils.o >/dev/null 2>&1
libtool: compile:  /usr/bin/c++ -DPACKAGE_NAME=\"LibRaw\" -DPACKAGE_TARNAME=\"libraw\" -DPACKAGE_VERSION=\"0.22.2\" "-DPACKAGE_STRING=\"LibRaw 0.22.2\"" -DPACKAGE_BUGREPORT=\"info@libraw.org\" -DPACKAGE_URL=\"http://www.libraw.org\" -DHAVE_STDIO_H=1 -DHAVE_STDLIB_H=1 -DHAVE_STRING_H=1 -DHAVE_INTTYPES_H=1 -DHAVE_STDINT_H=1 -DHAVE_STRINGS_H=1 -DHAVE_SYS_STAT_H=1 -DHAVE_SYS_TYPES_H=1 -DHAVE_UNISTD_H=1 -DSTDC_HEADERS=1 -DHAVE_DLFCN_H=1 -DLT_OBJDIR=\".libs/\" -DHAVE_JPEGLIB_H=1 -I. -DUSE_JPEG -DUSE_JPEG8 -DUSE_ZLIB -DUSE_LCMS2 -std=gnu++11 -Wno-error=unknown-pragmas -DCMS_NO_REGISTER_KEYWORD=1 -fopenmp -MT src/utils/phaseone_processing.lo -MD -MP -MF src/utils/.deps/phaseone_processing.Tpo -c src/utils/phaseone_processing.cpp -o src/utils/phaseone_processing.o >/dev/null 2>&1
libtool: compile:  /usr/bin/c++ -DPACKAGE_NAME=\"LibRaw\" -DPACKAGE_TARNAME=\"libraw\" -DPACKAGE_VERSION=\"0.22.2\" "-DPACKAGE_STRING=\"LibRaw 0.22.2\"" -DPACKAGE_BUGREPORT=\"info@libraw.org\" -DPACKAGE_URL=\"http://www.libraw.org\" -DHAVE_STDIO_H=1 -DHAVE_STDLIB_H=1 -DHAVE_STRING_H=1 -DHAVE_INTTYPES_H=1 -DHAVE_STDINT_H=1 -DHAVE_STRINGS_H=1 -DHAVE_SYS_STAT_H=1 -DHAVE_SYS_TYPES_H=1 -DHAVE_UNISTD_H=1 -DSTDC_HEADERS=1 -DHAVE_DLFCN_H=1 -DLT_OBJDIR=\".libs/\" -DHAVE_JPEGLIB_H=1 -I. -DUSE_JPEG -DUSE_JPEG8 -DUSE_ZLIB -DUSE_LCMS2 -std=gnu++11 -Wno-error=unknown-pragmas -DCMS_NO_REGISTER_KEYWORD=1 -fopenmp -MT src/write/file_write.lo -MD -MP -MF src/write/.deps/file_write.Tpo -c src/write/file_write.cpp  -fPIC -DPIC -o src/write/.libs/file_write.o
libtool: compile:  /usr/bin/c++ -DPACKAGE_NAME=\"LibRaw\" -DPACKAGE_TARNAME=\"libraw\" -DPACKAGE_VERSION=\"0.22.2\" "-DPACKAGE_STRING=\"LibRaw 0.22.2\"" -DPACKAGE_BUGREPORT=\"info@libraw.org\" -DPACKAGE_URL=\"http://www.libraw.org\" -DHAVE_STDIO_H=1 -DHAVE_STDLIB_H=1 -DHAVE_STRING_H=1 -DHAVE_INTTYPES_H=1 -DHAVE_STDINT_H=1 -DHAVE_STRINGS_H=1 -DHAVE_SYS_STAT_H=1 -DHAVE_SYS_TYPES_H=1 -DHAVE_UNISTD_H=1 -DSTDC_HEADERS=1 -DHAVE_DLFCN_H=1 -DLT_OBJDIR=\".libs/\" -DHAVE_JPEGLIB_H=1 -I. -DUSE_JPEG -DUSE_JPEG8 -DUSE_ZLIB -DUSE_LCMS2 -std=gnu++11 -Wno-error=unknown-pragmas -DCMS_NO_REGISTER_KEYWORD=1 -fopenmp -MT src/write/tiff_writer.lo -MD -MP -MF src/write/.deps/tiff_writer.Tpo -c src/write/tiff_writer.cpp  -fPIC -DPIC -o src/write/.libs/tiff_writer.o
libtool: compile:  /usr/bin/c++ -DPACKAGE_NAME=\"LibRaw\" -DPACKAGE_TARNAME=\"libraw\" -DPACKAGE_VERSION=\"0.22.2\" "-DPACKAGE_STRING=\"LibRaw 0.22.2\"" -DPACKAGE_BUGREPORT=\"info@libraw.org\" -DPACKAGE_URL=\"http://www.libraw.org\" -DHAVE_STDIO_H=1 -DHAVE_STDLIB_H=1 -DHAVE_STRING_H=1 -DHAVE_INTTYPES_H=1 -DHAVE_STDINT_H=1 -DHAVE_STRINGS_H=1 -DHAVE_SYS_STAT_H=1 -DHAVE_SYS_TYPES_H=1 -DHAVE_UNISTD_H=1 -DSTDC_HEADERS=1 -DHAVE_DLFCN_H=1 -DLT_OBJDIR=\".libs/\" -DHAVE_JPEGLIB_H=1 -I. -DUSE_JPEG -DUSE_JPEG8 -DUSE_ZLIB -DUSE_LCMS2 -std=gnu++11 -Wno-error=unknown-pragmas -DCMS_NO_REGISTER_KEYWORD=1 -fopenmp -MT src/utils/open.lo -MD -MP -MF src/utils/.deps/open.Tpo -c src/utils/open.cpp -o src/utils/open.o >/dev/null 2>&1
libtool: compile:  /usr/bin/c++ -DPACKAGE_NAME=\"LibRaw\" -DPACKAGE_TARNAME=\"libraw\" -DPACKAGE_VERSION=\"0.22.2\" "-DPACKAGE_STRING=\"LibRaw 0.22.2\"" -DPACKAGE_BUGREPORT=\"info@libraw.org\" -DPACKAGE_URL=\"http://www.libraw.org\" -DHAVE_STDIO_H=1 -DHAVE_STDLIB_H=1 -DHAVE_STRING_H=1 -DHAVE_INTTYPES_H=1 -DHAVE_STDINT_H=1 -DHAVE_STRINGS_H=1 -DHAVE_SYS_STAT_H=1 -DHAVE_SYS_TYPES_H=1 -DHAVE_UNISTD_H=1 -DSTDC_HEADERS=1 -DHAVE_DLFCN_H=1 -DLT_OBJDIR=\".libs/\" -DHAVE_JPEGLIB_H=1 -I. -DUSE_JPEG -DUSE_JPEG8 -DUSE_ZLIB -DUSE_LCMS2 -std=gnu++11 -Wno-error=unknown-pragmas -DCMS_NO_REGISTER_KEYWORD=1 -fopenmp -MT src/utils/thumb_utils.lo -MD -MP -MF src/utils/.deps/thumb_utils.Tpo -c src/utils/thumb_utils.cpp -o src/utils/thumb_utils.o >/dev/null 2>&1
libtool: compile:  /usr/bin/c++ -DPACKAGE_NAME=\"LibRaw\" -DPACKAGE_TARNAME=\"libraw\" -DPACKAGE_VERSION=\"0.22.2\" "-DPACKAGE_STRING=\"LibRaw 0.22.2\"" -DPACKAGE_BUGREPORT=\"info@libraw.org\" -DPACKAGE_URL=\"http://www.libraw.org\" -DHAVE_STDIO_H=1 -DHAVE_STDLIB_H=1 -DHAVE_STRING_H=1 -DHAVE_INTTYPES_H=1 -DHAVE_STDINT_H=1 -DHAVE_STRINGS_H=1 -DHAVE_SYS_STAT_H=1 -DHAVE_SYS_TYPES_H=1 -DHAVE_UNISTD_H=1 -DSTDC_HEADERS=1 -DHAVE_DLFCN_H=1 -DLT_OBJDIR=\".libs/\" -DHAVE_JPEGLIB_H=1 -I. -DUSE_JPEG -DUSE_JPEG8 -DUSE_ZLIB -DUSE_LCMS2 -std=gnu++11 -Wno-error=unknown-pragmas -DCMS_NO_REGISTER_KEYWORD=1 -fopenmp -MT src/utils/read_utils.lo -MD -MP -MF src/utils/.deps/read_utils.Tpo -c src/utils/read_utils.cpp -o src/utils/read_utils.o >/dev/null 2>&1
libtool: compile:  /usr/bin/c++ -DPACKAGE_NAME=\"LibRaw\" -DPACKAGE_TARNAME=\"libraw\" -DPACKAGE_VERSION=\"0.22.2\" "-DPACKAGE_STRING=\"LibRaw 0.22.2\"" -DPACKAGE_BUGREPORT=\"info@libraw.org\" -DPACKAGE_URL=\"http://www.libraw.org\" -DHAVE_STDIO_H=1 -DHAVE_STDLIB_H=1 -DHAVE_STRING_H=1 -DHAVE_INTTYPES_H=1 -DHAVE_STDINT_H=1 -DHAVE_STRINGS_H=1 -DHAVE_SYS_STAT_H=1 -DHAVE_SYS_TYPES_H=1 -DHAVE_UNISTD_H=1 -DSTDC_HEADERS=1 -DHAVE_DLFCN_H=1 -DLT_OBJDIR=\".libs/\" -DHAVE_JPEGLIB_H=1 -I. -DUSE_JPEG -DUSE_JPEG8 -DUSE_ZLIB -DUSE_LCMS2 -std=gnu++11 -Wno-error=unknown-pragmas -DCMS_NO_REGISTER_KEYWORD=1 -fopenmp -MT src/x3f/x3f_parse_process.lo -MD -MP -MF src/x3f/.deps/x3f_parse_process.Tpo -c src/x3f/x3f_parse_process.cpp  -fPIC -DPIC -o src/x3f/.libs/x3f_parse_process.o
libtool: compile:  /usr/bin/c++ -DPACKAGE_NAME=\"LibRaw\" -DPACKAGE_TARNAME=\"libraw\" -DPACKAGE_VERSION=\"0.22.2\" "-DPACKAGE_STRING=\"LibRaw 0.22.2\"" -DPACKAGE_BUGREPORT=\"info@libraw.org\" -DPACKAGE_URL=\"http://www.libraw.org\" -DHAVE_STDIO_H=1 -DHAVE_STDLIB_H=1 -DHAVE_STRING_H=1 -DHAVE_INTTYPES_H=1 -DHAVE_STDINT_H=1 -DHAVE_STRINGS_H=1 -DHAVE_SYS_STAT_H=1 -DHAVE_SYS_TYPES_H=1 -DHAVE_UNISTD_H=1 -DSTDC_HEADERS=1 -DHAVE_DLFCN_H=1 -DLT_OBJDIR=\".libs/\" -DHAVE_JPEGLIB_H=1 -I. -DUSE_JPEG -DUSE_JPEG8 -DUSE_ZLIB -DUSE_LCMS2 -std=gnu++11 -Wno-error=unknown-pragmas -DCMS_NO_REGISTER_KEYWORD=1 -fopenmp -MT src/x3f/x3f_parse_process.lo -MD -MP -MF src/x3f/.deps/x3f_parse_process.Tpo -c src/x3f/x3f_parse_process.cpp -o src/x3f/x3f_parse_process.o >/dev/null 2>&1
libtool: compile:  /usr/bin/c++ -DPACKAGE_NAME=\"LibRaw\" -DPACKAGE_TARNAME=\"libraw\" -DPACKAGE_VERSION=\"0.22.2\" "-DPACKAGE_STRING=\"LibRaw 0.22.2\"" -DPACKAGE_BUGREPORT=\"info@libraw.org\" -DPACKAGE_URL=\"http://www.libraw.org\" -DHAVE_STDIO_H=1 -DHAVE_STDLIB_H=1 -DHAVE_STRING_H=1 -DHAVE_INTTYPES_H=1 -DHAVE_STDINT_H=1 -DHAVE_STRINGS_H=1 -DHAVE_SYS_STAT_H=1 -DHAVE_SYS_TYPES_H=1 -DHAVE_UNISTD_H=1 -DSTDC_HEADERS=1 -DHAVE_DLFCN_H=1 -DLT_OBJDIR=\".libs/\" -DHAVE_JPEGLIB_H=1 -I. -DUSE_JPEG -DUSE_JPEG8 -DUSE_ZLIB -DUSE_LCMS2 -std=gnu++11 -Wno-error=unknown-pragmas -DCMS_NO_REGISTER_KEYWORD=1 -fopenmp -MT src/x3f/x3f_utils_patched.lo -MD -MP -MF src/x3f/.deps/x3f_utils_patched.Tpo -c src/x3f/x3f_utils_patched.cpp  -fPIC -DPIC -o src/x3f/.libs/x3f_utils_patched.o
libtool: compile:  /usr/bin/c++ -DPACKAGE_NAME=\"LibRaw\" -DPACKAGE_TARNAME=\"libraw\" -DPACKAGE_VERSION=\"0.22.2\" "-DPACKAGE_STRING=\"LibRaw 0.22.2\"" -DPACKAGE_BUGREPORT=\"info@libraw.org\" -DPACKAGE_URL=\"http://www.libraw.org\" -DHAVE_STDIO_H=1 -DHAVE_STDLIB_H=1 -DHAVE_STRING_H=1 -DHAVE_INTTYPES_H=1 -DHAVE_STDINT_H=1 -DHAVE_STRINGS_H=1 -DHAVE_SYS_STAT_H=1 -DHAVE_SYS_TYPES_H=1 -DHAVE_UNISTD_H=1 -DSTDC_HEADERS=1 -DHAVE_DLFCN_H=1 -DLT_OBJDIR=\".libs/\" -DHAVE_JPEGLIB_H=1 -I. -DUSE_JPEG -DUSE_JPEG8 -DUSE_ZLIB -DUSE_LCMS2 -std=gnu++11 -Wno-error=unknown-pragmas -DCMS_NO_REGISTER_KEYWORD=1 -fopenmp -MT src/x3f/x3f_utils_patched.lo -MD -MP -MF src/x3f/.deps/x3f_utils_patched.Tpo -c src/x3f/x3f_utils_patched.cpp -o src/x3f/x3f_utils_patched.o >/dev/null 2>&1
libtool: compile:  /usr/bin/c++ -DPACKAGE_NAME=\"LibRaw\" -DPACKAGE_TARNAME=\"libraw\" -DPACKAGE_VERSION=\"0.22.2\" "-DPACKAGE_STRING=\"LibRaw 0.22.2\"" -DPACKAGE_BUGREPORT=\"info@libraw.org\" -DPACKAGE_URL=\"http://www.libraw.org\" -DHAVE_STDIO_H=1 -DHAVE_STDLIB_H=1 -DHAVE_STRING_H=1 -DHAVE_INTTYPES_H=1 -DHAVE_STDINT_H=1 -DHAVE_STRINGS_H=1 -DHAVE_SYS_STAT_H=1 -DHAVE_SYS_TYPES_H=1 -DHAVE_UNISTD_H=1 -DSTDC_HEADERS=1 -DHAVE_DLFCN_H=1 -DLT_OBJDIR=\".libs/\" -DHAVE_JPEGLIB_H=1 -I. -DUSE_JPEG -DUSE_JPEG8 -DUSE_ZLIB -DUSE_LCMS2 -std=gnu++11 -Wno-error=unknown-pragmas -DCMS_NO_REGISTER_KEYWORD=1 -fopenmp -MT src/utils/utils_dcraw.lo -MD -MP -MF src/utils/.deps/utils_dcraw.Tpo -c src/utils/utils_dcraw.cpp -o src/utils/utils_dcraw.o >/dev/null 2>&1
libtool: compile:  /usr/bin/c++ -DPACKAGE_NAME=\"LibRaw\" -DPACKAGE_TARNAME=\"libraw\" -DPACKAGE_VERSION=\"0.22.2\" "-DPACKAGE_STRING=\"LibRaw 0.22.2\"" -DPACKAGE_BUGREPORT=\"info@libraw.org\" -DPACKAGE_URL=\"http://www.libraw.org\" -DHAVE_STDIO_H=1 -DHAVE_STDLIB_H=1 -DHAVE_STRING_H=1 -DHAVE_INTTYPES_H=1 -DHAVE_STDINT_H=1 -DHAVE_STRINGS_H=1 -DHAVE_SYS_STAT_H=1 -DHAVE_SYS_TYPES_H=1 -DHAVE_UNISTD_H=1 -DSTDC_HEADERS=1 -DHAVE_DLFCN_H=1 -DLT_OBJDIR=\".libs/\" -DHAVE_JPEGLIB_H=1 -I. -DUSE_JPEG -DUSE_JPEG8 -DUSE_ZLIB -DUSE_LCMS2 -std=gnu++11 -Wno-error=unknown-pragmas -DCMS_NO_REGISTER_KEYWORD=1 -fopenmp -MT src/utils/utils_libraw.lo -MD -MP -MF src/utils/.deps/utils_libraw.Tpo -c src/utils/utils_libraw.cpp -o src/utils/utils_libraw.o >/dev/null 2>&1
libtool: compile:  /usr/bin/c++ -DPACKAGE_NAME=\"LibRaw\" -DPACKAGE_TARNAME=\"libraw\" -DPACKAGE_VERSION=\"0.22.2\" "-DPACKAGE_STRING=\"LibRaw 0.22.2\"" -DPACKAGE_BUGREPORT=\"info@libraw.org\" -DPACKAGE_URL=\"http://www.libraw.org\" -DHAVE_STDIO_H=1 -DHAVE_STDLIB_H=1 -DHAVE_STRING_H=1 -DHAVE_INTTYPES_H=1 -DHAVE_STDINT_H=1 -DHAVE_STRINGS_H=1 -DHAVE_SYS_STAT_H=1 -DHAVE_SYS_TYPES_H=1 -DHAVE_UNISTD_H=1 -DSTDC_HEADERS=1 -DHAVE_DLFCN_H=1 -DLT_OBJDIR=\".libs/\" -DHAVE_JPEGLIB_H=1 -I. -DUSE_JPEG -DUSE_JPEG8 -DUSE_ZLIB -DUSE_LCMS2 -std=gnu++11 -Wno-error=unknown-pragmas -DCMS_NO_REGISTER_KEYWORD=1 -fopenmp -MT src/write/apply_profile.lo -MD -MP -MF src/write/.deps/apply_profile.Tpo -c src/write/apply_profile.cpp -o src/write/apply_profile.o >/dev/null 2>&1
libtool: compile:  /usr/bin/c++ -DPACKAGE_NAME=\"LibRaw\" -DPACKAGE_TARNAME=\"libraw\" -DPACKAGE_VERSION=\"0.22.2\" "-DPACKAGE_STRING=\"LibRaw 0.22.2\"" -DPACKAGE_BUGREPORT=\"info@libraw.org\" -DPACKAGE_URL=\"http://www.libraw.org\" -DHAVE_STDIO_H=1 -DHAVE_STDLIB_H=1 -DHAVE_STRING_H=1 -DHAVE_INTTYPES_H=1 -DHAVE_STDINT_H=1 -DHAVE_STRINGS_H=1 -DHAVE_SYS_STAT_H=1 -DHAVE_SYS_TYPES_H=1 -DHAVE_UNISTD_H=1 -DSTDC_HEADERS=1 -DHAVE_DLFCN_H=1 -DLT_OBJDIR=\".libs/\" -DHAVE_JPEGLIB_H=1 -I. -DUSE_JPEG -DUSE_JPEG8 -DUSE_ZLIB -DUSE_LCMS2 -std=gnu++11 -Wno-error=unknown-pragmas -DCMS_NO_REGISTER_KEYWORD=1 -fopenmp -MT src/write/tiff_writer.lo -MD -MP -MF src/write/.deps/tiff_writer.Tpo -c src/write/tiff_writer.cpp -o src/write/tiff_writer.o >/dev/null 2>&1
libtool: compile:  /usr/bin/c++ -DPACKAGE_NAME=\"LibRaw\" -DPACKAGE_TARNAME=\"libraw\" -DPACKAGE_VERSION=\"0.22.2\" "-DPACKAGE_STRING=\"LibRaw 0.22.2\"" -DPACKAGE_BUGREPORT=\"info@libraw.org\" -DPACKAGE_URL=\"http://www.libraw.org\" -DHAVE_STDIO_H=1 -DHAVE_STDLIB_H=1 -DHAVE_STRING_H=1 -DHAVE_INTTYPES_H=1 -DHAVE_STDINT_H=1 -DHAVE_STRINGS_H=1 -DHAVE_SYS_STAT_H=1 -DHAVE_SYS_TYPES_H=1 -DHAVE_UNISTD_H=1 -DSTDC_HEADERS=1 -DHAVE_DLFCN_H=1 -DLT_OBJDIR=\".libs/\" -DHAVE_JPEGLIB_H=1 -I. -DUSE_JPEG -DUSE_JPEG8 -DUSE_ZLIB -DUSE_LCMS2 -std=gnu++11 -Wno-error=unknown-pragmas -DCMS_NO_REGISTER_KEYWORD=1 -fopenmp -MT src/write/file_write.lo -MD -MP -MF src/write/.deps/file_write.Tpo -c src/write/file_write.cpp -o src/write/file_write.o >/dev/null 2>&1
libtool: link: /usr/bin/c++  -fPIC -DPIC -shared -nostdlib /usr/lib/gcc/x86_64-pc-linux-gnu/16/../../../../lib/crti.o /usr/lib/gcc/x86_64-pc-linux-gnu/16/crtbeginS.o  src/.libs/libraw_c_api.o src/.libs/libraw_datastream.o src/decoders/.libs/canon_600.o src/decoders/.libs/crx.o src/decoders/.libs/pana8.o src/decoders/.libs/decoders_dcraw.o src/decoders/.libs/sonycc.o src/decompressors/.libs/losslessjpeg.o src/decoders/.libs/decoders_libraw_dcrdefs.o src/decoders/.libs/olympus14.o src/decoders/.libs/decoders_libraw.o src/decoders/.libs/dng.o src/decoders/.libs/fp_dng.o src/decoders/.libs/fuji_compressed.o src/decoders/.libs/generic.o src/decoders/.libs/kodak_decoders.o src/decoders/.libs/load_mfbacks.o src/decoders/.libs/smal.o src/decoders/.libs/unpack_thumb.o src/decoders/.libs/unpack.o src/demosaic/.libs/aahd_demosaic.o src/demosaic/.libs/ahd_demosaic.o src/demosaic/.libs/dcb_demosaic.o src/demosaic/.libs/dht_demosaic.o src/demosaic/.libs/misc_demosaic.o src/demosaic/.libs/xtrans_demosaic.o src/integration/.libs/dngsdk_glue.o src/integration/.libs/rawspeed_glue.o src/metadata/.libs/adobepano.o src/metadata/.libs/canon.o src/metadata/.libs/ciff.o src/metadata/.libs/cr3_parser.o src/metadata/.libs/epson.o src/metadata/.libs/exif_gps.o src/metadata/.libs/fuji.o src/metadata/.libs/identify_tools.o src/metadata/.libs/identify.o src/metadata/.libs/kodak.o src/metadata/.libs/leica.o src/metadata/.libs/makernotes.o src/metadata/.libs/mediumformat.o src/metadata/.libs/minolta.o src/metadata/.libs/misc_parsers.o src/metadata/.libs/nikon.o src/metadata/.libs/normalize_model.o src/metadata/.libs/olympus.o src/metadata/.libs/hasselblad_model.o src/metadata/.libs/p1.o src/metadata/.libs/pentax.o src/metadata/.libs/samsung.o src/metadata/.libs/sony.o src/metadata/.libs/tiff.o src/postprocessing/.libs/aspect_ratio.o src/postprocessing/.libs/dcraw_process.o src/postprocessing/.libs/mem_image.o src/postprocessing/.libs/postprocessing_aux.o src/postprocessing/.libs/postprocessing_utils_dcrdefs.o src/postprocessing/.libs/postprocessing_utils.o src/preprocessing/.libs/ext_preprocess.o src/preprocessing/.libs/raw2image.o src/preprocessing/.libs/subtract_black.o src/tables/.libs/cameralist.o src/tables/.libs/colorconst.o src/tables/.libs/colordata.o src/tables/.libs/wblists.o src/utils/.libs/curves.o src/utils/.libs/decoder_info.o src/utils/.libs/init_close_utils.o src/utils/.libs/open.o src/utils/.libs/phaseone_processing.o src/utils/.libs/read_utils.o src/utils/.libs/thumb_utils.o src/utils/.libs/utils_dcraw.o src/utils/.libs/utils_libraw.o src/write/.libs/apply_profile.o src/write/.libs/file_write.o src/write/.libs/tiff_writer.o src/x3f/.libs/x3f_parse_process.o src/x3f/.libs/x3f_utils_patched.o   -Wl,--as-needed -ljpeg -lz -llcms2 -lm -L/usr/lib/gcc/x86_64-pc-linux-gnu/16 -L/usr/lib/gcc/x86_64-pc-linux-gnu/16/../../../../lib -L/lib/../lib -L/usr/lib/../lib -L/usr/lib/gcc/x86_64-pc-linux-gnu/16/../../.. -L/lib -L/usr/lib -lstdc++ -lm -lgcc_s -latomic_asneeded -lc -lgcc_s /usr/lib/gcc/x86_64-pc-linux-gnu/16/crtendS.o /usr/lib/gcc/x86_64-pc-linux-gnu/16/../../../../lib/crtn.o  -Wno-error=unknown-pragmas -fopenmp -Wl,-O1 -Wl,--sort-common -Wl,-z -Wl,relro -Wl,-z -Wl,now -Wl,-z -Wl,pack-relative-relocs -flto=auto   -fopenmp -Wl,-soname -Wl,libraw_r.so.25 -o lib/.libs/libraw_r.so.25.0.0
libtool: link: /usr/bin/c++  -fPIC -DPIC -shared -nostdlib /usr/lib/gcc/x86_64-pc-linux-gnu/16/../../../../lib/crti.o /usr/lib/gcc/x86_64-pc-linux-gnu/16/crtbeginS.o  src/.libs/libraw_c_api.o src/.libs/libraw_datastream.o src/decoders/.libs/canon_600.o src/decoders/.libs/crx.o src/decoders/.libs/pana8.o src/decoders/.libs/decoders_dcraw.o src/decoders/.libs/sonycc.o src/decompressors/.libs/losslessjpeg.o src/decoders/.libs/decoders_libraw_dcrdefs.o src/decoders/.libs/olympus14.o src/decoders/.libs/decoders_libraw.o src/decoders/.libs/dng.o src/decoders/.libs/fp_dng.o src/decoders/.libs/fuji_compressed.o src/decoders/.libs/generic.o src/decoders/.libs/kodak_decoders.o src/decoders/.libs/load_mfbacks.o src/decoders/.libs/smal.o src/decoders/.libs/unpack_thumb.o src/decoders/.libs/unpack.o src/demosaic/.libs/aahd_demosaic.o src/demosaic/.libs/ahd_demosaic.o src/demosaic/.libs/dcb_demosaic.o src/demosaic/.libs/dht_demosaic.o src/demosaic/.libs/misc_demosaic.o src/demosaic/.libs/xtrans_demosaic.o src/integration/.libs/dngsdk_glue.o src/integration/.libs/rawspeed_glue.o src/metadata/.libs/adobepano.o src/metadata/.libs/canon.o src/metadata/.libs/ciff.o src/metadata/.libs/cr3_parser.o src/metadata/.libs/epson.o src/metadata/.libs/exif_gps.o src/metadata/.libs/fuji.o src/metadata/.libs/identify_tools.o src/metadata/.libs/identify.o src/metadata/.libs/kodak.o src/metadata/.libs/leica.o src/metadata/.libs/makernotes.o src/metadata/.libs/mediumformat.o src/metadata/.libs/minolta.o src/metadata/.libs/misc_parsers.o src/metadata/.libs/nikon.o src/metadata/.libs/normalize_model.o src/metadata/.libs/olympus.o src/metadata/.libs/hasselblad_model.o src/metadata/.libs/p1.o src/metadata/.libs/pentax.o src/metadata/.libs/samsung.o src/metadata/.libs/sony.o src/metadata/.libs/tiff.o src/postprocessing/.libs/aspect_ratio.o src/postprocessing/.libs/dcraw_process.o src/postprocessing/.libs/mem_image.o src/postprocessing/.libs/postprocessing_aux.o src/postprocessing/.libs/postprocessing_utils_dcrdefs.o src/postprocessing/.libs/postprocessing_utils.o src/preprocessing/.libs/ext_preprocess.o src/preprocessing/.libs/raw2image.o src/preprocessing/.libs/subtract_black.o src/tables/.libs/cameralist.o src/tables/.libs/colorconst.o src/tables/.libs/colordata.o src/tables/.libs/wblists.o src/utils/.libs/curves.o src/utils/.libs/decoder_info.o src/utils/.libs/init_close_utils.o src/utils/.libs/open.o src/utils/.libs/phaseone_processing.o src/utils/.libs/read_utils.o src/utils/.libs/thumb_utils.o src/utils/.libs/utils_dcraw.o src/utils/.libs/utils_libraw.o src/write/.libs/apply_profile.o src/write/.libs/file_write.o src/write/.libs/tiff_writer.o src/x3f/.libs/x3f_parse_process.o src/x3f/.libs/x3f_utils_patched.o   -Wl,--as-needed -ljpeg -lz -llcms2 -lm -L/usr/lib/gcc/x86_64-pc-linux-gnu/16 -L/usr/lib/gcc/x86_64-pc-linux-gnu/16/../../../../lib -L/lib/../lib -L/usr/lib/../lib -L/usr/lib/gcc/x86_64-pc-linux-gnu/16/../../.. -L/lib -L/usr/lib -lstdc++ -lm -lgcc_s -latomic_asneeded -lc -lgcc_s /usr/lib/gcc/x86_64-pc-linux-gnu/16/crtendS.o /usr/lib/gcc/x86_64-pc-linux-gnu/16/../../../../lib/crtn.o  -Wno-error=unknown-pragmas -fopenmp -Wl,-O1 -Wl,--sort-common -Wl,-z -Wl,relro -Wl,-z -Wl,now -Wl,-z -Wl,pack-relative-relocs -flto=auto   -fopenmp -Wl,-soname -Wl,libraw.so.25 -o lib/.libs/libraw.so.25.0.0
libtool: link: (cd "lib/.libs" && rm -f "libraw_r.so.25" && ln -s "libraw_r.so.25.0.0" "libraw_r.so.25")
libtool: link: (cd "lib/.libs" && rm -f "libraw.so.25" && ln -s "libraw.so.25.0.0" "libraw.so.25")
libtool: link: (cd "lib/.libs" && rm -f "libraw_r.so" && ln -s "libraw_r.so.25.0.0" "libraw_r.so")
libtool: link: (cd "lib/.libs" && rm -f "libraw.so" && ln -s "libraw.so.25.0.0" "libraw.so")
libtool: link: ar cr lib/.libs/libraw_r.a src/libraw_c_api.o src/libraw_datastream.o src/decoders/canon_600.o src/decoders/crx.o src/decoders/pana8.o src/decoders/decoders_dcraw.o src/decoders/sonycc.o src/decompressors/losslessjpeg.o src/decoders/decoders_libraw_dcrdefs.o src/decoders/olympus14.o src/decoders/decoders_libraw.o src/decoders/dng.o src/decoders/fp_dng.o src/decoders/fuji_compressed.o src/decoders/generic.o src/decoders/kodak_decoders.o src/decoders/load_mfbacks.o src/decoders/smal.o src/decoders/unpack_thumb.o src/decoders/unpack.o src/demosaic/aahd_demosaic.o src/demosaic/ahd_demosaic.o src/demosaic/dcb_demosaic.o src/demosaic/dht_demosaic.o src/demosaic/misc_demosaic.o src/demosaic/xtrans_demosaic.o src/integration/dngsdk_glue.o src/integration/rawspeed_glue.o src/metadata/adobepano.o src/metadata/canon.o src/metadata/ciff.o src/metadata/cr3_parser.o src/metadata/epson.o src/metadata/exif_gps.o src/metadata/fuji.o src/metadata/identify_tools.o src/metadata/identify.o src/metadata/kodak.o src/metadata/leica.o src/metadata/makernotes.o src/metadata/mediumformat.o src/metadata/minolta.o src/metadata/misc_parsers.o src/metadata/nikon.o src/metadata/normalize_model.o src/metadata/olympus.o src/metadata/hasselblad_model.o src/metadata/p1.o src/metadata/pentax.o src/metadata/samsung.o src/metadata/sony.o src/metadata/tiff.o src/postprocessing/aspect_ratio.o src/postprocessing/dcraw_process.o src/postprocessing/mem_image.o src/postprocessing/postprocessing_aux.o src/postprocessing/postprocessing_utils_dcrdefs.o src/postprocessing/postprocessing_utils.o src/preprocessing/ext_preprocess.o src/preprocessing/raw2image.o src/preprocessing/subtract_black.o src/tables/cameralist.o src/tables/colorconst.o src/tables/colordata.o src/tables/wblists.o src/utils/curves.o src/utils/decoder_info.o src/utils/init_close_utils.o src/utils/open.o src/utils/phaseone_processing.o src/utils/read_utils.o src/utils/thumb_utils.o src/utils/utils_dcraw.o src/utils/utils_libraw.o src/write/apply_profile.o src/write/file_write.o src/write/tiff_writer.o src/x3f/x3f_parse_process.o src/x3f/x3f_utils_patched.o
libtool: link: ar cr lib/.libs/libraw.a src/libraw_c_api.o src/libraw_datastream.o src/decoders/canon_600.o src/decoders/crx.o src/decoders/pana8.o src/decoders/decoders_dcraw.o src/decoders/sonycc.o src/decompressors/losslessjpeg.o src/decoders/decoders_libraw_dcrdefs.o src/decoders/olympus14.o src/decoders/decoders_libraw.o src/decoders/dng.o src/decoders/fp_dng.o src/decoders/fuji_compressed.o src/decoders/generic.o src/decoders/kodak_decoders.o src/decoders/load_mfbacks.o src/decoders/smal.o src/decoders/unpack_thumb.o src/decoders/unpack.o src/demosaic/aahd_demosaic.o src/demosaic/ahd_demosaic.o src/demosaic/dcb_demosaic.o src/demosaic/dht_demosaic.o src/demosaic/misc_demosaic.o src/demosaic/xtrans_demosaic.o src/integration/dngsdk_glue.o src/integration/rawspeed_glue.o src/metadata/adobepano.o src/metadata/canon.o src/metadata/ciff.o src/metadata/cr3_parser.o src/metadata/epson.o src/metadata/exif_gps.o src/metadata/fuji.o src/metadata/identify_tools.o src/metadata/identify.o src/metadata/kodak.o src/metadata/leica.o src/metadata/makernotes.o src/metadata/mediumformat.o src/metadata/minolta.o src/metadata/misc_parsers.o src/metadata/nikon.o src/metadata/normalize_model.o src/metadata/olympus.o src/metadata/hasselblad_model.o src/metadata/p1.o src/metadata/pentax.o src/metadata/samsung.o src/metadata/sony.o src/metadata/tiff.o src/postprocessing/aspect_ratio.o src/postprocessing/dcraw_process.o src/postprocessing/mem_image.o src/postprocessing/postprocessing_aux.o src/postprocessing/postprocessing_utils_dcrdefs.o src/postprocessing/postprocessing_utils.o src/preprocessing/ext_preprocess.o src/preprocessing/raw2image.o src/preprocessing/subtract_black.o src/tables/cameralist.o src/tables/colorconst.o src/tables/colordata.o src/tables/wblists.o src/utils/curves.o src/utils/decoder_info.o src/utils/init_close_utils.o src/utils/open.o src/utils/phaseone_processing.o src/utils/read_utils.o src/utils/thumb_utils.o src/utils/utils_dcraw.o src/utils/utils_libraw.o src/write/apply_profile.o src/write/file_write.o src/write/tiff_writer.o src/x3f/x3f_parse_process.o src/x3f/x3f_utils_patched.o
libtool: link: ranlib lib/.libs/libraw.a
libtool: link: ranlib lib/.libs/libraw_r.a
libtool: link: ( cd "lib/.libs" && rm -f "libraw.la" && ln -s "../libraw.la" "libraw.la" )
libtool: link: ( cd "lib/.libs" && rm -f "libraw_r.la" && ln -s "../libraw_r.la" "libraw_r.la" )
[  1%] Built target LibRaw
[  4%] Building CXX object rtengine/CMakeFiles/rtengine.dir/badpixels.cc.o
[  4%] Building CXX object rtengine/CMakeFiles/rtengine.dir/canon_cr3_decoder.cc.o
[  4%] Building CXX object rtengine/CMakeFiles/rtengine.dir/ahd_demosaic_RT.cc.o
[  4%] Building CXX object rtengine/CMakeFiles/rtengine.dir/bayer_bilinear_demosaic.cc.o
[  4%] Building CXX object rtengine/CMakeFiles/rtengine.dir/CA_correct_RT.cc.o
[  4%] Building CXX object rtengine/CMakeFiles/rtengine.dir/aspectratios.cc.o
[  4%] Building CXX object rtengine/CMakeFiles/rtengine.dir/boxblur.cc.o
[  4%] Building CXX object rtengine/CMakeFiles/rtengine.dir/alpha.cc.o
[  4%] Building CXX object rtengine/CMakeFiles/rtengine.dir/capturesharpening.cc.o
[  4%] Building CXX object rtengine/CMakeFiles/rtengine.dir/calc_distort.cc.o
[  5%] Building CXX object rtengine/CMakeFiles/rtengine.dir/camconst.cc.o
[  5%] Building CXX object rtengine/CMakeFiles/rtengine.dir/colortemp.cc.o
[  6%] Building CXX object rtengine/CMakeFiles/rtengine.dir/ciecam02.cc.o
[  6%] Building CXX object rtengine/CMakeFiles/rtengine.dir/cieimage.cc.o
[  6%] Building CXX object rtengine/CMakeFiles/rtengine.dir/amaze_demosaic_RT.cc.o
[  6%] Building C object rtengine/CMakeFiles/rtengine.dir/cJSON.c.o
[  7%] Building CXX object rtengine/CMakeFiles/rtengine.dir/clutstore.cc.o
[  8%] Building CXX object rtengine/CMakeFiles/rtengine.dir/coord.cc.o
[  8%] Building CXX object rtengine/CMakeFiles/rtengine.dir/color.cc.o
[  8%] Building CXX object rtengine/CMakeFiles/rtengine.dir/cfa_linedn_RT.cc.o
[  8%] Building CXX object rtengine/CMakeFiles/rtengine.dir/cplx_wavelet_dec.cc.o
[  8%] Building CXX object rtengine/CMakeFiles/rtengine.dir/curves.cc.o
[  9%] Building CXX object rtengine/CMakeFiles/rtengine.dir/dcp.cc.o
[  9%] Building CXX object rtengine/CMakeFiles/rtengine.dir/dcraw.cc.o
[  9%] Building CXX object rtengine/CMakeFiles/rtengine.dir/dcrop.cc.o
[ 10%] Building CXX object rtengine/CMakeFiles/rtengine.dir/demosaic_algos.cc.o
[ 10%] Building CXX object rtengine/CMakeFiles/rtengine.dir/dfmanager.cc.o
[ 10%] Building CXX object rtengine/CMakeFiles/rtengine.dir/diagonalcurves.cc.o
[ 11%] Building CXX object rtengine/CMakeFiles/rtengine.dir/dirpyr_equalizer.cc.o
[ 11%] Building CXX object rtengine/CMakeFiles/rtengine.dir/dual_demosaic_RT.cc.o
[ 11%] Building CXX object rtengine/CMakeFiles/rtengine.dir/dynamicprofile.cc.o
/build/rawtherapee-git/src/RawTherapee/rtengine/dcraw.cc: In member function ‘void DCraw::phase_one_load_raw_c()’:
/build/rawtherapee-git/src/RawTherapee/rtengine/dcraw.cc:1977:19: warning: ‘master’ construct deprecated since OpenMP 5.1, use ‘masked’ [-Wdeprecated-openmp]
 1977 | #pragma omp master
      |                   ^
/build/rawtherapee-git/src/RawTherapee/rtengine/dcraw.cc: In member function ‘void DCraw::sony_arw2_load_raw()’:
/build/rawtherapee-git/src/RawTherapee/rtengine/dcraw.cc:3363:23: warning: ‘master’ construct deprecated since OpenMP 5.1, use ‘masked’ [-Wdeprecated-openmp]
 3363 |     #pragma omp master
      |                       ^
[ 11%] Building CXX object rtengine/CMakeFiles/rtengine.dir/eahd_demosaic.cc.o
[ 12%] Building CXX object rtengine/CMakeFiles/rtengine.dir/EdgePreservingDecomposition.cc.o
[ 12%] Building CXX object rtengine/CMakeFiles/rtengine.dir/fast_demo.cc.o
[ 12%] Building CXX object rtengine/CMakeFiles/rtengine.dir/ffmanager.cc.o
[ 13%] Building CXX object rtengine/CMakeFiles/rtengine.dir/filmnegativeproc.cc.o
[ 13%] Building CXX object rtengine/CMakeFiles/rtengine.dir/flatcurves.cc.o
[ 13%] Building CXX object rtengine/CMakeFiles/rtengine.dir/FTblockDN.cc.o
[ 14%] Building CXX object rtengine/CMakeFiles/rtengine.dir/gamutwarning.cc.o
[ 14%] Building CXX object rtengine/CMakeFiles/rtengine.dir/gauss.cc.o
[ 14%] Building CXX object rtengine/CMakeFiles/rtengine.dir/green_equil_RT.cc.o
[ 15%] Building CXX object rtengine/CMakeFiles/rtengine.dir/guidedfilter.cc.o
[ 15%] Building CXX object rtengine/CMakeFiles/rtengine.dir/hilite_recon.cc.o
[ 15%] Building CXX object rtengine/CMakeFiles/rtengine.dir/histmatching.cc.o
[ 16%] Building CXX object rtengine/CMakeFiles/rtengine.dir/hphd_demosaic_RT.cc.o
[ 16%] Building CXX object rtengine/CMakeFiles/rtengine.dir/iccjpeg.cc.o
[ 16%] Building CXX object rtengine/CMakeFiles/rtengine.dir/iccstore.cc.o
[ 17%] Building CXX object rtengine/CMakeFiles/rtengine.dir/iimage.cc.o
[ 17%] Building CXX object rtengine/CMakeFiles/rtengine.dir/image16.cc.o
[ 17%] Building CXX object rtengine/CMakeFiles/rtengine.dir/image8.cc.o
[ 18%] Building CXX object rtengine/CMakeFiles/rtengine.dir/imagedata.cc.o
[ 18%] Building CXX object rtengine/CMakeFiles/rtengine.dir/imagedimensions.cc.o
[ 18%] Building CXX object rtengine/CMakeFiles/rtengine.dir/imagefloat.cc.o
[ 19%] Building CXX object rtengine/CMakeFiles/rtengine.dir/imageio.cc.o
[ 19%] Building CXX object rtengine/CMakeFiles/rtengine.dir/imagesource.cc.o
[ 19%] Building CXX object rtengine/CMakeFiles/rtengine.dir/improccoordinator.cc.o
[ 20%] Building CXX object rtengine/CMakeFiles/rtengine.dir/improcfun.cc.o
[ 20%] Building CXX object rtengine/CMakeFiles/rtengine.dir/impulse_denoise.cc.o
[ 20%] Building CXX object rtengine/CMakeFiles/rtengine.dir/init.cc.o
[ 21%] Building CXX object rtengine/CMakeFiles/rtengine.dir/ipdehaze.cc.o
[ 21%] Building CXX object rtengine/CMakeFiles/rtengine.dir/ipgrain.cc.o
[ 21%] Building CXX object rtengine/CMakeFiles/rtengine.dir/iplab2rgb.cc.o
[ 22%] Building CXX object rtengine/CMakeFiles/rtengine.dir/iplocallab.cc.o
[ 22%] Building CXX object rtengine/CMakeFiles/rtengine.dir/iplabregions.cc.o
[ 22%] Building CXX object rtengine/CMakeFiles/rtengine.dir/iplocalcontrast.cc.o
[ 22%] Building CXX object rtengine/CMakeFiles/rtengine.dir/ipresize.cc.o
/build/rawtherapee-git/src/RawTherapee/rtengine/image16.cc: In member function ‘virtual void rtengine::Image16::getStdImage(const rtengine::ColorTemp&, int, rtengine::Imagefloat*, const PreviewProps&) const’:
/build/rawtherapee-git/src/RawTherapee/rtengine/image16.cc:288:37: warning: variable ‘src_x’ set but not used [-Wunused-but-set-variable=]
  288 |                 for (int dst_x = 0, src_x = sx1; dst_x < dst_x_lim; dst_x++, src_x += skip) {
      |                                     ^~~~~
/build/rawtherapee-git/src/RawTherapee/rtengine/image16.cc:298:37: warning: variable ‘src_x’ set but not used [-Wunused-but-set-variable=]
  298 |                 for (int dst_x = 0, src_x = sx1; dst_x < dst_x_lim; dst_x++, src_x += skip) {
      |                                     ^~~~~
/build/rawtherapee-git/src/RawTherapee/rtengine/image16.cc:303:37: warning: variable ‘src_x’ set but not used [-Wunused-but-set-variable=]
  303 |                 for (int dst_x = 0, src_x = sx1; dst_x < dst_x_lim; dst_x++, src_x += skip) {
      |                                     ^~~~~
[ 23%] Building CXX object rtengine/CMakeFiles/rtengine.dir/ipretinex.cc.o
[ 23%] Building CXX object rtengine/CMakeFiles/rtengine.dir/ipshadowshighlights.cc.o
/build/rawtherapee-git/src/RawTherapee/rtengine/image8.cc: In member function ‘virtual void rtengine::Image8::getStdImage(const rtengine::ColorTemp&, int, rtengine::Imagefloat*, const PreviewProps&) const’:
/build/rawtherapee-git/src/RawTherapee/rtengine/image8.cc:247:37: warning: variable ‘src_x’ set but not used [-Wunused-but-set-variable=]
  247 |                 for (int dst_x = 0, src_x = sx1; dst_x < dst_x_lim; dst_x++, src_x += skip) {
      |                                     ^~~~~
/build/rawtherapee-git/src/RawTherapee/rtengine/image8.cc:259:37: warning: variable ‘src_x’ set but not used [-Wunused-but-set-variable=]
  259 |                 for (int dst_x = 0, src_x = sx1; dst_x < dst_x_lim; dst_x++, src_x += skip) {
      |                                     ^~~~~
/build/rawtherapee-git/src/RawTherapee/rtengine/image8.cc:265:37: warning: variable ‘src_x’ set but not used [-Wunused-but-set-variable=]
  265 |                 for (int dst_x = 0, src_x = sx1; dst_x < dst_x_lim; dst_x++, src_x += skip) {
      |                                     ^~~~~
[ 23%] Building CXX object rtengine/CMakeFiles/rtengine.dir/ipsharpen.cc.o
/build/rawtherapee-git/src/RawTherapee/rtengine/imagefloat.cc: In member function ‘virtual void rtengine::Imagefloat::getStdImage(const rtengine::ColorTemp&, int, rtengine::Imagefloat*, const PreviewProps&) const’:
/build/rawtherapee-git/src/RawTherapee/rtengine/imagefloat.cc:318:37: warning: variable ‘src_x’ set but not used [-Wunused-but-set-variable=]
  318 |                 for (int dst_x = 0, src_x = sx1; dst_x < dst_x_lim; dst_x++, src_x += skip) {
      |                                     ^~~~~
/build/rawtherapee-git/src/RawTherapee/rtengine/imagefloat.cc:330:37: warning: variable ‘src_x’ set but not used [-Wunused-but-set-variable=]
  330 |                 for (int dst_x = 0, src_x = sx1; dst_x < dst_x_lim; dst_x++, src_x += skip) {
      |                                     ^~~~~
/build/rawtherapee-git/src/RawTherapee/rtengine/imagefloat.cc:336:37: warning: variable ‘src_x’ set but not used [-Wunused-but-set-variable=]
  336 |                 for (int dst_x = 0, src_x = sx1; dst_x < dst_x_lim; dst_x++, src_x += skip) {
      |                                     ^~~~~
[ 24%] Building CXX object rtengine/CMakeFiles/rtengine.dir/ipsharpenedges.cc.o
[ 24%] Building CXX object rtengine/CMakeFiles/rtengine.dir/ipsoftlight.cc.o
[ 24%] Building CXX object rtengine/CMakeFiles/rtengine.dir/iptoneequalizer.cc.o
[ 25%] Building CXX object rtengine/CMakeFiles/rtengine.dir/iptransform.cc.o
[ 25%] Building CXX object rtengine/CMakeFiles/rtengine.dir/ipvibrance.cc.o
[ 25%] Building CXX object rtengine/CMakeFiles/rtengine.dir/ipwavelet.cc.o
[ 26%] Building CXX object rtengine/CMakeFiles/rtengine.dir/jdatasrc.cc.o
[ 26%] Building CXX object rtengine/CMakeFiles/rtengine.dir/jpeg_ijg/jpeg_memsrc.cc.o
[ 26%] Building CXX object rtengine/CMakeFiles/rtengine.dir/labimage.cc.o
[ 27%] Building CXX object rtengine/CMakeFiles/rtengine.dir/lcp.cc.o
[ 27%] Building CXX object rtengine/CMakeFiles/rtengine.dir/lensmetadata.cc.o
[ 27%] Building CXX object rtengine/CMakeFiles/rtengine.dir/lmmse_demosaic.cc.o
[ 28%] Building CXX object rtengine/CMakeFiles/rtengine.dir/loadinitial.cc.o
[ 28%] Building CXX object rtengine/CMakeFiles/rtengine.dir/metadata.cc.o
[ 28%] Building CXX object rtengine/CMakeFiles/rtengine.dir/munselllch.cc.o
[ 29%] Building CXX object rtengine/CMakeFiles/rtengine.dir/myfile.cc.o
[ 29%] Building CXX object rtengine/CMakeFiles/rtengine.dir/panasonic_decoders.cc.o
[ 29%] Building CXX object rtengine/CMakeFiles/rtengine.dir/pdaflinesfilter.cc.o
[ 30%] Building CXX object rtengine/CMakeFiles/rtengine.dir/perspectivecorrection.cc.o
[ 30%] Building CXX object rtengine/CMakeFiles/rtengine.dir/PF_correct_RT.cc.o
[ 30%] Building CXX object rtengine/CMakeFiles/rtengine.dir/pipettebuffer.cc.o
[ 31%] Building CXX object rtengine/CMakeFiles/rtengine.dir/pixelshift.cc.o
[ 31%] Building CXX object rtengine/CMakeFiles/rtengine.dir/previewimage.cc.o
[ 31%] Building CXX object rtengine/CMakeFiles/rtengine.dir/processingjob.cc.o
[ 32%] Building CXX object rtengine/CMakeFiles/rtengine.dir/profilestore.cc.o
[ 32%] Building CXX object rtengine/CMakeFiles/rtengine.dir/rawflatfield.cc.o
[ 32%] Building CXX object rtengine/CMakeFiles/rtengine.dir/rawimage.cc.o
[ 33%] Building CXX object rtengine/CMakeFiles/rtengine.dir/rawimagesource.cc.o
[ 33%] Building CXX object rtengine/CMakeFiles/rtengine.dir/rcd_demosaic.cc.o
[ 33%] Building CXX object rtengine/CMakeFiles/rtengine.dir/refreshmap.cc.o
[ 33%] Building CXX object rtengine/CMakeFiles/rtengine.dir/rt_algo.cc.o
[ 34%] Building CXX object rtengine/CMakeFiles/rtengine.dir/rtapp.cc.o
[ 34%] Building CXX object rtengine/CMakeFiles/rtengine.dir/rtlensfun.cc.o
[ 34%] Building CXX object rtengine/CMakeFiles/rtengine.dir/rtthumbnail.cc.o
[ 35%] Building CXX object rtengine/CMakeFiles/rtengine.dir/shmap.cc.o
In file included from /build/rawtherapee-git/src/RawTherapee/rtengine/ashift_dt.c:99,
                 from /build/rawtherapee-git/src/RawTherapee/rtengine/perspectivecorrection.cc:100:
/build/rawtherapee-git/src/RawTherapee/rtengine/ashift_nmsimplex.c: In function ‘int rtengine::{anonymous}::simplex(double (*)(double*, void*), double*, int, double, double, int, void (*)(double*, int), void*)’:
/build/rawtherapee-git/src/RawTherapee/rtengine/ashift_nmsimplex.c:89:7: warning: variable ‘k’ set but not used [-Wunused-but-set-variable=]
   89 |   int k;   /* track the number of function evaluations */
      |       ^
[ 35%] Building CXX object rtengine/CMakeFiles/rtengine.dir/simpleprocess.cc.o
[ 35%] Building CXX object rtengine/CMakeFiles/rtengine.dir/spot.cc.o
[ 36%] Building CXX object rtengine/CMakeFiles/rtengine.dir/stdimagesource.cc.o
[ 36%] Building CXX object rtengine/CMakeFiles/rtengine.dir/svgrender.cc.o
[ 36%] Building CXX object rtengine/CMakeFiles/rtengine.dir/tmo_fattal02.cc.o
[ 37%] Building CXX object rtengine/CMakeFiles/rtengine.dir/utils.cc.o
[ 37%] Building CXX object rtengine/CMakeFiles/rtengine.dir/vng4_demosaic_RT.cc.o
[ 37%] Building CXX object rtengine/CMakeFiles/rtengine.dir/xtrans_demosaic.cc.o
[ 38%] Building CXX object rtengine/CMakeFiles/rtengine.dir/procparams.cc.o
[ 38%] Building CXX object rtengine/CMakeFiles/rtengine.dir/params/locallab.cc.o
[ 38%] Building CXX object rtengine/CMakeFiles/rtengine.dir/params/serdes.cc.o
[ 39%] Building CXX object rtengine/CMakeFiles/rtengine.dir/klt/convolve.cc.o
[ 39%] Building CXX object rtengine/CMakeFiles/rtengine.dir/klt/error.cc.o
[ 39%] Building CXX object rtengine/CMakeFiles/rtengine.dir/klt/klt_util.cc.o
[ 40%] Building CXX object rtengine/CMakeFiles/rtengine.dir/klt/klt.cc.o
[ 40%] Building CXX object rtengine/CMakeFiles/rtengine.dir/klt/pnmio.cc.o
[ 40%] Building CXX object rtengine/CMakeFiles/rtengine.dir/klt/pyramid.cc.o
[ 41%] Building CXX object rtengine/CMakeFiles/rtengine.dir/klt/selectGoodFeatures.cc.o
[ 41%] Building CXX object rtengine/CMakeFiles/rtengine.dir/klt/storeFeatures.cc.o
[ 41%] Building CXX object rtengine/CMakeFiles/rtengine.dir/klt/trackFeatures.cc.o
[ 42%] Building CXX object rtengine/CMakeFiles/rtengine.dir/klt/writeFeatures.cc.o
/build/rawtherapee-git/src/RawTherapee/rtengine/rawimagesource.cc: In member function ‘void rtengine::RawImageSource::ItcWB(bool, double&, double&, double&, double&, float&, float&, int&, int&, int&, int&, float&, float&, int&, float&, float&, array2D<float>&, array2D<float>&, array2D<float>&, int, int, double&, double&, double&, const rtengine::procparams::ColorManagementParams&, const rtengine::procparams::RAWParams&, const rtengine::procparams::WBParams&, const rtengine::procparams::ToneCurveParams&)’:
/build/rawtherapee-git/src/RawTherapee/rtengine/rawimagesource.cc:6522:19: warning: variable ‘dEmean’ set but not used [-Wunused-but-set-variable=]
 6522 |             float dEmean = 0.f;
      |                   ^~~~~~
/build/rawtherapee-git/src/RawTherapee/rtengine/rawimagesource.cc:6523:17: warning: variable ‘ndEmean’ set but not used [-Wunused-but-set-variable=]
 6523 |             int ndEmean = 0;
      |                 ^~~~~~~
/build/rawtherapee-git/src/RawTherapee/rtengine/spot.cc: In member function ‘void rtengine::ImProcFunctions::removeSpots(rtengine::Imagefloat*, rtengine::ImageSource*, const std::vector<rtengine::procparams::SpotEntry>&, const PreviewProps&, const rtengine::ColorTemp&, const rtengine::procparams::ColorManagementParams*, int)’:
/build/rawtherapee-git/src/RawTherapee/rtengine/spot.cc:531:9: warning: variable ‘f’ set but not used [-Wunused-but-set-variable=]
  531 |     int f = 0;
      |         ^
[ 42%] Linking CXX static library librtengine.a
[ 42%] Built target rtengine
[ 42%] Building CXX object rtgui/CMakeFiles/rth-cli.dir/editcallbacks.cc.o
[ 43%] Building CXX object rtgui/CMakeFiles/rth-cli.dir/main-cli.cc.o
[ 43%] Building CXX object rtgui/CMakeFiles/rth-cli.dir/alignedmalloc.cc.o
[ 44%] Building CXX object rtgui/CMakeFiles/rth-cli.dir/paramsedited.cc.o
[ 44%] Building CXX object rtgui/CMakeFiles/rth-cli.dir/multilangmgr.cc.o
[ 44%] Building CXX object rtgui/CMakeFiles/rth-cli.dir/threadutils.cc.o
[ 44%] Building CXX object rtgui/CMakeFiles/rth-cli.dir/pathutils.cc.o
[ 44%] Building CXX object rtgui/CMakeFiles/rth-cli.dir/options.cc.o
[ 44%] Building CXX object rtgui/CMakeFiles/rth.dir/alignedmalloc.cc.o
[ 44%] Building CXX object rtgui/CMakeFiles/rth.dir/batchqueueentry.cc.o
[ 44%] Building CXX object rtgui/CMakeFiles/rth.dir/batchqueuebuttonset.cc.o
[ 46%] Building CXX object rtgui/CMakeFiles/rth.dir/batchqueue.cc.o
[ 46%] Building CXX object rtgui/CMakeFiles/rth.dir/cachemanager.cc.o
[ 46%] Building CXX object rtgui/CMakeFiles/rth.dir/bqentryupdater.cc.o
[ 46%] Building CXX object rtgui/CMakeFiles/rth.dir/batchqueuepanel.cc.o
[ 47%] Building CXX object rtgui/CMakeFiles/rth.dir/cacheimagedata.cc.o
[ 47%] Building CXX object rtgui/CMakeFiles/rth.dir/browserfilter.cc.o
[ 47%] Building CXX object rtgui/CMakeFiles/rth.dir/batchtoolpanelcoord.cc.o
[ 47%] Building CXX object rtgui/CMakeFiles/rth.dir/clipboard.cc.o
[ 48%] Building CXX object rtgui/CMakeFiles/rth.dir/coarsepanel.cc.o
[ 48%] Building CXX object rtgui/CMakeFiles/rth.dir/controllines.cc.o
[ 48%] Building CXX object rtgui/CMakeFiles/rth.dir/controlspotpanel.cc.o
[ 49%] Building CXX object rtgui/CMakeFiles/rth.dir/crophandler.cc.o
[ 49%] Building CXX object rtgui/CMakeFiles/rth.dir/cropwindow.cc.o
[ 49%] Building CXX object rtgui/CMakeFiles/rth.dir/cursormanager.cc.o
[ 50%] Building CXX object rtgui/CMakeFiles/rth.dir/dirbrowser.cc.o
[ 50%] Building CXX object rtgui/CMakeFiles/rth.dir/drawcropguide.cc.o
[ 50%] Building CXX object rtgui/CMakeFiles/rth.dir/dynamicprofilepanel.cc.o
[ 51%] Building CXX object rtgui/CMakeFiles/rth.dir/editbuffer.cc.o
[ 51%] Building CXX object rtgui/CMakeFiles/rth.dir/editcallbacks.cc.o
[ 51%] Building CXX object rtgui/CMakeFiles/rth.dir/editorpanel.cc.o
[ 52%] Building CXX object rtgui/CMakeFiles/rth.dir/editwidgets.cc.o
[ 52%] Building CXX object rtgui/CMakeFiles/rth.dir/eventmapper.cc.o
[ 52%] Building CXX object rtgui/CMakeFiles/rth.dir/exiffiltersettings.cc.o
[ 53%] Building CXX object rtgui/CMakeFiles/rth.dir/exifpanel.cc.o
[ 53%] Building CXX object rtgui/CMakeFiles/rth.dir/exportpanel.cc.o
[ 53%] Building CXX object rtgui/CMakeFiles/rth.dir/externaleditorpreferences.cc.o
[ 54%] Building CXX object rtgui/CMakeFiles/rth.dir/extprog.cc.o
[ 54%] Building CXX object rtgui/CMakeFiles/rth.dir/filebrowser.cc.o
[ 54%] Building CXX object rtgui/CMakeFiles/rth.dir/filebrowserentry.cc.o
[ 55%] Building CXX object rtgui/CMakeFiles/rth.dir/filecatalog.cc.o
[ 55%] Building CXX object rtgui/CMakeFiles/rth.dir/filepanel.cc.o
[ 55%] Building CXX object rtgui/CMakeFiles/rth.dir/filethumbnailbuttonset.cc.o
[ 56%] Building CXX object rtgui/CMakeFiles/rth.dir/filterpanel.cc.o
[ 56%] Building CXX object rtgui/CMakeFiles/rth.dir/guiutils.cc.o
[ 56%] Building CXX object rtgui/CMakeFiles/rth.dir/hidpi.cc.o
[ 57%] Building CXX object rtgui/CMakeFiles/rth.dir/histogrampanel.cc.o
[ 57%] Building CXX object rtgui/CMakeFiles/rth.dir/history.cc.o
[ 57%] Building CXX object rtgui/CMakeFiles/rth.dir/imagearea.cc.o
[ 58%] Linking CXX executable rawtherapee-cli
[ 58%] Building CXX object rtgui/CMakeFiles/rth.dir/imageareapanel.cc.o
[ 59%] Building CXX object rtgui/CMakeFiles/rth.dir/indclippedpanel.cc.o
[ 59%] Building CXX object rtgui/CMakeFiles/rth.dir/inspector.cc.o
[ 59%] Building CXX object rtgui/CMakeFiles/rth.dir/iptcpanel.cc.o
[ 60%] Building CXX object rtgui/CMakeFiles/rth.dir/labgrid.cc.o
[ 60%] Building CXX object rtgui/CMakeFiles/rth.dir/lockablecolorpicker.cc.o
[ 60%] Building CXX object rtgui/CMakeFiles/rth.dir/main.cc.o
[ 61%] Building CXX object rtgui/CMakeFiles/rth.dir/metadatapanel.cc.o
[ 61%] Building CXX object rtgui/CMakeFiles/rth.dir/multilangmgr.cc.o
[ 61%] Building CXX object rtgui/CMakeFiles/rth.dir/navigator.cc.o
[ 62%] Building CXX object rtgui/CMakeFiles/rth.dir/options.cc.o
[ 62%] Building CXX object rtgui/CMakeFiles/rth.dir/paramsedited.cc.o
[ 62%] Building CXX object rtgui/CMakeFiles/rth.dir/pathutils.cc.o
[ 63%] Building CXX object rtgui/CMakeFiles/rth.dir/placesbrowser.cc.o
[ 63%] Building CXX object rtgui/CMakeFiles/rth.dir/previewhandler.cc.o
[ 63%] Building CXX object rtgui/CMakeFiles/rth.dir/previewloader.cc.o
[ 64%] Building CXX object rtgui/CMakeFiles/rth.dir/previewmodepanel.cc.o
[ 64%] Building CXX object rtgui/CMakeFiles/rth.dir/previewwindow.cc.o
[ 64%] Building CXX object rtgui/CMakeFiles/rth.dir/profilepanel.cc.o
[ 65%] Building CXX object rtgui/CMakeFiles/rth.dir/profilestorecombobox.cc.o
[ 65%] Building CXX object rtgui/CMakeFiles/rth.dir/recentbrowser.cc.o
[ 65%] Building CXX object rtgui/CMakeFiles/rth.dir/rtimage.cc.o
[ 66%] Building CXX object rtgui/CMakeFiles/rth.dir/rtscalable.cc.o
[ 66%] Building CXX object rtgui/CMakeFiles/rth.dir/rtsurface.cc.o
[ 66%] Building CXX object rtgui/CMakeFiles/rth.dir/saveformatpanel.cc.o
[ 67%] Building CXX object rtgui/CMakeFiles/rth.dir/soundman.cc.o
[ 67%] Building CXX object rtgui/CMakeFiles/rth.dir/threadutils.cc.o
[ 67%] Building CXX object rtgui/CMakeFiles/rth.dir/thumbbrowserbase.cc.o
[ 68%] Building CXX object rtgui/CMakeFiles/rth.dir/thumbbrowserentrybase.cc.o
[ 68%] Building CXX object rtgui/CMakeFiles/rth.dir/thumbimageupdater.cc.o
[ 68%] Building CXX object rtgui/CMakeFiles/rth.dir/thumbnail.cc.o
[ 69%] Building CXX object rtgui/CMakeFiles/rth.dir/toolbar.cc.o
[ 69%] Building CXX object rtgui/CMakeFiles/rth.dir/toollocationpref.cc.o
[ 69%] Building CXX object rtgui/CMakeFiles/rth.dir/toolpanel.cc.o
[ 69%] Building CXX object rtgui/CMakeFiles/rth.dir/toolpanelcoord.cc.o
[ 70%] Building CXX object rtgui/CMakeFiles/rth.dir/zoompanel.cc.o
[ 70%] Building CXX object rtgui/CMakeFiles/rth.dir/tools/bayerpreprocess.cc.o
[ 70%] Building CXX object rtgui/CMakeFiles/rth.dir/tools/bayerprocess.cc.o
[ 71%] Building CXX object rtgui/CMakeFiles/rth.dir/tools/bayerrawexposure.cc.o
[ 71%] Building CXX object rtgui/CMakeFiles/rth.dir/tools/blackwhite.cc.o
[ 71%] Building CXX object rtgui/CMakeFiles/rth.dir/tools/cacorrection.cc.o
[ 72%] Building CXX object rtgui/CMakeFiles/rth.dir/tools/chmixer.cc.o
[ 72%] Building CXX object rtgui/CMakeFiles/rth.dir/tools/colorappearance.cc.o
[ 72%] Building CXX object rtgui/CMakeFiles/rth.dir/tools/colortoning.cc.o
[ 73%] Building CXX object rtgui/CMakeFiles/rth.dir/tools/compressgamut.cc.o
[ 73%] Building CXX object rtgui/CMakeFiles/rth.dir/tools/crop.cc.o
[ 73%] Building CXX object rtgui/CMakeFiles/rth.dir/tools/cropguide.cc.o
[ 74%] Building CXX object rtgui/CMakeFiles/rth.dir/tools/darkframe.cc.o
[ 74%] Building CXX object rtgui/CMakeFiles/rth.dir/tools/defringe.cc.o
[ 74%] Building CXX object rtgui/CMakeFiles/rth.dir/tools/dehaze.cc.o
[ 75%] Building CXX object rtgui/CMakeFiles/rth.dir/tools/dirpyrdenoise.cc.o
[ 75%] Building CXX object rtgui/CMakeFiles/rth.dir/tools/dirpyrequalizer.cc.o
[ 75%] Building CXX object rtgui/CMakeFiles/rth.dir/tools/distortion.cc.o
[ 76%] Building CXX object rtgui/CMakeFiles/rth.dir/tools/epd.cc.o
[ 76%] Building CXX object rtgui/CMakeFiles/rth.dir/tools/fattaltonemap.cc.o
[ 76%] Building CXX object rtgui/CMakeFiles/rth.dir/tools/filmnegative.cc.o
[ 77%] Building CXX object rtgui/CMakeFiles/rth.dir/tools/filmsimulation.cc.o
[ 77%] Building CXX object rtgui/CMakeFiles/rth.dir/tools/flatfield.cc.o
[ 77%] Building CXX object rtgui/CMakeFiles/rth.dir/tools/framing.cc.o
[ 78%] Building CXX object rtgui/CMakeFiles/rth.dir/tools/gradient.cc.o
[ 78%] Building CXX object rtgui/CMakeFiles/rth.dir/tools/hsvequalizer.cc.o
[ 78%] Building CXX object rtgui/CMakeFiles/rth.dir/tools/icmpanel.cc.o
[ 79%] Building CXX object rtgui/CMakeFiles/rth.dir/tools/impulsedenoise.cc.o
[ 79%] Building CXX object rtgui/CMakeFiles/rth.dir/tools/labcurve.cc.o
[ 79%] Building CXX object rtgui/CMakeFiles/rth.dir/tools/lensgeom.cc.o
[ 80%] Building CXX object rtgui/CMakeFiles/rth.dir/tools/lensprofile.cc.o
[ 80%] Building CXX object rtgui/CMakeFiles/rth.dir/tools/localcontrast.cc.o
[ 80%] Building CXX object rtgui/CMakeFiles/rth.dir/tools/locallab.cc.o
[ 80%] Building CXX object rtgui/CMakeFiles/rth.dir/tools/locallabtools.cc.o
[ 81%] Building CXX object rtgui/CMakeFiles/rth.dir/tools/locallabtools2.cc.o
[ 81%] Building CXX object rtgui/CMakeFiles/rth.dir/tools/pcvignette.cc.o
[ 81%] Building CXX object rtgui/CMakeFiles/rth.dir/tools/pdsharpening.cc.o
[ 82%] Building CXX object rtgui/CMakeFiles/rth.dir/tools/perspective.cc.o
[ 82%] Building CXX object rtgui/CMakeFiles/rth.dir/tools/preprocess.cc.o
[ 82%] Building CXX object rtgui/CMakeFiles/rth.dir/tools/preprocesswb.cc.o
[ 83%] Building CXX object rtgui/CMakeFiles/rth.dir/tools/prsharpening.cc.o
[ 83%] Building CXX object rtgui/CMakeFiles/rth.dir/tools/rawcacorrection.cc.o
[ 83%] Building CXX object rtgui/CMakeFiles/rth.dir/tools/rawexposure.cc.o
[ 84%] Building CXX object rtgui/CMakeFiles/rth.dir/tools/resize.cc.o
[ 84%] Building CXX object rtgui/CMakeFiles/rth.dir/tools/retinex.cc.o
[ 84%] Building CXX object rtgui/CMakeFiles/rth.dir/tools/rgbcurves.cc.o
[ 85%] Building CXX object rtgui/CMakeFiles/rth.dir/tools/rotate.cc.o
[ 85%] Building CXX object rtgui/CMakeFiles/rth.dir/tools/sensorbayer.cc.o
[ 85%] Building CXX object rtgui/CMakeFiles/rth.dir/tools/sensorxtrans.cc.o
[ 86%] Building CXX object rtgui/CMakeFiles/rth.dir/tools/shadowshighlights.cc.o
[ 86%] Building CXX object rtgui/CMakeFiles/rth.dir/tools/sharpenedge.cc.o
[ 86%] Building CXX object rtgui/CMakeFiles/rth.dir/tools/sharpening.cc.o
[ 87%] Building CXX object rtgui/CMakeFiles/rth.dir/tools/sharpenmicro.cc.o
[ 87%] Building CXX object rtgui/CMakeFiles/rth.dir/tools/softlight.cc.o
[ 87%] Building CXX object rtgui/CMakeFiles/rth.dir/tools/spot.cc.o
[ 88%] Building CXX object rtgui/CMakeFiles/rth.dir/tools/tonecurve.cc.o
[ 88%] Building CXX object rtgui/CMakeFiles/rth.dir/tools/toneequalizer.cc.o
[ 88%] Building CXX object rtgui/CMakeFiles/rth.dir/tools/vibrance.cc.o
[ 89%] Building CXX object rtgui/CMakeFiles/rth.dir/tools/vignetting.cc.o
[ 89%] Building CXX object rtgui/CMakeFiles/rth.dir/tools/wavelet.cc.o
[ 89%] Building CXX object rtgui/CMakeFiles/rth.dir/tools/whitebalance.cc.o
[ 90%] Building CXX object rtgui/CMakeFiles/rth.dir/tools/xtransprocess.cc.o
[ 90%] Building CXX object rtgui/CMakeFiles/rth.dir/tools/xtransrawexposure.cc.o
[ 90%] Building CXX object rtgui/CMakeFiles/rth.dir/widgets/basic/adjuster.cc.o
[ 91%] Building CXX object rtgui/CMakeFiles/rth.dir/widgets/basic/checkbox.cc.o
[ 91%] Building CXX object rtgui/CMakeFiles/rth.dir/widgets/basic/coloredbar.cc.o
[ 91%] Building CXX object rtgui/CMakeFiles/rth.dir/widgets/basic/colorpreview.cc.o
[ 91%] Building CXX object rtgui/CMakeFiles/rth.dir/widgets/basic/coordinateadjuster.cc.o
[ 92%] Building CXX object rtgui/CMakeFiles/rth.dir/widgets/basic/lwbutton.cc.o
[ 92%] Building CXX object rtgui/CMakeFiles/rth.dir/widgets/basic/lwbuttonset.cc.o
[ 92%] Building CXX object rtgui/CMakeFiles/rth.dir/widgets/basic/popupbutton.cc.o
[ 93%] Building CXX object rtgui/CMakeFiles/rth.dir/widgets/basic/popupcommon.cc.o
[ 93%] Building CXX object rtgui/CMakeFiles/rth.dir/widgets/basic/popuptogglebutton.cc.o
[ 93%] Building CXX object rtgui/CMakeFiles/rth.dir/widgets/basic/shcselector.cc.o
[ 94%] Building CXX object rtgui/CMakeFiles/rth.dir/widgets/basic/thresholdadjuster.cc.o
[ 94%] Building CXX object rtgui/CMakeFiles/rth.dir/widgets/basic/thresholdselector.cc.o
[ 94%] Building CXX object rtgui/CMakeFiles/rth.dir/widgets/curves/curveeditor.cc.o
[ 95%] Building CXX object rtgui/CMakeFiles/rth.dir/widgets/curves/curveeditorgroup.cc.o
[ 95%] Building CXX object rtgui/CMakeFiles/rth.dir/widgets/curves/diagonalcurveeditorsubgroup.cc.o
[ 95%] Building CXX object rtgui/CMakeFiles/rth.dir/widgets/curves/flatcurveeditorsubgroup.cc.o
[ 96%] Building CXX object rtgui/CMakeFiles/rth.dir/widgets/curves/mycurve.cc.o
[ 96%] Building CXX object rtgui/CMakeFiles/rth.dir/widgets/curves/mydiagonalcurve.cc.o
[ 96%] Building CXX object rtgui/CMakeFiles/rth.dir/widgets/curves/myflatcurve.cc.o
[ 97%] Building CXX object rtgui/CMakeFiles/rth.dir/windows/editwindow.cc.o
[ 97%] Building CXX object rtgui/CMakeFiles/rth.dir/windows/iccprofilecreator.cc.o
[ 97%] Building CXX object rtgui/CMakeFiles/rth.dir/windows/partialpastedlg.cc.o
[ 98%] Building CXX object rtgui/CMakeFiles/rth.dir/windows/preferences.cc.o
[ 98%] Building CXX object rtgui/CMakeFiles/rth.dir/windows/renamedlg.cc.o
[ 98%] Building CXX object rtgui/CMakeFiles/rth.dir/windows/rtappchooserdialog.cc.o
[ 99%] Building CXX object rtgui/CMakeFiles/rth.dir/windows/rtwindow.cc.o
[ 99%] Building CXX object rtgui/CMakeFiles/rth.dir/windows/saveasdlg.cc.o
[ 99%] Building CXX object rtgui/CMakeFiles/rth.dir/windows/splash.cc.o
[100%] Linking CXX executable rawtherapee
[100%] Built target rth-cli
[100%] Built target rth
