Test project /build/sayonara-player-git/src/build
      Start  1: AudioConverterTest
 1/95 Test  #1: AudioConverterTest ...............   Passed    0.03 sec
      Start  2: BookmarkStorageTest
 2/95 Test  #2: BookmarkStorageTest ..............   Passed    0.02 sec
      Start  3: FileSystemMockTest
 3/95 Test  #3: FileSystemMockTest ...............   Passed    0.02 sec
      Start  4: LibraryDatabaseProviderTest
 4/95 Test  #4: LibraryDatabaseProviderTest ......   Passed    0.03 sec
      Start  5: AudioscrobblerTest
 5/95 Test  #5: AudioscrobblerTest ...............   Passed    0.02 sec
      Start  6: CoverFetchManagerTest
 6/95 Test  #6: CoverFetchManagerTest ............   Passed    0.02 sec
      Start  7: CoverLocationTest
 7/95 Test  #7: CoverLocationTest ................   Passed    0.14 sec
      Start  8: AlbumTest
 8/95 Test  #8: AlbumTest ........................   Passed    0.04 sec
      Start  9: ArtistTest
 9/95 Test  #9: ArtistTest .......................   Passed    0.03 sec
      Start 10: BasicQueryTest
10/95 Test #10: BasicQueryTest ...................   Passed    0.02 sec
      Start 11: FixesTest
11/95 Test #11: FixesTest ........................   Passed    0.02 sec
      Start 12: LibraryDatabaseTest
12/95 Test #12: LibraryDatabaseTest ..............   Passed    0.03 sec
      Start 13: PlaylistDatabaseTest
13/95 Test #13: PlaylistDatabaseTest .............   Passed    0.02 sec
      Start 14: PodcastTest
14/95 Test #14: PodcastTest ......................   Passed    0.02 sec
      Start 15: TracksTest
15/95 Test #15: TracksTest .......................   Passed    0.10 sec
      Start 16: DirectorySelectionHandlerTest
16/95 Test #16: DirectorySelectionHandlerTest ....   Passed    0.02 sec
      Start 17: ArtistMatchTest
17/95 Test #17: ArtistMatchTest ..................   Passed    0.02 sec
      Start 18: DynamicPlaybackHandlerTest
18/95 Test #18: DynamicPlaybackHandlerTest .......   Passed    5.93 sec
      Start 19: LfmSimilarArtistFetcherTest
19/95 Test #19: LfmSimilarArtistFetcherTest ......   Passed    0.02 sec
      Start 20: LfmSimilarArtistParserTest
20/95 Test #20: LfmSimilarArtistParserTest .......   Passed    0.02 sec
      Start 21: BroadcastTest
21/95 Test #21: BroadcastTest ....................   Passed    0.11 sec
      Start 22: CallbackTest
22/95 Test #22: CallbackTest .....................   Passed    0.08 sec
      Start 23: EngineUtilsTest
23/95 Test #23: EngineUtilsTest ..................   Passed    0.08 sec
      Start 24: EqualizerTest
24/95 Test #24: EqualizerTest ....................   Passed    0.02 sec
      Start 25: HistoryTest
25/95 Test #25: HistoryTest ......................   Passed    0.03 sec
      Start 26: ScrobbleTest
26/95 Test #26: ScrobbleTest .....................   Passed    1.08 sec
      Start 27: CacheThreadTest
27/95 Test #27: CacheThreadTest ..................   Passed    0.02 sec
      Start 28: CopyThreadTest
28/95 Test #28: CopyThreadTest ...................   Passed    0.02 sec
      Start 29: GenreFetcherTest
29/95 Test #29: GenreFetcherTest .................   Passed    0.03 sec
      Start 30: GenreTreeBuilderTest
30/95 Test #30: GenreTreeBuilderTest .............   Passed    0.02 sec
      Start 31: ImportCacheTest
31/95 Test #31: ImportCacheTest ..................   Passed    0.02 sec
      Start 32: LibraryImporterTest
32/95 Test #32: LibraryImporterTest ..............   Passed    0.23 sec
      Start 33: LibraryManagerTest
33/95 Test #33: LibraryManagerTest ...............   Passed    0.06 sec
      Start 34: LocalLibraryTest
34/95 Test #34: LocalLibraryTest .................   Passed    0.03 sec
      Start 35: ReloadThreadTest
35/95 Test #35: ReloadThreadTest .................***Failed    0.13 sec
[21:23:05] [32mInfo: [0m[34mDB::Base: [0mDatabase not existent. Creating database...
[21:23:05] [32mInfo: [0m[34mDB::Base: [0mDatabase /tmp/sayonara/ReloadThreadTest/player.db not existent yet
[21:23:05] [32mInfo: [0m[34mDB::Base: [0mCopy :/Database/player.db to /tmp/sayonara/ReloadThreadTest/player.db
[21:23:05] [32mInfo: [0m[34mDB::Base: [0mDB file has been copied to /tmp/sayonara/ReloadThreadTest/player.db
[21:23:05] [32mInfo: [0m[34mDB::StandardConnectorFixes: [0mDatabase Version:  40. Latest Version: 42
[21:23:05] [32mInfo: [0m[34mDB::StandardConnectorFixes: [0mApply fixes
[21:23:05] [31mError: [0m[34mDB::Module: [0mQuery error to connection /tmp/sayonara/ReloadThreadTest/player.db-0
[21:23:05] [31mError: [0m[34mSqlQuery: [0mSQL ERROR: : 1
[21:23:05] [31mError: [0m[34mSqlQuery: [0mNo query Unable to fetch row
[21:23:05] [31mError: [0m[34mSqlQuery: [0mUnable to fetch row
[21:23:05] [31mError: [0m[34mSqlQuery: [0mNo query
[21:23:05] [31mError: [0m[34mSqlQuery: [0m
SELECT
podcastTitle 
FROM OnlineTracks;
[21:23:05] [31mError: [0m[34mDB::Module: [0mQuery error to connection /tmp/sayonara/ReloadThreadTest/player.db-0
[21:23:05] [31mError: [0m[34mSqlQuery: [0mSQL ERROR: : 1
[21:23:05] [31mError: [0m[34mSqlQuery: [0mNo query Unable to fetch row
[21:23:05] [31mError: [0m[34mSqlQuery: [0mUnable to fetch row
[21:23:05] [31mError: [0m[34mSqlQuery: [0mNo query
[21:23:05] [31mError: [0m[34mSqlQuery: [0m
SELECT
podcastArtist 
FROM OnlineTracks;
[21:23:05] [31mError: [0m[34mDB::Module: [0mQuery error to connection /tmp/sayonara/ReloadThreadTest/player.db-0
[21:23:05] [31mError: [0m[34mSqlQuery: [0mSQL ERROR: : 1
[21:23:05] [31mError: [0m[34mSqlQuery: [0mNo query Unable to fetch row
[21:23:05] [31mError: [0m[34mSqlQuery: [0mUnable to fetch row
[21:23:05] [31mError: [0m[34mSqlQuery: [0mNo query
[21:23:05] [31mError: [0m[34mSqlQuery: [0m
SELECT
podcastAlbumArtist 
FROM OnlineTracks;
[21:23:05] [31mError: [0m[34mDB::Module: [0mQuery error to connection /tmp/sayonara/ReloadThreadTest/player.db-0
[21:23:05] [31mError: [0m[34mSqlQuery: [0mSQL ERROR: : 1
[21:23:05] [31mError: [0m[34mSqlQuery: [0mNo query Unable to fetch row
[21:23:05] [31mError: [0m[34mSqlQuery: [0mUnable to fetch row
[21:23:05] [31mError: [0m[34mSqlQuery: [0mNo query
[21:23:05] [31mError: [0m[34mSqlQuery: [0m
SELECT
podcastAlbum 
FROM OnlineTracks;
[21:23:05] [33mVerbose: [0m[34mDB::Module: [0mCreate new connection to /tmp/sayonara/ReloadThreadTest/player.db (/tmp/sayonara/ReloadThreadTest/player.db-94297553479840)
[21:23:05] [33mDebug: [0m[34mLibrary::ReloadThread: [0m0 tracks already in library
[21:23:05] [33mDebug: [0m[34mLibrary::ReloadThread: [0m0 of them are not on disk anymore
[21:23:05] [33mDebug: [0m[34mDB::Tracks: [0mDeleting 0 tracks
[21:23:05] [33mDebug: [0m[34mDB::Tracks: [0mdelete tracks: 1
[21:23:05] [33mVerbose: [0m[34mDB::LibraryDatabase: [0m Search for already known albums and artists.
[21:23:05] [33mDebug: [0m[34mDB::LibraryDatabase: [0mInsert new album /path/to/artist0/album0/title0.mp3/path/to/artist0/album0/title0.mp30 (/path/to/artist0/album0/title0.mp3): 1
[21:23:05] [33mDebug: [0m[34mDB::LibraryDatabase: [0mInsert new artist /path/to/artist0/album0/title0.mp3 (/path/to/artist0/album0/title0.mp3): 1
[21:23:05] [33mDebug: [0m[34mDB::LibraryDatabase: [0mInsert new album /path/to/artist1/album1/title1.mp3/path/to/artist1/album1/title1.mp30 (/path/to/artist1/album1/title1.mp3): 2
[21:23:05] [33mDebug: [0m[34mDB::LibraryDatabase: [0mInsert new artist /path/to/artist1/album1/title1.mp3 (/path/to/artist1/album1/title1.mp3): 2
[21:23:05] [33mDebug: [0m[34mDB::LibraryDatabase: [0mInsert new album /path/to/artist2/album2/title2.mp3/path/to/artist2/album2/title2.mp30 (/path/to/artist2/album2/title2.mp3): 3
[21:23:05] [33mDebug: [0m[34mDB::LibraryDatabase: [0mInsert new artist /path/to/artist2/album2/title2.mp3 (/path/to/artist2/album2/title2.mp3): 3
[21:23:05] [33mDebug: [0m[34mDB::LibraryDatabase: [0mInsert new album /path/to/artist3/album3/title3.mp3/path/to/artist3/album3/title3.mp30 (/path/to/artist3/album3/title3.mp3): 4
[21:23:05] [33mDebug: [0m[34mDB::LibraryDatabase: [0mInsert new artist /path/to/artist3/album3/title3.mp3 (/path/to/artist3/album3/title3.mp3): 4
[21:23:05] [33mDebug: [0m[34mDB::LibraryDatabase: [0mInsert new album /path/to/artist4/album4/title4.mp3/path/to/artist4/album4/title4.mp30 (/path/to/artist4/album4/title4.mp3): 5
[21:23:05] [33mDebug: [0m[34mDB::LibraryDatabase: [0mInsert new artist /path/to/artist4/album4/title4.mp3 (/path/to/artist4/album4/title4.mp3): 5
[21:23:05] [33mDebug: [0m[34mDB::LibraryDatabase: [0mInsert new album /path/to/artist5/album5/title5.mp3/path/to/artist5/album5/title5.mp30 (/path/to/artist5/album5/title5.mp3): 6
[21:23:05] [33mDebug: [0m[34mDB::LibraryDatabase: [0mInsert new artist /path/to/artist5/album5/title5.mp3 (/path/to/artist5/album5/title5.mp3): 6
[21:23:05] [33mDebug: [0m[34mDB::LibraryDatabase: [0mInsert new album /path/to/artist6/album6/title6.mp3/path/to/artist6/album6/title6.mp30 (/path/to/artist6/album6/title6.mp3): 7
[21:23:05] [33mDebug: [0m[34mDB::LibraryDatabase: [0mInsert new artist /path/to/artist6/album6/title6.mp3 (/path/to/artist6/album6/title6.mp3): 7
[21:23:05] [33mDebug: [0m[34mDB::LibraryDatabase: [0mInsert new album /path/to/artist7/album7/title7.mp3/path/to/artist7/album7/title7.mp30 (/path/to/artist7/album7/title7.mp3): 8
[21:23:05] [33mDebug: [0m[34mDB::LibraryDatabase: [0mInsert new artist /path/to/artist7/album7/title7.mp3 (/path/to/artist7/album7/title7.mp3): 8
[21:23:05] [33mDebug: [0m[34mDB::LibraryDatabase: [0mInsert new album /path/to/artist8/album8/title8.mp3/path/to/artist8/album8/title8.mp30 (/path/to/artist8/album8/title8.mp3): 9
[21:23:05] [33mDebug: [0m[34mDB::LibraryDatabase: [0mInsert new artist /path/to/artist8/album8/title8.mp3 (/path/to/artist8/album8/title8.mp3): 9
[21:23:05] [33mDebug: [0m[34mDB::LibraryDatabase: [0mInsert new album /path/to/artist9/album9/title9.mp3/path/to/artist9/album9/title9.mp30 (/path/to/artist9/album9/title9.mp3): 10
[21:23:05] [33mDebug: [0m[34mDB::LibraryDatabase: [0mInsert new artist /path/to/artist9/album9/title9.mp3 (/path/to/artist9/album9/title9.mp3): 10
[21:23:05] [33mDebug: [0m[34mDB::LibraryDatabase: [0mInsert new album /path/to/artist10/album10/title10.mp3/path/to/artist10/album10/title10.mp30 (/path/to/artist10/album10/title10.mp3): 11
[21:23:05] [33mDebug: [0m[34mDB::LibraryDatabase: [0mInsert new artist /path/to/artist10/album10/title10.mp3 (/path/to/artist10/album10/title10.mp3): 11
[21:23:05] [33mDebug: [0m[34mDB::LibraryDatabase: [0mInsert new album /path/to/artist11/album11/title11.mp3/path/to/artist11/album11/title11.mp30 (/path/to/artist11/album11/title11.mp3): 12
[21:23:05] [33mDebug: [0m[34mDB::LibraryDatabase: [0mInsert new artist /path/to/artist11/album11/title11.mp3 (/path/to/artist11/album11/title11.mp3): 12
[21:23:05] [33mDebug: [0m[34mDB::LibraryDatabase: [0mInsert new album /path/to/artist12/album12/title12.mp3/path/to/artist12/album12/title12.mp30 (/path/to/artist12/album12/title12.mp3): 13
[21:23:05] [33mDebug: [0m[34mDB::LibraryDatabase: [0mInsert new artist /path/to/artist12/album12/title12.mp3 (/path/to/artist12/album12/title12.mp3): 13
[21:23:05] [33mDebug: [0m[34mDB::LibraryDatabase: [0mInsert new album /path/to/artist13/album13/title13.mp3/path/to/artist13/album13/title13.mp30 (/path/to/artist13/album13/title13.mp3): 14
[21:23:05] [33mDebug: [0m[34mDB::LibraryDatabase: [0mInsert new artist /path/to/artist13/album13/title13.mp3 (/path/to/artist13/album13/title13.mp3): 14
[21:23:05] [33mDebug: [0m[34mDB::LibraryDatabase: [0mInsert new album /path/to/artist14/album14/title14.mp3/path/to/artist14/album14/title14.mp30 (/path/to/artist14/album14/title14.mp3): 15
[21:23:05] [33mDebug: [0m[34mDB::LibraryDatabase: [0mInsert new artist /path/to/artist14/album14/title14.mp3 (/path/to/artist14/album14/title14.mp3): 15
[21:23:05] [33mDebug: [0m[34mDB::LibraryDatabase: [0mInsert new album /path/to/artist15/album15/title15.mp3/path/to/artist15/album15/title15.mp30 (/path/to/artist15/album15/title15.mp3): 16
[21:23:05] [33mDebug: [0m[34mDB::LibraryDatabase: [0mInsert new artist /path/to/artist15/album15/title15.mp3 (/path/to/artist15/album15/title15.mp3): 16
[21:23:05] [33mDebug: [0m[34mDB::LibraryDatabase: [0mInsert new album /path/to/artist16/album16/title16.mp3/path/to/artist16/album16/title16.mp30 (/path/to/artist16/album16/title16.mp3): 17
[21:23:05] [33mDebug: [0m[34mDB::LibraryDatabase: [0mInsert new artist /path/to/artist16/album16/title16.mp3 (/path/to/artist16/album16/title16.mp3): 17
[21:23:05] [33mDebug: [0m[34mDB::LibraryDatabase: [0mInsert new album /path/to/artist17/album17/title17.mp3/path/to/artist17/album17/title17.mp30 (/path/to/artist17/album17/title17.mp3): 18
[21:23:05] [33mDebug: [0m[34mDB::LibraryDatabase: [0mInsert new artist /path/to/artist17/album17/title17.mp3 (/path/to/artist17/album17/title17.mp3): 18
[21:23:05] [33mDebug: [0m[34mDB::LibraryDatabase: [0mInsert new album /path/to/artist18/album18/title18.mp3/path/to/artist18/album18/title18.mp30 (/path/to/artist18/album18/title18.mp3): 19
[21:23:05] [33mDebug: [0m[34mDB::LibraryDatabase: [0mInsert new artist /path/to/artist18/album18/title18.mp3 (/path/to/artist18/album18/title18.mp3): 19
[21:23:05] [33mDebug: [0m[34mDB::LibraryDatabase: [0mInsert new album /path/to/artist19/album19/title19.mp3/path/to/artist19/album19/title19.mp30 (/path/to/artist19/album19/title19.mp3): 20
[21:23:05] [33mDebug: [0m[34mDB::LibraryDatabase: [0mInsert new artist /path/to/artist19/album19/title19.mp3 (/path/to/artist19/album19/title19.mp3): 20
[21:23:05] [33mDebug: [0m[34mDB::LibraryDatabase: [0mInsert new album /path/to/artist20/album20/title20.mp3/path/to/artist20/album20/title20.mp30 (/path/to/artist20/album20/title20.mp3): 21
[21:23:05] [33mDebug: [0m[34mDB::LibraryDatabase: [0mInsert new artist /path/to/artist20/album20/title20.mp3 (/path/to/artist20/album20/title20.mp3): 21
[21:23:05] [33mDebug: [0m[34mDB::LibraryDatabase: [0mInsert new album /path/to/artist21/album21/title21.mp3/path/to/artist21/album21/title21.mp30 (/path/to/artist21/album21/title21.mp3): 22
[21:23:05] [33mDebug: [0m[34mDB::LibraryDatabase: [0mInsert new artist /path/to/artist21/album21/title21.mp3 (/path/to/artist21/album21/title21.mp3): 22
[21:23:05] [33mDebug: [0m[34mDB::LibraryDatabase: [0mInsert new album /path/to/artist22/album22/title22.mp3/path/to/artist22/album22/title22.mp30 (/path/to/artist22/album22/title22.mp3): 23
[21:23:05] [33mDebug: [0m[34mDB::LibraryDatabase: [0mInsert new artist /path/to/artist22/album22/title22.mp3 (/path/to/artist22/album22/title22.mp3): 23
[21:23:05] [33mDebug: [0m[34mDB::LibraryDatabase: [0mInsert new album /path/to/artist23/album23/title23.mp3/path/to/artist23/album23/title23.mp30 (/path/to/artist23/album23/title23.mp3): 24
[21:23:05] [33mDebug: [0m[34mDB::LibraryDatabase: [0mInsert new artist /path/to/artist23/album23/title23.mp3 (/path/to/artist23/album23/title23.mp3): 24
[21:23:05] [33mDebug: [0m[34mDB::LibraryDatabase: [0mInsert new album /path/to/artist24/album24/title24.mp3/path/to/artist24/album24/title24.mp30 (/path/to/artist24/album24/title24.mp3): 25
[21:23:05] [33mDebug: [0m[34mDB::LibraryDatabase: [0mInsert new artist /path/to/artist24/album24/title24.mp3 (/path/to/artist24/album24/title24.mp3): 25
[21:23:05] [33mDebug: [0m[34mDB::LibraryDatabase: [0mInsert new album /path/to/artist25/album25/title25.mp3/path/to/artist25/album25/title25.mp30 (/path/to/artist25/album25/title25.mp3): 26
[21:23:05] [33mDebug: [0m[34mDB::LibraryDatabase: [0mInsert new artist /path/to/artist25/album25/title25.mp3 (/path/to/artist25/album25/title25.mp3): 26
[21:23:05] [33mDebug: [0m[34mDB::LibraryDatabase: [0mInsert new album /path/to/artist26/album26/title26.mp3/path/to/artist26/album26/title26.mp30 (/path/to/artist26/album26/title26.mp3): 27
[21:23:05] [33mDebug: [0m[34mDB::LibraryDatabase: [0mInsert new artist /path/to/artist26/album26/title26.mp3 (/path/to/artist26/album26/title26.mp3): 27
[21:23:05] [33mDebug: [0m[34mDB::LibraryDatabase: [0mInsert new album /path/to/artist27/album27/title27.mp3/path/to/artist27/album27/title27.mp30 (/path/to/artist27/album27/title27.mp3): 28
[21:23:05] [33mDebug: [0m[34mDB::LibraryDatabase: [0mInsert new artist /path/to/artist27/album27/title27.mp3 (/path/to/artist27/album27/title27.mp3): 28
[21:23:05] [33mDebug: [0m[34mDB::LibraryDatabase: [0mInsert new album /path/to/artist28/album28/title28.mp3/path/to/artist28/album28/title28.mp30 (/path/to/artist28/album28/title28.mp3): 29
[21:23:05] [33mDebug: [0m[34mDB::LibraryDatabase: [0mInsert new artist /path/to/artist28/album28/title28.mp3 (/path/to/artist28/album28/title28.mp3): 29
[21:23:05] [33mDebug: [0m[34mDB::LibraryDatabase: [0mInsert new album /path/to/artist29/album29/title29.mp3/path/to/artist29/album29/title29.mp30 (/path/to/artist29/album29/title29.mp3): 30
[21:23:05] [33mDebug: [0m[34mDB::LibraryDatabase: [0mInsert new artist /path/to/artist29/album29/title29.mp3 (/path/to/artist29/album29/title29.mp3): 30
[21:23:05] [33mDebug: [0m[34mDB::LibraryDatabase: [0mInsert new album /path/to/artist30/album30/title30.mp3/path/to/artist30/album30/title30.mp30 (/path/to/artist30/album30/title30.mp3): 31
[21:23:05] [33mDebug: [0m[34mDB::LibraryDatabase: [0mInsert new artist /path/to/artist30/album30/title30.mp3 (/path/to/artist30/album30/title30.mp3): 31
[21:23:05] [33mDebug: [0m[34mDB::LibraryDatabase: [0mInsert new album /path/to/artist31/album31/title31.mp3/path/to/artist31/album31/title31.mp30 (/path/to/artist31/album31/title31.mp3): 32
[21:23:05] [33mDebug: [0m[34mDB::LibraryDatabase: [0mInsert new artist /path/to/artist31/album31/title31.mp3 (/path/to/artist31/album31/title31.mp3): 32
[21:23:05] [33mDebug: [0m[34mDB::LibraryDatabase: [0mInsert new album /path/to/artist32/album32/title32.mp3/path/to/artist32/album32/title32.mp30 (/path/to/artist32/album32/title32.mp3): 33
[21:23:05] [33mDebug: [0m[34mDB::LibraryDatabase: [0mInsert new artist /path/to/artist32/album32/title32.mp3 (/path/to/artist32/album32/title32.mp3): 33
[21:23:05] [33mDebug: [0m[34mDB::LibraryDatabase: [0mInsert new album /path/to/artist33/album33/title33.mp3/path/to/artist33/album33/title33.mp30 (/path/to/artist33/album33/title33.mp3): 34
[21:23:05] [33mDebug: [0m[34mDB::LibraryDatabase: [0mInsert new artist /path/to/artist33/album33/title33.mp3 (/path/to/artist33/album33/title33.mp3): 34
[21:23:05] [33mDebug: [0m[34mDB::LibraryDatabase: [0mInsert new album /path/to/artist34/album34/title34.mp3/path/to/artist34/album34/title34.mp30 (/path/to/artist34/album34/title34.mp3): 35
[21:23:05] [33mDebug: [0m[34mDB::LibraryDatabase: [0mInsert new artist /path/to/artist34/album34/title34.mp3 (/path/to/artist34/album34/title34.mp3): 35
[21:23:05] [33mDebug: [0m[34mDB::LibraryDatabase: [0mInsert new album /path/to/artist35/album35/title35.mp3/path/to/artist35/album35/title35.mp30 (/path/to/artist35/album35/title35.mp3): 36
[21:23:05] [33mDebug: [0m[34mDB::LibraryDatabase: [0mInsert new artist /path/to/artist35/album35/title35.mp3 (/path/to/artist35/album35/title35.mp3): 36
[21:23:05] [33mDebug: [0m[34mDB::LibraryDatabase: [0mInsert new album /path/to/artist36/album36/title36.mp3/path/to/artist36/album36/title36.mp30 (/path/to/artist36/album36/title36.mp3): 37
[21:23:05] [33mDebug: [0m[34mDB::LibraryDatabase: [0mInsert new artist /path/to/artist36/album36/title36.mp3 (/path/to/artist36/album36/title36.mp3): 37
[21:23:05] [33mDebug: [0m[34mDB::LibraryDatabase: [0mInsert new album /path/to/artist37/album37/title37.mp3/path/to/artist37/album37/title37.mp30 (/path/to/artist37/album37/title37.mp3): 38
[21:23:05] [33mDebug: [0m[34mDB::LibraryDatabase: [0mInsert new artist /path/to/artist37/album37/title37.mp3 (/path/to/artist37/album37/title37.mp3): 38
[21:23:05] [33mDebug: [0m[34mDB::LibraryDatabase: [0mInsert new album /path/to/artist38/album38/title38.mp3/path/to/artist38/album38/title38.mp30 (/path/to/artist38/album38/title38.mp3): 39
[21:23:05] [33mDebug: [0m[34mDB::LibraryDatabase: [0mInsert new artist /path/to/artist38/album38/title38.mp3 (/path/to/artist38/album38/title38.mp3): 39
[21:23:05] [33mDebug: [0m[34mDB::LibraryDatabase: [0mInsert new album /path/to/artist39/album39/title39.mp3/path/to/artist39/album39/title39.mp30 (/path/to/artist39/album39/title39.mp3): 40
[21:23:05] [33mDebug: [0m[34mDB::LibraryDatabase: [0mInsert new artist /path/to/artist39/album39/title39.mp3 (/path/to/artist39/album39/title39.mp3): 40
[21:23:05] [33mDebug: [0m[34mDB::LibraryDatabase: [0mInsert new album /path/to/artist40/album40/title40.mp3/path/to/artist40/album40/title40.mp30 (/path/to/artist40/album40/title40.mp3): 41
[21:23:05] [33mDebug: [0m[34mDB::LibraryDatabase: [0mInsert new artist /path/to/artist40/album40/title40.mp3 (/path/to/artist40/album40/title40.mp3): 41
[21:23:05] [33mDebug: [0m[34mDB::LibraryDatabase: [0mInsert new album /path/to/artist41/album41/title41.mp3/path/to/artist41/album41/title41.mp30 (/path/to/artist41/album41/title41.mp3): 42
[21:23:05] [33mDebug: [0m[34mDB::LibraryDatabase: [0mInsert new artist /path/to/artist41/album41/title41.mp3 (/path/to/artist41/album41/title41.mp3): 42
[21:23:05] [33mDebug: [0m[34mDB::LibraryDatabase: [0mInsert new album /path/to/artist42/album42/title42.mp3/path/to/artist42/album42/title42.mp30 (/path/to/artist42/album42/title42.mp3): 43
[21:23:05] [33mDebug: [0m[34mDB::LibraryDatabase: [0mInsert new artist /path/to/artist42/album42/title42.mp3 (/path/to/artist42/album42/title42.mp3): 43
[21:23:05] [33mDebug: [0m[34mDB::LibraryDatabase: [0mInsert new album /path/to/artist43/album43/title43.mp3/path/to/artist43/album43/title43.mp30 (/path/to/artist43/album43/title43.mp3): 44
[21:23:05] [33mDebug: [0m[34mDB::LibraryDatabase: [0mInsert new artist /path/to/artist43/album43/title43.mp3 (/path/to/artist43/album43/title43.mp3): 44
[21:23:05] [33mDebug: [0m[34mDB::LibraryDatabase: [0mInsert new album /path/to/artist44/album44/title44.mp3/path/to/artist44/album44/title44.mp30 (/path/to/artist44/album44/title44.mp3): 45
[21:23:05] [33mDebug: [0m[34mDB::LibraryDatabase: [0mInsert new artist /path/to/artist44/album44/title44.mp3 (/path/to/artist44/album44/title44.mp3): 45
[21:23:05] [33mDebug: [0m[34mDB::LibraryDatabase: [0mInsert new album /path/to/artist45/album45/title45.mp3/path/to/artist45/album45/title45.mp30 (/path/to/artist45/album45/title45.mp3): 46
[21:23:05] [33mDebug: [0m[34mDB::LibraryDatabase: [0mInsert new artist /path/to/artist45/album45/title45.mp3 (/path/to/artist45/album45/title45.mp3): 46
[21:23:05] [33mDebug: [0m[34mDB::LibraryDatabase: [0mInsert new album /path/to/artist46/album46/title46.mp3/path/to/artist46/album46/title46.mp30 (/path/to/artist46/album46/title46.mp3): 47
[21:23:05] [33mDebug: [0m[34mDB::LibraryDatabase: [0mInsert new artist /path/to/artist46/album46/title46.mp3 (/path/to/artist46/album46/title46.mp3): 47
[21:23:05] [33mDebug: [0m[34mDB::LibraryDatabase: [0mInsert new album /path/to/artist47/album47/title47.mp3/path/to/artist47/album47/title47.mp30 (/path/to/artist47/album47/title47.mp3): 48
[21:23:05] [33mDebug: [0m[34mDB::LibraryDatabase: [0mInsert new artist /path/to/artist47/album47/title47.mp3 (/path/to/artist47/album47/title47.mp3): 48
[21:23:05] [33mDebug: [0m[34mDB::LibraryDatabase: [0mInsert new album /path/to/artist48/album48/title48.mp3/path/to/artist48/album48/title48.mp30 (/path/to/artist48/album48/title48.mp3): 49
[21:23:05] [33mDebug: [0m[34mDB::LibraryDatabase: [0mInsert new artist /path/to/artist48/album48/title48.mp3 (/path/to/artist48/album48/title48.mp3): 49
[21:23:05] [33mDebug: [0m[34mDB::LibraryDatabase: [0mInsert new album /path/to/artist49/album49/title49.mp3/path/to/artist49/album49/title49.mp30 (/path/to/artist49/album49/title49.mp3): 50
[21:23:05] [33mDebug: [0m[34mDB::LibraryDatabase: [0mInsert new artist /path/to/artist49/album49/title49.mp3 (/path/to/artist49/album49/title49.mp3): 50
[21:23:05] [33mDebug: [0m[34mDB::LibraryDatabase: [0mInsert new album /path/to/artist50/album50/title50.mp3/path/to/artist50/album50/title50.mp30 (/path/to/artist50/album50/title50.mp3): 51
[21:23:05] [33mDebug: [0m[34mDB::LibraryDatabase: [0mInsert new artist /path/to/artist50/album50/title50.mp3 (/path/to/artist50/album50/title50.mp3): 51
[21:23:05] [33mDebug: [0m[34mDB::LibraryDatabase: [0mInsert new album /path/to/artist51/album51/title51.mp3/path/to/artist51/album51/title51.mp30 (/path/to/artist51/album51/title51.mp3): 52
[21:23:05] [33mDebug: [0m[34mDB::LibraryDatabase: [0mInsert new artist /path/to/artist51/album51/title51.mp3 (/path/to/artist51/album51/title51.mp3): 52
[21:23:05] [33mDebug: [0m[34mDB::LibraryDatabase: [0mInsert new album /path/to/artist52/album52/title52.mp3/path/to/artist52/album52/title52.mp30 (/path/to/artist52/album52/title52.mp3): 53
[21:23:05] [33mDebug: [0m[34mDB::LibraryDatabase: [0mInsert new artist /path/to/artist52/album52/title52.mp3 (/path/to/artist52/album52/title52.mp3): 53
[21:23:05] [33mDebug: [0m[34mDB::LibraryDatabase: [0mInsert new album /path/to/artist53/album53/title53.mp3/path/to/artist53/album53/title53.mp30 (/path/to/artist53/album53/title53.mp3): 54
[21:23:05] [33mDebug: [0m[34mDB::LibraryDatabase: [0mInsert new artist /path/to/artist53/album53/title53.mp3 (/path/to/artist53/album53/title53.mp3): 54
[21:23:05] [33mDebug: [0m[34mDB::LibraryDatabase: [0mInsert new album /path/to/artist54/album54/title54.mp3/path/to/artist54/album54/title54.mp30 (/path/to/artist54/album54/title54.mp3): 55
[21:23:05] [33mDebug: [0m[34mDB::LibraryDatabase: [0mInsert new artist /path/to/artist54/album54/title54.mp3 (/path/to/artist54/album54/title54.mp3): 55
[21:23:05] [33mDebug: [0m[34mDB::LibraryDatabase: [0mInsert new album /path/to/artist55/album55/title55.mp3/path/to/artist55/album55/title55.mp30 (/path/to/artist55/album55/title55.mp3): 56
[21:23:05] [33mDebug: [0m[34mDB::LibraryDatabase: [0mInsert new artist /path/to/artist55/album55/title55.mp3 (/path/to/artist55/album55/title55.mp3): 56
[21:23:05] [33mDebug: [0m[34mDB::LibraryDatabase: [0mInsert new album /path/to/artist56/album56/title56.mp3/path/to/artist56/album56/title56.mp30 (/path/to/artist56/album56/title56.mp3): 57
[21:23:05] [33mDebug: [0m[34mDB::LibraryDatabase: [0mInsert new artist /path/to/artist56/album56/title56.mp3 (/path/to/artist56/album56/title56.mp3): 57
[21:23:05] [33mDebug: [0m[34mDB::LibraryDatabase: [0mInsert new album /path/to/artist57/album57/title57.mp3/path/to/artist57/album57/title57.mp30 (/path/to/artist57/album57/title57.mp3): 58
[21:23:05] [33mDebug: [0m[34mDB::LibraryDatabase: [0mInsert new artist /path/to/artist57/album57/title57.mp3 (/path/to/artist57/album57/title57.mp3): 58
[21:23:05] [33mDebug: [0m[34mDB::LibraryDatabase: [0mInsert new album /path/to/artist58/album58/title58.mp3/path/to/artist58/album58/title58.mp30 (/path/to/artist58/album58/title58.mp3): 59
[21:23:05] [33mDebug: [0m[34mDB::LibraryDatabase: [0mInsert new artist /path/to/artist58/album58/title58.mp3 (/path/to/artist58/album58/title58.mp3): 59
[21:23:05] [33mDebug: [0m[34mDB::LibraryDatabase: [0mInsert new album /path/to/artist59/album59/title59.mp3/path/to/artist59/album59/title59.mp30 (/path/to/artist59/album59/title59.mp3): 60
[21:23:05] [33mDebug: [0m[34mDB::LibraryDatabase: [0mInsert new artist /path/to/artist59/album59/title59.mp3 (/path/to/artist59/album59/title59.mp3): 60
[21:23:05] [33mDebug: [0m[34mDB::LibraryDatabase: [0mInsert new album /path/to/artist60/album60/title60.mp3/path/to/artist60/album60/title60.mp30 (/path/to/artist60/album60/title60.mp3): 61
[21:23:05] [33mDebug: [0m[34mDB::LibraryDatabase: [0mInsert new artist /path/to/artist60/album60/title60.mp3 (/path/to/artist60/album60/title60.mp3): 61
[21:23:05] [33mDebug: [0m[34mDB::LibraryDatabase: [0mInsert new album /path/to/artist61/album61/title61.mp3/path/to/artist61/album61/title61.mp30 (/path/to/artist61/album61/title61.mp3): 62
[21:23:05] [33mDebug: [0m[34mDB::LibraryDatabase: [0mInsert new artist /path/to/artist61/album61/title61.mp3 (/path/to/artist61/album61/title61.mp3): 62
[21:23:05] [33mDebug: [0m[34mDB::LibraryDatabase: [0mInsert new album /path/to/artist62/album62/title62.mp3/path/to/artist62/album62/title62.mp30 (/path/to/artist62/album62/title62.mp3): 63
[21:23:05] [33mDebug: [0m[34mDB::LibraryDatabase: [0mInsert new artist /path/to/artist62/album62/title62.mp3 (/path/to/artist62/album62/title62.mp3): 63
[21:23:05] [33mDebug: [0m[34mDB::LibraryDatabase: [0mInsert new album /path/to/artist63/album63/title63.mp3/path/to/artist63/album63/title63.mp30 (/path/to/artist63/album63/title63.mp3): 64
[21:23:05] [33mDebug: [0m[34mDB::LibraryDatabase: [0mInsert new artist /path/to/artist63/album63/title63.mp3 (/path/to/artist63/album63/title63.mp3): 64
[21:23:05] [33mDebug: [0m[34mDB::LibraryDatabase: [0mInsert new album /path/to/artist64/album64/title64.mp3/path/to/artist64/album64/title64.mp30 (/path/to/artist64/album64/title64.mp3): 65
[21:23:05] [33mDebug: [0m[34mDB::LibraryDatabase: [0mInsert new artist /path/to/artist64/album64/title64.mp3 (/path/to/artist64/album64/title64.mp3): 65
[21:23:05] [33mDebug: [0m[34mDB::LibraryDatabase: [0mInsert new album /path/to/artist65/album65/title65.mp3/path/to/artist65/album65/title65.mp30 (/path/to/artist65/album65/title65.mp3): 66
[21:23:05] [33mDebug: [0m[34mDB::LibraryDatabase: [0mInsert new artist /path/to/artist65/album65/title65.mp3 (/path/to/artist65/album65/title65.mp3): 66
[21:23:05] [33mDebug: [0m[34mDB::LibraryDatabase: [0mInsert new album /path/to/artist66/album66/title66.mp3/path/to/artist66/album66/title66.mp30 (/path/to/artist66/album66/title66.mp3): 67
[21:23:05] [33mDebug: [0m[34mDB::LibraryDatabase: [0mInsert new artist /path/to/artist66/album66/title66.mp3 (/path/to/artist66/album66/title66.mp3): 67
[21:23:05] [33mDebug: [0m[34mDB::LibraryDatabase: [0mInsert new album /path/to/artist67/album67/title67.mp3/path/to/artist67/album67/title67.mp30 (/path/to/artist67/album67/title67.mp3): 68
[21:23:05] [33mDebug: [0m[34mDB::LibraryDatabase: [0mInsert new artist /path/to/artist67/album67/title67.mp3 (/path/to/artist67/album67/title67.mp3): 68
[21:23:05] [33mDebug: [0m[34mDB::LibraryDatabase: [0mInsert new album /path/to/artist68/album68/title68.mp3/path/to/artist68/album68/title68.mp30 (/path/to/artist68/album68/title68.mp3): 69
[21:23:05] [33mDebug: [0m[34mDB::LibraryDatabase: [0mInsert new artist /path/to/artist68/album68/title68.mp3 (/path/to/artist68/album68/title68.mp3): 69
[21:23:05] [33mDebug: [0m[34mDB::LibraryDatabase: [0mInsert new album /path/to/artist69/album69/title69.mp3/path/to/artist69/album69/title69.mp30 (/path/to/artist69/album69/title69.mp3): 70
[21:23:05] [33mDebug: [0m[34mDB::LibraryDatabase: [0mInsert new artist /path/to/artist69/album69/title69.mp3 (/path/to/artist69/album69/title69.mp3): 70
[21:23:05] [33mDebug: [0m[34mDB::LibraryDatabase: [0mInsert new album /path/to/artist70/album70/title70.mp3/path/to/artist70/album70/title70.mp30 (/path/to/artist70/album70/title70.mp3): 71
[21:23:05] [33mDebug: [0m[34mDB::LibraryDatabase: [0mInsert new artist /path/to/artist70/album70/title70.mp3 (/path/to/artist70/album70/title70.mp3): 71
[21:23:05] [33mDebug: [0m[34mDB::LibraryDatabase: [0mInsert new album /path/to/artist71/album71/title71.mp3/path/to/artist71/album71/title71.mp30 (/path/to/artist71/album71/title71.mp3): 72
[21:23:05] [33mDebug: [0m[34mDB::LibraryDatabase: [0mInsert new artist /path/to/artist71/album71/title71.mp3 (/path/to/artist71/album71/title71.mp3): 72
[21:23:05] [33mDebug: [0m[34mDB::LibraryDatabase: [0mInsert new album /path/to/artist72/album72/title72.mp3/path/to/artist72/album72/title72.mp30 (/path/to/artist72/album72/title72.mp3): 73
[21:23:05] [33mDebug: [0m[34mDB::LibraryDatabase: [0mInsert new artist /path/to/artist72/album72/title72.mp3 (/path/to/artist72/album72/title72.mp3): 73
[21:23:05] [33mDebug: [0m[34mDB::LibraryDatabase: [0mInsert new album /path/to/artist73/album73/title73.mp3/path/to/artist73/album73/title73.mp30 (/path/to/artist73/album73/title73.mp3): 74
[21:23:05] [33mDebug: [0m[34mDB::LibraryDatabase: [0mInsert new artist /path/to/artist73/album73/title73.mp3 (/path/to/artist73/album73/title73.mp3): 74
[21:23:05] [33mDebug: [0m[34mDB::LibraryDatabase: [0mInsert new album /path/to/artist74/album74/title74.mp3/path/to/artist74/album74/title74.mp30 (/path/to/artist74/album74/title74.mp3): 75
[21:23:05] [33mDebug: [0m[34mDB::LibraryDatabase: [0mInsert new artist /path/to/artist74/album74/title74.mp3 (/path/to/artist74/album74/title74.mp3): 75
[21:23:05] [33mDebug: [0m[34mDB::LibraryDatabase: [0mInsert new album /path/to/artist75/album75/title75.mp3/path/to/artist75/album75/title75.mp30 (/path/to/artist75/album75/title75.mp3): 76
[21:23:05] [33mDebug: [0m[34mDB::LibraryDatabase: [0mInsert new artist /path/to/artist75/album75/title75.mp3 (/path/to/artist75/album75/title75.mp3): 76
[21:23:05] [33mDebug: [0m[34mDB::LibraryDatabase: [0mInsert new album /path/to/artist76/album76/title76.mp3/path/to/artist76/album76/title76.mp30 (/path/to/artist76/album76/title76.mp3): 77
[21:23:05] [33mDebug: [0m[34mDB::LibraryDatabase: [0mInsert new artist /path/to/artist76/album76/title76.mp3 (/path/to/artist76/album76/title76.mp3): 77
[21:23:05] [33mDebug: [0m[34mDB::LibraryDatabase: [0mInsert new album /path/to/artist77/album77/title77.mp3/path/to/artist77/album77/title77.mp30 (/path/to/artist77/album77/title77.mp3): 78
[21:23:05] [33mDebug: [0m[34mDB::LibraryDatabase: [0mInsert new artist /path/to/artist77/album77/title77.mp3 (/path/to/artist77/album77/title77.mp3): 78
[21:23:05] [33mDebug: [0m[34mDB::LibraryDatabase: [0mInsert new album /path/to/artist78/album78/title78.mp3/path/to/artist78/album78/title78.mp30 (/path/to/artist78/album78/title78.mp3): 79
[21:23:05] [33mDebug: [0m[34mDB::LibraryDatabase: [0mInsert new artist /path/to/artist78/album78/title78.mp3 (/path/to/artist78/album78/title78.mp3): 79
[21:23:05] [33mDebug: [0m[34mDB::LibraryDatabase: [0mInsert new album /path/to/artist79/album79/title79.mp3/path/to/artist79/album79/title79.mp30 (/path/to/artist79/album79/title79.mp3): 80
[21:23:05] [33mDebug: [0m[34mDB::LibraryDatabase: [0mInsert new artist /path/to/artist79/album79/title79.mp3 (/path/to/artist79/album79/title79.mp3): 80
[21:23:05] [33mDebug: [0m[34mDB::LibraryDatabase: [0mInsert new album /path/to/artist80/album80/title80.mp3/path/to/artist80/album80/title80.mp30 (/path/to/artist80/album80/title80.mp3): 81
[21:23:05] [33mDebug: [0m[34mDB::LibraryDatabase: [0mInsert new artist /path/to/artist80/album80/title80.mp3 (/path/to/artist80/album80/title80.mp3): 81
[21:23:05] [33mDebug: [0m[34mDB::LibraryDatabase: [0mInsert new album /path/to/artist81/album81/title81.mp3/path/to/artist81/album81/title81.mp30 (/path/to/artist81/album81/title81.mp3): 82
[21:23:05] [33mDebug: [0m[34mDB::LibraryDatabase: [0mInsert new artist /path/to/artist81/album81/title81.mp3 (/path/to/artist81/album81/title81.mp3): 82
[21:23:05] [33mDebug: [0m[34mDB::LibraryDatabase: [0mInsert new album /path/to/artist82/album82/title82.mp3/path/to/artist82/album82/title82.mp30 (/path/to/artist82/album82/title82.mp3): 83
[21:23:05] [33mDebug: [0m[34mDB::LibraryDatabase: [0mInsert new artist /path/to/artist82/album82/title82.mp3 (/path/to/artist82/album82/title82.mp3): 83
[21:23:05] [33mDebug: [0m[34mDB::LibraryDatabase: [0mInsert new album /path/to/artist83/album83/title83.mp3/path/to/artist83/album83/title83.mp30 (/path/to/artist83/album83/title83.mp3): 84
[21:23:05] [33mDebug: [0m[34mDB::LibraryDatabase: [0mInsert new artist /path/to/artist83/album83/title83.mp3 (/path/to/artist83/album83/title83.mp3): 84
[21:23:05] [33mDebug: [0m[34mDB::LibraryDatabase: [0mInsert new album /path/to/artist84/album84/title84.mp3/path/to/artist84/album84/title84.mp30 (/path/to/artist84/album84/title84.mp3): 85
[21:23:05] [33mDebug: [0m[34mDB::LibraryDatabase: [0mInsert new artist /path/to/artist84/album84/title84.mp3 (/path/to/artist84/album84/title84.mp3): 85
[21:23:05] [33mDebug: [0m[34mDB::LibraryDatabase: [0mInsert new album /path/to/artist85/album85/title85.mp3/path/to/artist85/album85/title85.mp30 (/path/to/artist85/album85/title85.mp3): 86
[21:23:05] [33mDebug: [0m[34mDB::LibraryDatabase: [0mInsert new artist /path/to/artist85/album85/title85.mp3 (/path/to/artist85/album85/title85.mp3): 86
[21:23:05] [33mDebug: [0m[34mDB::LibraryDatabase: [0mInsert new album /path/to/artist86/album86/title86.mp3/path/to/artist86/album86/title86.mp30 (/path/to/artist86/album86/title86.mp3): 87
[21:23:05] [33mDebug: [0m[34mDB::LibraryDatabase: [0mInsert new artist /path/to/artist86/album86/title86.mp3 (/path/to/artist86/album86/title86.mp3): 87
[21:23:05] [33mDebug: [0m[34mDB::LibraryDatabase: [0mInsert new album /path/to/artist87/album87/title87.mp3/path/to/artist87/album87/title87.mp30 (/path/to/artist87/album87/title87.mp3): 88
[21:23:05] [33mDebug: [0m[34mDB::LibraryDatabase: [0mInsert new artist /path/to/artist87/album87/title87.mp3 (/path/to/artist87/album87/title87.mp3): 88
[21:23:05] [33mDebug: [0m[34mDB::LibraryDatabase: [0mInsert new album /path/to/artist88/album88/title88.mp3/path/to/artist88/album88/title88.mp30 (/path/to/artist88/album88/title88.mp3): 89
[21:23:05] [33mDebug: [0m[34mDB::LibraryDatabase: [0mInsert new artist /path/to/artist88/album88/title88.mp3 (/path/to/artist88/album88/title88.mp3): 89
[21:23:05] [33mDebug: [0m[34mDB::LibraryDatabase: [0mInsert new album /path/to/artist89/album89/title89.mp3/path/to/artist89/album89/title89.mp30 (/path/to/artist89/album89/title89.mp3): 90
[21:23:05] [33mDebug: [0m[34mDB::LibraryDatabase: [0mInsert new artist /path/to/artist89/album89/title89.mp3 (/path/to/artist89/album89/title89.mp3): 90
[21:23:05] [33mDebug: [0m[34mDB::LibraryDatabase: [0mInsert new album /path/to/artist90/album90/title90.mp3/path/to/artist90/album90/title90.mp30 (/path/to/artist90/album90/title90.mp3): 91
[21:23:05] [33mDebug: [0m[34mDB::LibraryDatabase: [0mInsert new artist /path/to/artist90/album90/title90.mp3 (/path/to/artist90/album90/title90.mp3): 91
[21:23:05] [33mDebug: [0m[34mDB::LibraryDatabase: [0mInsert new album /path/to/artist91/album91/title91.mp3/path/to/artist91/album91/title91.mp30 (/path/to/artist91/album91/title91.mp3): 92
[21:23:05] [33mDebug: [0m[34mDB::LibraryDatabase: [0mInsert new artist /path/to/artist91/album91/title91.mp3 (/path/to/artist91/album91/title91.mp3): 92
[21:23:05] [33mDebug: [0m[34mDB::LibraryDatabase: [0mInsert new album /path/to/artist92/album92/title92.mp3/path/to/artist92/album92/title92.mp30 (/path/to/artist92/album92/title92.mp3): 93
[21:23:05] [33mDebug: [0m[34mDB::LibraryDatabase: [0mInsert new artist /path/to/artist92/album92/title92.mp3 (/path/to/artist92/album92/title92.mp3): 93
[21:23:05] [33mDebug: [0m[34mDB::LibraryDatabase: [0mInsert new album /path/to/artist93/album93/title93.mp3/path/to/artist93/album93/title93.mp30 (/path/to/artist93/album93/title93.mp3): 94
[21:23:05] [33mDebug: [0m[34mDB::LibraryDatabase: [0mInsert new artist /path/to/artist93/album93/title93.mp3 (/path/to/artist93/album93/title93.mp3): 94
[21:23:05] [33mDebug: [0m[34mDB::LibraryDatabase: [0mInsert new album /path/to/artist94/album94/title94.mp3/path/to/artist94/album94/title94.mp30 (/path/to/artist94/album94/title94.mp3): 95
[21:23:05] [33mDebug: [0m[34mDB::LibraryDatabase: [0mInsert new artist /path/to/artist94/album94/title94.mp3 (/path/to/artist94/album94/title94.mp3): 95
[21:23:05] [33mDebug: [0m[34mDB::LibraryDatabase: [0mInsert new album /path/to/artist95/album95/title95.mp3/path/to/artist95/album95/title95.mp30 (/path/to/artist95/album95/title95.mp3): 96
[21:23:05] [33mDebug: [0m[34mDB::LibraryDatabase: [0mInsert new artist /path/to/artist95/album95/title95.mp3 (/path/to/artist95/album95/title95.mp3): 96
[21:23:05] [33mDebug: [0m[34mDB::LibraryDatabase: [0mInsert new album /path/to/artist96/album96/title96.mp3/path/to/artist96/album96/title96.mp30 (/path/to/artist96/album96/title96.mp3): 97
[21:23:05] [33mDebug: [0m[34mDB::LibraryDatabase: [0mInsert new artist /path/to/artist96/album96/title96.mp3 (/path/to/artist96/album96/title96.mp3): 97
[21:23:05] [33mDebug: [0m[34mDB::LibraryDatabase: [0mInsert new album /path/to/artist97/album97/title97.mp3/path/to/artist97/album97/title97.mp30 (/path/to/artist97/album97/title97.mp3): 98
[21:23:05] [33mDebug: [0m[34mDB::LibraryDatabase: [0mInsert new artist /path/to/artist97/album97/title97.mp3 (/path/to/artist97/album97/title97.mp3): 98
[21:23:05] [33mDebug: [0m[34mDB::LibraryDatabase: [0mInsert new album /path/to/artist98/album98/title98.mp3/path/to/artist98/album98/title98.mp30 (/path/to/artist98/album98/title98.mp3): 99
[21:23:05] [33mDebug: [0m[34mDB::LibraryDatabase: [0mInsert new artist /path/to/artist98/album98/title98.mp3 (/path/to/artist98/album98/title98.mp3): 99
[21:23:05] [33mDebug: [0m[34mDB::LibraryDatabase: [0mInsert new album /path/to/artist99/album99/title99.mp3/path/to/artist99/album99/title99.mp30 (/path/to/artist99/album99/title99.mp3): 100
[21:23:05] [33mDebug: [0m[34mDB::LibraryDatabase: [0mInsert new artist /path/to/artist99/album99/title99.mp3 (/path/to/artist99/album99/title99.mp3): 100
[21:23:05] [33mVerbose: [0m[34mDB::LibraryDatabase: [0mCommit 100 tracks to database
[21:23:05] [33mVerbose: [0m[34mLibrary::ReloadThread: [0mUpdating album artists... 
[21:23:05] [33mVerbose: [0m[34mLibrary::ReloadThread: [0mCreate indexes... 
[21:23:05] [33mVerbose: [0m[34mLibrary::ReloadThread: [0mClean up... 
[21:23:05] [33mVerbose: [0m[34mDB::LibraryDatabase: [0m Search for already known albums and artists.
[21:23:05] [33mDebug: [0m[34mDB::LibraryDatabase: [0mInsert new album solar system2000 (Solar System): 101
[21:23:05] [33mDebug: [0m[34mDB::LibraryDatabase: [0mInsert new artist  (): 101
[21:23:05] [33mDebug: [0m[34mDB::LibraryDatabase: [0mInsert new album asia riversasia2000 (Asia Rivers): 102
[21:23:05] [33mDebug: [0m[34mDB::LibraryDatabase: [0mInsert new artist Earth feat. Asia (Earth feat. Asia): 102
[21:23:05] [33mDebug: [0m[34mDB::LibraryDatabase: [0mInsert new artist Asia (Asia): 103
[21:23:05] [33mDebug: [0m[34mDB::LibraryDatabase: [0mInsert new album europe mountainseurope2000 (Europe Mountains): 103
[21:23:05] [33mDebug: [0m[34mDB::LibraryDatabase: [0mInsert new artist Earth feat. Europe (Earth feat. Europe): 104
[21:23:05] [33mDebug: [0m[34mDB::LibraryDatabase: [0mInsert new artist Europe (Europe): 105
[21:23:05] [33mDebug: [0m[34mDB::LibraryDatabase: [0mInsert new album african countriesafrica2000 (African Countries): 104
[21:23:05] [33mDebug: [0m[34mDB::LibraryDatabase: [0mInsert new artist Earth feat. Africa (Earth feat. Africa): 106
[21:23:05] [33mDebug: [0m[34mDB::LibraryDatabase: [0mInsert new artist Africa (Africa): 107
[21:23:05] [33mVerbose: [0m[34mDB::LibraryDatabase: [0mCommit 20 tracks to database
[21:23:05] [33mVerbose: [0m[34mDB::Module: [0mCreate new connection to /tmp/sayonara/ReloadThreadTest/player.db (/tmp/sayonara/ReloadThreadTest/player.db-94297553304192)
[21:23:05] [33mDebug: [0m[34mLibrary::ReloadThread: [0m0 tracks already in library
[21:23:05] [33mDebug: [0m[34mLibrary::ReloadThread: [0m20 of them are not on disk anymore
[21:23:05] [31mError: [0m[34mDB::Tracks: [0mCannot get tracks from db
[21:23:05] [33mVerbose: [0m[34mLibrary::ReloadThread: [0mUpdating album artists... 
[21:23:05] [33mVerbose: [0m[34mLibrary::ReloadThread: [0mCreate indexes... 
[21:23:05] [33mVerbose: [0m[34mLibrary::ReloadThread: [0mClean up... 
[21:23:05] [33mVerbose: [0m[34mDB::LibraryDatabase: [0m Search for already known albums and artists.
[21:23:05] [33mDebug: [0m[34mDB::LibraryDatabase: [0mInsert new album solar system2000 (Solar System): 105
[21:23:05] [33mDebug: [0m[34mDB::LibraryDatabase: [0mInsert new album asia riversasia2000 (Asia Rivers): 106
[21:23:05] [33mVerbose: [0m[34mDB::LibraryDatabase: [0mCommit 10 tracks to database
[21:23:05] [31mError: [0m[34mSqlQuery: [0mSQL ERROR: Cannot fetch tracks from database: 1
[21:23:05] [31mError: [0m[34mSqlQuery: [0mDriver not loaded Driver not loaded
[21:23:05] [31mError: [0m[34mSqlQuery: [0mDriver not loaded
[21:23:05] [31mError: [0m[34mSqlQuery: [0mDriver not loaded
[21:23:05] [31mError: [0m[34mSqlQuery: [0m

[21:23:05] [33mDebug: [0m[34mLibrary::ReloadThread: [0m0 tracks already in library
[21:23:05] [33mDebug: [0m[34mLibrary::ReloadThread: [0m0 of them are not on disk anymore
[21:23:05] [31mError: [0m[34mSqlQuery: [0mSQL ERROR: Cannot fetch tracks from database: 1
[21:23:05] [31mError: [0m[34mSqlQuery: [0mDriver not loaded Driver not loaded
[21:23:05] [31mError: [0m[34mSqlQuery: [0mDriver not loaded
[21:23:05] [31mError: [0m[34mSqlQuery: [0mDriver not loaded
[21:23:05] [31mError: [0m[34mSqlQuery: [0m

[21:23:05] [33mDebug: [0m[34mDB::Tracks: [0mDeleting 0 tracks
[21:23:05] [33mDebug: [0m[34mDB::Tracks: [0mdelete tracks: 1
[21:23:05] [33mVerbose: [0m[34mDB::LibraryDatabase: [0m Search for already known albums and artists.
[21:23:05] [31mError: [0m[34mSqlQuery: [0mSQL ERROR: Could not get all albums from database: 1
[21:23:05] [31mError: [0m[34mSqlQuery: [0mDriver not loaded Driver not loaded
[21:23:05] [31mError: [0m[34mSqlQuery: [0mDriver not loaded
[21:23:05] [31mError: [0m[34mSqlQuery: [0mDriver not loaded
[21:23:05] [31mError: [0m[34mSqlQuery: [0m

[21:23:05] [31mError: [0m[34mDB::Module: [0mQuery error to connection 
[21:23:05] [31mError: [0m[34mSqlQuery: [0mSQL ERROR: Cannot fetch all artists: 1
[21:23:05] [31mError: [0m[34mSqlQuery: [0mDriver not loaded Driver not loaded
[21:23:05] [31mError: [0m[34mSqlQuery: [0mDriver not loaded
[21:23:05] [31mError: [0m[34mSqlQuery: [0mDriver not loaded
[21:23:05] [31mError: [0m[34mSqlQuery: [0m

[21:23:05] [31mError: [0m[34mSqlQuery: [0mSQL ERROR: Could not get all artists from database: 1
[21:23:05] [31mError: [0m[34mSqlQuery: [0mDriver not loaded Driver not loaded
[21:23:05] [31mError: [0m[34mSqlQuery: [0mDriver not loaded
[21:23:05] [31mError: [0m[34mSqlQuery: [0mDriver not loaded
[21:23:05] [31mError: [0m[34mSqlQuery: [0m

[21:23:05] [31mError: [0m[34mSqlQuery: [0mSQL ERROR: Cannot fetch tracks from database: 1
[21:23:05] [31mError: [0m[34mSqlQuery: [0mDriver not loaded Driver not loaded
[21:23:05] [31mError: [0m[34mSqlQuery: [0mDriver not loaded
[21:23:05] [31mError: [0m[34mSqlQuery: [0mDriver not loaded
[21:23:05] [31mError: [0m[34mSqlQuery: [0m

[21:23:05] [31mError: [0m[34mDB::Module: [0mQuery error to connection 
[21:23:05] [31mError: [0m[34mSqlQuery: [0mSQL ERROR: 2. Cannot insert album /tmp/sayonara/ReloadThreadTest/path/to/Solar System/Mercury.mp3: 1
[21:23:05] [31mError: [0m[34mSqlQuery: [0mDriver not loaded Driver not loaded
[21:23:05] [31mError: [0m[34mSqlQuery: [0mDriver not loaded
[21:23:05] [31mError: [0m[34mSqlQuery: [0mDriver not loaded
[21:23:05] [31mError: [0m[34mSqlQuery: [0m

[21:23:05] [33mDebug: [0m[34mDB::LibraryDatabase: [0mInsert new album /tmp/sayonara/reloadthreadtest/path/to/solar system/mercury.mp3/tmp/sayonara/reloadthreadtest/path/to/solar system/mercury.mp30 (/tmp/sayonara/ReloadThreadTest/path/to/Solar System/Mercury.mp3): -1
[21:23:05] [31mError: [0m[34mDB::Module: [0mQuery error to connection 
[21:23:05] [31mError: [0m[34mSqlQuery: [0mSQL ERROR: Cannot fetch artistID for artist /tmp/sayonara/ReloadThreadTest/path/to/Solar System/Mercury.mp3: 1
[21:23:05] [31mError: [0m[34mSqlQuery: [0mDriver not loaded Driver not loaded
[21:23:05] [31mError: [0m[34mSqlQuery: [0mDriver not loaded
[21:23:05] [31mError: [0m[34mSqlQuery: [0mDriver not loaded
[21:23:05] [31mError: [0m[34mSqlQuery: [0m

[21:23:05] [31mError: [0m[34mDB::Module: [0mQuery error to connection 
[21:23:05] [31mError: [0m[34mSqlQuery: [0mSQL ERROR: Cannot insert artist /tmp/sayonara/ReloadThreadTest/path/to/Solar System/Mercury.mp3: 1
[21:23:05] [31mError: [0m[34mSqlQuery: [0mDriver not loaded Driver not loaded
[21:23:05] [31mError: [0m[34mSqlQuery: [0mDriver not loaded
[21:23:05] [31mError: [0m[34mSqlQuery: [0mDriver not loaded
[21:23:05] [31mError: [0m[34mSqlQuery: [0m

[21:23:05] [33mDebug: [0m[34mDB::LibraryDatabase: [0mInsert new artist /tmp/sayonara/ReloadThreadTest/path/to/Solar System/Mercury.mp3 (/tmp/sayonara/ReloadThreadTest/path/to/Solar System/Mercury.mp3): -1
[21:23:05] [31mError: [0m[34mDB::Module: [0mQuery error to connection 
[21:23:05] [31mError: [0m[34mSqlQuery: [0mSQL ERROR: Cannot fetch artistID for artist /tmp/sayonara/ReloadThreadTest/path/to/Solar System/Mercury.mp3: 1
[21:23:05] [31mError: [0m[34mSqlQuery: [0mDriver not loaded Driver not loaded
[21:23:05] [31mError: [0m[34mSqlQuery: [0mDriver not loaded
[21:23:05] [31mError: [0m[34mSqlQuery: [0mDriver not loaded
[21:23:05] [31mError: [0m[34mSqlQuery: [0m

[21:23:05] [31mError: [0m[34mDB::Module: [0mQuery error to connection 
[21:23:05] [31mError: [0m[34mSqlQuery: [0mSQL ERROR: Cannot insert artist /tmp/sayonara/ReloadThreadTest/path/to/Solar System/Mercury.mp3: 1
[21:23:05] [31mError: [0m[34mSqlQuery: [0mDriver not loaded Driver not loaded
[21:23:05] [31mError: [0m[34mSqlQuery: [0mDriver not loaded
[21:23:05] [31mError: [0m[34mSqlQuery: [0mDriver not loaded
[21:23:05] [31mError: [0m[34mSqlQuery: [0m

[21:23:05] [33mDebug: [0m[34mDB::LibraryDatabase: [0mInsert new artist /tmp/sayonara/ReloadThreadTest/path/to/Solar System/Mercury.mp3 (/tmp/sayonara/ReloadThreadTest/path/to/Solar System/Mercury.mp3): -1
[21:23:05] [31mError: [0m[34mDB::Module: [0mQuery error to connection 
[21:23:05] [31mError: [0m[34mSqlQuery: [0mSQL ERROR: 2. Cannot insert album /tmp/sayonara/ReloadThreadTest/path/to/Solar System/Venus.mp3: 1
[21:23:05] [31mError: [0m[34mSqlQuery: [0mDriver not loaded Driver not loaded
[21:23:05] [31mError: [0m[34mSqlQuery: [0mDriver not loaded
[21:23:05] [31mError: [0m[34mSqlQuery: [0mDriver not loaded
[21:23:05] [31mError: [0m[34mSqlQuery: [0m

[21:23:05] [33mDebug: [0m[34mDB::LibraryDatabase: [0mInsert new album /tmp/sayonara/reloadthreadtest/path/to/solar system/venus.mp3/tmp/sayonara/reloadthreadtest/path/to/solar system/venus.mp30 (/tmp/sayonara/ReloadThreadTest/path/to/Solar System/Venus.mp3): -1
[21:23:05] [31mError: [0m[34mDB::Module: [0mQuery error to connection 
[21:23:05] [31mError: [0m[34mSqlQuery: [0mSQL ERROR: Cannot fetch artistID for artist /tmp/sayonara/ReloadThreadTest/path/to/Solar System/Venus.mp3: 1
[21:23:05] [31mError: [0m[34mSqlQuery: [0mDriver not loaded Driver not loaded
[21:23:05] [31mError: [0m[34mSqlQuery: [0mDriver not loaded
[21:23:05] [31mError: [0m[34mSqlQuery: [0mDriver not loaded
[21:23:05] [31mError: [0m[34mSqlQuery: [0m

[21:23:05] [31mError: [0m[34mDB::Module: [0mQuery error to connection 
[21:23:05] [31mError: [0m[34mSqlQuery: [0mSQL ERROR: Cannot insert artist /tmp/sayonara/ReloadThreadTest/path/to/Solar System/Venus.mp3: 1
[21:23:05] [31mError: [0m[34mSqlQuery: [0mDriver not loaded Driver not loaded
[21:23:05] [31mError: [0m[34mSqlQuery: [0mDriver not loaded
[21:23:05] [31mError: [0m[34mSqlQuery: [0mDriver not loaded
[21:23:05] [31mError: [0m[34mSqlQuery: [0m

[21:23:05] [33mDebug: [0m[34mDB::LibraryDatabase: [0mInsert new artist /tmp/sayonara/ReloadThreadTest/path/to/Solar System/Venus.mp3 (/tmp/sayonara/ReloadThreadTest/path/to/Solar System/Venus.mp3): -1
[21:23:05] [31mError: [0m[34mDB::Module: [0mQuery error to connection 
[21:23:05] [31mError: [0m[34mSqlQuery: [0mSQL ERROR: Cannot fetch artistID for artist /tmp/sayonara/ReloadThreadTest/path/to/Solar System/Venus.mp3: 1
[21:23:05] [31mError: [0m[34mSqlQuery: [0mDriver not loaded Driver not loaded
[21:23:05] [31mError: [0m[34mSqlQuery: [0mDriver not loaded
[21:23:05] [31mError: [0m[34mSqlQuery: [0mDriver not loaded
[21:23:05] [31mError: [0m[34mSqlQuery: [0m

[21:23:05] [31mError: [0m[34mDB::Module: [0mQuery error to connection 
[21:23:05] [31mError: [0m[34mSqlQuery: [0mSQL ERROR: Cannot insert artist /tmp/sayonara/ReloadThreadTest/path/to/Solar System/Venus.mp3: 1
[21:23:05] [31mError: [0m[34mSqlQuery: [0mDriver not loaded Driver not loaded
[21:23:05] [31mError: [0m[34mSqlQuery: [0mDriver not loaded
[21:23:05] [31mError: [0m[34mSqlQuery: [0mDriver not loaded
[21:23:05] [31mError: [0m[34mSqlQuery: [0m

[21:23:05] [33mDebug: [0m[34mDB::LibraryDatabase: [0mInsert new artist /tmp/sayonara/ReloadThreadTest/path/to/Solar System/Venus.mp3 (/tmp/sayonara/ReloadThreadTest/path/to/Solar System/Venus.mp3): -1
[21:23:05] [31mError: [0m[34mDB::Module: [0mQuery error to connection 
[21:23:05] [31mError: [0m[34mSqlQuery: [0mSQL ERROR: 2. Cannot insert album /tmp/sayonara/ReloadThreadTest/path/to/Solar System/Earth.mp3: 1
[21:23:05] [31mError: [0m[34mSqlQuery: [0mDriver not loaded Driver not loaded
[21:23:05] [31mError: [0m[34mSqlQuery: [0mDriver not loaded
[21:23:05] [31mError: [0m[34mSqlQuery: [0mDriver not loaded
[21:23:05] [31mError: [0m[34mSqlQuery: [0m

[21:23:05] [33mDebug: [0m[34mDB::LibraryDatabase: [0mInsert new album /tmp/sayonara/reloadthreadtest/path/to/solar system/earth.mp3/tmp/sayonara/reloadthreadtest/path/to/solar system/earth.mp30 (/tmp/sayonara/ReloadThreadTest/path/to/Solar System/Earth.mp3): -1
[21:23:05] [31mError: [0m[34mDB::Module: [0mQuery error to connection 
[21:23:05] [31mError: [0m[34mSqlQuery: [0mSQL ERROR: Cannot fetch artistID for artist /tmp/sayonara/ReloadThreadTest/path/to/Solar System/Earth.mp3: 1
[21:23:05] [31mError: [0m[34mSqlQuery: [0mDriver not loaded Driver not loaded
[21:23:05] [31mError: [0m[34mSqlQuery: [0mDriver not loaded
[21:23:05] [31mError: [0m[34mSqlQuery: [0mDriver not loaded
[21:23:05] [31mError: [0m[34mSqlQuery: [0m

[21:23:05] [31mError: [0m[34mDB::Module: [0mQuery error to connection 
[21:23:05] [31mError: [0m[34mSqlQuery: [0mSQL ERROR: Cannot insert artist /tmp/sayonara/ReloadThreadTest/path/to/Solar System/Earth.mp3: 1
[21:23:05] [31mError: [0m[34mSqlQuery: [0mDriver not loaded Driver not loaded
[21:23:05] [31mError: [0m[34mSqlQuery: [0mDriver not loaded
[21:23:05] [31mError: [0m[34mSqlQuery: [0mDriver not loaded
[21:23:05] [31mError: [0m[34mSqlQuery: [0m

[21:23:05] [33mDebug: [0m[34mDB::LibraryDatabase: [0mInsert new artist /tmp/sayonara/ReloadThreadTest/path/to/Solar System/Earth.mp3 (/tmp/sayonara/ReloadThreadTest/path/to/Solar System/Earth.mp3): -1
[21:23:05] [31mError: [0m[34mDB::Module: [0mQuery error to connection 
[21:23:05] [31mError: [0m[34mSqlQuery: [0mSQL ERROR: Cannot fetch artistID for artist /tmp/sayonara/ReloadThreadTest/path/to/Solar System/Earth.mp3: 1
[21:23:05] [31mError: [0m[34mSqlQuery: [0mDriver not loaded Driver not loaded
[21:23:05] [31mError: [0m[34mSqlQuery: [0mDriver not loaded
[21:23:05] [31mError: [0m[34mSqlQuery: [0mDriver not loaded
[21:23:05] [31mError: [0m[34mSqlQuery: [0m

[21:23:05] [31mError: [0m[34mDB::Module: [0mQuery error to connection 
[21:23:05] [31mError: [0m[34mSqlQuery: [0mSQL ERROR: Cannot insert artist /tmp/sayonara/ReloadThreadTest/path/to/Solar System/Earth.mp3: 1
[21:23:05] [31mError: [0m[34mSqlQuery: [0mDriver not loaded Driver not loaded
[21:23:05] [31mError: [0m[34mSqlQuery: [0mDriver not loaded
[21:23:05] [31mError: [0m[34mSqlQuery: [0mDriver not loaded
[21:23:05] [31mError: [0m[34mSqlQuery: [0m

[21:23:05] [33mDebug: [0m[34mDB::LibraryDatabase: [0mInsert new artist /tmp/sayonara/ReloadThreadTest/path/to/Solar System/Earth.mp3 (/tmp/sayonara/ReloadThreadTest/path/to/Solar System/Earth.mp3): -1
[21:23:05] [31mError: [0m[34mDB::Module: [0mQuery error to connection 
[21:23:05] [31mError: [0m[34mSqlQuery: [0mSQL ERROR: 2. Cannot insert album /tmp/sayonara/ReloadThreadTest/path/to/Solar System/Mars.mp3: 1
[21:23:05] [31mError: [0m[34mSqlQuery: [0mDriver not loaded Driver not loaded
[21:23:05] [31mError: [0m[34mSqlQuery: [0mDriver not loaded
[21:23:05] [31mError: [0m[34mSqlQuery: [0mDriver not loaded
[21:23:05] [31mError: [0m[34mSqlQuery: [0m

[21:23:05] [33mDebug: [0m[34mDB::LibraryDatabase: [0mInsert new album /tmp/sayonara/reloadthreadtest/path/to/solar system/mars.mp3/tmp/sayonara/reloadthreadtest/path/to/solar system/mars.mp30 (/tmp/sayonara/ReloadThreadTest/path/to/Solar System/Mars.mp3): -1
[21:23:05] [31mError: [0m[34mDB::Module: [0mQuery error to connection 
[21:23:05] [31mError: [0m[34mSqlQuery: [0mSQL ERROR: Cannot fetch artistID for artist /tmp/sayonara/ReloadThreadTest/path/to/Solar System/Mars.mp3: 1
[21:23:05] [31mError: [0m[34mSqlQuery: [0mDriver not loaded Driver not loaded
[21:23:05] [31mError: [0m[34mSqlQuery: [0mDriver not loaded
[21:23:05] [31mError: [0m[34mSqlQuery: [0mDriver not loaded
[21:23:05] [31mError: [0m[34mSqlQuery: [0m

[21:23:05] [31mError: [0m[34mDB::Module: [0mQuery error to connection 
[21:23:05] [31mError: [0m[34mSqlQuery: [0mSQL ERROR: Cannot insert artist /tmp/sayonara/ReloadThreadTest/path/to/Solar System/Mars.mp3: 1
[21:23:05] [31mError: [0m[34mSqlQuery: [0mDriver not loaded Driver not loaded
[21:23:05] [31mError: [0m[34mSqlQuery: [0mDriver not loaded
[21:23:05] [31mError: [0m[34mSqlQuery: [0mDriver not loaded
[21:23:05] [31mError: [0m[34mSqlQuery: [0m

[21:23:05] [33mDebug: [0m[34mDB::LibraryDatabase: [0mInsert new artist /tmp/sayonara/ReloadThreadTest/path/to/Solar System/Mars.mp3 (/tmp/sayonara/ReloadThreadTest/path/to/Solar System/Mars.mp3): -1
[21:23:05] [31mError: [0m[34mDB::Module: [0mQuery error to connection 
[21:23:05] [31mError: [0m[34mSqlQuery: [0mSQL ERROR: Cannot fetch artistID for artist /tmp/sayonara/ReloadThreadTest/path/to/Solar System/Mars.mp3: 1
[21:23:05] [31mError: [0m[34mSqlQuery: [0mDriver not loaded Driver not loaded
[21:23:05] [31mError: [0m[34mSqlQuery: [0mDriver not loaded
[21:23:05] [31mError: [0m[34mSqlQuery: [0mDriver not loaded
[21:23:05] [31mError: [0m[34mSqlQuery: [0m

[21:23:05] [31mError: [0m[34mDB::Module: [0mQuery error to connection 
[21:23:05] [31mError: [0m[34mSqlQuery: [0mSQL ERROR: Cannot insert artist /tmp/sayonara/ReloadThreadTest/path/to/Solar System/Mars.mp3: 1
[21:23:05] [31mError: [0m[34mSqlQuery: [0mDriver not loaded Driver not loaded
[21:23:05] [31mError: [0m[34mSqlQuery: [0mDriver not loaded
[21:23:05] [31mError: [0m[34mSqlQuery: [0mDriver not loaded
[21:23:05] [31mError: [0m[34mSqlQuery: [0m

[21:23:05] [33mDebug: [0m[34mDB::LibraryDatabase: [0mInsert new artist /tmp/sayonara/ReloadThreadTest/path/to/Solar System/Mars.mp3 (/tmp/sayonara/ReloadThreadTest/path/to/Solar System/Mars.mp3): -1
[21:23:05] [31mError: [0m[34mDB::Module: [0mQuery error to connection 
[21:23:05] [31mError: [0m[34mSqlQuery: [0mSQL ERROR: 2. Cannot insert album /tmp/sayonara/ReloadThreadTest/path/to/Solar System/Jupiter.mp3: 1
[21:23:05] [31mError: [0m[34mSqlQuery: [0mDriver not loaded Driver not loaded
[21:23:05] [31mError: [0m[34mSqlQuery: [0mDriver not loaded
[21:23:05] [31mError: [0m[34mSqlQuery: [0mDriver not loaded
[21:23:05] [31mError: [0m[34mSqlQuery: [0m

[21:23:05] [33mDebug: [0m[34mDB::LibraryDatabase: [0mInsert new album /tmp/sayonara/reloadthreadtest/path/to/solar system/jupiter.mp3/tmp/sayonara/reloadthreadtest/path/to/solar system/jupiter.mp30 (/tmp/sayonara/ReloadThreadTest/path/to/Solar System/Jupiter.mp3): -1
[21:23:05] [31mError: [0m[34mDB::Module: [0mQuery error to connection 
[21:23:05] [31mError: [0m[34mSqlQuery: [0mSQL ERROR: Cannot fetch artistID for artist /tmp/sayonara/ReloadThreadTest/path/to/Solar System/Jupiter.mp3: 1
[21:23:05] [31mError: [0m[34mSqlQuery: [0mDriver not loaded Driver not loaded
[21:23:05] [31mError: [0m[34mSqlQuery: [0mDriver not loaded
[21:23:05] [31mError: [0m[34mSqlQuery: [0mDriver not loaded
[21:23:05] [31mError: [0m[34mSqlQuery: [0m

[21:23:05] [31mError: [0m[34mDB::Module: [0mQuery error to connection 
[21:23:05] [31mError: [0m[34mSqlQuery: [0mSQL ERROR: Cannot insert artist /tmp/sayonara/ReloadThreadTest/path/to/Solar System/Jupiter.mp3: 1
[21:23:05] [31mError: [0m[34mSqlQuery: [0mDriver not loaded Driver not loaded
[21:23:05] [31mError: [0m[34mSqlQuery: [0mDriver not loaded
[21:23:05] [31mError: [0m[34mSqlQuery: [0mDriver not loaded
[21:23:05] [31mError: [0m[34mSqlQuery: [0m

[21:23:05] [33mDebug: [0m[34mDB::LibraryDatabase: [0mInsert new artist /tmp/sayonara/ReloadThreadTest/path/to/Solar System/Jupiter.mp3 (/tmp/sayonara/ReloadThreadTest/path/to/Solar System/Jupiter.mp3): -1
[21:23:05] [31mError: [0m[34mDB::Module: [0mQuery error to connection 
[21:23:05] [31mError: [0m[34mSqlQuery: [0mSQL ERROR: Cannot fetch artistID for artist /tmp/sayonara/ReloadThreadTest/path/to/Solar System/Jupiter.mp3: 1
[21:23:05] [31mError: [0m[34mSqlQuery: [0mDriver not loaded Driver not loaded
[21:23:05] [31mError: [0m[34mSqlQuery: [0mDriver not loaded
[21:23:05] [31mError: [0m[34mSqlQuery: [0mDriver not loaded
[21:23:05] [31mError: [0m[34mSqlQuery: [0m

[21:23:05] [31mError: [0m[34mDB::Module: [0mQuery error to connection 
[21:23:05] [31mError: [0m[34mSqlQuery: [0mSQL ERROR: Cannot insert artist /tmp/sayonara/ReloadThreadTest/path/to/Solar System/Jupiter.mp3: 1
[21:23:05] [31mError: [0m[34mSqlQuery: [0mDriver not loaded Driver not loaded
[21:23:05] [31mError: [0m[34mSqlQuery: [0mDriver not loaded
[21:23:05] [31mError: [0m[34mSqlQuery: [0mDriver not loaded
[21:23:05] [31mError: [0m[34mSqlQuery: [0m

[21:23:05] [33mDebug: [0m[34mDB::LibraryDatabase: [0mInsert new artist /tmp/sayonara/ReloadThreadTest/path/to/Solar System/Jupiter.mp3 (/tmp/sayonara/ReloadThreadTest/path/to/Solar System/Jupiter.mp3): -1
[21:23:05] [31mWarning: [0m[34mDB::LibraryDatabase: [0mCannot insert artist or album of /tmp/sayonara/ReloadThreadTest/path/to/Solar System/Mercury.mp3
[21:23:05] [31mWarning: [0m[34mDB::LibraryDatabase: [0mCannot insert artist or album of /tmp/sayonara/ReloadThreadTest/path/to/Solar System/Venus.mp3
[21:23:05] [31mWarning: [0m[34mDB::LibraryDatabase: [0mCannot insert artist or album of /tmp/sayonara/ReloadThreadTest/path/to/Solar System/Earth.mp3
[21:23:05] [31mWarning: [0m[34mDB::LibraryDatabase: [0mCannot insert artist or album of /tmp/sayonara/ReloadThreadTest/path/to/Solar System/Mars.mp3
[21:23:05] [31mWarning: [0m[34mDB::LibraryDatabase: [0mCannot insert artist or album of /tmp/sayonara/ReloadThreadTest/path/to/Solar System/Jupiter.mp3
[21:23:05] [33mVerbose: [0m[34mDB::LibraryDatabase: [0mCommit 5 tracks to database
[21:23:05] [31mError: [0m[34mDB::Module: [0mQuery error to connection 
[21:23:05] [31mError: [0m[34mSqlQuery: [0mSQL ERROR: Cannot delete orphaned albums: 1
[21:23:05] [31mError: [0m[34mSqlQuery: [0mDriver not loaded Driver not loaded
[21:23:05] [31mError: [0m[34mSqlQuery: [0mDriver not loaded
[21:23:05] [31mError: [0m[34mSqlQuery: [0mDriver not loaded
[21:23:05] [31mError: [0m[34mSqlQuery: [0m

[21:23:05] [31mError: [0m[34mDB::Module: [0mQuery error to connection 
[21:23:05] [31mError: [0m[34mSqlQuery: [0mSQL ERROR: Cannot fetch all hashes: 1
[21:23:05] [31mError: [0m[34mSqlQuery: [0mDriver not loaded Driver not loaded
[21:23:05] [31mError: [0m[34mSqlQuery: [0mDriver not loaded
[21:23:05] [31mError: [0m[34mSqlQuery: [0mDriver not loaded
[21:23:05] [31mError: [0m[34mSqlQuery: [0m

[21:23:05] [33mVerbose: [0m[34mLibrary::ReloadThread: [0mUpdating album artists... 
[21:23:05] [31mError: [0m[34mDB::Module: [0mQuery error to connection 
[21:23:05] [31mError: [0m[34mSqlQuery: [0mSQL ERROR: Cannot add album artists: 1
[21:23:05] [31mError: [0m[34mSqlQuery: [0mDriver not loaded Driver not loaded
[21:23:05] [31mError: [0m[34mSqlQuery: [0mDriver not loaded
[21:23:05] [31mError: [0m[34mSqlQuery: [0mDriver not loaded
[21:23:05] [31mError: [0m[34mSqlQuery: [0m

[21:23:05] [33mVerbose: [0m[34mLibrary::ReloadThread: [0mCreate indexes... 
[21:23:05] [31mError: [0m[34mDB::Module: [0mQuery error to connection 
[21:23:05] [31mError: [0m[34mSqlQuery: [0mSQL ERROR: Cannot drop index album_search: 1
[21:23:05] [31mError: [0m[34mSqlQuery: [0mDriver not loaded Driver not loaded
[21:23:05] [31mError: [0m[34mSqlQuery: [0mDriver not loaded
[21:23:05] [31mError: [0m[34mSqlQuery: [0mDriver not loaded
[21:23:05] [31mError: [0m[34mSqlQuery: [0m

[21:23:05] [31mError: [0m[34mDB::Module: [0mQuery error to connection 
[21:23:05] [31mError: [0m[34mSqlQuery: [0mSQL ERROR: Cannot drop index artist_search: 1
[21:23:05] [31mError: [0m[34mSqlQuery: [0mDriver not loaded Driver not loaded
[21:23:05] [31mError: [0m[34mSqlQuery: [0mDriver not loaded
[21:23:05] [31mError: [0m[34mSqlQuery: [0mDriver not loaded
[21:23:05] [31mError: [0m[34mSqlQuery: [0m

[21:23:05] [31mError: [0m[34mDB::Module: [0mQuery error to connection 
[21:23:05] [31mError: [0m[34mSqlQuery: [0mSQL ERROR: Cannot drop index track_search: 1
[21:23:05] [31mError: [0m[34mSqlQuery: [0mDriver not loaded Driver not loaded
[21:23:05] [31mError: [0m[34mSqlQuery: [0mDriver not loaded
[21:23:05] [31mError: [0m[34mSqlQuery: [0mDriver not loaded
[21:23:05] [31mError: [0m[34mSqlQuery: [0m

[21:23:05] [31mError: [0m[34mDB::Module: [0mQuery error to connection 
[21:23:05] [31mError: [0m[34mSqlQuery: [0mSQL ERROR: Cannot create index album_search: 1
[21:23:05] [31mError: [0m[34mSqlQuery: [0mDriver not loaded Driver not loaded
[21:23:05] [31mError: [0m[34mSqlQuery: [0mDriver not loaded
[21:23:05] [31mError: [0m[34mSqlQuery: [0mDriver not loaded
[21:23:05] [31mError: [0m[34mSqlQuery: [0m

[21:23:05] [31mError: [0m[34mDB::Module: [0mQuery error to connection 
[21:23:05] [31mError: [0m[34mSqlQuery: [0mSQL ERROR: Cannot create index artist_search: 1
[21:23:05] [31mError: [0m[34mSqlQuery: [0mDriver not loaded Driver not loaded
[21:23:05] [31mError: [0m[34mSqlQuery: [0mDriver not loaded
[21:23:05] [31mError: [0m[34mSqlQuery: [0mDriver not loaded
[21:23:05] [31mError: [0m[34mSqlQuery: [0m

[21:23:05] [31mError: [0m[34mDB::Module: [0mQuery error to connection 
[21:23:05] [31mError: [0m[34mSqlQuery: [0mSQL ERROR: Cannot create index track_search: 1
[21:23:05] [31mError: [0m[34mSqlQuery: [0mDriver not loaded Driver not loaded
[21:23:05] [31mError: [0m[34mSqlQuery: [0mDriver not loaded
[21:23:05] [31mError: [0m[34mSqlQuery: [0mDriver not loaded
[21:23:05] [31mError: [0m[34mSqlQuery: [0m

[21:23:05] [33mVerbose: [0m[34mLibrary::ReloadThread: [0mClean up... 
[21:23:05] [33mVerbose: [0m[34mDB::LibraryDatabase: [0m Search for already known albums and artists.
[21:23:05] [33mDebug: [0m[34mDB::LibraryDatabase: [0mInsert new album solar system2000 (Solar System): 107
[21:23:05] [33mDebug: [0m[34mDB::LibraryDatabase: [0mInsert new album asia riversasia2000 (Asia Rivers): 108
[21:23:05] [33mDebug: [0m[34mDB::LibraryDatabase: [0mInsert new album europe mountainseurope2000 (Europe Mountains): 109
[21:23:05] [33mDebug: [0m[34mDB::LibraryDatabase: [0mInsert new album african countriesafrica2000 (African Countries): 110
[21:23:05] [33mVerbose: [0m[34mDB::LibraryDatabase: [0mCommit 20 tracks to database
[21:23:05] [33mVerbose: [0m[34mDB::Module: [0mCreate new connection to /tmp/sayonara/ReloadThreadTest/player.db (/tmp/sayonara/ReloadThreadTest/player.db-94297553381584)
[21:23:05] [33mDebug: [0m[34mLibrary::ReloadThread: [0m0 tracks already in library
[21:23:05] [33mDebug: [0m[34mLibrary::ReloadThread: [0m20 of them are not on disk anymore
[21:23:05] [31mError: [0m[34mDB::Tracks: [0mCannot get tracks from db
[21:23:05] [33mVerbose: [0m[34mLibrary::ReloadThread: [0mUpdating album artists... 
[21:23:05] [33mVerbose: [0m[34mLibrary::ReloadThread: [0mCreate indexes... 
[21:23:05] [33mVerbose: [0m[34mLibrary::ReloadThread: [0mClean up... 
[21:23:05] [33mVerbose: [0m[34mDB::LibraryDatabase: [0m Search for already known albums and artists.
[21:23:05] [33mDebug: [0m[34mDB::LibraryDatabase: [0mInsert new album solar system2000 (Solar System): 111
[21:23:05] [33mDebug: [0m[34mDB::LibraryDatabase: [0mInsert new album asia riversasia2000 (Asia Rivers): 112
[21:23:05] [33mDebug: [0m[34mDB::LibraryDatabase: [0mInsert new album europe mountainseurope2000 (Europe Mountains): 113
[21:23:05] [33mDebug: [0m[34mDB::LibraryDatabase: [0mInsert new album african countriesafrica2000 (African Countries): 114
[21:23:05] [33mVerbose: [0m[34mDB::LibraryDatabase: [0mCommit 20 tracks to database
[21:23:05] [33mVerbose: [0m[34mDB::Module: [0mCreate new connection to /tmp/sayonara/ReloadThreadTest/player.db (/tmp/sayonara/ReloadThreadTest/player.db-94297553292864)
[21:23:05] [33mDebug: [0m[34mLibrary::ReloadThread: [0m0 tracks already in library
[21:23:05] [33mDebug: [0m[34mLibrary::ReloadThread: [0m20 of them are not on disk anymore
[21:23:05] [31mError: [0m[34mDB::Tracks: [0mCannot get tracks from db
[21:23:05] [33mVerbose: [0m[34mLibrary::ReloadThread: [0mUpdating album artists... 
[21:23:05] [33mVerbose: [0m[34mLibrary::ReloadThread: [0mCreate indexes... 
[21:23:05] [33mVerbose: [0m[34mLibrary::ReloadThread: [0mClean up... 
[21:23:05] [33mVerbose: [0m[34mDB::Module: [0mCreate new connection to /tmp/sayonara/ReloadThreadTest/player.db (/tmp/sayonara/ReloadThreadTest/player.db-94297553329952)
[21:23:05] [33mDebug: [0m[34mLibrary::ReloadThread: [0m0 tracks already in library
[21:23:05] [33mDebug: [0m[34mLibrary::ReloadThread: [0m0 of them are not on disk anymore
[21:23:05] [33mDebug: [0m[34mDB::Tracks: [0mDeleting 0 tracks
[21:23:05] [33mDebug: [0m[34mDB::Tracks: [0mdelete tracks: 1
[21:23:05] [33mVerbose: [0m[34mDB::LibraryDatabase: [0m Search for already known albums and artists.
[21:23:05] [33mDebug: [0m[34mDB::LibraryDatabase: [0mInsert new album /tmp/sayonara/reloadthreadtest/path/to/solar system/mercury.mp3/tmp/sayonara/reloadthreadtest/path/to/solar system/mercury.mp30 (/tmp/sayonara/ReloadThreadTest/path/to/Solar System/Mercury.mp3): 115
[21:23:05] [33mDebug: [0m[34mDB::LibraryDatabase: [0mInsert new artist /tmp/sayonara/ReloadThreadTest/path/to/Solar System/Mercury.mp3 (/tmp/sayonara/ReloadThreadTest/path/to/Solar System/Mercury.mp3): 108
[21:23:05] [33mDebug: [0m[34mDB::LibraryDatabase: [0mInsert new album /tmp/sayonara/reloadthreadtest/path/to/solar system/venus.mp3/tmp/sayonara/reloadthreadtest/path/to/solar system/venus.mp30 (/tmp/sayonara/ReloadThreadTest/path/to/Solar System/Venus.mp3): 116
[21:23:05] [33mDebug: [0m[34mDB::LibraryDatabase: [0mInsert new artist /tmp/sayonara/ReloadThreadTest/path/to/Solar System/Venus.mp3 (/tmp/sayonara/ReloadThreadTest/path/to/Solar System/Venus.mp3): 109
[21:23:05] [33mDebug: [0m[34mDB::LibraryDatabase: [0mInsert new album /tmp/sayonara/reloadthreadtest/path/to/solar system/earth.mp3/tmp/sayonara/reloadthreadtest/path/to/solar system/earth.mp30 (/tmp/sayonara/ReloadThreadTest/path/to/Solar System/Earth.mp3): 117
[21:23:05] [33mDebug: [0m[34mDB::LibraryDatabase: [0mInsert new artist /tmp/sayonara/ReloadThreadTest/path/to/Solar System/Earth.mp3 (/tmp/sayonara/ReloadThreadTest/path/to/Solar System/Earth.mp3): 110
[21:23:05] [33mDebug: [0m[34mDB::LibraryDatabase: [0mInsert new album /tmp/sayonara/reloadthreadtest/path/to/solar system/mars.mp3/tmp/sayonara/reloadthreadtest/path/to/solar system/mars.mp30 (/tmp/sayonara/ReloadThreadTest/path/to/Solar System/Mars.mp3): 118
[21:23:05] [33mDebug: [0m[34mDB::LibraryDatabase: [0mInsert new artist /tmp/sayonara/ReloadThreadTest/path/to/Solar System/Mars.mp3 (/tmp/sayonara/ReloadThreadTest/path/to/Solar System/Mars.mp3): 111
[21:23:05] [33mDebug: [0m[34mDB::LibraryDatabase: [0mInsert new album /tmp/sayonara/reloadthreadtest/path/to/solar system/jupiter.mp3/tmp/sayonara/reloadthreadtest/path/to/solar system/jupiter.mp30 (/tmp/sayonara/ReloadThreadTest/path/to/Solar System/Jupiter.mp3): 119
[21:23:05] [33mDebug: [0m[34mDB::LibraryDatabase: [0mInsert new artist /tmp/sayonara/ReloadThreadTest/path/to/Solar System/Jupiter.mp3 (/tmp/sayonara/ReloadThreadTest/path/to/Solar System/Jupiter.mp3): 112
[21:23:05] [33mDebug: [0m[34mDB::LibraryDatabase: [0mInsert new album /tmp/sayonara/reloadthreadtest/path/to/solar system/saturn.mp3/tmp/sayonara/reloadthreadtest/path/to/solar system/saturn.mp30 (/tmp/sayonara/ReloadThreadTest/path/to/Solar System/Saturn.mp3): 120
[21:23:05] [33mDebug: [0m[34mDB::LibraryDatabase: [0mInsert new artist /tmp/sayonara/ReloadThreadTest/path/to/Solar System/Saturn.mp3 (/tmp/sayonara/ReloadThreadTest/path/to/Solar System/Saturn.mp3): 113
[21:23:05] [33mDebug: [0m[34mDB::LibraryDatabase: [0mInsert new album /tmp/sayonara/reloadthreadtest/path/to/solar system/neptune.mp3/tmp/sayonara/reloadthreadtest/path/to/solar system/neptune.mp30 (/tmp/sayonara/ReloadThreadTest/path/to/Solar System/Neptune.mp3): 121
[21:23:05] [33mDebug: [0m[34mDB::LibraryDatabase: [0mInsert new artist /tmp/sayonara/ReloadThreadTest/path/to/Solar System/Neptune.mp3 (/tmp/sayonara/ReloadThreadTest/path/to/Solar System/Neptune.mp3): 114
[21:23:05] [33mDebug: [0m[34mDB::LibraryDatabase: [0mInsert new album /tmp/sayonara/reloadthreadtest/path/to/solar system/uranus.mp3/tmp/sayonara/reloadthreadtest/path/to/solar system/uranus.mp30 (/tmp/sayonara/ReloadThreadTest/path/to/Solar System/Uranus.mp3): 122
[21:23:05] [33mDebug: [0m[34mDB::LibraryDatabase: [0mInsert new artist /tmp/sayonara/ReloadThreadTest/path/to/Solar System/Uranus.mp3 (/tmp/sayonara/ReloadThreadTest/path/to/Solar System/Uranus.mp3): 115
[21:23:05] [33mDebug: [0m[34mDB::LibraryDatabase: [0mInsert new album /tmp/sayonara/reloadthreadtest/path/to/earth feat. asia/asia rivers/yang tse.mp3/tmp/sayonara/reloadthreadtest/path/to/earth feat. asia/asia rivers/yang tse.mp30 (/tmp/sayonara/ReloadThreadTest/path/to/Earth feat. Asia/Asia Rivers/Yang Tse.mp3): 123
[21:23:05] [33mDebug: [0m[34mDB::LibraryDatabase: [0mInsert new artist /tmp/sayonara/ReloadThreadTest/path/to/Earth feat. Asia/Asia Rivers/Yang Tse.mp3 (/tmp/sayonara/ReloadThreadTest/path/to/Earth feat. Asia/Asia Rivers/Yang Tse.mp3): 116
[21:23:05] [33mDebug: [0m[34mDB::LibraryDatabase: [0mInsert new album /tmp/sayonara/reloadthreadtest/path/to/earth feat. asia/asia rivers/mekong.mp3/tmp/sayonara/reloadthreadtest/path/to/earth feat. asia/asia rivers/mekong.mp30 (/tmp/sayonara/ReloadThreadTest/path/to/Earth feat. Asia/Asia Rivers/Mekong.mp3): 124
[21:23:05] [33mDebug: [0m[34mDB::LibraryDatabase: [0mInsert new artist /tmp/sayonara/ReloadThreadTest/path/to/Earth feat. Asia/Asia Rivers/Mekong.mp3 (/tmp/sayonara/ReloadThreadTest/path/to/Earth feat. Asia/Asia Rivers/Mekong.mp3): 117
[21:23:05] [33mDebug: [0m[34mDB::LibraryDatabase: [0mInsert new album /tmp/sayonara/reloadthreadtest/path/to/earth feat. asia/asia rivers/shinano.mp3/tmp/sayonara/reloadthreadtest/path/to/earth feat. asia/asia rivers/shinano.mp30 (/tmp/sayonara/ReloadThreadTest/path/to/Earth feat. Asia/Asia Rivers/Shinano.mp3): 125
[21:23:05] [33mDebug: [0m[34mDB::LibraryDatabase: [0mInsert new artist /tmp/sayonara/ReloadThreadTest/path/to/Earth feat. Asia/Asia Rivers/Shinano.mp3 (/tmp/sayonara/ReloadThreadTest/path/to/Earth feat. Asia/Asia Rivers/Shinano.mp3): 118
[21:23:05] [33mDebug: [0m[34mDB::LibraryDatabase: [0mInsert new album /tmp/sayonara/reloadthreadtest/path/to/earth feat. europe/europe mountains/zugspitze.mp3/tmp/sayonara/reloadthreadtest/path/to/earth feat. europe/europe mountains/zugspitze.mp30 (/tmp/sayonara/ReloadThreadTest/path/to/Earth feat. Europe/Europe Mountains/Zugspitze.mp3): 126
[21:23:05] [33mDebug: [0m[34mDB::LibraryDatabase: [0mInsert new artist /tmp/sayonara/ReloadThreadTest/path/to/Earth feat. Europe/Europe Mountains/Zugspitze.mp3 (/tmp/sayonara/ReloadThreadTest/path/to/Earth feat. Europe/Europe Mountains/Zugspitze.mp3): 119
[21:23:05] [33mDebug: [0m[34mDB::LibraryDatabase: [0mInsert new album /tmp/sayonara/reloadthreadtest/path/to/earth feat. europe/europe mountains/mont blanc.mp3/tmp/sayonara/reloadthreadtest/path/to/earth feat. europe/europe mountains/mont blanc.mp30 (/tmp/sayonara/ReloadThreadTest/path/to/Earth feat. Europe/Europe Mountains/Mont Blanc.mp3): 127
[21:23:05] [33mDebug: [0m[34mDB::LibraryDatabase: [0mInsert new artist /tmp/sayonara/ReloadThreadTest/path/to/Earth feat. Europe/Europe Mountains/Mont Blanc.mp3 (/tmp/sayonara/ReloadThreadTest/path/to/Earth feat. Europe/Europe Mountains/Mont Blanc.mp3): 120
[21:23:05] [33mDebug: [0m[34mDB::LibraryDatabase: [0mInsert new album /tmp/sayonara/reloadthreadtest/path/to/earth feat. europe/europe mountains/seine.mp3/tmp/sayonara/reloadthreadtest/path/to/earth feat. europe/europe mountains/seine.mp30 (/tmp/sayonara/ReloadThreadTest/path/to/Earth feat. Europe/Europe Mountains/Seine.mp3): 128
[21:23:05] [33mDebug: [0m[34mDB::LibraryDatabase: [0mInsert new artist /tmp/sayonara/ReloadThreadTest/path/to/Earth feat. Europe/Europe Mountains/Seine.mp3 (/tmp/sayonara/ReloadThreadTest/path/to/Earth feat. Europe/Europe Mountains/Seine.mp3): 121
[21:23:05] [33mDebug: [0m[34mDB::LibraryDatabase: [0mInsert new album /tmp/sayonara/reloadthreadtest/path/to/earth feat. europe/europe mountains/matterhorn.mp3/tmp/sayonara/reloadthreadtest/path/to/earth feat. europe/europe mountains/matterhorn.mp30 (/tmp/sayonara/ReloadThreadTest/path/to/Earth feat. Europe/Europe Mountains/Matterhorn.mp3): 129
[21:23:05] [33mDebug: [0m[34mDB::LibraryDatabase: [0mInsert new artist /tmp/sayonara/ReloadThreadTest/path/to/Earth feat. Europe/Europe Mountains/Matterhorn.mp3 (/tmp/sayonara/ReloadThreadTest/path/to/Earth feat. Europe/Europe Mountains/Matterhorn.mp3): 122
[21:23:05] [33mDebug: [0m[34mDB::LibraryDatabase: [0mInsert new album /tmp/sayonara/reloadthreadtest/path/to/earth feat. africa/african countries/algeria.mp3/tmp/sayonara/reloadthreadtest/path/to/earth feat. africa/african countries/algeria.mp30 (/tmp/sayonara/ReloadThreadTest/path/to/Earth feat. Africa/African Countries/Algeria.mp3): 130
[21:23:05] [33mDebug: [0m[34mDB::LibraryDatabase: [0mInsert new artist /tmp/sayonara/ReloadThreadTest/path/to/Earth feat. Africa/African Countries/Algeria.mp3 (/tmp/sayonara/ReloadThreadTest/path/to/Earth feat. Africa/African Countries/Algeria.mp3): 123
[21:23:05] [33mDebug: [0m[34mDB::LibraryDatabase: [0mInsert new album /tmp/sayonara/reloadthreadtest/path/to/earth feat. africa/african countries/mosambique.mp3/tmp/sayonara/reloadthreadtest/path/to/earth feat. africa/african countries/mosambique.mp30 (/tmp/sayonara/ReloadThreadTest/path/to/Earth feat. Africa/African Countries/Mosambique.mp3): 131
[21:23:05] [33mDebug: [0m[34mDB::LibraryDatabase: [0mInsert new artist /tmp/sayonara/ReloadThreadTest/path/to/Earth feat. Africa/African Countries/Mosambique.mp3 (/tmp/sayonara/ReloadThreadTest/path/to/Earth feat. Africa/African Countries/Mosambique.mp3): 124
[21:23:05] [33mDebug: [0m[34mDB::LibraryDatabase: [0mInsert new album /tmp/sayonara/reloadthreadtest/path/to/earth feat. africa/african countries/ivory coast.mp3/tmp/sayonara/reloadthreadtest/path/to/earth feat. africa/african countries/ivory coast.mp30 (/tmp/sayonara/ReloadThreadTest/path/to/Earth feat. Africa/African Countries/Ivory Coast.mp3): 132
[21:23:05] [33mDebug: [0m[34mDB::LibraryDatabase: [0mInsert new artist /tmp/sayonara/ReloadThreadTest/path/to/Earth feat. Africa/African Countries/Ivory Coast.mp3 (/tmp/sayonara/ReloadThreadTest/path/to/Earth feat. Africa/African Countries/Ivory Coast.mp3): 125
[21:23:05] [33mDebug: [0m[34mDB::LibraryDatabase: [0mInsert new album /tmp/sayonara/reloadthreadtest/path/to/earth feat. africa/african countries/kenia.mp3/tmp/sayonara/reloadthreadtest/path/to/earth feat. africa/african countries/kenia.mp30 (/tmp/sayonara/ReloadThreadTest/path/to/Earth feat. Africa/African Countries/Kenia.mp3): 133
[21:23:05] [33mDebug: [0m[34mDB::LibraryDatabase: [0mInsert new artist /tmp/sayonara/ReloadThreadTest/path/to/Earth feat. Africa/African Countries/Kenia.mp3 (/tmp/sayonara/ReloadThreadTest/path/to/Earth feat. Africa/African Countries/Kenia.mp3): 126
[21:23:05] [33mDebug: [0m[34mDB::LibraryDatabase: [0mInsert new album /tmp/sayonara/reloadthreadtest/path/to/earth feat. africa/african countries/nigeria.mp3/tmp/sayonara/reloadthreadtest/path/to/earth feat. africa/african countries/nigeria.mp30 (/tmp/sayonara/ReloadThreadTest/path/to/Earth feat. Africa/African Countries/Nigeria.mp3): 134
[21:23:05] [33mDebug: [0m[34mDB::LibraryDatabase: [0mInsert new artist /tmp/sayonara/ReloadThreadTest/path/to/Earth feat. Africa/African Countries/Nigeria.mp3 (/tmp/sayonara/ReloadThreadTest/path/to/Earth feat. Africa/African Countries/Nigeria.mp3): 127
[21:23:05] [33mVerbose: [0m[34mDB::LibraryDatabase: [0mCommit 20 tracks to database
[21:23:05] [33mVerbose: [0m[34mLibrary::ReloadThread: [0mUpdating album artists... 
[21:23:05] [33mVerbose: [0m[34mLibrary::ReloadThread: [0mCreate indexes... 
[21:23:05] [33mVerbose: [0m[34mLibrary::ReloadThread: [0mClean up... 
[21:23:05] [33mVerbose: [0m[34mDB::Module: [0mCreate new connection to /tmp/sayonara/ReloadThreadTest/player.db (/tmp/sayonara/ReloadThreadTest/player.db-94297553326960)
[21:23:05] [33mDebug: [0m[34mLibrary::ReloadThread: [0m0 tracks already in library
[21:23:05] [33mDebug: [0m[34mLibrary::ReloadThread: [0m0 of them are not on disk anymore
[21:23:05] [33mDebug: [0m[34mDB::Tracks: [0mDeleting 0 tracks
[21:23:05] [33mDebug: [0m[34mDB::Tracks: [0mdelete tracks: 1
[21:23:05] [33mVerbose: [0m[34mDB::LibraryDatabase: [0m Search for already known albums and artists.
[21:23:05] [33mDebug: [0m[34mDB::LibraryDatabase: [0mInsert new album /tmp/sayonara/reloadthreadtest/path/to/solar system/mercury.mp3/tmp/sayonara/reloadthreadtest/path/to/solar system/mercury.mp30 (/tmp/sayonara/ReloadThreadTest/path/to/Solar System/Mercury.mp3): 135
[21:23:05] [33mDebug: [0m[34mDB::LibraryDatabase: [0mInsert new album /tmp/sayonara/reloadthreadtest/path/to/solar system/venus.mp3/tmp/sayonara/reloadthreadtest/path/to/solar system/venus.mp30 (/tmp/sayonara/ReloadThreadTest/path/to/Solar System/Venus.mp3): 136
[21:23:05] [33mDebug: [0m[34mDB::LibraryDatabase: [0mInsert new album /tmp/sayonara/reloadthreadtest/path/to/solar system/earth.mp3/tmp/sayonara/reloadthreadtest/path/to/solar system/earth.mp30 (/tmp/sayonara/ReloadThreadTest/path/to/Solar System/Earth.mp3): 137
[21:23:05] [33mDebug: [0m[34mDB::LibraryDatabase: [0mInsert new album /tmp/sayonara/reloadthreadtest/path/to/solar system/mars.mp3/tmp/sayonara/reloadthreadtest/path/to/solar system/mars.mp30 (/tmp/sayonara/ReloadThreadTest/path/to/Solar System/Mars.mp3): 138
[21:23:05] [33mDebug: [0m[34mDB::LibraryDatabase: [0mInsert new album /tmp/sayonara/reloadthreadtest/path/to/solar system/jupiter.mp3/tmp/sayonara/reloadthreadtest/path/to/solar system/jupiter.mp30 (/tmp/sayonara/ReloadThreadTest/path/to/Solar System/Jupiter.mp3): 139
[21:23:05] [33mDebug: [0m[34mDB::LibraryDatabase: [0mInsert new album /tmp/sayonara/reloadthreadtest/path/to/solar system/saturn.mp3/tmp/sayonara/reloadthreadtest/path/to/solar system/saturn.mp30 (/tmp/sayonara/ReloadThreadTest/path/to/Solar System/Saturn.mp3): 140
[21:23:05] [33mDebug: [0m[34mDB::LibraryDatabase: [0mInsert new album /tmp/sayonara/reloadthreadtest/path/to/solar system/neptune.mp3/tmp/sayonara/reloadthreadtest/path/to/solar system/neptune.mp30 (/tmp/sayonara/ReloadThreadTest/path/to/Solar System/Neptune.mp3): 141
[21:23:05] [33mDebug: [0m[34mDB::LibraryDatabase: [0mInsert new album /tmp/sayonara/reloadthreadtest/path/to/solar system/uranus.mp3/tmp/sayonara/reloadthreadtest/path/to/solar system/uranus.mp30 (/tmp/sayonara/ReloadThreadTest/path/to/Solar System/Uranus.mp3): 142
[21:23:05] [33mDebug: [0m[34mDB::LibraryDatabase: [0mInsert new album /tmp/sayonara/reloadthreadtest/path/to/earth feat. asia/asia rivers/yang tse.mp3/tmp/sayonara/reloadthreadtest/path/to/earth feat. asia/asia rivers/yang tse.mp30 (/tmp/sayonara/ReloadThreadTest/path/to/Earth feat. Asia/Asia Rivers/Yang Tse.mp3): 143
[21:23:05] [33mDebug: [0m[34mDB::LibraryDatabase: [0mInsert new album /tmp/sayonara/reloadthreadtest/path/to/earth feat. asia/asia rivers/mekong.mp3/tmp/sayonara/reloadthreadtest/path/to/earth feat. asia/asia rivers/mekong.mp30 (/tmp/sayonara/ReloadThreadTest/path/to/Earth feat. Asia/Asia Rivers/Mekong.mp3): 144
[21:23:05] [33mDebug: [0m[34mDB::LibraryDatabase: [0mInsert new album /tmp/sayonara/reloadthreadtest/path/to/earth feat. asia/asia rivers/shinano.mp3/tmp/sayonara/reloadthreadtest/path/to/earth feat. asia/asia rivers/shinano.mp30 (/tmp/sayonara/ReloadThreadTest/path/to/Earth feat. Asia/Asia Rivers/Shinano.mp3): 145
[21:23:05] [33mDebug: [0m[34mDB::LibraryDatabase: [0mInsert new album /tmp/sayonara/reloadthreadtest/path/to/earth feat. europe/europe mountains/zugspitze.mp3/tmp/sayonara/reloadthreadtest/path/to/earth feat. europe/europe mountains/zugspitze.mp30 (/tmp/sayonara/ReloadThreadTest/path/to/Earth feat. Europe/Europe Mountains/Zugspitze.mp3): 146
[21:23:05] [33mDebug: [0m[34mDB::LibraryDatabase: [0mInsert new album /tmp/sayonara/reloadthreadtest/path/to/earth feat. europe/europe mountains/mont blanc.mp3/tmp/sayonara/reloadthreadtest/path/to/earth feat. europe/europe mountains/mont blanc.mp30 (/tmp/sayonara/ReloadThreadTest/path/to/Earth feat. Europe/Europe Mountains/Mont Blanc.mp3): 147
[21:23:05] [33mDebug: [0m[34mDB::LibraryDatabase: [0mInsert new album /tmp/sayonara/reloadthreadtest/path/to/earth feat. europe/europe mountains/seine.mp3/tmp/sayonara/reloadthreadtest/path/to/earth feat. europe/europe mountains/seine.mp30 (/tmp/sayonara/ReloadThreadTest/path/to/Earth feat. Europe/Europe Mountains/Seine.mp3): 148
[21:23:05] [33mDebug: [0m[34mDB::LibraryDatabase: [0mInsert new album /tmp/sayonara/reloadthreadtest/path/to/earth feat. europe/europe mountains/matterhorn.mp3/tmp/sayonara/reloadthreadtest/path/to/earth feat. europe/europe mountains/matterhorn.mp30 (/tmp/sayonara/ReloadThreadTest/path/to/Earth feat. Europe/Europe Mountains/Matterhorn.mp3): 149
[21:23:05] [33mDebug: [0m[34mDB::LibraryDatabase: [0mInsert new album /tmp/sayonara/reloadthreadtest/path/to/earth feat. africa/african countries/algeria.mp3/tmp/sayonara/reloadthreadtest/path/to/earth feat. africa/african countries/algeria.mp30 (/tmp/sayonara/ReloadThreadTest/path/to/Earth feat. Africa/African Countries/Algeria.mp3): 150
[21:23:05] [33mDebug: [0m[34mDB::LibraryDatabase: [0mInsert new album /tmp/sayonara/reloadthreadtest/path/to/earth feat. africa/african countries/mosambique.mp3/tmp/sayonara/reloadthreadtest/path/to/earth feat. africa/african countries/mosambique.mp30 (/tmp/sayonara/ReloadThreadTest/path/to/Earth feat. Africa/African Countries/Mosambique.mp3): 151
[21:23:05] [33mDebug: [0m[34mDB::LibraryDatabase: [0mInsert new album /tmp/sayonara/reloadthreadtest/path/to/earth feat. africa/african countries/ivory coast.mp3/tmp/sayonara/reloadthreadtest/path/to/earth feat. africa/african countries/ivory coast.mp30 (/tmp/sayonara/ReloadThreadTest/path/to/Earth feat. Africa/African Countries/Ivory Coast.mp3): 152
[21:23:05] [33mDebug: [0m[34mDB::LibraryDatabase: [0mInsert new album /tmp/sayonara/reloadthreadtest/path/to/earth feat. africa/african countries/kenia.mp3/tmp/sayonara/reloadthreadtest/path/to/earth feat. africa/african countries/kenia.mp30 (/tmp/sayonara/ReloadThreadTest/path/to/Earth feat. Africa/African Countries/Kenia.mp3): 153
[21:23:05] [33mDebug: [0m[34mDB::LibraryDatabase: [0mInsert new album /tmp/sayonara/reloadthreadtest/path/to/earth feat. africa/african countries/nigeria.mp3/tmp/sayonara/reloadthreadtest/path/to/earth feat. africa/african countries/nigeria.mp30 (/tmp/sayonara/ReloadThreadTest/path/to/Earth feat. Africa/African Countries/Nigeria.mp3): 154
[21:23:05] [33mVerbose: [0m[34mDB::LibraryDatabase: [0mCommit 20 tracks to database
[21:23:05] [33mVerbose: [0m[34mLibrary::ReloadThread: [0mUpdating album artists... 
[21:23:05] [33mVerbose: [0m[34mLibrary::ReloadThread: [0mCreate indexes... 
[21:23:05] [33mVerbose: [0m[34mLibrary::ReloadThread: [0mClean up... 
[21:23:05] [33mVerbose: [0m[34mDB::LibraryDatabase: [0m Search for already known albums and artists.
[21:23:05] [33mDebug: [0m[34mDB::LibraryDatabase: [0mInsert new album solar system2000 (Solar System): 155
[21:23:05] [33mDebug: [0m[34mDB::LibraryDatabase: [0mInsert new album asia riversasia2000 (Asia Rivers): 156
[21:23:05] [33mVerbose: [0m[34mDB::LibraryDatabase: [0mCommit 10 tracks to database
[21:23:05] [33mVerbose: [0m[34mDB::Module: [0mCreate new connection to /tmp/sayonara/ReloadThreadTest/player.db (/tmp/sayonara/ReloadThreadTest/player.db-94297553245936)
[21:23:05] [33mDebug: [0m[34mLibrary::ReloadThread: [0m5 tracks already in library
[21:23:05] [33mDebug: [0m[34mLibrary::ReloadThread: [0m5 of them are not on disk anymore
[21:23:05] [31mError: [0m[34mDB::Tracks: [0mCannot get tracks from db
[21:23:05] [33mVerbose: [0m[34mLibrary::ReloadThread: [0mUpdating album artists... 
[21:23:05] [33mVerbose: [0m[34mLibrary::ReloadThread: [0mCreate indexes... 
[21:23:05] [33mVerbose: [0m[34mLibrary::ReloadThread: [0mClean up... 
[21:23:05] [33mVerbose: [0m[34mDB::LibraryDatabase: [0m Search for already known albums and artists.
[21:23:05] [33mDebug: [0m[34mDB::LibraryDatabase: [0mInsert new album solar system2000 (Solar System): 157
[21:23:05] [33mDebug: [0m[34mDB::LibraryDatabase: [0mInsert new album asia riversasia2000 (Asia Rivers): 158
[21:23:05] [33mVerbose: [0m[34mDB::LibraryDatabase: [0mCommit 10 tracks to database
[21:23:05] [33mVerbose: [0m[34mDB::Module: [0mCreate new connection to /tmp/sayonara/ReloadThreadTest/player.db (/tmp/sayonara/ReloadThreadTest/player.db-94297553289824)
[21:23:05] [33mDebug: [0m[34mLibrary::ReloadThread: [0m5 tracks already in library
[21:23:05] [33mDebug: [0m[34mLibrary::ReloadThread: [0m5 of them are not on disk anymore
[21:23:05] [31mError: [0m[34mDB::Tracks: [0mCannot get tracks from db
[21:23:05] [33mVerbose: [0m[34mDB::LibraryDatabase: [0m Search for already known albums and artists.
[21:23:05] [33mDebug: [0m[34mDB::LibraryDatabase: [0mInsert new album /tmp/sayonara/reloadthreadtest/path/to/solar system/mercury.mp3/tmp/sayonara/reloadthreadtest/path/to/solar system/mercury.mp30 (/tmp/sayonara/ReloadThreadTest/path/to/Solar System/Mercury.mp3): 159
[21:23:05] [33mDebug: [0m[34mDB::LibraryDatabase: [0mInsert new album /tmp/sayonara/reloadthreadtest/path/to/solar system/venus.mp3/tmp/sayonara/reloadthreadtest/path/to/solar system/venus.mp30 (/tmp/sayonara/ReloadThreadTest/path/to/Solar System/Venus.mp3): 160
[21:23:05] [33mDebug: [0m[34mDB::LibraryDatabase: [0mInsert new album /tmp/sayonara/reloadthreadtest/path/to/solar system/earth.mp3/tmp/sayonara/reloadthreadtest/path/to/solar system/earth.mp30 (/tmp/sayonara/ReloadThreadTest/path/to/Solar System/Earth.mp3): 161
[21:23:05] [33mDebug: [0m[34mDB::LibraryDatabase: [0mInsert new album /tmp/sayonara/reloadthreadtest/path/to/solar system/mars.mp3/tmp/sayonara/reloadthreadtest/path/to/solar system/mars.mp30 (/tmp/sayonara/ReloadThreadTest/path/to/Solar System/Mars.mp3): 162
[21:23:05] [33mDebug: [0m[34mDB::LibraryDatabase: [0mInsert new album /tmp/sayonara/reloadthreadtest/path/to/solar system/jupiter.mp3/tmp/sayonara/reloadthreadtest/path/to/solar system/jupiter.mp30 (/tmp/sayonara/ReloadThreadTest/path/to/Solar System/Jupiter.mp3): 163
[21:23:05] [33mVerbose: [0m[34mDB::LibraryDatabase: [0mCommit 5 tracks to database
[21:23:05] [33mVerbose: [0m[34mLibrary::ReloadThread: [0mUpdating album artists... 
[21:23:05] [33mVerbose: [0m[34mLibrary::ReloadThread: [0mCreate indexes... 
[21:23:05] [33mVerbose: [0m[34mLibrary::ReloadThread: [0mClean up... 
[21:23:05] [33mVerbose: [0m[34mDB::LibraryDatabase: [0m Search for already known albums and artists.
[21:23:05] [33mDebug: [0m[34mDB::LibraryDatabase: [0mInsert new album solar system2000 (Solar System): 164
[21:23:05] [33mVerbose: [0m[34mDB::LibraryDatabase: [0mCommit 5 tracks to database
[21:23:05] [33mVerbose: [0m[34mDB::Module: [0mCreate new connection to /tmp/sayonara/ReloadThreadTest/player.db (/tmp/sayonara/ReloadThreadTest/player.db-94297553267952)
[21:23:05] [33mDebug: [0m[34mLibrary::ReloadThread: [0m5 tracks already in library
[21:23:05] [33mDebug: [0m[34mLibrary::ReloadThread: [0m0 of them are not on disk anymore
[21:23:05] [31mError: [0m[34mDB::Tracks: [0mCannot get tracks from db
[21:23:05] [33mVerbose: [0m[34mDB::LibraryDatabase: [0m Search for already known albums and artists.
[21:23:05] [33mDebug: [0m[34mDB::LibraryDatabase: [0mInsert new album /tmp/sayonara/reloadthreadtest/path/to/solar system/saturn.mp3/tmp/sayonara/reloadthreadtest/path/to/solar system/saturn.mp30 (/tmp/sayonara/ReloadThreadTest/path/to/Solar System/Saturn.mp3): 165
[21:23:05] [33mDebug: [0m[34mDB::LibraryDatabase: [0mInsert new album /tmp/sayonara/reloadthreadtest/path/to/solar system/neptune.mp3/tmp/sayonara/reloadthreadtest/path/to/solar system/neptune.mp30 (/tmp/sayonara/ReloadThreadTest/path/to/Solar System/Neptune.mp3): 166
[21:23:05] [33mDebug: [0m[34mDB::LibraryDatabase: [0mInsert new album /tmp/sayonara/reloadthreadtest/path/to/solar system/uranus.mp3/tmp/sayonara/reloadthreadtest/path/to/solar system/uranus.mp30 (/tmp/sayonara/ReloadThreadTest/path/to/Solar System/Uranus.mp3): 167
[21:23:05] [33mDebug: [0m[34mDB::LibraryDatabase: [0mInsert new album /tmp/sayonara/reloadthreadtest/path/to/earth feat. asia/asia rivers/yang tse.mp3/tmp/sayonara/reloadthreadtest/path/to/earth feat. asia/asia rivers/yang tse.mp30 (/tmp/sayonara/ReloadThreadTest/path/to/Earth feat. Asia/Asia Rivers/Yang Tse.mp3): 168
[21:23:05] [33mDebug: [0m[34mDB::LibraryDatabase: [0mInsert new album /tmp/sayonara/reloadthreadtest/path/to/earth feat. asia/asia rivers/mekong.mp3/tmp/sayonara/reloadthreadtest/path/to/earth feat. asia/asia rivers/mekong.mp30 (/tmp/sayonara/ReloadThreadTest/path/to/Earth feat. Asia/Asia Rivers/Mekong.mp3): 169
[21:23:05] [33mVerbose: [0m[34mDB::LibraryDatabase: [0mCommit 5 tracks to database
[21:23:05] [33mVerbose: [0m[34mLibrary::ReloadThread: [0mUpdating album artists... 
[21:23:05] [33mVerbose: [0m[34mLibrary::ReloadThread: [0mCreate indexes... 
[21:23:05] [33mVerbose: [0m[34mLibrary::ReloadThread: [0mClean up... 
[21:23:05] [33mVerbose: [0m[34mDB::LibraryDatabase: [0m Search for already known albums and artists.
[21:23:05] [33mDebug: [0m[34mDB::LibraryDatabase: [0mInsert new album solar system2000 (Solar System): 170
[21:23:05] [33mVerbose: [0m[34mDB::LibraryDatabase: [0mCommit 5 tracks to database
[21:23:05] [33mVerbose: [0m[34mDB::Module: [0mCreate new connection to /tmp/sayonara/ReloadThreadTest/player.db (/tmp/sayonara/ReloadThreadTest/player.db-94297553339808)
[21:23:05] [33mDebug: [0m[34mLibrary::ReloadThread: [0m5 tracks already in library
[21:23:05] [33mDebug: [0m[34mLibrary::ReloadThread: [0m0 of them are not on disk anymore
[21:23:05] [31mError: [0m[34mDB::Tracks: [0mCannot get tracks from db
[21:23:05] [33mVerbose: [0m[34mDB::LibraryDatabase: [0m Search for already known albums and artists.
[21:23:05] [33mDebug: [0m[34mDB::LibraryDatabase: [0mInsert new album /tmp/sayonara/reloadthreadtest/path/to/solar system/mercury.mp3/tmp/sayonara/reloadthreadtest/path/to/solar system/mercury.mp30 (/tmp/sayonara/ReloadThreadTest/path/to/Solar System/Mercury.mp3): 171
[21:23:05] [33mDebug: [0m[34mDB::LibraryDatabase: [0mInsert new album /tmp/sayonara/reloadthreadtest/path/to/solar system/venus.mp3/tmp/sayonara/reloadthreadtest/path/to/solar system/venus.mp30 (/tmp/sayonara/ReloadThreadTest/path/to/Solar System/Venus.mp3): 172
[21:23:05] [33mDebug: [0m[34mDB::LibraryDatabase: [0mInsert new album /tmp/sayonara/reloadthreadtest/path/to/solar system/earth.mp3/tmp/sayonara/reloadthreadtest/path/to/solar system/earth.mp30 (/tmp/sayonara/ReloadThreadTest/path/to/Solar System/Earth.mp3): 173
[21:23:05] [33mDebug: [0m[34mDB::LibraryDatabase: [0mInsert new album /tmp/sayonara/reloadthreadtest/path/to/solar system/mars.mp3/tmp/sayonara/reloadthreadtest/path/to/solar system/mars.mp30 (/tmp/sayonara/ReloadThreadTest/path/to/Solar System/Mars.mp3): 174
[21:23:05] [33mDebug: [0m[34mDB::LibraryDatabase: [0mInsert new album /tmp/sayonara/reloadthreadtest/path/to/solar system/jupiter.mp3/tmp/sayonara/reloadthreadtest/path/to/solar system/jupiter.mp30 (/tmp/sayonara/ReloadThreadTest/path/to/Solar System/Jupiter.mp3): 175
[21:23:05] [33mDebug: [0m[34mDB::LibraryDatabase: [0mInsert new album /tmp/sayonara/reloadthreadtest/path/to/solar system/saturn.mp3/tmp/sayonara/reloadthreadtest/path/to/solar system/saturn.mp30 (/tmp/sayonara/ReloadThreadTest/path/to/Solar System/Saturn.mp3): 176
[21:23:05] [33mDebug: [0m[34mDB::LibraryDatabase: [0mInsert new album /tmp/sayonara/reloadthreadtest/path/to/solar system/neptune.mp3/tmp/sayonara/reloadthreadtest/path/to/solar system/neptune.mp30 (/tmp/sayonara/ReloadThreadTest/path/to/Solar System/Neptune.mp3): 177
[21:23:05] [33mDebug: [0m[34mDB::LibraryDatabase: [0mInsert new album /tmp/sayonara/reloadthreadtest/path/to/solar system/uranus.mp3/tmp/sayonara/reloadthreadtest/path/to/solar system/uranus.mp30 (/tmp/sayonara/ReloadThreadTest/path/to/Solar System/Uranus.mp3): 178
[21:23:05] [33mDebug: [0m[34mDB::LibraryDatabase: [0mInsert new album /tmp/sayonara/reloadthreadtest/path/to/earth feat. asia/asia rivers/yang tse.mp3/tmp/sayonara/reloadthreadtest/path/to/earth feat. asia/asia rivers/yang tse.mp30 (/tmp/sayonara/ReloadThreadTest/path/to/Earth feat. Asia/Asia Rivers/Yang Tse.mp3): 179
[21:23:05] [33mDebug: [0m[34mDB::LibraryDatabase: [0mInsert new album /tmp/sayonara/reloadthreadtest/path/to/earth feat. asia/asia rivers/mekong.mp3/tmp/sayonara/reloadthreadtest/path/to/earth feat. asia/asia rivers/mekong.mp30 (/tmp/sayonara/ReloadThreadTest/path/to/Earth feat. Asia/Asia Rivers/Mekong.mp3): 180
[21:23:05] [33mVerbose: [0m[34mDB::LibraryDatabase: [0mCommit 10 tracks to database
[21:23:05] [33mVerbose: [0m[34mLibrary::ReloadThread: [0mUpdating album artists... 
[21:23:05] [33mVerbose: [0m[34mLibrary::ReloadThread: [0mCreate indexes... 
[21:23:05] [33mVerbose: [0m[34mLibrary::ReloadThread: [0mClean up... 
[21:23:05] [33mVerbose: [0m[34mUtil::File: [0mI will delete /tmp/sayonara/ReloadThreadTest

      Start 36: LibraryPluginHandlerTest
36/95 Test #36: LibraryPluginHandlerTest .........   Passed    0.02 sec
      Start 37: LyricsLogicTest
37/95 Test #37: LyricsLogicTest ..................   Passed    0.02 sec
      Start 38: LyricsServerProviderTest
38/95 Test #38: LyricsServerProviderTest .........   Passed    0.02 sec
      Start 39: PlayManagerTest
39/95 Test #39: PlayManagerTest ..................   Passed    0.02 sec
      Start 40: LibraryPlaylistInteractorTest
40/95 Test #40: LibraryPlaylistInteractorTest ....   Passed    0.49 sec
      Start 41: LocalPathPlaylistCreatorTest
41/95 Test #41: LocalPathPlaylistCreatorTest .....   Passed    0.02 sec
      Start 42: LocalPathProcessorTest
42/95 Test #42: LocalPathProcessorTest ...........   Passed    0.03 sec
      Start 43: PlaylistDbInterfaceTest
43/95 Test #43: PlaylistDbInterfaceTest ..........   Passed    0.03 sec
      Start 44: PlaylistFileTest
44/95 Test #44: PlaylistFileTest .................   Passed    0.02 sec
      Start 45: PlaylistHandlerTest
45/95 Test #45: PlaylistHandlerTest ..............   Passed    0.08 sec
      Start 46: PlaylistLoaderTest
46/95 Test #46: PlaylistLoaderTest ...............   Passed    0.06 sec
      Start 47: PlaylistShuffleTest
47/95 Test #47: PlaylistShuffleTest ..............   Passed    0.02 sec
      Start 48: PlaylistTest
48/95 Test #48: PlaylistTest .....................   Passed    0.02 sec
      Start 49: PlaylistTrackModifyTest
49/95 Test #49: PlaylistTrackModifyTest ..........   Passed    0.02 sec
      Start 50: RepeatTest
50/95 Test #50: RepeatTest .......................   Passed    0.02 sec
      Start 51: StopBehaviorTest
51/95 Test #51: StopBehaviorTest .................   Passed    0.02 sec
      Start 52: SettingConverterTest
52/95 Test #52: SettingConverterTest .............   Passed    0.02 sec
      Start 53: SettingsNotifierTest
53/95 Test #53: SettingsNotifierTest .............   Passed    0.02 sec
      Start 54: ConverterTest
54/95 Test #54: ConverterTest ....................   Passed    0.02 sec
      Start 55: ListeningDateTest
55/95 Test #55: ListeningDateTest ................   Passed    0.02 sec
      Start 56: SmartPlaylistManagerTest
56/95 Test #56: SmartPlaylistManagerTest .........   Passed    0.02 sec
      Start 57: StreamRecorderTest
57/95 Test #57: StreamRecorderTest ...............   Passed    0.02 sec
      Start 58: StreamRecorderUtilsTest
58/95 Test #58: StreamRecorderUtilsTest ..........   Passed    0.02 sec
      Start 59: RadioBrowserParserTest
59/95 Test #59: RadioBrowserParserTest ...........   Passed    0.02 sec
      Start 60: RadioStationParserTest
60/95 Test #60: RadioStationParserTest ...........   Passed    0.02 sec
      Start 61: StreamHandlerTest
61/95 Test #61: StreamHandlerTest ................   Passed    0.03 sec
      Start 62: AlbumArtistTest
62/95 Test #62: AlbumArtistTest ..................   Passed    0.02 sec
      Start 63: CoverEditTest
63/95 Test #63: CoverEditTest ....................   Passed    1.47 sec
      Start 64: CoverTest
64/95 Test #64: CoverTest ........................   Passed    0.17 sec
      Start 65: DiscnumberTest
65/95 Test #65: DiscnumberTest ...................   Passed    0.02 sec
      Start 66: EditorTest
66/95 Test #66: EditorTest .......................   Passed    0.30 sec
      Start 67: LyricsTest
67/95 Test #67: LyricsTest .......................   Passed    0.02 sec
      Start 68: RatingTest
68/95 Test #68: RatingTest .......................   Passed    0.04 sec
      Start 69: TagFromPathTest
69/95 Test #69: TagFromPathTest ..................   Passed    0.02 sec
      Start 70: TaggingTest
70/95 Test #70: TaggingTest ......................   Passed    0.03 sec
      Start 71: ASXParserTest
71/95 Test #71: ASXParserTest ....................   Passed    0.02 sec
      Start 72: AlbumClassTest
72/95 Test #72: AlbumClassTest ...................   Passed    0.02 sec
      Start 73: CissearchTest
73/95 Test #73: CissearchTest ....................   Passed    0.03 sec
      Start 74: CryptTest
74/95 Test #74: CryptTest ........................   Passed    0.02 sec
      Start 75: DirectoryReaderTest
75/95 Test #75: DirectoryReaderTest ..............   Passed    0.02 sec
      Start 76: FileHelperTest
76/95 Test #76: FileHelperTest ...................   Passed    0.02 sec
      Start 77: LanguageKeyTest
77/95 Test #77: LanguageKeyTest ..................   Passed    0.01 sec
      Start 78: LanguageUtilTest
78/95 Test #78: LanguageUtilTest .................   Passed    0.02 sec
      Start 79: LibraryFilterTest
79/95 Test #79: LibraryFilterTest ................   Passed    0.02 sec
      Start 80: M3UParserTest
80/95 Test #80: M3UParserTest ....................   Passed    0.02 sec
      Start 81: MetaDataListTest
81/95 Test #81: MetaDataListTest .................   Passed    0.10 sec
      Start 82: MetaDataSortingTest
82/95 Test #82: MetaDataSortingTest ..............   Passed    0.02 sec
      Start 83: MetaDataTest
83/95 Test #83: MetaDataTest .....................   Passed    0.02 sec
      Start 84: MimeDataTest
84/95 Test #84: MimeDataTest .....................   Passed    0.02 sec
      Start 85: PlaylistModeTest
85/95 Test #85: PlaylistModeTest .................   Passed    0.02 sec
      Start 86: PlsParserTest
86/95 Test #86: PlsParserTest ....................   Passed    0.02 sec
      Start 87: PodcastParserTest
87/95 Test #87: PodcastParserTest ................   Passed    0.03 sec
      Start 88: SetTest
88/95 Test #88: SetTest ..........................   Passed    0.01 sec
      Start 89: SettingsTest
89/95 Test #89: SettingsTest .....................   Passed    0.02 sec
      Start 90: SortingTest
90/95 Test #90: SortingTest ......................   Passed    0.02 sec
      Start 91: StandardPathTest
91/95 Test #91: StandardPathTest .................   Passed    0.02 sec
      Start 92: StreamParserTest
92/95 Test #92: StreamParserTest .................   Passed    0.32 sec
      Start 93: TreeTest
93/95 Test #93: TreeTest .........................   Passed    0.02 sec
      Start 94: UtilTest
94/95 Test #94: UtilTest .........................   Passed    0.02 sec
      Start 95: WebClientTest
95/95 Test #95: WebClientTest ....................   Passed    5.10 sec

99% tests passed, 1 tests failed out of 95

Total Test time (real) =  17.69 sec

The following tests FAILED:
	 35 - ReloadThreadTest (Failed)
Errors while running CTest
