running build
running build_py
creating build
creating build/lib.linux-x86_64-2.7
creating build/lib.linux-x86_64-2.7/sk1
copying src/sk1/app_insp.py -> build/lib.linux-x86_64-2.7/sk1
copying src/sk1/__init__.py -> build/lib.linux-x86_64-2.7/sk1
copying src/sk1/app_stdout.py -> build/lib.linux-x86_64-2.7/sk1
copying src/sk1/events.py -> build/lib.linux-x86_64-2.7/sk1
copying src/sk1/application.py -> build/lib.linux-x86_64-2.7/sk1
copying src/sk1/app_plugins.py -> build/lib.linux-x86_64-2.7/sk1
copying src/sk1/app_palettes.py -> build/lib.linux-x86_64-2.7/sk1
copying src/sk1/app_actions.py -> build/lib.linux-x86_64-2.7/sk1
copying src/sk1/modes.py -> build/lib.linux-x86_64-2.7/sk1
copying src/sk1/appconst.py -> build/lib.linux-x86_64-2.7/sk1
copying src/sk1/app_conf.py -> build/lib.linux-x86_64-2.7/sk1
copying src/sk1/clipboard.py -> build/lib.linux-x86_64-2.7/sk1
copying src/sk1/app_proxy.py -> build/lib.linux-x86_64-2.7/sk1
copying src/sk1/app_fsw.py -> build/lib.linux-x86_64-2.7/sk1
copying src/sk1/app_history.py -> build/lib.linux-x86_64-2.7/sk1
copying src/sk1/app_cms.py -> build/lib.linux-x86_64-2.7/sk1
creating build/lib.linux-x86_64-2.7/sk1/context
copying src/sk1/context/order.py -> build/lib.linux-x86_64-2.7/sk1/context
copying src/sk1/context/__init__.py -> build/lib.linux-x86_64-2.7/sk1/context
copying src/sk1/context/resize.py -> build/lib.linux-x86_64-2.7/sk1/context
copying src/sk1/context/image_plgs.py -> build/lib.linux-x86_64-2.7/sk1/context
copying src/sk1/context/bezier.py -> build/lib.linux-x86_64-2.7/sk1/context
copying src/sk1/context/circle.py -> build/lib.linux-x86_64-2.7/sk1/context
copying src/sk1/context/markup.py -> build/lib.linux-x86_64-2.7/sk1/context
copying src/sk1/context/combine.py -> build/lib.linux-x86_64-2.7/sk1/context
copying src/sk1/context/text.py -> build/lib.linux-x86_64-2.7/sk1/context
copying src/sk1/context/base.py -> build/lib.linux-x86_64-2.7/sk1/context
copying src/sk1/context/position.py -> build/lib.linux-x86_64-2.7/sk1/context
copying src/sk1/context/rect.py -> build/lib.linux-x86_64-2.7/sk1/context
copying src/sk1/context/polygon.py -> build/lib.linux-x86_64-2.7/sk1/context
copying src/sk1/context/jump.py -> build/lib.linux-x86_64-2.7/sk1/context
copying src/sk1/context/units.py -> build/lib.linux-x86_64-2.7/sk1/context
copying src/sk1/context/page_format.py -> build/lib.linux-x86_64-2.7/sk1/context
copying src/sk1/context/transform.py -> build/lib.linux-x86_64-2.7/sk1/context
creating build/lib.linux-x86_64-2.7/sk1/dialogs
copying src/sk1/dialogs/aboutdlg_license.py -> build/lib.linux-x86_64-2.7/sk1/dialogs
copying src/sk1/dialogs/dashedit_dlg.py -> build/lib.linux-x86_64-2.7/sk1/dialogs
copying src/sk1/dialogs/__init__.py -> build/lib.linux-x86_64-2.7/sk1/dialogs
copying src/sk1/dialogs/filldlg.py -> build/lib.linux-x86_64-2.7/sk1/dialogs
copying src/sk1/dialogs/docinfodlg.py -> build/lib.linux-x86_64-2.7/sk1/dialogs
copying src/sk1/dialogs/filedlgs.py -> build/lib.linux-x86_64-2.7/sk1/dialogs
copying src/sk1/dialogs/pagedlg.py -> build/lib.linux-x86_64-2.7/sk1/dialogs
copying src/sk1/dialogs/docprops.py -> build/lib.linux-x86_64-2.7/sk1/dialogs
copying src/sk1/dialogs/palcoldlg.py -> build/lib.linux-x86_64-2.7/sk1/dialogs
copying src/sk1/dialogs/aboutdlg_credits.py -> build/lib.linux-x86_64-2.7/sk1/dialogs
copying src/sk1/dialogs/editdlg.py -> build/lib.linux-x86_64-2.7/sk1/dialogs
copying src/sk1/dialogs/strokedlg.py -> build/lib.linux-x86_64-2.7/sk1/dialogs
copying src/sk1/dialogs/progressdlg.py -> build/lib.linux-x86_64-2.7/sk1/dialogs
copying src/sk1/dialogs/colordlg.py -> build/lib.linux-x86_64-2.7/sk1/dialogs
copying src/sk1/dialogs/paletteinfo.py -> build/lib.linux-x86_64-2.7/sk1/dialogs
copying src/sk1/dialogs/aboutdlg.py -> build/lib.linux-x86_64-2.7/sk1/dialogs
copying src/sk1/dialogs/filelogviewer.py -> build/lib.linux-x86_64-2.7/sk1/dialogs
copying src/sk1/dialogs/logconsole.py -> build/lib.linux-x86_64-2.7/sk1/dialogs
creating build/lib.linux-x86_64-2.7/sk1/document
copying src/sk1/document/__init__.py -> build/lib.linux-x86_64-2.7/sk1/document
copying src/sk1/document/presenter.py -> build/lib.linux-x86_64-2.7/sk1/document
copying src/sk1/document/renderer.py -> build/lib.linux-x86_64-2.7/sk1/document
copying src/sk1/document/api.py -> build/lib.linux-x86_64-2.7/sk1/document
copying src/sk1/document/canvas.py -> build/lib.linux-x86_64-2.7/sk1/document
copying src/sk1/document/selection.py -> build/lib.linux-x86_64-2.7/sk1/document
copying src/sk1/document/snapping.py -> build/lib.linux-x86_64-2.7/sk1/document
copying src/sk1/document/ruler.py -> build/lib.linux-x86_64-2.7/sk1/document
copying src/sk1/document/eventloop.py -> build/lib.linux-x86_64-2.7/sk1/document
creating build/lib.linux-x86_64-2.7/sk1/document/controllers
copying src/sk1/document/controllers/editor_polygon.py -> build/lib.linux-x86_64-2.7/sk1/document/controllers
copying src/sk1/document/controllers/select_ctrl.py -> build/lib.linux-x86_64-2.7/sk1/document/controllers
copying src/sk1/document/controllers/creators.py -> build/lib.linux-x86_64-2.7/sk1/document/controllers
copying src/sk1/document/controllers/__init__.py -> build/lib.linux-x86_64-2.7/sk1/document/controllers
copying src/sk1/document/controllers/text_ctrl.py -> build/lib.linux-x86_64-2.7/sk1/document/controllers
copying src/sk1/document/controllers/editor_text.py -> build/lib.linux-x86_64-2.7/sk1/document/controllers
copying src/sk1/document/controllers/zoom_ctrl.py -> build/lib.linux-x86_64-2.7/sk1/document/controllers
copying src/sk1/document/controllers/fleur_ctrl.py -> build/lib.linux-x86_64-2.7/sk1/document/controllers
copying src/sk1/document/controllers/editor_ellipse.py -> build/lib.linux-x86_64-2.7/sk1/document/controllers
copying src/sk1/document/controllers/grad_ctrl.py -> build/lib.linux-x86_64-2.7/sk1/document/controllers
copying src/sk1/document/controllers/editor_bezier.py -> build/lib.linux-x86_64-2.7/sk1/document/controllers
copying src/sk1/document/controllers/paint_ctrl.py -> build/lib.linux-x86_64-2.7/sk1/document/controllers
copying src/sk1/document/controllers/generic.py -> build/lib.linux-x86_64-2.7/sk1/document/controllers
copying src/sk1/document/controllers/trafo_ctrl.py -> build/lib.linux-x86_64-2.7/sk1/document/controllers
copying src/sk1/document/controllers/editor_chooser.py -> build/lib.linux-x86_64-2.7/sk1/document/controllers
copying src/sk1/document/controllers/guide_ctrl.py -> build/lib.linux-x86_64-2.7/sk1/document/controllers
copying src/sk1/document/controllers/editor_rect.py -> build/lib.linux-x86_64-2.7/sk1/document/controllers
creating build/lib.linux-x86_64-2.7/sk1/parts
copying src/sk1/parts/menubar.py -> build/lib.linux-x86_64-2.7/sk1/parts
copying src/sk1/parts/artprovider.py -> build/lib.linux-x86_64-2.7/sk1/parts
copying src/sk1/parts/mw.py -> build/lib.linux-x86_64-2.7/sk1/parts
copying src/sk1/parts/__init__.py -> build/lib.linux-x86_64-2.7/sk1/parts
copying src/sk1/parts/plgtabs.py -> build/lib.linux-x86_64-2.7/sk1/parts
copying src/sk1/parts/statusbar.py -> build/lib.linux-x86_64-2.7/sk1/parts
copying src/sk1/parts/toolbar.py -> build/lib.linux-x86_64-2.7/sk1/parts
copying src/sk1/parts/palettepanel.py -> build/lib.linux-x86_64-2.7/sk1/parts
copying src/sk1/parts/ctxpanel.py -> build/lib.linux-x86_64-2.7/sk1/parts
copying src/sk1/parts/tools.py -> build/lib.linux-x86_64-2.7/sk1/parts
copying src/sk1/parts/mdiarea.py -> build/lib.linux-x86_64-2.7/sk1/parts
copying src/sk1/parts/plgarea.py -> build/lib.linux-x86_64-2.7/sk1/parts
copying src/sk1/parts/doctabs.py -> build/lib.linux-x86_64-2.7/sk1/parts
copying src/sk1/parts/stubpanel.py -> build/lib.linux-x86_64-2.7/sk1/parts
creating build/lib.linux-x86_64-2.7/sk1/prefs
copying src/sk1/prefs/__init__.py -> build/lib.linux-x86_64-2.7/sk1/prefs
copying src/sk1/prefs/prefs_palettes.py -> build/lib.linux-x86_64-2.7/sk1/prefs
copying src/sk1/prefs/prefs_cms.py -> build/lib.linux-x86_64-2.7/sk1/prefs
copying src/sk1/prefs/prefs_printers.py -> build/lib.linux-x86_64-2.7/sk1/prefs
copying src/sk1/prefs/prefs_fonts.py -> build/lib.linux-x86_64-2.7/sk1/prefs
copying src/sk1/prefs/prefs_ui.py -> build/lib.linux-x86_64-2.7/sk1/prefs
copying src/sk1/prefs/prefs_ruler.py -> build/lib.linux-x86_64-2.7/sk1/prefs
copying src/sk1/prefs/prefs_canvas.py -> build/lib.linux-x86_64-2.7/sk1/prefs
copying src/sk1/prefs/prefs_general.py -> build/lib.linux-x86_64-2.7/sk1/prefs
copying src/sk1/prefs/generic.py -> build/lib.linux-x86_64-2.7/sk1/prefs
copying src/sk1/prefs/templates.py -> build/lib.linux-x86_64-2.7/sk1/prefs
copying src/sk1/prefs/collection.py -> build/lib.linux-x86_64-2.7/sk1/prefs
creating build/lib.linux-x86_64-2.7/sk1/printing
copying src/sk1/printing/__init__.py -> build/lib.linux-x86_64-2.7/sk1/printing
copying src/sk1/printing/printrend.py -> build/lib.linux-x86_64-2.7/sk1/printing
copying src/sk1/printing/cups_print.py -> build/lib.linux-x86_64-2.7/sk1/printing
copying src/sk1/printing/winspool.py -> build/lib.linux-x86_64-2.7/sk1/printing
copying src/sk1/printing/msw_print.py -> build/lib.linux-x86_64-2.7/sk1/printing
copying src/sk1/printing/printout.py -> build/lib.linux-x86_64-2.7/sk1/printing
copying src/sk1/printing/prn_events.py -> build/lib.linux-x86_64-2.7/sk1/printing
copying src/sk1/printing/pdf_printer.py -> build/lib.linux-x86_64-2.7/sk1/printing
copying src/sk1/printing/generic.py -> build/lib.linux-x86_64-2.7/sk1/printing
creating build/lib.linux-x86_64-2.7/sk1/printing/printdlg
copying src/sk1/printing/printdlg/__init__.py -> build/lib.linux-x86_64-2.7/sk1/printing/printdlg
copying src/sk1/printing/printdlg/toolbar.py -> build/lib.linux-x86_64-2.7/sk1/printing/printdlg
copying src/sk1/printing/printdlg/kbd_proc.py -> build/lib.linux-x86_64-2.7/sk1/printing/printdlg
copying src/sk1/printing/printdlg/panels.py -> build/lib.linux-x86_64-2.7/sk1/printing/printdlg
copying src/sk1/printing/printdlg/canvas.py -> build/lib.linux-x86_64-2.7/sk1/printing/printdlg
copying src/sk1/printing/printdlg/ruler.py -> build/lib.linux-x86_64-2.7/sk1/printing/printdlg
creating build/lib.linux-x86_64-2.7/sk1/printing/propsdlg
copying src/sk1/printing/propsdlg/__init__.py -> build/lib.linux-x86_64-2.7/sk1/printing/propsdlg
copying src/sk1/printing/propsdlg/cupspropsdlg.py -> build/lib.linux-x86_64-2.7/sk1/printing/propsdlg
copying src/sk1/printing/propsdlg/pdfpropsdlg.py -> build/lib.linux-x86_64-2.7/sk1/printing/propsdlg
copying src/sk1/printing/propsdlg/generic.py -> build/lib.linux-x86_64-2.7/sk1/printing/propsdlg
creating build/lib.linux-x86_64-2.7/sk1/pwidgets
copying src/sk1/pwidgets/fontctrl.py -> build/lib.linux-x86_64-2.7/sk1/pwidgets
copying src/sk1/pwidgets/__init__.py -> build/lib.linux-x86_64-2.7/sk1/pwidgets
copying src/sk1/pwidgets/fillctrls.py -> build/lib.linux-x86_64-2.7/sk1/pwidgets
copying src/sk1/pwidgets/strokectrls.py -> build/lib.linux-x86_64-2.7/sk1/pwidgets
copying src/sk1/pwidgets/canvas_menu.py -> build/lib.linux-x86_64-2.7/sk1/pwidgets
copying src/sk1/pwidgets/unitctrls.py -> build/lib.linux-x86_64-2.7/sk1/pwidgets
copying src/sk1/pwidgets/ctxmenu.py -> build/lib.linux-x86_64-2.7/sk1/pwidgets
copying src/sk1/pwidgets/colorctrls.py -> build/lib.linux-x86_64-2.7/sk1/pwidgets
copying src/sk1/pwidgets/palette.py -> build/lib.linux-x86_64-2.7/sk1/pwidgets
copying src/sk1/pwidgets/kbd_proc.py -> build/lib.linux-x86_64-2.7/sk1/pwidgets
copying src/sk1/pwidgets/minipalette.py -> build/lib.linux-x86_64-2.7/sk1/pwidgets
copying src/sk1/pwidgets/actions.py -> build/lib.linux-x86_64-2.7/sk1/pwidgets
copying src/sk1/pwidgets/palette_viewer.py -> build/lib.linux-x86_64-2.7/sk1/pwidgets
copying src/sk1/pwidgets/colorbtn.py -> build/lib.linux-x86_64-2.7/sk1/pwidgets
copying src/sk1/pwidgets/patternctrls.py -> build/lib.linux-x86_64-2.7/sk1/pwidgets
copying src/sk1/pwidgets/surfaces.py -> build/lib.linux-x86_64-2.7/sk1/pwidgets
copying src/sk1/pwidgets/patterns.py -> build/lib.linux-x86_64-2.7/sk1/pwidgets
copying src/sk1/pwidgets/gradientctrls.py -> build/lib.linux-x86_64-2.7/sk1/pwidgets
creating build/lib.linux-x86_64-2.7/sk1/resources
copying src/sk1/resources/cmyk_palette.py -> build/lib.linux-x86_64-2.7/sk1/resources
copying src/sk1/resources/rgb_palette.py -> build/lib.linux-x86_64-2.7/sk1/resources
copying src/sk1/resources/__init__.py -> build/lib.linux-x86_64-2.7/sk1/resources
copying src/sk1/resources/labels.py -> build/lib.linux-x86_64-2.7/sk1/resources
copying src/sk1/resources/artids.py -> build/lib.linux-x86_64-2.7/sk1/resources
copying src/sk1/resources/pdids.py -> build/lib.linux-x86_64-2.7/sk1/resources
copying src/sk1/resources/acc_keys.py -> build/lib.linux-x86_64-2.7/sk1/resources
copying src/sk1/resources/icons.py -> build/lib.linux-x86_64-2.7/sk1/resources
creating build/lib.linux-x86_64-2.7/uc2
copying src/uc2/__init__.py -> build/lib.linux-x86_64-2.7/uc2
copying src/uc2/uc2const.py -> build/lib.linux-x86_64-2.7/uc2
copying src/uc2/events.py -> build/lib.linux-x86_64-2.7/uc2
copying src/uc2/application.py -> build/lib.linux-x86_64-2.7/uc2
copying src/uc2/app_palettes.py -> build/lib.linux-x86_64-2.7/uc2
copying src/uc2/uc2conf.py -> build/lib.linux-x86_64-2.7/uc2
copying src/uc2/msgconst.py -> build/lib.linux-x86_64-2.7/uc2
copying src/uc2/sk2const.py -> build/lib.linux-x86_64-2.7/uc2
copying src/uc2/app_cms.py -> build/lib.linux-x86_64-2.7/uc2
creating build/lib.linux-x86_64-2.7/uc2/cmds
copying src/uc2/cmds/configure.py -> build/lib.linux-x86_64-2.7/uc2/cmds
copying src/uc2/cmds/help.py -> build/lib.linux-x86_64-2.7/uc2/cmds
copying src/uc2/cmds/__init__.py -> build/lib.linux-x86_64-2.7/uc2/cmds
copying src/uc2/cmds/translate.py -> build/lib.linux-x86_64-2.7/uc2/cmds
copying src/uc2/cmds/const.py -> build/lib.linux-x86_64-2.7/uc2/cmds
copying src/uc2/cmds/parts.py -> build/lib.linux-x86_64-2.7/uc2/cmds
creating build/lib.linux-x86_64-2.7/uc2/cms
copying src/uc2/cms/__init__.py -> build/lib.linux-x86_64-2.7/uc2/cms
copying src/uc2/cms/gray_profile_rc.py -> build/lib.linux-x86_64-2.7/uc2/cms
copying src/uc2/cms/display_profile_rc.py -> build/lib.linux-x86_64-2.7/uc2/cms
copying src/uc2/cms/cmyk_profile_rc.py -> build/lib.linux-x86_64-2.7/uc2/cms
copying src/uc2/cms/srgb_profile_rc.py -> build/lib.linux-x86_64-2.7/uc2/cms
copying src/uc2/cms/libcms.py -> build/lib.linux-x86_64-2.7/uc2/cms
copying src/uc2/cms/lab_profile_rc.py -> build/lib.linux-x86_64-2.7/uc2/cms
creating build/lib.linux-x86_64-2.7/uc2/formats
copying src/uc2/formats/__init__.py -> build/lib.linux-x86_64-2.7/uc2/formats
copying src/uc2/formats/generic_filters.py -> build/lib.linux-x86_64-2.7/uc2/formats
copying src/uc2/formats/generic.py -> build/lib.linux-x86_64-2.7/uc2/formats
copying src/uc2/formats/fallback.py -> build/lib.linux-x86_64-2.7/uc2/formats
creating build/lib.linux-x86_64-2.7/uc2/formats/aco
copying src/uc2/formats/aco/__init__.py -> build/lib.linux-x86_64-2.7/uc2/formats/aco
copying src/uc2/formats/aco/aco_presenter.py -> build/lib.linux-x86_64-2.7/uc2/formats/aco
copying src/uc2/formats/aco/aco_filters.py -> build/lib.linux-x86_64-2.7/uc2/formats/aco
copying src/uc2/formats/aco/aco_model.py -> build/lib.linux-x86_64-2.7/uc2/formats/aco
copying src/uc2/formats/aco/aco_config.py -> build/lib.linux-x86_64-2.7/uc2/formats/aco
copying src/uc2/formats/aco/aco_const.py -> build/lib.linux-x86_64-2.7/uc2/formats/aco
creating build/lib.linux-x86_64-2.7/uc2/formats/ase
copying src/uc2/formats/ase/__init__.py -> build/lib.linux-x86_64-2.7/uc2/formats/ase
copying src/uc2/formats/ase/ase_model.py -> build/lib.linux-x86_64-2.7/uc2/formats/ase
copying src/uc2/formats/ase/ase_presenter.py -> build/lib.linux-x86_64-2.7/uc2/formats/ase
copying src/uc2/formats/ase/ase_config.py -> build/lib.linux-x86_64-2.7/uc2/formats/ase
copying src/uc2/formats/ase/ase_const.py -> build/lib.linux-x86_64-2.7/uc2/formats/ase
copying src/uc2/formats/ase/ase_filters.py -> build/lib.linux-x86_64-2.7/uc2/formats/ase
creating build/lib.linux-x86_64-2.7/uc2/formats/ccx
copying src/uc2/formats/ccx/__init__.py -> build/lib.linux-x86_64-2.7/uc2/formats/ccx
creating build/lib.linux-x86_64-2.7/uc2/formats/cdr
copying src/uc2/formats/cdr/__init__.py -> build/lib.linux-x86_64-2.7/uc2/formats/cdr
copying src/uc2/formats/cdr/cdr_config.py -> build/lib.linux-x86_64-2.7/uc2/formats/cdr
copying src/uc2/formats/cdr/cdr_const.py -> build/lib.linux-x86_64-2.7/uc2/formats/cdr
copying src/uc2/formats/cdr/cdr_utils.py -> build/lib.linux-x86_64-2.7/uc2/formats/cdr
copying src/uc2/formats/cdr/cdr_filters.py -> build/lib.linux-x86_64-2.7/uc2/formats/cdr
copying src/uc2/formats/cdr/cdr_model.py -> build/lib.linux-x86_64-2.7/uc2/formats/cdr
copying src/uc2/formats/cdr/cdr_presenter.py -> build/lib.linux-x86_64-2.7/uc2/formats/cdr
copying src/uc2/formats/cdr/cdr_translators.py -> build/lib.linux-x86_64-2.7/uc2/formats/cdr
creating build/lib.linux-x86_64-2.7/uc2/formats/cdrz
copying src/uc2/formats/cdrz/__init__.py -> build/lib.linux-x86_64-2.7/uc2/formats/cdrz
copying src/uc2/formats/cdrz/cdrz_filters.py -> build/lib.linux-x86_64-2.7/uc2/formats/cdrz
copying src/uc2/formats/cdrz/presenter.py -> build/lib.linux-x86_64-2.7/uc2/formats/cdrz
copying src/uc2/formats/cdrz/model.py -> build/lib.linux-x86_64-2.7/uc2/formats/cdrz
copying src/uc2/formats/cdrz/cdrz_config.py -> build/lib.linux-x86_64-2.7/uc2/formats/cdrz
copying src/uc2/formats/cdrz/cdrz_translators.py -> build/lib.linux-x86_64-2.7/uc2/formats/cdrz
copying src/uc2/formats/cdrz/const.py -> build/lib.linux-x86_64-2.7/uc2/formats/cdrz
creating build/lib.linux-x86_64-2.7/uc2/formats/cgm
copying src/uc2/formats/cgm/cgm_const.py -> build/lib.linux-x86_64-2.7/uc2/formats/cgm
copying src/uc2/formats/cgm/__init__.py -> build/lib.linux-x86_64-2.7/uc2/formats/cgm
copying src/uc2/formats/cgm/cgm_to_sk2.py -> build/lib.linux-x86_64-2.7/uc2/formats/cgm
copying src/uc2/formats/cgm/cgm_model.py -> build/lib.linux-x86_64-2.7/uc2/formats/cgm
copying src/uc2/formats/cgm/cgm_filters.py -> build/lib.linux-x86_64-2.7/uc2/formats/cgm
copying src/uc2/formats/cgm/cgm_from_sk2.py -> build/lib.linux-x86_64-2.7/uc2/formats/cgm
copying src/uc2/formats/cgm/cgm_config.py -> build/lib.linux-x86_64-2.7/uc2/formats/cgm
copying src/uc2/formats/cgm/cgm_utils.py -> build/lib.linux-x86_64-2.7/uc2/formats/cgm
copying src/uc2/formats/cgm/cgm_presenter.py -> build/lib.linux-x86_64-2.7/uc2/formats/cgm
creating build/lib.linux-x86_64-2.7/uc2/formats/cmx
copying src/uc2/formats/cmx/cmx_config.py -> build/lib.linux-x86_64-2.7/uc2/formats/cmx
copying src/uc2/formats/cmx/cmx_model.py -> build/lib.linux-x86_64-2.7/uc2/formats/cmx
copying src/uc2/formats/cmx/__init__.py -> build/lib.linux-x86_64-2.7/uc2/formats/cmx
copying src/uc2/formats/cmx/cmx_const.py -> build/lib.linux-x86_64-2.7/uc2/formats/cmx
copying src/uc2/formats/cmx/cmx_instr.py -> build/lib.linux-x86_64-2.7/uc2/formats/cmx
copying src/uc2/formats/cmx/cmx_presenter.py -> build/lib.linux-x86_64-2.7/uc2/formats/cmx
copying src/uc2/formats/cmx/cmx_from_sk2.py -> build/lib.linux-x86_64-2.7/uc2/formats/cmx
copying src/uc2/formats/cmx/cmx_filters.py -> build/lib.linux-x86_64-2.7/uc2/formats/cmx
copying src/uc2/formats/cmx/cmx_to_sk2.py -> build/lib.linux-x86_64-2.7/uc2/formats/cmx
creating build/lib.linux-x86_64-2.7/uc2/formats/corel_pal
copying src/uc2/formats/corel_pal/__init__.py -> build/lib.linux-x86_64-2.7/uc2/formats/corel_pal
copying src/uc2/formats/corel_pal/corel_pal_config.py -> build/lib.linux-x86_64-2.7/uc2/formats/corel_pal
copying src/uc2/formats/corel_pal/corel_pal_presenter.py -> build/lib.linux-x86_64-2.7/uc2/formats/corel_pal
copying src/uc2/formats/corel_pal/corel_pal_methods.py -> build/lib.linux-x86_64-2.7/uc2/formats/corel_pal
creating build/lib.linux-x86_64-2.7/uc2/formats/cpl
copying src/uc2/formats/cpl/__init__.py -> build/lib.linux-x86_64-2.7/uc2/formats/cpl
copying src/uc2/formats/cpl/cpl_presenter.py -> build/lib.linux-x86_64-2.7/uc2/formats/cpl
copying src/uc2/formats/cpl/cpl_const.py -> build/lib.linux-x86_64-2.7/uc2/formats/cpl
copying src/uc2/formats/cpl/cpl_model.py -> build/lib.linux-x86_64-2.7/uc2/formats/cpl
copying src/uc2/formats/cpl/cpl_filters.py -> build/lib.linux-x86_64-2.7/uc2/formats/cpl
copying src/uc2/formats/cpl/cpl_config.py -> build/lib.linux-x86_64-2.7/uc2/formats/cpl
creating build/lib.linux-x86_64-2.7/uc2/formats/dst
copying src/uc2/formats/dst/__init__.py -> build/lib.linux-x86_64-2.7/uc2/formats/dst
copying src/uc2/formats/dst/dst_config.py -> build/lib.linux-x86_64-2.7/uc2/formats/dst
copying src/uc2/formats/dst/dst_presenter.py -> build/lib.linux-x86_64-2.7/uc2/formats/dst
copying src/uc2/formats/dst/dst_datatype.py -> build/lib.linux-x86_64-2.7/uc2/formats/dst
copying src/uc2/formats/dst/dst_from_sk2.py -> build/lib.linux-x86_64-2.7/uc2/formats/dst
copying src/uc2/formats/dst/dst_to_sk2.py -> build/lib.linux-x86_64-2.7/uc2/formats/dst
copying src/uc2/formats/dst/dst_filters.py -> build/lib.linux-x86_64-2.7/uc2/formats/dst
copying src/uc2/formats/dst/dst_const.py -> build/lib.linux-x86_64-2.7/uc2/formats/dst
copying src/uc2/formats/dst/dst_model.py -> build/lib.linux-x86_64-2.7/uc2/formats/dst
copying src/uc2/formats/dst/dst_colors.py -> build/lib.linux-x86_64-2.7/uc2/formats/dst
creating build/lib.linux-x86_64-2.7/uc2/formats/edr_pal
copying src/uc2/formats/edr_pal/__init__.py -> build/lib.linux-x86_64-2.7/uc2/formats/edr_pal
copying src/uc2/formats/edr_pal/edr_model.py -> build/lib.linux-x86_64-2.7/uc2/formats/edr_pal
copying src/uc2/formats/edr_pal/edr_filters.py -> build/lib.linux-x86_64-2.7/uc2/formats/edr_pal
copying src/uc2/formats/edr_pal/edr_presenter.py -> build/lib.linux-x86_64-2.7/uc2/formats/edr_pal
creating build/lib.linux-x86_64-2.7/uc2/formats/fig
copying src/uc2/formats/fig/__init__.py -> build/lib.linux-x86_64-2.7/uc2/formats/fig
copying src/uc2/formats/fig/fig_translators.py -> build/lib.linux-x86_64-2.7/uc2/formats/fig
copying src/uc2/formats/fig/fig_presenter.py -> build/lib.linux-x86_64-2.7/uc2/formats/fig
copying src/uc2/formats/fig/fig_colors.py -> build/lib.linux-x86_64-2.7/uc2/formats/fig
copying src/uc2/formats/fig/fig_methods.py -> build/lib.linux-x86_64-2.7/uc2/formats/fig
copying src/uc2/formats/fig/fig_patterns.py -> build/lib.linux-x86_64-2.7/uc2/formats/fig
copying src/uc2/formats/fig/trafolib.py -> build/lib.linux-x86_64-2.7/uc2/formats/fig
copying src/uc2/formats/fig/fig_filters.py -> build/lib.linux-x86_64-2.7/uc2/formats/fig
copying src/uc2/formats/fig/fig_config.py -> build/lib.linux-x86_64-2.7/uc2/formats/fig
copying src/uc2/formats/fig/figlib.py -> build/lib.linux-x86_64-2.7/uc2/formats/fig
copying src/uc2/formats/fig/fig_model.py -> build/lib.linux-x86_64-2.7/uc2/formats/fig
copying src/uc2/formats/fig/fig_const.py -> build/lib.linux-x86_64-2.7/uc2/formats/fig
copying src/uc2/formats/fig/crenderer.py -> build/lib.linux-x86_64-2.7/uc2/formats/fig
creating build/lib.linux-x86_64-2.7/uc2/formats/gpl
copying src/uc2/formats/gpl/gpl_presenter.py -> build/lib.linux-x86_64-2.7/uc2/formats/gpl
copying src/uc2/formats/gpl/__init__.py -> build/lib.linux-x86_64-2.7/uc2/formats/gpl
copying src/uc2/formats/gpl/gpl_config.py -> build/lib.linux-x86_64-2.7/uc2/formats/gpl
copying src/uc2/formats/gpl/gpl_filters.py -> build/lib.linux-x86_64-2.7/uc2/formats/gpl
copying src/uc2/formats/gpl/gpl_const.py -> build/lib.linux-x86_64-2.7/uc2/formats/gpl
copying src/uc2/formats/gpl/gpl_model.py -> build/lib.linux-x86_64-2.7/uc2/formats/gpl
creating build/lib.linux-x86_64-2.7/uc2/formats/jcw
copying src/uc2/formats/jcw/__init__.py -> build/lib.linux-x86_64-2.7/uc2/formats/jcw
copying src/uc2/formats/jcw/jcw_model.py -> build/lib.linux-x86_64-2.7/uc2/formats/jcw
copying src/uc2/formats/jcw/jcw_const.py -> build/lib.linux-x86_64-2.7/uc2/formats/jcw
copying src/uc2/formats/jcw/jcw_config.py -> build/lib.linux-x86_64-2.7/uc2/formats/jcw
copying src/uc2/formats/jcw/jcw_filters.py -> build/lib.linux-x86_64-2.7/uc2/formats/jcw
copying src/uc2/formats/jcw/jcw_utils.py -> build/lib.linux-x86_64-2.7/uc2/formats/jcw
copying src/uc2/formats/jcw/jcw_presenter.py -> build/lib.linux-x86_64-2.7/uc2/formats/jcw
creating build/lib.linux-x86_64-2.7/uc2/formats/md
copying src/uc2/formats/md/md_presenter.py -> build/lib.linux-x86_64-2.7/uc2/formats/md
copying src/uc2/formats/md/__init__.py -> build/lib.linux-x86_64-2.7/uc2/formats/md
copying src/uc2/formats/md/md_model.py -> build/lib.linux-x86_64-2.7/uc2/formats/md
creating build/lib.linux-x86_64-2.7/uc2/formats/pdf
copying src/uc2/formats/pdf/pdf_filters.py -> build/lib.linux-x86_64-2.7/uc2/formats/pdf
copying src/uc2/formats/pdf/__init__.py -> build/lib.linux-x86_64-2.7/uc2/formats/pdf
copying src/uc2/formats/pdf/pdfgen.py -> build/lib.linux-x86_64-2.7/uc2/formats/pdf
copying src/uc2/formats/pdf/pdfconst.py -> build/lib.linux-x86_64-2.7/uc2/formats/pdf
creating build/lib.linux-x86_64-2.7/uc2/formats/pdxf
copying src/uc2/formats/pdxf/__init__.py -> build/lib.linux-x86_64-2.7/uc2/formats/pdxf
copying src/uc2/formats/pdxf/resmngr.py -> build/lib.linux-x86_64-2.7/uc2/formats/pdxf
copying src/uc2/formats/pdxf/presenter.py -> build/lib.linux-x86_64-2.7/uc2/formats/pdxf
copying src/uc2/formats/pdxf/pdxf_cms.py -> build/lib.linux-x86_64-2.7/uc2/formats/pdxf
copying src/uc2/formats/pdxf/pdxf_config.py -> build/lib.linux-x86_64-2.7/uc2/formats/pdxf
copying src/uc2/formats/pdxf/model.py -> build/lib.linux-x86_64-2.7/uc2/formats/pdxf
copying src/uc2/formats/pdxf/crenderer.py -> build/lib.linux-x86_64-2.7/uc2/formats/pdxf
copying src/uc2/formats/pdxf/methods.py -> build/lib.linux-x86_64-2.7/uc2/formats/pdxf
copying src/uc2/formats/pdxf/pdxf_filters.py -> build/lib.linux-x86_64-2.7/uc2/formats/pdxf
copying src/uc2/formats/pdxf/const.py -> build/lib.linux-x86_64-2.7/uc2/formats/pdxf
creating build/lib.linux-x86_64-2.7/uc2/formats/pes
copying src/uc2/formats/pes/pes_filters.py -> build/lib.linux-x86_64-2.7/uc2/formats/pes
copying src/uc2/formats/pes/__init__.py -> build/lib.linux-x86_64-2.7/uc2/formats/pes
copying src/uc2/formats/pes/pes_const.py -> build/lib.linux-x86_64-2.7/uc2/formats/pes
copying src/uc2/formats/pes/pes_translators.py -> build/lib.linux-x86_64-2.7/uc2/formats/pes
copying src/uc2/formats/pes/pes_colors.py -> build/lib.linux-x86_64-2.7/uc2/formats/pes
copying src/uc2/formats/pes/pes_presenter.py -> build/lib.linux-x86_64-2.7/uc2/formats/pes
copying src/uc2/formats/pes/pes_model.py -> build/lib.linux-x86_64-2.7/uc2/formats/pes
copying src/uc2/formats/pes/pes_config.py -> build/lib.linux-x86_64-2.7/uc2/formats/pes
copying src/uc2/formats/pes/pes_datatype.py -> build/lib.linux-x86_64-2.7/uc2/formats/pes
creating build/lib.linux-x86_64-2.7/uc2/formats/plt
copying src/uc2/formats/plt/plt_translators.py -> build/lib.linux-x86_64-2.7/uc2/formats/plt
copying src/uc2/formats/plt/__init__.py -> build/lib.linux-x86_64-2.7/uc2/formats/plt
copying src/uc2/formats/plt/plt_presenter.py -> build/lib.linux-x86_64-2.7/uc2/formats/plt
copying src/uc2/formats/plt/plt_model.py -> build/lib.linux-x86_64-2.7/uc2/formats/plt
copying src/uc2/formats/plt/plt_config.py -> build/lib.linux-x86_64-2.7/uc2/formats/plt
copying src/uc2/formats/plt/plt_filters.py -> build/lib.linux-x86_64-2.7/uc2/formats/plt
copying src/uc2/formats/plt/plt_const.py -> build/lib.linux-x86_64-2.7/uc2/formats/plt
creating build/lib.linux-x86_64-2.7/uc2/formats/png
copying src/uc2/formats/png/__init__.py -> build/lib.linux-x86_64-2.7/uc2/formats/png
creating build/lib.linux-x86_64-2.7/uc2/formats/riff
copying src/uc2/formats/riff/__init__.py -> build/lib.linux-x86_64-2.7/uc2/formats/riff
copying src/uc2/formats/riff/presenter.py -> build/lib.linux-x86_64-2.7/uc2/formats/riff
copying src/uc2/formats/riff/riff_filters.py -> build/lib.linux-x86_64-2.7/uc2/formats/riff
copying src/uc2/formats/riff/stub.py -> build/lib.linux-x86_64-2.7/uc2/formats/riff
copying src/uc2/formats/riff/model.py -> build/lib.linux-x86_64-2.7/uc2/formats/riff
copying src/uc2/formats/riff/riff_config.py -> build/lib.linux-x86_64-2.7/uc2/formats/riff
creating build/lib.linux-x86_64-2.7/uc2/formats/scribus_pal
copying src/uc2/formats/scribus_pal/__init__.py -> build/lib.linux-x86_64-2.7/uc2/formats/scribus_pal
copying src/uc2/formats/scribus_pal/scribus_pal_presenter.py -> build/lib.linux-x86_64-2.7/uc2/formats/scribus_pal
copying src/uc2/formats/scribus_pal/scribus_pal_filters.py -> build/lib.linux-x86_64-2.7/uc2/formats/scribus_pal
copying src/uc2/formats/scribus_pal/scribus_pal_config.py -> build/lib.linux-x86_64-2.7/uc2/formats/scribus_pal
copying src/uc2/formats/scribus_pal/scribus_pal_model.py -> build/lib.linux-x86_64-2.7/uc2/formats/scribus_pal
creating build/lib.linux-x86_64-2.7/uc2/formats/sk
copying src/uc2/formats/sk/__init__.py -> build/lib.linux-x86_64-2.7/uc2/formats/sk
copying src/uc2/formats/sk/sk_model.py -> build/lib.linux-x86_64-2.7/uc2/formats/sk
copying src/uc2/formats/sk/sk_filters.py -> build/lib.linux-x86_64-2.7/uc2/formats/sk
copying src/uc2/formats/sk/sk_translators.py -> build/lib.linux-x86_64-2.7/uc2/formats/sk
copying src/uc2/formats/sk/sk_config.py -> build/lib.linux-x86_64-2.7/uc2/formats/sk
copying src/uc2/formats/sk/sk_const.py -> build/lib.linux-x86_64-2.7/uc2/formats/sk
copying src/uc2/formats/sk/sk_presenter.py -> build/lib.linux-x86_64-2.7/uc2/formats/sk
copying src/uc2/formats/sk/sk_methods.py -> build/lib.linux-x86_64-2.7/uc2/formats/sk
creating build/lib.linux-x86_64-2.7/uc2/formats/sk1
copying src/uc2/formats/sk1/sk1_filters.py -> build/lib.linux-x86_64-2.7/uc2/formats/sk1
copying src/uc2/formats/sk1/__init__.py -> build/lib.linux-x86_64-2.7/uc2/formats/sk1
copying src/uc2/formats/sk1/presenter.py -> build/lib.linux-x86_64-2.7/uc2/formats/sk1
copying src/uc2/formats/sk1/sk1_const.py -> build/lib.linux-x86_64-2.7/uc2/formats/sk1
copying src/uc2/formats/sk1/sk1_utils.py -> build/lib.linux-x86_64-2.7/uc2/formats/sk1
copying src/uc2/formats/sk1/sk1_translators.py -> build/lib.linux-x86_64-2.7/uc2/formats/sk1
copying src/uc2/formats/sk1/sk1_config.py -> build/lib.linux-x86_64-2.7/uc2/formats/sk1
copying src/uc2/formats/sk1/model.py -> build/lib.linux-x86_64-2.7/uc2/formats/sk1
copying src/uc2/formats/sk1/methods.py -> build/lib.linux-x86_64-2.7/uc2/formats/sk1
copying src/uc2/formats/sk1/sk1_loaders.py -> build/lib.linux-x86_64-2.7/uc2/formats/sk1
creating build/lib.linux-x86_64-2.7/uc2/formats/sk2
copying src/uc2/formats/sk2/__init__.py -> build/lib.linux-x86_64-2.7/uc2/formats/sk2
copying src/uc2/formats/sk2/sk2_presenter.py -> build/lib.linux-x86_64-2.7/uc2/formats/sk2
copying src/uc2/formats/sk2/sk2_methods.py -> build/lib.linux-x86_64-2.7/uc2/formats/sk2
copying src/uc2/formats/sk2/sk2_cms.py -> build/lib.linux-x86_64-2.7/uc2/formats/sk2
copying src/uc2/formats/sk2/sk2_filters.py -> build/lib.linux-x86_64-2.7/uc2/formats/sk2
copying src/uc2/formats/sk2/sk2_config.py -> build/lib.linux-x86_64-2.7/uc2/formats/sk2
copying src/uc2/formats/sk2/sk2_cids.py -> build/lib.linux-x86_64-2.7/uc2/formats/sk2
copying src/uc2/formats/sk2/sk2_model.py -> build/lib.linux-x86_64-2.7/uc2/formats/sk2
copying src/uc2/formats/sk2/crenderer.py -> build/lib.linux-x86_64-2.7/uc2/formats/sk2
copying src/uc2/formats/sk2/arrows.py -> build/lib.linux-x86_64-2.7/uc2/formats/sk2
creating build/lib.linux-x86_64-2.7/uc2/formats/skp
copying src/uc2/formats/skp/__init__.py -> build/lib.linux-x86_64-2.7/uc2/formats/skp
copying src/uc2/formats/skp/skp_config.py -> build/lib.linux-x86_64-2.7/uc2/formats/skp
copying src/uc2/formats/skp/skp_filters.py -> build/lib.linux-x86_64-2.7/uc2/formats/skp
copying src/uc2/formats/skp/skp_const.py -> build/lib.linux-x86_64-2.7/uc2/formats/skp
copying src/uc2/formats/skp/skp_model.py -> build/lib.linux-x86_64-2.7/uc2/formats/skp
copying src/uc2/formats/skp/skp_presenter.py -> build/lib.linux-x86_64-2.7/uc2/formats/skp
creating build/lib.linux-x86_64-2.7/uc2/formats/soc
copying src/uc2/formats/soc/__init__.py -> build/lib.linux-x86_64-2.7/uc2/formats/soc
copying src/uc2/formats/soc/soc_model.py -> build/lib.linux-x86_64-2.7/uc2/formats/soc
copying src/uc2/formats/soc/soc_presenter.py -> build/lib.linux-x86_64-2.7/uc2/formats/soc
copying src/uc2/formats/soc/soc_filters.py -> build/lib.linux-x86_64-2.7/uc2/formats/soc
copying src/uc2/formats/soc/soc_const.py -> build/lib.linux-x86_64-2.7/uc2/formats/soc
copying src/uc2/formats/soc/soc_config.py -> build/lib.linux-x86_64-2.7/uc2/formats/soc
creating build/lib.linux-x86_64-2.7/uc2/formats/svg
copying src/uc2/formats/svg/__init__.py -> build/lib.linux-x86_64-2.7/uc2/formats/svg
copying src/uc2/formats/svg/svg_methods.py -> build/lib.linux-x86_64-2.7/uc2/formats/svg
copying src/uc2/formats/svg/svg_const.py -> build/lib.linux-x86_64-2.7/uc2/formats/svg
copying src/uc2/formats/svg/svg_config.py -> build/lib.linux-x86_64-2.7/uc2/formats/svg
copying src/uc2/formats/svg/svg_utils.py -> build/lib.linux-x86_64-2.7/uc2/formats/svg
copying src/uc2/formats/svg/svg_colors.py -> build/lib.linux-x86_64-2.7/uc2/formats/svg
copying src/uc2/formats/svg/svg_presenter.py -> build/lib.linux-x86_64-2.7/uc2/formats/svg
copying src/uc2/formats/svg/svg_translators.py -> build/lib.linux-x86_64-2.7/uc2/formats/svg
creating build/lib.linux-x86_64-2.7/uc2/formats/svgz
copying src/uc2/formats/svgz/__init__.py -> build/lib.linux-x86_64-2.7/uc2/formats/svgz
creating build/lib.linux-x86_64-2.7/uc2/formats/wmf
copying src/uc2/formats/wmf/__init__.py -> build/lib.linux-x86_64-2.7/uc2/formats/wmf
copying src/uc2/formats/wmf/wmf_presenter.py -> build/lib.linux-x86_64-2.7/uc2/formats/wmf
copying src/uc2/formats/wmf/wmf_filters.py -> build/lib.linux-x86_64-2.7/uc2/formats/wmf
copying src/uc2/formats/wmf/wmf_config.py -> build/lib.linux-x86_64-2.7/uc2/formats/wmf
copying src/uc2/formats/wmf/wmf_model.py -> build/lib.linux-x86_64-2.7/uc2/formats/wmf
copying src/uc2/formats/wmf/wmf_translators.py -> build/lib.linux-x86_64-2.7/uc2/formats/wmf
copying src/uc2/formats/wmf/wmf_hatches.py -> build/lib.linux-x86_64-2.7/uc2/formats/wmf
copying src/uc2/formats/wmf/wmf_const.py -> build/lib.linux-x86_64-2.7/uc2/formats/wmf
copying src/uc2/formats/wmf/wmf_utils.py -> build/lib.linux-x86_64-2.7/uc2/formats/wmf
creating build/lib.linux-x86_64-2.7/uc2/formats/xar
copying src/uc2/formats/xar/__init__.py -> build/lib.linux-x86_64-2.7/uc2/formats/xar
copying src/uc2/formats/xar/xar_config.py -> build/lib.linux-x86_64-2.7/uc2/formats/xar
copying src/uc2/formats/xar/xar_datatype.py -> build/lib.linux-x86_64-2.7/uc2/formats/xar
copying src/uc2/formats/xar/xar_method.py -> build/lib.linux-x86_64-2.7/uc2/formats/xar
copying src/uc2/formats/xar/xar_filters.py -> build/lib.linux-x86_64-2.7/uc2/formats/xar
copying src/uc2/formats/xar/xar_presenter.py -> build/lib.linux-x86_64-2.7/uc2/formats/xar
copying src/uc2/formats/xar/xar_model.py -> build/lib.linux-x86_64-2.7/uc2/formats/xar
copying src/uc2/formats/xar/zipio.py -> build/lib.linux-x86_64-2.7/uc2/formats/xar
copying src/uc2/formats/xar/xar_const.py -> build/lib.linux-x86_64-2.7/uc2/formats/xar
copying src/uc2/formats/xar/xar_translators.py -> build/lib.linux-x86_64-2.7/uc2/formats/xar
creating build/lib.linux-x86_64-2.7/uc2/formats/xml_
copying src/uc2/formats/xml_/__init__.py -> build/lib.linux-x86_64-2.7/uc2/formats/xml_
copying src/uc2/formats/xml_/xml_presenter.py -> build/lib.linux-x86_64-2.7/uc2/formats/xml_
copying src/uc2/formats/xml_/xml_model.py -> build/lib.linux-x86_64-2.7/uc2/formats/xml_
copying src/uc2/formats/xml_/xml_config.py -> build/lib.linux-x86_64-2.7/uc2/formats/xml_
copying src/uc2/formats/xml_/xml_filters.py -> build/lib.linux-x86_64-2.7/uc2/formats/xml_
creating build/lib.linux-x86_64-2.7/uc2/libcairo
copying src/uc2/libcairo/__init__.py -> build/lib.linux-x86_64-2.7/uc2/libcairo
creating build/lib.linux-x86_64-2.7/uc2/libgeom
copying src/uc2/libgeom/shaping.py -> build/lib.linux-x86_64-2.7/uc2/libgeom
copying src/uc2/libgeom/flattering.py -> build/lib.linux-x86_64-2.7/uc2/libgeom
copying src/uc2/libgeom/__init__.py -> build/lib.linux-x86_64-2.7/uc2/libgeom
copying src/uc2/libgeom/objs.py -> build/lib.linux-x86_64-2.7/uc2/libgeom
copying src/uc2/libgeom/trafo.py -> build/lib.linux-x86_64-2.7/uc2/libgeom
copying src/uc2/libgeom/bezier_ops.py -> build/lib.linux-x86_64-2.7/uc2/libgeom
copying src/uc2/libgeom/bbox.py -> build/lib.linux-x86_64-2.7/uc2/libgeom
copying src/uc2/libgeom/cwrap.py -> build/lib.linux-x86_64-2.7/uc2/libgeom
copying src/uc2/libgeom/contour.py -> build/lib.linux-x86_64-2.7/uc2/libgeom
copying src/uc2/libgeom/text_on_path.py -> build/lib.linux-x86_64-2.7/uc2/libgeom
copying src/uc2/libgeom/points.py -> build/lib.linux-x86_64-2.7/uc2/libgeom
creating build/lib.linux-x86_64-2.7/uc2/libimg
copying src/uc2/libimg/__init__.py -> build/lib.linux-x86_64-2.7/uc2/libimg
copying src/uc2/libimg/handlers.py -> build/lib.linux-x86_64-2.7/uc2/libimg
copying src/uc2/libimg/magickwand.py -> build/lib.linux-x86_64-2.7/uc2/libimg
creating build/lib.linux-x86_64-2.7/uc2/libpango
copying src/uc2/libpango/paths.py -> build/lib.linux-x86_64-2.7/uc2/libpango
copying src/uc2/libpango/__init__.py -> build/lib.linux-x86_64-2.7/uc2/libpango
copying src/uc2/libpango/fonts.py -> build/lib.linux-x86_64-2.7/uc2/libpango
copying src/uc2/libpango/markup.py -> build/lib.linux-x86_64-2.7/uc2/libpango
copying src/uc2/libpango/core.py -> build/lib.linux-x86_64-2.7/uc2/libpango
copying src/uc2/libpango/langs.py -> build/lib.linux-x86_64-2.7/uc2/libpango
creating build/lib.linux-x86_64-2.7/uc2/libtrace
copying src/uc2/libtrace/__init__.py -> build/lib.linux-x86_64-2.7/uc2/libtrace
creating build/lib.linux-x86_64-2.7/uc2/utils
copying src/uc2/utils/__init__.py -> build/lib.linux-x86_64-2.7/uc2/utils
copying src/uc2/utils/mixutils.py -> build/lib.linux-x86_64-2.7/uc2/utils
copying src/uc2/utils/fsutils.py -> build/lib.linux-x86_64-2.7/uc2/utils
copying src/uc2/utils/sconfig.py -> build/lib.linux-x86_64-2.7/uc2/utils
copying src/uc2/utils/translator.py -> build/lib.linux-x86_64-2.7/uc2/utils
copying src/uc2/utils/system.py -> build/lib.linux-x86_64-2.7/uc2/utils
copying src/uc2/utils/msw_utils.py -> build/lib.linux-x86_64-2.7/uc2/utils
copying src/uc2/utils/config.py -> build/lib.linux-x86_64-2.7/uc2/utils
creating build/lib.linux-x86_64-2.7/wal
copying src/wal/__init__.py -> build/lib.linux-x86_64-2.7/wal
copying src/wal/renderer.py -> build/lib.linux-x86_64-2.7/wal
copying src/wal/base.py -> build/lib.linux-x86_64-2.7/wal
copying src/wal/utils.py -> build/lib.linux-x86_64-2.7/wal
copying src/wal/mixins.py -> build/lib.linux-x86_64-2.7/wal
creating build/lib.linux-x86_64-2.7/wal/const
copying src/wal/const/__init__.py -> build/lib.linux-x86_64-2.7/wal/const
copying src/wal/const/keys.py -> build/lib.linux-x86_64-2.7/wal/const
copying src/wal/const/ids.py -> build/lib.linux-x86_64-2.7/wal/const
copying src/wal/const/sysconst.py -> build/lib.linux-x86_64-2.7/wal/const
copying src/wal/const/wxconst.py -> build/lib.linux-x86_64-2.7/wal/const
copying src/wal/const/colors.py -> build/lib.linux-x86_64-2.7/wal/const
creating build/lib.linux-x86_64-2.7/wal/dialogs
copying src/wal/dialogs/__init__.py -> build/lib.linux-x86_64-2.7/wal/dialogs
copying src/wal/dialogs/filedlgs.py -> build/lib.linux-x86_64-2.7/wal/dialogs
copying src/wal/dialogs/modaldlgs.py -> build/lib.linux-x86_64-2.7/wal/dialogs
copying src/wal/dialogs/msgdlgs.py -> build/lib.linux-x86_64-2.7/wal/dialogs
creating build/lib.linux-x86_64-2.7/wal/misc
copying src/wal/misc/printing.py -> build/lib.linux-x86_64-2.7/wal/misc
copying src/wal/misc/artprovider.py -> build/lib.linux-x86_64-2.7/wal/misc
copying src/wal/misc/__init__.py -> build/lib.linux-x86_64-2.7/wal/misc
copying src/wal/misc/dnd.py -> build/lib.linux-x86_64-2.7/wal/misc
copying src/wal/misc/clipboard.py -> build/lib.linux-x86_64-2.7/wal/misc
creating build/lib.linux-x86_64-2.7/wal/panels
copying src/wal/panels/__init__.py -> build/lib.linux-x86_64-2.7/wal/panels
copying src/wal/panels/notebook.py -> build/lib.linux-x86_64-2.7/wal/panels
copying src/wal/panels/base.py -> build/lib.linux-x86_64-2.7/wal/panels
copying src/wal/panels/canvas.py -> build/lib.linux-x86_64-2.7/wal/panels
copying src/wal/panels/tabs.py -> build/lib.linux-x86_64-2.7/wal/panels
copying src/wal/panels/stubpanel.py -> build/lib.linux-x86_64-2.7/wal/panels
creating build/lib.linux-x86_64-2.7/wal/widgets
copying src/wal/widgets/checks.py -> build/lib.linux-x86_64-2.7/wal/widgets
copying src/wal/widgets/fontchoice.py -> build/lib.linux-x86_64-2.7/wal/widgets
copying src/wal/widgets/__init__.py -> build/lib.linux-x86_64-2.7/wal/widgets
copying src/wal/widgets/toggles.py -> build/lib.linux-x86_64-2.7/wal/widgets
copying src/wal/widgets/treewidgets.py -> build/lib.linux-x86_64-2.7/wal/widgets
copying src/wal/widgets/entry.py -> build/lib.linux-x86_64-2.7/wal/widgets
copying src/wal/widgets/labels.py -> build/lib.linux-x86_64-2.7/wal/widgets
copying src/wal/widgets/layerlist.py -> build/lib.linux-x86_64-2.7/wal/widgets
copying src/wal/widgets/button.py -> build/lib.linux-x86_64-2.7/wal/widgets
copying src/wal/widgets/combo.py -> build/lib.linux-x86_64-2.7/wal/widgets
copying src/wal/widgets/spins.py -> build/lib.linux-x86_64-2.7/wal/widgets
copying src/wal/widgets/lines.py -> build/lib.linux-x86_64-2.7/wal/widgets
copying src/wal/widgets/listwidgets.py -> build/lib.linux-x86_64-2.7/wal/widgets
copying src/wal/widgets/misc.py -> build/lib.linux-x86_64-2.7/wal/widgets
copying src/wal/widgets/images.py -> build/lib.linux-x86_64-2.7/wal/widgets
copying src/wal/widgets/menu.py -> build/lib.linux-x86_64-2.7/wal/widgets
creating build/lib.linux-x86_64-2.7/sk1/share
creating build/lib.linux-x86_64-2.7/sk1/share/cursors
copying src/sk1/share/cursors/cur_resize4.png -> build/lib.linux-x86_64-2.7/sk1/share/cursors
copying src/sk1/share/cursors/cur_create_ellipse.cur -> build/lib.linux-x86_64-2.7/sk1/share/cursors
copying src/sk1/share/cursors/cur_edit.cur -> build/lib.linux-x86_64-2.7/sk1/share/cursors
copying src/sk1/share/cursors/cur_dotbox.png -> build/lib.linux-x86_64-2.7/sk1/share/cursors
copying src/sk1/share/cursors/cur_resize1_copy.cur -> build/lib.linux-x86_64-2.7/sk1/share/cursors
copying src/sk1/share/cursors/cur_create_polygon.png -> build/lib.linux-x86_64-2.7/sk1/share/cursors
copying src/sk1/share/cursors/cur_zoom_out.cur -> build/lib.linux-x86_64-2.7/sk1/share/cursors
copying src/sk1/share/cursors/cur_resize11_copy.png -> build/lib.linux-x86_64-2.7/sk1/share/cursors
copying src/sk1/share/cursors/cur_text.cur -> build/lib.linux-x86_64-2.7/sk1/share/cursors
copying src/sk1/share/cursors/cur_zoom_in.cur -> build/lib.linux-x86_64-2.7/sk1/share/cursors
copying src/sk1/share/cursors/cur_resize10_copy.cur -> build/lib.linux-x86_64-2.7/sk1/share/cursors
copying src/sk1/share/cursors/cur_pick.cur -> build/lib.linux-x86_64-2.7/sk1/share/cursors
copying src/sk1/share/cursors/cur_copy.png -> build/lib.linux-x86_64-2.7/sk1/share/cursors
copying src/sk1/share/cursors/cur_create_rect.png -> build/lib.linux-x86_64-2.7/sk1/share/cursors
copying src/sk1/share/cursors/cur_zoom.cur -> build/lib.linux-x86_64-2.7/sk1/share/cursors
copying src/sk1/share/cursors/cur_resize11_copy.cur -> build/lib.linux-x86_64-2.7/sk1/share/cursors
copying src/sk1/share/cursors/cur_center.cur -> build/lib.linux-x86_64-2.7/sk1/share/cursors
copying src/sk1/share/cursors/cur_vguide.cur -> build/lib.linux-x86_64-2.7/sk1/share/cursors
copying src/sk1/share/cursors/cur_zoom_in.png -> build/lib.linux-x86_64-2.7/sk1/share/cursors
copying src/sk1/share/cursors/cur_create_gr.png -> build/lib.linux-x86_64-2.7/sk1/share/cursors
copying src/sk1/share/cursors/cur_create_polygon.cur -> build/lib.linux-x86_64-2.7/sk1/share/cursors
copying src/sk1/share/cursors/cur_create_ellipse.png -> build/lib.linux-x86_64-2.7/sk1/share/cursors
copying src/sk1/share/cursors/cur_resize4_copy.png -> build/lib.linux-x86_64-2.7/sk1/share/cursors
copying src/sk1/share/cursors/cur_resize10.png -> build/lib.linux-x86_64-2.7/sk1/share/cursors
copying src/sk1/share/cursors/cur_resize3.png -> build/lib.linux-x86_64-2.7/sk1/share/cursors
copying src/sk1/share/cursors/cur_dotbox.cur -> build/lib.linux-x86_64-2.7/sk1/share/cursors
copying src/sk1/share/cursors/cur_resize2.png -> build/lib.linux-x86_64-2.7/sk1/share/cursors
copying src/sk1/share/cursors/cur_create_gr.cur -> build/lib.linux-x86_64-2.7/sk1/share/cursors
copying src/sk1/share/cursors/cur_resize10.cur -> build/lib.linux-x86_64-2.7/sk1/share/cursors
copying src/sk1/share/cursors/cur_resize13.cur -> build/lib.linux-x86_64-2.7/sk1/share/cursors
copying src/sk1/share/cursors/cur_resize1.cur -> build/lib.linux-x86_64-2.7/sk1/share/cursors
copying src/sk1/share/cursors/cur_create_bezier.png -> build/lib.linux-x86_64-2.7/sk1/share/cursors
copying src/sk1/share/cursors/cur_create_rect.cur -> build/lib.linux-x86_64-2.7/sk1/share/cursors
copying src/sk1/share/cursors/cur_resize10_copy.png -> build/lib.linux-x86_64-2.7/sk1/share/cursors
copying src/sk1/share/cursors/cur_copy.cur -> build/lib.linux-x86_64-2.7/sk1/share/cursors
copying src/sk1/share/cursors/cur_resize4.cur -> build/lib.linux-x86_64-2.7/sk1/share/cursors
copying src/sk1/share/cursors/cur_fleur.png -> build/lib.linux-x86_64-2.7/sk1/share/cursors
copying src/sk1/share/cursors/cur_fleur.cur -> build/lib.linux-x86_64-2.7/sk1/share/cursors
copying src/sk1/share/cursors/cur_hguide.png -> build/lib.linux-x86_64-2.7/sk1/share/cursors
copying src/sk1/share/cursors/cur_create_polyline.png -> build/lib.linux-x86_64-2.7/sk1/share/cursors
copying src/sk1/share/cursors/cur_resize2.cur -> build/lib.linux-x86_64-2.7/sk1/share/cursors
copying src/sk1/share/cursors/cur_text.png -> build/lib.linux-x86_64-2.7/sk1/share/cursors
copying src/sk1/share/cursors/cur_resize2_copy.png -> build/lib.linux-x86_64-2.7/sk1/share/cursors
copying src/sk1/share/cursors/cur_create_polyline.cur -> build/lib.linux-x86_64-2.7/sk1/share/cursors
copying src/sk1/share/cursors/cur_resize3.cur -> build/lib.linux-x86_64-2.7/sk1/share/cursors
copying src/sk1/share/cursors/cur_resize3_copy.cur -> build/lib.linux-x86_64-2.7/sk1/share/cursors
copying src/sk1/share/cursors/cur_create_bezier.cur -> build/lib.linux-x86_64-2.7/sk1/share/cursors
copying src/sk1/share/cursors/cur_move.png -> build/lib.linux-x86_64-2.7/sk1/share/cursors
copying src/sk1/share/cursors/cur_resize2_copy.cur -> build/lib.linux-x86_64-2.7/sk1/share/cursors
copying src/sk1/share/cursors/cur_zoom.png -> build/lib.linux-x86_64-2.7/sk1/share/cursors
copying src/sk1/share/cursors/cur_gr_edit.cur -> build/lib.linux-x86_64-2.7/sk1/share/cursors
copying src/sk1/share/cursors/cur_gr_edit.png -> build/lib.linux-x86_64-2.7/sk1/share/cursors
copying src/sk1/share/cursors/cur_move.cur -> build/lib.linux-x86_64-2.7/sk1/share/cursors
copying src/sk1/share/cursors/cur_resize1.png -> build/lib.linux-x86_64-2.7/sk1/share/cursors
copying src/sk1/share/cursors/cur_resize11.cur -> build/lib.linux-x86_64-2.7/sk1/share/cursors
copying src/sk1/share/cursors/cur_center.png -> build/lib.linux-x86_64-2.7/sk1/share/cursors
copying src/sk1/share/cursors/cur_resize13.png -> build/lib.linux-x86_64-2.7/sk1/share/cursors
copying src/sk1/share/cursors/cur_std.cur -> build/lib.linux-x86_64-2.7/sk1/share/cursors
copying src/sk1/share/cursors/cur_resize13_copy.png -> build/lib.linux-x86_64-2.7/sk1/share/cursors
copying src/sk1/share/cursors/cur_vguide.png -> build/lib.linux-x86_64-2.7/sk1/share/cursors
copying src/sk1/share/cursors/cur_resize11.png -> build/lib.linux-x86_64-2.7/sk1/share/cursors
copying src/sk1/share/cursors/cur_resize13_copy.cur -> build/lib.linux-x86_64-2.7/sk1/share/cursors
copying src/sk1/share/cursors/cur_hguide.cur -> build/lib.linux-x86_64-2.7/sk1/share/cursors
copying src/sk1/share/cursors/cur_std.png -> build/lib.linux-x86_64-2.7/sk1/share/cursors
copying src/sk1/share/cursors/cur_resize3_copy.png -> build/lib.linux-x86_64-2.7/sk1/share/cursors
copying src/sk1/share/cursors/cur_pick.png -> build/lib.linux-x86_64-2.7/sk1/share/cursors
copying src/sk1/share/cursors/cur_edit.png -> build/lib.linux-x86_64-2.7/sk1/share/cursors
copying src/sk1/share/cursors/cur_resize4_copy.cur -> build/lib.linux-x86_64-2.7/sk1/share/cursors
copying src/sk1/share/cursors/cur_zoom_out.png -> build/lib.linux-x86_64-2.7/sk1/share/cursors
copying src/sk1/share/cursors/cur_resize1_copy.png -> build/lib.linux-x86_64-2.7/sk1/share/cursors
creating build/lib.linux-x86_64-2.7/sk1/share/pd_plugins
copying src/sk1/share/pd_plugins/__init__.py -> build/lib.linux-x86_64-2.7/sk1/share/pd_plugins
creating build/lib.linux-x86_64-2.7/sk1/share/templates
copying src/sk1/share/templates/print_calibration_a4.sk2 -> build/lib.linux-x86_64-2.7/sk1/share/templates
copying src/sk1/share/templates/print_calibration_letter.sk2 -> build/lib.linux-x86_64-2.7/sk1/share/templates
copying src/sk1/share/templates/list_printers.vbs -> build/lib.linux-x86_64-2.7/sk1/share/templates
creating build/lib.linux-x86_64-2.7/sk1/share/fonts
creating build/lib.linux-x86_64-2.7/sk1/share/fonts/ruler-font5px
copying src/sk1/share/fonts/ruler-font5px/h6.png -> build/lib.linux-x86_64-2.7/sk1/share/fonts/ruler-font5px
copying src/sk1/share/fonts/ruler-font5px/h2.png -> build/lib.linux-x86_64-2.7/sk1/share/fonts/ruler-font5px
copying src/sk1/share/fonts/ruler-font5px/v8.png -> build/lib.linux-x86_64-2.7/sk1/share/fonts/ruler-font5px
copying src/sk1/share/fonts/ruler-font5px/v-.png -> build/lib.linux-x86_64-2.7/sk1/share/fonts/ruler-font5px
copying src/sk1/share/fonts/ruler-font5px/hdot.png -> build/lib.linux-x86_64-2.7/sk1/share/fonts/ruler-font5px
copying src/sk1/share/fonts/ruler-font5px/h7.png -> build/lib.linux-x86_64-2.7/sk1/share/fonts/ruler-font5px
copying src/sk1/share/fonts/ruler-font5px/v4.png -> build/lib.linux-x86_64-2.7/sk1/share/fonts/ruler-font5px
copying src/sk1/share/fonts/ruler-font5px/h-.png -> build/lib.linux-x86_64-2.7/sk1/share/fonts/ruler-font5px
copying src/sk1/share/fonts/ruler-font5px/v5.png -> build/lib.linux-x86_64-2.7/sk1/share/fonts/ruler-font5px
copying src/sk1/share/fonts/ruler-font5px/v2.png -> build/lib.linux-x86_64-2.7/sk1/share/fonts/ruler-font5px
copying src/sk1/share/fonts/ruler-font5px/h3.png -> build/lib.linux-x86_64-2.7/sk1/share/fonts/ruler-font5px
copying src/sk1/share/fonts/ruler-font5px/v9.png -> build/lib.linux-x86_64-2.7/sk1/share/fonts/ruler-font5px
copying src/sk1/share/fonts/ruler-font5px/h5.png -> build/lib.linux-x86_64-2.7/sk1/share/fonts/ruler-font5px
copying src/sk1/share/fonts/ruler-font5px/h8.png -> build/lib.linux-x86_64-2.7/sk1/share/fonts/ruler-font5px
copying src/sk1/share/fonts/ruler-font5px/h0.png -> build/lib.linux-x86_64-2.7/sk1/share/fonts/ruler-font5px
copying src/sk1/share/fonts/ruler-font5px/h4.png -> build/lib.linux-x86_64-2.7/sk1/share/fonts/ruler-font5px
copying src/sk1/share/fonts/ruler-font5px/vdot.png -> build/lib.linux-x86_64-2.7/sk1/share/fonts/ruler-font5px
copying src/sk1/share/fonts/ruler-font5px/v3.png -> build/lib.linux-x86_64-2.7/sk1/share/fonts/ruler-font5px
copying src/sk1/share/fonts/ruler-font5px/v7.png -> build/lib.linux-x86_64-2.7/sk1/share/fonts/ruler-font5px
copying src/sk1/share/fonts/ruler-font5px/v0.png -> build/lib.linux-x86_64-2.7/sk1/share/fonts/ruler-font5px
copying src/sk1/share/fonts/ruler-font5px/h9.png -> build/lib.linux-x86_64-2.7/sk1/share/fonts/ruler-font5px
copying src/sk1/share/fonts/ruler-font5px/v1.png -> build/lib.linux-x86_64-2.7/sk1/share/fonts/ruler-font5px
copying src/sk1/share/fonts/ruler-font5px/h1.png -> build/lib.linux-x86_64-2.7/sk1/share/fonts/ruler-font5px
copying src/sk1/share/fonts/ruler-font5px/v6.png -> build/lib.linux-x86_64-2.7/sk1/share/fonts/ruler-font5px
creating build/lib.linux-x86_64-2.7/sk1/share/fonts/ruler-font6px
copying src/sk1/share/fonts/ruler-font6px/h6.png -> build/lib.linux-x86_64-2.7/sk1/share/fonts/ruler-font6px
copying src/sk1/share/fonts/ruler-font6px/h2.png -> build/lib.linux-x86_64-2.7/sk1/share/fonts/ruler-font6px
copying src/sk1/share/fonts/ruler-font6px/v8.png -> build/lib.linux-x86_64-2.7/sk1/share/fonts/ruler-font6px
copying src/sk1/share/fonts/ruler-font6px/v-.png -> build/lib.linux-x86_64-2.7/sk1/share/fonts/ruler-font6px
copying src/sk1/share/fonts/ruler-font6px/hdot.png -> build/lib.linux-x86_64-2.7/sk1/share/fonts/ruler-font6px
copying src/sk1/share/fonts/ruler-font6px/h7.png -> build/lib.linux-x86_64-2.7/sk1/share/fonts/ruler-font6px
copying src/sk1/share/fonts/ruler-font6px/v4.png -> build/lib.linux-x86_64-2.7/sk1/share/fonts/ruler-font6px
copying src/sk1/share/fonts/ruler-font6px/h-.png -> build/lib.linux-x86_64-2.7/sk1/share/fonts/ruler-font6px
copying src/sk1/share/fonts/ruler-font6px/v5.png -> build/lib.linux-x86_64-2.7/sk1/share/fonts/ruler-font6px
copying src/sk1/share/fonts/ruler-font6px/v2.png -> build/lib.linux-x86_64-2.7/sk1/share/fonts/ruler-font6px
copying src/sk1/share/fonts/ruler-font6px/h3.png -> build/lib.linux-x86_64-2.7/sk1/share/fonts/ruler-font6px
copying src/sk1/share/fonts/ruler-font6px/v9.png -> build/lib.linux-x86_64-2.7/sk1/share/fonts/ruler-font6px
copying src/sk1/share/fonts/ruler-font6px/h5.png -> build/lib.linux-x86_64-2.7/sk1/share/fonts/ruler-font6px
copying src/sk1/share/fonts/ruler-font6px/h8.png -> build/lib.linux-x86_64-2.7/sk1/share/fonts/ruler-font6px
copying src/sk1/share/fonts/ruler-font6px/h0.png -> build/lib.linux-x86_64-2.7/sk1/share/fonts/ruler-font6px
copying src/sk1/share/fonts/ruler-font6px/h4.png -> build/lib.linux-x86_64-2.7/sk1/share/fonts/ruler-font6px
copying src/sk1/share/fonts/ruler-font6px/vdot.png -> build/lib.linux-x86_64-2.7/sk1/share/fonts/ruler-font6px
copying src/sk1/share/fonts/ruler-font6px/v3.png -> build/lib.linux-x86_64-2.7/sk1/share/fonts/ruler-font6px
copying src/sk1/share/fonts/ruler-font6px/v7.png -> build/lib.linux-x86_64-2.7/sk1/share/fonts/ruler-font6px
copying src/sk1/share/fonts/ruler-font6px/v0.png -> build/lib.linux-x86_64-2.7/sk1/share/fonts/ruler-font6px
copying src/sk1/share/fonts/ruler-font6px/h9.png -> build/lib.linux-x86_64-2.7/sk1/share/fonts/ruler-font6px
copying src/sk1/share/fonts/ruler-font6px/v1.png -> build/lib.linux-x86_64-2.7/sk1/share/fonts/ruler-font6px
copying src/sk1/share/fonts/ruler-font6px/h1.png -> build/lib.linux-x86_64-2.7/sk1/share/fonts/ruler-font6px
copying src/sk1/share/fonts/ruler-font6px/v6.png -> build/lib.linux-x86_64-2.7/sk1/share/fonts/ruler-font6px
creating build/lib.linux-x86_64-2.7/sk1/share/fonts/ruler-font7px
copying src/sk1/share/fonts/ruler-font7px/h6.png -> build/lib.linux-x86_64-2.7/sk1/share/fonts/ruler-font7px
copying src/sk1/share/fonts/ruler-font7px/h2.png -> build/lib.linux-x86_64-2.7/sk1/share/fonts/ruler-font7px
copying src/sk1/share/fonts/ruler-font7px/v8.png -> build/lib.linux-x86_64-2.7/sk1/share/fonts/ruler-font7px
copying src/sk1/share/fonts/ruler-font7px/v-.png -> build/lib.linux-x86_64-2.7/sk1/share/fonts/ruler-font7px
copying src/sk1/share/fonts/ruler-font7px/hdot.png -> build/lib.linux-x86_64-2.7/sk1/share/fonts/ruler-font7px
copying src/sk1/share/fonts/ruler-font7px/h7.png -> build/lib.linux-x86_64-2.7/sk1/share/fonts/ruler-font7px
copying src/sk1/share/fonts/ruler-font7px/v4.png -> build/lib.linux-x86_64-2.7/sk1/share/fonts/ruler-font7px
copying src/sk1/share/fonts/ruler-font7px/h-.png -> build/lib.linux-x86_64-2.7/sk1/share/fonts/ruler-font7px
copying src/sk1/share/fonts/ruler-font7px/v5.png -> build/lib.linux-x86_64-2.7/sk1/share/fonts/ruler-font7px
copying src/sk1/share/fonts/ruler-font7px/v2.png -> build/lib.linux-x86_64-2.7/sk1/share/fonts/ruler-font7px
copying src/sk1/share/fonts/ruler-font7px/h3.png -> build/lib.linux-x86_64-2.7/sk1/share/fonts/ruler-font7px
copying src/sk1/share/fonts/ruler-font7px/v9.png -> build/lib.linux-x86_64-2.7/sk1/share/fonts/ruler-font7px
copying src/sk1/share/fonts/ruler-font7px/h5.png -> build/lib.linux-x86_64-2.7/sk1/share/fonts/ruler-font7px
copying src/sk1/share/fonts/ruler-font7px/h8.png -> build/lib.linux-x86_64-2.7/sk1/share/fonts/ruler-font7px
copying src/sk1/share/fonts/ruler-font7px/h0.png -> build/lib.linux-x86_64-2.7/sk1/share/fonts/ruler-font7px
copying src/sk1/share/fonts/ruler-font7px/h4.png -> build/lib.linux-x86_64-2.7/sk1/share/fonts/ruler-font7px
copying src/sk1/share/fonts/ruler-font7px/vdot.png -> build/lib.linux-x86_64-2.7/sk1/share/fonts/ruler-font7px
copying src/sk1/share/fonts/ruler-font7px/v3.png -> build/lib.linux-x86_64-2.7/sk1/share/fonts/ruler-font7px
copying src/sk1/share/fonts/ruler-font7px/v7.png -> build/lib.linux-x86_64-2.7/sk1/share/fonts/ruler-font7px
copying src/sk1/share/fonts/ruler-font7px/v0.png -> build/lib.linux-x86_64-2.7/sk1/share/fonts/ruler-font7px
copying src/sk1/share/fonts/ruler-font7px/h9.png -> build/lib.linux-x86_64-2.7/sk1/share/fonts/ruler-font7px
copying src/sk1/share/fonts/ruler-font7px/v1.png -> build/lib.linux-x86_64-2.7/sk1/share/fonts/ruler-font7px
copying src/sk1/share/fonts/ruler-font7px/h1.png -> build/lib.linux-x86_64-2.7/sk1/share/fonts/ruler-font7px
copying src/sk1/share/fonts/ruler-font7px/v6.png -> build/lib.linux-x86_64-2.7/sk1/share/fonts/ruler-font7px
creating build/lib.linux-x86_64-2.7/sk1/share/fonts/ruler-font8px
copying src/sk1/share/fonts/ruler-font8px/h6.png -> build/lib.linux-x86_64-2.7/sk1/share/fonts/ruler-font8px
copying src/sk1/share/fonts/ruler-font8px/h2.png -> build/lib.linux-x86_64-2.7/sk1/share/fonts/ruler-font8px
copying src/sk1/share/fonts/ruler-font8px/v8.png -> build/lib.linux-x86_64-2.7/sk1/share/fonts/ruler-font8px
copying src/sk1/share/fonts/ruler-font8px/v-.png -> build/lib.linux-x86_64-2.7/sk1/share/fonts/ruler-font8px
copying src/sk1/share/fonts/ruler-font8px/hdot.png -> build/lib.linux-x86_64-2.7/sk1/share/fonts/ruler-font8px
copying src/sk1/share/fonts/ruler-font8px/h7.png -> build/lib.linux-x86_64-2.7/sk1/share/fonts/ruler-font8px
copying src/sk1/share/fonts/ruler-font8px/v4.png -> build/lib.linux-x86_64-2.7/sk1/share/fonts/ruler-font8px
copying src/sk1/share/fonts/ruler-font8px/h-.png -> build/lib.linux-x86_64-2.7/sk1/share/fonts/ruler-font8px
copying src/sk1/share/fonts/ruler-font8px/v5.png -> build/lib.linux-x86_64-2.7/sk1/share/fonts/ruler-font8px
copying src/sk1/share/fonts/ruler-font8px/v2.png -> build/lib.linux-x86_64-2.7/sk1/share/fonts/ruler-font8px
copying src/sk1/share/fonts/ruler-font8px/h3.png -> build/lib.linux-x86_64-2.7/sk1/share/fonts/ruler-font8px
copying src/sk1/share/fonts/ruler-font8px/v9.png -> build/lib.linux-x86_64-2.7/sk1/share/fonts/ruler-font8px
copying src/sk1/share/fonts/ruler-font8px/h5.png -> build/lib.linux-x86_64-2.7/sk1/share/fonts/ruler-font8px
copying src/sk1/share/fonts/ruler-font8px/h8.png -> build/lib.linux-x86_64-2.7/sk1/share/fonts/ruler-font8px
copying src/sk1/share/fonts/ruler-font8px/h0.png -> build/lib.linux-x86_64-2.7/sk1/share/fonts/ruler-font8px
copying src/sk1/share/fonts/ruler-font8px/h4.png -> build/lib.linux-x86_64-2.7/sk1/share/fonts/ruler-font8px
copying src/sk1/share/fonts/ruler-font8px/vdot.png -> build/lib.linux-x86_64-2.7/sk1/share/fonts/ruler-font8px
copying src/sk1/share/fonts/ruler-font8px/v3.png -> build/lib.linux-x86_64-2.7/sk1/share/fonts/ruler-font8px
copying src/sk1/share/fonts/ruler-font8px/v7.png -> build/lib.linux-x86_64-2.7/sk1/share/fonts/ruler-font8px
copying src/sk1/share/fonts/ruler-font8px/v0.png -> build/lib.linux-x86_64-2.7/sk1/share/fonts/ruler-font8px
copying src/sk1/share/fonts/ruler-font8px/h9.png -> build/lib.linux-x86_64-2.7/sk1/share/fonts/ruler-font8px
copying src/sk1/share/fonts/ruler-font8px/v1.png -> build/lib.linux-x86_64-2.7/sk1/share/fonts/ruler-font8px
copying src/sk1/share/fonts/ruler-font8px/h1.png -> build/lib.linux-x86_64-2.7/sk1/share/fonts/ruler-font8px
copying src/sk1/share/fonts/ruler-font8px/v6.png -> build/lib.linux-x86_64-2.7/sk1/share/fonts/ruler-font8px
creating build/lib.linux-x86_64-2.7/sk1/share/icons
creating build/lib.linux-x86_64-2.7/sk1/share/icons/generic
copying src/sk1/share/icons/generic/sk1-icon-16x16.png -> build/lib.linux-x86_64-2.7/sk1/share/icons/generic
copying src/sk1/share/icons/generic/action-lock-guides.png -> build/lib.linux-x86_64-2.7/sk1/share/icons/generic
copying src/sk1/share/icons/generic/tool-fill.png -> build/lib.linux-x86_64-2.7/sk1/share/icons/generic
copying src/sk1/share/icons/generic/action-group.png -> build/lib.linux-x86_64-2.7/sk1/share/icons/generic
copying src/sk1/share/icons/generic/small-cell-selection.png -> build/lib.linux-x86_64-2.7/sk1/share/icons/generic
copying src/sk1/share/icons/generic/pattern-shear-y.png -> build/lib.linux-x86_64-2.7/sk1/share/icons/generic
copying src/sk1/share/icons/generic/text-italic.png -> build/lib.linux-x86_64-2.7/sk1/share/icons/generic
copying src/sk1/share/icons/generic/slider-stop.png -> build/lib.linux-x86_64-2.7/sk1/share/icons/generic
copying src/sk1/share/icons/generic/tool-create-polygon.png -> build/lib.linux-x86_64-2.7/sk1/share/icons/generic
copying src/sk1/share/icons/generic/paths-intersection.png -> build/lib.linux-x86_64-2.7/sk1/share/icons/generic
copying src/sk1/share/icons/generic/circle-pie-slice.png -> build/lib.linux-x86_64-2.7/sk1/share/icons/generic
copying src/sk1/share/icons/generic/text-lowercase.png -> build/lib.linux-x86_64-2.7/sk1/share/icons/generic
copying src/sk1/share/icons/generic/bezier-smooth.png -> build/lib.linux-x86_64-2.7/sk1/share/icons/generic
copying src/sk1/share/icons/generic/bezier-add-node.png -> build/lib.linux-x86_64-2.7/sk1/share/icons/generic
copying src/sk1/share/icons/generic/ctx-plgn-cfg.png -> build/lib.linux-x86_64-2.7/sk1/share/icons/generic
copying src/sk1/share/icons/generic/bezier-to-curve.png -> build/lib.linux-x86_64-2.7/sk1/share/icons/generic
copying src/sk1/share/icons/generic/tool-create-poly.png -> build/lib.linux-x86_64-2.7/sk1/share/icons/generic
copying src/sk1/share/icons/generic/palette-auto.png -> build/lib.linux-x86_64-2.7/sk1/share/icons/generic
copying src/sk1/share/icons/generic/cap-projecting.png -> build/lib.linux-x86_64-2.7/sk1/share/icons/generic
copying src/sk1/share/icons/generic/bezier-to-line.png -> build/lib.linux-x86_64-2.7/sk1/share/icons/generic
copying src/sk1/share/icons/generic/app-status.png -> build/lib.linux-x86_64-2.7/sk1/share/icons/generic
copying src/sk1/share/icons/generic/sk1-icon.ico -> build/lib.linux-x86_64-2.7/sk1/share/icons/generic
copying src/sk1/share/icons/generic/ctx-rounded-rect1_on.png -> build/lib.linux-x86_64-2.7/sk1/share/icons/generic
copying src/sk1/share/icons/generic/snap-to-page-on.png -> build/lib.linux-x86_64-2.7/sk1/share/icons/generic
copying src/sk1/share/icons/generic/action-to-spot.png -> build/lib.linux-x86_64-2.7/sk1/share/icons/generic
copying src/sk1/share/icons/generic/arrow-top.png -> build/lib.linux-x86_64-2.7/sk1/share/icons/generic
copying src/sk1/share/icons/generic/prefs-palette.png -> build/lib.linux-x86_64-2.7/sk1/share/icons/generic
copying src/sk1/share/icons/generic/sk1-icon-64x64.png -> build/lib.linux-x86_64-2.7/sk1/share/icons/generic
copying src/sk1/share/icons/generic/action-to-lab.png -> build/lib.linux-x86_64-2.7/sk1/share/icons/generic
copying src/sk1/share/icons/generic/prefs-cms.png -> build/lib.linux-x86_64-2.7/sk1/share/icons/generic
copying src/sk1/share/icons/generic/text-strikethrough.png -> build/lib.linux-x86_64-2.7/sk1/share/icons/generic
copying src/sk1/share/icons/generic/pager-arrow-start.png -> build/lib.linux-x86_64-2.7/sk1/share/icons/generic
copying src/sk1/share/icons/generic/ctx-rounded-rect1_off.png -> build/lib.linux-x86_64-2.7/sk1/share/icons/generic
copying src/sk1/share/icons/generic/tool-gradient.png -> build/lib.linux-x86_64-2.7/sk1/share/icons/generic
copying src/sk1/share/icons/generic/ctx-rounded-rect4_off.png -> build/lib.linux-x86_64-2.7/sk1/share/icons/generic
copying src/sk1/share/icons/generic/paths-fusion.png -> build/lib.linux-x86_64-2.7/sk1/share/icons/generic
copying src/sk1/share/icons/generic/action-goto-page.png -> build/lib.linux-x86_64-2.7/sk1/share/icons/generic
copying src/sk1/share/icons/generic/print-orient-portrait.png -> build/lib.linux-x86_64-2.7/sk1/share/icons/generic
copying src/sk1/share/icons/generic/action-to-bw.png -> build/lib.linux-x86_64-2.7/sk1/share/icons/generic
copying src/sk1/share/icons/generic/bezier-sel-all-nodes.png -> build/lib.linux-x86_64-2.7/sk1/share/icons/generic
copying src/sk1/share/icons/generic/tool-fleur.png -> build/lib.linux-x86_64-2.7/sk1/share/icons/generic
copying src/sk1/share/icons/generic/action-ungroup.png -> build/lib.linux-x86_64-2.7/sk1/share/icons/generic
copying src/sk1/share/icons/generic/align-justify.png -> build/lib.linux-x86_64-2.7/sk1/share/icons/generic
copying src/sk1/share/icons/generic/ctx-object-resize.png -> build/lib.linux-x86_64-2.7/sk1/share/icons/generic
copying src/sk1/share/icons/generic/ctx-plgn-num.png -> build/lib.linux-x86_64-2.7/sk1/share/icons/generic
copying src/sk1/share/icons/generic/doc-origin-center.png -> build/lib.linux-x86_64-2.7/sk1/share/icons/generic
copying src/sk1/share/icons/generic/palette-normal.png -> build/lib.linux-x86_64-2.7/sk1/share/icons/generic
copying src/sk1/share/icons/generic/pdesign-close-button.png -> build/lib.linux-x86_64-2.7/sk1/share/icons/generic
copying src/sk1/share/icons/generic/pdesign-tool-pages.png -> build/lib.linux-x86_64-2.7/sk1/share/icons/generic
copying src/sk1/share/icons/generic/tool-zoom.png -> build/lib.linux-x86_64-2.7/sk1/share/icons/generic
copying src/sk1/share/icons/generic/align-left.png -> build/lib.linux-x86_64-2.7/sk1/share/icons/generic
copying src/sk1/share/icons/generic/ctx-font.png -> build/lib.linux-x86_64-2.7/sk1/share/icons/generic
copying src/sk1/share/icons/generic/text-superscript.png -> build/lib.linux-x86_64-2.7/sk1/share/icons/generic
copying src/sk1/share/icons/generic/printer-laser.png -> build/lib.linux-x86_64-2.7/sk1/share/icons/generic
copying src/sk1/share/icons/generic/download-48.png -> build/lib.linux-x86_64-2.7/sk1/share/icons/generic
copying src/sk1/share/icons/generic/sk1-icon-128x128.png -> build/lib.linux-x86_64-2.7/sk1/share/icons/generic
copying src/sk1/share/icons/generic/printer-pdf.png -> build/lib.linux-x86_64-2.7/sk1/share/icons/generic
copying src/sk1/share/icons/generic/bezier-sel-subpath-nodes.png -> build/lib.linux-x86_64-2.7/sk1/share/icons/generic
copying src/sk1/share/icons/generic/action-evenodd.png -> build/lib.linux-x86_64-2.7/sk1/share/icons/generic
copying src/sk1/share/icons/generic/transform-position.png -> build/lib.linux-x86_64-2.7/sk1/share/icons/generic
copying src/sk1/share/icons/generic/print-mode-mono.png -> build/lib.linux-x86_64-2.7/sk1/share/icons/generic
copying src/sk1/share/icons/generic/circle-arc.png -> build/lib.linux-x86_64-2.7/sk1/share/icons/generic
copying src/sk1/share/icons/generic/join-bevel.png -> build/lib.linux-x86_64-2.7/sk1/share/icons/generic
copying src/sk1/share/icons/generic/text-uppercase.png -> build/lib.linux-x86_64-2.7/sk1/share/icons/generic
copying src/sk1/share/icons/generic/popup-menu.png -> build/lib.linux-x86_64-2.7/sk1/share/icons/generic
copying src/sk1/share/icons/generic/ctx-rounded-rect2_on.png -> build/lib.linux-x86_64-2.7/sk1/share/icons/generic
copying src/sk1/share/icons/generic/snap-to-grid-on.png -> build/lib.linux-x86_64-2.7/sk1/share/icons/generic
copying src/sk1/share/icons/generic/cairo-banner.png -> build/lib.linux-x86_64-2.7/sk1/share/icons/generic
copying src/sk1/share/icons/generic/mouse-monitor.png -> build/lib.linux-x86_64-2.7/sk1/share/icons/generic
copying src/sk1/share/icons/generic/ctx-mirror-v.png -> build/lib.linux-x86_64-2.7/sk1/share/icons/generic
copying src/sk1/share/icons/generic/ctx-units.png -> build/lib.linux-x86_64-2.7/sk1/share/icons/generic
copying src/sk1/share/icons/generic/action-lower.png -> build/lib.linux-x86_64-2.7/sk1/share/icons/generic
copying src/sk1/share/icons/generic/tool-select.png -> build/lib.linux-x86_64-2.7/sk1/share/icons/generic
copying src/sk1/share/icons/generic/tool-stroke-16.png -> build/lib.linux-x86_64-2.7/sk1/share/icons/generic
copying src/sk1/share/icons/generic/pattern-rotate.png -> build/lib.linux-x86_64-2.7/sk1/share/icons/generic
copying src/sk1/share/icons/generic/ctx-page-landscape.png -> build/lib.linux-x86_64-2.7/sk1/share/icons/generic
copying src/sk1/share/icons/generic/ctx-page-portrait.png -> build/lib.linux-x86_64-2.7/sk1/share/icons/generic
copying src/sk1/share/icons/generic/sk1-icon-22x22.png -> build/lib.linux-x86_64-2.7/sk1/share/icons/generic
copying src/sk1/share/icons/generic/prefs-general.png -> build/lib.linux-x86_64-2.7/sk1/share/icons/generic
copying src/sk1/share/icons/generic/doc-origin-ll.png -> build/lib.linux-x86_64-2.7/sk1/share/icons/generic
copying src/sk1/share/icons/generic/paths-trim.png -> build/lib.linux-x86_64-2.7/sk1/share/icons/generic
copying src/sk1/share/icons/generic/ctx-mirror-h.png -> build/lib.linux-x86_64-2.7/sk1/share/icons/generic
copying src/sk1/share/icons/generic/print-copies-rev.png -> build/lib.linux-x86_64-2.7/sk1/share/icons/generic
copying src/sk1/share/icons/generic/progress.gif -> build/lib.linux-x86_64-2.7/sk1/share/icons/generic
copying src/sk1/share/icons/generic/plugin-icon.png -> build/lib.linux-x86_64-2.7/sk1/share/icons/generic
copying src/sk1/share/icons/generic/action-nonzero.png -> build/lib.linux-x86_64-2.7/sk1/share/icons/generic
copying src/sk1/share/icons/generic/bezier-delete-node.png -> build/lib.linux-x86_64-2.7/sk1/share/icons/generic
copying src/sk1/share/icons/generic/double-arrow-right.png -> build/lib.linux-x86_64-2.7/sk1/share/icons/generic
copying src/sk1/share/icons/generic/action-layer-new.png -> build/lib.linux-x86_64-2.7/sk1/share/icons/generic
copying src/sk1/share/icons/generic/document-icon.png -> build/lib.linux-x86_64-2.7/sk1/share/icons/generic
copying src/sk1/share/icons/generic/transform-rotate.png -> build/lib.linux-x86_64-2.7/sk1/share/icons/generic
copying src/sk1/share/icons/generic/snap-to-page-off.png -> build/lib.linux-x86_64-2.7/sk1/share/icons/generic
copying src/sk1/share/icons/generic/action-to-rgb.png -> build/lib.linux-x86_64-2.7/sk1/share/icons/generic
copying src/sk1/share/icons/generic/bezier-reverse-all-paths.png -> build/lib.linux-x86_64-2.7/sk1/share/icons/generic
copying src/sk1/share/icons/generic/palette-list.png -> build/lib.linux-x86_64-2.7/sk1/share/icons/generic
copying src/sk1/share/icons/generic/cap-butt.png -> build/lib.linux-x86_64-2.7/sk1/share/icons/generic
copying src/sk1/share/icons/generic/snap-to-guide-off.png -> build/lib.linux-x86_64-2.7/sk1/share/icons/generic
copying src/sk1/share/icons/generic/pdesign-close-button-active.png -> build/lib.linux-x86_64-2.7/sk1/share/icons/generic
copying src/sk1/share/icons/generic/tool-fill-16.png -> build/lib.linux-x86_64-2.7/sk1/share/icons/generic
copying src/sk1/share/icons/generic/action-page-frame.png -> build/lib.linux-x86_64-2.7/sk1/share/icons/generic
copying src/sk1/share/icons/generic/snap-to-obj-on.png -> build/lib.linux-x86_64-2.7/sk1/share/icons/generic
copying src/sk1/share/icons/generic/action-previous-page.png -> build/lib.linux-x86_64-2.7/sk1/share/icons/generic
copying src/sk1/share/icons/generic/pager-arrow-end.png -> build/lib.linux-x86_64-2.7/sk1/share/icons/generic
copying src/sk1/share/icons/generic/action-remove-all-guides.png -> build/lib.linux-x86_64-2.7/sk1/share/icons/generic
copying src/sk1/share/icons/generic/bezier-del-subpath.png -> build/lib.linux-x86_64-2.7/sk1/share/icons/generic
copying src/sk1/share/icons/generic/cap-round.png -> build/lib.linux-x86_64-2.7/sk1/share/icons/generic
copying src/sk1/share/icons/generic/ctx-rounded-rect3_on.png -> build/lib.linux-x86_64-2.7/sk1/share/icons/generic
copying src/sk1/share/icons/generic/bezier-split-node.png -> build/lib.linux-x86_64-2.7/sk1/share/icons/generic
copying src/sk1/share/icons/generic/prefs-ui.png -> build/lib.linux-x86_64-2.7/sk1/share/icons/generic
copying src/sk1/share/icons/generic/slider-knob-selected.png -> build/lib.linux-x86_64-2.7/sk1/share/icons/generic
copying src/sk1/share/icons/generic/action-to-gray.png -> build/lib.linux-x86_64-2.7/sk1/share/icons/generic
copying src/sk1/share/icons/generic/radial-grad.png -> build/lib.linux-x86_64-2.7/sk1/share/icons/generic
copying src/sk1/share/icons/generic/action-invert-bitmap.png -> build/lib.linux-x86_64-2.7/sk1/share/icons/generic
copying src/sk1/share/icons/generic/plugin-iconizer.png -> build/lib.linux-x86_64-2.7/sk1/share/icons/generic
copying src/sk1/share/icons/generic/action-combine.png -> build/lib.linux-x86_64-2.7/sk1/share/icons/generic
copying src/sk1/share/icons/generic/arrow-right.png -> build/lib.linux-x86_64-2.7/sk1/share/icons/generic
copying src/sk1/share/icons/generic/ctx-rounded-rect2_off.png -> build/lib.linux-x86_64-2.7/sk1/share/icons/generic
copying src/sk1/share/icons/generic/prefs-cms-banner.png -> build/lib.linux-x86_64-2.7/sk1/share/icons/generic
copying src/sk1/share/icons/generic/doc-origin-lu.png -> build/lib.linux-x86_64-2.7/sk1/share/icons/generic
copying src/sk1/share/icons/generic/stub-open.png -> build/lib.linux-x86_64-2.7/sk1/share/icons/generic
copying src/sk1/share/icons/generic/transform-resize.png -> build/lib.linux-x86_64-2.7/sk1/share/icons/generic
copying src/sk1/share/icons/generic/slider-stop-selected.png -> build/lib.linux-x86_64-2.7/sk1/share/icons/generic
copying src/sk1/share/icons/generic/action-empty.png -> build/lib.linux-x86_64-2.7/sk1/share/icons/generic
copying src/sk1/share/icons/generic/print-copies.png -> build/lib.linux-x86_64-2.7/sk1/share/icons/generic
copying src/sk1/share/icons/generic/large-cell-selection.png -> build/lib.linux-x86_64-2.7/sk1/share/icons/generic
copying src/sk1/share/icons/generic/ctx-rounded-rect.png -> build/lib.linux-x86_64-2.7/sk1/share/icons/generic
copying src/sk1/share/icons/generic/paths-exclusion.png -> build/lib.linux-x86_64-2.7/sk1/share/icons/generic
copying src/sk1/share/icons/generic/print-copies-rev-col.png -> build/lib.linux-x86_64-2.7/sk1/share/icons/generic
copying src/sk1/share/icons/generic/text-clear-markup.png -> build/lib.linux-x86_64-2.7/sk1/share/icons/generic
copying src/sk1/share/icons/generic/pager-arrow-left.png -> build/lib.linux-x86_64-2.7/sk1/share/icons/generic
copying src/sk1/share/icons/generic/sk1-icon-24x24.png -> build/lib.linux-x86_64-2.7/sk1/share/icons/generic
copying src/sk1/share/icons/generic/bezier-reverse-subpath.png -> build/lib.linux-x86_64-2.7/sk1/share/icons/generic
copying src/sk1/share/icons/generic/text-capitalize.png -> build/lib.linux-x86_64-2.7/sk1/share/icons/generic
copying src/sk1/share/icons/generic/snap-to-grid-off.png -> build/lib.linux-x86_64-2.7/sk1/share/icons/generic
copying src/sk1/share/icons/generic/reg-sign.png -> build/lib.linux-x86_64-2.7/sk1/share/icons/generic
copying src/sk1/share/icons/generic/align-right.png -> build/lib.linux-x86_64-2.7/sk1/share/icons/generic
copying src/sk1/share/icons/generic/action-break.png -> build/lib.linux-x86_64-2.7/sk1/share/icons/generic
copying src/sk1/share/icons/generic/pdesign-tool-layers.png -> build/lib.linux-x86_64-2.7/sk1/share/icons/generic
copying src/sk1/share/icons/generic/ctx-ratio.png -> build/lib.linux-x86_64-2.7/sk1/share/icons/generic
copying src/sk1/share/icons/generic/tool-create-ellipse.png -> build/lib.linux-x86_64-2.7/sk1/share/icons/generic
copying src/sk1/share/icons/generic/pattern-origin-x.png -> build/lib.linux-x86_64-2.7/sk1/share/icons/generic
copying src/sk1/share/icons/generic/bezier-del-seg.png -> build/lib.linux-x86_64-2.7/sk1/share/icons/generic
copying src/sk1/share/icons/generic/tool-shaper.png -> build/lib.linux-x86_64-2.7/sk1/share/icons/generic
copying src/sk1/share/icons/generic/text-subscript.png -> build/lib.linux-x86_64-2.7/sk1/share/icons/generic
copying src/sk1/share/icons/generic/snap-to-guide-on.png -> build/lib.linux-x86_64-2.7/sk1/share/icons/generic
copying src/sk1/share/icons/generic/ctx-object-jump.png -> build/lib.linux-x86_64-2.7/sk1/share/icons/generic
copying src/sk1/share/icons/generic/action-fill-any.png -> build/lib.linux-x86_64-2.7/sk1/share/icons/generic
copying src/sk1/share/icons/generic/ctx-circle-end-angle.png -> build/lib.linux-x86_64-2.7/sk1/share/icons/generic
copying src/sk1/share/icons/generic/prefs-printers.png -> build/lib.linux-x86_64-2.7/sk1/share/icons/generic
copying src/sk1/share/icons/generic/ctx-circle-start-angle.png -> build/lib.linux-x86_64-2.7/sk1/share/icons/generic
copying src/sk1/share/icons/generic/bezier-symmetric.png -> build/lib.linux-x86_64-2.7/sk1/share/icons/generic
copying src/sk1/share/icons/generic/print-orient-landscape.png -> build/lib.linux-x86_64-2.7/sk1/share/icons/generic
copying src/sk1/share/icons/generic/no-color.png -> build/lib.linux-x86_64-2.7/sk1/share/icons/generic
copying src/sk1/share/icons/generic/sk1-icon-48x48.png -> build/lib.linux-x86_64-2.7/sk1/share/icons/generic
copying src/sk1/share/icons/generic/circle-chord.png -> build/lib.linux-x86_64-2.7/sk1/share/icons/generic
copying src/sk1/share/icons/generic/action-raise.png -> build/lib.linux-x86_64-2.7/sk1/share/icons/generic
copying src/sk1/share/icons/generic/prefs-edit.png -> build/lib.linux-x86_64-2.7/sk1/share/icons/generic
copying src/sk1/share/icons/generic/join-round.png -> build/lib.linux-x86_64-2.7/sk1/share/icons/generic
copying src/sk1/share/icons/generic/action-raise-to-top.png -> build/lib.linux-x86_64-2.7/sk1/share/icons/generic
copying src/sk1/share/icons/generic/action-to-curves.png -> build/lib.linux-x86_64-2.7/sk1/share/icons/generic
copying src/sk1/share/icons/generic/stub-recent.png -> build/lib.linux-x86_64-2.7/sk1/share/icons/generic
copying src/sk1/share/icons/generic/slider-knob.png -> build/lib.linux-x86_64-2.7/sk1/share/icons/generic
copying src/sk1/share/icons/generic/linear-grad.png -> build/lib.linux-x86_64-2.7/sk1/share/icons/generic
copying src/sk1/share/icons/generic/prefs-ruler.png -> build/lib.linux-x86_64-2.7/sk1/share/icons/generic
copying src/sk1/share/icons/generic/bezier-extract-subpath.png -> build/lib.linux-x86_64-2.7/sk1/share/icons/generic
copying src/sk1/share/icons/generic/pager-arrow-right.png -> build/lib.linux-x86_64-2.7/sk1/share/icons/generic
copying src/sk1/share/icons/generic/transform-shear.png -> build/lib.linux-x86_64-2.7/sk1/share/icons/generic
copying src/sk1/share/icons/generic/zoom.png -> build/lib.linux-x86_64-2.7/sk1/share/icons/generic
copying src/sk1/share/icons/generic/action-page-guide-frame.png -> build/lib.linux-x86_64-2.7/sk1/share/icons/generic
copying src/sk1/share/icons/generic/action-layer-delete.png -> build/lib.linux-x86_64-2.7/sk1/share/icons/generic
copying src/sk1/share/icons/generic/bezier-add-seg.png -> build/lib.linux-x86_64-2.7/sk1/share/icons/generic
copying src/sk1/share/icons/generic/pattern-origin-y.png -> build/lib.linux-x86_64-2.7/sk1/share/icons/generic
copying src/sk1/share/icons/generic/join-miter.png -> build/lib.linux-x86_64-2.7/sk1/share/icons/generic
copying src/sk1/share/icons/generic/prefs-fonts.png -> build/lib.linux-x86_64-2.7/sk1/share/icons/generic
copying src/sk1/share/icons/generic/ctx-rounded-rect4_on.png -> build/lib.linux-x86_64-2.7/sk1/share/icons/generic
copying src/sk1/share/icons/generic/transform-scale.png -> build/lib.linux-x86_64-2.7/sk1/share/icons/generic
copying src/sk1/share/icons/generic/tool-stroke.png -> build/lib.linux-x86_64-2.7/sk1/share/icons/generic
copying src/sk1/share/icons/generic/tool-create-text.png -> build/lib.linux-x86_64-2.7/sk1/share/icons/generic
copying src/sk1/share/icons/generic/ctx-rotate-right.png -> build/lib.linux-x86_64-2.7/sk1/share/icons/generic
copying src/sk1/share/icons/generic/ctx-ligature.png -> build/lib.linux-x86_64-2.7/sk1/share/icons/generic
copying src/sk1/share/icons/generic/prefs-no-printers.png -> build/lib.linux-x86_64-2.7/sk1/share/icons/generic
copying src/sk1/share/icons/generic/action-ungroup-all.png -> build/lib.linux-x86_64-2.7/sk1/share/icons/generic
copying src/sk1/share/icons/generic/tool-create-curve.png -> build/lib.linux-x86_64-2.7/sk1/share/icons/generic
copying src/sk1/share/icons/generic/action-next-page.png -> build/lib.linux-x86_64-2.7/sk1/share/icons/generic
copying src/sk1/share/icons/generic/snap-to-obj-off.png -> build/lib.linux-x86_64-2.7/sk1/share/icons/generic
copying src/sk1/share/icons/generic/sk1-fb.png -> build/lib.linux-x86_64-2.7/sk1/share/icons/generic
copying src/sk1/share/icons/generic/print-mode-color.png -> build/lib.linux-x86_64-2.7/sk1/share/icons/generic
copying src/sk1/share/icons/generic/ctx-rounded-rect3_off.png -> build/lib.linux-x86_64-2.7/sk1/share/icons/generic
copying src/sk1/share/icons/generic/palette-swatch.png -> build/lib.linux-x86_64-2.7/sk1/share/icons/generic
copying src/sk1/share/icons/generic/ctx-no-ratio.png -> build/lib.linux-x86_64-2.7/sk1/share/icons/generic
copying src/sk1/share/icons/generic/action-fill-closed-only.png -> build/lib.linux-x86_64-2.7/sk1/share/icons/generic
copying src/sk1/share/icons/generic/prefs-grid.png -> build/lib.linux-x86_64-2.7/sk1/share/icons/generic
copying src/sk1/share/icons/generic/action-insert-page.png -> build/lib.linux-x86_64-2.7/sk1/share/icons/generic
copying src/sk1/share/icons/generic/palette-large.png -> build/lib.linux-x86_64-2.7/sk1/share/icons/generic
copying src/sk1/share/icons/generic/bezier-join-node.png -> build/lib.linux-x86_64-2.7/sk1/share/icons/generic
copying src/sk1/share/icons/generic/action-to-cmyk.png -> build/lib.linux-x86_64-2.7/sk1/share/icons/generic
copying src/sk1/share/icons/generic/tool-create-rect.png -> build/lib.linux-x86_64-2.7/sk1/share/icons/generic
copying src/sk1/share/icons/generic/double-arrow-left.png -> build/lib.linux-x86_64-2.7/sk1/share/icons/generic
copying src/sk1/share/icons/generic/pdesign-tool-objbrowser.png -> build/lib.linux-x86_64-2.7/sk1/share/icons/generic
copying src/sk1/share/icons/generic/print-copies-col.png -> build/lib.linux-x86_64-2.7/sk1/share/icons/generic
copying src/sk1/share/icons/generic/sk1-icon-32x32.png -> build/lib.linux-x86_64-2.7/sk1/share/icons/generic
copying src/sk1/share/icons/generic/bezier-cusp.png -> build/lib.linux-x86_64-2.7/sk1/share/icons/generic
copying src/sk1/share/icons/generic/action-guides-at-center.png -> build/lib.linux-x86_64-2.7/sk1/share/icons/generic
copying src/sk1/share/icons/generic/printer-inkjet.png -> build/lib.linux-x86_64-2.7/sk1/share/icons/generic
copying src/sk1/share/icons/generic/text-underline.png -> build/lib.linux-x86_64-2.7/sk1/share/icons/generic
copying src/sk1/share/icons/generic/arrow-bottom.png -> build/lib.linux-x86_64-2.7/sk1/share/icons/generic
copying src/sk1/share/icons/generic/pattern-scale-y.png -> build/lib.linux-x86_64-2.7/sk1/share/icons/generic
copying src/sk1/share/icons/generic/pattern-scale-x.png -> build/lib.linux-x86_64-2.7/sk1/share/icons/generic
copying src/sk1/share/icons/generic/ctx-w-on-h.png -> build/lib.linux-x86_64-2.7/sk1/share/icons/generic
copying src/sk1/share/icons/generic/action-from-palette.png -> build/lib.linux-x86_64-2.7/sk1/share/icons/generic
copying src/sk1/share/icons/generic/pattern-shear-x.png -> build/lib.linux-x86_64-2.7/sk1/share/icons/generic
copying src/sk1/share/icons/generic/align-center.png -> build/lib.linux-x86_64-2.7/sk1/share/icons/generic
copying src/sk1/share/icons/generic/action-delete-page.png -> build/lib.linux-x86_64-2.7/sk1/share/icons/generic
copying src/sk1/share/icons/generic/text-bold.png -> build/lib.linux-x86_64-2.7/sk1/share/icons/generic
copying src/sk1/share/icons/generic/ctx-rotate-left.png -> build/lib.linux-x86_64-2.7/sk1/share/icons/generic
copying src/sk1/share/icons/generic/arrow-left.png -> build/lib.linux-x86_64-2.7/sk1/share/icons/generic
copying src/sk1/share/icons/generic/ctx-rotate.png -> build/lib.linux-x86_64-2.7/sk1/share/icons/generic
copying src/sk1/share/icons/generic/stub-new.png -> build/lib.linux-x86_64-2.7/sk1/share/icons/generic
copying src/sk1/share/icons/generic/action-lower-to-bottom.png -> build/lib.linux-x86_64-2.7/sk1/share/icons/generic
creating build/lib.linux-x86_64-2.7/sk1/share/icons/linux
creating build/lib.linux-x86_64-2.7/sk1/share/icons/linux/16x16
copying src/sk1/share/icons/linux/16x16/gtk-zoom-out.png -> build/lib.linux-x86_64-2.7/sk1/share/icons/linux/16x16
copying src/sk1/share/icons/linux/16x16/gtk-zoom-page.png -> build/lib.linux-x86_64-2.7/sk1/share/icons/linux/16x16
copying src/sk1/share/icons/linux/16x16/gtk-zoom-100.png -> build/lib.linux-x86_64-2.7/sk1/share/icons/linux/16x16
copying src/sk1/share/icons/linux/16x16/gtk-zoom-in.png -> build/lib.linux-x86_64-2.7/sk1/share/icons/linux/16x16
copying src/sk1/share/icons/linux/16x16/gtk-zoom-fit.png -> build/lib.linux-x86_64-2.7/sk1/share/icons/linux/16x16
creating build/lib.linux-x86_64-2.7/sk1/share/icons/linux/22x22
copying src/sk1/share/icons/linux/22x22/gtk-zoom-out.png -> build/lib.linux-x86_64-2.7/sk1/share/icons/linux/22x22
copying src/sk1/share/icons/linux/22x22/gtk-zoom-page.png -> build/lib.linux-x86_64-2.7/sk1/share/icons/linux/22x22
copying src/sk1/share/icons/linux/22x22/gtk-zoom-100.png -> build/lib.linux-x86_64-2.7/sk1/share/icons/linux/22x22
copying src/sk1/share/icons/linux/22x22/gtk-zoom-in.png -> build/lib.linux-x86_64-2.7/sk1/share/icons/linux/22x22
copying src/sk1/share/icons/linux/22x22/gtk-zoom-fit.png -> build/lib.linux-x86_64-2.7/sk1/share/icons/linux/22x22
creating build/lib.linux-x86_64-2.7/sk1/share/icons/linux/24x24
copying src/sk1/share/icons/linux/24x24/gtk-zoom-out.png -> build/lib.linux-x86_64-2.7/sk1/share/icons/linux/24x24
copying src/sk1/share/icons/linux/24x24/gtk-zoom-page.png -> build/lib.linux-x86_64-2.7/sk1/share/icons/linux/24x24
copying src/sk1/share/icons/linux/24x24/gtk-zoom-100.png -> build/lib.linux-x86_64-2.7/sk1/share/icons/linux/24x24
copying src/sk1/share/icons/linux/24x24/gtk-zoom-in.png -> build/lib.linux-x86_64-2.7/sk1/share/icons/linux/24x24
copying src/sk1/share/icons/linux/24x24/gtk-zoom-fit.png -> build/lib.linux-x86_64-2.7/sk1/share/icons/linux/24x24
creating build/lib.linux-x86_64-2.7/sk1/share/icons/linux/fixed
copying src/sk1/share/icons/linux/fixed/tbb-normal.png -> build/lib.linux-x86_64-2.7/sk1/share/icons/linux/fixed
copying src/sk1/share/icons/linux/fixed/tbnb-right-normal.png -> build/lib.linux-x86_64-2.7/sk1/share/icons/linux/fixed
copying src/sk1/share/icons/linux/fixed/tbnb-right-pressed.png -> build/lib.linux-x86_64-2.7/sk1/share/icons/linux/fixed
copying src/sk1/share/icons/linux/fixed/tbnb-middle-normal.png -> build/lib.linux-x86_64-2.7/sk1/share/icons/linux/fixed
copying src/sk1/share/icons/linux/fixed/tbb-pressed.png -> build/lib.linux-x86_64-2.7/sk1/share/icons/linux/fixed
copying src/sk1/share/icons/linux/fixed/tbnb-spacer-active.png -> build/lib.linux-x86_64-2.7/sk1/share/icons/linux/fixed
copying src/sk1/share/icons/linux/fixed/tbnb-left-pressed.png -> build/lib.linux-x86_64-2.7/sk1/share/icons/linux/fixed
copying src/sk1/share/icons/linux/fixed/wxART_NEW.png -> build/lib.linux-x86_64-2.7/sk1/share/icons/linux/fixed
copying src/sk1/share/icons/linux/fixed/tbnb-left-normal.png -> build/lib.linux-x86_64-2.7/sk1/share/icons/linux/fixed
copying src/sk1/share/icons/linux/fixed/tbnb-spacer-normal.png -> build/lib.linux-x86_64-2.7/sk1/share/icons/linux/fixed
copying src/sk1/share/icons/linux/fixed/tbnb-middle-pressed.png -> build/lib.linux-x86_64-2.7/sk1/share/icons/linux/fixed
creating build/lib.linux-x86_64-2.7/sk1/share/icons/mac
creating build/lib.linux-x86_64-2.7/sk1/share/icons/mac/16x16
copying src/sk1/share/icons/mac/16x16/gtk-delete.png -> build/lib.linux-x86_64-2.7/sk1/share/icons/mac/16x16
copying src/sk1/share/icons/mac/16x16/gtk-save-as.png -> build/lib.linux-x86_64-2.7/sk1/share/icons/mac/16x16
copying src/sk1/share/icons/mac/16x16/gtk-properties.png -> build/lib.linux-x86_64-2.7/sk1/share/icons/mac/16x16
copying src/sk1/share/icons/mac/16x16/gtk-refresh.png -> build/lib.linux-x86_64-2.7/sk1/share/icons/mac/16x16
copying src/sk1/share/icons/mac/16x16/gtk-close.png -> build/lib.linux-x86_64-2.7/sk1/share/icons/mac/16x16
copying src/sk1/share/icons/mac/16x16/gtk-copy.png -> build/lib.linux-x86_64-2.7/sk1/share/icons/mac/16x16
copying src/sk1/share/icons/mac/16x16/gtk-zoom-out.png -> build/lib.linux-x86_64-2.7/sk1/share/icons/mac/16x16
copying src/sk1/share/icons/mac/16x16/gtk-cut.png -> build/lib.linux-x86_64-2.7/sk1/share/icons/mac/16x16
copying src/sk1/share/icons/mac/16x16/gtk-zoom-page.png -> build/lib.linux-x86_64-2.7/sk1/share/icons/mac/16x16
copying src/sk1/share/icons/mac/16x16/gtk-zoom-100.png -> build/lib.linux-x86_64-2.7/sk1/share/icons/mac/16x16
copying src/sk1/share/icons/mac/16x16/gtk-print.png -> build/lib.linux-x86_64-2.7/sk1/share/icons/mac/16x16
copying src/sk1/share/icons/mac/16x16/gtk-undo.png -> build/lib.linux-x86_64-2.7/sk1/share/icons/mac/16x16
copying src/sk1/share/icons/mac/16x16/gtk-redo.png -> build/lib.linux-x86_64-2.7/sk1/share/icons/mac/16x16
copying src/sk1/share/icons/mac/16x16/gtk-preferences.png -> build/lib.linux-x86_64-2.7/sk1/share/icons/mac/16x16
copying src/sk1/share/icons/mac/16x16/gtk-paste.png -> build/lib.linux-x86_64-2.7/sk1/share/icons/mac/16x16
copying src/sk1/share/icons/mac/16x16/gtk-open.png -> build/lib.linux-x86_64-2.7/sk1/share/icons/mac/16x16
copying src/sk1/share/icons/mac/16x16/gtk-new.png -> build/lib.linux-x86_64-2.7/sk1/share/icons/mac/16x16
copying src/sk1/share/icons/mac/16x16/gtk-zoom-in.png -> build/lib.linux-x86_64-2.7/sk1/share/icons/mac/16x16
copying src/sk1/share/icons/mac/16x16/gtk-zoom-fit.png -> build/lib.linux-x86_64-2.7/sk1/share/icons/mac/16x16
copying src/sk1/share/icons/mac/16x16/gtk-save.png -> build/lib.linux-x86_64-2.7/sk1/share/icons/mac/16x16
creating build/lib.linux-x86_64-2.7/sk1/share/icons/mac/fixed
copying src/sk1/share/icons/mac/fixed/tbb-normal.png -> build/lib.linux-x86_64-2.7/sk1/share/icons/mac/fixed
copying src/sk1/share/icons/mac/fixed/tbnb-right-normal.png -> build/lib.linux-x86_64-2.7/sk1/share/icons/mac/fixed
copying src/sk1/share/icons/mac/fixed/tbnb-right-pressed.png -> build/lib.linux-x86_64-2.7/sk1/share/icons/mac/fixed
copying src/sk1/share/icons/mac/fixed/tbnb-middle-normal.png -> build/lib.linux-x86_64-2.7/sk1/share/icons/mac/fixed
copying src/sk1/share/icons/mac/fixed/tbb-pressed.png -> build/lib.linux-x86_64-2.7/sk1/share/icons/mac/fixed
copying src/sk1/share/icons/mac/fixed/tbnb-spacer-active.png -> build/lib.linux-x86_64-2.7/sk1/share/icons/mac/fixed
copying src/sk1/share/icons/mac/fixed/tbnb-left-pressed.png -> build/lib.linux-x86_64-2.7/sk1/share/icons/mac/fixed
copying src/sk1/share/icons/mac/fixed/tbnb-left-normal.png -> build/lib.linux-x86_64-2.7/sk1/share/icons/mac/fixed
copying src/sk1/share/icons/mac/fixed/tbnb-spacer-normal.png -> build/lib.linux-x86_64-2.7/sk1/share/icons/mac/fixed
copying src/sk1/share/icons/mac/fixed/tbnb-middle-pressed.png -> build/lib.linux-x86_64-2.7/sk1/share/icons/mac/fixed
creating build/lib.linux-x86_64-2.7/sk1/share/icons/win
creating build/lib.linux-x86_64-2.7/sk1/share/icons/win/16x16
copying src/sk1/share/icons/win/16x16/gtk-add.png -> build/lib.linux-x86_64-2.7/sk1/share/icons/win/16x16
copying src/sk1/share/icons/win/16x16/gtk-delete.png -> build/lib.linux-x86_64-2.7/sk1/share/icons/win/16x16
copying src/sk1/share/icons/win/16x16/gtk-save-as.png -> build/lib.linux-x86_64-2.7/sk1/share/icons/win/16x16
copying src/sk1/share/icons/win/16x16/gtk-properties.png -> build/lib.linux-x86_64-2.7/sk1/share/icons/win/16x16
copying src/sk1/share/icons/win/16x16/gtk-refresh.png -> build/lib.linux-x86_64-2.7/sk1/share/icons/win/16x16
copying src/sk1/share/icons/win/16x16/gtk-close.png -> build/lib.linux-x86_64-2.7/sk1/share/icons/win/16x16
copying src/sk1/share/icons/win/16x16/gtk-copy.png -> build/lib.linux-x86_64-2.7/sk1/share/icons/win/16x16
copying src/sk1/share/icons/win/16x16/gtk-zoom-out.png -> build/lib.linux-x86_64-2.7/sk1/share/icons/win/16x16
copying src/sk1/share/icons/win/16x16/gtk-cut.png -> build/lib.linux-x86_64-2.7/sk1/share/icons/win/16x16
copying src/sk1/share/icons/win/16x16/gtk-home.png -> build/lib.linux-x86_64-2.7/sk1/share/icons/win/16x16
copying src/sk1/share/icons/win/16x16/gtk-zoom-page.png -> build/lib.linux-x86_64-2.7/sk1/share/icons/win/16x16
copying src/sk1/share/icons/win/16x16/gtk-edit.png -> build/lib.linux-x86_64-2.7/sk1/share/icons/win/16x16
copying src/sk1/share/icons/win/16x16/gtk-go-back.png -> build/lib.linux-x86_64-2.7/sk1/share/icons/win/16x16
copying src/sk1/share/icons/win/16x16/gtk-remove.png -> build/lib.linux-x86_64-2.7/sk1/share/icons/win/16x16
copying src/sk1/share/icons/win/16x16/gtk-zoom-100.png -> build/lib.linux-x86_64-2.7/sk1/share/icons/win/16x16
copying src/sk1/share/icons/win/16x16/gtk-go-forward.png -> build/lib.linux-x86_64-2.7/sk1/share/icons/win/16x16
copying src/sk1/share/icons/win/16x16/gtk-print.png -> build/lib.linux-x86_64-2.7/sk1/share/icons/win/16x16
copying src/sk1/share/icons/win/16x16/gtk-undo.png -> build/lib.linux-x86_64-2.7/sk1/share/icons/win/16x16
copying src/sk1/share/icons/win/16x16/gtk-redo.png -> build/lib.linux-x86_64-2.7/sk1/share/icons/win/16x16
copying src/sk1/share/icons/win/16x16/gtk-select-all.png -> build/lib.linux-x86_64-2.7/sk1/share/icons/win/16x16
copying src/sk1/share/icons/win/16x16/gtk-preferences.png -> build/lib.linux-x86_64-2.7/sk1/share/icons/win/16x16
copying src/sk1/share/icons/win/16x16/gtk-paste.png -> build/lib.linux-x86_64-2.7/sk1/share/icons/win/16x16
copying src/sk1/share/icons/win/16x16/gtk-open.png -> build/lib.linux-x86_64-2.7/sk1/share/icons/win/16x16
copying src/sk1/share/icons/win/16x16/gtk-goto-last.png -> build/lib.linux-x86_64-2.7/sk1/share/icons/win/16x16
copying src/sk1/share/icons/win/16x16/gtk-new.png -> build/lib.linux-x86_64-2.7/sk1/share/icons/win/16x16
copying src/sk1/share/icons/win/16x16/gtk-zoom-in.png -> build/lib.linux-x86_64-2.7/sk1/share/icons/win/16x16
copying src/sk1/share/icons/win/16x16/gtk-dialog-warning.png -> build/lib.linux-x86_64-2.7/sk1/share/icons/win/16x16
copying src/sk1/share/icons/win/16x16/gtk-zoom-fit.png -> build/lib.linux-x86_64-2.7/sk1/share/icons/win/16x16
copying src/sk1/share/icons/win/16x16/gtk-about.png -> build/lib.linux-x86_64-2.7/sk1/share/icons/win/16x16
copying src/sk1/share/icons/win/16x16/gtk-quit.png -> build/lib.linux-x86_64-2.7/sk1/share/icons/win/16x16
copying src/sk1/share/icons/win/16x16/gtk-goto-first.png -> build/lib.linux-x86_64-2.7/sk1/share/icons/win/16x16
copying src/sk1/share/icons/win/16x16/gtk-print-preview.png -> build/lib.linux-x86_64-2.7/sk1/share/icons/win/16x16
copying src/sk1/share/icons/win/16x16/gtk-save.png -> build/lib.linux-x86_64-2.7/sk1/share/icons/win/16x16
creating build/lib.linux-x86_64-2.7/sk1/share/icons/win/22x22
copying src/sk1/share/icons/win/22x22/gtk-delete.png -> build/lib.linux-x86_64-2.7/sk1/share/icons/win/22x22
copying src/sk1/share/icons/win/22x22/gtk-save-as.png -> build/lib.linux-x86_64-2.7/sk1/share/icons/win/22x22
copying src/sk1/share/icons/win/22x22/gtk-properties.png -> build/lib.linux-x86_64-2.7/sk1/share/icons/win/22x22
copying src/sk1/share/icons/win/22x22/gtk-refresh.png -> build/lib.linux-x86_64-2.7/sk1/share/icons/win/22x22
copying src/sk1/share/icons/win/22x22/gtk-close.png -> build/lib.linux-x86_64-2.7/sk1/share/icons/win/22x22
copying src/sk1/share/icons/win/22x22/gtk-copy.png -> build/lib.linux-x86_64-2.7/sk1/share/icons/win/22x22
copying src/sk1/share/icons/win/22x22/gtk-zoom-out.png -> build/lib.linux-x86_64-2.7/sk1/share/icons/win/22x22
copying src/sk1/share/icons/win/22x22/gtk-cut.png -> build/lib.linux-x86_64-2.7/sk1/share/icons/win/22x22
copying src/sk1/share/icons/win/22x22/gtk-home.png -> build/lib.linux-x86_64-2.7/sk1/share/icons/win/22x22
copying src/sk1/share/icons/win/22x22/gtk-zoom-page.png -> build/lib.linux-x86_64-2.7/sk1/share/icons/win/22x22
copying src/sk1/share/icons/win/22x22/gtk-edit.png -> build/lib.linux-x86_64-2.7/sk1/share/icons/win/22x22
copying src/sk1/share/icons/win/22x22/gtk-zoom-100.png -> build/lib.linux-x86_64-2.7/sk1/share/icons/win/22x22
copying src/sk1/share/icons/win/22x22/gtk-print.png -> build/lib.linux-x86_64-2.7/sk1/share/icons/win/22x22
copying src/sk1/share/icons/win/22x22/gtk-undo.png -> build/lib.linux-x86_64-2.7/sk1/share/icons/win/22x22
copying src/sk1/share/icons/win/22x22/gtk-redo.png -> build/lib.linux-x86_64-2.7/sk1/share/icons/win/22x22
copying src/sk1/share/icons/win/22x22/gtk-select-all.png -> build/lib.linux-x86_64-2.7/sk1/share/icons/win/22x22
copying src/sk1/share/icons/win/22x22/gtk-preferences.png -> build/lib.linux-x86_64-2.7/sk1/share/icons/win/22x22
copying src/sk1/share/icons/win/22x22/gtk-paste.png -> build/lib.linux-x86_64-2.7/sk1/share/icons/win/22x22
copying src/sk1/share/icons/win/22x22/gtk-open.png -> build/lib.linux-x86_64-2.7/sk1/share/icons/win/22x22
copying src/sk1/share/icons/win/22x22/gtk-new.png -> build/lib.linux-x86_64-2.7/sk1/share/icons/win/22x22
copying src/sk1/share/icons/win/22x22/gtk-zoom-in.png -> build/lib.linux-x86_64-2.7/sk1/share/icons/win/22x22
copying src/sk1/share/icons/win/22x22/gtk-dialog-warning.png -> build/lib.linux-x86_64-2.7/sk1/share/icons/win/22x22
copying src/sk1/share/icons/win/22x22/gtk-zoom-fit.png -> build/lib.linux-x86_64-2.7/sk1/share/icons/win/22x22
copying src/sk1/share/icons/win/22x22/gtk-about.png -> build/lib.linux-x86_64-2.7/sk1/share/icons/win/22x22
copying src/sk1/share/icons/win/22x22/gtk-quit.png -> build/lib.linux-x86_64-2.7/sk1/share/icons/win/22x22
copying src/sk1/share/icons/win/22x22/gtk-print-preview.png -> build/lib.linux-x86_64-2.7/sk1/share/icons/win/22x22
copying src/sk1/share/icons/win/22x22/gtk-save.png -> build/lib.linux-x86_64-2.7/sk1/share/icons/win/22x22
creating build/lib.linux-x86_64-2.7/sk1/share/locales
creating build/lib.linux-x86_64-2.7/sk1/share/locales/de_DE
creating build/lib.linux-x86_64-2.7/sk1/share/locales/de_DE/LC_MESSAGES
copying src/sk1/share/locales/de_DE/LC_MESSAGES/sk1.mo -> build/lib.linux-x86_64-2.7/sk1/share/locales/de_DE/LC_MESSAGES
creating build/lib.linux-x86_64-2.7/sk1/share/locales/es
creating build/lib.linux-x86_64-2.7/sk1/share/locales/es/LC_MESSAGES
copying src/sk1/share/locales/es/LC_MESSAGES/sk1.mo -> build/lib.linux-x86_64-2.7/sk1/share/locales/es/LC_MESSAGES
creating build/lib.linux-x86_64-2.7/sk1/share/locales/fr_FR
creating build/lib.linux-x86_64-2.7/sk1/share/locales/fr_FR/LC_MESSAGES
copying src/sk1/share/locales/fr_FR/LC_MESSAGES/sk1.mo -> build/lib.linux-x86_64-2.7/sk1/share/locales/fr_FR/LC_MESSAGES
creating build/lib.linux-x86_64-2.7/sk1/share/locales/it
creating build/lib.linux-x86_64-2.7/sk1/share/locales/it/LC_MESSAGES
copying src/sk1/share/locales/it/LC_MESSAGES/sk1.mo -> build/lib.linux-x86_64-2.7/sk1/share/locales/it/LC_MESSAGES
creating build/lib.linux-x86_64-2.7/sk1/share/locales/pl
creating build/lib.linux-x86_64-2.7/sk1/share/locales/pl/LC_MESSAGES
copying src/sk1/share/locales/pl/LC_MESSAGES/sk1.mo -> build/lib.linux-x86_64-2.7/sk1/share/locales/pl/LC_MESSAGES
creating build/lib.linux-x86_64-2.7/sk1/share/locales/pt_BR
creating build/lib.linux-x86_64-2.7/sk1/share/locales/pt_BR/LC_MESSAGES
copying src/sk1/share/locales/pt_BR/LC_MESSAGES/sk1.mo -> build/lib.linux-x86_64-2.7/sk1/share/locales/pt_BR/LC_MESSAGES
creating build/lib.linux-x86_64-2.7/sk1/share/locales/ru
creating build/lib.linux-x86_64-2.7/sk1/share/locales/ru/LC_MESSAGES
copying src/sk1/share/locales/ru/LC_MESSAGES/sk1.mo -> build/lib.linux-x86_64-2.7/sk1/share/locales/ru/LC_MESSAGES
creating build/lib.linux-x86_64-2.7/sk1/share/locales/uk
creating build/lib.linux-x86_64-2.7/sk1/share/locales/uk/LC_MESSAGES
copying src/sk1/share/locales/uk/LC_MESSAGES/sk1.mo -> build/lib.linux-x86_64-2.7/sk1/share/locales/uk/LC_MESSAGES
creating build/lib.linux-x86_64-2.7/sk1/share/pd_plugins/align_plugin
copying src/sk1/share/pd_plugins/align_plugin/__init__.py -> build/lib.linux-x86_64-2.7/sk1/share/pd_plugins/align_plugin
creating build/lib.linux-x86_64-2.7/sk1/share/pd_plugins/iconizer
copying src/sk1/share/pd_plugins/iconizer/__init__.py -> build/lib.linux-x86_64-2.7/sk1/share/pd_plugins/iconizer
creating build/lib.linux-x86_64-2.7/sk1/share/pd_plugins/layers_plugin
copying src/sk1/share/pd_plugins/layers_plugin/__init__.py -> build/lib.linux-x86_64-2.7/sk1/share/pd_plugins/layers_plugin
creating build/lib.linux-x86_64-2.7/sk1/share/pd_plugins/shaping
copying src/sk1/share/pd_plugins/shaping/__init__.py -> build/lib.linux-x86_64-2.7/sk1/share/pd_plugins/shaping
creating build/lib.linux-x86_64-2.7/sk1/share/pd_plugins/text_on_circle
copying src/sk1/share/pd_plugins/text_on_circle/__init__.py -> build/lib.linux-x86_64-2.7/sk1/share/pd_plugins/text_on_circle
creating build/lib.linux-x86_64-2.7/sk1/share/pd_plugins/text_on_path
copying src/sk1/share/pd_plugins/text_on_path/__init__.py -> build/lib.linux-x86_64-2.7/sk1/share/pd_plugins/text_on_path
creating build/lib.linux-x86_64-2.7/sk1/share/pd_plugins/transform_plugin
copying src/sk1/share/pd_plugins/transform_plugin/__init__.py -> build/lib.linux-x86_64-2.7/sk1/share/pd_plugins/transform_plugin
copying src/sk1/share/pd_plugins/transform_plugin/indicator.py -> build/lib.linux-x86_64-2.7/sk1/share/pd_plugins/transform_plugin
copying src/sk1/share/pd_plugins/transform_plugin/transforms.py -> build/lib.linux-x86_64-2.7/sk1/share/pd_plugins/transform_plugin
creating build/lib.linux-x86_64-2.7/sk1/share/pd_plugins/align_plugin/images
copying src/sk1/share/pd_plugins/align_plugin/images/distribute-h-le.png -> build/lib.linux-x86_64-2.7/sk1/share/pd_plugins/align_plugin/images
copying src/sk1/share/pd_plugins/align_plugin/images/distribute-v-gap.png -> build/lib.linux-x86_64-2.7/sk1/share/pd_plugins/align_plugin/images
copying src/sk1/share/pd_plugins/align_plugin/images/align-left.png -> build/lib.linux-x86_64-2.7/sk1/share/pd_plugins/align_plugin/images
copying src/sk1/share/pd_plugins/align_plugin/images/align-center-v.png -> build/lib.linux-x86_64-2.7/sk1/share/pd_plugins/align_plugin/images
copying src/sk1/share/pd_plugins/align_plugin/images/distribute-h-c.png -> build/lib.linux-x86_64-2.7/sk1/share/pd_plugins/align_plugin/images
copying src/sk1/share/pd_plugins/align_plugin/images/icon.png -> build/lib.linux-x86_64-2.7/sk1/share/pd_plugins/align_plugin/images
copying src/sk1/share/pd_plugins/align_plugin/images/align-top.png -> build/lib.linux-x86_64-2.7/sk1/share/pd_plugins/align_plugin/images
copying src/sk1/share/pd_plugins/align_plugin/images/distribute-h-re.png -> build/lib.linux-x86_64-2.7/sk1/share/pd_plugins/align_plugin/images
copying src/sk1/share/pd_plugins/align_plugin/images/align-center-h.png -> build/lib.linux-x86_64-2.7/sk1/share/pd_plugins/align_plugin/images
copying src/sk1/share/pd_plugins/align_plugin/images/align-right.png -> build/lib.linux-x86_64-2.7/sk1/share/pd_plugins/align_plugin/images
copying src/sk1/share/pd_plugins/align_plugin/images/distribute-v-be.png -> build/lib.linux-x86_64-2.7/sk1/share/pd_plugins/align_plugin/images
copying src/sk1/share/pd_plugins/align_plugin/images/align-bottom.png -> build/lib.linux-x86_64-2.7/sk1/share/pd_plugins/align_plugin/images
copying src/sk1/share/pd_plugins/align_plugin/images/distribute-h-gap.png -> build/lib.linux-x86_64-2.7/sk1/share/pd_plugins/align_plugin/images
copying src/sk1/share/pd_plugins/align_plugin/images/distribute-v-te.png -> build/lib.linux-x86_64-2.7/sk1/share/pd_plugins/align_plugin/images
copying src/sk1/share/pd_plugins/align_plugin/images/distribute-v-c.png -> build/lib.linux-x86_64-2.7/sk1/share/pd_plugins/align_plugin/images
creating build/lib.linux-x86_64-2.7/sk1/share/pd_plugins/iconizer/images
copying src/sk1/share/pd_plugins/iconizer/images/icon.png -> build/lib.linux-x86_64-2.7/sk1/share/pd_plugins/iconizer/images
creating build/lib.linux-x86_64-2.7/sk1/share/pd_plugins/layers_plugin/images
copying src/sk1/share/pd_plugins/layers_plugin/images/printable-yes.png -> build/lib.linux-x86_64-2.7/sk1/share/pd_plugins/layers_plugin/images
copying src/sk1/share/pd_plugins/layers_plugin/images/visible-yes.png -> build/lib.linux-x86_64-2.7/sk1/share/pd_plugins/layers_plugin/images
copying src/sk1/share/pd_plugins/layers_plugin/images/aa-yes.png -> build/lib.linux-x86_64-2.7/sk1/share/pd_plugins/layers_plugin/images
copying src/sk1/share/pd_plugins/layers_plugin/images/printable-no.png -> build/lib.linux-x86_64-2.7/sk1/share/pd_plugins/layers_plugin/images
copying src/sk1/share/pd_plugins/layers_plugin/images/editable-yes.png -> build/lib.linux-x86_64-2.7/sk1/share/pd_plugins/layers_plugin/images
copying src/sk1/share/pd_plugins/layers_plugin/images/icon.png -> build/lib.linux-x86_64-2.7/sk1/share/pd_plugins/layers_plugin/images
copying src/sk1/share/pd_plugins/layers_plugin/images/check-yes.png -> build/lib.linux-x86_64-2.7/sk1/share/pd_plugins/layers_plugin/images
copying src/sk1/share/pd_plugins/layers_plugin/images/aa-no.png -> build/lib.linux-x86_64-2.7/sk1/share/pd_plugins/layers_plugin/images
copying src/sk1/share/pd_plugins/layers_plugin/images/check-no.png -> build/lib.linux-x86_64-2.7/sk1/share/pd_plugins/layers_plugin/images
copying src/sk1/share/pd_plugins/layers_plugin/images/editable-no.png -> build/lib.linux-x86_64-2.7/sk1/share/pd_plugins/layers_plugin/images
copying src/sk1/share/pd_plugins/layers_plugin/images/visible-no.png -> build/lib.linux-x86_64-2.7/sk1/share/pd_plugins/layers_plugin/images
creating build/lib.linux-x86_64-2.7/sk1/share/pd_plugins/shaping/images
copying src/sk1/share/pd_plugins/shaping/images/shaping-intersection.png -> build/lib.linux-x86_64-2.7/sk1/share/pd_plugins/shaping/images
copying src/sk1/share/pd_plugins/shaping/images/shaping-fusion.png -> build/lib.linux-x86_64-2.7/sk1/share/pd_plugins/shaping/images
copying src/sk1/share/pd_plugins/shaping/images/icon.png -> build/lib.linux-x86_64-2.7/sk1/share/pd_plugins/shaping/images
copying src/sk1/share/pd_plugins/shaping/images/shaping-exclusion.png -> build/lib.linux-x86_64-2.7/sk1/share/pd_plugins/shaping/images
copying src/sk1/share/pd_plugins/shaping/images/shaping-trim.png -> build/lib.linux-x86_64-2.7/sk1/share/pd_plugins/shaping/images
creating build/lib.linux-x86_64-2.7/sk1/share/pd_plugins/text_on_circle/images
copying src/sk1/share/pd_plugins/text_on_circle/images/pos-30.png -> build/lib.linux-x86_64-2.7/sk1/share/pd_plugins/text_on_circle/images
copying src/sk1/share/pd_plugins/text_on_circle/images/pos-00.png -> build/lib.linux-x86_64-2.7/sk1/share/pd_plugins/text_on_circle/images
copying src/sk1/share/pd_plugins/text_on_circle/images/pos-11.png -> build/lib.linux-x86_64-2.7/sk1/share/pd_plugins/text_on_circle/images
copying src/sk1/share/pd_plugins/text_on_circle/images/pos-21.png -> build/lib.linux-x86_64-2.7/sk1/share/pd_plugins/text_on_circle/images
copying src/sk1/share/pd_plugins/text_on_circle/images/icon.png -> build/lib.linux-x86_64-2.7/sk1/share/pd_plugins/text_on_circle/images
copying src/sk1/share/pd_plugins/text_on_circle/images/pos-20.png -> build/lib.linux-x86_64-2.7/sk1/share/pd_plugins/text_on_circle/images
copying src/sk1/share/pd_plugins/text_on_circle/images/pos-10.png -> build/lib.linux-x86_64-2.7/sk1/share/pd_plugins/text_on_circle/images
copying src/sk1/share/pd_plugins/text_on_circle/images/pos-31.png -> build/lib.linux-x86_64-2.7/sk1/share/pd_plugins/text_on_circle/images
copying src/sk1/share/pd_plugins/text_on_circle/images/pos-01.png -> build/lib.linux-x86_64-2.7/sk1/share/pd_plugins/text_on_circle/images
creating build/lib.linux-x86_64-2.7/sk1/share/pd_plugins/text_on_path/images
copying src/sk1/share/pd_plugins/text_on_path/images/pos-30.png -> build/lib.linux-x86_64-2.7/sk1/share/pd_plugins/text_on_path/images
copying src/sk1/share/pd_plugins/text_on_path/images/pos-00.png -> build/lib.linux-x86_64-2.7/sk1/share/pd_plugins/text_on_path/images
copying src/sk1/share/pd_plugins/text_on_path/images/pos-11.png -> build/lib.linux-x86_64-2.7/sk1/share/pd_plugins/text_on_path/images
copying src/sk1/share/pd_plugins/text_on_path/images/pos-21.png -> build/lib.linux-x86_64-2.7/sk1/share/pd_plugins/text_on_path/images
copying src/sk1/share/pd_plugins/text_on_path/images/icon.png -> build/lib.linux-x86_64-2.7/sk1/share/pd_plugins/text_on_path/images
copying src/sk1/share/pd_plugins/text_on_path/images/pos-20.png -> build/lib.linux-x86_64-2.7/sk1/share/pd_plugins/text_on_path/images
copying src/sk1/share/pd_plugins/text_on_path/images/pos-10.png -> build/lib.linux-x86_64-2.7/sk1/share/pd_plugins/text_on_path/images
copying src/sk1/share/pd_plugins/text_on_path/images/pos-31.png -> build/lib.linux-x86_64-2.7/sk1/share/pd_plugins/text_on_path/images
copying src/sk1/share/pd_plugins/text_on_path/images/pos-01.png -> build/lib.linux-x86_64-2.7/sk1/share/pd_plugins/text_on_path/images
creating build/lib.linux-x86_64-2.7/sk1/share/pd_plugins/transform_plugin/images
copying src/sk1/share/pd_plugins/transform_plugin/images/h-mirror.png -> build/lib.linux-x86_64-2.7/sk1/share/pd_plugins/transform_plugin/images
copying src/sk1/share/pd_plugins/transform_plugin/images/icon.png -> build/lib.linux-x86_64-2.7/sk1/share/pd_plugins/transform_plugin/images
copying src/sk1/share/pd_plugins/transform_plugin/images/check-yes-center.png -> build/lib.linux-x86_64-2.7/sk1/share/pd_plugins/transform_plugin/images
copying src/sk1/share/pd_plugins/transform_plugin/images/check-yes.png -> build/lib.linux-x86_64-2.7/sk1/share/pd_plugins/transform_plugin/images
copying src/sk1/share/pd_plugins/transform_plugin/images/h-sign.png -> build/lib.linux-x86_64-2.7/sk1/share/pd_plugins/transform_plugin/images
copying src/sk1/share/pd_plugins/transform_plugin/images/v-mirror.png -> build/lib.linux-x86_64-2.7/sk1/share/pd_plugins/transform_plugin/images
copying src/sk1/share/pd_plugins/transform_plugin/images/v-sign.png -> build/lib.linux-x86_64-2.7/sk1/share/pd_plugins/transform_plugin/images
copying src/sk1/share/pd_plugins/transform_plugin/images/check-no.png -> build/lib.linux-x86_64-2.7/sk1/share/pd_plugins/transform_plugin/images
running build_ext
building 'uc2.libcairo._libcairo' extension
creating build/temp.linux-x86_64-2.7
creating build/temp.linux-x86_64-2.7/src
creating build/temp.linux-x86_64-2.7/src/uc2
creating build/temp.linux-x86_64-2.7/src/uc2/libcairo
gcc -fno-strict-aliasing -march=x86-64 -mtune=generic -O2 -pipe -fno-plt -fexceptions -Wp,-D_FORTIFY_SOURCE=2 -Wformat -Werror=format-security -fstack-clash-protection -fcf-protection -g -ffile-prefix-map=/build/python2/src=/usr/src/debug/python2 -flto=auto -DNDEBUG -march=x86-64 -mtune=generic -O2 -pipe -fno-plt -fexceptions -Wp,-D_FORTIFY_SOURCE=2 -Wformat -Werror=format-security -fstack-clash-protection -fcf-protection -g -ffile-prefix-map=/build/python2/src=/usr/src/debug/python2 -flto=auto -march=x86-64 -mtune=generic -O2 -pipe -fno-plt -fexceptions -Wp,-D_FORTIFY_SOURCE=3 -Wformat -Werror=format-security -fstack-clash-protection -fcf-protection -fno-omit-frame-pointer -mno-omit-leaf-frame-pointer -g -ffile-prefix-map=/build/sk1/src=/usr/src/debug/sk1 -flto=auto -fPIC -DMAJOR_VERSION=1 -DMINOR_VERSION=0 -I/usr/include/pycairo -I/usr/include/cairo -I/usr/include/freetype2 -I/usr/include/libpng16 -I/usr/include/pixman-1 -I/usr/include/python2.7 -c src/uc2/libcairo/_libcairo.c -o build/temp.linux-x86_64-2.7/src/uc2/libcairo/_libcairo.o
<command-line>: warning: ‘_FORTIFY_SOURCE’ redefined
<command-line>: note: this is the location of the previous definition
gcc -shared -Wl,-O1,--sort-common,--as-needed,-z,relro,-z,now -flto=auto -L/usr/lib/openssl-1.1 -Wl,-O1 -Wl,--sort-common -Wl,--as-needed -Wl,-z,relro -Wl,-z,now -Wl,-z,pack-relative-relocs -flto=auto -march=x86-64 -mtune=generic -O2 -pipe -fno-plt -fexceptions -Wp,-D_FORTIFY_SOURCE=3 -Wformat -Werror=format-security -fstack-clash-protection -fcf-protection -fno-omit-frame-pointer -mno-omit-leaf-frame-pointer -g -ffile-prefix-map=/build/sk1/src=/usr/src/debug/sk1 -flto=auto build/temp.linux-x86_64-2.7/src/uc2/libcairo/_libcairo.o -L/usr/lib -lcairo -lpython2.7 -o build/lib.linux-x86_64-2.7/uc2/libcairo/_libcairo.so
building 'uc2.cms._cms' extension
creating build/temp.linux-x86_64-2.7/src/uc2/cms
gcc -fno-strict-aliasing -march=x86-64 -mtune=generic -O2 -pipe -fno-plt -fexceptions -Wp,-D_FORTIFY_SOURCE=2 -Wformat -Werror=format-security -fstack-clash-protection -fcf-protection -g -ffile-prefix-map=/build/python2/src=/usr/src/debug/python2 -flto=auto -DNDEBUG -march=x86-64 -mtune=generic -O2 -pipe -fno-plt -fexceptions -Wp,-D_FORTIFY_SOURCE=2 -Wformat -Werror=format-security -fstack-clash-protection -fcf-protection -g -ffile-prefix-map=/build/python2/src=/usr/src/debug/python2 -flto=auto -march=x86-64 -mtune=generic -O2 -pipe -fno-plt -fexceptions -Wp,-D_FORTIFY_SOURCE=3 -Wformat -Werror=format-security -fstack-clash-protection -fcf-protection -fno-omit-frame-pointer -mno-omit-leaf-frame-pointer -g -ffile-prefix-map=/build/sk1/src=/usr/src/debug/sk1 -flto=auto -fPIC -DMAJOR_VERSION=1 -DMINOR_VERSION=0 -I/usr/include -I/usr/include/python2.7 -c src/uc2/cms/_cms2.c -o build/temp.linux-x86_64-2.7/src/uc2/cms/_cms2.o -Wall
<command-line>: warning: ‘_FORTIFY_SOURCE’ redefined
<command-line>: note: this is the location of the previous definition
gcc -shared -Wl,-O1,--sort-common,--as-needed,-z,relro,-z,now -flto=auto -L/usr/lib/openssl-1.1 -Wl,-O1 -Wl,--sort-common -Wl,--as-needed -Wl,-z,relro -Wl,-z,now -Wl,-z,pack-relative-relocs -flto=auto -march=x86-64 -mtune=generic -O2 -pipe -fno-plt -fexceptions -Wp,-D_FORTIFY_SOURCE=3 -Wformat -Werror=format-security -fstack-clash-protection -fcf-protection -fno-omit-frame-pointer -mno-omit-leaf-frame-pointer -g -ffile-prefix-map=/build/sk1/src=/usr/src/debug/sk1 -flto=auto build/temp.linux-x86_64-2.7/src/uc2/cms/_cms2.o -L/usr/lib -llcms2 -lpython2.7 -o build/lib.linux-x86_64-2.7/uc2/cms/_cms.so
building 'uc2.libpango._libpango' extension
creating build/temp.linux-x86_64-2.7/src/uc2/libpango
gcc -fno-strict-aliasing -march=x86-64 -mtune=generic -O2 -pipe -fno-plt -fexceptions -Wp,-D_FORTIFY_SOURCE=2 -Wformat -Werror=format-security -fstack-clash-protection -fcf-protection -g -ffile-prefix-map=/build/python2/src=/usr/src/debug/python2 -flto=auto -DNDEBUG -march=x86-64 -mtune=generic -O2 -pipe -fno-plt -fexceptions -Wp,-D_FORTIFY_SOURCE=2 -Wformat -Werror=format-security -fstack-clash-protection -fcf-protection -g -ffile-prefix-map=/build/python2/src=/usr/src/debug/python2 -flto=auto -march=x86-64 -mtune=generic -O2 -pipe -fno-plt -fexceptions -Wp,-D_FORTIFY_SOURCE=3 -Wformat -Werror=format-security -fstack-clash-protection -fcf-protection -fno-omit-frame-pointer -mno-omit-leaf-frame-pointer -g -ffile-prefix-map=/build/sk1/src=/usr/src/debug/sk1 -flto=auto -fPIC -DMAJOR_VERSION=1 -DMINOR_VERSION=0 -I/usr/include/pango-1.0 -I/usr/include/cairo -I/usr/include/pixman-1 -I/usr/include/libmount -I/usr/include/blkid -I/usr/include/fribidi -I/usr/include/harfbuzz -I/usr/include/freetype2 -I/usr/include/libpng16 -I/usr/include/glib-2.0 -I/usr/lib/glib-2.0/include -I/usr/include/sysprof-6 -I/usr/include/pycairo -I/usr/include/python2.7 -c src/uc2/libpango/_libpango.c -o build/temp.linux-x86_64-2.7/src/uc2/libpango/_libpango.o
<command-line>: warning: ‘_FORTIFY_SOURCE’ redefined
<command-line>: note: this is the location of the previous definition
src/uc2/libpango/_libpango.c: In function ‘pango_GetLayoutClusterPos’:
src/uc2/libpango/_libpango.c:546:9: warning: ‘pango_find_base_dir’ is deprecated [-Wdeprecated-declarations]
  546 |         dir = pango_find_base_dir(pango_layout_get_text(layout),-1);
      |         ^~~
In file included from /usr/include/pango-1.0/pango/pango-types.h:239,
                 from /usr/include/pango-1.0/pango/pango-font.h:26,
                 from /usr/include/pango-1.0/pango/pango-attributes.h:25,
                 from /usr/include/pango-1.0/pango/pango.h:25,
                 from src/uc2/libpango/_libpango.c:20:
/usr/include/pango-1.0/pango/pango-bidi-type.h:107:16: note: declared here
  107 | PangoDirection pango_find_base_dir          (const gchar *text,
      |                ^~~~~~~~~~~~~~~~~~~
gcc -shared -Wl,-O1,--sort-common,--as-needed,-z,relro,-z,now -flto=auto -L/usr/lib/openssl-1.1 -Wl,-O1 -Wl,--sort-common -Wl,--as-needed -Wl,-z,relro -Wl,-z,now -Wl,-z,pack-relative-relocs -flto=auto -march=x86-64 -mtune=generic -O2 -pipe -fno-plt -fexceptions -Wp,-D_FORTIFY_SOURCE=3 -Wformat -Werror=format-security -fstack-clash-protection -fcf-protection -fno-omit-frame-pointer -mno-omit-leaf-frame-pointer -g -ffile-prefix-map=/build/sk1/src=/usr/src/debug/sk1 -flto=auto build/temp.linux-x86_64-2.7/src/uc2/libpango/_libpango.o -L/usr/lib -lpangocairo-1.0 -lpango-1.0 -lcairo -lharfbuzz -lgobject-2.0 -lglib-2.0 -lpython2.7 -o build/lib.linux-x86_64-2.7/uc2/libpango/_libpango.so
building 'uc2.libimg._libimg' extension
creating build/temp.linux-x86_64-2.7/src/uc2/libimg
gcc -fno-strict-aliasing -march=x86-64 -mtune=generic -O2 -pipe -fno-plt -fexceptions -Wp,-D_FORTIFY_SOURCE=2 -Wformat -Werror=format-security -fstack-clash-protection -fcf-protection -g -ffile-prefix-map=/build/python2/src=/usr/src/debug/python2 -flto=auto -DNDEBUG -march=x86-64 -mtune=generic -O2 -pipe -fno-plt -fexceptions -Wp,-D_FORTIFY_SOURCE=2 -Wformat -Werror=format-security -fstack-clash-protection -fcf-protection -g -ffile-prefix-map=/build/python2/src=/usr/src/debug/python2 -flto=auto -march=x86-64 -mtune=generic -O2 -pipe -fno-plt -fexceptions -Wp,-D_FORTIFY_SOURCE=3 -Wformat -Werror=format-security -fstack-clash-protection -fcf-protection -fno-omit-frame-pointer -mno-omit-leaf-frame-pointer -g -ffile-prefix-map=/build/sk1/src=/usr/src/debug/sk1 -flto=auto -fPIC -DMAJOR_VERSION=1 -DMINOR_VERSION=0 -I/usr/include/ImageMagick-7 -I/usr/include/python2.7 -c src/uc2/libimg/_libimg7.c -o build/temp.linux-x86_64-2.7/src/uc2/libimg/_libimg7.o -fopenmp -DMAGICKCORE_HDRI_ENABLE=1 -DMAGICKCORE_QUANTUM_DEPTH=16 -DMAGICKCORE_CHANNEL_MASK_DEPTH=32
<command-line>: warning: ‘_FORTIFY_SOURCE’ redefined
<command-line>: note: this is the location of the previous definition
gcc -shared -Wl,-O1,--sort-common,--as-needed,-z,relro,-z,now -flto=auto -L/usr/lib/openssl-1.1 -Wl,-O1 -Wl,--sort-common -Wl,--as-needed -Wl,-z,relro -Wl,-z,now -Wl,-z,pack-relative-relocs -flto=auto -march=x86-64 -mtune=generic -O2 -pipe -fno-plt -fexceptions -Wp,-D_FORTIFY_SOURCE=3 -Wformat -Werror=format-security -fstack-clash-protection -fcf-protection -fno-omit-frame-pointer -mno-omit-leaf-frame-pointer -g -ffile-prefix-map=/build/sk1/src=/usr/src/debug/sk1 -flto=auto build/temp.linux-x86_64-2.7/src/uc2/libimg/_libimg7.o -L/usr/lib -lMagickWand-7.Q16HDRI -lMagickCore-7.Q16HDRI -lpython2.7 -o build/lib.linux-x86_64-2.7/uc2/libimg/_libimg.so
running build_scripts
creating build/scripts-2.7
copying and adjusting src/script/sk1 -> build/scripts-2.7
changing mode of build/scripts-2.7/sk1 from 644 to 755
