<unknown>:27: SyntaxWarning: "\]" is an invalid escape sequence. Such sequences will not work in the future. Did you mean "\\]"? A raw string is also an option.
sk1 E: GPL3 is not a valid SPDX license identifier. See https://spdx.org/licenses/ for valid identifiers, or prefix the identifier with 'LicenseRef-', if it is custom.
sk1 W: Referenced python module 'indicator.OrientationIndicator' is an uninstalled dependency (needed in files ['usr/lib/sk1-wx-2.0rc5/sk1/share/pd_plugins/transform_plugin/__init__.py'])
sk1 W: Referenced python module 'sk1.pwidgets.BitmapToggle' is an uninstalled dependency (needed in files ['usr/lib/sk1-wx-2.0rc5/sk1/share/pd_plugins/transform_plugin/indicator.py', 'usr/lib/sk1-wx-2.0rc5/sk1/context/circle.py', 'usr/lib/sk1-wx-2.0rc5/sk1/context/rect.py'])
sk1 W: Referenced python module 'uc2.formats.sk2.sk2_model' is an uninstalled dependency (needed in files ['usr/lib/sk1-wx-2.0rc5/uc2/formats/pes/pes_translators.py', 'usr/lib/sk1-wx-2.0rc5/uc2/formats/sk2/crenderer.py', 'usr/lib/sk1-wx-2.0rc5/uc2/formats/dst/dst_to_sk2.py', 'usr/lib/sk1-wx-2.0rc5/uc2/formats/pdf/pdfgen.py', 'usr/lib/sk1-wx-2.0rc5/sk1/document/api.py', 'usr/lib/sk1-wx-2.0rc5/uc2/formats/sk1/sk1_translators.py', 'usr/lib/sk1-wx-2.0rc5/uc2/formats/skp/skp_presenter.py', 'usr/lib/sk1-wx-2.0rc5/uc2/formats/xar/xar_translators.py', 'usr/lib/sk1-wx-2.0rc5/uc2/formats/sk2/sk2_methods.py', 'usr/lib/sk1-wx-2.0rc5/uc2/formats/sk/sk_translators.py', 'usr/lib/sk1-wx-2.0rc5/sk1/pwidgets/colorctrls.py', 'usr/lib/sk1-wx-2.0rc5/uc2/formats/cdr/cdr_translators.py', 'usr/lib/sk1-wx-2.0rc5/uc2/formats/cmx/cmx_to_sk2.py', 'usr/lib/sk1-wx-2.0rc5/uc2/formats/fig/fig_translators.py', 'usr/lib/sk1-wx-2.0rc5/uc2/formats/plt/plt_translators.py', 'usr/lib/sk1-wx-2.0rc5/uc2/formats/cgm/cgm_to_sk2.py', 'usr/lib/sk1-wx-2.0rc5/uc2/formats/fallback.py', 'usr/lib/sk1-wx-2.0rc5/uc2/formats/wmf/wmf_translators.py'])
sk1 W: Referenced python module 'uc2.formats.dst.dst_to_sk2.DST_to_SK2_Translator' is an uninstalled dependency (needed in files ['usr/lib/sk1-wx-2.0rc5/uc2/formats/dst/dst_presenter.py'])
sk1 W: Referenced python module 'uc2.formats.cpl.cpl_model.CPL7_Palette' is an uninstalled dependency (needed in files ['usr/lib/sk1-wx-2.0rc5/uc2/formats/cpl/cpl_filters.py'])
sk1 W: Referenced python module 'uc2.formats.cgm.cgm_utils' is an uninstalled dependency (needed in files ['usr/lib/sk1-wx-2.0rc5/uc2/formats/cgm/cgm_model.py', 'usr/lib/sk1-wx-2.0rc5/uc2/formats/cgm/cgm_to_sk2.py', 'usr/lib/sk1-wx-2.0rc5/uc2/formats/cgm/cgm_filters.py'])
sk1 W: Referenced python module 'sk1.dialogs.palette_collection_dlg' is an uninstalled dependency (needed in files ['usr/lib/sk1-wx-2.0rc5/sk1/prefs/prefs_palettes.py'])
sk1 W: Referenced python module 'wal.CENTER' is an uninstalled dependency (needed in files ['usr/lib/sk1-wx-2.0rc5/sk1/context/page_format.py'])
sk1 W: Referenced python module 'zoom_ctrl.ZoomController' is an uninstalled dependency (needed in files ['usr/lib/sk1-wx-2.0rc5/sk1/document/controllers/__init__.py'])
sk1 W: Referenced python module 'uc2.formats.cdr.cdr_const.CDR7' is an uninstalled dependency (needed in files ['usr/lib/sk1-wx-2.0rc5/uc2/formats/cdr/cdr_model.py'])
sk1 W: Referenced python module 'uc2.formats.sk.sk_config.SK_Config' is an uninstalled dependency (needed in files ['usr/lib/sk1-wx-2.0rc5/uc2/formats/sk/sk_presenter.py'])
sk1 W: Referenced python module 'sk1.pwidgets.ctxmenu.ActionMenuItem' is an uninstalled dependency (needed in files ['usr/lib/sk1-wx-2.0rc5/sk1/parts/menubar.py'])
sk1 W: Referenced python module 'sk1.context.RECTANGLE' is an uninstalled dependency (needed in files ['usr/lib/sk1-wx-2.0rc5/sk1/parts/ctxpanel.py'])
sk1 W: Referenced python module 'uc2.formats.cgm.cgm_const.CGM_SIGNATURE' is an uninstalled dependency (needed in files ['usr/lib/sk1-wx-2.0rc5/uc2/formats/cgm/__init__.py'])
sk1 W: Referenced python module 'sk1.modes.FLEUR_MODE' is an uninstalled dependency (needed in files ['usr/lib/sk1-wx-2.0rc5/sk1/app_actions.py'])
sk1 W: Referenced python module 'uc2.sk2const.DOC_ORIGIN_LL' is an uninstalled dependency (needed in files ['usr/lib/sk1-wx-2.0rc5/sk1/document/canvas.py'])
sk1 W: Referenced python module 'uc2.formats.jcw.jcw_const.JCW_RGB_PANTONE' is an uninstalled dependency (needed in files ['usr/lib/sk1-wx-2.0rc5/uc2/formats/jcw/jcw_utils.py'])
sk1 W: Referenced python module 'uc2.formats.corel_pal.corel_pal_methods.CorelPalette_Methods' is an uninstalled dependency (needed in files ['usr/lib/sk1-wx-2.0rc5/uc2/formats/corel_pal/corel_pal_presenter.py'])
sk1 W: Referenced python module 'uc2.formats.pdxf.model' is an uninstalled dependency (needed in files ['usr/lib/sk1-wx-2.0rc5/uc2/formats/pdxf/crenderer.py', 'usr/lib/sk1-wx-2.0rc5/uc2/formats/pdxf/__init__.py', 'usr/lib/sk1-wx-2.0rc5/uc2/formats/pdxf/methods.py'])
sk1 W: Referenced python module '_libpango' is an uninstalled dependency (needed in files ['usr/lib/sk1-wx-2.0rc5/uc2/libpango/core.py', 'usr/lib/sk1-wx-2.0rc5/uc2/libpango/fonts.py'])
sk1 W: Referenced python module 'sk1.parts.mdiarea.MDIArea' is an uninstalled dependency (needed in files ['usr/lib/sk1-wx-2.0rc5/sk1/parts/mw.py'])
sk1 W: Referenced python module 'uc2.sk2const.NODE_SYMMETRICAL' is an uninstalled dependency (needed in files ['usr/lib/sk1-wx-2.0rc5/uc2/formats/cdr/cdr_model.py'])
sk1 W: Referenced python module 'reportlab.pdfbase.pdfdoc.PDFDate' is an uninstalled dependency (needed in files ['usr/lib/sk1-wx-2.0rc5/uc2/formats/pdf/pdfgen.py'])
sk1 W: Referenced python module 'gradientctrls.GradientEditor' is an uninstalled dependency (needed in files ['usr/lib/sk1-wx-2.0rc5/sk1/pwidgets/fillctrls.py'])
sk1 W: Referenced python module 'uc2.libgeom.excluse_paths' is an uninstalled dependency (needed in files ['usr/lib/sk1-wx-2.0rc5/sk1/share/pd_plugins/shaping/__init__.py'])
sk1 W: Referenced python module 'sk1.document.ruler.VFONT' is an uninstalled dependency (needed in files ['usr/lib/sk1-wx-2.0rc5/sk1/printing/printdlg/ruler.py'])
sk1 W: Referenced python module 'sk1.modes.EDIT_MODES' is an uninstalled dependency (needed in files ['usr/lib/sk1-wx-2.0rc5/sk1/app_actions.py'])
sk1 W: Referenced python module 'uc2.formats.fig.fig_translators.FIG_to_SK2_Translator' is an uninstalled dependency (needed in files ['usr/lib/sk1-wx-2.0rc5/uc2/formats/fig/fig_presenter.py'])
sk1 W: Referenced python module 'uc2.formats.sk.sk_methods.create_new_doc' is an uninstalled dependency (needed in files ['usr/lib/sk1-wx-2.0rc5/uc2/formats/sk/sk_presenter.py'])
sk1 W: Referenced python module 'uc2.formats.aco.aco_model.ACO_Palette' is an uninstalled dependency (needed in files ['usr/lib/sk1-wx-2.0rc5/uc2/formats/aco/aco_presenter.py'])
sk1 W: Referenced python module 'uc2.formats.soc.soc_const' is an uninstalled dependency (needed in files ['usr/lib/sk1-wx-2.0rc5/uc2/formats/soc/soc_config.py'])
sk1 W: Referenced python module 'sk1.modes.ZOOM_MODE' is an uninstalled dependency (needed in files ['usr/lib/sk1-wx-2.0rc5/sk1/app_actions.py'])
sk1 W: Referenced python module 'sk1.document.selection.Selection' is an uninstalled dependency (needed in files ['usr/lib/sk1-wx-2.0rc5/sk1/document/presenter.py'])
sk1 W: Referenced python module 'uc2.formats.get_loader' is an uninstalled dependency (needed in files ['usr/lib/sk1-wx-2.0rc5/sk1/printing/cups_print.py', 'usr/lib/sk1-wx-2.0rc5/sk1/document/presenter.py', 'usr/lib/sk1-wx-2.0rc5/uc2/cmds/translate.py', 'usr/lib/sk1-wx-2.0rc5/sk1/application.py', 'usr/lib/sk1-wx-2.0rc5/sk1/printing/msw_print.py'])
sk1 W: Referenced python module 'sk1.parts.menubar.AppMenuBar' is an uninstalled dependency (needed in files ['usr/lib/sk1-wx-2.0rc5/sk1/parts/mw.py'])
sk1 W: Referenced python module 'uc2.formats.skp.skp_filters.SKP_Loader' is an uninstalled dependency (needed in files ['usr/lib/sk1-wx-2.0rc5/uc2/formats/skp/skp_presenter.py'])
sk1 W: Referenced python module 'wx.lib.agw.ultimatelistctrl.ULC_HRULES' is an uninstalled dependency (needed in files ['usr/lib/sk1-wx-2.0rc5/wal/widgets/layerlist.py'])
sk1 W: Referenced python module 'reportlab.pdfbase.pdfdoc.PDFString' is an uninstalled dependency (needed in files ['usr/lib/sk1-wx-2.0rc5/uc2/formats/pdf/pdfgen.py'])
sk1 W: Referenced python module 'editdlg.multiline_edit_dlg' is an uninstalled dependency (needed in files ['usr/lib/sk1-wx-2.0rc5/sk1/dialogs/__init__.py'])
sk1 W: Referenced python module 'uc2.formats.dst.dst_presenter.DstPresenter' is an uninstalled dependency (needed in files ['usr/lib/sk1-wx-2.0rc5/uc2/formats/dst/__init__.py'])
sk1 W: Referenced python module 'uc2.msgconst' is an uninstalled dependency (needed in files ['usr/lib/sk1-wx-2.0rc5/uc2/formats/__init__.py', 'usr/lib/sk1-wx-2.0rc5/uc2/formats/generic_filters.py', 'usr/lib/sk1-wx-2.0rc5/uc2/formats/cdrz/cdrz_filters.py', 'usr/lib/sk1-wx-2.0rc5/uc2/cmds/translate.py', 'usr/lib/sk1-wx-2.0rc5/uc2/utils/fsutils.py', 'usr/lib/sk1-wx-2.0rc5/uc2/formats/plt/plt_filters.py', 'usr/lib/sk1-wx-2.0rc5/sk1/application.py', 'usr/lib/sk1-wx-2.0rc5/uc2/cmds/__init__.py', 'usr/lib/sk1-wx-2.0rc5/uc2/application.py', 'usr/lib/sk1-wx-2.0rc5/uc2/formats/generic.py'])
sk1 W: Referenced python module 'uc2.utils.long2py_float' is an uninstalled dependency (needed in files ['usr/lib/sk1-wx-2.0rc5/uc2/formats/cdr/cdr_model.py', 'usr/lib/sk1-wx-2.0rc5/uc2/formats/cdr/cdr_utils.py'])
sk1 W: Referenced python module 'uc2.formats.fig.fig_methods.create_new_doc' is an uninstalled dependency (needed in files ['usr/lib/sk1-wx-2.0rc5/uc2/formats/fig/fig_presenter.py'])
sk1 W: Referenced python module 'fonts.render_sample' is an uninstalled dependency (needed in files ['usr/lib/sk1-wx-2.0rc5/uc2/libpango/__init__.py'])
sk1 W: Referenced python module 'wal.yesno_dialog' is an uninstalled dependency (needed in files ['usr/lib/sk1-wx-2.0rc5/sk1/dialogs/__init__.py'])
sk1 W: Referenced python module 'pdfconst.PDF_VERSION_DEFAULT' is an uninstalled dependency (needed in files ['usr/lib/sk1-wx-2.0rc5/uc2/formats/pdf/pdfgen.py'])
sk1 W: Referenced python module 'sk1.parts.statusbar.AppStatusbar' is an uninstalled dependency (needed in files ['usr/lib/sk1-wx-2.0rc5/sk1/parts/mdiarea.py'])
sk1 W: Referenced python module 'sk1.appconst.PAGEFIT' is an uninstalled dependency (needed in files ['usr/lib/sk1-wx-2.0rc5/sk1/printing/printdlg/canvas.py', 'usr/lib/sk1-wx-2.0rc5/sk1/document/canvas.py'])
sk1 W: Referenced python module 'prefs_ruler.RulersPrefs' is an uninstalled dependency (needed in files ['usr/lib/sk1-wx-2.0rc5/sk1/prefs/__init__.py'])
sk1 W: Referenced python module 'wal.VPanel' is an uninstalled dependency (needed in files ['usr/lib/sk1-wx-2.0rc5/sk1/app_plugins.py'])
sk1 W: Referenced python module 'sk1.dialogs.ProgressDialog' is an uninstalled dependency (needed in files ['usr/lib/sk1-wx-2.0rc5/sk1/printing/cups_print.py', 'usr/lib/sk1-wx-2.0rc5/sk1/printing/generic.py', 'usr/lib/sk1-wx-2.0rc5/sk1/document/presenter.py', 'usr/lib/sk1-wx-2.0rc5/sk1/printing/msw_print.py'])
sk1 W: Referenced python module 'colorctrls.FillColorRefPanel' is an uninstalled dependency (needed in files ['usr/lib/sk1-wx-2.0rc5/sk1/pwidgets/fillctrls.py'])
sk1 W: Referenced python module 'colorctrls.SbFillSwatch' is an uninstalled dependency (needed in files ['usr/lib/sk1-wx-2.0rc5/sk1/pwidgets/__init__.py'])
sk1 W: Referenced python module 'shaping.intersect_paths' is an uninstalled dependency (needed in files ['usr/lib/sk1-wx-2.0rc5/uc2/libgeom/__init__.py'])
sk1 W: Referenced python module 'uc2.formats.aco.aco_const' is an uninstalled dependency (needed in files ['usr/lib/sk1-wx-2.0rc5/uc2/formats/aco/aco_model.py'])
sk1 W: Referenced python module 'uc2.formats.cdr.cdr_const.CDR_COLOR_GRAY' is an uninstalled dependency (needed in files ['usr/lib/sk1-wx-2.0rc5/uc2/formats/cdr/cdr_utils.py'])
sk1 W: Referenced python module 'select_ctrl.PickController' is an uninstalled dependency (needed in files ['usr/lib/sk1-wx-2.0rc5/sk1/document/controllers/__init__.py'])
sk1 W: Referenced python module 'uc2.formats.svg.svg_translators.SVG_to_SK2_Translator' is an uninstalled dependency (needed in files ['usr/lib/sk1-wx-2.0rc5/uc2/formats/svg/svg_presenter.py'])
sk1 W: Referenced python module 'sk1.modes.CURVE_MODE' is an uninstalled dependency (needed in files ['usr/lib/sk1-wx-2.0rc5/sk1/app_actions.py'])
sk1 W: Referenced python module 'uc2.utils.py_int2dword' is an uninstalled dependency (needed in files ['usr/lib/sk1-wx-2.0rc5/uc2/formats/riff/riff_filters.py', 'usr/lib/sk1-wx-2.0rc5/uc2/formats/cdrz/cdrz_filters.py', 'usr/lib/sk1-wx-2.0rc5/uc2/formats/cdr/cdr_filters.py', 'usr/lib/sk1-wx-2.0rc5/uc2/formats/riff/model.py'])
sk1 W: Referenced python module 'colorctrls.RGB_PALETTE' is an uninstalled dependency (needed in files ['usr/lib/sk1-wx-2.0rc5/sk1/pwidgets/fillctrls.py'])
sk1 W: Referenced python module 'uc2.formats.xar.xar_model' is an uninstalled dependency (needed in files ['usr/lib/sk1-wx-2.0rc5/uc2/formats/xar/xar_translators.py', 'usr/lib/sk1-wx-2.0rc5/uc2/formats/xar/xar_method.py', 'usr/lib/sk1-wx-2.0rc5/uc2/formats/xar/xar_filters.py'])
sk1 W: Referenced python module 'uc2.utils.mixutils' is an uninstalled dependency (needed in files ['usr/lib/sk1-wx-2.0rc5/sk1/application.py'])
sk1 W: Referenced python module 'uc2.formats.cdr.cdr_utils.parse_size_value' is an uninstalled dependency (needed in files ['usr/lib/sk1-wx-2.0rc5/uc2/formats/cdr/cdr_model.py'])
sk1 W: Referenced python module 'uc2.formats.sk1.model.Rectangle' is an uninstalled dependency (needed in files ['usr/lib/sk1-wx-2.0rc5/uc2/formats/sk1/sk1_loaders.py'])
sk1 W: Referenced python module 'uc2.formats.cdr.cdr_const.CDR_CS_MATSH' is an uninstalled dependency (needed in files ['usr/lib/sk1-wx-2.0rc5/uc2/formats/cdr/cdr_utils.py'])
sk1 W: Referenced python module 'uc2.formats.wmf.wmf_const.EOF_RECORD' is an uninstalled dependency (needed in files ['usr/lib/sk1-wx-2.0rc5/uc2/formats/wmf/wmf_filters.py'])
sk1 W: Referenced python module 'uc2.uc2conf.UCConfig' is an uninstalled dependency (needed in files ['usr/lib/sk1-wx-2.0rc5/uc2/application.py', 'usr/lib/sk1-wx-2.0rc5/sk1/app_conf.py'])
sk1 W: Referenced python module 'sk1.modes.SHAPER_MODE' is an uninstalled dependency (needed in files ['usr/lib/sk1-wx-2.0rc5/sk1/app_actions.py'])
sk1 W: Referenced python module 'surfaces.VRulerSurface' is an uninstalled dependency (needed in files ['usr/lib/sk1-wx-2.0rc5/sk1/pwidgets/__init__.py'])
sk1 W: Referenced python module 'sk1.pwidgets.ActionToggle' is an uninstalled dependency (needed in files ['usr/lib/sk1-wx-2.0rc5/sk1/context/page_format.py'])
sk1 W: Referenced python module 'prefs_fonts.FontPrefs' is an uninstalled dependency (needed in files ['usr/lib/sk1-wx-2.0rc5/sk1/prefs/__init__.py'])
sk1 W: Referenced python module 'uc2.formats.cdr.cdr_utils.parse_cdr_color' is an uninstalled dependency (needed in files ['usr/lib/sk1-wx-2.0rc5/uc2/formats/cdr/cdr_model.py'])
sk1 W: Referenced python module 'sk1.printing.print_dlg' is an uninstalled dependency (needed in files ['usr/lib/sk1-wx-2.0rc5/sk1/app_proxy.py'])
sk1 W: Referenced python module 'uc2.formats.plt.plt_filters.PLT_Saver' is an uninstalled dependency (needed in files ['usr/lib/sk1-wx-2.0rc5/uc2/formats/plt/plt_presenter.py'])
sk1 W: Referenced python module 'sk1.parts.doctabs.DocTabPanel' is an uninstalled dependency (needed in files ['usr/lib/sk1-wx-2.0rc5/sk1/parts/mdiarea.py'])
sk1 W: Referenced python module 'points.midpoint' is an uninstalled dependency (needed in files ['usr/lib/sk1-wx-2.0rc5/uc2/libgeom/contour.py', 'usr/lib/sk1-wx-2.0rc5/uc2/libgeom/shaping.py', 'usr/lib/sk1-wx-2.0rc5/uc2/libgeom/text_on_path.py'])
sk1 W: Referenced python module 'uc2.formats.svg.svg_translators.SK2_to_SVG_Translator' is an uninstalled dependency (needed in files ['usr/lib/sk1-wx-2.0rc5/uc2/formats/svg/svg_presenter.py'])
sk1 W: Referenced python module 'sk1.pwidgets.colorctrls.RGB_PALETTE' is an uninstalled dependency (needed in files ['usr/lib/sk1-wx-2.0rc5/sk1/dialogs/colordlg.py'])
sk1 W: Referenced python module 'uc2.formats.sk2.sk2_filters.SK2_Saver' is an uninstalled dependency (needed in files ['usr/lib/sk1-wx-2.0rc5/uc2/formats/sk2/sk2_presenter.py'])
sk1 W: Referenced python module 'uc2.formats.soc.soc_const.SOC_PAL_OO_TAG' is an uninstalled dependency (needed in files ['usr/lib/sk1-wx-2.0rc5/uc2/formats/soc/soc_filters.py', 'usr/lib/sk1-wx-2.0rc5/uc2/formats/soc/__init__.py'])
sk1 W: Referenced python module 'sk1.appconst.ZOOM_IN' is an uninstalled dependency (needed in files ['usr/lib/sk1-wx-2.0rc5/sk1/document/controllers/generic.py', 'usr/lib/sk1-wx-2.0rc5/sk1/printing/printdlg/canvas.py', 'usr/lib/sk1-wx-2.0rc5/sk1/document/canvas.py'])
sk1 W: Referenced python module 'artids.ART_IDS' is an uninstalled dependency (needed in files ['usr/lib/sk1-wx-2.0rc5/sk1/resources/__init__.py'])
sk1 W: Referenced python module 'colorctrls.SbStrokeSwatch' is an uninstalled dependency (needed in files ['usr/lib/sk1-wx-2.0rc5/sk1/pwidgets/__init__.py'])
sk1 W: Referenced python module 'langs.check_arabic' is an uninstalled dependency (needed in files ['usr/lib/sk1-wx-2.0rc5/uc2/libpango/paths.py'])
sk1 W: Referenced python module 'uc2.libgeom.trafo_rotate_grad' is an uninstalled dependency (needed in files ['usr/lib/sk1-wx-2.0rc5/uc2/formats/xar/xar_translators.py'])
sk1 W: Referenced python module 'uc2.formats.xar.xar_const.XAR_RECORD_HEADER' is an uninstalled dependency (needed in files ['usr/lib/sk1-wx-2.0rc5/uc2/formats/xar/xar_model.py'])
sk1 W: Referenced python module 'uc2.cms' is an uninstalled dependency (needed in files ['usr/lib/sk1-wx-2.0rc5/uc2/formats/edr_pal/edr_presenter.py', 'usr/lib/sk1-wx-2.0rc5/uc2/formats/ase/ase_presenter.py', 'usr/lib/sk1-wx-2.0rc5/uc2/formats/cmx/cmx_from_sk2.py', 'usr/lib/sk1-wx-2.0rc5/uc2/formats/fig/fig_colors.py', 'usr/lib/sk1-wx-2.0rc5/uc2/formats/cdr/cdr_utils.py', 'usr/lib/sk1-wx-2.0rc5/uc2/formats/sk2/sk2_model.py', 'usr/lib/sk1-wx-2.0rc5/sk1/printing/printdlg/ruler.py', 'usr/lib/sk1-wx-2.0rc5/sk1/pwidgets/minipalette.py', 'usr/lib/sk1-wx-2.0rc5/uc2/formats/gpl/gpl_presenter.py', 'usr/lib/sk1-wx-2.0rc5/uc2/formats/jcw/jcw_utils.py', 'usr/lib/sk1-wx-2.0rc5/sk1/pwidgets/colorctrls.py', 'usr/lib/sk1-wx-2.0rc5/uc2/formats/fig/fig_translators.py', 'usr/lib/sk1-wx-2.0rc5/uc2/formats/cpl/cpl_model.py', 'usr/lib/sk1-wx-2.0rc5/uc2/formats/soc/soc_presenter.py', 'usr/lib/sk1-wx-2.0rc5/sk1/share/pd_plugins/iconizer/__init__.py', 'usr/lib/sk1-wx-2.0rc5/uc2/cmds/parts.py', 'usr/lib/sk1-wx-2.0rc5/uc2/formats/jcw/jcw_presenter.py', 'usr/lib/sk1-wx-2.0rc5/sk1/dialogs/docprops.py', 'usr/lib/sk1-wx-2.0rc5/sk1/pwidgets/fontctrl.py', 'usr/lib/sk1-wx-2.0rc5/sk1/document/ruler.py', 'usr/lib/sk1-wx-2.0rc5/uc2/formats/pdxf/model.py', 'usr/lib/sk1-wx-2.0rc5/uc2/formats/scribus_pal/scribus_pal_presenter.py', 'usr/lib/sk1-wx-2.0rc5/uc2/formats/aco/aco_const.py', 'usr/lib/sk1-wx-2.0rc5/uc2/formats/dst/dst_from_sk2.py', 'usr/lib/sk1-wx-2.0rc5/sk1/dialogs/aboutdlg.py', 'usr/lib/sk1-wx-2.0rc5/uc2/formats/xar/xar_translators.py', 'usr/lib/sk1-wx-2.0rc5/uc2/cmds/configure.py', 'usr/lib/sk1-wx-2.0rc5/uc2/formats/cmx/cmx_to_sk2.py', 'usr/lib/sk1-wx-2.0rc5/uc2/formats/gpl/gpl_filters.py'])
sk1 W: Referenced python module 'prefs_palettes.PalettesPrefs' is an uninstalled dependency (needed in files ['usr/lib/sk1-wx-2.0rc5/sk1/prefs/__init__.py'])
sk1 W: Referenced python module 'uc2.formats.pdxf.methods.PDXF_Methods' is an uninstalled dependency (needed in files ['usr/lib/sk1-wx-2.0rc5/uc2/formats/pdxf/presenter.py'])
sk1 W: Referenced python module 'uc2.libcairo.image_to_surface' is an uninstalled dependency (needed in files ['usr/lib/sk1-wx-2.0rc5/uc2/libimg/handlers.py'])
sk1 W: Referenced python module 'pdfgen' is an uninstalled dependency (needed in files ['usr/lib/sk1-wx-2.0rc5/uc2/formats/pdf/pdf_filters.py'])
sk1 W: Referenced python module 'uc2.formats.wmf.wmf_hatches' is an uninstalled dependency (needed in files ['usr/lib/sk1-wx-2.0rc5/uc2/formats/wmf/wmf_translators.py'])
sk1 W: Referenced python module 'reportlab.pdfgen.canvas.FILL_NON_ZERO' is an uninstalled dependency (needed in files ['usr/lib/sk1-wx-2.0rc5/uc2/formats/pdf/pdfgen.py'])
sk1 W: Referenced python module 'sk1.parts.stubpanel.AppStubPanel' is an uninstalled dependency (needed in files ['usr/lib/sk1-wx-2.0rc5/sk1/parts/mw.py'])
sk1 W: Referenced python module 'uc2.formats.pdxf.resmngr.ResourceManager' is an uninstalled dependency (needed in files ['usr/lib/sk1-wx-2.0rc5/uc2/formats/pdxf/presenter.py'])
sk1 W: Referenced python module 'uc2.formats.md.md_presenter.MdPresenter' is an uninstalled dependency (needed in files ['usr/lib/sk1-wx-2.0rc5/uc2/formats/md/__init__.py'])
sk1 W: Referenced python module 'points.sub_points' is an uninstalled dependency (needed in files ['usr/lib/sk1-wx-2.0rc5/uc2/libgeom/contour.py'])
sk1 W: Referenced python module 'uc2.formats.gpl.gpl_filters.GPL_Saver' is an uninstalled dependency (needed in files ['usr/lib/sk1-wx-2.0rc5/uc2/formats/gpl/gpl_presenter.py'])
sk1 W: Referenced python module 'sk1.pwidgets.Palette' is an uninstalled dependency (needed in files ['usr/lib/sk1-wx-2.0rc5/sk1/parts/palettepanel.py'])
sk1 W: Referenced python module 'sk1.pwidgets.font_cache_update' is an uninstalled dependency (needed in files ['usr/lib/sk1-wx-2.0rc5/sk1/application.py'])
sk1 W: Referenced python module 'uc2.formats.xar.xar_const.CO_ORDINATES_DPI' is an uninstalled dependency (needed in files ['usr/lib/sk1-wx-2.0rc5/uc2/formats/xar/xar_datatype.py'])
sk1 W: Referenced python module 'uc2.formats.pes.pes_const.PEC_SIGNATURE' is an uninstalled dependency (needed in files ['usr/lib/sk1-wx-2.0rc5/uc2/formats/pes/__init__.py'])
sk1 W: Referenced python module 'uc2.formats.cdrz.cdrz_filters.CDRZ_Saver' is an uninstalled dependency (needed in files ['usr/lib/sk1-wx-2.0rc5/uc2/formats/cdrz/presenter.py'])
sk1 W: Referenced python module 'filldlg.fill_dlg' is an uninstalled dependency (needed in files ['usr/lib/sk1-wx-2.0rc5/sk1/dialogs/__init__.py'])
sk1 W: Referenced python module 'fillctrls.GradientFill' is an uninstalled dependency (needed in files ['usr/lib/sk1-wx-2.0rc5/sk1/pwidgets/__init__.py'])
sk1 W: Referenced python module 'sk1.pwidgets.UnitSpin' is an uninstalled dependency (needed in files ['usr/lib/sk1-wx-2.0rc5/sk1/context/page_format.py', 'usr/lib/sk1-wx-2.0rc5/sk1/share/pd_plugins/transform_plugin/transforms.py', 'usr/lib/sk1-wx-2.0rc5/sk1/context/position.py', 'usr/lib/sk1-wx-2.0rc5/sk1/context/jump.py', 'usr/lib/sk1-wx-2.0rc5/sk1/context/resize.py', 'usr/lib/sk1-wx-2.0rc5/sk1/dialogs/strokedlg.py', 'usr/lib/sk1-wx-2.0rc5/sk1/dialogs/docprops.py'])
sk1 W: Referenced python module 'uc2.sk2const.CURVE_OPENED' is an uninstalled dependency (needed in files ['usr/lib/sk1-wx-2.0rc5/uc2/formats/cdr/cdr_model.py'])
sk1 W: Referenced python module 'uc2.utils.mixutils.merge_cnf' is an uninstalled dependency (needed in files ['usr/lib/sk1-wx-2.0rc5/uc2/formats/pdxf/__init__.py', 'usr/lib/sk1-wx-2.0rc5/uc2/formats/scribus_pal/__init__.py', 'usr/lib/sk1-wx-2.0rc5/uc2/formats/xar/__init__.py', 'usr/lib/sk1-wx-2.0rc5/uc2/formats/pdf/__init__.py', 'usr/lib/sk1-wx-2.0rc5/uc2/formats/pes/__init__.py', 'usr/lib/sk1-wx-2.0rc5/uc2/formats/fig/__init__.py', 'usr/lib/sk1-wx-2.0rc5/uc2/formats/fallback.py', 'usr/lib/sk1-wx-2.0rc5/uc2/formats/sk1/__init__.py', 'usr/lib/sk1-wx-2.0rc5/uc2/formats/cdrz/__init__.py', 'usr/lib/sk1-wx-2.0rc5/uc2/formats/plt/__init__.py', 'usr/lib/sk1-wx-2.0rc5/uc2/formats/corel_pal/__init__.py', 'usr/lib/sk1-wx-2.0rc5/uc2/formats/svg/__init__.py', 'usr/lib/sk1-wx-2.0rc5/uc2/formats/gpl/__init__.py', 'usr/lib/sk1-wx-2.0rc5/uc2/formats/ase/__init__.py', 'usr/lib/sk1-wx-2.0rc5/uc2/formats/wmf/__init__.py', 'usr/lib/sk1-wx-2.0rc5/uc2/formats/dst/__init__.py', 'usr/lib/sk1-wx-2.0rc5/uc2/formats/ccx/__init__.py', 'usr/lib/sk1-wx-2.0rc5/uc2/formats/sk/__init__.py', 'usr/lib/sk1-wx-2.0rc5/uc2/formats/sk2/__init__.py', 'usr/lib/sk1-wx-2.0rc5/uc2/formats/cgm/__init__.py', 'usr/lib/sk1-wx-2.0rc5/uc2/formats/md/__init__.py', 'usr/lib/sk1-wx-2.0rc5/uc2/formats/skp/__init__.py', 'usr/lib/sk1-wx-2.0rc5/uc2/formats/aco/__init__.py', 'usr/lib/sk1-wx-2.0rc5/uc2/formats/riff/__init__.py', 'usr/lib/sk1-wx-2.0rc5/uc2/formats/soc/__init__.py', 'usr/lib/sk1-wx-2.0rc5/uc2/formats/svgz/__init__.py', 'usr/lib/sk1-wx-2.0rc5/uc2/formats/cpl/__init__.py', 'usr/lib/sk1-wx-2.0rc5/uc2/formats/cmx/__init__.py', 'usr/lib/sk1-wx-2.0rc5/uc2/formats/edr_pal/__init__.py', 'usr/lib/sk1-wx-2.0rc5/uc2/formats/jcw/__init__.py', 'usr/lib/sk1-wx-2.0rc5/uc2/formats/png/__init__.py', 'usr/lib/sk1-wx-2.0rc5/uc2/formats/cdr/__init__.py', 'usr/lib/sk1-wx-2.0rc5/uc2/formats/xml_/__init__.py'])
sk1 W: Referenced python module 'bezier_ops.get_path_length' is an uninstalled dependency (needed in files ['usr/lib/sk1-wx-2.0rc5/uc2/libgeom/text_on_path.py'])
sk1 W: Referenced python module 'sk1.dialogs.msg_dialog' is an uninstalled dependency (needed in files ['usr/lib/sk1-wx-2.0rc5/sk1/share/pd_plugins/shaping/__init__.py'])
sk1 W: Referenced python module 'ctxmenu.ContextMenu' is an uninstalled dependency (needed in files ['usr/lib/sk1-wx-2.0rc5/sk1/pwidgets/__init__.py'])
sk1 W: Referenced python module 'uc2.formats.soc.soc_const.SOC_COLOR_TAG' is an uninstalled dependency (needed in files ['usr/lib/sk1-wx-2.0rc5/uc2/formats/soc/soc_filters.py'])
sk1 W: Referenced python module 'uc2.formats.generic.BinaryModelPresenter' is an uninstalled dependency (needed in files ['usr/lib/sk1-wx-2.0rc5/uc2/formats/edr_pal/edr_presenter.py', 'usr/lib/sk1-wx-2.0rc5/uc2/formats/xar/xar_presenter.py', 'usr/lib/sk1-wx-2.0rc5/uc2/formats/cdr/cdr_presenter.py', 'usr/lib/sk1-wx-2.0rc5/uc2/formats/riff/presenter.py', 'usr/lib/sk1-wx-2.0rc5/uc2/formats/cpl/cpl_presenter.py', 'usr/lib/sk1-wx-2.0rc5/uc2/formats/cgm/cgm_presenter.py', 'usr/lib/sk1-wx-2.0rc5/uc2/formats/ase/ase_presenter.py', 'usr/lib/sk1-wx-2.0rc5/uc2/formats/jcw/jcw_presenter.py', 'usr/lib/sk1-wx-2.0rc5/uc2/formats/wmf/wmf_presenter.py', 'usr/lib/sk1-wx-2.0rc5/uc2/formats/cdrz/presenter.py', 'usr/lib/sk1-wx-2.0rc5/uc2/formats/dst/dst_presenter.py', 'usr/lib/sk1-wx-2.0rc5/uc2/formats/aco/aco_presenter.py', 'usr/lib/sk1-wx-2.0rc5/uc2/formats/pes/pes_presenter.py', 'usr/lib/sk1-wx-2.0rc5/uc2/formats/cmx/cmx_presenter.py'])
sk1 W: Referenced python module 'uc2.formats.dst.dst_filters.DST_Loader' is an uninstalled dependency (needed in files ['usr/lib/sk1-wx-2.0rc5/uc2/formats/dst/dst_presenter.py'])
sk1 W: Referenced python module 'uc2.uc2const.LANDSCAPE' is an uninstalled dependency (needed in files ['usr/lib/sk1-wx-2.0rc5/sk1/context/page_format.py'])
sk1 W: Referenced python module 'uc2.formats.generic.TaggedModelPresenter' is an uninstalled dependency (needed in files ['usr/lib/sk1-wx-2.0rc5/uc2/formats/pdxf/presenter.py', 'usr/lib/sk1-wx-2.0rc5/uc2/formats/scribus_pal/scribus_pal_presenter.py', 'usr/lib/sk1-wx-2.0rc5/uc2/formats/xml_/xml_presenter.py', 'usr/lib/sk1-wx-2.0rc5/uc2/formats/corel_pal/corel_pal_presenter.py', 'usr/lib/sk1-wx-2.0rc5/uc2/formats/svg/svg_presenter.py'])
sk1 W: Referenced python module 'wal.LEFT' is an uninstalled dependency (needed in files ['usr/lib/sk1-wx-2.0rc5/sk1/context/page_format.py'])
sk1 W: Referenced python module 'uc2.utils.translator' is an uninstalled dependency (needed in files ['usr/lib/sk1-wx-2.0rc5/uc2/__init__.py'])
sk1 W: Referenced python module 'sk1.dialogs.error_dialog' is an uninstalled dependency (needed in files ['usr/lib/sk1-wx-2.0rc5/sk1/printing/cups_print.py', 'usr/lib/sk1-wx-2.0rc5/sk1/printing/generic.py', 'usr/lib/sk1-wx-2.0rc5/sk1/share/pd_plugins/shaping/__init__.py', 'usr/lib/sk1-wx-2.0rc5/sk1/app_proxy.py', 'usr/lib/sk1-wx-2.0rc5/sk1/printing/msw_print.py'])
sk1 W: Referenced python module 'uc2.formats.xml_.xml_model.XMLObject' is an uninstalled dependency (needed in files ['usr/lib/sk1-wx-2.0rc5/uc2/formats/xml_/xml_filters.py', 'usr/lib/sk1-wx-2.0rc5/uc2/formats/xml_/xml_presenter.py', 'usr/lib/sk1-wx-2.0rc5/uc2/formats/corel_pal/corel_pal_methods.py'])
sk1 W: Referenced python module 'prefs_printers.PrinterPrefs' is an uninstalled dependency (needed in files ['usr/lib/sk1-wx-2.0rc5/sk1/prefs/__init__.py'])
sk1 W: Referenced python module 'uc2.formats.aco.aco_const.ACO1_VER' is an uninstalled dependency (needed in files ['usr/lib/sk1-wx-2.0rc5/uc2/formats/aco/__init__.py'])
sk1 W: Referenced python module 'sk1.app_stdout.StreamLogger' is an uninstalled dependency (needed in files ['usr/lib/sk1-wx-2.0rc5/sk1/application.py'])
sk1 W: Referenced python module 'uc2.libgeom.is_point_in_rect2' is an uninstalled dependency (needed in files ['usr/lib/sk1-wx-2.0rc5/sk1/document/controllers/paint_ctrl.py'])
sk1 W: Referenced python module 'sk2_cids.*' is an uninstalled dependency (needed in files ['usr/lib/sk1-wx-2.0rc5/uc2/formats/sk2/sk2_model.py'])
sk1 W: Referenced python module 'srgb_profile_rc' is an uninstalled dependency (needed in files ['usr/lib/sk1-wx-2.0rc5/uc2/cms/libcms.py'])
sk1 W: Referenced python module 'uc2.formats.jcw.jcw_const.JCW_VER' is an uninstalled dependency (needed in files ['usr/lib/sk1-wx-2.0rc5/uc2/formats/jcw/jcw_model.py'])
sk1 W: Referenced python module 'uc2.formats.dst.dst_model' is an uninstalled dependency (needed in files ['usr/lib/sk1-wx-2.0rc5/uc2/formats/dst/dst_presenter.py', 'usr/lib/sk1-wx-2.0rc5/uc2/formats/dst/dst_from_sk2.py', 'usr/lib/sk1-wx-2.0rc5/uc2/formats/dst/dst_filters.py'])
sk1 W: Referenced python module 'text_on_path.set_text_on_path' is an uninstalled dependency (needed in files ['usr/lib/sk1-wx-2.0rc5/uc2/libgeom/__init__.py'])
sk1 W: Referenced python module 'uc2.formats.xml_.xml_presenter.XML_Presenter' is an uninstalled dependency (needed in files ['usr/lib/sk1-wx-2.0rc5/uc2/formats/xml_/__init__.py'])
sk1 W: Referenced python module 'uc2.formats.jcw.jcw_const.JCW_COLOR_NAMES' is an uninstalled dependency (needed in files ['usr/lib/sk1-wx-2.0rc5/uc2/formats/jcw/jcw_model.py'])
sk1 W: Referenced python module 'actions.ActionButton' is an uninstalled dependency (needed in files ['usr/lib/sk1-wx-2.0rc5/sk1/pwidgets/__init__.py'])
sk1 W: Referenced python module 'uc2.formats.plt.plt_config.PLT_Config' is an uninstalled dependency (needed in files ['usr/lib/sk1-wx-2.0rc5/uc2/formats/plt/plt_presenter.py'])
sk1 W: Referenced python module 'uc2.cms.get_profile_descr' is an uninstalled dependency (needed in files ['usr/lib/sk1-wx-2.0rc5/sk1/prefs/prefs_cms.py'])
sk1 W: Referenced python module 'wal.ync_dialog' is an uninstalled dependency (needed in files ['usr/lib/sk1-wx-2.0rc5/sk1/dialogs/__init__.py'])
sk1 W: Referenced python module 'uc2.formats.pes.pes_translators.PEC_to_SK2_Translator' is an uninstalled dependency (needed in files ['usr/lib/sk1-wx-2.0rc5/uc2/formats/pes/pes_presenter.py'])
sk1 W: Referenced python module 'uc2.formats.get_saver' is an uninstalled dependency (needed in files ['usr/lib/sk1-wx-2.0rc5/uc2/cmds/translate.py', 'usr/lib/sk1-wx-2.0rc5/sk1/document/presenter.py'])
sk1 W: Referenced python module 'uc2.formats.edr_pal.edr_filters.EDR_Loader' is an uninstalled dependency (needed in files ['usr/lib/sk1-wx-2.0rc5/uc2/formats/edr_pal/edr_presenter.py'])
sk1 W: Referenced python module 'uc2.formats.plt.plt_presenter.PltPresenter' is an uninstalled dependency (needed in files ['usr/lib/sk1-wx-2.0rc5/uc2/formats/plt/__init__.py'])
sk1 W: Referenced python module 'uc2.formats.fig.fig_config.FIGConfig' is an uninstalled dependency (needed in files ['usr/lib/sk1-wx-2.0rc5/uc2/formats/fig/fig_presenter.py'])
sk1 W: Referenced python module 'uc2.formats.pes.pes_colors' is an uninstalled dependency (needed in files ['usr/lib/sk1-wx-2.0rc5/uc2/formats/pes/pes_translators.py'])
sk1 W: Referenced python module 'uc2.application.UCApplication' is an uninstalled dependency (needed in files ['usr/lib/sk1-wx-2.0rc5/sk1/application.py'])
sk1 W: Referenced python module 'uc2.formats.scribus_pal.scribus_pal_filters.ScribusPalette_Loader' is an uninstalled dependency (needed in files ['usr/lib/sk1-wx-2.0rc5/uc2/formats/scribus_pal/scribus_pal_presenter.py'])
sk1 W: Referenced python module 'uc2' is an uninstalled dependency (needed in files ['usr/lib/sk1-wx-2.0rc5/uc2/cmds/configure.py', 'usr/lib/sk1-wx-2.0rc5/uc2/application.py', 'usr/lib/sk1-wx-2.0rc5/sk1/__init__.py'])
sk1 W: Referenced python module 'uc2.formats.pdxf.methods' is an uninstalled dependency (needed in files ['usr/lib/sk1-wx-2.0rc5/uc2/formats/pdxf/presenter.py'])
sk1 W: Referenced python module 'uc2.sk2const.ARC_CHORD' is an uninstalled dependency (needed in files ['usr/lib/sk1-wx-2.0rc5/sk1/context/circle.py'])
sk1 W: Referenced python module 'uc2.uc2const.ICM' is an uninstalled dependency (needed in files ['usr/lib/sk1-wx-2.0rc5/sk1/prefs/prefs_cms.py'])
sk1 W: Referenced python module 'uc2.formats.generic.TaggedModelObject' is an uninstalled dependency (needed in files ['usr/lib/sk1-wx-2.0rc5/uc2/formats/scribus_pal/scribus_pal_model.py', 'usr/lib/sk1-wx-2.0rc5/uc2/formats/xml_/xml_model.py'])
sk1 W: Referenced python module 'uc2.formats.sk2.sk2_methods.SK2_Methods' is an uninstalled dependency (needed in files ['usr/lib/sk1-wx-2.0rc5/uc2/formats/sk2/sk2_presenter.py'])
sk1 W: Referenced python module 'uc2.formats.ase.ase_filters.ASE_Loader' is an uninstalled dependency (needed in files ['usr/lib/sk1-wx-2.0rc5/uc2/formats/ase/ase_presenter.py'])
sk1 W: Referenced python module 'objs.*' is an uninstalled dependency (needed in files ['usr/lib/sk1-wx-2.0rc5/uc2/libgeom/__init__.py'])
sk1 W: Referenced python module 'uc2.formats.sk1.sk1_translators.SK2_to_SK1_Translator' is an uninstalled dependency (needed in files ['usr/lib/sk1-wx-2.0rc5/uc2/formats/sk1/presenter.py'])
sk1 W: Referenced python module 'fleur_ctrl.FleurController' is an uninstalled dependency (needed in files ['usr/lib/sk1-wx-2.0rc5/sk1/document/controllers/__init__.py'])
sk1 W: Referenced python module 'sk1.events.CLIPBOARD' is an uninstalled dependency (needed in files ['usr/lib/sk1-wx-2.0rc5/sk1/app_actions.py'])
sk1 W: Referenced python module 'aboutdlg.about_dialog' is an uninstalled dependency (needed in files ['usr/lib/sk1-wx-2.0rc5/sk1/dialogs/__init__.py'])
sk1 W: Referenced python module 'sk1.pwidgets.colorctrls.ColorColorRefPanel' is an uninstalled dependency (needed in files ['usr/lib/sk1-wx-2.0rc5/sk1/dialogs/colordlg.py'])
sk1 W: Referenced python module 'uc2.cms.get_registration_black' is an uninstalled dependency (needed in files ['usr/lib/sk1-wx-2.0rc5/sk1/pwidgets/fillctrls.py', 'usr/lib/sk1-wx-2.0rc5/sk1/pwidgets/colorctrls.py'])
sk1 W: Referenced python module 'uc2.uc2const.unit_full_names' is an uninstalled dependency (needed in files ['usr/lib/sk1-wx-2.0rc5/sk1/context/units.py', 'usr/lib/sk1-wx-2.0rc5/sk1/dialogs/docprops.py'])
sk1 W: Referenced python module 'uc2.formats.sk1.methods.create_new_doc' is an uninstalled dependency (needed in files ['usr/lib/sk1-wx-2.0rc5/uc2/formats/sk1/presenter.py'])
sk1 W: Referenced python module 'uc2.formats.skp.skp_config.SKP_Config' is an uninstalled dependency (needed in files ['usr/lib/sk1-wx-2.0rc5/uc2/formats/skp/skp_presenter.py'])
sk1 W: Referenced python module 'uc2.formats.xar.xar_const.XAR_RECORD_DATA_SPEC' is an uninstalled dependency (needed in files ['usr/lib/sk1-wx-2.0rc5/uc2/formats/xar/xar_model.py'])
sk1 W: Referenced python module 'uc2.formats.md.md_model.MdSaver' is an uninstalled dependency (needed in files ['usr/lib/sk1-wx-2.0rc5/uc2/formats/md/md_presenter.py'])
sk1 W: Referenced python module 'printout.Printout' is an uninstalled dependency (needed in files ['usr/lib/sk1-wx-2.0rc5/sk1/printing/cups_print.py', 'usr/lib/sk1-wx-2.0rc5/sk1/printing/msw_print.py'])
sk1 W: Referenced python module 'uc2.formats.jcw.jcw_config.JCW_Config' is an uninstalled dependency (needed in files ['usr/lib/sk1-wx-2.0rc5/uc2/formats/jcw/jcw_presenter.py'])
sk1 W: Referenced python module 'points.get_point_angle' is an uninstalled dependency (needed in files ['usr/lib/sk1-wx-2.0rc5/uc2/libgeom/flattering.py', 'usr/lib/sk1-wx-2.0rc5/uc2/libgeom/text_on_path.py'])
sk1 W: Referenced python module 'sk1.pwidgets.CanvasSurface' is an uninstalled dependency (needed in files ['usr/lib/sk1-wx-2.0rc5/sk1/parts/mdiarea.py'])
sk1 W: Referenced python module 'uc2.formats.cpl.cpl_model.CPLX4_SpotPalette' is an uninstalled dependency (needed in files ['usr/lib/sk1-wx-2.0rc5/uc2/formats/cpl/cpl_filters.py'])
sk1 W: Referenced python module 'colorctrls.CMYK_PALETTE' is an uninstalled dependency (needed in files ['usr/lib/sk1-wx-2.0rc5/sk1/pwidgets/fillctrls.py'])
sk1 W: Referenced python module 'gray_profile_rc' is an uninstalled dependency (needed in files ['usr/lib/sk1-wx-2.0rc5/uc2/cms/libcms.py'])
sk1 W: Referenced python module 'uc2.formats.sk.sk_const' is an uninstalled dependency (needed in files ['usr/lib/sk1-wx-2.0rc5/uc2/formats/sk/__init__.py', 'usr/lib/sk1-wx-2.0rc5/uc2/formats/sk/sk_model.py', 'usr/lib/sk1-wx-2.0rc5/uc2/formats/sk/sk_translators.py'])
sk1 W: Referenced python module 'uc2.uc2const.INTENTS' is an uninstalled dependency (needed in files ['usr/lib/sk1-wx-2.0rc5/sk1/prefs/prefs_cms.py'])
sk1 W: Referenced python module 'sk1.events.CONFIG_MODIFIED' is an uninstalled dependency (needed in files ['usr/lib/sk1-wx-2.0rc5/sk1/app_actions.py'])
sk1 W: Referenced python module 'uc2.utils.word2py_int' is an uninstalled dependency (needed in files ['usr/lib/sk1-wx-2.0rc5/uc2/formats/cdr/cdr_model.py', 'usr/lib/sk1-wx-2.0rc5/uc2/formats/cdr/cdr_utils.py'])
sk1 W: Referenced python module 'sk1.prefs.get_prefs_dialog' is an uninstalled dependency (needed in files ['usr/lib/sk1-wx-2.0rc5/sk1/app_proxy.py'])
sk1 W: Referenced python module 'surfaces.Painter' is an uninstalled dependency (needed in files ['usr/lib/sk1-wx-2.0rc5/sk1/pwidgets/__init__.py'])
sk1 W: Referenced python module 'uc2.libgeom.multiply_trafo' is an uninstalled dependency (needed in files ['usr/lib/sk1-wx-2.0rc5/uc2/formats/xar/xar_translators.py', 'usr/lib/sk1-wx-2.0rc5/uc2/formats/wmf/wmf_translators.py'])
sk1 W: Referenced python module 'uc2.libgeom.trafo.apply_trafo_to_points' is an uninstalled dependency (needed in files ['usr/lib/sk1-wx-2.0rc5/uc2/formats/xar/xar_translators.py'])
sk1 W: Referenced python module 'sk1.app_conf.AppData' is an uninstalled dependency (needed in files ['usr/lib/sk1-wx-2.0rc5/sk1/application.py'])
sk1 W: Referenced python module 'transforms.ResizeTransform' is an uninstalled dependency (needed in files ['usr/lib/sk1-wx-2.0rc5/sk1/share/pd_plugins/transform_plugin/__init__.py'])
sk1 W: Referenced python module 'minipalette.CBMiniPalette' is an uninstalled dependency (needed in files ['usr/lib/sk1-wx-2.0rc5/sk1/pwidgets/__init__.py'])
sk1 W: Referenced python module 'uc2.formats.dst.dst_colors.get_available_color_scheme' is an uninstalled dependency (needed in files ['usr/lib/sk1-wx-2.0rc5/uc2/formats/dst/__init__.py'])
sk1 W: Referenced python module 'actions.AppAction' is an uninstalled dependency (needed in files ['usr/lib/sk1-wx-2.0rc5/sk1/pwidgets/__init__.py'])
sk1 W: Referenced python module 'uc2.utils.fsutils.change_file_extension' is an uninstalled dependency (needed in files ['usr/lib/sk1-wx-2.0rc5/sk1/document/presenter.py'])
sk1 W: Referenced python module 'uc2.formats.cdr.cdr_const.CDR_COLOR_CMY' is an uninstalled dependency (needed in files ['usr/lib/sk1-wx-2.0rc5/uc2/formats/cdr/cdr_utils.py'])
sk1 W: Referenced python module 'pagedlg.goto_page_dlg' is an uninstalled dependency (needed in files ['usr/lib/sk1-wx-2.0rc5/sk1/dialogs/__init__.py'])
sk1 W: Referenced python module 'sk1.pwidgets.SbStrokeSwatch' is an uninstalled dependency (needed in files ['usr/lib/sk1-wx-2.0rc5/sk1/parts/statusbar.py'])
sk1 W: Referenced python module 'sk1.document.presenter.SK1Presenter' is an uninstalled dependency (needed in files ['usr/lib/sk1-wx-2.0rc5/sk1/application.py'])
sk1 W: Referenced python module 'uc2.formats.corel_pal.corel_pal_config.CorelPalette_Config' is an uninstalled dependency (needed in files ['usr/lib/sk1-wx-2.0rc5/uc2/formats/corel_pal/corel_pal_presenter.py'])
sk1 W: Referenced python module 'uc2.libgeom.points.is_equal_points' is an uninstalled dependency (needed in files ['usr/lib/sk1-wx-2.0rc5/uc2/formats/xar/xar_translators.py'])
sk1 W: Referenced python module 'sk1.printing.generic.COLOR_MODE' is an uninstalled dependency (needed in files ['usr/lib/sk1-wx-2.0rc5/sk1/printing/propsdlg/cupspropsdlg.py'])
sk1 W: Referenced python module 'wx.adv' is an uninstalled dependency (needed in files ['usr/lib/sk1-wx-2.0rc5/wal/widgets/fontchoice.py', 'usr/lib/sk1-wx-2.0rc5/wal/widgets/combo.py'])
sk1 W: Referenced python module 'uc2.formats.wmf.wmf_const.STRUCT_PLACEABLE' is an uninstalled dependency (needed in files ['usr/lib/sk1-wx-2.0rc5/uc2/formats/wmf/wmf_filters.py'])
sk1 W: Referenced python module 'uc2.formats.cgm.cgm_from_sk2' is an uninstalled dependency (needed in files ['usr/lib/sk1-wx-2.0rc5/uc2/formats/cgm/cgm_presenter.py'])
sk1 W: Referenced python module 'uc2.uc2const.IMAGE_MONO' is an uninstalled dependency (needed in files ['usr/lib/sk1-wx-2.0rc5/uc2/cms/__init__.py'])
sk1 W: Referenced python module 'sk1.clipboard.AppClipboard' is an uninstalled dependency (needed in files ['usr/lib/sk1-wx-2.0rc5/sk1/application.py'])
sk1 W: Referenced python module 'uc2.formats.fig.fig_model' is an uninstalled dependency (needed in files ['usr/lib/sk1-wx-2.0rc5/uc2/formats/fig/fig_methods.py'])
sk1 W: Referenced python module 'surfaces.RulerSurface' is an uninstalled dependency (needed in files ['usr/lib/sk1-wx-2.0rc5/sk1/pwidgets/__init__.py'])
sk1 W: Referenced python module 'uc2.formats.fig.fig_translators.SK2_to_FIG_Translator' is an uninstalled dependency (needed in files ['usr/lib/sk1-wx-2.0rc5/uc2/formats/fig/fig_presenter.py'])
sk1 W: Referenced python module 'uc2.libgeom.midpoint' is an uninstalled dependency (needed in files ['usr/lib/sk1-wx-2.0rc5/sk1/document/controllers/paint_ctrl.py'])
sk1 W: Referenced python module 'uc2.formats.cmx.cmx_to_sk2' is an uninstalled dependency (needed in files ['usr/lib/sk1-wx-2.0rc5/uc2/formats/cmx/cmx_presenter.py'])
sk1 W: Referenced python module 'uc2.formats.xar.xar_config.XAR_Config' is an uninstalled dependency (needed in files ['usr/lib/sk1-wx-2.0rc5/uc2/formats/xar/xar_presenter.py'])
sk1 W: Referenced python module 'uc2.libgeom.round_angle_point' is an uninstalled dependency (needed in files ['usr/lib/sk1-wx-2.0rc5/sk1/document/controllers/paint_ctrl.py'])
sk1 W: Referenced python module 'dashedit_dlg.dash_editor_dlg' is an uninstalled dependency (needed in files ['usr/lib/sk1-wx-2.0rc5/sk1/dialogs/strokedlg.py'])
sk1 W: Referenced python module 'sk1.app_cms.AppColorManager' is an uninstalled dependency (needed in files ['usr/lib/sk1-wx-2.0rc5/sk1/application.py'])
sk1 W: Referenced python module 'uc2.formats.dst.dst_from_sk2.SK2_to_DST_Translator' is an uninstalled dependency (needed in files ['usr/lib/sk1-wx-2.0rc5/uc2/formats/dst/dst_presenter.py'])
sk1 W: Referenced python module 'uc2.formats.scribus_pal.scribus_pal_model.SP_TAG' is an uninstalled dependency (needed in files ['usr/lib/sk1-wx-2.0rc5/uc2/formats/scribus_pal/__init__.py'])
sk1 W: Referenced python module 'points.*' is an uninstalled dependency (needed in files ['usr/lib/sk1-wx-2.0rc5/uc2/libgeom/__init__.py'])
sk1 W: Referenced python module 'unitctrls.RatioToggle' is an uninstalled dependency (needed in files ['usr/lib/sk1-wx-2.0rc5/sk1/pwidgets/__init__.py'])
sk1 W: Referenced python module 'uc2.formats.jcw.jcw_presenter.JCW_Presenter' is an uninstalled dependency (needed in files ['usr/lib/sk1-wx-2.0rc5/uc2/formats/jcw/__init__.py'])
sk1 W: Referenced python module 'uc2.utils.system.WINDOWS' is an uninstalled dependency (needed in files ['usr/lib/sk1-wx-2.0rc5/uc2/formats/pdxf/resmngr.py'])
sk1 W: Referenced python module 'uc2.formats.scribus_pal.scribus_pal_model.SPColor' is an uninstalled dependency (needed in files ['usr/lib/sk1-wx-2.0rc5/uc2/formats/scribus_pal/scribus_pal_filters.py', 'usr/lib/sk1-wx-2.0rc5/uc2/formats/scribus_pal/scribus_pal_presenter.py'])
sk1 W: Referenced python module 'uc2.sk2const.ORIGINS' is an uninstalled dependency (needed in files ['usr/lib/sk1-wx-2.0rc5/sk1/dialogs/docprops.py'])
sk1 W: Referenced python module 'sk1.resources.rgb_palette' is an uninstalled dependency (needed in files ['usr/lib/sk1-wx-2.0rc5/sk1/app_palettes.py'])
sk1 W: Referenced python module 'uc2.formats.svg.svg_utils.create_xmlobj' is an uninstalled dependency (needed in files ['usr/lib/sk1-wx-2.0rc5/uc2/formats/svg/svg_methods.py'])
sk1 W: Referenced python module 'uc2.formats.edr_pal.edr_filters.EDR_Saver' is an uninstalled dependency (needed in files ['usr/lib/sk1-wx-2.0rc5/uc2/formats/edr_pal/edr_presenter.py'])
sk1 W: Referenced python module 'sk1.parts.artprovider.create_artprovider' is an uninstalled dependency (needed in files ['usr/lib/sk1-wx-2.0rc5/sk1/application.py'])
sk1 W: Referenced python module 'sk1.printing.printrend.PrintRenderer' is an uninstalled dependency (needed in files ['usr/lib/sk1-wx-2.0rc5/sk1/printing/printout.py'])
sk1 W: Referenced python module 'uc2.formats.xar.xar_const.XAR_SIGNATURE' is an uninstalled dependency (needed in files ['usr/lib/sk1-wx-2.0rc5/uc2/formats/xar/__init__.py'])
sk1 W: Referenced python module 'sk1.dialogs.get_save_file_name' is an uninstalled dependency (needed in files ['usr/lib/sk1-wx-2.0rc5/sk1/printing/pdf_printer.py'])
sk1 W: Referenced python module 'sk1.modes' is an uninstalled dependency (needed in files ['usr/lib/sk1-wx-2.0rc5/sk1/context/markup.py', 'usr/lib/sk1-wx-2.0rc5/sk1/document/controllers/paint_ctrl.py', 'usr/lib/sk1-wx-2.0rc5/sk1/document/api.py', 'usr/lib/sk1-wx-2.0rc5/sk1/document/controllers/text_ctrl.py', 'usr/lib/sk1-wx-2.0rc5/sk1/document/controllers/editor_text.py', 'usr/lib/sk1-wx-2.0rc5/sk1/pwidgets/kbd_proc.py', 'usr/lib/sk1-wx-2.0rc5/sk1/document/controllers/editor_ellipse.py', 'usr/lib/sk1-wx-2.0rc5/sk1/document/presenter.py', 'usr/lib/sk1-wx-2.0rc5/sk1/app_insp.py', 'usr/lib/sk1-wx-2.0rc5/sk1/pwidgets/canvas_menu.py', 'usr/lib/sk1-wx-2.0rc5/sk1/document/controllers/creators.py', 'usr/lib/sk1-wx-2.0rc5/sk1/document/controllers/editor_polygon.py', 'usr/lib/sk1-wx-2.0rc5/sk1/application.py', 'usr/lib/sk1-wx-2.0rc5/sk1/document/controllers/generic.py', 'usr/lib/sk1-wx-2.0rc5/sk1/document/controllers/editor_rect.py', 'usr/lib/sk1-wx-2.0rc5/sk1/document/controllers/editor_bezier.py', 'usr/lib/sk1-wx-2.0rc5/sk1/document/controllers/grad_ctrl.py', 'usr/lib/sk1-wx-2.0rc5/sk1/document/canvas.py', 'usr/lib/sk1-wx-2.0rc5/sk1/document/controllers/editor_chooser.py', 'usr/lib/sk1-wx-2.0rc5/sk1/document/controllers/fleur_ctrl.py', 'usr/lib/sk1-wx-2.0rc5/sk1/document/controllers/trafo_ctrl.py', 'usr/lib/sk1-wx-2.0rc5/sk1/document/controllers/guide_ctrl.py', 'usr/lib/sk1-wx-2.0rc5/sk1/parts/ctxpanel.py', 'usr/lib/sk1-wx-2.0rc5/sk1/document/ruler.py', 'usr/lib/sk1-wx-2.0rc5/sk1/share/pd_plugins/shaping/__init__.py', 'usr/lib/sk1-wx-2.0rc5/sk1/document/controllers/zoom_ctrl.py', 'usr/lib/sk1-wx-2.0rc5/sk1/app_proxy.py', 'usr/lib/sk1-wx-2.0rc5/sk1/document/controllers/select_ctrl.py'])
sk1 W: Referenced python module 'docprops.docprops_dlg' is an uninstalled dependency (needed in files ['usr/lib/sk1-wx-2.0rc5/sk1/dialogs/__init__.py'])
sk1 W: Referenced python module 'bezier_ops.*' is an uninstalled dependency (needed in files ['usr/lib/sk1-wx-2.0rc5/uc2/libgeom/__init__.py'])
sk1 W: Referenced python module 'propsdlg.PDF_PrnPropsDialog' is an uninstalled dependency (needed in files ['usr/lib/sk1-wx-2.0rc5/sk1/printing/pdf_printer.py'])
sk1 W: Referenced python module 'uc2.formats.xar.xar_datatype.READER_DATA_TYPES_MAP' is an uninstalled dependency (needed in files ['usr/lib/sk1-wx-2.0rc5/uc2/formats/xar/xar_model.py'])
sk1 W: Referenced python module 'sk1.pwidgets.PatternFill' is an uninstalled dependency (needed in files ['usr/lib/sk1-wx-2.0rc5/sk1/dialogs/filldlg.py'])
sk1 W: Referenced python module 'core' is an uninstalled dependency (needed in files ['usr/lib/sk1-wx-2.0rc5/uc2/libpango/paths.py'])
sk1 W: Referenced python module 'uc2.uc2const.ICC' is an uninstalled dependency (needed in files ['usr/lib/sk1-wx-2.0rc5/sk1/prefs/prefs_cms.py'])
sk1 W: Referenced python module 'uc2.formats.sk.sk_translators.SK2_to_SK_Translator' is an uninstalled dependency (needed in files ['usr/lib/sk1-wx-2.0rc5/uc2/formats/sk/sk_presenter.py'])
sk1 W: Referenced python module 'uc2.formats.cgm.cgm_config.CGM_Config' is an uninstalled dependency (needed in files ['usr/lib/sk1-wx-2.0rc5/uc2/formats/cgm/cgm_presenter.py'])
sk1 W: Referenced python module 'creators.EllipseCreator' is an uninstalled dependency (needed in files ['usr/lib/sk1-wx-2.0rc5/sk1/document/controllers/__init__.py'])
sk1 W: Referenced python module 'generic.AbstractPrinter' is an uninstalled dependency (needed in files ['usr/lib/sk1-wx-2.0rc5/sk1/printing/cups_print.py', 'usr/lib/sk1-wx-2.0rc5/sk1/printing/msw_print.py', 'usr/lib/sk1-wx-2.0rc5/sk1/printing/pdf_printer.py'])
sk1 W: Referenced python module 'sk1.pwidgets.ContextMenu' is an uninstalled dependency (needed in files ['usr/lib/sk1-wx-2.0rc5/sk1/parts/doctabs.py'])
sk1 W: Referenced python module 'creators.RectangleCreator' is an uninstalled dependency (needed in files ['usr/lib/sk1-wx-2.0rc5/sk1/document/controllers/__init__.py'])
sk1 W: Referenced python module 'uc2.formats.jcw.jcw_utils.get_jcw_color' is an uninstalled dependency (needed in files ['usr/lib/sk1-wx-2.0rc5/uc2/formats/jcw/jcw_model.py'])
sk1 W: Referenced python module 'sk1.app_conf.get_app_config' is an uninstalled dependency (needed in files ['usr/lib/sk1-wx-2.0rc5/sk1/__init__.py'])
sk1 W: Referenced python module 'uc2.formats.sk1.sk1_filters.SK1Saver' is an uninstalled dependency (needed in files ['usr/lib/sk1-wx-2.0rc5/uc2/formats/sk1/presenter.py'])
sk1 W: Referenced python module 'sk1.context.PIXMAP' is an uninstalled dependency (needed in files ['usr/lib/sk1-wx-2.0rc5/sk1/parts/ctxpanel.py'])
sk1 W: Referenced python module 'uc2.formats.xml_.xml_filters.Advanced_XML_Saver' is an uninstalled dependency (needed in files ['usr/lib/sk1-wx-2.0rc5/uc2/formats/svg/svg_presenter.py'])
sk1 W: Referenced python module 'uc2.sk2const.SK2DOC_ID' is an uninstalled dependency (needed in files ['usr/lib/sk1-wx-2.0rc5/uc2/formats/sk2/__init__.py'])
sk1 W: Referenced python module 'uc2.libgeom.get_point_angle' is an uninstalled dependency (needed in files ['usr/lib/sk1-wx-2.0rc5/uc2/formats/xar/xar_translators.py'])
sk1 W: Referenced python module 'uc2.app_palettes.PaletteManager' is an uninstalled dependency (needed in files ['usr/lib/sk1-wx-2.0rc5/sk1/app_palettes.py', 'usr/lib/sk1-wx-2.0rc5/uc2/application.py'])
sk1 W: Referenced python module 'sk1._' is an uninstalled dependency (needed in files ['usr/lib/sk1-wx-2.0rc5/sk1/context/markup.py', 'usr/lib/sk1-wx-2.0rc5/sk1/printing/cups_print.py', 'usr/lib/sk1-wx-2.0rc5/sk1/prefs/prefs_canvas.py', 'usr/lib/sk1-wx-2.0rc5/sk1/prefs/prefs_ui.py', 'usr/lib/sk1-wx-2.0rc5/sk1/prefs/prefs_printers.py', 'usr/lib/sk1-wx-2.0rc5/sk1/pwidgets/gradientctrls.py', 'usr/lib/sk1-wx-2.0rc5/sk1/document/controllers/text_ctrl.py', 'usr/lib/sk1-wx-2.0rc5/sk1/dialogs/pagedlg.py', 'usr/lib/sk1-wx-2.0rc5/sk1/document/controllers/editor_text.py', 'usr/lib/sk1-wx-2.0rc5/sk1/printing/propsdlg/generic.py', 'usr/lib/sk1-wx-2.0rc5/sk1/dialogs/filldlg.py', 'usr/lib/sk1-wx-2.0rc5/sk1/parts/menubar.py', 'usr/lib/sk1-wx-2.0rc5/sk1/context/rect.py', 'usr/lib/sk1-wx-2.0rc5/sk1/dialogs/filelogviewer.py', 'usr/lib/sk1-wx-2.0rc5/sk1/printing/printdlg/toolbar.py', 'usr/lib/sk1-wx-2.0rc5/sk1/resources/labels.py', 'usr/lib/sk1-wx-2.0rc5/sk1/prefs/__init__.py', 'usr/lib/sk1-wx-2.0rc5/sk1/share/pd_plugins/align_plugin/__init__.py', 'usr/lib/sk1-wx-2.0rc5/sk1/parts/statusbar.py', 'usr/lib/sk1-wx-2.0rc5/sk1/context/page_format.py', 'usr/lib/sk1-wx-2.0rc5/sk1/share/pd_plugins/layers_plugin/__init__.py', 'usr/lib/sk1-wx-2.0rc5/sk1/document/controllers/editor_ellipse.py', 'usr/lib/sk1-wx-2.0rc5/sk1/document/presenter.py', 'usr/lib/sk1-wx-2.0rc5/sk1/share/pd_plugins/transform_plugin/transforms.py', 'usr/lib/sk1-wx-2.0rc5/sk1/document/selection.py', 'usr/lib/sk1-wx-2.0rc5/sk1/printing/propsdlg/pdfpropsdlg.py', 'usr/lib/sk1-wx-2.0rc5/sk1/printing/printdlg/__init__.py', 'usr/lib/sk1-wx-2.0rc5/sk1/document/controllers/editor_polygon.py', 'usr/lib/sk1-wx-2.0rc5/sk1/application.py', 'usr/lib/sk1-wx-2.0rc5/sk1/pwidgets/palette_viewer.py', 'usr/lib/sk1-wx-2.0rc5/sk1/pwidgets/colorctrls.py', 'usr/lib/sk1-wx-2.0rc5/sk1/context/resize.py', 'usr/lib/sk1-wx-2.0rc5/sk1/prefs/prefs_palettes.py', 'usr/lib/sk1-wx-2.0rc5/sk1/dialogs/docinfodlg.py', 'usr/lib/sk1-wx-2.0rc5/sk1/document/controllers/editor_rect.py', 'usr/lib/sk1-wx-2.0rc5/sk1/printing/msw_print.py', 'usr/lib/sk1-wx-2.0rc5/sk1/printing/pdf_printer.py', 'usr/lib/sk1-wx-2.0rc5/sk1/share/pd_plugins/transform_plugin/__init__.py', 'usr/lib/sk1-wx-2.0rc5/sk1/document/controllers/editor_bezier.py', 'usr/lib/sk1-wx-2.0rc5/sk1/dialogs/dashedit_dlg.py', 'usr/lib/sk1-wx-2.0rc5/sk1/document/controllers/grad_ctrl.py', 'usr/lib/sk1-wx-2.0rc5/sk1/pwidgets/unitctrls.py', 'usr/lib/sk1-wx-2.0rc5/sk1/share/pd_plugins/iconizer/__init__.py', 'usr/lib/sk1-wx-2.0rc5/sk1/prefs/templates.py', 'usr/lib/sk1-wx-2.0rc5/sk1/context/text.py', 'usr/lib/sk1-wx-2.0rc5/sk1/context/units.py', 'usr/lib/sk1-wx-2.0rc5/sk1/parts/stubpanel.py', 'usr/lib/sk1-wx-2.0rc5/sk1/prefs/prefs_fonts.py', 'usr/lib/sk1-wx-2.0rc5/sk1/prefs/prefs_ruler.py', 'usr/lib/sk1-wx-2.0rc5/sk1/share/pd_plugins/text_on_circle/__init__.py', 'usr/lib/sk1-wx-2.0rc5/sk1/pwidgets/fillctrls.py', 'usr/lib/sk1-wx-2.0rc5/sk1/printing/printdlg/panels.py', 'usr/lib/sk1-wx-2.0rc5/sk1/share/pd_plugins/text_on_path/__init__.py', 'usr/lib/sk1-wx-2.0rc5/sk1/dialogs/paletteinfo.py', 'usr/lib/sk1-wx-2.0rc5/sk1/dialogs/logconsole.py', 'usr/lib/sk1-wx-2.0rc5/sk1/dialogs/strokedlg.py', 'usr/lib/sk1-wx-2.0rc5/sk1/parts/palettepanel.py', 'usr/lib/sk1-wx-2.0rc5/sk1/dialogs/docprops.py', 'usr/lib/sk1-wx-2.0rc5/sk1/pwidgets/fontctrl.py', 'usr/lib/sk1-wx-2.0rc5/sk1/context/polygon.py', 'usr/lib/sk1-wx-2.0rc5/sk1/dialogs/aboutdlg.py', 'usr/lib/sk1-wx-2.0rc5/sk1/dialogs/colordlg.py', 'usr/lib/sk1-wx-2.0rc5/sk1/prefs/prefs_general.py', 'usr/lib/sk1-wx-2.0rc5/sk1/printing/generic.py', 'usr/lib/sk1-wx-2.0rc5/sk1/printing/propsdlg/cupspropsdlg.py', 'usr/lib/sk1-wx-2.0rc5/sk1/context/transform.py', 'usr/lib/sk1-wx-2.0rc5/sk1/pwidgets/strokectrls.py', 'usr/lib/sk1-wx-2.0rc5/sk1/share/pd_plugins/shaping/__init__.py', 'usr/lib/sk1-wx-2.0rc5/sk1/dialogs/filedlgs.py', 'usr/lib/sk1-wx-2.0rc5/sk1/context/jump.py', 'usr/lib/sk1-wx-2.0rc5/sk1/prefs/prefs_cms.py', 'usr/lib/sk1-wx-2.0rc5/sk1/pwidgets/patternctrls.py', 'usr/lib/sk1-wx-2.0rc5/sk1/context/circle.py', 'usr/lib/sk1-wx-2.0rc5/sk1/app_proxy.py', 'usr/lib/sk1-wx-2.0rc5/sk1/app_plugins.py'])
sk1 W: Referenced python module 'actions.ActionToggle' is an uninstalled dependency (needed in files ['usr/lib/sk1-wx-2.0rc5/sk1/pwidgets/__init__.py'])
sk1 W: Referenced python module 'uc2.formats.sk.sk_presenter.SK_Presenter' is an uninstalled dependency (needed in files ['usr/lib/sk1-wx-2.0rc5/uc2/formats/sk/__init__.py'])
sk1 W: Referenced python module 'sk1.document.canvas.AppCanvas' is an uninstalled dependency (needed in files ['usr/lib/sk1-wx-2.0rc5/sk1/document/presenter.py'])
sk1 W: Referenced python module 'uc2.uc2const.PAGE_FORMATS' is an uninstalled dependency (needed in files ['usr/lib/sk1-wx-2.0rc5/sk1/context/page_format.py'])
sk1 W: Referenced python module 'uc2.formats.riff.riff_filters.RIFF_Loader' is an uninstalled dependency (needed in files ['usr/lib/sk1-wx-2.0rc5/uc2/formats/riff/presenter.py'])
sk1 W: Referenced python module 'markup.apply_markup' is an uninstalled dependency (needed in files ['usr/lib/sk1-wx-2.0rc5/uc2/libpango/core.py'])
sk1 W: Referenced python module 'sk1.pwidgets.Painter' is an uninstalled dependency (needed in files ['usr/lib/sk1-wx-2.0rc5/sk1/document/ruler.py', 'usr/lib/sk1-wx-2.0rc5/sk1/document/canvas.py'])
sk1 W: Referenced python module 'sk1.pwidgets.AngleSpin' is an uninstalled dependency (needed in files ['usr/lib/sk1-wx-2.0rc5/sk1/context/circle.py', 'usr/lib/sk1-wx-2.0rc5/sk1/share/pd_plugins/transform_plugin/transforms.py', 'usr/lib/sk1-wx-2.0rc5/sk1/context/transform.py'])
sk1 W: Referenced python module 'sk1.context.POLYGON' is an uninstalled dependency (needed in files ['usr/lib/sk1-wx-2.0rc5/sk1/parts/ctxpanel.py'])
sk1 W: Referenced python module 'uc2.libgeom.intersect_paths' is an uninstalled dependency (needed in files ['usr/lib/sk1-wx-2.0rc5/sk1/share/pd_plugins/shaping/__init__.py'])
sk1 W: Referenced python module 'indicator.OriginIndicator' is an uninstalled dependency (needed in files ['usr/lib/sk1-wx-2.0rc5/sk1/share/pd_plugins/transform_plugin/__init__.py'])
sk1 W: Referenced python module '_libimg' is an uninstalled dependency (needed in files ['usr/lib/sk1-wx-2.0rc5/uc2/libimg/magickwand.py'])
sk1 W: Referenced python module 'uc2.libgeom.bbox.bbox_to_rect' is an uninstalled dependency (needed in files ['usr/lib/sk1-wx-2.0rc5/uc2/formats/xar/xar_translators.py'])
sk1 W: Referenced python module 'wx.lib.scrolledpanel' is an uninstalled dependency (needed in files ['usr/lib/sk1-wx-2.0rc5/wal/panels/base.py'])
sk1 W: Referenced python module 'uc2.uc2const.point_dict' is an uninstalled dependency (needed in files ['usr/lib/sk1-wx-2.0rc5/sk1/pwidgets/surfaces.py', 'usr/lib/sk1-wx-2.0rc5/sk1/pwidgets/unitctrls.py'])
sk1 W: Referenced python module 'uc2.formats.jcw.jcw_const.JCW_HSV' is an uninstalled dependency (needed in files ['usr/lib/sk1-wx-2.0rc5/uc2/formats/jcw/jcw_utils.py'])
sk1 W: Referenced python module 'uc2.formats.sk1.model.PolyBezier' is an uninstalled dependency (needed in files ['usr/lib/sk1-wx-2.0rc5/uc2/formats/sk1/sk1_loaders.py'])
sk1 W: Referenced python module 'fontctrl.font_cache_update' is an uninstalled dependency (needed in files ['usr/lib/sk1-wx-2.0rc5/sk1/pwidgets/__init__.py'])
sk1 W: Referenced python module 'generic.MONOCHROME_MODE' is an uninstalled dependency (needed in files ['usr/lib/sk1-wx-2.0rc5/sk1/printing/msw_print.py'])
sk1 W: Referenced python module 'reportlab.pdfgen.canvas.Canvas' is an uninstalled dependency (needed in files ['usr/lib/sk1-wx-2.0rc5/uc2/formats/pdf/pdfgen.py'])
sk1 W: Referenced python module 'transforms.ShearTransform' is an uninstalled dependency (needed in files ['usr/lib/sk1-wx-2.0rc5/sk1/share/pd_plugins/transform_plugin/__init__.py'])
sk1 W: Referenced python module 'uc2.formats.xml_.xml_filters.XML_Loader' is an uninstalled dependency (needed in files ['usr/lib/sk1-wx-2.0rc5/uc2/formats/xml_/xml_presenter.py', 'usr/lib/sk1-wx-2.0rc5/uc2/formats/corel_pal/corel_pal_presenter.py'])
sk1 W: Referenced python module 'uc2.events' is an uninstalled dependency (needed in files ['usr/lib/sk1-wx-2.0rc5/uc2/formats/__init__.py', 'usr/lib/sk1-wx-2.0rc5/uc2/formats/generic_filters.py', 'usr/lib/sk1-wx-2.0rc5/uc2/formats/cdr/cdr_presenter.py', 'usr/lib/sk1-wx-2.0rc5/uc2/formats/cdrz/cdrz_filters.py', 'usr/lib/sk1-wx-2.0rc5/uc2/formats/pdf/pdfgen.py', 'usr/lib/sk1-wx-2.0rc5/uc2/cmds/translate.py', 'usr/lib/sk1-wx-2.0rc5/uc2/utils/fsutils.py', 'usr/lib/sk1-wx-2.0rc5/uc2/formats/plt/plt_filters.py', 'usr/lib/sk1-wx-2.0rc5/sk1/application.py', 'usr/lib/sk1-wx-2.0rc5/uc2/formats/cdr/cdr_filters.py', 'usr/lib/sk1-wx-2.0rc5/uc2/cmds/__init__.py', 'usr/lib/sk1-wx-2.0rc5/uc2/application.py', 'usr/lib/sk1-wx-2.0rc5/uc2/formats/plt/plt_translators.py', 'usr/lib/sk1-wx-2.0rc5/sk1/dialogs/progressdlg.py', 'usr/lib/sk1-wx-2.0rc5/uc2/formats/generic.py'])
sk1 W: Referenced python module 'fleur_ctrl.TempFleurController' is an uninstalled dependency (needed in files ['usr/lib/sk1-wx-2.0rc5/sk1/document/controllers/__init__.py'])
sk1 W: Referenced python module 'reportlab.lib.colors.Color' is an uninstalled dependency (needed in files ['usr/lib/sk1-wx-2.0rc5/uc2/formats/pdf/pdfgen.py'])
sk1 W: Referenced python module 'uc2.formats.svg.svg_presenter.SVG_Presenter' is an uninstalled dependency (needed in files ['usr/lib/sk1-wx-2.0rc5/uc2/formats/svg/__init__.py', 'usr/lib/sk1-wx-2.0rc5/uc2/formats/svgz/__init__.py'])
sk1 W: Referenced python module 'wx.lib.agw.ultimatelistctrl.UltimateListItemAttr' is an uninstalled dependency (needed in files ['usr/lib/sk1-wx-2.0rc5/wal/widgets/layerlist.py'])
sk1 W: Referenced python module 'uc2.formats.fig.fig_methods.FIGMethods' is an uninstalled dependency (needed in files ['usr/lib/sk1-wx-2.0rc5/uc2/formats/fig/fig_presenter.py'])
sk1 W: Referenced python module 'uc2.formats.skp.skp_model.SK1Palette' is an uninstalled dependency (needed in files ['usr/lib/sk1-wx-2.0rc5/uc2/formats/skp/skp_presenter.py'])
sk1 W: Referenced python module 'uc2.formats.pdxf.pdxf_config.PDXF_Config' is an uninstalled dependency (needed in files ['usr/lib/sk1-wx-2.0rc5/uc2/formats/pdxf/presenter.py'])
sk1 W: Referenced python module 'uc2.formats.sk1.sk1_translators.SK1_to_SK2_Translator' is an uninstalled dependency (needed in files ['usr/lib/sk1-wx-2.0rc5/uc2/formats/sk1/presenter.py'])
sk1 W: Referenced python module 'fonts.find_font_family' is an uninstalled dependency (needed in files ['usr/lib/sk1-wx-2.0rc5/uc2/libpango/__init__.py'])
sk1 W: Referenced python module '_libtrace' is an uninstalled dependency (needed in files ['usr/lib/sk1-wx-2.0rc5/uc2/libtrace/__init__.py'])
sk1 W: Referenced python module 'uc2.uc2const.COLOR_GRAY' is an uninstalled dependency (needed in files ['usr/lib/sk1-wx-2.0rc5/uc2/formats/xar/xar_const.py', 'usr/lib/sk1-wx-2.0rc5/uc2/formats/corel_pal/corel_pal_methods.py', 'usr/lib/sk1-wx-2.0rc5/uc2/formats/ase/ase_const.py', 'usr/lib/sk1-wx-2.0rc5/sk1/prefs/prefs_cms.py', 'usr/lib/sk1-wx-2.0rc5/uc2/cms/__init__.py'])
sk1 W: Referenced python module 'sk1.parts.palettepanel.AppVPalette' is an uninstalled dependency (needed in files ['usr/lib/sk1-wx-2.0rc5/sk1/parts/mdiarea.py'])
sk1 W: Referenced python module 'uc2.formats.ase.ase_model.ASE_Group_End' is an uninstalled dependency (needed in files ['usr/lib/sk1-wx-2.0rc5/uc2/formats/ase/ase_presenter.py'])
sk1 W: Referenced python module 'uc2.formats.cdr.cdr_const.CDR_COLOR_REGISTRATION' is an uninstalled dependency (needed in files ['usr/lib/sk1-wx-2.0rc5/uc2/formats/cdr/cdr_utils.py'])
sk1 W: Referenced python module 'uc2.formats.jcw.jcw_const.JCW_CMYK' is an uninstalled dependency (needed in files ['usr/lib/sk1-wx-2.0rc5/uc2/formats/jcw/jcw_model.py', 'usr/lib/sk1-wx-2.0rc5/uc2/formats/jcw/jcw_utils.py', 'usr/lib/sk1-wx-2.0rc5/uc2/formats/jcw/jcw_presenter.py'])
sk1 W: Referenced python module 'uc2.formats.jcw.jcw_const.JCW_PMS' is an uninstalled dependency (needed in files ['usr/lib/sk1-wx-2.0rc5/uc2/formats/jcw/jcw_utils.py'])
sk1 W: Referenced python module 'uc2.formats.plt.plt_translators.SK2_to_PLT_Translator' is an uninstalled dependency (needed in files ['usr/lib/sk1-wx-2.0rc5/uc2/formats/plt/plt_presenter.py'])
sk1 W: Referenced python module 'application.UCApplication' is an uninstalled dependency (needed in files ['usr/lib/sk1-wx-2.0rc5/uc2/__init__.py'])
sk1 W: Referenced python module 'uc2.formats.jcw.jcw_model.JCW_Palette' is an uninstalled dependency (needed in files ['usr/lib/sk1-wx-2.0rc5/uc2/formats/jcw/jcw_presenter.py', 'usr/lib/sk1-wx-2.0rc5/uc2/formats/jcw/jcw_filters.py'])
sk1 W: Referenced python module 'uc2.formats.cpl.cpl_config.CPL_Config' is an uninstalled dependency (needed in files ['usr/lib/sk1-wx-2.0rc5/uc2/formats/cpl/cpl_presenter.py'])
sk1 W: Referenced python module 'wal.stop_dialog' is an uninstalled dependency (needed in files ['usr/lib/sk1-wx-2.0rc5/sk1/dialogs/__init__.py'])
sk1 W: Referenced python module 'select_ctrl.SelectController' is an uninstalled dependency (needed in files ['usr/lib/sk1-wx-2.0rc5/sk1/document/controllers/__init__.py'])
sk1 W: Referenced python module 'wx.animate' is an uninstalled dependency (needed in files ['usr/lib/sk1-wx-2.0rc5/wal/widgets/images.py'])
sk1 W: Referenced python module 'uc2.formats.wmf.wmf_const.METAVERSIONS' is an uninstalled dependency (needed in files ['usr/lib/sk1-wx-2.0rc5/uc2/formats/wmf/__init__.py'])
sk1 W: Referenced python module 'uc2.formats.pdxf.const' is an uninstalled dependency (needed in files ['usr/lib/sk1-wx-2.0rc5/uc2/formats/pdxf/presenter.py', 'usr/lib/sk1-wx-2.0rc5/uc2/formats/pdxf/model.py', 'usr/lib/sk1-wx-2.0rc5/uc2/formats/pdxf/__init__.py', 'usr/lib/sk1-wx-2.0rc5/uc2/formats/pdxf/resmngr.py', 'usr/lib/sk1-wx-2.0rc5/uc2/formats/pdxf/pdxf_config.py'])
sk1 W: Referenced python module 'sk1.printing.printout' is an uninstalled dependency (needed in files ['usr/lib/sk1-wx-2.0rc5/sk1/printing/printdlg/panels.py'])
sk1 W: Referenced python module 'palette_viewer.PaletteViewer' is an uninstalled dependency (needed in files ['usr/lib/sk1-wx-2.0rc5/sk1/pwidgets/__init__.py', 'usr/lib/sk1-wx-2.0rc5/sk1/pwidgets/colorctrls.py'])
sk1 W: Referenced python module 'uc2.formats.soc.soc_config.SOC_Config' is an uninstalled dependency (needed in files ['usr/lib/sk1-wx-2.0rc5/uc2/formats/soc/soc_presenter.py'])
sk1 W: Referenced python module 'sk1.pwidgets.FontChoice' is an uninstalled dependency (needed in files ['usr/lib/sk1-wx-2.0rc5/sk1/context/text.py', 'usr/lib/sk1-wx-2.0rc5/sk1/context/markup.py'])
sk1 W: Referenced python module 'uc2.uc2const.unit_dict' is an uninstalled dependency (needed in files ['usr/lib/sk1-wx-2.0rc5/sk1/pwidgets/unitctrls.py'])
sk1 W: Referenced python module 'uc2.uc2const.COLOR_CMYK' is an uninstalled dependency (needed in files ['usr/lib/sk1-wx-2.0rc5/sk1/resources/cmyk_palette.py', 'usr/lib/sk1-wx-2.0rc5/uc2/formats/scribus_pal/scribus_pal_presenter.py', 'usr/lib/sk1-wx-2.0rc5/uc2/formats/xar/xar_const.py', 'usr/lib/sk1-wx-2.0rc5/uc2/formats/corel_pal/corel_pal_methods.py', 'usr/lib/sk1-wx-2.0rc5/uc2/formats/ase/ase_const.py', 'usr/lib/sk1-wx-2.0rc5/sk1/prefs/prefs_cms.py', 'usr/lib/sk1-wx-2.0rc5/uc2/cms/__init__.py'])
sk1 W: Referenced python module 'sk1.resources.cmyk_palette' is an uninstalled dependency (needed in files ['usr/lib/sk1-wx-2.0rc5/sk1/app_palettes.py'])
sk1 W: Referenced python module 'shaping.intersect_segments' is an uninstalled dependency (needed in files ['usr/lib/sk1-wx-2.0rc5/uc2/libgeom/contour.py'])
sk1 W: Referenced python module 'sk1.pwidgets.CBMiniPalette' is an uninstalled dependency (needed in files ['usr/lib/sk1-wx-2.0rc5/sk1/share/pd_plugins/iconizer/__init__.py', 'usr/lib/sk1-wx-2.0rc5/sk1/dialogs/docprops.py'])
sk1 W: Referenced python module 'uc2.libgeom.trafo_rotate' is an uninstalled dependency (needed in files ['usr/lib/sk1-wx-2.0rc5/uc2/formats/xar/xar_translators.py'])
sk1 W: Referenced python module 'uc2.formats.cmx.cmx_model' is an uninstalled dependency (needed in files ['usr/lib/sk1-wx-2.0rc5/uc2/formats/cmx/cmx_filters.py', 'usr/lib/sk1-wx-2.0rc5/uc2/formats/cmx/cmx_from_sk2.py', 'usr/lib/sk1-wx-2.0rc5/uc2/formats/cmx/cmx_presenter.py'])
sk1 W: Referenced python module 'uc2.formats.wmf.wmf_model.META_Placeable_Record' is an uninstalled dependency (needed in files ['usr/lib/sk1-wx-2.0rc5/uc2/formats/wmf/wmf_filters.py'])
sk1 W: Referenced python module 'wal.msg_dialog' is an uninstalled dependency (needed in files ['usr/lib/sk1-wx-2.0rc5/sk1/dialogs/__init__.py'])
sk1 W: Referenced python module 'uc2.formats.sk2.sk2_filters.SK2_Loader' is an uninstalled dependency (needed in files ['usr/lib/sk1-wx-2.0rc5/uc2/formats/sk2/sk2_presenter.py'])
sk1 W: Referenced python module 'wal.error_dialog' is an uninstalled dependency (needed in files ['usr/lib/sk1-wx-2.0rc5/sk1/dialogs/__init__.py'])
sk1 W: Referenced python module 'uc2.formats.jcw.jcw_model.JCW_Color' is an uninstalled dependency (needed in files ['usr/lib/sk1-wx-2.0rc5/uc2/formats/jcw/jcw_presenter.py'])
sk1 W: Referenced python module 'uc2.formats.xar.xar_method' is an uninstalled dependency (needed in files ['usr/lib/sk1-wx-2.0rc5/uc2/formats/xar/xar_presenter.py'])
sk1 W: Referenced python module 'uc2.formats.svg.svg_const' is an uninstalled dependency (needed in files ['usr/lib/sk1-wx-2.0rc5/uc2/formats/svg/svg_methods.py'])
sk1 W: Referenced python module 'sk1.pwidgets.SolidFill' is an uninstalled dependency (needed in files ['usr/lib/sk1-wx-2.0rc5/sk1/dialogs/filldlg.py', 'usr/lib/sk1-wx-2.0rc5/sk1/dialogs/strokedlg.py'])
sk1 W: Referenced python module 'prefs_ui.UiPrefs' is an uninstalled dependency (needed in files ['usr/lib/sk1-wx-2.0rc5/sk1/prefs/__init__.py'])
sk1 W: Referenced python module 'uc2.formats.xar.xar_datatype.WRITER_DATA_TYPES_MAP' is an uninstalled dependency (needed in files ['usr/lib/sk1-wx-2.0rc5/uc2/formats/xar/xar_model.py'])
sk1 W: Referenced python module 'sk1.context.DEFAULT' is an uninstalled dependency (needed in files ['usr/lib/sk1-wx-2.0rc5/sk1/parts/ctxpanel.py'])
sk1 W: Referenced python module 'sk1.appconst.SNAP_TO_OBJECTS' is an uninstalled dependency (needed in files ['usr/lib/sk1-wx-2.0rc5/sk1/document/snapping.py'])
sk1 W: Referenced python module 'uc2.cms.libcms' is an uninstalled dependency (needed in files ['usr/lib/sk1-wx-2.0rc5/uc2/formats/sk2/sk2_cms.py', 'usr/lib/sk1-wx-2.0rc5/sk1/app_cms.py', 'usr/lib/sk1-wx-2.0rc5/uc2/app_cms.py', 'usr/lib/sk1-wx-2.0rc5/uc2/uc2conf.py', 'usr/lib/sk1-wx-2.0rc5/uc2/formats/pdxf/pdxf_cms.py'])
sk1 W: Referenced python module 'sk1.dialogs.yesno_dialog' is an uninstalled dependency (needed in files ['usr/lib/sk1-wx-2.0rc5/sk1/share/pd_plugins/shaping/__init__.py', 'usr/lib/sk1-wx-2.0rc5/sk1/app_proxy.py'])
sk1 W: Referenced python module 'sk1.app_plugins' is an uninstalled dependency (needed in files ['usr/lib/sk1-wx-2.0rc5/sk1/application.py'])
sk1 W: Referenced python module 'patternctrls.PatternEditor' is an uninstalled dependency (needed in files ['usr/lib/sk1-wx-2.0rc5/sk1/pwidgets/fillctrls.py'])
sk1 W: Referenced python module 'uc2.formats.cpl.cpl_model.CPL8_Palette' is an uninstalled dependency (needed in files ['usr/lib/sk1-wx-2.0rc5/uc2/formats/cpl/cpl_filters.py'])
sk1 W: Referenced python module 'wx.lib.mixins.listctrl' is an uninstalled dependency (needed in files ['usr/lib/sk1-wx-2.0rc5/wal/widgets/listwidgets.py'])
sk1 W: Referenced python module 'uc2.formats.cdr.cdr_const.CDR_COLOR_YIQ' is an uninstalled dependency (needed in files ['usr/lib/sk1-wx-2.0rc5/uc2/formats/cdr/cdr_utils.py'])
sk1 W: Referenced python module 'paths.get_text_paths' is an uninstalled dependency (needed in files ['usr/lib/sk1-wx-2.0rc5/uc2/libpango/__init__.py'])
sk1 W: Referenced python module 'uc2.utils.fsutils.get_fileptr' is an uninstalled dependency (needed in files ['usr/lib/sk1-wx-2.0rc5/uc2/formats/generic_filters.py', 'usr/lib/sk1-wx-2.0rc5/uc2/formats/scribus_pal/__init__.py', 'usr/lib/sk1-wx-2.0rc5/uc2/formats/xar/__init__.py', 'usr/lib/sk1-wx-2.0rc5/uc2/formats/pdf/__init__.py', 'usr/lib/sk1-wx-2.0rc5/uc2/formats/pes/__init__.py', 'usr/lib/sk1-wx-2.0rc5/uc2/formats/fig/__init__.py', 'usr/lib/sk1-wx-2.0rc5/uc2/formats/fallback.py', 'usr/lib/sk1-wx-2.0rc5/uc2/formats/sk1/__init__.py', 'usr/lib/sk1-wx-2.0rc5/uc2/formats/plt/__init__.py', 'usr/lib/sk1-wx-2.0rc5/uc2/formats/corel_pal/__init__.py', 'usr/lib/sk1-wx-2.0rc5/uc2/formats/svg/__init__.py', 'usr/lib/sk1-wx-2.0rc5/uc2/formats/gpl/__init__.py', 'usr/lib/sk1-wx-2.0rc5/uc2/formats/ase/__init__.py', 'usr/lib/sk1-wx-2.0rc5/uc2/formats/wmf/__init__.py', 'usr/lib/sk1-wx-2.0rc5/uc2/formats/dst/__init__.py', 'usr/lib/sk1-wx-2.0rc5/uc2/formats/ccx/__init__.py', 'usr/lib/sk1-wx-2.0rc5/uc2/formats/sk/__init__.py', 'usr/lib/sk1-wx-2.0rc5/uc2/formats/sk2/__init__.py', 'usr/lib/sk1-wx-2.0rc5/uc2/formats/cgm/__init__.py', 'usr/lib/sk1-wx-2.0rc5/uc2/formats/skp/__init__.py', 'usr/lib/sk1-wx-2.0rc5/uc2/formats/aco/__init__.py', 'usr/lib/sk1-wx-2.0rc5/uc2/formats/riff/__init__.py', 'usr/lib/sk1-wx-2.0rc5/uc2/formats/soc/__init__.py', 'usr/lib/sk1-wx-2.0rc5/uc2/formats/svgz/__init__.py', 'usr/lib/sk1-wx-2.0rc5/uc2/formats/cpl/__init__.py', 'usr/lib/sk1-wx-2.0rc5/uc2/formats/cmx/__init__.py', 'usr/lib/sk1-wx-2.0rc5/uc2/formats/edr_pal/__init__.py', 'usr/lib/sk1-wx-2.0rc5/uc2/formats/jcw/__init__.py', 'usr/lib/sk1-wx-2.0rc5/uc2/formats/png/__init__.py', 'usr/lib/sk1-wx-2.0rc5/uc2/formats/cdr/__init__.py', 'usr/lib/sk1-wx-2.0rc5/uc2/formats/xml_/__init__.py'])
sk1 W: Referenced python module 'uc2.formats.cpl.cpl_model.CPL7_PaletteUTF' is an uninstalled dependency (needed in files ['usr/lib/sk1-wx-2.0rc5/uc2/formats/cpl/cpl_filters.py'])
sk1 W: Referenced python module 'sk1.dialogs' is an uninstalled dependency (needed in files ['usr/lib/sk1-wx-2.0rc5/sk1/application.py', 'usr/lib/sk1-wx-2.0rc5/sk1/app_proxy.py', 'usr/lib/sk1-wx-2.0rc5/sk1/share/pd_plugins/iconizer/__init__.py', 'usr/lib/sk1-wx-2.0rc5/sk1/prefs/prefs_cms.py'])
sk1 W: Referenced python module 'uc2.formats.riff.riff_filters.RIFF_Saver' is an uninstalled dependency (needed in files ['usr/lib/sk1-wx-2.0rc5/uc2/formats/riff/presenter.py'])
sk1 W: Referenced python module 'trafo.NORMAL_TRAFO' is an uninstalled dependency (needed in files ['usr/lib/sk1-wx-2.0rc5/uc2/libgeom/flattering.py'])
sk1 W: Referenced python module 'wx.lib.agw.ultimatelistctrl.ULC_VRULES' is an uninstalled dependency (needed in files ['usr/lib/sk1-wx-2.0rc5/wal/widgets/layerlist.py'])
sk1 W: Referenced python module 'sk1.pwidgets.PaletteViewer' is an uninstalled dependency (needed in files ['usr/lib/sk1-wx-2.0rc5/sk1/prefs/prefs_palettes.py'])
sk1 W: Referenced python module 'grad_ctrl.GradientChooser' is an uninstalled dependency (needed in files ['usr/lib/sk1-wx-2.0rc5/sk1/document/controllers/__init__.py'])
sk1 W: Referenced python module 'sk1.document.renderer.PDRenderer' is an uninstalled dependency (needed in files ['usr/lib/sk1-wx-2.0rc5/sk1/document/canvas.py'])
sk1 W: Referenced python module 'fallback.fallback_check' is an uninstalled dependency (needed in files ['usr/lib/sk1-wx-2.0rc5/uc2/formats/__init__.py'])
sk1 W: Referenced python module 'uc2.formats.sk.sk_model' is an uninstalled dependency (needed in files ['usr/lib/sk1-wx-2.0rc5/uc2/formats/sk/__init__.py', 'usr/lib/sk1-wx-2.0rc5/uc2/formats/sk/sk_methods.py', 'usr/lib/sk1-wx-2.0rc5/uc2/formats/sk/sk_translators.py'])
sk1 W: Referenced python module 'uc2.formats.get_loader_by_id' is an uninstalled dependency (needed in files ['usr/lib/sk1-wx-2.0rc5/sk1/app_palettes.py'])
sk1 W: Referenced python module 'uc2.formats.sk2.crenderer' is an uninstalled dependency (needed in files ['usr/lib/sk1-wx-2.0rc5/uc2/formats/fig/crenderer.py', 'usr/lib/sk1-wx-2.0rc5/sk1/share/pd_plugins/iconizer/__init__.py'])
sk1 W: Referenced python module 'uc2.formats.wmf.wmf_utils' is an uninstalled dependency (needed in files ['usr/lib/sk1-wx-2.0rc5/uc2/formats/wmf/wmf_model.py', 'usr/lib/sk1-wx-2.0rc5/uc2/formats/wmf/wmf_translators.py'])
sk1 W: Referenced python module 'surfaces.CanvasSurface' is an uninstalled dependency (needed in files ['usr/lib/sk1-wx-2.0rc5/sk1/pwidgets/__init__.py'])
sk1 W: Referenced python module 'uc2.formats.aco.aco_const.ACO2_VER' is an uninstalled dependency (needed in files ['usr/lib/sk1-wx-2.0rc5/uc2/formats/aco/__init__.py'])
sk1 W: Referenced python module 'sk1.printing.generic.STD_SHIFTS' is an uninstalled dependency (needed in files ['usr/lib/sk1-wx-2.0rc5/sk1/prefs/prefs_printers.py'])
sk1 W: Referenced python module 'points.rotate_point' is an uninstalled dependency (needed in files ['usr/lib/sk1-wx-2.0rc5/uc2/libgeom/objs.py'])
sk1 W: Referenced python module 'uc2.formats.cmx.cmx_instr' is an uninstalled dependency (needed in files ['usr/lib/sk1-wx-2.0rc5/uc2/formats/cmx/cmx_from_sk2.py', 'usr/lib/sk1-wx-2.0rc5/uc2/formats/cmx/cmx_model.py'])
sk1 W: Referenced python module 'uc2.formats.sk1.sk1_const' is an uninstalled dependency (needed in files ['usr/lib/sk1-wx-2.0rc5/uc2/formats/sk1/sk1_loaders.py', 'usr/lib/sk1-wx-2.0rc5/uc2/formats/sk1/model.py', 'usr/lib/sk1-wx-2.0rc5/uc2/formats/sk1/sk1_translators.py'])
sk1 W: Referenced python module 'sk1.context.GROUP' is an uninstalled dependency (needed in files ['usr/lib/sk1-wx-2.0rc5/sk1/parts/ctxpanel.py'])
sk1 W: Referenced python module 'uc2.formats.xar.xar_const' is an uninstalled dependency (needed in files ['usr/lib/sk1-wx-2.0rc5/uc2/formats/xar/xar_model.py', 'usr/lib/sk1-wx-2.0rc5/uc2/formats/xar/xar_method.py', 'usr/lib/sk1-wx-2.0rc5/uc2/formats/xar/xar_filters.py', 'usr/lib/sk1-wx-2.0rc5/uc2/formats/xar/xar_translators.py'])
sk1 W: Referenced python module 'uc2.utils.fsutils' is an uninstalled dependency (needed in files ['usr/lib/sk1-wx-2.0rc5/uc2/formats/__init__.py', 'usr/lib/sk1-wx-2.0rc5/sk1/printing/cups_print.py', 'usr/lib/sk1-wx-2.0rc5/uc2/libimg/handlers.py', 'usr/lib/sk1-wx-2.0rc5/sk1/prefs/prefs_ui.py', 'usr/lib/sk1-wx-2.0rc5/sk1/app_cms.py', 'usr/lib/sk1-wx-2.0rc5/uc2/app_cms.py', 'usr/lib/sk1-wx-2.0rc5/sk1/app_conf.py', 'usr/lib/sk1-wx-2.0rc5/sk1/__init__.py', 'usr/lib/sk1-wx-2.0rc5/sk1/app_fsw.py', 'usr/lib/sk1-wx-2.0rc5/sk1/parts/artprovider.py', 'usr/lib/sk1-wx-2.0rc5/uc2/formats/fig/fig_filters.py', 'usr/lib/sk1-wx-2.0rc5/sk1/dialogs/filelogviewer.py', 'usr/lib/sk1-wx-2.0rc5/uc2/uc2conf.py', 'usr/lib/sk1-wx-2.0rc5/sk1/application.py', 'usr/lib/sk1-wx-2.0rc5/uc2/formats/fig/fig_translators.py', 'usr/lib/sk1-wx-2.0rc5/sk1/app_palettes.py', 'usr/lib/sk1-wx-2.0rc5/sk1/dialogs/docinfodlg.py', 'usr/lib/sk1-wx-2.0rc5/uc2/cms/__init__.py', 'usr/lib/sk1-wx-2.0rc5/sk1/share/pd_plugins/iconizer/__init__.py', 'usr/lib/sk1-wx-2.0rc5/sk1/app_stdout.py', 'usr/lib/sk1-wx-2.0rc5/sk1/app_history.py', 'usr/lib/sk1-wx-2.0rc5/sk1/prefs/prefs_ruler.py', 'usr/lib/sk1-wx-2.0rc5/uc2/formats/sk/sk_model.py', 'usr/lib/sk1-wx-2.0rc5/sk1/dialogs/logconsole.py', 'usr/lib/sk1-wx-2.0rc5/uc2/application.py', 'usr/lib/sk1-wx-2.0rc5/sk1/document/ruler.py', 'usr/lib/sk1-wx-2.0rc5/sk1/prefs/prefs_general.py', 'usr/lib/sk1-wx-2.0rc5/sk1/pwidgets/patternctrls.py', 'usr/lib/sk1-wx-2.0rc5/sk1/prefs/prefs_cms.py', 'usr/lib/sk1-wx-2.0rc5/uc2/cmds/configure.py', 'usr/lib/sk1-wx-2.0rc5/sk1/app_plugins.py', 'usr/lib/sk1-wx-2.0rc5/uc2/formats/generic.py'])
sk1 W: Referenced python module 'filedlgs.get_dir_path' is an uninstalled dependency (needed in files ['usr/lib/sk1-wx-2.0rc5/sk1/dialogs/__init__.py'])
sk1 W: Referenced python module 'sk1.printing.printout.Printout' is an uninstalled dependency (needed in files ['usr/lib/sk1-wx-2.0rc5/sk1/printing/printdlg/__init__.py'])
sk1 W: Referenced python module 'uc2.libpango' is an uninstalled dependency (needed in files ['usr/lib/sk1-wx-2.0rc5/sk1/context/markup.py', 'usr/lib/sk1-wx-2.0rc5/uc2/cmds/parts.py', 'usr/lib/sk1-wx-2.0rc5/sk1/context/text.py', 'usr/lib/sk1-wx-2.0rc5/sk1/dialogs/aboutdlg.py', 'usr/lib/sk1-wx-2.0rc5/uc2/libgeom/objs.py', 'usr/lib/sk1-wx-2.0rc5/uc2/formats/cgm/cgm_to_sk2.py', 'usr/lib/sk1-wx-2.0rc5/sk1/pwidgets/fontctrl.py', 'usr/lib/sk1-wx-2.0rc5/uc2/formats/wmf/wmf_translators.py'])
sk1 W: Referenced python module 'uc2.utils.fsutils.upath' is an uninstalled dependency (needed in files ['usr/lib/sk1-wx-2.0rc5/uc2/formats/svgz/__init__.py'])
sk1 W: Referenced python module 'wal.ImageToggleButton' is an uninstalled dependency (needed in files ['usr/lib/sk1-wx-2.0rc5/sk1/context/page_format.py'])
sk1 W: Referenced python module 'colorctrls.GRAY_PALETTE' is an uninstalled dependency (needed in files ['usr/lib/sk1-wx-2.0rc5/sk1/pwidgets/fillctrls.py'])
sk1 W: Referenced python module 'sk1.document.controllers' is an uninstalled dependency (needed in files ['usr/lib/sk1-wx-2.0rc5/sk1/document/canvas.py'])
sk1 W: Referenced python module 'creators.AbstractCreator' is an uninstalled dependency (needed in files ['usr/lib/sk1-wx-2.0rc5/sk1/document/controllers/paint_ctrl.py'])
sk1 W: Referenced python module 'uc2.formats.sk1.model.Ellipse' is an uninstalled dependency (needed in files ['usr/lib/sk1-wx-2.0rc5/uc2/formats/sk1/sk1_loaders.py'])
sk1 W: Referenced python module 'uc2.formats.cdr.cdr_const.CDR_COLOR_CMYK255' is an uninstalled dependency (needed in files ['usr/lib/sk1-wx-2.0rc5/uc2/formats/cdr/cdr_utils.py'])
sk1 W: Referenced python module 'sk1.events.HISTORY_CHANGED' is an uninstalled dependency (needed in files ['usr/lib/sk1-wx-2.0rc5/sk1/app_actions.py'])
sk1 W: Referenced python module 'strokectrls.CapChoice' is an uninstalled dependency (needed in files ['usr/lib/sk1-wx-2.0rc5/sk1/pwidgets/__init__.py'])
sk1 W: Referenced python module 'kbd_proc.Kbd_Processor' is an uninstalled dependency (needed in files ['usr/lib/sk1-wx-2.0rc5/sk1/printing/printdlg/canvas.py'])
sk1 W: Referenced python module 'uc2.formats.sk2.sk2_presenter.SK2_Presenter' is an uninstalled dependency (needed in files ['usr/lib/sk1-wx-2.0rc5/uc2/formats/scribus_pal/__init__.py', 'usr/lib/sk1-wx-2.0rc5/uc2/formats/xar/__init__.py', 'usr/lib/sk1-wx-2.0rc5/uc2/formats/pes/__init__.py', 'usr/lib/sk1-wx-2.0rc5/uc2/formats/fig/__init__.py', 'usr/lib/sk1-wx-2.0rc5/uc2/formats/fallback.py', 'usr/lib/sk1-wx-2.0rc5/uc2/formats/sk1/__init__.py', 'usr/lib/sk1-wx-2.0rc5/uc2/formats/plt/__init__.py', 'usr/lib/sk1-wx-2.0rc5/sk1/document/presenter.py', 'usr/lib/sk1-wx-2.0rc5/uc2/formats/corel_pal/__init__.py', 'usr/lib/sk1-wx-2.0rc5/uc2/formats/svg/__init__.py', 'usr/lib/sk1-wx-2.0rc5/uc2/formats/gpl/__init__.py', 'usr/lib/sk1-wx-2.0rc5/uc2/formats/ase/__init__.py', 'usr/lib/sk1-wx-2.0rc5/uc2/formats/wmf/__init__.py', 'usr/lib/sk1-wx-2.0rc5/uc2/formats/dst/__init__.py', 'usr/lib/sk1-wx-2.0rc5/uc2/formats/ccx/__init__.py', 'usr/lib/sk1-wx-2.0rc5/uc2/formats/sk/__init__.py', 'usr/lib/sk1-wx-2.0rc5/uc2/formats/sk2/__init__.py', 'usr/lib/sk1-wx-2.0rc5/uc2/formats/cgm/__init__.py', 'usr/lib/sk1-wx-2.0rc5/uc2/formats/skp/__init__.py', 'usr/lib/sk1-wx-2.0rc5/uc2/formats/aco/__init__.py', 'usr/lib/sk1-wx-2.0rc5/uc2/formats/soc/__init__.py', 'usr/lib/sk1-wx-2.0rc5/uc2/formats/svgz/__init__.py', 'usr/lib/sk1-wx-2.0rc5/uc2/formats/cpl/__init__.py', 'usr/lib/sk1-wx-2.0rc5/uc2/formats/cmx/__init__.py', 'usr/lib/sk1-wx-2.0rc5/uc2/formats/edr_pal/__init__.py', 'usr/lib/sk1-wx-2.0rc5/uc2/formats/jcw/__init__.py', 'usr/lib/sk1-wx-2.0rc5/uc2/formats/cdr/__init__.py'])
sk1 W: Referenced python module 'uc2.formats.gpl.gpl_filters.GPL_Loader' is an uninstalled dependency (needed in files ['usr/lib/sk1-wx-2.0rc5/uc2/formats/gpl/gpl_presenter.py'])
sk1 W: Referenced python module 'uc2.uc2const.unit_names' is an uninstalled dependency (needed in files ['usr/lib/sk1-wx-2.0rc5/sk1/context/units.py', 'usr/lib/sk1-wx-2.0rc5/sk1/dialogs/docprops.py'])
sk1 W: Referenced python module 'sk1.resources.get_tooltip_text' is an uninstalled dependency (needed in files ['usr/lib/sk1-wx-2.0rc5/sk1/parts/statusbar.py'])
sk1 W: Referenced python module 'uc2.libgeom.bezier_base_point' is an uninstalled dependency (needed in files ['usr/lib/sk1-wx-2.0rc5/sk1/document/controllers/paint_ctrl.py'])
sk1 W: Referenced python module 'uc2.formats.cpl.cpl_const.CPL_IDs' is an uninstalled dependency (needed in files ['usr/lib/sk1-wx-2.0rc5/uc2/formats/cpl/__init__.py'])
sk1 W: Referenced python module 'reportlab.pdfbase.pdfdoc.PDFDictionary' is an uninstalled dependency (needed in files ['usr/lib/sk1-wx-2.0rc5/uc2/formats/pdf/pdfgen.py'])
sk1 W: Referenced python module 'creators.PolygonCreator' is an uninstalled dependency (needed in files ['usr/lib/sk1-wx-2.0rc5/sk1/document/controllers/__init__.py'])
sk1 W: Referenced python module 'uc2.formats.riff.presenter.RIFF_Presenter' is an uninstalled dependency (needed in files ['usr/lib/sk1-wx-2.0rc5/uc2/formats/riff/__init__.py'])
sk1 W: Referenced python module 'uc2.formats.jcw.jcw_filters.JCW_Loader' is an uninstalled dependency (needed in files ['usr/lib/sk1-wx-2.0rc5/uc2/formats/jcw/jcw_presenter.py'])
sk1 W: Referenced python module 'cwrap.get_cpath_bbox' is an uninstalled dependency (needed in files ['usr/lib/sk1-wx-2.0rc5/uc2/libgeom/bezier_ops.py'])
sk1 W: Referenced python module 'sk1.pwidgets.colorctrls.MiniPalette' is an uninstalled dependency (needed in files ['usr/lib/sk1-wx-2.0rc5/sk1/dialogs/colordlg.py'])
sk1 W: Referenced python module 'uc2.formats.sk1.sk1_config.SK1_Config' is an uninstalled dependency (needed in files ['usr/lib/sk1-wx-2.0rc5/uc2/formats/sk1/presenter.py'])
sk1 W: Referenced python module 'uc2.utils.get_chunk_size' is an uninstalled dependency (needed in files ['usr/lib/sk1-wx-2.0rc5/uc2/formats/riff/riff_filters.py', 'usr/lib/sk1-wx-2.0rc5/uc2/formats/cdrz/cdrz_filters.py', 'usr/lib/sk1-wx-2.0rc5/uc2/formats/cdr/cdr_filters.py'])
sk1 W: Referenced python module 'colorctrls.MiniPalette' is an uninstalled dependency (needed in files ['usr/lib/sk1-wx-2.0rc5/sk1/pwidgets/fillctrls.py'])
sk1 W: Referenced python module 'sk1.resources.pdids' is an uninstalled dependency (needed in files ['usr/lib/sk1-wx-2.0rc5/sk1/context/markup.py', 'usr/lib/sk1-wx-2.0rc5/sk1/parts/doctabs.py', 'usr/lib/sk1-wx-2.0rc5/sk1/resources/acc_keys.py', 'usr/lib/sk1-wx-2.0rc5/sk1/parts/toolbar.py', 'usr/lib/sk1-wx-2.0rc5/sk1/pwidgets/kbd_proc.py', 'usr/lib/sk1-wx-2.0rc5/sk1/parts/menubar.py', 'usr/lib/sk1-wx-2.0rc5/sk1/resources/labels.py', 'usr/lib/sk1-wx-2.0rc5/sk1/context/image_plgs.py', 'usr/lib/sk1-wx-2.0rc5/sk1/parts/statusbar.py', 'usr/lib/sk1-wx-2.0rc5/sk1/context/page_format.py', 'usr/lib/sk1-wx-2.0rc5/sk1/pwidgets/canvas_menu.py', 'usr/lib/sk1-wx-2.0rc5/sk1/app_actions.py', 'usr/lib/sk1-wx-2.0rc5/sk1/context/combine.py', 'usr/lib/sk1-wx-2.0rc5/sk1/context/bezier.py', 'usr/lib/sk1-wx-2.0rc5/sk1/parts/stubpanel.py', 'usr/lib/sk1-wx-2.0rc5/sk1/resources/artids.py', 'usr/lib/sk1-wx-2.0rc5/sk1/context/order.py', 'usr/lib/sk1-wx-2.0rc5/sk1/parts/palettepanel.py', 'usr/lib/sk1-wx-2.0rc5/sk1/dialogs/docprops.py', 'usr/lib/sk1-wx-2.0rc5/sk1/context/transform.py', 'usr/lib/sk1-wx-2.0rc5/sk1/parts/tools.py'])
sk1 W: Referenced python module 'uc2.formats.cdrz.cdrz_filters.CDRZ_Loader' is an uninstalled dependency (needed in files ['usr/lib/sk1-wx-2.0rc5/uc2/formats/cdrz/presenter.py'])
sk1 W: Referenced python module 'uc2.sk2const.NODE_CUSP' is an uninstalled dependency (needed in files ['usr/lib/sk1-wx-2.0rc5/uc2/formats/cdr/cdr_model.py'])
sk1 W: Referenced python module 'uc2.formats.skp.skp_presenter.SKP_Presenter' is an uninstalled dependency (needed in files ['usr/lib/sk1-wx-2.0rc5/uc2/formats/scribus_pal/__init__.py', 'usr/lib/sk1-wx-2.0rc5/uc2/formats/corel_pal/__init__.py', 'usr/lib/sk1-wx-2.0rc5/uc2/formats/cpl/__init__.py', 'usr/lib/sk1-wx-2.0rc5/uc2/formats/gpl/__init__.py', 'usr/lib/sk1-wx-2.0rc5/uc2/formats/jcw/__init__.py', 'usr/lib/sk1-wx-2.0rc5/uc2/formats/ase/__init__.py', 'usr/lib/sk1-wx-2.0rc5/uc2/formats/skp/__init__.py', 'usr/lib/sk1-wx-2.0rc5/uc2/formats/aco/__init__.py', 'usr/lib/sk1-wx-2.0rc5/uc2/formats/soc/__init__.py', 'usr/lib/sk1-wx-2.0rc5/sk1/app_palettes.py', 'usr/lib/sk1-wx-2.0rc5/uc2/formats/edr_pal/__init__.py'])
sk1 W: Referenced python module 'uc2.uc2const.COLOR_LAB' is an uninstalled dependency (needed in files ['usr/lib/sk1-wx-2.0rc5/uc2/formats/corel_pal/corel_pal_methods.py', 'usr/lib/sk1-wx-2.0rc5/uc2/cms/__init__.py', 'usr/lib/sk1-wx-2.0rc5/uc2/formats/ase/ase_const.py', 'usr/lib/sk1-wx-2.0rc5/sk1/prefs/prefs_cms.py'])
sk1 W: Referenced python module 'uc2.formats.xml_.xml_model.XmlContentText' is an uninstalled dependency (needed in files ['usr/lib/sk1-wx-2.0rc5/uc2/formats/xml_/xml_filters.py'])
sk1 W: Referenced python module 'shaping.trim_paths' is an uninstalled dependency (needed in files ['usr/lib/sk1-wx-2.0rc5/uc2/libgeom/__init__.py'])
sk1 W: Referenced python module 'filedlgs.get_open_file_name' is an uninstalled dependency (needed in files ['usr/lib/sk1-wx-2.0rc5/sk1/dialogs/__init__.py'])
sk1 W: Referenced python module 'filedlgs.get_save_file_name' is an uninstalled dependency (needed in files ['usr/lib/sk1-wx-2.0rc5/sk1/dialogs/__init__.py'])
sk1 W: Referenced python module 'uc2.uc2const.IMAGE_NAMES' is an uninstalled dependency (needed in files ['usr/lib/sk1-wx-2.0rc5/sk1/parts/statusbar.py'])
sk1 W: Referenced python module 'markup.apply_glyph_markup' is an uninstalled dependency (needed in files ['usr/lib/sk1-wx-2.0rc5/uc2/libpango/core.py'])
sk1 W: Referenced python module 'transforms.PositionTransform' is an uninstalled dependency (needed in files ['usr/lib/sk1-wx-2.0rc5/sk1/share/pd_plugins/transform_plugin/__init__.py'])
sk1 W: Referenced python module 'uc2.uc2const.PAGE_FORMAT_NAMES' is an uninstalled dependency (needed in files ['usr/lib/sk1-wx-2.0rc5/sk1/context/page_format.py'])
sk1 W: Referenced python module 'uc2.formats.fig.figlib' is an uninstalled dependency (needed in files ['usr/lib/sk1-wx-2.0rc5/uc2/formats/fig/fig_model.py'])
sk1 W: Referenced python module 'uc2.formats.pdf.pdfconst.PDF_SIGNATURE' is an uninstalled dependency (needed in files ['usr/lib/sk1-wx-2.0rc5/uc2/formats/pdf/__init__.py'])
sk1 W: Referenced python module 'uc2.formats.pes.pes_model' is an uninstalled dependency (needed in files ['usr/lib/sk1-wx-2.0rc5/uc2/formats/pes/pes_presenter.py', 'usr/lib/sk1-wx-2.0rc5/uc2/formats/pes/pes_filters.py'])
sk1 W: Referenced python module 'uc2.libgeom.fuse_paths' is an uninstalled dependency (needed in files ['usr/lib/sk1-wx-2.0rc5/sk1/share/pd_plugins/shaping/__init__.py'])
sk1 W: Referenced python module 'uc2.formats.svg.svg_methods.SVG_Methods' is an uninstalled dependency (needed in files ['usr/lib/sk1-wx-2.0rc5/uc2/formats/svg/svg_presenter.py'])
sk1 W: Referenced python module 'sk1.pwidgets.JoinChoice' is an uninstalled dependency (needed in files ['usr/lib/sk1-wx-2.0rc5/sk1/dialogs/strokedlg.py'])
sk1 W: Referenced python module 'uc2.formats.wmf.wmf_const.WMF_SIGNATURE' is an uninstalled dependency (needed in files ['usr/lib/sk1-wx-2.0rc5/uc2/formats/wmf/__init__.py', 'usr/lib/sk1-wx-2.0rc5/uc2/formats/wmf/wmf_filters.py'])
sk1 W: Referenced python module 'reportlab.lib.colors.CMYKColor' is an uninstalled dependency (needed in files ['usr/lib/sk1-wx-2.0rc5/uc2/formats/pdf/pdfgen.py'])
sk1 W: Referenced python module 'uc2.formats.skp.skp_filters.SKP_Saver' is an uninstalled dependency (needed in files ['usr/lib/sk1-wx-2.0rc5/uc2/formats/skp/skp_presenter.py'])
sk1 W: Referenced python module 'sk1.appconst' is an uninstalled dependency (needed in files ['usr/lib/sk1-wx-2.0rc5/sk1/app_history.py', 'usr/lib/sk1-wx-2.0rc5/sk1/app_conf.py', 'usr/lib/sk1-wx-2.0rc5/sk1/application.py', 'usr/lib/sk1-wx-2.0rc5/sk1/parts/mw.py', 'usr/lib/sk1-wx-2.0rc5/sk1/dialogs/logconsole.py', 'usr/lib/sk1-wx-2.0rc5/sk1/parts/mdiarea.py', 'usr/lib/sk1-wx-2.0rc5/sk1/dialogs/filelogviewer.py'])
sk1 W: Referenced python module 'sk1.resources.get_bmp' is an uninstalled dependency (needed in files ['usr/lib/sk1-wx-2.0rc5/sk1/parts/statusbar.py', 'usr/lib/sk1-wx-2.0rc5/sk1/context/page_format.py', 'usr/lib/sk1-wx-2.0rc5/sk1/context/polygon.py', 'usr/lib/sk1-wx-2.0rc5/sk1/share/pd_plugins/transform_plugin/transforms.py', 'usr/lib/sk1-wx-2.0rc5/sk1/context/units.py', 'usr/lib/sk1-wx-2.0rc5/sk1/dialogs/aboutdlg.py', 'usr/lib/sk1-wx-2.0rc5/sk1/prefs/prefs_printers.py', 'usr/lib/sk1-wx-2.0rc5/sk1/context/transform.py', 'usr/lib/sk1-wx-2.0rc5/sk1/share/pd_plugins/shaping/__init__.py', 'usr/lib/sk1-wx-2.0rc5/sk1/pwidgets/patternctrls.py', 'usr/lib/sk1-wx-2.0rc5/sk1/context/jump.py', 'usr/lib/sk1-wx-2.0rc5/sk1/context/resize.py', 'usr/lib/sk1-wx-2.0rc5/sk1/prefs/prefs_cms.py', 'usr/lib/sk1-wx-2.0rc5/sk1/share/pd_plugins/text_on_path/__init__.py', 'usr/lib/sk1-wx-2.0rc5/sk1/context/rect.py', 'usr/lib/sk1-wx-2.0rc5/sk1/dialogs/docprops.py'])
sk1 W: Referenced python module 'sk1.pwidgets.ActionImageSwitch' is an uninstalled dependency (needed in files ['usr/lib/sk1-wx-2.0rc5/sk1/parts/statusbar.py'])
sk1 W: Referenced python module 'uc2.cms.val_255_to_dec' is an uninstalled dependency (needed in files ['usr/lib/sk1-wx-2.0rc5/sk1/pwidgets/colorctrls.py'])
sk1 W: Referenced python module 'uc2.formats.cpl.cpl_filters.CPL_Loader' is an uninstalled dependency (needed in files ['usr/lib/sk1-wx-2.0rc5/uc2/formats/cpl/cpl_presenter.py'])
sk1 W: Referenced python module 'cupspropsdlg.CUPS_PrnPropsDialog' is an uninstalled dependency (needed in files ['usr/lib/sk1-wx-2.0rc5/sk1/printing/propsdlg/__init__.py'])
sk1 W: Referenced python module 'uc2.formats.cpl.cpl_presenter.CPL_Presenter' is an uninstalled dependency (needed in files ['usr/lib/sk1-wx-2.0rc5/uc2/formats/cpl/__init__.py'])
sk1 W: Referenced python module 'wx.adv.AnimationCtrl' is an uninstalled dependency (needed in files ['usr/lib/sk1-wx-2.0rc5/wal/widgets/images.py'])
sk1 W: Referenced python module 'uc2.formats.scribus_pal.scribus_pal_model.SPObject' is an uninstalled dependency (needed in files ['usr/lib/sk1-wx-2.0rc5/uc2/formats/scribus_pal/scribus_pal_filters.py'])
sk1 W: Referenced python module 'sk1.pwidgets.VRulerSurface' is an uninstalled dependency (needed in files ['usr/lib/sk1-wx-2.0rc5/sk1/parts/mdiarea.py'])
sk1 W: Referenced python module 'uc2.formats.cgm.cgm_const' is an uninstalled dependency (needed in files ['usr/lib/sk1-wx-2.0rc5/uc2/formats/cgm/cgm_model.py', 'usr/lib/sk1-wx-2.0rc5/uc2/formats/cgm/cgm_filters.py', 'usr/lib/sk1-wx-2.0rc5/uc2/formats/cgm/cgm_from_sk2.py', 'usr/lib/sk1-wx-2.0rc5/uc2/formats/cgm/cgm_utils.py', 'usr/lib/sk1-wx-2.0rc5/uc2/formats/cgm/cgm_to_sk2.py'])
sk1 W: Referenced python module 'surfaces.HRulerSurface' is an uninstalled dependency (needed in files ['usr/lib/sk1-wx-2.0rc5/sk1/pwidgets/__init__.py'])
sk1 W: Referenced python module 'uc2.formats.generic_filters.AbstractXMLLoader' is an uninstalled dependency (needed in files ['usr/lib/sk1-wx-2.0rc5/uc2/formats/xml_/xml_filters.py', 'usr/lib/sk1-wx-2.0rc5/uc2/formats/soc/soc_filters.py', 'usr/lib/sk1-wx-2.0rc5/uc2/formats/scribus_pal/scribus_pal_filters.py'])
sk1 W: Referenced python module 'sk1.resources' is an uninstalled dependency (needed in files ['usr/lib/sk1-wx-2.0rc5/sk1/pwidgets/actions.py'])
sk1 W: Referenced python module 'sk1.modes.SELECT_MODE' is an uninstalled dependency (needed in files ['usr/lib/sk1-wx-2.0rc5/sk1/app_actions.py'])
sk1 W: Referenced python module 'sk1.app_plugins.RsPlugin' is an uninstalled dependency (needed in files ['usr/lib/sk1-wx-2.0rc5/sk1/share/pd_plugins/iconizer/__init__.py', 'usr/lib/sk1-wx-2.0rc5/sk1/share/pd_plugins/text_on_circle/__init__.py', 'usr/lib/sk1-wx-2.0rc5/sk1/share/pd_plugins/shaping/__init__.py', 'usr/lib/sk1-wx-2.0rc5/sk1/share/pd_plugins/text_on_path/__init__.py', 'usr/lib/sk1-wx-2.0rc5/sk1/share/pd_plugins/layers_plugin/__init__.py', 'usr/lib/sk1-wx-2.0rc5/sk1/share/pd_plugins/align_plugin/__init__.py', 'usr/lib/sk1-wx-2.0rc5/sk1/share/pd_plugins/transform_plugin/__init__.py'])
sk1 W: Referenced python module 'colorctrls.SpotMixer' is an uninstalled dependency (needed in files ['usr/lib/sk1-wx-2.0rc5/sk1/pwidgets/fillctrls.py'])
sk1 W: Referenced python module 'uc2.formats.aco.aco_filters.ACO_Loader' is an uninstalled dependency (needed in files ['usr/lib/sk1-wx-2.0rc5/uc2/formats/aco/aco_presenter.py'])
sk1 W: Referenced python module 'wx' is an uninstalled dependency (needed in files ['usr/lib/sk1-wx-2.0rc5/wal/widgets/checks.py', 'usr/lib/sk1-wx-2.0rc5/wal/panels/canvas.py', 'usr/lib/sk1-wx-2.0rc5/wal/widgets/lines.py', 'usr/lib/sk1-wx-2.0rc5/wal/widgets/treewidgets.py', 'usr/lib/sk1-wx-2.0rc5/wal/widgets/misc.py', 'usr/lib/sk1-wx-2.0rc5/wal/const/sysconst.py', 'usr/lib/sk1-wx-2.0rc5/wal/widgets/listwidgets.py', 'usr/lib/sk1-wx-2.0rc5/wal/panels/base.py', 'usr/lib/sk1-wx-2.0rc5/wal/const/ids.py', 'usr/lib/sk1-wx-2.0rc5/wal/misc/printing.py', 'usr/lib/sk1-wx-2.0rc5/wal/dialogs/modaldlgs.py', 'usr/lib/sk1-wx-2.0rc5/wal/misc/dnd.py', 'usr/lib/sk1-wx-2.0rc5/wal/renderer.py', 'usr/lib/sk1-wx-2.0rc5/wal/panels/notebook.py', 'usr/lib/sk1-wx-2.0rc5/wal/mixins.py', 'usr/lib/sk1-wx-2.0rc5/wal/widgets/fontchoice.py', 'usr/lib/sk1-wx-2.0rc5/wal/panels/stubpanel.py', 'usr/lib/sk1-wx-2.0rc5/wal/misc/clipboard.py', 'usr/lib/sk1-wx-2.0rc5/wal/widgets/button.py', 'usr/lib/sk1-wx-2.0rc5/wal/const/keys.py', 'usr/lib/sk1-wx-2.0rc5/wal/panels/tabs.py', 'usr/lib/sk1-wx-2.0rc5/wal/misc/artprovider.py', 'usr/lib/sk1-wx-2.0rc5/wal/widgets/images.py', 'usr/lib/sk1-wx-2.0rc5/wal/utils.py', 'usr/lib/sk1-wx-2.0rc5/wal/widgets/combo.py', 'usr/lib/sk1-wx-2.0rc5/wal/widgets/menu.py', 'usr/lib/sk1-wx-2.0rc5/wal/dialogs/filedlgs.py', 'usr/lib/sk1-wx-2.0rc5/wal/widgets/labels.py', 'usr/lib/sk1-wx-2.0rc5/wal/base.py', 'usr/lib/sk1-wx-2.0rc5/wal/const/colors.py', 'usr/lib/sk1-wx-2.0rc5/wal/const/wxconst.py', 'usr/lib/sk1-wx-2.0rc5/wal/dialogs/msgdlgs.py', 'usr/lib/sk1-wx-2.0rc5/wal/widgets/layerlist.py', 'usr/lib/sk1-wx-2.0rc5/wal/widgets/entry.py'])
sk1 W: Referenced python module 'langs.check_maynmar' is an uninstalled dependency (needed in files ['usr/lib/sk1-wx-2.0rc5/uc2/libpango/paths.py'])
sk1 W: Referenced python module 'uc2.formats.gpl.gpl_const.NAME_STR' is an uninstalled dependency (needed in files ['usr/lib/sk1-wx-2.0rc5/uc2/formats/gpl/gpl_filters.py'])
sk1 W: Referenced python module 'reportlab.lib.colors.CMYKColorSep' is an uninstalled dependency (needed in files ['usr/lib/sk1-wx-2.0rc5/uc2/formats/pdf/pdfgen.py'])
sk1 W: Referenced python module 'prefs_general.GeneralPrefs' is an uninstalled dependency (needed in files ['usr/lib/sk1-wx-2.0rc5/sk1/prefs/__init__.py'])
sk1 W: Referenced python module 'uc2.formats.corel_pal.corel_pal_presenter.CorelPalette_Presenter' is an uninstalled dependency (needed in files ['usr/lib/sk1-wx-2.0rc5/uc2/formats/corel_pal/__init__.py'])
sk1 W: Referenced python module 'uc2.formats.edr_pal.edr_presenter.EDR_Presenter' is an uninstalled dependency (needed in files ['usr/lib/sk1-wx-2.0rc5/uc2/formats/edr_pal/__init__.py'])
sk1 W: Referenced python module 'sk1.document.api.PresenterAPI' is an uninstalled dependency (needed in files ['usr/lib/sk1-wx-2.0rc5/sk1/document/presenter.py'])
sk1 W: Referenced python module 'uc2.formats.cdr.cdr_const.CDR8' is an uninstalled dependency (needed in files ['usr/lib/sk1-wx-2.0rc5/uc2/formats/cdr/cdr_model.py'])
sk1 W: Referenced python module 'uc2.formats.jcw.jcw_const.JCW_CMYK_PANTONE' is an uninstalled dependency (needed in files ['usr/lib/sk1-wx-2.0rc5/uc2/formats/jcw/jcw_utils.py'])
sk1 W: Referenced python module 'uc2.formats.fig.fig_filters.FIGSaver' is an uninstalled dependency (needed in files ['usr/lib/sk1-wx-2.0rc5/uc2/formats/fig/fig_presenter.py'])
sk1 W: Referenced python module 'uc2.formats.sk2.sk2_config.SK2_Config' is an uninstalled dependency (needed in files ['usr/lib/sk1-wx-2.0rc5/uc2/formats/sk2/sk2_presenter.py'])
sk1 W: Referenced python module 'uc2.formats.soc.soc_filters.SOC_Loader' is an uninstalled dependency (needed in files ['usr/lib/sk1-wx-2.0rc5/uc2/formats/soc/soc_presenter.py'])
sk1 W: Referenced python module 'fontctrl.FontChoice' is an uninstalled dependency (needed in files ['usr/lib/sk1-wx-2.0rc5/sk1/pwidgets/__init__.py'])
sk1 W: Referenced python module 'generic.COLOR_MODE' is an uninstalled dependency (needed in files ['usr/lib/sk1-wx-2.0rc5/sk1/printing/cups_print.py', 'usr/lib/sk1-wx-2.0rc5/sk1/printing/msw_print.py', 'usr/lib/sk1-wx-2.0rc5/sk1/printing/pdf_printer.py'])
sk1 W: Referenced python module 'pagedlg.delete_page_dlg' is an uninstalled dependency (needed in files ['usr/lib/sk1-wx-2.0rc5/sk1/dialogs/__init__.py'])
sk1 W: Referenced python module 'uc2.uc2const.unit_accuracy' is an uninstalled dependency (needed in files ['usr/lib/sk1-wx-2.0rc5/sk1/pwidgets/unitctrls.py'])
sk1 W: Referenced python module 'uc2.formats.jcw.jcw_utils.parse_jcw_color' is an uninstalled dependency (needed in files ['usr/lib/sk1-wx-2.0rc5/uc2/formats/jcw/jcw_model.py'])
sk1 W: Referenced python module 'transforms.RotateTransform' is an uninstalled dependency (needed in files ['usr/lib/sk1-wx-2.0rc5/sk1/share/pd_plugins/transform_plugin/__init__.py'])
sk1 W: Referenced python module 'bezier_ops.get_paths_bbox' is an uninstalled dependency (needed in files ['usr/lib/sk1-wx-2.0rc5/uc2/libgeom/shaping.py'])
sk1 W: Referenced python module 'uc2.formats.dst.dst_const.DST_SIGNATURE' is an uninstalled dependency (needed in files ['usr/lib/sk1-wx-2.0rc5/uc2/formats/dst/__init__.py'])
sk1 W: Referenced python module 'sk1.pwidgets.colorctrls.RgbMixer' is an uninstalled dependency (needed in files ['usr/lib/sk1-wx-2.0rc5/sk1/dialogs/colordlg.py'])
sk1 W: Referenced python module 'uc2.formats.cpl.cpl_filters.CPL_Saver' is an uninstalled dependency (needed in files ['usr/lib/sk1-wx-2.0rc5/uc2/formats/cpl/cpl_presenter.py'])
sk1 W: Referenced python module 'sk1.modes.TEXT_MODE' is an uninstalled dependency (needed in files ['usr/lib/sk1-wx-2.0rc5/sk1/app_actions.py'])
sk1 W: Referenced python module 'uc2.formats.jcw.jcw_const.JCW_SPOT_RGB' is an uninstalled dependency (needed in files ['usr/lib/sk1-wx-2.0rc5/uc2/formats/jcw/jcw_utils.py'])
sk1 W: Referenced python module 'fallback.im_loader' is an uninstalled dependency (needed in files ['usr/lib/sk1-wx-2.0rc5/uc2/formats/__init__.py'])
sk1 W: Referenced python module 'sk1.pwidgets.RatioToggle' is an uninstalled dependency (needed in files ['usr/lib/sk1-wx-2.0rc5/sk1/context/rect.py', 'usr/lib/sk1-wx-2.0rc5/sk1/context/resize.py'])
sk1 W: Referenced python module 'uc2.uc2const.PORTRAIT' is an uninstalled dependency (needed in files ['usr/lib/sk1-wx-2.0rc5/sk1/context/page_format.py'])
sk1 W: Referenced python module 'trafo.apply_trafo_to_paths' is an uninstalled dependency (needed in files ['usr/lib/sk1-wx-2.0rc5/uc2/libgeom/flattering.py', 'usr/lib/sk1-wx-2.0rc5/uc2/libgeom/text_on_path.py'])
sk1 W: Referenced python module 'uc2.uc2const.COLOR_SPOT' is an uninstalled dependency (needed in files ['usr/lib/sk1-wx-2.0rc5/uc2/cms/__init__.py', 'usr/lib/sk1-wx-2.0rc5/uc2/formats/corel_pal/corel_pal_methods.py', 'usr/lib/sk1-wx-2.0rc5/uc2/formats/scribus_pal/scribus_pal_presenter.py'])
sk1 W: Referenced python module 'trafo.*' is an uninstalled dependency (needed in files ['usr/lib/sk1-wx-2.0rc5/uc2/libgeom/__init__.py'])
sk1 W: Referenced python module 'uc2.formats.pdxf.pdxf_filters.PDXF_Saver' is an uninstalled dependency (needed in files ['usr/lib/sk1-wx-2.0rc5/uc2/formats/pdxf/presenter.py'])
sk1 W: Referenced python module 'cwrap' is an uninstalled dependency (needed in files ['usr/lib/sk1-wx-2.0rc5/uc2/libgeom/trafo.py', 'usr/lib/sk1-wx-2.0rc5/uc2/libgeom/bbox.py'])
sk1 W: Referenced python module 'wal.ALL' is an uninstalled dependency (needed in files ['usr/lib/sk1-wx-2.0rc5/sk1/context/page_format.py'])
sk1 W: Referenced python module 'wal' is an uninstalled dependency (needed in files ['usr/lib/sk1-wx-2.0rc5/sk1/context/markup.py', 'usr/lib/sk1-wx-2.0rc5/sk1/prefs/prefs_printers.py', 'usr/lib/sk1-wx-2.0rc5/sk1/pwidgets/ctxmenu.py', 'usr/lib/sk1-wx-2.0rc5/sk1/app_fsw.py', 'usr/lib/sk1-wx-2.0rc5/sk1/dialogs/filldlg.py', 'usr/lib/sk1-wx-2.0rc5/sk1/parts/menubar.py', 'usr/lib/sk1-wx-2.0rc5/sk1/context/rect.py', 'usr/lib/sk1-wx-2.0rc5/sk1/printing/printdlg/toolbar.py', 'usr/lib/sk1-wx-2.0rc5/sk1/resources/labels.py', 'usr/lib/sk1-wx-2.0rc5/sk1/share/pd_plugins/layers_plugin/__init__.py', 'usr/lib/sk1-wx-2.0rc5/sk1/prefs/generic.py', 'usr/lib/sk1-wx-2.0rc5/sk1/parts/statusbar.py', 'usr/lib/sk1-wx-2.0rc5/sk1/share/pd_plugins/transform_plugin/transforms.py', 'usr/lib/sk1-wx-2.0rc5/sk1/share/pd_plugins/transform_plugin/indicator.py', 'usr/lib/sk1-wx-2.0rc5/sk1/printing/propsdlg/pdfpropsdlg.py', 'usr/lib/sk1-wx-2.0rc5/sk1/pwidgets/canvas_menu.py', 'usr/lib/sk1-wx-2.0rc5/sk1/app_actions.py', 'usr/lib/sk1-wx-2.0rc5/sk1/parts/mw.py', 'usr/lib/sk1-wx-2.0rc5/sk1/printing/__init__.py', 'usr/lib/sk1-wx-2.0rc5/sk1/prefs/prefs_palettes.py', 'usr/lib/sk1-wx-2.0rc5/sk1/parts/plgarea.py', 'usr/lib/sk1-wx-2.0rc5/sk1/printing/printout.py', 'usr/lib/sk1-wx-2.0rc5/sk1/share/pd_plugins/transform_plugin/__init__.py', 'usr/lib/sk1-wx-2.0rc5/sk1/pwidgets/actions.py', 'usr/lib/sk1-wx-2.0rc5/sk1/pwidgets/unitctrls.py', 'usr/lib/sk1-wx-2.0rc5/sk1/context/text.py', 'usr/lib/sk1-wx-2.0rc5/sk1/parts/stubpanel.py', 'usr/lib/sk1-wx-2.0rc5/sk1/prefs/prefs_fonts.py', 'usr/lib/sk1-wx-2.0rc5/sk1/resources/artids.py', 'usr/lib/sk1-wx-2.0rc5/sk1/share/pd_plugins/text_on_path/__init__.py', 'usr/lib/sk1-wx-2.0rc5/sk1/dialogs/paletteinfo.py', 'usr/lib/sk1-wx-2.0rc5/sk1/dialogs/progressdlg.py', 'usr/lib/sk1-wx-2.0rc5/sk1/pwidgets/fontctrl.py', 'usr/lib/sk1-wx-2.0rc5/sk1/pwidgets/surfaces.py', 'usr/lib/sk1-wx-2.0rc5/sk1/pwidgets/strokectrls.py', 'usr/lib/sk1-wx-2.0rc5/sk1/modes.py', 'usr/lib/sk1-wx-2.0rc5/sk1/app_proxy.py', 'usr/lib/sk1-wx-2.0rc5/sk1/parts/tools.py', 'usr/lib/sk1-wx-2.0rc5/sk1/parts/toolbar.py', 'usr/lib/sk1-wx-2.0rc5/sk1/dialogs/pagedlg.py', 'usr/lib/sk1-wx-2.0rc5/sk1/pwidgets/kbd_proc.py', 'usr/lib/sk1-wx-2.0rc5/sk1/dialogs/filelogviewer.py', 'usr/lib/sk1-wx-2.0rc5/sk1/printing/printdlg/ruler.py', 'usr/lib/sk1-wx-2.0rc5/sk1/pwidgets/minipalette.py', 'usr/lib/sk1-wx-2.0rc5/sk1/pwidgets/colorctrls.py', 'usr/lib/sk1-wx-2.0rc5/sk1/dialogs/dashedit_dlg.py', 'usr/lib/sk1-wx-2.0rc5/sk1/share/pd_plugins/iconizer/__init__.py', 'usr/lib/sk1-wx-2.0rc5/sk1/printing/printdlg/panels.py', 'usr/lib/sk1-wx-2.0rc5/sk1/dialogs/logconsole.py', 'usr/lib/sk1-wx-2.0rc5/sk1/dialogs/strokedlg.py', 'usr/lib/sk1-wx-2.0rc5/sk1/dialogs/docprops.py', 'usr/lib/sk1-wx-2.0rc5/sk1/dialogs/aboutdlg.py', 'usr/lib/sk1-wx-2.0rc5/sk1/dialogs/colordlg.py', 'usr/lib/sk1-wx-2.0rc5/sk1/printing/printdlg/canvas.py', 'usr/lib/sk1-wx-2.0rc5/sk1/share/pd_plugins/shaping/__init__.py', 'usr/lib/sk1-wx-2.0rc5/sk1/pwidgets/patternctrls.py', 'usr/lib/sk1-wx-2.0rc5/sk1/parts/doctabs.py', 'usr/lib/sk1-wx-2.0rc5/sk1/printing/cups_print.py', 'usr/lib/sk1-wx-2.0rc5/sk1/dialogs/editdlg.py', 'usr/lib/sk1-wx-2.0rc5/sk1/parts/artprovider.py', 'usr/lib/sk1-wx-2.0rc5/sk1/printing/propsdlg/generic.py', 'usr/lib/sk1-wx-2.0rc5/sk1/share/pd_plugins/text_on_circle/__init__.py', 'usr/lib/sk1-wx-2.0rc5/sk1/prefs/__init__.py', 'usr/lib/sk1-wx-2.0rc5/sk1/pwidgets/palette.py', 'usr/lib/sk1-wx-2.0rc5/sk1/pwidgets/palette_viewer.py', 'usr/lib/sk1-wx-2.0rc5/sk1/printing/msw_print.py', 'usr/lib/sk1-wx-2.0rc5/sk1/prefs/prefs_ruler.py', 'usr/lib/sk1-wx-2.0rc5/sk1/parts/ctxpanel.py', 'usr/lib/sk1-wx-2.0rc5/sk1/context/polygon.py', 'usr/lib/sk1-wx-2.0rc5/sk1/printing/generic.py', 'usr/lib/sk1-wx-2.0rc5/sk1/printing/printdlg/kbd_proc.py', 'usr/lib/sk1-wx-2.0rc5/sk1/context/base.py', 'usr/lib/sk1-wx-2.0rc5/sk1/prefs/prefs_cms.py', 'usr/lib/sk1-wx-2.0rc5/sk1/pwidgets/colorbtn.py', 'usr/lib/sk1-wx-2.0rc5/sk1/resources/acc_keys.py', 'usr/lib/sk1-wx-2.0rc5/sk1/prefs/prefs_ui.py', 'usr/lib/sk1-wx-2.0rc5/sk1/share/pd_plugins/align_plugin/__init__.py', 'usr/lib/sk1-wx-2.0rc5/sk1/resources/__init__.py', 'usr/lib/sk1-wx-2.0rc5/sk1/parts/plgtabs.py', 'usr/lib/sk1-wx-2.0rc5/sk1/printing/printdlg/__init__.py', 'usr/lib/sk1-wx-2.0rc5/sk1/resources/icons.py', 'usr/lib/sk1-wx-2.0rc5/sk1/application.py', 'usr/lib/sk1-wx-2.0rc5/sk1/dialogs/docinfodlg.py', 'usr/lib/sk1-wx-2.0rc5/sk1/pwidgets/fillctrls.py', 'usr/lib/sk1-wx-2.0rc5/sk1/parts/palettepanel.py', 'usr/lib/sk1-wx-2.0rc5/sk1/prefs/prefs_general.py', 'usr/lib/sk1-wx-2.0rc5/sk1/printing/propsdlg/cupspropsdlg.py', 'usr/lib/sk1-wx-2.0rc5/sk1/context/position.py', 'usr/lib/sk1-wx-2.0rc5/sk1/dialogs/filedlgs.py', 'usr/lib/sk1-wx-2.0rc5/sk1/parts/mdiarea.py', 'usr/lib/sk1-wx-2.0rc5/sk1/context/circle.py', 'usr/lib/sk1-wx-2.0rc5/sk1/pwidgets/gradientctrls.py'])
sk1 W: Referenced python module 'colorctrls.SwatchCanvas' is an uninstalled dependency (needed in files ['usr/lib/sk1-wx-2.0rc5/sk1/pwidgets/patternctrls.py', 'usr/lib/sk1-wx-2.0rc5/sk1/pwidgets/gradientctrls.py'])
sk1 W: Referenced python module 'colorctrls.FillFillRefPanel' is an uninstalled dependency (needed in files ['usr/lib/sk1-wx-2.0rc5/sk1/pwidgets/fillctrls.py'])
sk1 W: Referenced python module 'sk1.printing.generic.MONOCHROME_MODE' is an uninstalled dependency (needed in files ['usr/lib/sk1-wx-2.0rc5/sk1/printing/printdlg/panels.py', 'usr/lib/sk1-wx-2.0rc5/sk1/printing/propsdlg/cupspropsdlg.py'])
sk1 W: Referenced python module 'uc2.formats.pes.pes_filters.PES_Loader' is an uninstalled dependency (needed in files ['usr/lib/sk1-wx-2.0rc5/uc2/formats/pes/pes_presenter.py'])
sk1 W: Referenced python module 'StringIO' is an uninstalled dependency (needed in files ['usr/lib/sk1-wx-2.0rc5/uc2/formats/riff/riff_filters.py', 'usr/lib/sk1-wx-2.0rc5/uc2/formats/cdrz/cdrz_filters.py', 'usr/lib/sk1-wx-2.0rc5/uc2/formats/cdr/cdr_filters.py'])
sk1 W: Referenced python module 'grad_ctrl.GradientEditor' is an uninstalled dependency (needed in files ['usr/lib/sk1-wx-2.0rc5/sk1/document/controllers/__init__.py'])
sk1 W: Referenced python module 'uc2.formats.md.md_model.MdModel' is an uninstalled dependency (needed in files ['usr/lib/sk1-wx-2.0rc5/uc2/formats/md/md_presenter.py'])
sk1 W: Referenced python module 'uc2.formats.edr_pal.edr_model.EDR_Color' is an uninstalled dependency (needed in files ['usr/lib/sk1-wx-2.0rc5/uc2/formats/edr_pal/edr_presenter.py'])
sk1 W: Referenced python module 'uc2.uc2conf.UCData' is an uninstalled dependency (needed in files ['usr/lib/sk1-wx-2.0rc5/uc2/application.py', 'usr/lib/sk1-wx-2.0rc5/sk1/app_conf.py'])
sk1 W: Referenced python module 'patterns.PATTERN_PRESETS' is an uninstalled dependency (needed in files ['usr/lib/sk1-wx-2.0rc5/sk1/pwidgets/patternctrls.py'])
sk1 W: Referenced python module 'uc2.formats.soc.soc_const.SOURCE_LO' is an uninstalled dependency (needed in files ['usr/lib/sk1-wx-2.0rc5/uc2/formats/soc/soc_filters.py', 'usr/lib/sk1-wx-2.0rc5/uc2/formats/soc/soc_model.py'])
sk1 W: Referenced python module 'uc2.formats.dst.dst_const.MM_TO_DST' is an uninstalled dependency (needed in files ['usr/lib/sk1-wx-2.0rc5/uc2/formats/dst/dst_from_sk2.py', 'usr/lib/sk1-wx-2.0rc5/uc2/formats/dst/dst_to_sk2.py'])
sk1 W: Referenced python module 'colorctrls.StyleMonitor' is an uninstalled dependency (needed in files ['usr/lib/sk1-wx-2.0rc5/sk1/pwidgets/__init__.py'])
sk1 W: Referenced python module 'sk1.config' is an uninstalled dependency (needed in files ['usr/lib/sk1-wx-2.0rc5/sk1/parts/doctabs.py', 'usr/lib/sk1-wx-2.0rc5/sk1/printing/cups_print.py', 'usr/lib/sk1-wx-2.0rc5/sk1/prefs/prefs_ui.py', 'usr/lib/sk1-wx-2.0rc5/sk1/document/controllers/paint_ctrl.py', 'usr/lib/sk1-wx-2.0rc5/sk1/parts/toolbar.py', 'usr/lib/sk1-wx-2.0rc5/sk1/app_cms.py', 'usr/lib/sk1-wx-2.0rc5/sk1/prefs/prefs_printers.py', 'usr/lib/sk1-wx-2.0rc5/sk1/document/api.py', 'usr/lib/sk1-wx-2.0rc5/sk1/pwidgets/ctxmenu.py', 'usr/lib/sk1-wx-2.0rc5/sk1/app_fsw.py', 'usr/lib/sk1-wx-2.0rc5/sk1/document/controllers/editor_text.py', 'usr/lib/sk1-wx-2.0rc5/sk1/parts/artprovider.py', 'usr/lib/sk1-wx-2.0rc5/sk1/dialogs/filldlg.py', 'usr/lib/sk1-wx-2.0rc5/sk1/parts/menubar.py', 'usr/lib/sk1-wx-2.0rc5/sk1/dialogs/filelogviewer.py', 'usr/lib/sk1-wx-2.0rc5/sk1/printing/propsdlg/generic.py', 'usr/lib/sk1-wx-2.0rc5/sk1/prefs/__init__.py', 'usr/lib/sk1-wx-2.0rc5/sk1/parts/statusbar.py', 'usr/lib/sk1-wx-2.0rc5/sk1/context/page_format.py', 'usr/lib/sk1-wx-2.0rc5/sk1/document/controllers/editor_ellipse.py', 'usr/lib/sk1-wx-2.0rc5/sk1/pwidgets/palette.py', 'usr/lib/sk1-wx-2.0rc5/sk1/app_insp.py', 'usr/lib/sk1-wx-2.0rc5/sk1/document/selection.py', 'usr/lib/sk1-wx-2.0rc5/sk1/printing/printdlg/ruler.py', 'usr/lib/sk1-wx-2.0rc5/sk1/printing/printdlg/__init__.py', 'usr/lib/sk1-wx-2.0rc5/sk1/document/controllers/editor_polygon.py', 'usr/lib/sk1-wx-2.0rc5/sk1/application.py', 'usr/lib/sk1-wx-2.0rc5/sk1/parts/mw.py', 'usr/lib/sk1-wx-2.0rc5/sk1/pwidgets/colorctrls.py', 'usr/lib/sk1-wx-2.0rc5/sk1/app_palettes.py', 'usr/lib/sk1-wx-2.0rc5/sk1/prefs/prefs_palettes.py', 'usr/lib/sk1-wx-2.0rc5/sk1/dialogs/docinfodlg.py', 'usr/lib/sk1-wx-2.0rc5/sk1/document/controllers/editor_rect.py', 'usr/lib/sk1-wx-2.0rc5/sk1/printing/msw_print.py', 'usr/lib/sk1-wx-2.0rc5/sk1/printing/pdf_printer.py', 'usr/lib/sk1-wx-2.0rc5/sk1/document/controllers/editor_bezier.py', 'usr/lib/sk1-wx-2.0rc5/sk1/document/controllers/grad_ctrl.py', 'usr/lib/sk1-wx-2.0rc5/sk1/document/canvas.py', 'usr/lib/sk1-wx-2.0rc5/sk1/app_history.py', 'usr/lib/sk1-wx-2.0rc5/sk1/parts/stubpanel.py', 'usr/lib/sk1-wx-2.0rc5/sk1/prefs/prefs_fonts.py', 'usr/lib/sk1-wx-2.0rc5/sk1/document/controllers/trafo_ctrl.py', 'usr/lib/sk1-wx-2.0rc5/sk1/prefs/prefs_ruler.py', 'usr/lib/sk1-wx-2.0rc5/sk1/dialogs/paletteinfo.py', 'usr/lib/sk1-wx-2.0rc5/sk1/dialogs/logconsole.py', 'usr/lib/sk1-wx-2.0rc5/sk1/dialogs/strokedlg.py', 'usr/lib/sk1-wx-2.0rc5/sk1/parts/palettepanel.py', 'usr/lib/sk1-wx-2.0rc5/sk1/document/snapping.py', 'usr/lib/sk1-wx-2.0rc5/sk1/dialogs/docprops.py', 'usr/lib/sk1-wx-2.0rc5/sk1/pwidgets/fontctrl.py', 'usr/lib/sk1-wx-2.0rc5/sk1/document/ruler.py', 'usr/lib/sk1-wx-2.0rc5/sk1/pwidgets/surfaces.py', 'usr/lib/sk1-wx-2.0rc5/sk1/context/polygon.py', 'usr/lib/sk1-wx-2.0rc5/sk1/dialogs/aboutdlg.py', 'usr/lib/sk1-wx-2.0rc5/sk1/dialogs/colordlg.py', 'usr/lib/sk1-wx-2.0rc5/sk1/prefs/prefs_general.py', 'usr/lib/sk1-wx-2.0rc5/sk1/modes.py', 'usr/lib/sk1-wx-2.0rc5/sk1/document/renderer.py', 'usr/lib/sk1-wx-2.0rc5/sk1/printing/generic.py', 'usr/lib/sk1-wx-2.0rc5/sk1/context/jump.py', 'usr/lib/sk1-wx-2.0rc5/sk1/prefs/prefs_cms.py', 'usr/lib/sk1-wx-2.0rc5/sk1/parts/mdiarea.py', 'usr/lib/sk1-wx-2.0rc5/sk1/app_proxy.py', 'usr/lib/sk1-wx-2.0rc5/sk1/app_plugins.py'])
sk1 W: Referenced python module 'uc2.formats.jcw.jcw_const.JCW_SPOT_HSV' is an uninstalled dependency (needed in files ['usr/lib/sk1-wx-2.0rc5/uc2/formats/jcw/jcw_utils.py'])
sk1 W: Referenced python module 'sk1.app_history.AppHistoryManager' is an uninstalled dependency (needed in files ['usr/lib/sk1-wx-2.0rc5/sk1/application.py'])
sk1 W: Referenced python module 'uc2.formats.xml_.xml_filters.XML_Saver' is an uninstalled dependency (needed in files ['usr/lib/sk1-wx-2.0rc5/uc2/formats/xml_/xml_presenter.py', 'usr/lib/sk1-wx-2.0rc5/uc2/formats/corel_pal/corel_pal_presenter.py'])
sk1 W: Referenced python module 'uc2.formats.md.md_model.MdLoader' is an uninstalled dependency (needed in files ['usr/lib/sk1-wx-2.0rc5/uc2/formats/md/md_presenter.py'])
sk1 W: Referenced python module 'uc2.sk2const.SK2XML_ID' is an uninstalled dependency (needed in files ['usr/lib/sk1-wx-2.0rc5/uc2/formats/sk2/__init__.py'])
sk1 W: Referenced python module 'uc2.formats.wmf.wmf_translators' is an uninstalled dependency (needed in files ['usr/lib/sk1-wx-2.0rc5/uc2/formats/wmf/wmf_presenter.py'])
sk1 W: Referenced python module 'points.add_points' is an uninstalled dependency (needed in files ['usr/lib/sk1-wx-2.0rc5/uc2/libgeom/contour.py', 'usr/lib/sk1-wx-2.0rc5/uc2/libgeom/shaping.py', 'usr/lib/sk1-wx-2.0rc5/uc2/libgeom/flattering.py', 'usr/lib/sk1-wx-2.0rc5/uc2/libgeom/bezier_ops.py'])
sk1 W: Referenced python module 'toolbar.PreviewToolbar' is an uninstalled dependency (needed in files ['usr/lib/sk1-wx-2.0rc5/sk1/printing/printdlg/__init__.py'])
sk1 W: Referenced python module 'colorctrls.PaletteMixer' is an uninstalled dependency (needed in files ['usr/lib/sk1-wx-2.0rc5/sk1/pwidgets/fillctrls.py'])
sk1 W: Referenced python module 'uc2.formats.cdr.cdr_config.CDR_Config' is an uninstalled dependency (needed in files ['usr/lib/sk1-wx-2.0rc5/uc2/formats/cdr/cdr_presenter.py'])
sk1 W: Referenced python module 'uc2.formats.pdf.pdfconst' is an uninstalled dependency (needed in files ['usr/lib/sk1-wx-2.0rc5/sk1/printing/cups_print.py', 'usr/lib/sk1-wx-2.0rc5/sk1/printing/propsdlg/pdfpropsdlg.py', 'usr/lib/sk1-wx-2.0rc5/sk1/printing/pdf_printer.py'])
sk1 W: Referenced python module 'uc2.formats.cpl.cpl_const.CPL12' is an uninstalled dependency (needed in files ['usr/lib/sk1-wx-2.0rc5/uc2/formats/cpl/__init__.py'])
sk1 W: Referenced python module 'uc2.formats.cdr.cdr_translators.CDR_to_SK2_Translator' is an uninstalled dependency (needed in files ['usr/lib/sk1-wx-2.0rc5/uc2/formats/cdr/cdr_presenter.py'])
sk1 W: Referenced python module 'uc2.formats.dst.dst_datatype' is an uninstalled dependency (needed in files ['usr/lib/sk1-wx-2.0rc5/uc2/formats/dst/dst_model.py'])
sk1 W: Referenced python module 'uc2.formats.gpl.gpl_model.GPL_Palette' is an uninstalled dependency (needed in files ['usr/lib/sk1-wx-2.0rc5/uc2/formats/gpl/gpl_presenter.py'])
sk1 W: Referenced python module 'uc2.formats.soc.soc_presenter.SOC_Presenter' is an uninstalled dependency (needed in files ['usr/lib/sk1-wx-2.0rc5/uc2/formats/soc/__init__.py'])
sk1 W: Referenced python module 'flattering.get_flattened_paths' is an uninstalled dependency (needed in files ['usr/lib/sk1-wx-2.0rc5/uc2/libgeom/__init__.py'])
sk1 W: Referenced python module 'labels.LABELS' is an uninstalled dependency (needed in files ['usr/lib/sk1-wx-2.0rc5/sk1/resources/__init__.py'])
sk1 W: Referenced python module 'uc2.formats.pdxf.presenter.PDXF_Presenter' is an uninstalled dependency (needed in files ['usr/lib/sk1-wx-2.0rc5/uc2/formats/cdrz/__init__.py', 'usr/lib/sk1-wx-2.0rc5/uc2/formats/pdxf/__init__.py'])
sk1 W: Referenced python module 'sk1.pwidgets.RulerSurface' is an uninstalled dependency (needed in files ['usr/lib/sk1-wx-2.0rc5/sk1/parts/mdiarea.py'])
sk1 W: Referenced python module 'uc2.sk2const.DOC_ORIGIN_LU' is an uninstalled dependency (needed in files ['usr/lib/sk1-wx-2.0rc5/sk1/document/canvas.py'])
sk1 W: Referenced python module 'uc2.formats.dst.dst_filters.DST_Saver' is an uninstalled dependency (needed in files ['usr/lib/sk1-wx-2.0rc5/uc2/formats/dst/dst_presenter.py'])
sk1 W: Referenced python module 'strokedlg.stroke_dlg' is an uninstalled dependency (needed in files ['usr/lib/sk1-wx-2.0rc5/sk1/dialogs/__init__.py'])
sk1 W: Referenced python module 'sk1.pwidgets.ArrowChoice' is an uninstalled dependency (needed in files ['usr/lib/sk1-wx-2.0rc5/sk1/dialogs/strokedlg.py'])
sk1 W: Referenced python module 'sk1.context.CURVE' is an uninstalled dependency (needed in files ['usr/lib/sk1-wx-2.0rc5/sk1/parts/ctxpanel.py'])
sk1 W: Referenced python module 'sk1.context.NO_DOC' is an uninstalled dependency (needed in files ['usr/lib/sk1-wx-2.0rc5/sk1/parts/ctxpanel.py'])
sk1 W: Referenced python module 'uc2.formats.cdrz.const' is an uninstalled dependency (needed in files ['usr/lib/sk1-wx-2.0rc5/uc2/formats/cdrz/__init__.py'])
sk1 W: Referenced python module 'points.mult_point' is an uninstalled dependency (needed in files ['usr/lib/sk1-wx-2.0rc5/uc2/libgeom/contour.py', 'usr/lib/sk1-wx-2.0rc5/uc2/libgeom/shaping.py', 'usr/lib/sk1-wx-2.0rc5/uc2/libgeom/flattering.py', 'usr/lib/sk1-wx-2.0rc5/uc2/libgeom/bezier_ops.py'])
sk1 W: Referenced python module 'uc2.uc2const.IMAGE_LAB' is an uninstalled dependency (needed in files ['usr/lib/sk1-wx-2.0rc5/uc2/cms/__init__.py'])
sk1 W: Referenced python module 'uc2.formats.plt.plt_const.SK2_to_PLT_TRAFO' is an uninstalled dependency (needed in files ['usr/lib/sk1-wx-2.0rc5/uc2/formats/plt/plt_translators.py'])
sk1 W: Referenced python module 'uc2.formats.cmx.cmx_filters' is an uninstalled dependency (needed in files ['usr/lib/sk1-wx-2.0rc5/uc2/formats/cmx/cmx_presenter.py'])
sk1 W: Referenced python module 'patternctrls.PatternMiniPalette' is an uninstalled dependency (needed in files ['usr/lib/sk1-wx-2.0rc5/sk1/pwidgets/fillctrls.py'])
sk1 W: Referenced python module 'uc2.formats.cdr.cdr_const.CDR13' is an uninstalled dependency (needed in files ['usr/lib/sk1-wx-2.0rc5/uc2/formats/cdr/cdr_model.py'])
sk1 W: Referenced python module 'uc2.formats.skp.SKP_Presenter' is an uninstalled dependency (needed in files ['usr/lib/sk1-wx-2.0rc5/uc2/formats/dst/__init__.py'])
sk1 W: Referenced python module 'text_ctrl.TextEditController' is an uninstalled dependency (needed in files ['usr/lib/sk1-wx-2.0rc5/sk1/document/controllers/__init__.py'])
sk1 W: Referenced python module 'uc2.formats.aco.aco_presenter.ACO_Presenter' is an uninstalled dependency (needed in files ['usr/lib/sk1-wx-2.0rc5/uc2/formats/aco/__init__.py'])
sk1 W: Referenced python module 'uc2.formats.cdr.cdr_const.CDR_COLOR_CMYK2' is an uninstalled dependency (needed in files ['usr/lib/sk1-wx-2.0rc5/uc2/formats/cdr/cdr_utils.py'])
sk1 W: Referenced python module 'pdf_printer.PDF_Printer' is an uninstalled dependency (needed in files ['usr/lib/sk1-wx-2.0rc5/sk1/printing/cups_print.py', 'usr/lib/sk1-wx-2.0rc5/sk1/printing/msw_print.py'])
sk1 W: Referenced python module 'uc2.cms.rgb_to_hexcolor' is an uninstalled dependency (needed in files ['usr/lib/sk1-wx-2.0rc5/sk1/pwidgets/fillctrls.py'])
sk1 W: Referenced python module 'uc2.formats.plt.plt_translators.PLT_to_SK2_Translator' is an uninstalled dependency (needed in files ['usr/lib/sk1-wx-2.0rc5/uc2/formats/plt/plt_presenter.py'])
sk1 W: Referenced python module 'shaping.excluse_paths' is an uninstalled dependency (needed in files ['usr/lib/sk1-wx-2.0rc5/uc2/libgeom/__init__.py'])
sk1 W: Referenced python module 'uc2.formats.pes.pes_filters.PES_Saver' is an uninstalled dependency (needed in files ['usr/lib/sk1-wx-2.0rc5/uc2/formats/pes/pes_presenter.py'])
sk1 W: Referenced python module 'printdlg.PrintDialog' is an uninstalled dependency (needed in files ['usr/lib/sk1-wx-2.0rc5/sk1/printing/__init__.py'])
sk1 W: Referenced python module 'points.distance' is an uninstalled dependency (needed in files ['usr/lib/sk1-wx-2.0rc5/uc2/libgeom/contour.py', 'usr/lib/sk1-wx-2.0rc5/uc2/libgeom/text_on_path.py', 'usr/lib/sk1-wx-2.0rc5/uc2/libgeom/shaping.py', 'usr/lib/sk1-wx-2.0rc5/uc2/libgeom/bezier_ops.py'])
sk1 W: Referenced python module 'uc2.formats.ase.ase_model.ASE_Color' is an uninstalled dependency (needed in files ['usr/lib/sk1-wx-2.0rc5/uc2/formats/ase/ase_presenter.py'])
sk1 W: Referenced python module 'uc2.utils.system.get_os_family' is an uninstalled dependency (needed in files ['usr/lib/sk1-wx-2.0rc5/uc2/formats/pdxf/resmngr.py'])
sk1 W: Referenced python module 'sk1.get_sys_path' is an uninstalled dependency (needed in files ['usr/lib/sk1-wx-2.0rc5/sk1/app_plugins.py'])
sk1 W: Referenced python module 'uc2.utils.mixutils.config_logging' is an uninstalled dependency (needed in files ['usr/lib/sk1-wx-2.0rc5/uc2/application.py'])
sk1 W: Referenced python module 'sk1.pwidgets.DashChoice' is an uninstalled dependency (needed in files ['usr/lib/sk1-wx-2.0rc5/sk1/dialogs/strokedlg.py'])
sk1 W: Referenced python module 'generic.AbstractController' is an uninstalled dependency (needed in files ['usr/lib/sk1-wx-2.0rc5/sk1/document/controllers/editor_bezier.py', 'usr/lib/sk1-wx-2.0rc5/sk1/document/controllers/grad_ctrl.py', 'usr/lib/sk1-wx-2.0rc5/sk1/document/controllers/editor_ellipse.py', 'usr/lib/sk1-wx-2.0rc5/sk1/document/controllers/editor_chooser.py', 'usr/lib/sk1-wx-2.0rc5/sk1/document/controllers/fleur_ctrl.py', 'usr/lib/sk1-wx-2.0rc5/sk1/document/controllers/trafo_ctrl.py', 'usr/lib/sk1-wx-2.0rc5/sk1/document/controllers/text_ctrl.py', 'usr/lib/sk1-wx-2.0rc5/sk1/document/controllers/creators.py', 'usr/lib/sk1-wx-2.0rc5/sk1/document/controllers/editor_polygon.py', 'usr/lib/sk1-wx-2.0rc5/sk1/document/controllers/guide_ctrl.py', 'usr/lib/sk1-wx-2.0rc5/sk1/document/controllers/zoom_ctrl.py', 'usr/lib/sk1-wx-2.0rc5/sk1/document/controllers/editor_text.py', 'usr/lib/sk1-wx-2.0rc5/sk1/document/controllers/__init__.py', 'usr/lib/sk1-wx-2.0rc5/sk1/document/controllers/editor_rect.py', 'usr/lib/sk1-wx-2.0rc5/sk1/document/controllers/select_ctrl.py'])
sk1 W: Referenced python module 'uc2.formats.jcw.jcw_filters.JCW_Saver' is an uninstalled dependency (needed in files ['usr/lib/sk1-wx-2.0rc5/uc2/formats/jcw/jcw_presenter.py'])
sk1 W: Referenced python module 'uc2.utils.generate_guid' is an uninstalled dependency (needed in files ['usr/lib/sk1-wx-2.0rc5/uc2/formats/corel_pal/corel_pal_methods.py'])
sk1 W: Referenced python module 'sk1.modes.ELLIPSE_MODE' is an uninstalled dependency (needed in files ['usr/lib/sk1-wx-2.0rc5/sk1/app_actions.py'])
sk1 W: Referenced python module 'reportlab' is an uninstalled dependency (needed in files ['usr/lib/sk1-wx-2.0rc5/sk1/dialogs/aboutdlg.py', 'usr/lib/sk1-wx-2.0rc5/uc2/cmds/parts.py'])
sk1 W: Referenced python module 'sk1.printing.generic.STD_MARGINS' is an uninstalled dependency (needed in files ['usr/lib/sk1-wx-2.0rc5/sk1/prefs/prefs_printers.py'])
sk1 W: Referenced python module 'sk1.appconst.RENDERING_DELAY' is an uninstalled dependency (needed in files ['usr/lib/sk1-wx-2.0rc5/sk1/pwidgets/surfaces.py'])
sk1 W: Referenced python module 'uc2.formats.aco.aco_filters.ACO_Saver' is an uninstalled dependency (needed in files ['usr/lib/sk1-wx-2.0rc5/uc2/formats/aco/aco_presenter.py'])
sk1 W: Referenced python module 'uc2.formats.sk1.model.Style' is an uninstalled dependency (needed in files ['usr/lib/sk1-wx-2.0rc5/uc2/formats/sk1/sk1_loaders.py'])
sk1 W: Referenced python module 'sk1.pwidgets.GradientFill' is an uninstalled dependency (needed in files ['usr/lib/sk1-wx-2.0rc5/sk1/dialogs/filldlg.py'])
sk1 W: Referenced python module 'uc2.formats.soc.soc_const.SOC_COLOR_NAME_ATTR' is an uninstalled dependency (needed in files ['usr/lib/sk1-wx-2.0rc5/uc2/formats/soc/soc_filters.py'])
sk1 W: Referenced python module 'sk1.appconst.ZOOM_OUT' is an uninstalled dependency (needed in files ['usr/lib/sk1-wx-2.0rc5/sk1/document/controllers/generic.py', 'usr/lib/sk1-wx-2.0rc5/sk1/printing/printdlg/canvas.py', 'usr/lib/sk1-wx-2.0rc5/sk1/document/canvas.py'])
sk1 W: Referenced python module 'uc2.formats.pes.pes_const.PES_SIGNATURE' is an uninstalled dependency (needed in files ['usr/lib/sk1-wx-2.0rc5/uc2/formats/pes/__init__.py'])
sk1 W: Referenced python module 'sk1.dialogs.filedlgs' is an uninstalled dependency (needed in files ['usr/lib/sk1-wx-2.0rc5/sk1/dialogs/logconsole.py'])
sk1 W: Referenced python module 'wx.lib.agw.ultimatelistctrl.UltimateListCtrl' is an uninstalled dependency (needed in files ['usr/lib/sk1-wx-2.0rc5/wal/widgets/layerlist.py'])
sk1 W: Referenced python module 'strokectrls.JoinChoice' is an uninstalled dependency (needed in files ['usr/lib/sk1-wx-2.0rc5/sk1/pwidgets/__init__.py'])
sk1 W: Referenced python module 'PIL.ImageOps' is an uninstalled dependency (needed in files ['usr/lib/sk1-wx-2.0rc5/wal/utils.py', 'usr/lib/sk1-wx-2.0rc5/uc2/libimg/handlers.py'])
sk1 W: Referenced python module 'flattering.flat_paths' is an uninstalled dependency (needed in files ['usr/lib/sk1-wx-2.0rc5/uc2/libgeom/__init__.py'])
sk1 W: Referenced python module 'sk1.pwidgets.ActionButton' is an uninstalled dependency (needed in files ['usr/lib/sk1-wx-2.0rc5/sk1/context/page_format.py', 'usr/lib/sk1-wx-2.0rc5/sk1/context/transform.py', 'usr/lib/sk1-wx-2.0rc5/sk1/context/base.py'])
sk1 W: Referenced python module 'flattering.flat_path' is an uninstalled dependency (needed in files ['usr/lib/sk1-wx-2.0rc5/uc2/libgeom/text_on_path.py', 'usr/lib/sk1-wx-2.0rc5/uc2/libgeom/bezier_ops.py', 'usr/lib/sk1-wx-2.0rc5/uc2/libgeom/__init__.py'])
sk1 W: Referenced python module 'uc2.formats.edr_pal.edr_pal_saver' is an uninstalled dependency (needed in files ['usr/lib/sk1-wx-2.0rc5/uc2/formats/dst/__init__.py'])
sk1 W: Referenced python module 'uc2.uc2const.COLOR_RGB' is an uninstalled dependency (needed in files ['usr/lib/sk1-wx-2.0rc5/uc2/formats/pes/pes_colors.py', 'usr/lib/sk1-wx-2.0rc5/uc2/formats/scribus_pal/scribus_pal_presenter.py', 'usr/lib/sk1-wx-2.0rc5/uc2/formats/xar/xar_const.py', 'usr/lib/sk1-wx-2.0rc5/uc2/formats/corel_pal/corel_pal_methods.py', 'usr/lib/sk1-wx-2.0rc5/uc2/formats/fig/fig_colors.py', 'usr/lib/sk1-wx-2.0rc5/uc2/formats/gpl/gpl_presenter.py', 'usr/lib/sk1-wx-2.0rc5/uc2/formats/ase/ase_const.py', 'usr/lib/sk1-wx-2.0rc5/uc2/formats/dst/dst_colors.py', 'usr/lib/sk1-wx-2.0rc5/sk1/prefs/prefs_cms.py', 'usr/lib/sk1-wx-2.0rc5/uc2/cms/__init__.py', 'usr/lib/sk1-wx-2.0rc5/uc2/formats/soc/soc_presenter.py'])
sk1 W: Referenced python module 'uc2.formats.wmf.wmf_filters' is an uninstalled dependency (needed in files ['usr/lib/sk1-wx-2.0rc5/uc2/formats/wmf/wmf_presenter.py'])
sk1 W: Referenced python module 'wal.EXPAND' is an uninstalled dependency (needed in files ['usr/lib/sk1-wx-2.0rc5/sk1/context/page_format.py'])
sk1 W: Referenced python module 'uc2.formats.ase.ase_const' is an uninstalled dependency (needed in files ['usr/lib/sk1-wx-2.0rc5/uc2/formats/ase/ase_presenter.py', 'usr/lib/sk1-wx-2.0rc5/uc2/formats/ase/ase_model.py'])
sk1 W: Referenced python module 'sk1.modes.TEXT_MODES' is an uninstalled dependency (needed in files ['usr/lib/sk1-wx-2.0rc5/sk1/app_actions.py'])
sk1 W: Referenced python module 'bezier_ops.split_bezier_curve' is an uninstalled dependency (needed in files ['usr/lib/sk1-wx-2.0rc5/uc2/libgeom/objs.py'])
sk1 W: Referenced python module 'core.PANGO_LAYOUT' is an uninstalled dependency (needed in files ['usr/lib/sk1-wx-2.0rc5/uc2/libpango/fonts.py'])
sk1 W: Referenced python module 'uc2.formats.sk.sk_methods.SK_Methods' is an uninstalled dependency (needed in files ['usr/lib/sk1-wx-2.0rc5/uc2/formats/sk/sk_presenter.py'])
sk1 W: Referenced python module 'uc2.formats.scribus_pal.scribus_pal_config.ScribusPalette_Config' is an uninstalled dependency (needed in files ['usr/lib/sk1-wx-2.0rc5/uc2/formats/scribus_pal/scribus_pal_presenter.py'])
sk1 W: Referenced python module 'uc2.libgeom.contra_point' is an uninstalled dependency (needed in files ['usr/lib/sk1-wx-2.0rc5/sk1/document/controllers/paint_ctrl.py'])
sk1 W: Referenced python module 'uc2.formats.wmf.wmf_presenter.WMF_Presenter' is an uninstalled dependency (needed in files ['usr/lib/sk1-wx-2.0rc5/uc2/formats/wmf/__init__.py'])
sk1 W: Referenced python module 'core.NONPRINTING_CHARS' is an uninstalled dependency (needed in files ['usr/lib/sk1-wx-2.0rc5/uc2/libpango/paths.py'])
sk1 W: Referenced python module 'pagedlg.insert_page_dlg' is an uninstalled dependency (needed in files ['usr/lib/sk1-wx-2.0rc5/sk1/dialogs/__init__.py'])
sk1 W: Referenced python module 'sk1.pwidgets.StaticUnitLabel' is an uninstalled dependency (needed in files ['usr/lib/sk1-wx-2.0rc5/sk1/printing/propsdlg/cupspropsdlg.py', 'usr/lib/sk1-wx-2.0rc5/sk1/printing/propsdlg/pdfpropsdlg.py', 'usr/lib/sk1-wx-2.0rc5/sk1/dialogs/docprops.py', 'usr/lib/sk1-wx-2.0rc5/sk1/dialogs/strokedlg.py'])
sk1 W: Referenced python module 'unitctrls.AngleSpin' is an uninstalled dependency (needed in files ['usr/lib/sk1-wx-2.0rc5/sk1/pwidgets/__init__.py'])
sk1 W: Referenced python module 'paint_ctrl.PathsCreator' is an uninstalled dependency (needed in files ['usr/lib/sk1-wx-2.0rc5/sk1/document/controllers/__init__.py'])
sk1 W: Referenced python module 'uc2.formats.generic.BinaryModelObject' is an uninstalled dependency (needed in files ['usr/lib/sk1-wx-2.0rc5/uc2/formats/dst/dst_model.py', 'usr/lib/sk1-wx-2.0rc5/uc2/formats/pes/pes_model.py', 'usr/lib/sk1-wx-2.0rc5/uc2/formats/cmx/cmx_instr.py', 'usr/lib/sk1-wx-2.0rc5/uc2/formats/cgm/cgm_model.py', 'usr/lib/sk1-wx-2.0rc5/uc2/formats/edr_pal/edr_model.py', 'usr/lib/sk1-wx-2.0rc5/uc2/formats/xar/xar_model.py', 'usr/lib/sk1-wx-2.0rc5/uc2/formats/cpl/cpl_model.py', 'usr/lib/sk1-wx-2.0rc5/uc2/formats/aco/aco_model.py', 'usr/lib/sk1-wx-2.0rc5/uc2/formats/riff/model.py', 'usr/lib/sk1-wx-2.0rc5/uc2/formats/jcw/jcw_model.py', 'usr/lib/sk1-wx-2.0rc5/uc2/formats/wmf/wmf_model.py', 'usr/lib/sk1-wx-2.0rc5/uc2/formats/ase/ase_model.py'])
sk1 W: Referenced python module 'uc2.formats.jcw.jcw_const.JCW_SPOT_CMYK' is an uninstalled dependency (needed in files ['usr/lib/sk1-wx-2.0rc5/uc2/formats/jcw/jcw_utils.py'])
sk1 W: Referenced python module 'uc2.libgeom.trim_paths' is an uninstalled dependency (needed in files ['usr/lib/sk1-wx-2.0rc5/sk1/share/pd_plugins/shaping/__init__.py'])
sk1 W: Referenced python module 'uc2.utils.mixutils.echo' is an uninstalled dependency (needed in files ['usr/lib/sk1-wx-2.0rc5/uc2/cmds/parts.py', 'usr/lib/sk1-wx-2.0rc5/uc2/cmds/help.py', 'usr/lib/sk1-wx-2.0rc5/uc2/cmds/translate.py', 'usr/lib/sk1-wx-2.0rc5/uc2/cmds/configure.py', 'usr/lib/sk1-wx-2.0rc5/uc2/application.py'])
sk1 W: Referenced python module 'uc2.uc2const.mm_to_pt' is an uninstalled dependency (needed in files ['usr/lib/sk1-wx-2.0rc5/sk1/document/canvas.py', 'usr/lib/sk1-wx-2.0rc5/uc2/formats/plt/plt_const.py'])
sk1 W: Referenced python module 'sk1.pwidgets.StyleMonitor' is an uninstalled dependency (needed in files ['usr/lib/sk1-wx-2.0rc5/sk1/parts/tools.py'])
sk1 W: Referenced python module 'uc2.formats.riff.model.RiffObject' is an uninstalled dependency (needed in files ['usr/lib/sk1-wx-2.0rc5/uc2/formats/cdr/cdr_model.py'])
sk1 W: Referenced python module 'sk1.modes.POLYGON_MODE' is an uninstalled dependency (needed in files ['usr/lib/sk1-wx-2.0rc5/sk1/app_actions.py'])
sk1 W: Referenced python module 'uc2.formats.cdr.cdr_model.generic_dict' is an uninstalled dependency (needed in files ['usr/lib/sk1-wx-2.0rc5/uc2/formats/cdr/cdr_filters.py'])
sk1 W: Referenced python module 'uc2.sk2const' is an uninstalled dependency (needed in files ['usr/lib/sk1-wx-2.0rc5/uc2/formats/pes/pes_translators.py', 'usr/lib/sk1-wx-2.0rc5/uc2/libgeom/bezier_ops.py', 'usr/lib/sk1-wx-2.0rc5/sk1/document/controllers/paint_ctrl.py', 'usr/lib/sk1-wx-2.0rc5/uc2/formats/cgm/cgm_const.py', 'usr/lib/sk1-wx-2.0rc5/uc2/formats/sk2/arrows.py', 'usr/lib/sk1-wx-2.0rc5/sk1/document/api.py', 'usr/lib/sk1-wx-2.0rc5/uc2/formats/cmx/cmx_from_sk2.py', 'usr/lib/sk1-wx-2.0rc5/uc2/formats/cgm/cgm_from_sk2.py', 'usr/lib/sk1-wx-2.0rc5/sk1/dialogs/filldlg.py', 'usr/lib/sk1-wx-2.0rc5/sk1/share/pd_plugins/align_plugin/__init__.py', 'usr/lib/sk1-wx-2.0rc5/uc2/formats/fallback.py', 'usr/lib/sk1-wx-2.0rc5/uc2/formats/wmf/wmf_translators.py', 'usr/lib/sk1-wx-2.0rc5/sk1/document/controllers/editor_ellipse.py', 'usr/lib/sk1-wx-2.0rc5/uc2/libgeom/shaping.py', 'usr/lib/sk1-wx-2.0rc5/sk1/share/pd_plugins/transform_plugin/transforms.py', 'usr/lib/sk1-wx-2.0rc5/uc2/formats/pdf/pdfgen.py', 'usr/lib/sk1-wx-2.0rc5/sk1/share/pd_plugins/transform_plugin/indicator.py', 'usr/lib/sk1-wx-2.0rc5/uc2/formats/sk2/sk2_model.py', 'usr/lib/sk1-wx-2.0rc5/sk1/app_insp.py', 'usr/lib/sk1-wx-2.0rc5/sk1/pwidgets/colorctrls.py', 'usr/lib/sk1-wx-2.0rc5/uc2/formats/fig/fig_translators.py', 'usr/lib/sk1-wx-2.0rc5/uc2/formats/sk2/crenderer.py', 'usr/lib/sk1-wx-2.0rc5/uc2/libgeom/contour.py', 'usr/lib/sk1-wx-2.0rc5/sk1/dialogs/docinfodlg.py', 'usr/lib/sk1-wx-2.0rc5/uc2/formats/cgm/cgm_to_sk2.py', 'usr/lib/sk1-wx-2.0rc5/uc2/formats/plt/plt_model.py', 'usr/lib/sk1-wx-2.0rc5/sk1/document/controllers/editor_bezier.py', 'usr/lib/sk1-wx-2.0rc5/sk1/document/controllers/grad_ctrl.py', 'usr/lib/sk1-wx-2.0rc5/sk1/context/text.py', 'usr/lib/sk1-wx-2.0rc5/sk1/document/controllers/trafo_ctrl.py', 'usr/lib/sk1-wx-2.0rc5/sk1/pwidgets/fillctrls.py', 'usr/lib/sk1-wx-2.0rc5/sk1/share/pd_plugins/text_on_path/__init__.py', 'usr/lib/sk1-wx-2.0rc5/uc2/libgeom/objs.py', 'usr/lib/sk1-wx-2.0rc5/uc2/formats/cmx/cmx_to_sk2.py', 'usr/lib/sk1-wx-2.0rc5/sk1/document/snapping.py', 'usr/lib/sk1-wx-2.0rc5/sk1/document/ruler.py', 'usr/lib/sk1-wx-2.0rc5/uc2/formats/dst/dst_from_sk2.py', 'usr/lib/sk1-wx-2.0rc5/sk1/pwidgets/strokectrls.py', 'usr/lib/sk1-wx-2.0rc5/uc2/formats/sk1/sk1_translators.py', 'usr/lib/sk1-wx-2.0rc5/sk1/document/renderer.py', 'usr/lib/sk1-wx-2.0rc5/uc2/formats/skp/skp_presenter.py', 'usr/lib/sk1-wx-2.0rc5/uc2/formats/xar/xar_translators.py', 'usr/lib/sk1-wx-2.0rc5/sk1/context/position.py', 'usr/lib/sk1-wx-2.0rc5/uc2/formats/sk/sk_translators.py', 'usr/lib/sk1-wx-2.0rc5/sk1/pwidgets/patternctrls.py', 'usr/lib/sk1-wx-2.0rc5/uc2/formats/sk2/sk2_config.py', 'usr/lib/sk1-wx-2.0rc5/uc2/formats/dst/dst_to_sk2.py', 'usr/lib/sk1-wx-2.0rc5/sk1/app_proxy.py', 'usr/lib/sk1-wx-2.0rc5/sk1/pwidgets/gradientctrls.py', 'usr/lib/sk1-wx-2.0rc5/sk1/pwidgets/colorbtn.py'])
sk1 W: Referenced python module 'uc2.formats.cgm.cgm_model' is an uninstalled dependency (needed in files ['usr/lib/sk1-wx-2.0rc5/uc2/formats/cgm/cgm_presenter.py', 'usr/lib/sk1-wx-2.0rc5/uc2/formats/cgm/cgm_filters.py', 'usr/lib/sk1-wx-2.0rc5/uc2/formats/cgm/cgm_from_sk2.py'])
sk1 W: Referenced python module 'uc2.formats.dst.dst_const' is an uninstalled dependency (needed in files ['usr/lib/sk1-wx-2.0rc5/uc2/formats/dst/dst_model.py', 'usr/lib/sk1-wx-2.0rc5/uc2/formats/dst/dst_from_sk2.py', 'usr/lib/sk1-wx-2.0rc5/uc2/formats/dst/dst_filters.py', 'usr/lib/sk1-wx-2.0rc5/uc2/formats/dst/dst_to_sk2.py', 'usr/lib/sk1-wx-2.0rc5/uc2/formats/dst/dst_datatype.py'])
sk1 W: Referenced python module 'uc2.formats.jcw.jcw_const.JCW_NAMESIZE' is an uninstalled dependency (needed in files ['usr/lib/sk1-wx-2.0rc5/uc2/formats/jcw/jcw_model.py', 'usr/lib/sk1-wx-2.0rc5/uc2/formats/jcw/jcw_presenter.py'])
sk1 W: Referenced python module 'uc2.formats.ase.ase_const.ASEF' is an uninstalled dependency (needed in files ['usr/lib/sk1-wx-2.0rc5/uc2/formats/ase/__init__.py'])
sk1 W: Referenced python module 'uc2.formats.wmf.wmf_const.METAFILETYPES' is an uninstalled dependency (needed in files ['usr/lib/sk1-wx-2.0rc5/uc2/formats/wmf/__init__.py'])
sk1 W: Referenced python module 'uc2.uc2const.COLOR_REG' is an uninstalled dependency (needed in files ['usr/lib/sk1-wx-2.0rc5/uc2/cms/__init__.py', 'usr/lib/sk1-wx-2.0rc5/uc2/formats/scribus_pal/scribus_pal_presenter.py'])
sk1 W: Referenced python module 'colorctrls.SPOT_PALETTE' is an uninstalled dependency (needed in files ['usr/lib/sk1-wx-2.0rc5/sk1/pwidgets/fillctrls.py'])
sk1 W: Referenced python module 'unitctrls.ActionImageSwitch' is an uninstalled dependency (needed in files ['usr/lib/sk1-wx-2.0rc5/sk1/pwidgets/__init__.py'])
sk1 W: Referenced python module 'sk1.document.ruler.Ruler' is an uninstalled dependency (needed in files ['usr/lib/sk1-wx-2.0rc5/sk1/document/presenter.py'])
sk1 W: Referenced python module 'uc2.formats.xar.xar_datatype' is an uninstalled dependency (needed in files ['usr/lib/sk1-wx-2.0rc5/uc2/formats/xar/xar_method.py', 'usr/lib/sk1-wx-2.0rc5/uc2/formats/xar/xar_filters.py'])
sk1 W: Referenced python module 'uc2.formats.gpl.gpl_config.GPL_Config' is an uninstalled dependency (needed in files ['usr/lib/sk1-wx-2.0rc5/uc2/formats/gpl/gpl_presenter.py'])
sk1 W: Referenced python module '_libcairo' is an uninstalled dependency (needed in files ['usr/lib/sk1-wx-2.0rc5/uc2/libcairo/__init__.py'])
sk1 W: Referenced python module 'sk1.printing.cups_print.CUPS_PS' is an uninstalled dependency (needed in files ['usr/lib/sk1-wx-2.0rc5/sk1/prefs/prefs_printers.py', 'usr/lib/sk1-wx-2.0rc5/sk1/printing/printdlg/__init__.py'])
sk1 W: Referenced python module 'uc2.formats.pdxf.pdxf_filters.PDXF_Loader' is an uninstalled dependency (needed in files ['usr/lib/sk1-wx-2.0rc5/uc2/formats/pdxf/presenter.py'])
sk1 W: Referenced python module 'generic.PrefPanel' is an uninstalled dependency (needed in files ['usr/lib/sk1-wx-2.0rc5/sk1/prefs/prefs_canvas.py', 'usr/lib/sk1-wx-2.0rc5/sk1/prefs/prefs_ui.py', 'usr/lib/sk1-wx-2.0rc5/sk1/prefs/templates.py', 'usr/lib/sk1-wx-2.0rc5/sk1/prefs/prefs_general.py', 'usr/lib/sk1-wx-2.0rc5/sk1/prefs/prefs_printers.py', 'usr/lib/sk1-wx-2.0rc5/sk1/prefs/prefs_fonts.py', 'usr/lib/sk1-wx-2.0rc5/sk1/prefs/prefs_ruler.py', 'usr/lib/sk1-wx-2.0rc5/sk1/prefs/prefs_cms.py', 'usr/lib/sk1-wx-2.0rc5/sk1/prefs/prefs_palettes.py'])
sk1 W: Referenced python module 'uc2.uc2const.IMAGE_TO_COLOR' is an uninstalled dependency (needed in files ['usr/lib/sk1-wx-2.0rc5/uc2/cms/__init__.py'])
sk1 W: Referenced python module 'uc2.formats.ase.ase_presenter.ASE_Presenter' is an uninstalled dependency (needed in files ['usr/lib/sk1-wx-2.0rc5/uc2/formats/ase/__init__.py'])
sk1 W: Referenced python module 'uc2.formats.scribus_pal.scribus_pal_model.ScribusPalette' is an uninstalled dependency (needed in files ['usr/lib/sk1-wx-2.0rc5/uc2/formats/scribus_pal/scribus_pal_filters.py', 'usr/lib/sk1-wx-2.0rc5/uc2/formats/scribus_pal/scribus_pal_presenter.py'])
sk1 W: Referenced python module 'ruler.PreviewCorner' is an uninstalled dependency (needed in files ['usr/lib/sk1-wx-2.0rc5/sk1/printing/printdlg/__init__.py'])
sk1 W: Referenced python module 'sk1.events.SNAP_CHANGED' is an uninstalled dependency (needed in files ['usr/lib/sk1-wx-2.0rc5/sk1/app_actions.py'])
sk1 W: Referenced python module 'uc2.formats.sk1.sk1_const.RGB' is an uninstalled dependency (needed in files ['usr/lib/sk1-wx-2.0rc5/uc2/formats/sk1/sk1_utils.py'])
sk1 W: Referenced python module 'prefs_cms.CMSPrefs' is an uninstalled dependency (needed in files ['usr/lib/sk1-wx-2.0rc5/sk1/prefs/__init__.py'])
sk1 W: Referenced python module 'uc2.formats.cpl.cpl_model.CPL12_SpotPalette' is an uninstalled dependency (needed in files ['usr/lib/sk1-wx-2.0rc5/uc2/formats/cpl/cpl_filters.py'])
sk1 W: Referenced python module 'uc2.formats.gpl.gpl_const.COL_STR' is an uninstalled dependency (needed in files ['usr/lib/sk1-wx-2.0rc5/uc2/formats/gpl/gpl_filters.py'])
sk1 W: Referenced python module 'sk1.context.TEXT_EDIT' is an uninstalled dependency (needed in files ['usr/lib/sk1-wx-2.0rc5/sk1/parts/ctxpanel.py'])
sk1 W: Referenced python module 'fonts.get_sample_size' is an uninstalled dependency (needed in files ['usr/lib/sk1-wx-2.0rc5/uc2/libpango/__init__.py'])
sk1 W: Referenced python module 'editor_chooser.EditorChooser' is an uninstalled dependency (needed in files ['usr/lib/sk1-wx-2.0rc5/sk1/document/controllers/__init__.py'])
sk1 W: Referenced python module 'sk1.appconst.SNAP_TO_PAGE' is an uninstalled dependency (needed in files ['usr/lib/sk1-wx-2.0rc5/sk1/document/snapping.py'])
sk1 W: Referenced python module 'sk1.pwidgets.AppAction' is an uninstalled dependency (needed in files ['usr/lib/sk1-wx-2.0rc5/sk1/app_actions.py'])
sk1 W: Referenced python module 'uc2.cms.CS' is an uninstalled dependency (needed in files ['usr/lib/sk1-wx-2.0rc5/sk1/app_cms.py', 'usr/lib/sk1-wx-2.0rc5/uc2/app_cms.py', 'usr/lib/sk1-wx-2.0rc5/uc2/formats/pdxf/pdxf_cms.py', 'usr/lib/sk1-wx-2.0rc5/uc2/formats/sk2/sk2_cms.py'])
sk1 W: Referenced python module 'sk1.pwidgets.colorctrls.CmykMixer' is an uninstalled dependency (needed in files ['usr/lib/sk1-wx-2.0rc5/sk1/dialogs/colordlg.py'])
sk1 W: Referenced python module 'uc2.formats.riff.riff_config.RIFF_Config' is an uninstalled dependency (needed in files ['usr/lib/sk1-wx-2.0rc5/uc2/formats/riff/presenter.py'])
sk1 W: Referenced python module 'sk1.pwidgets.colorctrls.GRAY_PALETTE' is an uninstalled dependency (needed in files ['usr/lib/sk1-wx-2.0rc5/sk1/dialogs/colordlg.py'])
sk1 W: Referenced python module 'sk1.parts.tools.AppTools' is an uninstalled dependency (needed in files ['usr/lib/sk1-wx-2.0rc5/sk1/parts/mdiarea.py'])
sk1 W: Referenced python module 'uc2.libgeom.apply_trafo_to_paths' is an uninstalled dependency (needed in files ['usr/lib/sk1-wx-2.0rc5/sk1/share/pd_plugins/shaping/__init__.py', 'usr/lib/sk1-wx-2.0rc5/sk1/document/controllers/paint_ctrl.py'])
sk1 W: Referenced python module 'templates.GridPrefs' is an uninstalled dependency (needed in files ['usr/lib/sk1-wx-2.0rc5/sk1/prefs/__init__.py'])
sk1 W: Referenced python module 'unitctrls.UnitLabel' is an uninstalled dependency (needed in files ['usr/lib/sk1-wx-2.0rc5/sk1/pwidgets/__init__.py'])
sk1 W: Referenced python module 'uc2.formats.cgm.cgm_presenter.CGM_Presenter' is an uninstalled dependency (needed in files ['usr/lib/sk1-wx-2.0rc5/uc2/formats/cgm/__init__.py'])
sk1 W: Referenced python module 'uc2.formats.cpl.cpl_model.CPL12_Palette' is an uninstalled dependency (needed in files ['usr/lib/sk1-wx-2.0rc5/uc2/formats/cpl/cpl_filters.py', 'usr/lib/sk1-wx-2.0rc5/uc2/formats/cpl/cpl_presenter.py'])
sk1 W: Referenced python module 'cgi' is an uninstalled dependency (needed in files ['usr/lib/sk1-wx-2.0rc5/uc2/libpango/fonts.py'])
sk1 W: Referenced python module 'editdlg.edit_dlg' is an uninstalled dependency (needed in files ['usr/lib/sk1-wx-2.0rc5/sk1/dialogs/__init__.py'])
sk1 W: Referenced python module 'uc2.formats.cdr.cdr_filters.CDR_Saver' is an uninstalled dependency (needed in files ['usr/lib/sk1-wx-2.0rc5/uc2/formats/cdr/cdr_presenter.py'])
sk1 W: Referenced python module 'cups' is an uninstalled dependency (needed in files ['usr/lib/sk1-wx-2.0rc5/sk1/dialogs/aboutdlg.py', 'usr/lib/sk1-wx-2.0rc5/sk1/printing/cups_print.py'])
sk1 W: Referenced python module 'uc2.formats.fig.fig_const' is an uninstalled dependency (needed in files ['usr/lib/sk1-wx-2.0rc5/uc2/formats/fig/fig_model.py'])
sk1 W: Referenced python module 'sk1.events' is an uninstalled dependency (needed in files ['usr/lib/sk1-wx-2.0rc5/sk1/context/markup.py', 'usr/lib/sk1-wx-2.0rc5/sk1/parts/doctabs.py', 'usr/lib/sk1-wx-2.0rc5/sk1/app_cms.py', 'usr/lib/sk1-wx-2.0rc5/sk1/document/api.py', 'usr/lib/sk1-wx-2.0rc5/sk1/document/controllers/text_ctrl.py', 'usr/lib/sk1-wx-2.0rc5/sk1/app_conf.py', 'usr/lib/sk1-wx-2.0rc5/sk1/app_fsw.py', 'usr/lib/sk1-wx-2.0rc5/sk1/document/controllers/editor_text.py', 'usr/lib/sk1-wx-2.0rc5/sk1/parts/menubar.py', 'usr/lib/sk1-wx-2.0rc5/sk1/context/rect.py', 'usr/lib/sk1-wx-2.0rc5/sk1/share/pd_plugins/align_plugin/__init__.py', 'usr/lib/sk1-wx-2.0rc5/sk1/share/pd_plugins/layers_plugin/__init__.py', 'usr/lib/sk1-wx-2.0rc5/sk1/share/pd_plugins/text_on_circle/__init__.py', 'usr/lib/sk1-wx-2.0rc5/sk1/parts/statusbar.py', 'usr/lib/sk1-wx-2.0rc5/sk1/context/page_format.py', 'usr/lib/sk1-wx-2.0rc5/sk1/document/controllers/editor_ellipse.py', 'usr/lib/sk1-wx-2.0rc5/sk1/document/presenter.py', 'usr/lib/sk1-wx-2.0rc5/sk1/pwidgets/palette.py', 'usr/lib/sk1-wx-2.0rc5/sk1/share/pd_plugins/transform_plugin/indicator.py', 'usr/lib/sk1-wx-2.0rc5/sk1/clipboard.py', 'usr/lib/sk1-wx-2.0rc5/sk1/document/selection.py', 'usr/lib/sk1-wx-2.0rc5/sk1/document/controllers/editor_polygon.py', 'usr/lib/sk1-wx-2.0rc5/sk1/application.py', 'usr/lib/sk1-wx-2.0rc5/sk1/pwidgets/colorctrls.py', 'usr/lib/sk1-wx-2.0rc5/sk1/context/resize.py', 'usr/lib/sk1-wx-2.0rc5/sk1/app_palettes.py', 'usr/lib/sk1-wx-2.0rc5/sk1/document/controllers/editor_rect.py', 'usr/lib/sk1-wx-2.0rc5/sk1/share/pd_plugins/transform_plugin/__init__.py', 'usr/lib/sk1-wx-2.0rc5/sk1/pwidgets/actions.py', 'usr/lib/sk1-wx-2.0rc5/sk1/document/controllers/editor_bezier.py', 'usr/lib/sk1-wx-2.0rc5/sk1/document/controllers/grad_ctrl.py', 'usr/lib/sk1-wx-2.0rc5/sk1/document/canvas.py', 'usr/lib/sk1-wx-2.0rc5/sk1/pwidgets/unitctrls.py', 'usr/lib/sk1-wx-2.0rc5/sk1/share/pd_plugins/iconizer/__init__.py', 'usr/lib/sk1-wx-2.0rc5/sk1/context/text.py', 'usr/lib/sk1-wx-2.0rc5/sk1/app_history.py', 'usr/lib/sk1-wx-2.0rc5/sk1/context/units.py', 'usr/lib/sk1-wx-2.0rc5/sk1/parts/stubpanel.py', 'usr/lib/sk1-wx-2.0rc5/sk1/share/pd_plugins/text_on_path/__init__.py', 'usr/lib/sk1-wx-2.0rc5/sk1/parts/ctxpanel.py', 'usr/lib/sk1-wx-2.0rc5/sk1/pwidgets/fontctrl.py', 'usr/lib/sk1-wx-2.0rc5/sk1/document/ruler.py', 'usr/lib/sk1-wx-2.0rc5/sk1/pwidgets/surfaces.py', 'usr/lib/sk1-wx-2.0rc5/sk1/context/polygon.py', 'usr/lib/sk1-wx-2.0rc5/sk1/dialogs/aboutdlg.py', 'usr/lib/sk1-wx-2.0rc5/sk1/context/position.py', 'usr/lib/sk1-wx-2.0rc5/sk1/share/pd_plugins/shaping/__init__.py', 'usr/lib/sk1-wx-2.0rc5/sk1/context/jump.py', 'usr/lib/sk1-wx-2.0rc5/sk1/parts/mdiarea.py', 'usr/lib/sk1-wx-2.0rc5/sk1/context/circle.py', 'usr/lib/sk1-wx-2.0rc5/sk1/app_proxy.py'])
sk1 W: Referenced python module 'uc2.formats.ase.ase_model.ASE_Group' is an uninstalled dependency (needed in files ['usr/lib/sk1-wx-2.0rc5/uc2/formats/ase/ase_presenter.py'])
sk1 W: Referenced python module 'uc2.formats.soc.soc_filters.SOC_Saver' is an uninstalled dependency (needed in files ['usr/lib/sk1-wx-2.0rc5/uc2/formats/soc/soc_presenter.py'])
sk1 W: Referenced python module 'uc2.formats.xml_.xml_config.XML_Config' is an uninstalled dependency (needed in files ['usr/lib/sk1-wx-2.0rc5/uc2/formats/xml_/xml_presenter.py', 'usr/lib/sk1-wx-2.0rc5/uc2/formats/corel_pal/corel_pal_config.py'])
sk1 W: Referenced python module 'bezier_ops.bezier_base_point' is an uninstalled dependency (needed in files ['usr/lib/sk1-wx-2.0rc5/uc2/libgeom/contour.py', 'usr/lib/sk1-wx-2.0rc5/uc2/libgeom/shaping.py', 'usr/lib/sk1-wx-2.0rc5/uc2/libgeom/objs.py'])
sk1 W: Referenced python module 'sk1.parts.plgarea.PlgArea' is an uninstalled dependency (needed in files ['usr/lib/sk1-wx-2.0rc5/sk1/parts/mdiarea.py'])
sk1 W: Referenced python module 'sk1.dialogs.edit_dlg' is an uninstalled dependency (needed in files ['usr/lib/sk1-wx-2.0rc5/sk1/share/pd_plugins/layers_plugin/__init__.py'])
sk1 W: Referenced python module 'lab_profile_rc' is an uninstalled dependency (needed in files ['usr/lib/sk1-wx-2.0rc5/uc2/cms/libcms.py'])
sk1 W: Referenced python module 'uc2.formats.generic_filters.AbstractBinaryLoader' is an uninstalled dependency (needed in files ['usr/lib/sk1-wx-2.0rc5/uc2/formats/cpl/cpl_filters.py', 'usr/lib/sk1-wx-2.0rc5/uc2/formats/ase/ase_filters.py', 'usr/lib/sk1-wx-2.0rc5/uc2/formats/cgm/cgm_filters.py', 'usr/lib/sk1-wx-2.0rc5/uc2/formats/edr_pal/edr_filters.py', 'usr/lib/sk1-wx-2.0rc5/uc2/formats/cmx/cmx_filters.py', 'usr/lib/sk1-wx-2.0rc5/uc2/formats/aco/aco_filters.py', 'usr/lib/sk1-wx-2.0rc5/uc2/formats/jcw/jcw_filters.py', 'usr/lib/sk1-wx-2.0rc5/uc2/formats/wmf/wmf_filters.py'])
sk1 W: Referenced python module 'uc2.formats.cdr.cdr_utils.parse_matrix' is an uninstalled dependency (needed in files ['usr/lib/sk1-wx-2.0rc5/uc2/formats/cdr/cdr_model.py'])
sk1 W: Referenced python module 'uc2.formats.cdr.cdr_utils' is an uninstalled dependency (needed in files ['usr/lib/sk1-wx-2.0rc5/uc2/formats/cpl/cpl_model.py'])
sk1 W: Referenced python module 'uc2.formats.wmf.wmf_config.WMF_Config' is an uninstalled dependency (needed in files ['usr/lib/sk1-wx-2.0rc5/uc2/formats/wmf/wmf_presenter.py'])
sk1 W: Referenced python module 'uc2.formats.cdr.cdr_const.CDR6' is an uninstalled dependency (needed in files ['usr/lib/sk1-wx-2.0rc5/uc2/formats/cdr/cdr_model.py'])
sk1 W: Referenced python module 'sk1.pwidgets.HRulerSurface' is an uninstalled dependency (needed in files ['usr/lib/sk1-wx-2.0rc5/sk1/parts/mdiarea.py'])
sk1 W: Referenced python module 'uc2.uc2const.ORIENTS_NAMES' is an uninstalled dependency (needed in files ['usr/lib/sk1-wx-2.0rc5/sk1/context/page_format.py', 'usr/lib/sk1-wx-2.0rc5/sk1/dialogs/docprops.py'])
sk1 W: Referenced python module 'filelogviewer.filelog_viewer_dlg' is an uninstalled dependency (needed in files ['usr/lib/sk1-wx-2.0rc5/sk1/dialogs/__init__.py'])
sk1 W: Referenced python module 'uc2.formats.plt.plt_model' is an uninstalled dependency (needed in files ['usr/lib/sk1-wx-2.0rc5/uc2/formats/plt/plt_translators.py', 'usr/lib/sk1-wx-2.0rc5/uc2/formats/plt/plt_presenter.py', 'usr/lib/sk1-wx-2.0rc5/uc2/formats/plt/plt_filters.py'])
sk1 W: Referenced python module 'paletteinfo.palette_info_dlg' is an uninstalled dependency (needed in files ['usr/lib/sk1-wx-2.0rc5/sk1/dialogs/__init__.py'])
sk1 W: Referenced python module 'uc2.formats.fig.fig_filters.FIGLoader' is an uninstalled dependency (needed in files ['usr/lib/sk1-wx-2.0rc5/uc2/formats/fig/fig_presenter.py'])
sk1 W: Referenced python module 'sk1.modes.LINE_MODE' is an uninstalled dependency (needed in files ['usr/lib/sk1-wx-2.0rc5/sk1/app_actions.py'])
sk1 W: Referenced python module 'uc2.formats.soc.soc_const.SOURCE_OO' is an uninstalled dependency (needed in files ['usr/lib/sk1-wx-2.0rc5/uc2/formats/soc/soc_filters.py'])
sk1 W: Referenced python module 'uc2.formats.pes.pes_datatype' is an uninstalled dependency (needed in files ['usr/lib/sk1-wx-2.0rc5/uc2/formats/pes/pes_model.py'])
sk1 W: Referenced python module 'uc2.formats.pes.pes_presenter.PesPresenter' is an uninstalled dependency (needed in files ['usr/lib/sk1-wx-2.0rc5/uc2/formats/pes/__init__.py'])
sk1 W: Referenced python module 'sk1.app_actions' is an uninstalled dependency (needed in files ['usr/lib/sk1-wx-2.0rc5/sk1/application.py'])
sk1 W: Referenced python module 'patterns.DEFAULT_PATTERN' is an uninstalled dependency (needed in files ['usr/lib/sk1-wx-2.0rc5/sk1/pwidgets/fillctrls.py'])
sk1 W: Referenced python module 'uc2.formats.wmf.wmf_const' is an uninstalled dependency (needed in files ['usr/lib/sk1-wx-2.0rc5/uc2/formats/wmf/wmf_translators.py', 'usr/lib/sk1-wx-2.0rc5/uc2/formats/wmf/wmf_model.py', 'usr/lib/sk1-wx-2.0rc5/uc2/formats/wmf/wmf_utils.py', 'usr/lib/sk1-wx-2.0rc5/uc2/formats/wmf/wmf_hatches.py'])
sk1 W: Referenced python module 'uc2.sk2const.ARC_PIE_SLICE' is an uninstalled dependency (needed in files ['usr/lib/sk1-wx-2.0rc5/sk1/context/circle.py'])
sk1 W: Referenced python module 'reportlab.pdfbase.pdfdoc.PDFInfo' is an uninstalled dependency (needed in files ['usr/lib/sk1-wx-2.0rc5/uc2/formats/pdf/pdfgen.py'])
sk1 W: Referenced python module 'sk1.events.DOC_MODIFIED' is an uninstalled dependency (needed in files ['usr/lib/sk1-wx-2.0rc5/sk1/app_actions.py'])
sk1 W: Referenced python module 'uc2.formats.wmf.wmf_utils.get_data' is an uninstalled dependency (needed in files ['usr/lib/sk1-wx-2.0rc5/uc2/formats/wmf/wmf_translators.py'])
sk1 W: Referenced python module 'uc2.formats.xar.xar_method.make_record_header' is an uninstalled dependency (needed in files ['usr/lib/sk1-wx-2.0rc5/uc2/formats/xar/xar_filters.py'])
sk1 W: Referenced python module 'cwrap.create_cpath' is an uninstalled dependency (needed in files ['usr/lib/sk1-wx-2.0rc5/uc2/libgeom/shaping.py', 'usr/lib/sk1-wx-2.0rc5/uc2/libgeom/bezier_ops.py'])
sk1 W: Referenced python module 'sk1.modes.RECT_MODE' is an uninstalled dependency (needed in files ['usr/lib/sk1-wx-2.0rc5/sk1/app_actions.py'])
sk1 W: Referenced python module 'acc_keys.GENERIC_KEYS' is an uninstalled dependency (needed in files ['usr/lib/sk1-wx-2.0rc5/sk1/resources/__init__.py'])
sk1 W: Referenced python module 'colorbtn.PDColorButton' is an uninstalled dependency (needed in files ['usr/lib/sk1-wx-2.0rc5/sk1/pwidgets/patternctrls.py', 'usr/lib/sk1-wx-2.0rc5/sk1/pwidgets/gradientctrls.py'])
sk1 W: Referenced python module 'uc2.formats.wmf.wmf_const.STRUCT_HEADER' is an uninstalled dependency (needed in files ['usr/lib/sk1-wx-2.0rc5/uc2/formats/wmf/wmf_filters.py'])
sk1 W: Referenced python module 'sk1.appconst.SNAP_TO_GUIDES' is an uninstalled dependency (needed in files ['usr/lib/sk1-wx-2.0rc5/sk1/document/snapping.py'])
sk1 W: Referenced python module 'uc2.formats.fig.fig_presenter.FIG_Presenter' is an uninstalled dependency (needed in files ['usr/lib/sk1-wx-2.0rc5/uc2/formats/fig/__init__.py'])
sk1 W: Referenced python module 'panels.PrinterPanel' is an uninstalled dependency (needed in files ['usr/lib/sk1-wx-2.0rc5/sk1/printing/printdlg/__init__.py'])
sk1 W: Referenced python module 'uc2.formats.sk.sk_filters.SK_Loader' is an uninstalled dependency (needed in files ['usr/lib/sk1-wx-2.0rc5/uc2/formats/sk/sk_presenter.py'])
sk1 W: Referenced python module 'sk1.modes.ZOOM_OUT_MODE' is an uninstalled dependency (needed in files ['usr/lib/sk1-wx-2.0rc5/sk1/app_actions.py'])
sk1 W: Referenced python module 'uc2.formats.soc.soc_model.SOC_Palette' is an uninstalled dependency (needed in files ['usr/lib/sk1-wx-2.0rc5/uc2/formats/soc/soc_presenter.py'])
sk1 W: Referenced python module 'wal.VLine' is an uninstalled dependency (needed in files ['usr/lib/sk1-wx-2.0rc5/sk1/context/page_format.py'])
sk1 W: Referenced python module 'sk1.document.ruler.RulerCorner' is an uninstalled dependency (needed in files ['usr/lib/sk1-wx-2.0rc5/sk1/document/presenter.py'])
sk1 W: Referenced python module 'uc2.utils.fsutils.getsize' is an uninstalled dependency (needed in files ['usr/lib/sk1-wx-2.0rc5/uc2/formats/generic_filters.py'])
sk1 W: Referenced python module 'uc2.formats.cdr.cdr_const.cdrunit_to_pt' is an uninstalled dependency (needed in files ['usr/lib/sk1-wx-2.0rc5/uc2/formats/cdr/cdr_utils.py'])
sk1 W: Referenced python module 'trafo.apply_trafo_to_point' is an uninstalled dependency (needed in files ['usr/lib/sk1-wx-2.0rc5/uc2/libgeom/points.py'])
sk1 W: Referenced python module 'uc2.utils.system' is an uninstalled dependency (needed in files ['usr/lib/sk1-wx-2.0rc5/uc2/utils/fsutils.py', 'usr/lib/sk1-wx-2.0rc5/sk1/app_conf.py'])
sk1 W: Referenced python module 'sk1.appconst.SNAP_TO_GRID' is an uninstalled dependency (needed in files ['usr/lib/sk1-wx-2.0rc5/sk1/document/snapping.py'])
sk1 W: Referenced python module 'propsdlg.CUPS_PrnPropsDialog' is an uninstalled dependency (needed in files ['usr/lib/sk1-wx-2.0rc5/sk1/printing/cups_print.py'])
sk1 W: Referenced python module 'wal.new_id' is an uninstalled dependency (needed in files ['usr/lib/sk1-wx-2.0rc5/sk1/resources/pdids.py'])
sk1 W: Referenced python module 'uc2.sk2const.SK2VER' is an uninstalled dependency (needed in files ['usr/lib/sk1-wx-2.0rc5/uc2/formats/sk2/__init__.py'])
sk1 W: Referenced python module 'uc2.formats.cpl.cpl_model.CPL12_Color' is an uninstalled dependency (needed in files ['usr/lib/sk1-wx-2.0rc5/uc2/formats/cpl/cpl_presenter.py'])
sk1 W: Referenced python module 'uc2.formats.sk2.sk2_methods.create_new_doc' is an uninstalled dependency (needed in files ['usr/lib/sk1-wx-2.0rc5/uc2/formats/sk2/sk2_presenter.py'])
sk1 W: Referenced python module 'sk1.printing.msw_print.MSW_PS' is an uninstalled dependency (needed in files ['usr/lib/sk1-wx-2.0rc5/sk1/prefs/prefs_printers.py', 'usr/lib/sk1-wx-2.0rc5/sk1/printing/printdlg/__init__.py'])
sk1 W: Referenced python module 'transforms.ScaleTransform' is an uninstalled dependency (needed in files ['usr/lib/sk1-wx-2.0rc5/sk1/share/pd_plugins/transform_plugin/__init__.py'])
sk1 W: Referenced python module 'sk1.dialogs.aboutdlg_license.LICENSE' is an uninstalled dependency (needed in files ['usr/lib/sk1-wx-2.0rc5/sk1/dialogs/aboutdlg.py'])
sk1 W: Referenced python module 'uc2.formats.sk1.model' is an uninstalled dependency (needed in files ['usr/lib/sk1-wx-2.0rc5/uc2/formats/sk1/methods.py', 'usr/lib/sk1-wx-2.0rc5/uc2/formats/sk1/__init__.py'])
sk1 W: Referenced python module 'editor_text.TextEditor' is an uninstalled dependency (needed in files ['usr/lib/sk1-wx-2.0rc5/sk1/document/controllers/__init__.py'])
sk1 W: Referenced python module 'uc2.uc2const' is an uninstalled dependency (needed in files ['usr/lib/sk1-wx-2.0rc5/uc2/formats/edr_pal/edr_presenter.py', 'usr/lib/sk1-wx-2.0rc5/uc2/cmds/help.py', 'usr/lib/sk1-wx-2.0rc5/sk1/app_cms.py', 'usr/lib/sk1-wx-2.0rc5/sk1/prefs/prefs_printers.py', 'usr/lib/sk1-wx-2.0rc5/uc2/formats/ase/ase_presenter.py', 'usr/lib/sk1-wx-2.0rc5/sk1/app_conf.py', 'usr/lib/sk1-wx-2.0rc5/uc2/formats/cgm/cgm_from_sk2.py', 'usr/lib/sk1-wx-2.0rc5/uc2/formats/dst/dst_presenter.py', 'usr/lib/sk1-wx-2.0rc5/uc2/formats/fig/__init__.py', 'usr/lib/sk1-wx-2.0rc5/sk1/document/presenter.py', 'usr/lib/sk1-wx-2.0rc5/sk1/app_insp.py', 'usr/lib/sk1-wx-2.0rc5/sk1/printing/propsdlg/pdfpropsdlg.py', 'usr/lib/sk1-wx-2.0rc5/uc2/formats/corel_pal/corel_pal_presenter.py', 'usr/lib/sk1-wx-2.0rc5/uc2/formats/sk1/model.py', 'usr/lib/sk1-wx-2.0rc5/sk1/printing/printout.py', 'usr/lib/sk1-wx-2.0rc5/uc2/formats/plt/plt_presenter.py', 'usr/lib/sk1-wx-2.0rc5/sk1/pwidgets/unitctrls.py', 'usr/lib/sk1-wx-2.0rc5/uc2/formats/pdxf/pdxf_config.py', 'usr/lib/sk1-wx-2.0rc5/uc2/formats/sk/__init__.py', 'usr/lib/sk1-wx-2.0rc5/uc2/formats/cgm/cgm_presenter.py', 'usr/lib/sk1-wx-2.0rc5/uc2/formats/cmx/__init__.py', 'usr/lib/sk1-wx-2.0rc5/uc2/formats/cmx/cmx_presenter.py', 'usr/lib/sk1-wx-2.0rc5/sk1/pwidgets/surfaces.py', 'usr/lib/sk1-wx-2.0rc5/uc2/formats/pdxf/model.py', 'usr/lib/sk1-wx-2.0rc5/uc2/formats/scribus_pal/scribus_pal_presenter.py', 'usr/lib/sk1-wx-2.0rc5/uc2/formats/sk/sk_translators.py', 'usr/lib/sk1-wx-2.0rc5/uc2/formats/dst/dst_to_sk2.py', 'usr/lib/sk1-wx-2.0rc5/uc2/formats/cdr/__init__.py', 'usr/lib/sk1-wx-2.0rc5/sk1/app_proxy.py', 'usr/lib/sk1-wx-2.0rc5/uc2/formats/aco/aco_presenter.py', 'usr/lib/sk1-wx-2.0rc5/uc2/formats/fig/fig_methods.py', 'usr/lib/sk1-wx-2.0rc5/uc2/app_cms.py', 'usr/lib/sk1-wx-2.0rc5/uc2/formats/cmx/cmx_from_sk2.py', 'usr/lib/sk1-wx-2.0rc5/sk1/dialogs/pagedlg.py', 'usr/lib/sk1-wx-2.0rc5/uc2/formats/sk1/__init__.py', 'usr/lib/sk1-wx-2.0rc5/uc2/formats/wmf/wmf_translators.py', 'usr/lib/sk1-wx-2.0rc5/uc2/libcairo/__init__.py', 'usr/lib/sk1-wx-2.0rc5/sk1/printing/printdlg/ruler.py', 'usr/lib/sk1-wx-2.0rc5/uc2/formats/cpl/cpl_presenter.py', 'usr/lib/sk1-wx-2.0rc5/uc2/formats/jcw/jcw_utils.py', 'usr/lib/sk1-wx-2.0rc5/sk1/pwidgets/colorctrls.py', 'usr/lib/sk1-wx-2.0rc5/uc2/formats/fig/fig_translators.py', 'usr/lib/sk1-wx-2.0rc5/uc2/formats/pes/pes_presenter.py', 'usr/lib/sk1-wx-2.0rc5/uc2/cms/__init__.py', 'usr/lib/sk1-wx-2.0rc5/uc2/formats/soc/soc_presenter.py', 'usr/lib/sk1-wx-2.0rc5/sk1/share/pd_plugins/iconizer/__init__.py', 'usr/lib/sk1-wx-2.0rc5/uc2/formats/fig/fig_presenter.py', 'usr/lib/sk1-wx-2.0rc5/uc2/formats/cgm/__init__.py', 'usr/lib/sk1-wx-2.0rc5/sk1/dialogs/logconsole.py', 'usr/lib/sk1-wx-2.0rc5/sk1/dialogs/strokedlg.py', 'usr/lib/sk1-wx-2.0rc5/sk1/document/snapping.py', 'usr/lib/sk1-wx-2.0rc5/sk1/dialogs/docprops.py', 'usr/lib/sk1-wx-2.0rc5/uc2/formats/sk1/sk1_const.py', 'usr/lib/sk1-wx-2.0rc5/uc2/formats/svg/svg_presenter.py', 'usr/lib/sk1-wx-2.0rc5/uc2/formats/dst/dst_from_sk2.py', 'usr/lib/sk1-wx-2.0rc5/sk1/dialogs/aboutdlg.py', 'usr/lib/sk1-wx-2.0rc5/sk1/dialogs/colordlg.py', 'usr/lib/sk1-wx-2.0rc5/uc2/formats/xml_/xml_presenter.py', 'usr/lib/sk1-wx-2.0rc5/uc2/formats/sk1/sk1_translators.py', 'usr/lib/sk1-wx-2.0rc5/uc2/formats/sk2/sk2_config.py', 'usr/lib/sk1-wx-2.0rc5/sk1/printing/cups_print.py', 'usr/lib/sk1-wx-2.0rc5/uc2/formats/cdr/cdr_presenter.py', 'usr/lib/sk1-wx-2.0rc5/uc2/formats/pes/pes_translators.py', 'usr/lib/sk1-wx-2.0rc5/uc2/formats/xar/__init__.py', 'usr/lib/sk1-wx-2.0rc5/sk1/document/api.py', 'usr/lib/sk1-wx-2.0rc5/uc2/formats/cdr/cdr_utils.py', 'usr/lib/sk1-wx-2.0rc5/uc2/formats/fallback.py', 'usr/lib/sk1-wx-2.0rc5/uc2/cmds/const.py', 'usr/lib/sk1-wx-2.0rc5/uc2/formats/riff/presenter.py', 'usr/lib/sk1-wx-2.0rc5/uc2/formats/svg/__init__.py', 'usr/lib/sk1-wx-2.0rc5/uc2/uc2conf.py', 'usr/lib/sk1-wx-2.0rc5/uc2/formats/wmf/__init__.py', 'usr/lib/sk1-wx-2.0rc5/sk1/app_palettes.py', 'usr/lib/sk1-wx-2.0rc5/uc2/formats/xar/xar_presenter.py', 'usr/lib/sk1-wx-2.0rc5/sk1/printing/msw_print.py', 'usr/lib/sk1-wx-2.0rc5/sk1/printing/pdf_printer.py', 'usr/lib/sk1-wx-2.0rc5/uc2/formats/dst/dst_const.py', 'usr/lib/sk1-wx-2.0rc5/uc2/formats/cdr/cdr_const.py', 'usr/lib/sk1-wx-2.0rc5/sk1/document/controllers/guide_ctrl.py', 'usr/lib/sk1-wx-2.0rc5/uc2/cms/libcms.py', 'usr/lib/sk1-wx-2.0rc5/uc2/formats/pdxf/methods.py', 'usr/lib/sk1-wx-2.0rc5/uc2/formats/svgz/__init__.py', 'usr/lib/sk1-wx-2.0rc5/uc2/formats/sk2/sk2_methods.py', 'usr/lib/sk1-wx-2.0rc5/uc2/formats/sk/sk_presenter.py', 'usr/lib/sk1-wx-2.0rc5/sk1/document/ruler.py', 'usr/lib/sk1-wx-2.0rc5/uc2/formats/aco/aco_const.py', 'usr/lib/sk1-wx-2.0rc5/sk1/printing/generic.py', 'usr/lib/sk1-wx-2.0rc5/uc2/formats/cdrz/const.py', 'usr/lib/sk1-wx-2.0rc5/sk1/document/renderer.py', 'usr/lib/sk1-wx-2.0rc5/uc2/formats/xar/xar_translators.py', 'usr/lib/sk1-wx-2.0rc5/uc2/formats/__init__.py', 'usr/lib/sk1-wx-2.0rc5/uc2/libimg/handlers.py', 'usr/lib/sk1-wx-2.0rc5/uc2/formats/wmf/wmf_presenter.py', 'usr/lib/sk1-wx-2.0rc5/uc2/formats/md/md_presenter.py', 'usr/lib/sk1-wx-2.0rc5/uc2/formats/pdf/pdfgen.py', 'usr/lib/sk1-wx-2.0rc5/uc2/cmds/translate.py', 'usr/lib/sk1-wx-2.0rc5/uc2/formats/sk1/presenter.py', 'usr/lib/sk1-wx-2.0rc5/uc2/formats/sk2/sk2_model.py', 'usr/lib/sk1-wx-2.0rc5/uc2/formats/gpl/gpl_presenter.py', 'usr/lib/sk1-wx-2.0rc5/uc2/sk2const.py', 'usr/lib/sk1-wx-2.0rc5/sk1/application.py', 'usr/lib/sk1-wx-2.0rc5/sk1/dialogs/docinfodlg.py', 'usr/lib/sk1-wx-2.0rc5/uc2/formats/cgm/cgm_to_sk2.py', 'usr/lib/sk1-wx-2.0rc5/sk1/document/controllers/grad_ctrl.py', 'usr/lib/sk1-wx-2.0rc5/uc2/formats/ccx/__init__.py', 'usr/lib/sk1-wx-2.0rc5/uc2/formats/jcw/jcw_presenter.py', 'usr/lib/sk1-wx-2.0rc5/uc2/formats/sk/sk_const.py', 'usr/lib/sk1-wx-2.0rc5/sk1/pwidgets/fillctrls.py', 'usr/lib/sk1-wx-2.0rc5/uc2/formats/sk/sk_model.py', 'usr/lib/sk1-wx-2.0rc5/uc2/formats/cdrz/presenter.py', 'usr/lib/sk1-wx-2.0rc5/uc2/formats/sk2/sk2_presenter.py', 'usr/lib/sk1-wx-2.0rc5/uc2/formats/pdxf/presenter.py', 'usr/lib/sk1-wx-2.0rc5/sk1/parts/mdiarea.py', 'usr/lib/sk1-wx-2.0rc5/sk1/printing/propsdlg/cupspropsdlg.py', 'usr/lib/sk1-wx-2.0rc5/uc2/formats/skp/skp_presenter.py', 'usr/lib/sk1-wx-2.0rc5/sk1/printing/printrend.py', 'usr/lib/sk1-wx-2.0rc5/sk1/dialogs/filedlgs.py', 'usr/lib/sk1-wx-2.0rc5/uc2/cmds/configure.py', 'usr/lib/sk1-wx-2.0rc5/uc2/formats/pes/pes_const.py', 'usr/lib/sk1-wx-2.0rc5/uc2/formats/cmx/cmx_to_sk2.py', 'usr/lib/sk1-wx-2.0rc5/sk1/pwidgets/gradientctrls.py', 'usr/lib/sk1-wx-2.0rc5/uc2/formats/generic.py'])
sk1 W: Referenced python module 'uc2.formats.sk2.arrows' is an uninstalled dependency (needed in files ['usr/lib/sk1-wx-2.0rc5/sk1/pwidgets/strokectrls.py'])
sk1 W: Referenced python module 'guide_ctrl.GuideController' is an uninstalled dependency (needed in files ['usr/lib/sk1-wx-2.0rc5/sk1/document/controllers/__init__.py'])
sk1 W: Referenced python module 'uc2.formats.soc.soc_const.SOC_PAL_OO_ATTRS' is an uninstalled dependency (needed in files ['usr/lib/sk1-wx-2.0rc5/uc2/formats/soc/soc_filters.py'])
sk1 W: Referenced python module 'uc2.formats.wmf.wmf_utils.rndpoint' is an uninstalled dependency (needed in files ['usr/lib/sk1-wx-2.0rc5/uc2/formats/wmf/wmf_translators.py'])
sk1 W: Referenced python module 'cmyk_profile_rc' is an uninstalled dependency (needed in files ['usr/lib/sk1-wx-2.0rc5/uc2/cms/libcms.py'])
sk1 W: Referenced python module 'uc2.formats.edr_pal.edr_model.EDR_Palette' is an uninstalled dependency (needed in files ['usr/lib/sk1-wx-2.0rc5/uc2/formats/edr_pal/edr_presenter.py'])
sk1 W: Referenced python module 'uc2.formats.xar.zipio.ZipIO' is an uninstalled dependency (needed in files ['usr/lib/sk1-wx-2.0rc5/uc2/formats/xar/xar_filters.py'])
sk1 W: Referenced python module 'wx.adv.Animation' is an uninstalled dependency (needed in files ['usr/lib/sk1-wx-2.0rc5/wal/widgets/images.py'])
sk1 W: Referenced python module 'unitctrls.UnitSpin' is an uninstalled dependency (needed in files ['usr/lib/sk1-wx-2.0rc5/sk1/pwidgets/__init__.py', 'usr/lib/sk1-wx-2.0rc5/sk1/pwidgets/patternctrls.py'])
sk1 W: Referenced python module 'uc2.sk2const.NODE_SMOOTH' is an uninstalled dependency (needed in files ['usr/lib/sk1-wx-2.0rc5/uc2/formats/cdr/cdr_model.py'])
sk1 W: Referenced python module 'sk1.context.TEXT_CREATING' is an uninstalled dependency (needed in files ['usr/lib/sk1-wx-2.0rc5/sk1/parts/ctxpanel.py'])
sk1 W: Referenced python module 'uc2.formats.plt.plt_filters.PLT_Loader' is an uninstalled dependency (needed in files ['usr/lib/sk1-wx-2.0rc5/uc2/formats/plt/plt_presenter.py'])
sk1 W: Referenced python module 'strokectrls.ArrowChoice' is an uninstalled dependency (needed in files ['usr/lib/sk1-wx-2.0rc5/sk1/pwidgets/__init__.py'])
sk1 W: Referenced python module 'uc2.formats.skp.skp_const.SKP_ID' is an uninstalled dependency (needed in files ['usr/lib/sk1-wx-2.0rc5/uc2/formats/skp/__init__.py'])
sk1 W: Referenced python module 'uc2.formats.sk.sk_filters.SK_Saver' is an uninstalled dependency (needed in files ['usr/lib/sk1-wx-2.0rc5/uc2/formats/sk/sk_presenter.py'])
sk1 W: Referenced python module 'sk1.events.MODE_CHANGED' is an uninstalled dependency (needed in files ['usr/lib/sk1-wx-2.0rc5/sk1/app_actions.py'])
sk1 W: Referenced python module 'uc2.formats.edr_pal.edr_pal_loader' is an uninstalled dependency (needed in files ['usr/lib/sk1-wx-2.0rc5/uc2/formats/dst/dst_colors.py'])
sk1 W: Referenced python module 'uc2.formats.ase.ase_config.ASE_Config' is an uninstalled dependency (needed in files ['usr/lib/sk1-wx-2.0rc5/uc2/formats/ase/ase_presenter.py'])
sk1 W: Referenced python module 'sk1.events.PAGE_CHANGED' is an uninstalled dependency (needed in files ['usr/lib/sk1-wx-2.0rc5/sk1/app_actions.py'])
sk1 W: Referenced python module 'uc2.cms.val_255' is an uninstalled dependency (needed in files ['usr/lib/sk1-wx-2.0rc5/sk1/app_cms.py', 'usr/lib/sk1-wx-2.0rc5/uc2/app_cms.py', 'usr/lib/sk1-wx-2.0rc5/uc2/libimg/handlers.py'])
sk1 W: Referenced python module 'sk1.parts.palettepanel.AppHPalette' is an uninstalled dependency (needed in files ['usr/lib/sk1-wx-2.0rc5/sk1/parts/mdiarea.py'])
sk1 W: Referenced python module 'PIL.Image' is an uninstalled dependency (needed in files ['usr/lib/sk1-wx-2.0rc5/uc2/libimg/handlers.py', 'usr/lib/sk1-wx-2.0rc5/wal/utils.py', 'usr/lib/sk1-wx-2.0rc5/uc2/libimg/__init__.py', 'usr/lib/sk1-wx-2.0rc5/uc2/formats/sk1/sk1_translators.py', 'usr/lib/sk1-wx-2.0rc5/uc2/formats/sk/sk_model.py', 'usr/lib/sk1-wx-2.0rc5/uc2/formats/sk1/model.py', 'usr/lib/sk1-wx-2.0rc5/uc2/cms/libcms.py'])
sk1 W: Referenced python module 'colorctrls.CmykMixer' is an uninstalled dependency (needed in files ['usr/lib/sk1-wx-2.0rc5/sk1/pwidgets/fillctrls.py'])
sk1 W: Referenced python module 'sk1.context.CIRCLE' is an uninstalled dependency (needed in files ['usr/lib/sk1-wx-2.0rc5/sk1/parts/ctxpanel.py'])
sk1 W: Referenced python module 'gradientctrls.GradientMiniPalette' is an uninstalled dependency (needed in files ['usr/lib/sk1-wx-2.0rc5/sk1/pwidgets/fillctrls.py'])
sk1 W: Referenced python module 'uc2.formats.generic_filters.AbstractLoader' is an uninstalled dependency (needed in files ['usr/lib/sk1-wx-2.0rc5/uc2/formats/sk1/sk1_loaders.py', 'usr/lib/sk1-wx-2.0rc5/uc2/formats/pes/pes_filters.py', 'usr/lib/sk1-wx-2.0rc5/uc2/formats/md/md_model.py', 'usr/lib/sk1-wx-2.0rc5/uc2/formats/plt/plt_filters.py', 'usr/lib/sk1-wx-2.0rc5/uc2/formats/riff/riff_filters.py', 'usr/lib/sk1-wx-2.0rc5/uc2/formats/xar/xar_filters.py', 'usr/lib/sk1-wx-2.0rc5/uc2/formats/cdr/cdr_filters.py', 'usr/lib/sk1-wx-2.0rc5/uc2/formats/dst/dst_filters.py', 'usr/lib/sk1-wx-2.0rc5/uc2/formats/fig/fig_filters.py', 'usr/lib/sk1-wx-2.0rc5/uc2/formats/gpl/gpl_filters.py'])
sk1 W: Referenced python module 'colorctrls.RgbMixer' is an uninstalled dependency (needed in files ['usr/lib/sk1-wx-2.0rc5/sk1/pwidgets/fillctrls.py'])
sk1 W: Referenced python module 'uc2.utils' is an uninstalled dependency (needed in files ['usr/lib/sk1-wx-2.0rc5/uc2/formats/generic_filters.py', 'usr/lib/sk1-wx-2.0rc5/uc2/formats/cmx/cmx_model.py', 'usr/lib/sk1-wx-2.0rc5/uc2/formats/cmx/cmx_to_sk2.py', 'usr/lib/sk1-wx-2.0rc5/uc2/formats/cgm/__init__.py', 'usr/lib/sk1-wx-2.0rc5/uc2/formats/cmx/cmx_from_sk2.py', 'usr/lib/sk1-wx-2.0rc5/uc2/formats/cmx/cmx_instr.py', 'usr/lib/sk1-wx-2.0rc5/uc2/formats/cgm/cgm_from_sk2.py', 'usr/lib/sk1-wx-2.0rc5/uc2/formats/cgm/cgm_utils.py', 'usr/lib/sk1-wx-2.0rc5/uc2/formats/cpl/cpl_model.py', 'usr/lib/sk1-wx-2.0rc5/uc2/formats/cmx/cmx_filters.py', 'usr/lib/sk1-wx-2.0rc5/uc2/formats/cgm/cgm_to_sk2.py', 'usr/lib/sk1-wx-2.0rc5/uc2/formats/jcw/jcw_model.py', 'usr/lib/sk1-wx-2.0rc5/uc2/formats/wmf/wmf_model.py', 'usr/lib/sk1-wx-2.0rc5/uc2/formats/wmf/wmf_translators.py'])
sk1 W: Referenced python module 'sk1.pwidgets.CapChoice' is an uninstalled dependency (needed in files ['usr/lib/sk1-wx-2.0rc5/sk1/dialogs/strokedlg.py'])
sk1 W: Referenced python module 'sk1.context.PLUGINS' is an uninstalled dependency (needed in files ['usr/lib/sk1-wx-2.0rc5/sk1/parts/ctxpanel.py'])
sk1 W: Referenced python module 'uc2.formats.riff.model.RiffList' is an uninstalled dependency (needed in files ['usr/lib/sk1-wx-2.0rc5/uc2/formats/cdr/cdr_model.py'])
sk1 W: Referenced python module 'sk1.events.DOC_SAVED' is an uninstalled dependency (needed in files ['usr/lib/sk1-wx-2.0rc5/sk1/app_actions.py'])
sk1 W: Referenced python module 'uc2.formats.xml_.xml_filters.Advanced_XML_Loader' is an uninstalled dependency (needed in files ['usr/lib/sk1-wx-2.0rc5/uc2/formats/svg/svg_presenter.py'])
sk1 W: Referenced python module 'uc2.uc2const.in_to_pt' is an uninstalled dependency (needed in files ['usr/lib/sk1-wx-2.0rc5/uc2/formats/xar/xar_datatype.py'])
sk1 W: Referenced python module 'sk1.pwidgets.SbFillSwatch' is an uninstalled dependency (needed in files ['usr/lib/sk1-wx-2.0rc5/sk1/parts/statusbar.py'])
sk1 W: Referenced python module 'cairo' is an uninstalled dependency (needed in files ['usr/lib/sk1-wx-2.0rc5/uc2/libpango/core.py', 'usr/lib/sk1-wx-2.0rc5/uc2/libcairo/__init__.py', 'usr/lib/sk1-wx-2.0rc5/uc2/libgeom/shaping.py', 'usr/lib/sk1-wx-2.0rc5/sk1/printing/printdlg/ruler.py', 'usr/lib/sk1-wx-2.0rc5/sk1/pwidgets/colorctrls.py', 'usr/lib/sk1-wx-2.0rc5/uc2/formats/fig/crenderer.py', 'usr/lib/sk1-wx-2.0rc5/uc2/formats/sk2/crenderer.py', 'usr/lib/sk1-wx-2.0rc5/sk1/printing/printout.py', 'usr/lib/sk1-wx-2.0rc5/sk1/document/canvas.py', 'usr/lib/sk1-wx-2.0rc5/sk1/share/pd_plugins/iconizer/__init__.py', 'usr/lib/sk1-wx-2.0rc5/sk1/prefs/prefs_ruler.py', 'usr/lib/sk1-wx-2.0rc5/uc2/libpango/paths.py', 'usr/lib/sk1-wx-2.0rc5/sk1/pwidgets/fontctrl.py', 'usr/lib/sk1-wx-2.0rc5/sk1/document/ruler.py', 'usr/lib/sk1-wx-2.0rc5/wal/utils.py', 'usr/lib/sk1-wx-2.0rc5/uc2/libimg/__init__.py', 'usr/lib/sk1-wx-2.0rc5/sk1/printing/printdlg/canvas.py', 'usr/lib/sk1-wx-2.0rc5/sk1/pwidgets/strokectrls.py', 'usr/lib/sk1-wx-2.0rc5/uc2/formats/pdxf/crenderer.py', 'usr/lib/sk1-wx-2.0rc5/sk1/document/renderer.py', 'usr/lib/sk1-wx-2.0rc5/uc2/formats/png/__init__.py'])
sk1 W: Referenced python module 'uc2.uc2const.IMAGE_GRAY' is an uninstalled dependency (needed in files ['usr/lib/sk1-wx-2.0rc5/uc2/cms/__init__.py'])
sk1 W: Referenced python module 'uc2._' is an uninstalled dependency (needed in files ['usr/lib/sk1-wx-2.0rc5/uc2/formats/generic_filters.py', 'usr/lib/sk1-wx-2.0rc5/uc2/formats/cdr/cdr_presenter.py', 'usr/lib/sk1-wx-2.0rc5/uc2/formats/pes/pes_translators.py', 'usr/lib/sk1-wx-2.0rc5/uc2/formats/sk2/sk2_model.py', 'usr/lib/sk1-wx-2.0rc5/uc2/formats/pdf/pdfgen.py', 'usr/lib/sk1-wx-2.0rc5/uc2/uc2const.py', 'usr/lib/sk1-wx-2.0rc5/uc2/formats/sk1/model.py', 'usr/lib/sk1-wx-2.0rc5/uc2/formats/cgm/cgm_to_sk2.py', 'usr/lib/sk1-wx-2.0rc5/uc2/formats/sk2/__init__.py', 'usr/lib/sk1-wx-2.0rc5/uc2/formats/sk/sk_model.py', 'usr/lib/sk1-wx-2.0rc5/uc2/formats/pdxf/methods.py', 'usr/lib/sk1-wx-2.0rc5/uc2/formats/sk2/sk2_methods.py', 'usr/lib/sk1-wx-2.0rc5/uc2/formats/pdxf/model.py', 'usr/lib/sk1-wx-2.0rc5/uc2/formats/dst/dst_from_sk2.py', 'usr/lib/sk1-wx-2.0rc5/uc2/utils/fsutils.py', 'usr/lib/sk1-wx-2.0rc5/uc2/formats/xar/xar_translators.py', 'usr/lib/sk1-wx-2.0rc5/uc2/formats/cdr/cdr_filters.py', 'usr/lib/sk1-wx-2.0rc5/uc2/formats/dst/dst_to_sk2.py', 'usr/lib/sk1-wx-2.0rc5/uc2/formats/sk2/sk2_cids.py', 'usr/lib/sk1-wx-2.0rc5/uc2/formats/plt/plt_translators.py', 'usr/lib/sk1-wx-2.0rc5/uc2/formats/generic.py'])
sk1 W: Referenced python module 'uc2.formats.riff.model' is an uninstalled dependency (needed in files ['usr/lib/sk1-wx-2.0rc5/uc2/formats/cdrz/cdrz_filters.py', 'usr/lib/sk1-wx-2.0rc5/uc2/formats/cdr/cdr_presenter.py', 'usr/lib/sk1-wx-2.0rc5/uc2/formats/riff/presenter.py', 'usr/lib/sk1-wx-2.0rc5/uc2/formats/riff/riff_filters.py', 'usr/lib/sk1-wx-2.0rc5/uc2/formats/cdr/cdr_filters.py', 'usr/lib/sk1-wx-2.0rc5/uc2/formats/cdrz/presenter.py'])
sk1 W: Referenced python module 'uc2.formats.gpl.gpl_const.GPL_HEADER' is an uninstalled dependency (needed in files ['usr/lib/sk1-wx-2.0rc5/uc2/formats/gpl/__init__.py', 'usr/lib/sk1-wx-2.0rc5/uc2/formats/gpl/gpl_filters.py'])
sk1 W: Referenced python module 'uc2.formats.pes.pes_config.PES_Config' is an uninstalled dependency (needed in files ['usr/lib/sk1-wx-2.0rc5/uc2/formats/pes/pes_presenter.py'])
sk1 W: Referenced python module 'uc2.formats.sk1.methods.SK1_Methods' is an uninstalled dependency (needed in files ['usr/lib/sk1-wx-2.0rc5/uc2/formats/sk1/presenter.py'])
sk1 W: Referenced python module 'uc2.formats.cgm.cgm_filters' is an uninstalled dependency (needed in files ['usr/lib/sk1-wx-2.0rc5/uc2/formats/cgm/cgm_presenter.py'])
sk1 W: Referenced python module 'model' is an uninstalled dependency (needed in files ['usr/lib/sk1-wx-2.0rc5/uc2/formats/sk1/sk1_translators.py'])
sk1 W: Referenced python module 'bbox.sum_bbox' is an uninstalled dependency (needed in files ['usr/lib/sk1-wx-2.0rc5/uc2/libgeom/shaping.py'])
sk1 W: Referenced python module 'uc2.sk2const.FILL_SOLID' is an uninstalled dependency (needed in files ['usr/lib/sk1-wx-2.0rc5/sk1/dialogs/docprops.py', 'usr/lib/sk1-wx-2.0rc5/uc2/formats/cdr/cdr_translators.py'])
sk1 W: Referenced python module 'uc2.libimg.magickwand' is an uninstalled dependency (needed in files ['usr/lib/sk1-wx-2.0rc5/uc2/libimg/__init__.py'])
sk1 W: Referenced python module 'uc2.formats.cdr.cdr_const.CDR_COLOR_LAB2' is an uninstalled dependency (needed in files ['usr/lib/sk1-wx-2.0rc5/uc2/formats/cdr/cdr_utils.py'])
sk1 W: Referenced python module 'libcms' is an uninstalled dependency (needed in files ['usr/lib/sk1-wx-2.0rc5/uc2/cms/__init__.py'])
sk1 W: Referenced python module 'sk1.modes.GRAD_MODES' is an uninstalled dependency (needed in files ['usr/lib/sk1-wx-2.0rc5/sk1/app_actions.py'])
sk1 W: Referenced python module 'uc2.utils.sconfig.SerializedConfig' is an uninstalled dependency (needed in files ['usr/lib/sk1-wx-2.0rc5/uc2/uc2conf.py'])
sk1 W: Referenced python module 'editor_polygon.PolygonEditor' is an uninstalled dependency (needed in files ['usr/lib/sk1-wx-2.0rc5/sk1/document/controllers/__init__.py'])
sk1 W: Referenced python module 'uc2.formats.cmx.cmx_config.CMX_Config' is an uninstalled dependency (needed in files ['usr/lib/sk1-wx-2.0rc5/uc2/formats/cmx/cmx_presenter.py'])
sk1 W: Referenced python module 'uc2.formats.jcw.jcw_const.JCW_RGB' is an uninstalled dependency (needed in files ['usr/lib/sk1-wx-2.0rc5/uc2/formats/jcw/jcw_utils.py', 'usr/lib/sk1-wx-2.0rc5/uc2/formats/jcw/jcw_presenter.py'])
sk1 W: Referenced python module 'sk1.document.eventloop.EventLoop' is an uninstalled dependency (needed in files ['usr/lib/sk1-wx-2.0rc5/sk1/document/presenter.py'])
sk1 W: Referenced python module 'unitctrls.StaticUnitLabel' is an uninstalled dependency (needed in files ['usr/lib/sk1-wx-2.0rc5/sk1/pwidgets/__init__.py', 'usr/lib/sk1-wx-2.0rc5/sk1/pwidgets/patternctrls.py'])
sk1 W: Referenced python module 'bezier_ops.reverse_path' is an uninstalled dependency (needed in files ['usr/lib/sk1-wx-2.0rc5/uc2/libgeom/text_on_path.py'])
sk1 W: Referenced python module 'sk1.pwidgets.StaticUnitSpin' is an uninstalled dependency (needed in files ['usr/lib/sk1-wx-2.0rc5/sk1/prefs/prefs_printers.py', 'usr/lib/sk1-wx-2.0rc5/sk1/printing/propsdlg/pdfpropsdlg.py', 'usr/lib/sk1-wx-2.0rc5/sk1/printing/propsdlg/cupspropsdlg.py'])
sk1 W: Referenced python module 'sk1.document.snapping.SnapManager' is an uninstalled dependency (needed in files ['usr/lib/sk1-wx-2.0rc5/sk1/document/presenter.py'])
sk1 W: Referenced python module 'colorctrls.GrayMixer' is an uninstalled dependency (needed in files ['usr/lib/sk1-wx-2.0rc5/sk1/pwidgets/fillctrls.py'])
sk1 W: Referenced python module 'uc2.formats.cmx.cmx_const' is an uninstalled dependency (needed in files ['usr/lib/sk1-wx-2.0rc5/uc2/formats/ccx/__init__.py', 'usr/lib/sk1-wx-2.0rc5/uc2/formats/cmx/cmx_model.py', 'usr/lib/sk1-wx-2.0rc5/uc2/formats/cmx/cmx_from_sk2.py', 'usr/lib/sk1-wx-2.0rc5/uc2/formats/cmx/cmx_instr.py', 'usr/lib/sk1-wx-2.0rc5/uc2/formats/cmx/__init__.py', 'usr/lib/sk1-wx-2.0rc5/uc2/formats/cmx/cmx_filters.py', 'usr/lib/sk1-wx-2.0rc5/uc2/formats/cmx/cmx_to_sk2.py'])
sk1 W: Referenced python module 'uc2.formats.cdr.cdr_const.CDR_COLOR_BGR' is an uninstalled dependency (needed in files ['usr/lib/sk1-wx-2.0rc5/uc2/formats/cdr/cdr_utils.py'])
sk1 W: Referenced python module 'palette.Palette' is an uninstalled dependency (needed in files ['usr/lib/sk1-wx-2.0rc5/sk1/pwidgets/__init__.py'])
sk1 W: Referenced python module 'uc2.libimg.handlers.EditableImageHandler' is an uninstalled dependency (needed in files ['usr/lib/sk1-wx-2.0rc5/uc2/formats/sk2/sk2_model.py'])
sk1 W: Referenced python module 'uc2.utils.config.XmlConfigParser' is an uninstalled dependency (needed in files ['usr/lib/sk1-wx-2.0rc5/uc2/formats/skp/skp_config.py', 'usr/lib/sk1-wx-2.0rc5/uc2/formats/cmx/cmx_config.py', 'usr/lib/sk1-wx-2.0rc5/uc2/formats/sk1/sk1_config.py', 'usr/lib/sk1-wx-2.0rc5/uc2/formats/plt/plt_config.py', 'usr/lib/sk1-wx-2.0rc5/uc2/formats/gpl/gpl_config.py', 'usr/lib/sk1-wx-2.0rc5/uc2/formats/riff/riff_config.py', 'usr/lib/sk1-wx-2.0rc5/uc2/formats/soc/soc_config.py', 'usr/lib/sk1-wx-2.0rc5/uc2/formats/sk/sk_config.py', 'usr/lib/sk1-wx-2.0rc5/uc2/formats/cgm/cgm_config.py', 'usr/lib/sk1-wx-2.0rc5/uc2/formats/cdr/cdr_config.py', 'usr/lib/sk1-wx-2.0rc5/uc2/formats/aco/aco_config.py', 'usr/lib/sk1-wx-2.0rc5/uc2/formats/svg/svg_config.py', 'usr/lib/sk1-wx-2.0rc5/uc2/formats/wmf/wmf_config.py', 'usr/lib/sk1-wx-2.0rc5/uc2/formats/cdrz/cdrz_config.py', 'usr/lib/sk1-wx-2.0rc5/sk1/share/pd_plugins/iconizer/__init__.py', 'usr/lib/sk1-wx-2.0rc5/uc2/formats/pdxf/pdxf_config.py', 'usr/lib/sk1-wx-2.0rc5/uc2/formats/dst/dst_config.py', 'usr/lib/sk1-wx-2.0rc5/uc2/formats/cpl/cpl_config.py', 'usr/lib/sk1-wx-2.0rc5/uc2/formats/xml_/xml_config.py', 'usr/lib/sk1-wx-2.0rc5/uc2/formats/fig/fig_config.py', 'usr/lib/sk1-wx-2.0rc5/uc2/formats/xar/xar_config.py', 'usr/lib/sk1-wx-2.0rc5/uc2/formats/pes/pes_config.py', 'usr/lib/sk1-wx-2.0rc5/uc2/formats/ase/ase_config.py', 'usr/lib/sk1-wx-2.0rc5/uc2/formats/jcw/jcw_config.py', 'usr/lib/sk1-wx-2.0rc5/uc2/formats/scribus_pal/scribus_pal_config.py', 'usr/lib/sk1-wx-2.0rc5/uc2/formats/sk2/sk2_config.py'])
sk1 W: Referenced python module 'uc2.formats.cmx.cmx_presenter.CMX_Presenter' is an uninstalled dependency (needed in files ['usr/lib/sk1-wx-2.0rc5/uc2/formats/cmx/__init__.py', 'usr/lib/sk1-wx-2.0rc5/uc2/formats/cdr/__init__.py', 'usr/lib/sk1-wx-2.0rc5/uc2/formats/ccx/__init__.py'])
sk1 W: Referenced python module 'sk1.app_insp.AppInspector' is an uninstalled dependency (needed in files ['usr/lib/sk1-wx-2.0rc5/sk1/application.py'])
sk1 W: Referenced python module 'colorctrls.PaletteSwatch' is an uninstalled dependency (needed in files ['usr/lib/sk1-wx-2.0rc5/sk1/pwidgets/fillctrls.py'])
sk1 W: Referenced python module 'uc2.formats.cdrz.model.generic_dict' is an uninstalled dependency (needed in files ['usr/lib/sk1-wx-2.0rc5/uc2/formats/cdrz/cdrz_filters.py'])
sk1 W: Referenced python module 'uc2.libimg' is an uninstalled dependency (needed in files ['usr/lib/sk1-wx-2.0rc5/uc2/cmds/parts.py', 'usr/lib/sk1-wx-2.0rc5/sk1/dialogs/aboutdlg.py', 'usr/lib/sk1-wx-2.0rc5/sk1/document/api.py', 'usr/lib/sk1-wx-2.0rc5/uc2/formats/cmx/cmx_from_sk2.py', 'usr/lib/sk1-wx-2.0rc5/uc2/formats/sk1/sk1_translators.py', 'usr/lib/sk1-wx-2.0rc5/sk1/printing/printrend.py', 'usr/lib/sk1-wx-2.0rc5/sk1/application.py', 'usr/lib/sk1-wx-2.0rc5/sk1/pwidgets/colorctrls.py', 'usr/lib/sk1-wx-2.0rc5/sk1/pwidgets/patternctrls.py', 'usr/lib/sk1-wx-2.0rc5/uc2/formats/fig/fig_translators.py', 'usr/lib/sk1-wx-2.0rc5/uc2/formats/fallback.py', 'usr/lib/sk1-wx-2.0rc5/uc2/formats/wmf/wmf_translators.py'])
sk1 W: Referenced python module 'uc2.uc2const.UNIT_MM' is an uninstalled dependency (needed in files ['usr/lib/sk1-wx-2.0rc5/sk1/context/units.py'])
sk1 W: Referenced python module 'uc2.formats.aco.aco_config.ACO_Config' is an uninstalled dependency (needed in files ['usr/lib/sk1-wx-2.0rc5/uc2/formats/aco/aco_presenter.py'])
sk1 W: Referenced python module 'uc2.formats.xar.xar_translators' is an uninstalled dependency (needed in files ['usr/lib/sk1-wx-2.0rc5/uc2/formats/xar/xar_presenter.py'])
sk1 W: Referenced python module 'uc2.formats.soc.soc_const.SOC_COLOR_VAL_ATTR' is an uninstalled dependency (needed in files ['usr/lib/sk1-wx-2.0rc5/uc2/formats/soc/soc_filters.py'])
sk1 W: Referenced python module 'shaping.dash_path' is an uninstalled dependency (needed in files ['usr/lib/sk1-wx-2.0rc5/uc2/libgeom/contour.py'])
sk1 W: Referenced python module 'sk1.events.NO_DOCS' is an uninstalled dependency (needed in files ['usr/lib/sk1-wx-2.0rc5/sk1/app_actions.py'])
sk1 W: Referenced python module 'panels.PageRangePanel' is an uninstalled dependency (needed in files ['usr/lib/sk1-wx-2.0rc5/sk1/printing/printdlg/__init__.py'])
sk1 W: Referenced python module 'wx.combo' is an uninstalled dependency (needed in files ['usr/lib/sk1-wx-2.0rc5/wal/widgets/fontchoice.py', 'usr/lib/sk1-wx-2.0rc5/wal/widgets/combo.py'])
sk1 W: Referenced python module 'editor_bezier.BezierEditor' is an uninstalled dependency (needed in files ['usr/lib/sk1-wx-2.0rc5/sk1/document/controllers/__init__.py'])
sk1 W: Referenced python module 'uc2.formats.scribus_pal.scribus_pal_filters.ScribusPalette_Saver' is an uninstalled dependency (needed in files ['usr/lib/sk1-wx-2.0rc5/uc2/formats/scribus_pal/scribus_pal_presenter.py'])
sk1 W: Referenced python module 'sk1.resources.get_icon' is an uninstalled dependency (needed in files ['usr/lib/sk1-wx-2.0rc5/sk1/share/pd_plugins/text_on_circle/__init__.py', 'usr/lib/sk1-wx-2.0rc5/sk1/share/pd_plugins/layers_plugin/__init__.py', 'usr/lib/sk1-wx-2.0rc5/sk1/share/pd_plugins/align_plugin/__init__.py', 'usr/lib/sk1-wx-2.0rc5/sk1/prefs/generic.py', 'usr/lib/sk1-wx-2.0rc5/sk1/parts/statusbar.py', 'usr/lib/sk1-wx-2.0rc5/sk1/share/pd_plugins/transform_plugin/indicator.py', 'usr/lib/sk1-wx-2.0rc5/sk1/printing/propsdlg/pdfpropsdlg.py', 'usr/lib/sk1-wx-2.0rc5/sk1/pwidgets/palette_viewer.py', 'usr/lib/sk1-wx-2.0rc5/sk1/pwidgets/colorctrls.py', 'usr/lib/sk1-wx-2.0rc5/sk1/share/pd_plugins/transform_plugin/__init__.py', 'usr/lib/sk1-wx-2.0rc5/sk1/pwidgets/unitctrls.py', 'usr/lib/sk1-wx-2.0rc5/sk1/share/pd_plugins/iconizer/__init__.py', 'usr/lib/sk1-wx-2.0rc5/sk1/parts/stubpanel.py', 'usr/lib/sk1-wx-2.0rc5/sk1/printing/printdlg/panels.py', 'usr/lib/sk1-wx-2.0rc5/sk1/share/pd_plugins/text_on_path/__init__.py', 'usr/lib/sk1-wx-2.0rc5/sk1/pwidgets/fontctrl.py', 'usr/lib/sk1-wx-2.0rc5/sk1/printing/propsdlg/cupspropsdlg.py', 'usr/lib/sk1-wx-2.0rc5/sk1/share/pd_plugins/shaping/__init__.py', 'usr/lib/sk1-wx-2.0rc5/sk1/pwidgets/gradientctrls.py'])
sk1 W: Referenced python module 'bbox.*' is an uninstalled dependency (needed in files ['usr/lib/sk1-wx-2.0rc5/uc2/libgeom/__init__.py'])
sk1 W: Referenced python module 'uc2.formats.cmx.cmx_from_sk2' is an uninstalled dependency (needed in files ['usr/lib/sk1-wx-2.0rc5/uc2/formats/cmx/cmx_presenter.py'])
sk1 W: Referenced python module 'wal.Combolist' is an uninstalled dependency (needed in files ['usr/lib/sk1-wx-2.0rc5/sk1/context/units.py', 'usr/lib/sk1-wx-2.0rc5/sk1/context/page_format.py'])
sk1 W: Referenced python module 'uc2.formats.cdrz.cdrz_config.CDRZ_Config' is an uninstalled dependency (needed in files ['usr/lib/sk1-wx-2.0rc5/uc2/formats/cdrz/presenter.py'])
sk1 W: Referenced python module 'uc2.formats.wmf.wmf_model' is an uninstalled dependency (needed in files ['usr/lib/sk1-wx-2.0rc5/uc2/formats/wmf/wmf_presenter.py', 'usr/lib/sk1-wx-2.0rc5/uc2/formats/wmf/wmf_translators.py'])
sk1 W: Referenced python module 'uc2.formats.sk1.model.SK1Group' is an uninstalled dependency (needed in files ['usr/lib/sk1-wx-2.0rc5/uc2/formats/sk1/sk1_loaders.py'])
sk1 W: Referenced python module 'uc2.formats.soc.soc_const.SOC_PAL_ATTRS' is an uninstalled dependency (needed in files ['usr/lib/sk1-wx-2.0rc5/uc2/formats/soc/soc_filters.py'])
sk1 W: Referenced python module 'sk1.pwidgets.colorctrls.CMYK_PALETTE' is an uninstalled dependency (needed in files ['usr/lib/sk1-wx-2.0rc5/sk1/dialogs/colordlg.py'])
sk1 W: Referenced python module 'uc2.formats.dst.dst_config.DST_Config' is an uninstalled dependency (needed in files ['usr/lib/sk1-wx-2.0rc5/uc2/formats/dst/dst_presenter.py'])
sk1 W: Referenced python module 'uc2.formats.ase.ase_model.ASE_Palette' is an uninstalled dependency (needed in files ['usr/lib/sk1-wx-2.0rc5/uc2/formats/ase/ase_presenter.py'])
sk1 W: Referenced python module 'uc2.libcairo' is an uninstalled dependency (needed in files ['usr/lib/sk1-wx-2.0rc5/sk1/document/canvas.py', 'usr/lib/sk1-wx-2.0rc5/uc2/libgeom/shaping.py', 'usr/lib/sk1-wx-2.0rc5/uc2/cmds/parts.py', 'usr/lib/sk1-wx-2.0rc5/uc2/formats/pdf/pdfgen.py', 'usr/lib/sk1-wx-2.0rc5/sk1/dialogs/aboutdlg.py', 'usr/lib/sk1-wx-2.0rc5/sk1/document/renderer.py', 'usr/lib/sk1-wx-2.0rc5/uc2/libpango/paths.py', 'usr/lib/sk1-wx-2.0rc5/uc2/libgeom/objs.py', 'usr/lib/sk1-wx-2.0rc5/uc2/formats/sk2/crenderer.py', 'usr/lib/sk1-wx-2.0rc5/uc2/libgeom/cwrap.py', 'usr/lib/sk1-wx-2.0rc5/sk1/app_proxy.py'])
sk1 W: Referenced python module 'winspool' is an uninstalled dependency (needed in files ['usr/lib/sk1-wx-2.0rc5/sk1/printing/msw_print.py'])
sk1 W: Referenced python module 'uc2.formats.wmf.wmf_model.META_Header_Record' is an uninstalled dependency (needed in files ['usr/lib/sk1-wx-2.0rc5/uc2/formats/wmf/wmf_filters.py'])
sk1 W: Referenced python module 'uc2.utils.generate_id' is an uninstalled dependency (needed in files ['usr/lib/sk1-wx-2.0rc5/sk1/app_palettes.py', 'usr/lib/sk1-wx-2.0rc5/uc2/formats/pdxf/presenter.py', 'usr/lib/sk1-wx-2.0rc5/uc2/formats/pdxf/resmngr.py'])
sk1 W: Referenced python module 'uc2.sk2const.STROKE_MIDDLE' is an uninstalled dependency (needed in files ['usr/lib/sk1-wx-2.0rc5/uc2/formats/cdr/cdr_translators.py'])
sk1 W: Referenced python module 'uc2.formats.soc.soc_const.SOC_PAL_TAG' is an uninstalled dependency (needed in files ['usr/lib/sk1-wx-2.0rc5/uc2/formats/soc/soc_filters.py', 'usr/lib/sk1-wx-2.0rc5/uc2/formats/soc/__init__.py'])
sk1 W: Referenced python module 'uc2.libgeom' is an uninstalled dependency (needed in files ['usr/lib/sk1-wx-2.0rc5/uc2/formats/sk2/arrows.py', 'usr/lib/sk1-wx-2.0rc5/sk1/document/api.py', 'usr/lib/sk1-wx-2.0rc5/sk1/document/controllers/text_ctrl.py', 'usr/lib/sk1-wx-2.0rc5/uc2/formats/cmx/cmx_from_sk2.py', 'usr/lib/sk1-wx-2.0rc5/sk1/document/controllers/editor_text.py', 'usr/lib/sk1-wx-2.0rc5/uc2/formats/cgm/cgm_from_sk2.py', 'usr/lib/sk1-wx-2.0rc5/uc2/formats/cmx/cmx_instr.py', 'usr/lib/sk1-wx-2.0rc5/uc2/formats/wmf/wmf_translators.py', 'usr/lib/sk1-wx-2.0rc5/sk1/document/controllers/editor_ellipse.py', 'usr/lib/sk1-wx-2.0rc5/sk1/share/pd_plugins/transform_plugin/transforms.py', 'usr/lib/sk1-wx-2.0rc5/uc2/formats/pdf/pdfgen.py', 'usr/lib/sk1-wx-2.0rc5/uc2/formats/sk2/sk2_model.py', 'usr/lib/sk1-wx-2.0rc5/sk1/document/selection.py', 'usr/lib/sk1-wx-2.0rc5/sk1/document/controllers/editor_polygon.py', 'usr/lib/sk1-wx-2.0rc5/sk1/pwidgets/colorctrls.py', 'usr/lib/sk1-wx-2.0rc5/uc2/formats/fig/crenderer.py', 'usr/lib/sk1-wx-2.0rc5/uc2/formats/fig/fig_translators.py', 'usr/lib/sk1-wx-2.0rc5/uc2/formats/sk2/crenderer.py', 'usr/lib/sk1-wx-2.0rc5/sk1/dialogs/docinfodlg.py', 'usr/lib/sk1-wx-2.0rc5/uc2/formats/cgm/cgm_to_sk2.py', 'usr/lib/sk1-wx-2.0rc5/sk1/document/controllers/editor_rect.py', 'usr/lib/sk1-wx-2.0rc5/sk1/document/controllers/editor_bezier.py', 'usr/lib/sk1-wx-2.0rc5/sk1/document/controllers/grad_ctrl.py', 'usr/lib/sk1-wx-2.0rc5/sk1/document/canvas.py', 'usr/lib/sk1-wx-2.0rc5/sk1/share/pd_plugins/iconizer/__init__.py', 'usr/lib/sk1-wx-2.0rc5/sk1/document/controllers/trafo_ctrl.py', 'usr/lib/sk1-wx-2.0rc5/sk1/document/snapping.py', 'usr/lib/sk1-wx-2.0rc5/uc2/formats/sk2/sk2_methods.py', 'usr/lib/sk1-wx-2.0rc5/uc2/formats/pdxf/model.py', 'usr/lib/sk1-wx-2.0rc5/uc2/formats/dst/dst_from_sk2.py', 'usr/lib/sk1-wx-2.0rc5/uc2/libimg/__init__.py', 'usr/lib/sk1-wx-2.0rc5/uc2/formats/fig/figlib.py', 'usr/lib/sk1-wx-2.0rc5/uc2/formats/sk1/sk1_translators.py', 'usr/lib/sk1-wx-2.0rc5/sk1/document/renderer.py', 'usr/lib/sk1-wx-2.0rc5/uc2/formats/sk/sk_translators.py', 'usr/lib/sk1-wx-2.0rc5/sk1/pwidgets/patternctrls.py', 'usr/lib/sk1-wx-2.0rc5/uc2/formats/dst/dst_to_sk2.py', 'usr/lib/sk1-wx-2.0rc5/uc2/formats/plt/plt_translators.py', 'usr/lib/sk1-wx-2.0rc5/sk1/app_proxy.py'])
sk1 W: Referenced python module 'sk1.dialogs.aboutdlg_credits.CREDITS' is an uninstalled dependency (needed in files ['usr/lib/sk1-wx-2.0rc5/sk1/dialogs/aboutdlg.py'])
sk1 W: Referenced python module 'uc2.formats.get_saver_by_id' is an uninstalled dependency (needed in files ['usr/lib/sk1-wx-2.0rc5/uc2/cmds/translate.py', 'usr/lib/sk1-wx-2.0rc5/sk1/application.py'])
sk1 W: Referenced python module 'progressdlg.ProgressDialog' is an uninstalled dependency (needed in files ['usr/lib/sk1-wx-2.0rc5/sk1/dialogs/__init__.py'])
sk1 W: Referenced python module 'colorctrls.FillRuleKeeper' is an uninstalled dependency (needed in files ['usr/lib/sk1-wx-2.0rc5/sk1/pwidgets/fillctrls.py'])
sk1 W: Referenced python module 'docinfodlg.docinfo_dlg' is an uninstalled dependency (needed in files ['usr/lib/sk1-wx-2.0rc5/sk1/dialogs/__init__.py'])
sk1 W: Referenced python module 'prefs_canvas.CanvasPrefs' is an uninstalled dependency (needed in files ['usr/lib/sk1-wx-2.0rc5/sk1/prefs/__init__.py'])
sk1 W: Referenced python module 'unitctrls.BitmapToggle' is an uninstalled dependency (needed in files ['usr/lib/sk1-wx-2.0rc5/sk1/pwidgets/__init__.py'])
sk1 W: Referenced python module 'logconsole.logconsole_dlg' is an uninstalled dependency (needed in files ['usr/lib/sk1-wx-2.0rc5/sk1/dialogs/__init__.py'])
sk1 W: Referenced python module 'panels.PrintModePanel' is an uninstalled dependency (needed in files ['usr/lib/sk1-wx-2.0rc5/sk1/printing/printdlg/__init__.py'])
sk1 W: Referenced python module 'sk1.resources.icons' is an uninstalled dependency (needed in files ['usr/lib/sk1-wx-2.0rc5/sk1/context/markup.py', 'usr/lib/sk1-wx-2.0rc5/sk1/prefs/prefs_canvas.py', 'usr/lib/sk1-wx-2.0rc5/sk1/prefs/prefs_ui.py', 'usr/lib/sk1-wx-2.0rc5/sk1/prefs/prefs_printers.py', 'usr/lib/sk1-wx-2.0rc5/sk1/parts/artprovider.py', 'usr/lib/sk1-wx-2.0rc5/sk1/context/rect.py', 'usr/lib/sk1-wx-2.0rc5/sk1/printing/printdlg/toolbar.py', 'usr/lib/sk1-wx-2.0rc5/sk1/share/pd_plugins/layers_plugin/__init__.py', 'usr/lib/sk1-wx-2.0rc5/sk1/parts/statusbar.py', 'usr/lib/sk1-wx-2.0rc5/sk1/context/page_format.py', 'usr/lib/sk1-wx-2.0rc5/sk1/share/pd_plugins/transform_plugin/indicator.py', 'usr/lib/sk1-wx-2.0rc5/sk1/printing/propsdlg/pdfpropsdlg.py', 'usr/lib/sk1-wx-2.0rc5/sk1/pwidgets/palette_viewer.py', 'usr/lib/sk1-wx-2.0rc5/sk1/pwidgets/colorctrls.py', 'usr/lib/sk1-wx-2.0rc5/sk1/context/resize.py', 'usr/lib/sk1-wx-2.0rc5/sk1/prefs/prefs_palettes.py', 'usr/lib/sk1-wx-2.0rc5/sk1/share/pd_plugins/transform_plugin/__init__.py', 'usr/lib/sk1-wx-2.0rc5/sk1/pwidgets/unitctrls.py', 'usr/lib/sk1-wx-2.0rc5/sk1/prefs/templates.py', 'usr/lib/sk1-wx-2.0rc5/sk1/context/text.py', 'usr/lib/sk1-wx-2.0rc5/sk1/context/units.py', 'usr/lib/sk1-wx-2.0rc5/sk1/parts/stubpanel.py', 'usr/lib/sk1-wx-2.0rc5/sk1/prefs/prefs_fonts.py', 'usr/lib/sk1-wx-2.0rc5/sk1/prefs/prefs_ruler.py', 'usr/lib/sk1-wx-2.0rc5/sk1/resources/artids.py', 'usr/lib/sk1-wx-2.0rc5/sk1/pwidgets/fillctrls.py', 'usr/lib/sk1-wx-2.0rc5/sk1/printing/printdlg/panels.py', 'usr/lib/sk1-wx-2.0rc5/sk1/share/pd_plugins/text_on_path/__init__.py', 'usr/lib/sk1-wx-2.0rc5/sk1/dialogs/logconsole.py', 'usr/lib/sk1-wx-2.0rc5/sk1/dialogs/strokedlg.py', 'usr/lib/sk1-wx-2.0rc5/sk1/parts/palettepanel.py', 'usr/lib/sk1-wx-2.0rc5/sk1/dialogs/docprops.py', 'usr/lib/sk1-wx-2.0rc5/sk1/pwidgets/fontctrl.py', 'usr/lib/sk1-wx-2.0rc5/sk1/context/polygon.py', 'usr/lib/sk1-wx-2.0rc5/sk1/dialogs/aboutdlg.py', 'usr/lib/sk1-wx-2.0rc5/sk1/prefs/prefs_general.py', 'usr/lib/sk1-wx-2.0rc5/sk1/pwidgets/strokectrls.py', 'usr/lib/sk1-wx-2.0rc5/sk1/printing/propsdlg/cupspropsdlg.py', 'usr/lib/sk1-wx-2.0rc5/sk1/context/transform.py', 'usr/lib/sk1-wx-2.0rc5/sk1/share/pd_plugins/shaping/__init__.py', 'usr/lib/sk1-wx-2.0rc5/sk1/pwidgets/patternctrls.py', 'usr/lib/sk1-wx-2.0rc5/sk1/context/jump.py', 'usr/lib/sk1-wx-2.0rc5/sk1/prefs/prefs_cms.py', 'usr/lib/sk1-wx-2.0rc5/sk1/context/circle.py', 'usr/lib/sk1-wx-2.0rc5/sk1/pwidgets/gradientctrls.py', 'usr/lib/sk1-wx-2.0rc5/sk1/pwidgets/colorbtn.py'])
sk1 W: Referenced python module 'uc2.formats.svg.svg_methods.create_new_svg' is an uninstalled dependency (needed in files ['usr/lib/sk1-wx-2.0rc5/uc2/formats/svg/svg_presenter.py'])
sk1 W: Referenced python module 'uc2.formats.sk1.model.Trafo' is an uninstalled dependency (needed in files ['usr/lib/sk1-wx-2.0rc5/uc2/formats/sk1/sk1_loaders.py'])
sk1 W: Referenced python module 'sk1.app_fsw.AppFileWatcher' is an uninstalled dependency (needed in files ['usr/lib/sk1-wx-2.0rc5/sk1/application.py'])
sk1 W: Referenced python module 'uc2.uc2const.PAGE_FORMATS_MORE' is an uninstalled dependency (needed in files ['usr/lib/sk1-wx-2.0rc5/sk1/context/page_format.py'])
sk1 W: Referenced python module 'uc2.formats.cdr.cdr_const.CDR_COLOR_LAB' is an uninstalled dependency (needed in files ['usr/lib/sk1-wx-2.0rc5/uc2/formats/cdr/cdr_utils.py'])
sk1 W: Referenced python module 'sk1.dialogs.palette_info_dlg' is an uninstalled dependency (needed in files ['usr/lib/sk1-wx-2.0rc5/sk1/prefs/prefs_palettes.py'])
sk1 W: Referenced python module 'fillctrls.SolidFill' is an uninstalled dependency (needed in files ['usr/lib/sk1-wx-2.0rc5/sk1/pwidgets/__init__.py'])
sk1 W: Referenced python module 'uc2.libgeom.points.distance' is an uninstalled dependency (needed in files ['usr/lib/sk1-wx-2.0rc5/uc2/formats/xar/xar_translators.py'])
sk1 W: Referenced python module 'shaping.intersect_lines' is an uninstalled dependency (needed in files ['usr/lib/sk1-wx-2.0rc5/uc2/libgeom/contour.py'])
sk1 W: Referenced python module 'panels.CopiesPanel' is an uninstalled dependency (needed in files ['usr/lib/sk1-wx-2.0rc5/sk1/printing/printdlg/__init__.py'])
sk1 W: Referenced python module 'uc2.formats.jcw.jcw_const.JCW_ID' is an uninstalled dependency (needed in files ['usr/lib/sk1-wx-2.0rc5/uc2/formats/jcw/jcw_model.py', 'usr/lib/sk1-wx-2.0rc5/uc2/formats/jcw/__init__.py'])
sk1 W: Referenced python module 'wx.HyperlinkCtrl' is an uninstalled dependency (needed in files ['usr/lib/sk1-wx-2.0rc5/wal/widgets/labels.py'])
sk1 W: Referenced python module 'sk1.parts.mw.AppMainWindow' is an uninstalled dependency (needed in files ['usr/lib/sk1-wx-2.0rc5/sk1/application.py'])
sk1 W: Referenced python module 'sk1.context.TEXT' is an uninstalled dependency (needed in files ['usr/lib/sk1-wx-2.0rc5/sk1/parts/ctxpanel.py'])
sk1 W: Referenced python module 'grad_ctrl.GradientCreator' is an uninstalled dependency (needed in files ['usr/lib/sk1-wx-2.0rc5/sk1/document/controllers/__init__.py'])
sk1 W: Referenced python module 'uc2.formats.cdr.cdr_presenter.CDR_Presenter' is an uninstalled dependency (needed in files ['usr/lib/sk1-wx-2.0rc5/uc2/formats/cdr/__init__.py'])
sk1 W: Referenced python module 'uc2.sk2const.FILL_EVENODD' is an uninstalled dependency (needed in files ['usr/lib/sk1-wx-2.0rc5/uc2/formats/cdr/cdr_translators.py'])
sk1 W: Referenced python module 'sk1.dialogs.colordlg.change_color_dlg' is an uninstalled dependency (needed in files ['usr/lib/sk1-wx-2.0rc5/sk1/pwidgets/colorbtn.py'])
sk1 W: Referenced python module 'uc2.formats.xar.xar_presenter.XAR_Presenter' is an uninstalled dependency (needed in files ['usr/lib/sk1-wx-2.0rc5/uc2/formats/xar/__init__.py'])
sk1 W: Referenced python module 'uc2.formats.cdr.cdr_const' is an uninstalled dependency (needed in files ['usr/lib/sk1-wx-2.0rc5/uc2/formats/cdr/cdr_model.py', 'usr/lib/sk1-wx-2.0rc5/uc2/formats/cdr/__init__.py', 'usr/lib/sk1-wx-2.0rc5/uc2/formats/cpl/cpl_model.py'])
sk1 W: Referenced python module 'editor_ellipse.EllipseEditor' is an uninstalled dependency (needed in files ['usr/lib/sk1-wx-2.0rc5/sk1/document/controllers/__init__.py'])
sk1 W: Referenced python module 'uc2.libcairo.normalize_bbox' is an uninstalled dependency (needed in files ['usr/lib/sk1-wx-2.0rc5/sk1/document/canvas.py'])
sk1 W: Referenced python module '_cms' is an uninstalled dependency (needed in files ['usr/lib/sk1-wx-2.0rc5/uc2/cms/libcms.py'])
sk1 W: Referenced python module 'fillctrls.PatternFill' is an uninstalled dependency (needed in files ['usr/lib/sk1-wx-2.0rc5/sk1/pwidgets/__init__.py'])
sk1 W: Referenced python module 'sk1.app_proxy.AppProxy' is an uninstalled dependency (needed in files ['usr/lib/sk1-wx-2.0rc5/sk1/application.py'])
sk1 W: Referenced python module 'palcoldlg.palette_collection_dlg' is an uninstalled dependency (needed in files ['usr/lib/sk1-wx-2.0rc5/sk1/dialogs/__init__.py'])
sk1 W: Referenced python module 'editor_rect.RectEditor' is an uninstalled dependency (needed in files ['usr/lib/sk1-wx-2.0rc5/sk1/document/controllers/__init__.py'])
sk1 W: Referenced python module 'paint_ctrl.PolyLineCreator' is an uninstalled dependency (needed in files ['usr/lib/sk1-wx-2.0rc5/sk1/document/controllers/__init__.py'])
sk1 W: Referenced python module 'generic.AbstractPS' is an uninstalled dependency (needed in files ['usr/lib/sk1-wx-2.0rc5/sk1/printing/cups_print.py', 'usr/lib/sk1-wx-2.0rc5/sk1/printing/msw_print.py'])
sk1 W: Referenced python module 'uc2.formats.cpl.cpl_const' is an uninstalled dependency (needed in files ['usr/lib/sk1-wx-2.0rc5/uc2/formats/cpl/cpl_model.py', 'usr/lib/sk1-wx-2.0rc5/uc2/formats/cpl/cpl_filters.py'])
sk1 W: Referenced python module 'reportlab.lib.utils.ImageReader' is an uninstalled dependency (needed in files ['usr/lib/sk1-wx-2.0rc5/uc2/formats/pdf/pdfgen.py'])
sk1 W: Referenced python module 'colorctrls.AlphaColorSwatch' is an uninstalled dependency (needed in files ['usr/lib/sk1-wx-2.0rc5/sk1/pwidgets/colorbtn.py'])
sk1 W: Referenced python module 'generic.WaitController' is an uninstalled dependency (needed in files ['usr/lib/sk1-wx-2.0rc5/sk1/document/controllers/__init__.py'])
sk1 W: Referenced python module 'uc2.formats.xar.xar_filters' is an uninstalled dependency (needed in files ['usr/lib/sk1-wx-2.0rc5/uc2/formats/xar/xar_presenter.py'])
sk1 W: Referenced python module 'uc2.formats.pes.pes_const' is an uninstalled dependency (needed in files ['usr/lib/sk1-wx-2.0rc5/uc2/formats/pes/pes_model.py', 'usr/lib/sk1-wx-2.0rc5/uc2/formats/pes/pes_filters.py', 'usr/lib/sk1-wx-2.0rc5/uc2/formats/pes/pes_translators.py'])
sk1 W: Referenced python module 'sk1.app_palettes.AppPaletteManager' is an uninstalled dependency (needed in files ['usr/lib/sk1-wx-2.0rc5/sk1/application.py'])
sk1 W: Referenced python module 'uc2.formats.wmf.wmf_const.META_EOF' is an uninstalled dependency (needed in files ['usr/lib/sk1-wx-2.0rc5/uc2/formats/wmf/wmf_filters.py'])
sk1 W: Referenced python module 'uc2.formats.cdrz.presenter.CDRZ_Presenter' is an uninstalled dependency (needed in files ['usr/lib/sk1-wx-2.0rc5/uc2/formats/cdrz/__init__.py'])
sk1 W: Referenced python module 'uc2.formats.cdr.cdr_const.CDR_COLOR_HSB' is an uninstalled dependency (needed in files ['usr/lib/sk1-wx-2.0rc5/uc2/formats/cdr/cdr_utils.py'])
sk1 W: Referenced python module 'uc2.libgeom.apply_trafo_to_point' is an uninstalled dependency (needed in files ['usr/lib/sk1-wx-2.0rc5/uc2/formats/wmf/wmf_translators.py'])
sk1 W: Referenced python module 'uc2.formats.cdr.cdr_const.CDR12' is an uninstalled dependency (needed in files ['usr/lib/sk1-wx-2.0rc5/uc2/formats/cdr/cdr_model.py'])
sk1 W: Referenced python module 'sk1.context.BEZIER' is an uninstalled dependency (needed in files ['usr/lib/sk1-wx-2.0rc5/sk1/parts/ctxpanel.py'])
sk1 W: Referenced python module 'generic.RootItem' is an uninstalled dependency (needed in files ['usr/lib/sk1-wx-2.0rc5/sk1/prefs/__init__.py'])
sk1 W: Referenced python module 'uc2.formats.plt.plt_const.PLT_to_SK2_TRAFO' is an uninstalled dependency (needed in files ['usr/lib/sk1-wx-2.0rc5/uc2/formats/plt/plt_translators.py'])
sk1 W: Referenced python module 'uc2.formats.pdf.pdf_filters.PDF_Saver' is an uninstalled dependency (needed in files ['usr/lib/sk1-wx-2.0rc5/uc2/formats/pdf/__init__.py'])
sk1 W: Referenced python module 'uc2.libgeom.trafo.apply_trafo_to_point' is an uninstalled dependency (needed in files ['usr/lib/sk1-wx-2.0rc5/uc2/formats/xar/xar_translators.py', 'usr/lib/sk1-wx-2.0rc5/uc2/formats/pes/pes_translators.py', 'usr/lib/sk1-wx-2.0rc5/uc2/formats/dst/dst_to_sk2.py'])
sk1 W: Referenced python module 'uc2.cms.color_to_spot' is an uninstalled dependency (needed in files ['usr/lib/sk1-wx-2.0rc5/sk1/pwidgets/fillctrls.py'])
sk1 W: Referenced python module 'fonts.find_font_and_face' is an uninstalled dependency (needed in files ['usr/lib/sk1-wx-2.0rc5/uc2/libpango/__init__.py'])
sk1 W: Referenced python module 'uc2.cms.ColorManager' is an uninstalled dependency (needed in files ['usr/lib/sk1-wx-2.0rc5/sk1/app_cms.py', 'usr/lib/sk1-wx-2.0rc5/uc2/app_cms.py', 'usr/lib/sk1-wx-2.0rc5/uc2/formats/pdxf/pdxf_cms.py', 'usr/lib/sk1-wx-2.0rc5/uc2/formats/sk2/sk2_cms.py'])
sk1 W: Referenced python module 'uc2.formats.corel_pal.corel_pal_methods.create_new_palette' is an uninstalled dependency (needed in files ['usr/lib/sk1-wx-2.0rc5/uc2/formats/corel_pal/corel_pal_presenter.py'])
sk1 W: Referenced python module 'uc2.formats.cpl.cpl_model.CPL10_Palette' is an uninstalled dependency (needed in files ['usr/lib/sk1-wx-2.0rc5/uc2/formats/cpl/cpl_filters.py'])
sk1 W: Referenced python module 'pdfpropsdlg.PDF_PrnPropsDialog' is an uninstalled dependency (needed in files ['usr/lib/sk1-wx-2.0rc5/sk1/printing/propsdlg/__init__.py'])
sk1 W: Referenced python module 'uc2.cmds' is an uninstalled dependency (needed in files ['usr/lib/sk1-wx-2.0rc5/uc2/application.py'])
sk1 W: Referenced python module 'uc2.uc2const.COLOR_DISPLAY' is an uninstalled dependency (needed in files ['usr/lib/sk1-wx-2.0rc5/sk1/app_cms.py', 'usr/lib/sk1-wx-2.0rc5/uc2/cms/__init__.py', 'usr/lib/sk1-wx-2.0rc5/uc2/app_cms.py', 'usr/lib/sk1-wx-2.0rc5/sk1/prefs/prefs_cms.py'])
sk1 W: Referenced python module 'cStringIO.StringIO' is an uninstalled dependency (needed in files ['usr/lib/sk1-wx-2.0rc5/uc2/libcairo/__init__.py', 'usr/lib/sk1-wx-2.0rc5/uc2/libimg/handlers.py', 'usr/lib/sk1-wx-2.0rc5/sk1/share/pd_plugins/iconizer/__init__.py', 'usr/lib/sk1-wx-2.0rc5/uc2/formats/cmx/cmx_model.py', 'usr/lib/sk1-wx-2.0rc5/uc2/libimg/__init__.py', 'usr/lib/sk1-wx-2.0rc5/uc2/formats/sk1/sk1_translators.py', 'usr/lib/sk1-wx-2.0rc5/uc2/formats/sk/sk_model.py', 'usr/lib/sk1-wx-2.0rc5/uc2/formats/sk1/model.py', 'usr/lib/sk1-wx-2.0rc5/uc2/formats/fig/crenderer.py', 'usr/lib/sk1-wx-2.0rc5/uc2/libimg/magickwand.py', 'usr/lib/sk1-wx-2.0rc5/uc2/formats/wmf/wmf_translators.py'])
sk1 W: Referenced python module 'sk1.parts.ctxpanel.AppCtxPanel' is an uninstalled dependency (needed in files ['usr/lib/sk1-wx-2.0rc5/sk1/parts/mdiarea.py'])
sk1 W: Referenced python module 'cwrap.*' is an uninstalled dependency (needed in files ['usr/lib/sk1-wx-2.0rc5/uc2/libgeom/__init__.py'])
sk1 W: Referenced python module 'uc2.formats.gpl.gpl_const' is an uninstalled dependency (needed in files ['usr/lib/sk1-wx-2.0rc5/uc2/formats/gpl/gpl_config.py'])
sk1 W: Referenced python module 'uc2.sk2const.ARC_ARC' is an uninstalled dependency (needed in files ['usr/lib/sk1-wx-2.0rc5/sk1/context/circle.py'])
sk1 W: Referenced python module 'reportlab.pdfgen.canvas.FILL_EVEN_ODD' is an uninstalled dependency (needed in files ['usr/lib/sk1-wx-2.0rc5/uc2/formats/pdf/pdfgen.py'])
sk1 W: Referenced python module 'uc2.sk2const.FILL_PATTERN' is an uninstalled dependency (needed in files ['usr/lib/sk1-wx-2.0rc5/sk1/dialogs/docprops.py'])
sk1 W: Referenced python module 'trafo_ctrl.TransformController' is an uninstalled dependency (needed in files ['usr/lib/sk1-wx-2.0rc5/sk1/document/controllers/__init__.py'])
sk1 W: Referenced python module 'bbox.is_bbox_overlap' is an uninstalled dependency (needed in files ['usr/lib/sk1-wx-2.0rc5/uc2/libgeom/shaping.py'])
sk1 W: Referenced python module 'uc2.formats.svg.svg_utils.create_nl' is an uninstalled dependency (needed in files ['usr/lib/sk1-wx-2.0rc5/uc2/formats/svg/svg_methods.py'])
sk1 W: Referenced python module 'shaping.fuse_paths' is an uninstalled dependency (needed in files ['usr/lib/sk1-wx-2.0rc5/uc2/libgeom/contour.py', 'usr/lib/sk1-wx-2.0rc5/uc2/libgeom/__init__.py'])
sk1 W: Referenced python module 'sk1.events.SELECTION_CHANGED' is an uninstalled dependency (needed in files ['usr/lib/sk1-wx-2.0rc5/sk1/app_actions.py'])
sk1 W: Referenced python module 'wx.adv.HyperlinkCtrl' is an uninstalled dependency (needed in files ['usr/lib/sk1-wx-2.0rc5/wal/widgets/labels.py'])
sk1 W: Referenced python module 'uc2.formats.dst.dst_to_sk2.EmbroideryMachine' is an uninstalled dependency (needed in files ['usr/lib/sk1-wx-2.0rc5/uc2/formats/pes/pes_translators.py'])
sk1 W: Referenced python module 'fonts.get_fonts' is an uninstalled dependency (needed in files ['usr/lib/sk1-wx-2.0rc5/uc2/libpango/__init__.py'])
sk1 W: Referenced python module 'uc2.utils.dword2py_int' is an uninstalled dependency (needed in files ['usr/lib/sk1-wx-2.0rc5/uc2/formats/cdr/cdr_model.py', 'usr/lib/sk1-wx-2.0rc5/uc2/formats/cdrz/cdrz_filters.py', 'usr/lib/sk1-wx-2.0rc5/uc2/formats/riff/riff_filters.py', 'usr/lib/sk1-wx-2.0rc5/uc2/formats/cdr/cdr_filters.py', 'usr/lib/sk1-wx-2.0rc5/uc2/formats/riff/model.py'])
sk1 W: Referenced python module 'uc2.formats.svg.svg_config.SVG_Config' is an uninstalled dependency (needed in files ['usr/lib/sk1-wx-2.0rc5/uc2/formats/svg/svg_presenter.py'])
sk1 W: Referenced python module 'uc2.formats.scribus_pal.scribus_pal_presenter.ScribusPalettePresenter' is an uninstalled dependency (needed in files ['usr/lib/sk1-wx-2.0rc5/uc2/formats/scribus_pal/__init__.py'])
sk1 W: Referenced python module 'sk1.pwidgets.UnitLabel' is an uninstalled dependency (needed in files ['usr/lib/sk1-wx-2.0rc5/sk1/share/pd_plugins/transform_plugin/transforms.py'])
sk1 W: Referenced python module 'uc2.formats.sk2.sk2_config' is an uninstalled dependency (needed in files ['usr/lib/sk1-wx-2.0rc5/sk1/pwidgets/colorctrls.py'])
sk1 W: Referenced python module 'uc2.formats.jcw.jcw_const.JCW_HSV_PANTONE' is an uninstalled dependency (needed in files ['usr/lib/sk1-wx-2.0rc5/uc2/formats/jcw/jcw_utils.py'])
sk1 W: Referenced python module 'contour.stroke_to_curve' is an uninstalled dependency (needed in files ['usr/lib/sk1-wx-2.0rc5/uc2/libgeom/__init__.py'])
sk1 W: Referenced python module 'uc2.cms.verbose_color' is an uninstalled dependency (needed in files ['usr/lib/sk1-wx-2.0rc5/sk1/pwidgets/colorctrls.py', 'usr/lib/sk1-wx-2.0rc5/uc2/formats/corel_pal/corel_pal_methods.py'])
sk1 W: Referenced python module 'uc2.formats.generic.ModelObject' is an uninstalled dependency (needed in files ['usr/lib/sk1-wx-2.0rc5/uc2/formats/pdxf/model.py'])
sk1 W: Referenced python module 'uc2.formats.sk.sk_translators.SK_to_SK2_Translator' is an uninstalled dependency (needed in files ['usr/lib/sk1-wx-2.0rc5/uc2/formats/sk/sk_presenter.py'])
sk1 W: Referenced python module 'uc2.utils.double2py_float' is an uninstalled dependency (needed in files ['usr/lib/sk1-wx-2.0rc5/uc2/formats/cdr/cdr_utils.py'])
sk1 W: Referenced python module 'ruler.PreviewRuler' is an uninstalled dependency (needed in files ['usr/lib/sk1-wx-2.0rc5/sk1/printing/printdlg/__init__.py'])
sk1 W: Referenced python module 'uc2.formats.generic.TextModelPresenter' is an uninstalled dependency (needed in files ['usr/lib/sk1-wx-2.0rc5/uc2/formats/sk/sk_presenter.py', 'usr/lib/sk1-wx-2.0rc5/uc2/formats/fig/fig_presenter.py', 'usr/lib/sk1-wx-2.0rc5/uc2/formats/md/md_presenter.py', 'usr/lib/sk1-wx-2.0rc5/uc2/formats/sk1/presenter.py', 'usr/lib/sk1-wx-2.0rc5/uc2/formats/gpl/gpl_presenter.py', 'usr/lib/sk1-wx-2.0rc5/uc2/formats/skp/skp_presenter.py', 'usr/lib/sk1-wx-2.0rc5/uc2/formats/soc/soc_presenter.py', 'usr/lib/sk1-wx-2.0rc5/uc2/formats/plt/plt_presenter.py', 'usr/lib/sk1-wx-2.0rc5/uc2/formats/sk2/sk2_presenter.py'])
sk1 W: Referenced python module 'sk1.parts.plgtabs.PlgnTabPanel' is an uninstalled dependency (needed in files ['usr/lib/sk1-wx-2.0rc5/sk1/parts/plgarea.py'])
sk1 W: Referenced python module 'creators.TextCreator' is an uninstalled dependency (needed in files ['usr/lib/sk1-wx-2.0rc5/sk1/document/controllers/__init__.py'])
sk1 W: Referenced python module 'uc2.uc2const.IMAGE_CMYK' is an uninstalled dependency (needed in files ['usr/lib/sk1-wx-2.0rc5/sk1/parts/statusbar.py', 'usr/lib/sk1-wx-2.0rc5/uc2/cms/__init__.py'])
sk1 W: Referenced python module 'uc2.formats.sk1.sk1_filters.SK1Loader' is an uninstalled dependency (needed in files ['usr/lib/sk1-wx-2.0rc5/uc2/formats/sk1/presenter.py'])
sk1 W: Referenced python module 'strokectrls.DashChoice' is an uninstalled dependency (needed in files ['usr/lib/sk1-wx-2.0rc5/sk1/pwidgets/__init__.py'])
sk1 W: Referenced python module 'sk1.printing.prn_events' is an uninstalled dependency (needed in files ['usr/lib/sk1-wx-2.0rc5/sk1/printing/cups_print.py', 'usr/lib/sk1-wx-2.0rc5/sk1/printing/printdlg/__init__.py', 'usr/lib/sk1-wx-2.0rc5/sk1/printing/printdlg/panels.py', 'usr/lib/sk1-wx-2.0rc5/sk1/printing/printdlg/toolbar.py', 'usr/lib/sk1-wx-2.0rc5/sk1/printing/printout.py', 'usr/lib/sk1-wx-2.0rc5/sk1/printing/msw_print.py', 'usr/lib/sk1-wx-2.0rc5/sk1/printing/pdf_printer.py'])
sk1 W: Referenced python module 'canvas.PreviewCanvas' is an uninstalled dependency (needed in files ['usr/lib/sk1-wx-2.0rc5/sk1/printing/printdlg/__init__.py'])
sk1 W: Referenced python module 'uc2.formats.sk2.crenderer.CairoRenderer' is an uninstalled dependency (needed in files ['usr/lib/sk1-wx-2.0rc5/sk1/printing/printrend.py', 'usr/lib/sk1-wx-2.0rc5/uc2/formats/cmx/cmx_from_sk2.py', 'usr/lib/sk1-wx-2.0rc5/sk1/document/renderer.py', 'usr/lib/sk1-wx-2.0rc5/uc2/formats/png/__init__.py'])
sk1 W: Referenced python module 'unitctrls.StaticUnitSpin' is an uninstalled dependency (needed in files ['usr/lib/sk1-wx-2.0rc5/sk1/pwidgets/__init__.py'])
sk1 W: Referenced python module 'sk1.application.SK1Application' is an uninstalled dependency (needed in files ['usr/lib/sk1-wx-2.0rc5/sk1/__init__.py'])
sk1 W: Referenced python module 'generic.PrnProsDialog' is an uninstalled dependency (needed in files ['usr/lib/sk1-wx-2.0rc5/sk1/printing/propsdlg/pdfpropsdlg.py', 'usr/lib/sk1-wx-2.0rc5/sk1/printing/propsdlg/cupspropsdlg.py'])
sk1 W: Referenced python module 'sk1.events.DOC_CHANGED' is an uninstalled dependency (needed in files ['usr/lib/sk1-wx-2.0rc5/sk1/app_actions.py'])
sk1 W: Referenced python module 'sk1.parts.toolbar.build_toolbar' is an uninstalled dependency (needed in files ['usr/lib/sk1-wx-2.0rc5/sk1/parts/mw.py'])
sk1 W: Referenced python module 'uc2.formats.gpl.gpl_presenter.GPL_Presenter' is an uninstalled dependency (needed in files ['usr/lib/sk1-wx-2.0rc5/uc2/formats/gpl/__init__.py'])
sk1 W: Referenced python module 'sk1.document.ruler.HFONT' is an uninstalled dependency (needed in files ['usr/lib/sk1-wx-2.0rc5/sk1/printing/printdlg/ruler.py'])
sk1 W: Referenced python module 'uc2.formats.sk1.presenter.SK1Presenter' is an uninstalled dependency (needed in files ['usr/lib/sk1-wx-2.0rc5/uc2/formats/sk1/__init__.py'])
sk1 W: Referenced python module 'uc2.uc2const.IMAGE_RGB' is an uninstalled dependency (needed in files ['usr/lib/sk1-wx-2.0rc5/sk1/parts/statusbar.py', 'usr/lib/sk1-wx-2.0rc5/uc2/cms/__init__.py'])
sk1 W: Referenced python module 'uc2.app_cms' is an uninstalled dependency (needed in files ['usr/lib/sk1-wx-2.0rc5/uc2/application.py'])
sk1 W: Referenced python module 'uc2.formats.generic_filters.AbstractSaver' is an uninstalled dependency (needed in files ['usr/lib/sk1-wx-2.0rc5/uc2/formats/plt/plt_filters.py', 'usr/lib/sk1-wx-2.0rc5/uc2/formats/xar/xar_filters.py', 'usr/lib/sk1-wx-2.0rc5/uc2/formats/ase/ase_filters.py', 'usr/lib/sk1-wx-2.0rc5/uc2/formats/cgm/cgm_filters.py', 'usr/lib/sk1-wx-2.0rc5/uc2/formats/edr_pal/edr_filters.py', 'usr/lib/sk1-wx-2.0rc5/uc2/formats/xml_/xml_filters.py', 'usr/lib/sk1-wx-2.0rc5/uc2/formats/fig/fig_filters.py', 'usr/lib/sk1-wx-2.0rc5/uc2/formats/riff/riff_filters.py', 'usr/lib/sk1-wx-2.0rc5/uc2/formats/aco/aco_filters.py', 'usr/lib/sk1-wx-2.0rc5/uc2/formats/scribus_pal/scribus_pal_filters.py', 'usr/lib/sk1-wx-2.0rc5/uc2/formats/wmf/wmf_filters.py', 'usr/lib/sk1-wx-2.0rc5/uc2/formats/pes/pes_filters.py', 'usr/lib/sk1-wx-2.0rc5/uc2/formats/pdf/pdf_filters.py', 'usr/lib/sk1-wx-2.0rc5/uc2/formats/jcw/jcw_filters.py', 'usr/lib/sk1-wx-2.0rc5/uc2/formats/cpl/cpl_filters.py', 'usr/lib/sk1-wx-2.0rc5/uc2/formats/md/md_model.py', 'usr/lib/sk1-wx-2.0rc5/uc2/formats/cdr/cdr_filters.py', 'usr/lib/sk1-wx-2.0rc5/uc2/formats/dst/dst_filters.py', 'usr/lib/sk1-wx-2.0rc5/uc2/formats/cmx/cmx_filters.py', 'usr/lib/sk1-wx-2.0rc5/uc2/formats/soc/soc_filters.py', 'usr/lib/sk1-wx-2.0rc5/uc2/formats/gpl/gpl_filters.py'])
sk1 W: Referenced python module 'uc2.formats.cdr.cdr_const.CDR9' is an uninstalled dependency (needed in files ['usr/lib/sk1-wx-2.0rc5/uc2/formats/cdr/cdr_model.py'])
sk1 W: Referenced python module 'uc2.sk2const.CURVE_CLOSED' is an uninstalled dependency (needed in files ['usr/lib/sk1-wx-2.0rc5/uc2/formats/cdr/cdr_model.py'])
sk1 W: Referenced python module 'uc2.formats.dst.dst_colors' is an uninstalled dependency (needed in files ['usr/lib/sk1-wx-2.0rc5/uc2/formats/dst/dst_to_sk2.py'])
sk1 W: Referenced python module 'uc2.formats.pdf.pdfgen' is an uninstalled dependency (needed in files ['usr/lib/sk1-wx-2.0rc5/sk1/printing/cups_print.py', 'usr/lib/sk1-wx-2.0rc5/sk1/printing/pdf_printer.py'])
sk1 W: Referenced python module 'uc2.formats.cgm.cgm_to_sk2' is an uninstalled dependency (needed in files ['usr/lib/sk1-wx-2.0rc5/uc2/formats/cgm/cgm_presenter.py'])
sk1 W: Referenced python module 'core.get_version' is an uninstalled dependency (needed in files ['usr/lib/sk1-wx-2.0rc5/uc2/libpango/__init__.py'])
sk1 W: Referenced python module 'display_profile_rc' is an uninstalled dependency (needed in files ['usr/lib/sk1-wx-2.0rc5/uc2/cms/libcms.py'])
sk1 W: Referenced python module 'uc2.formats.pdxf.pdxf_cms.PDXF_ColorManager' is an uninstalled dependency (needed in files ['usr/lib/sk1-wx-2.0rc5/uc2/formats/pdxf/presenter.py'])
sk1 W: Referenced python module 'uc2.formats.cdr.cdr_const.CDR_COLOR_HLS' is an uninstalled dependency (needed in files ['usr/lib/sk1-wx-2.0rc5/uc2/formats/cdr/cdr_utils.py'])
sk1 W: Referenced python module 'uc2.formats.fallback.im_loader' is an uninstalled dependency (needed in files ['usr/lib/sk1-wx-2.0rc5/uc2/formats/png/__init__.py'])
sk1 W: Referenced python module 'uc2.formats.generic.TextModelObject' is an uninstalled dependency (needed in files ['usr/lib/sk1-wx-2.0rc5/uc2/formats/fig/fig_model.py', 'usr/lib/sk1-wx-2.0rc5/uc2/formats/sk2/sk2_model.py', 'usr/lib/sk1-wx-2.0rc5/uc2/formats/md/md_model.py', 'usr/lib/sk1-wx-2.0rc5/uc2/formats/gpl/gpl_model.py', 'usr/lib/sk1-wx-2.0rc5/uc2/formats/sk/sk_model.py', 'usr/lib/sk1-wx-2.0rc5/uc2/formats/sk1/model.py', 'usr/lib/sk1-wx-2.0rc5/uc2/formats/skp/skp_model.py', 'usr/lib/sk1-wx-2.0rc5/uc2/formats/plt/plt_model.py', 'usr/lib/sk1-wx-2.0rc5/uc2/formats/soc/soc_model.py'])
sk1 W: Referenced python module 'sk1.modes.GR_SELECT_MODE' is an uninstalled dependency (needed in files ['usr/lib/sk1-wx-2.0rc5/sk1/app_actions.py'])
sk1 W: Referenced python module 'trafo_ctrl.MoveController' is an uninstalled dependency (needed in files ['usr/lib/sk1-wx-2.0rc5/sk1/document/controllers/__init__.py'])
sk1 W: Referenced python module 'uc2.formats.wmf.wmf_model.WMF_Record' is an uninstalled dependency (needed in files ['usr/lib/sk1-wx-2.0rc5/uc2/formats/wmf/wmf_filters.py'])
sk1 W: Referenced python module 'sk1.pwidgets.colorctrls.GrayMixer' is an uninstalled dependency (needed in files ['usr/lib/sk1-wx-2.0rc5/sk1/dialogs/colordlg.py'])
sk1 W: Referenced python module 'uc2.formats.ase.ase_filters.ASE_Saver' is an uninstalled dependency (needed in files ['usr/lib/sk1-wx-2.0rc5/uc2/formats/ase/ase_presenter.py'])
sk1 W: Referenced python module 'generic.STD_SHIFTS' is an uninstalled dependency (needed in files ['usr/lib/sk1-wx-2.0rc5/sk1/printing/printout.py'])
sk1 W: Referenced python module 'uc2.formats.cdr.cdr_const.CDR_COLOR_CMYK' is an uninstalled dependency (needed in files ['usr/lib/sk1-wx-2.0rc5/uc2/formats/cdr/cdr_utils.py'])
sk1 W: Referenced python module 'uc2.cms.get_profile_name' is an uninstalled dependency (needed in files ['usr/lib/sk1-wx-2.0rc5/sk1/prefs/prefs_cms.py'])
sk1 W: Referenced python module 'sk1.context.MULTIPLE' is an uninstalled dependency (needed in files ['usr/lib/sk1-wx-2.0rc5/sk1/parts/ctxpanel.py'])
sk1 W: Referenced python module 'uc2.formats.cdr.cdr_filters.CDR_Loader' is an uninstalled dependency (needed in files ['usr/lib/sk1-wx-2.0rc5/uc2/formats/cdr/cdr_presenter.py'])
sk1 E: Dependency python detected and not included (python modules ['math.ceil', 'xml.sax', 'struct', 'ctypes.wintypes.LPCWSTR', 'ctypes.c_short', 'base64', 'webbrowser', 'ctypes', 'colorsys.hsv_to_rgb', 'colorsys', 'zipfile', 'base64.b64decode', 'xml.sax.handler', 'base64.urlsafe_b64encode', 'datetime', 'xml.etree.cElementTree', 'importlib.import_module', 'ctypes.wintypes', 'colorsys.hls_to_rgb', 'glob', 're', 'colorsys.rgb_to_hsv', 'ctypes.POINTER', 'ctypes.byref', 'os', 'ctypes.c_int', 'sys', 'ctypes.create_unicode_buffer', 'errno', 'time', 'tempfile.NamedTemporaryFile', 'zipfile.ZipFile', 'platform', 'uuid', 'xml.sax.xmlreader.InputSource', 'zlib', 'inspect', 'gzip', 'ctypes.c_long', 'shutil', 'ctypes.wintypes.DWORD', 'ctypes.wintypes.BYTE', 'base64.b64encode', 'gettext', 'ctypes.c_char', 'copy', 'colorsys.yiq_to_rgb', 'traceback', 'json', 'struct.calcsize', 'struct.unpack', 'math', 'string', 'ctypes.c_ulong', 'struct.pack', 'datetime.datetime', 'collections.defaultdict', 'copy.deepcopy', 'logging'] needed in files ['usr/lib/sk1-wx-2.0rc5/uc2/formats/edr_pal/edr_presenter.py', 'usr/lib/sk1-wx-2.0rc5/uc2/cmds/help.py', 'usr/lib/sk1-wx-2.0rc5/sk1/app_cms.py', 'usr/lib/sk1-wx-2.0rc5/uc2/formats/ase/ase_presenter.py', 'usr/lib/sk1-wx-2.0rc5/uc2/formats/corel_pal/corel_pal_methods.py', 'usr/lib/sk1-wx-2.0rc5/sk1/app_conf.py', 'usr/lib/sk1-wx-2.0rc5/sk1/app_fsw.py', 'usr/lib/sk1-wx-2.0rc5/uc2/formats/pdxf/pdxf_cms.py', 'usr/lib/sk1-wx-2.0rc5/uc2/formats/cdr/cdr_translators.py', 'usr/lib/sk1-wx-2.0rc5/uc2/formats/dst/dst_presenter.py', 'usr/lib/sk1-wx-2.0rc5/uc2/formats/cmx/cmx_instr.py', 'usr/lib/sk1-wx-2.0rc5/sk1/share/pd_plugins/layers_plugin/__init__.py', 'usr/lib/sk1-wx-2.0rc5/uc2/formats/cgm/cgm_from_sk2.py', 'usr/lib/sk1-wx-2.0rc5/sk1/parts/menubar.py', 'usr/lib/sk1-wx-2.0rc5/uc2/formats/fig/__init__.py', 'usr/lib/sk1-wx-2.0rc5/sk1/parts/statusbar.py', 'usr/lib/sk1-wx-2.0rc5/uc2/formats/cdrz/__init__.py', 'usr/lib/sk1-wx-2.0rc5/sk1/document/presenter.py', 'usr/lib/sk1-wx-2.0rc5/sk1/document/controllers/editor_ellipse.py', 'usr/lib/sk1-wx-2.0rc5/sk1/share/pd_plugins/transform_plugin/transforms.py', 'usr/lib/sk1-wx-2.0rc5/uc2/formats/pdxf/resmngr.py', 'usr/lib/sk1-wx-2.0rc5/sk1/share/pd_plugins/transform_plugin/indicator.py', 'usr/lib/sk1-wx-2.0rc5/sk1/document/controllers/editor_polygon.py', 'usr/lib/sk1-wx-2.0rc5/uc2/formats/riff/riff_filters.py', 'usr/lib/sk1-wx-2.0rc5/uc2/formats/sk1/model.py', 'usr/lib/sk1-wx-2.0rc5/uc2/formats/corel_pal/corel_pal_presenter.py', 'usr/lib/sk1-wx-2.0rc5/sk1/parts/mw.py', 'usr/lib/sk1-wx-2.0rc5/wal/dialogs/modaldlgs.py', 'usr/lib/sk1-wx-2.0rc5/uc2/formats/sk2/crenderer.py', 'usr/lib/sk1-wx-2.0rc5/uc2/formats/dst/__init__.py', 'usr/lib/sk1-wx-2.0rc5/sk1/share/pd_plugins/transform_plugin/__init__.py', 'usr/lib/sk1-wx-2.0rc5/uc2/formats/plt/plt_presenter.py', 'usr/lib/sk1-wx-2.0rc5/uc2/formats/plt/plt_model.py', 'usr/lib/sk1-wx-2.0rc5/sk1/printing/prn_events.py', 'usr/lib/sk1-wx-2.0rc5/uc2/formats/pes/pes_filters.py', 'usr/lib/sk1-wx-2.0rc5/uc2/cmds/parts.py', 'usr/lib/sk1-wx-2.0rc5/sk1/pwidgets/unitctrls.py', 'usr/lib/sk1-wx-2.0rc5/uc2/formats/pdxf/pdxf_config.py', 'usr/lib/sk1-wx-2.0rc5/sk1/context/text.py', 'usr/lib/sk1-wx-2.0rc5/sk1/app_history.py', 'usr/lib/sk1-wx-2.0rc5/uc2/formats/pdf/pdf_filters.py', 'usr/lib/sk1-wx-2.0rc5/uc2/formats/cgm/cgm_presenter.py', 'usr/lib/sk1-wx-2.0rc5/sk1/share/pd_plugins/text_on_path/__init__.py', 'usr/lib/sk1-wx-2.0rc5/uc2/libgeom/objs.py', 'usr/lib/sk1-wx-2.0rc5/uc2/formats/edr_pal/__init__.py', 'usr/lib/sk1-wx-2.0rc5/uc2/formats/wmf/wmf_model.py', 'usr/lib/sk1-wx-2.0rc5/uc2/libpango/fonts.py', 'usr/lib/sk1-wx-2.0rc5/uc2/formats/cmx/cmx_presenter.py', 'usr/lib/sk1-wx-2.0rc5/sk1/pwidgets/fontctrl.py', 'usr/lib/sk1-wx-2.0rc5/uc2/formats/scribus_pal/scribus_pal_presenter.py', 'usr/lib/sk1-wx-2.0rc5/uc2/libgeom/trafo.py', 'usr/lib/sk1-wx-2.0rc5/uc2/formats/pdxf/model.py', 'usr/lib/sk1-wx-2.0rc5/sk1/pwidgets/strokectrls.py', 'usr/lib/sk1-wx-2.0rc5/sk1/modes.py', 'usr/lib/sk1-wx-2.0rc5/uc2/formats/sk/sk_translators.py', 'usr/lib/sk1-wx-2.0rc5/uc2/formats/wmf/wmf_utils.py', 'usr/lib/sk1-wx-2.0rc5/uc2/formats/dst/dst_to_sk2.py', 'usr/lib/sk1-wx-2.0rc5/sk1/events.py', 'usr/lib/sk1-wx-2.0rc5/sk1/app_proxy.py', 'usr/lib/sk1-wx-2.0rc5/uc2/formats/aco/aco_presenter.py', 'usr/lib/sk1-wx-2.0rc5/uc2/formats/pdxf/__init__.py', 'usr/lib/sk1-wx-2.0rc5/uc2/libgeom/bezier_ops.py', 'usr/lib/sk1-wx-2.0rc5/uc2/app_cms.py', 'usr/lib/sk1-wx-2.0rc5/uc2/formats/cmx/cmx_from_sk2.py', 'usr/lib/sk1-wx-2.0rc5/sk1/document/controllers/text_ctrl.py', 'usr/lib/sk1-wx-2.0rc5/sk1/__init__.py', 'usr/lib/sk1-wx-2.0rc5/uc2/formats/pes/__init__.py', 'usr/lib/sk1-wx-2.0rc5/uc2/libgeom/text_on_path.py', 'usr/lib/sk1-wx-2.0rc5/uc2/events.py', 'usr/lib/sk1-wx-2.0rc5/uc2/formats/wmf/wmf_translators.py', 'usr/lib/sk1-wx-2.0rc5/uc2/libgeom/shaping.py', 'usr/lib/sk1-wx-2.0rc5/sk1/printing/printdlg/ruler.py', 'usr/lib/sk1-wx-2.0rc5/uc2/formats/cpl/cpl_presenter.py', 'usr/lib/sk1-wx-2.0rc5/uc2/formats/fig/trafolib.py', 'usr/lib/sk1-wx-2.0rc5/uc2/formats/jcw/jcw_utils.py', 'usr/lib/sk1-wx-2.0rc5/sk1/pwidgets/colorctrls.py', 'usr/lib/sk1-wx-2.0rc5/uc2/formats/fig/fig_translators.py', 'usr/lib/sk1-wx-2.0rc5/uc2/libgeom/contour.py', 'usr/lib/sk1-wx-2.0rc5/uc2/cms/__init__.py', 'usr/lib/sk1-wx-2.0rc5/uc2/formats/soc/soc_presenter.py', 'usr/lib/sk1-wx-2.0rc5/uc2/formats/ase/ase_model.py', 'usr/lib/sk1-wx-2.0rc5/uc2/formats/wmf/wmf_filters.py', 'usr/lib/sk1-wx-2.0rc5/sk1/document/controllers/editor_bezier.py', 'usr/lib/sk1-wx-2.0rc5/uc2/libgeom/flattering.py', 'usr/lib/sk1-wx-2.0rc5/sk1/document/canvas.py', 'usr/lib/sk1-wx-2.0rc5/sk1/share/pd_plugins/iconizer/__init__.py', 'usr/lib/sk1-wx-2.0rc5/uc2/formats/fig/fig_presenter.py', 'usr/lib/sk1-wx-2.0rc5/wal/misc/clipboard.py', 'usr/lib/sk1-wx-2.0rc5/uc2/formats/edr_pal/edr_model.py', 'usr/lib/sk1-wx-2.0rc5/uc2/formats/riff/stub.py', 'usr/lib/sk1-wx-2.0rc5/sk1/dialogs/logconsole.py', 'usr/lib/sk1-wx-2.0rc5/sk1/dialogs/strokedlg.py', 'usr/lib/sk1-wx-2.0rc5/sk1/document/snapping.py', 'usr/lib/sk1-wx-2.0rc5/sk1/dialogs/docprops.py', 'usr/lib/sk1-wx-2.0rc5/uc2/formats/svg/svg_presenter.py', 'usr/lib/sk1-wx-2.0rc5/uc2/formats/dst/dst_from_sk2.py', 'usr/lib/sk1-wx-2.0rc5/sk1/dialogs/aboutdlg.py', 'usr/lib/sk1-wx-2.0rc5/uc2/formats/xml_/xml_presenter.py', 'usr/lib/sk1-wx-2.0rc5/sk1/dialogs/colordlg.py', 'usr/lib/sk1-wx-2.0rc5/uc2/formats/sk1/sk1_translators.py', 'usr/lib/sk1-wx-2.0rc5/uc2/utils/fsutils.py', 'usr/lib/sk1-wx-2.0rc5/sk1/share/pd_plugins/shaping/__init__.py', 'usr/lib/sk1-wx-2.0rc5/sk1/pwidgets/patternctrls.py', 'usr/lib/sk1-wx-2.0rc5/uc2/formats/plt/plt_translators.py', 'usr/lib/sk1-wx-2.0rc5/sk1/app_plugins.py', 'usr/lib/sk1-wx-2.0rc5/uc2/libpango/markup.py', 'usr/lib/sk1-wx-2.0rc5/sk1/document/eventloop.py', 'usr/lib/sk1-wx-2.0rc5/uc2/formats/sk2/sk2_cms.py', 'usr/lib/sk1-wx-2.0rc5/sk1/printing/cups_print.py', 'usr/lib/sk1-wx-2.0rc5/uc2/formats/cdr/cdr_presenter.py', 'usr/lib/sk1-wx-2.0rc5/uc2/formats/pes/pes_translators.py', 'usr/lib/sk1-wx-2.0rc5/uc2/formats/generic.py', 'usr/lib/sk1-wx-2.0rc5/sk1/document/api.py', 'usr/lib/sk1-wx-2.0rc5/uc2/utils/system.py', 'usr/lib/sk1-wx-2.0rc5/sk1/document/controllers/editor_text.py', 'usr/lib/sk1-wx-2.0rc5/sk1/parts/artprovider.py', 'usr/lib/sk1-wx-2.0rc5/uc2/cmds/__init__.py', 'usr/lib/sk1-wx-2.0rc5/uc2/formats/fig/fig_filters.py', 'usr/lib/sk1-wx-2.0rc5/uc2/formats/cdr/cdr_utils.py', 'usr/lib/sk1-wx-2.0rc5/uc2/utils/__init__.py', 'usr/lib/sk1-wx-2.0rc5/sk1/share/pd_plugins/text_on_circle/__init__.py', 'usr/lib/sk1-wx-2.0rc5/sk1/prefs/__init__.py', 'usr/lib/sk1-wx-2.0rc5/uc2/formats/plt/__init__.py', 'usr/lib/sk1-wx-2.0rc5/uc2/formats/svg/__init__.py', 'usr/lib/sk1-wx-2.0rc5/uc2/formats/riff/presenter.py', 'usr/lib/sk1-wx-2.0rc5/uc2/uc2conf.py', 'usr/lib/sk1-wx-2.0rc5/sk1/pwidgets/palette_viewer.py', 'usr/lib/sk1-wx-2.0rc5/uc2/cms/srgb_profile_rc.py', 'usr/lib/sk1-wx-2.0rc5/sk1/app_palettes.py', 'usr/lib/sk1-wx-2.0rc5/uc2/formats/xar/xar_presenter.py', 'usr/lib/sk1-wx-2.0rc5/sk1/printing/msw_print.py', 'usr/lib/sk1-wx-2.0rc5/sk1/printing/pdf_printer.py', 'usr/lib/sk1-wx-2.0rc5/sk1/app_stdout.py', 'usr/lib/sk1-wx-2.0rc5/sk1/prefs/prefs_ruler.py', 'usr/lib/sk1-wx-2.0rc5/uc2/libpango/paths.py', 'usr/lib/sk1-wx-2.0rc5/uc2/cms/libcms.py', 'usr/lib/sk1-wx-2.0rc5/sk1/parts/ctxpanel.py', 'usr/lib/sk1-wx-2.0rc5/uc2/formats/dst/dst_colors.py', 'usr/lib/sk1-wx-2.0rc5/uc2/utils/mixutils.py', 'usr/lib/sk1-wx-2.0rc5/uc2/formats/svgz/__init__.py', 'usr/lib/sk1-wx-2.0rc5/uc2/formats/pdxf/methods.py', 'usr/lib/sk1-wx-2.0rc5/uc2/formats/dst/dst_datatype.py', 'usr/lib/sk1-wx-2.0rc5/uc2/formats/sk2/sk2_methods.py', 'usr/lib/sk1-wx-2.0rc5/uc2/formats/xar/xar_datatype.py', 'usr/lib/sk1-wx-2.0rc5/uc2/formats/cpl/cpl_filters.py', 'usr/lib/sk1-wx-2.0rc5/sk1/document/ruler.py', 'usr/lib/sk1-wx-2.0rc5/uc2/formats/sk/sk_presenter.py', 'usr/lib/sk1-wx-2.0rc5/uc2/formats/aco/aco_const.py', 'usr/lib/sk1-wx-2.0rc5/uc2/libimg/__init__.py', 'usr/lib/sk1-wx-2.0rc5/sk1/document/renderer.py', 'usr/lib/sk1-wx-2.0rc5/uc2/utils/msw_utils.py', 'usr/lib/sk1-wx-2.0rc5/uc2/formats/xar/xar_translators.py', 'usr/lib/sk1-wx-2.0rc5/sk1/prefs/prefs_cms.py', 'usr/lib/sk1-wx-2.0rc5/uc2/cms/display_profile_rc.py', 'usr/lib/sk1-wx-2.0rc5/sk1/pwidgets/colorbtn.py', 'usr/lib/sk1-wx-2.0rc5/uc2/formats/__init__.py', 'usr/lib/sk1-wx-2.0rc5/uc2/formats/generic_filters.py', 'usr/lib/sk1-wx-2.0rc5/uc2/libimg/handlers.py', 'usr/lib/sk1-wx-2.0rc5/uc2/formats/cmx/cmx_model.py', 'usr/lib/sk1-wx-2.0rc5/sk1/prefs/prefs_ui.py', 'usr/lib/sk1-wx-2.0rc5/uc2/formats/wmf/wmf_presenter.py', 'usr/lib/sk1-wx-2.0rc5/uc2/formats/sk2/arrows.py', 'usr/lib/sk1-wx-2.0rc5/uc2/utils/translator.py', 'usr/lib/sk1-wx-2.0rc5/uc2/cms/lab_profile_rc.py', 'usr/lib/sk1-wx-2.0rc5/uc2/formats/svg/svg_methods.py', 'usr/lib/sk1-wx-2.0rc5/sk1/share/pd_plugins/align_plugin/__init__.py', 'usr/lib/sk1-wx-2.0rc5/uc2/cms/gray_profile_rc.py', 'usr/lib/sk1-wx-2.0rc5/uc2/libpango/core.py', 'usr/lib/sk1-wx-2.0rc5/wal/const/sysconst.py', 'usr/lib/sk1-wx-2.0rc5/uc2/libgeom/points.py', 'usr/lib/sk1-wx-2.0rc5/uc2/formats/cdr/cdr_model.py', 'usr/lib/sk1-wx-2.0rc5/sk1/context/page_format.py', 'usr/lib/sk1-wx-2.0rc5/uc2/formats/sk2/sk2_model.py', 'usr/lib/sk1-wx-2.0rc5/uc2/formats/sk1/presenter.py', 'usr/lib/sk1-wx-2.0rc5/uc2/cmds/translate.py', 'usr/lib/sk1-wx-2.0rc5/uc2/formats/pdf/pdfgen.py', 'usr/lib/sk1-wx-2.0rc5/uc2/formats/gpl/gpl_presenter.py', 'usr/lib/sk1-wx-2.0rc5/sk1/application.py', 'usr/lib/sk1-wx-2.0rc5/uc2/formats/xar/xar_model.py', 'usr/lib/sk1-wx-2.0rc5/uc2/libimg/magickwand.py', 'usr/lib/sk1-wx-2.0rc5/uc2/formats/aco/aco_model.py', 'usr/lib/sk1-wx-2.0rc5/sk1/dialogs/docinfodlg.py', 'usr/lib/sk1-wx-2.0rc5/uc2/cms/cmyk_profile_rc.py', 'usr/lib/sk1-wx-2.0rc5/uc2/formats/cgm/cgm_to_sk2.py', 'usr/lib/sk1-wx-2.0rc5/sk1/document/controllers/grad_ctrl.py', 'usr/lib/sk1-wx-2.0rc5/uc2/formats/xar/zipio.py', 'usr/lib/sk1-wx-2.0rc5/uc2/formats/jcw/jcw_presenter.py', 'usr/lib/sk1-wx-2.0rc5/sk1/document/controllers/trafo_ctrl.py', 'usr/lib/sk1-wx-2.0rc5/uc2/formats/sk/sk_model.py', 'usr/lib/sk1-wx-2.0rc5/sk1/pwidgets/fillctrls.py', 'usr/lib/sk1-wx-2.0rc5/uc2/formats/cdrz/presenter.py', 'usr/lib/sk1-wx-2.0rc5/uc2/application.py', 'usr/lib/sk1-wx-2.0rc5/uc2/formats/jcw/jcw_filters.py', 'usr/lib/sk1-wx-2.0rc5/uc2/formats/sk2/sk2_presenter.py', 'usr/lib/sk1-wx-2.0rc5/uc2/formats/pdxf/presenter.py', 'usr/lib/sk1-wx-2.0rc5/uc2/formats/cdrz/cdrz_filters.py', 'usr/lib/sk1-wx-2.0rc5/wal/dialogs/filedlgs.py', 'usr/lib/sk1-wx-2.0rc5/sk1/prefs/prefs_general.py', 'usr/lib/sk1-wx-2.0rc5/uc2/formats/fig/figlib.py', 'usr/lib/sk1-wx-2.0rc5/sk1/printing/winspool.py', 'usr/lib/sk1-wx-2.0rc5/uc2/formats/skp/skp_presenter.py', 'usr/lib/sk1-wx-2.0rc5/sk1/dialogs/filedlgs.py', 'usr/lib/sk1-wx-2.0rc5/uc2/__init__.py', 'usr/lib/sk1-wx-2.0rc5/uc2/formats/cdr/cdr_filters.py', 'usr/lib/sk1-wx-2.0rc5/uc2/formats/cgm/cgm_utils.py', 'usr/lib/sk1-wx-2.0rc5/uc2/cmds/configure.py', 'usr/lib/sk1-wx-2.0rc5/sk1/context/circle.py', 'usr/lib/sk1-wx-2.0rc5/uc2/formats/cmx/cmx_to_sk2.py', 'usr/lib/sk1-wx-2.0rc5/sk1/pwidgets/gradientctrls.py', 'usr/lib/sk1-wx-2.0rc5/uc2/formats/gpl/gpl_filters.py'])
sk1 W: Dependency glibc detected and implicitly satisfied (libraries ['usr/lib/libc.so.6'] needed in files ['usr/lib/sk1-wx-2.0rc5/uc2/libimg/_libimg.so', 'usr/lib/sk1-wx-2.0rc5/uc2/libpango/_libpango.so', 'usr/lib/sk1-wx-2.0rc5/uc2/libcairo/_libcairo.so', 'usr/lib/sk1-wx-2.0rc5/uc2/cms/_cms.so'])
sk1 W: Dependency glib2 detected and implicitly satisfied (libraries ['usr/lib/libglib-2.0.so.0', 'usr/lib/libgobject-2.0.so.0'] needed in files ['usr/lib/sk1-wx-2.0rc5/uc2/libpango/_libpango.so'])
sk1 W: Dependency hicolor-icon-theme detected and implicitly satisfied (needed for hicolor theme hierarchy)
sk1 W: Dependency python2 detected and implicitly satisfied (programs ['python2'] needed in scripts ['usr/bin/sk1'], libraries ['usr/lib/libpython2.7.so.1.0'] needed in files ['usr/lib/sk1-wx-2.0rc5/uc2/libimg/_libimg.so', 'usr/lib/sk1-wx-2.0rc5/uc2/libpango/_libpango.so', 'usr/lib/sk1-wx-2.0rc5/uc2/libcairo/_libcairo.so', 'usr/lib/sk1-wx-2.0rc5/uc2/cms/_cms.so'])
sk1 W: Dependency included, but may not be needed ('python2-wxpython3')
sk1 W: Dependency included, but may not be needed ('python2-cairo')
sk1 W: Dependency included, but may not be needed ('python2-pillow')
sk1 W: Dependency included, but may not be needed ('python2-reportlab')
sk1 W: Dependency included, but may not be needed ('python2-pycups')
