-- The C compiler identification is GNU 16.1.1
-- The CXX compiler identification is GNU 16.1.1
-- Detecting C compiler ABI info
-- Detecting C compiler ABI info - done
-- Check for working C compiler: /usr/bin/cc - skipped
-- Detecting C compile features
-- Detecting C compile features - done
-- Detecting CXX compiler ABI info
-- Detecting CXX compiler ABI info - done
-- Check for working CXX compiler: /usr/bin/c++ - skipped
-- Detecting CXX compile features
-- Detecting CXX compile features - done
-- Found PkgConfig: /usr/bin/pkg-config (found version "2.5.1")
-- Strawberry Version:
-- Display:  1.2.19-317-gde3ad2994
-- Package:  1.2.19.317.gde3ad2994
-- RPM:      1.2.19-2.317.gde3ad2994
-- Performing Test CMAKE_HAVE_LIBC_PTHREAD
-- Performing Test CMAKE_HAVE_LIBC_PTHREAD - Success
-- Found Threads: TRUE
-- Looking for backtrace
-- Looking for backtrace - found
-- backtrace facility detected in default set of libraries
-- Found Backtrace: /usr/include
-- Found ICU: /usr/include (found version "78.3") found components: uc i18n
-- Found ALSA: /usr/lib/libasound.so (found version "1.2.16")
-- Found X11: /usr/include  found components: X11_xcb
-- Looking for XOpenDisplay in /usr/lib/libX11.so;/usr/lib/libXext.so
-- Looking for XOpenDisplay in /usr/lib/libX11.so;/usr/lib/libXext.so - found
-- Looking for gethostbyname
-- Looking for gethostbyname - found
-- Looking for connect
-- Looking for connect - found
-- Looking for remove
-- Looking for remove - found
-- Looking for shmat
-- Looking for shmat - found
-- Looking for IceConnectionNumber in ICE
-- Looking for IceConnectionNumber in ICE - found
-- Checking for module 'glib-2.0'
--   Found glib-2.0, version 2.88.1
-- Checking for module 'gobject-2.0'
--   Found gobject-2.0, version 2.88.1
-- Checking for module 'gio-2.0'
--   Found gio-2.0, version 2.88.1
-- Checking for module 'gio-unix-2.0'
--   Found gio-unix-2.0, version 2.88.1
-- Checking for module 'libcdio'
--   Found libcdio, version 2.3.0
-- Checking for module 'gstreamer-1.0'
--   Found gstreamer-1.0, version 1.28.4
-- Checking for module 'gstreamer-base-1.0'
--   Found gstreamer-base-1.0, version 1.28.4
-- Checking for module 'gstreamer-audio-1.0'
--   Found gstreamer-audio-1.0, version 1.28.4
-- Checking for module 'gstreamer-app-1.0'
--   Found gstreamer-app-1.0, version 1.28.4
-- Checking for module 'gstreamer-tag-1.0'
--   Found gstreamer-tag-1.0, version 1.28.4
-- Checking for module 'gstreamer-pbutils-1.0'
--   Found gstreamer-pbutils-1.0, version 1.28.4
-- Checking for module 'sqlite3>=3.9'
--   Found sqlite3, version 3.53.2
-- Checking for module 'libpulse'
--   Found libpulse, version 17.0-98-gb096
-- Checking for module 'libchromaprint>=1.4'
--   Found libchromaprint, version 1.6.0
-- Checking for module 'fftw3'
--   Found fftw3, version 3.3.11
-- Checking for module 'libebur128'
--   Found libebur128, version 1.2.6
-- Checking for module 'libgpod-1.0>=0.7.92'
--   Found libgpod-1.0, version 0.8.3
-- Checking for module 'libmtp>=1.0'
--   Found libmtp, version 1.1.23
-- Checking for module 'gdk-pixbuf-2.0'
--   Found gdk-pixbuf-2.0, version 2.44.6
-- Found GTest: /usr/lib/cmake/GTest/GTestConfig.cmake (found version "1.17.0")
-- Checking for module 'libsparsehash'
--   Found libsparsehash, version 2.0.2
-- Performing Test HAVE_STDATOMIC
-- Performing Test HAVE_STDATOMIC - Success
-- Found WrapAtomic: TRUE
-- Found OpenGL: /usr/lib/libOpenGL.so
-- Found WrapOpenGL: TRUE
-- Found WrapVulkanHeaders: /usr/include
-- Found XKB: /usr/lib/libxkbcommon.so (found suitable version "1.13.2", minimum required is "0.9.0")
-- Performing Test HAVE_QX11APPLICATION
-- Performing Test HAVE_QX11APPLICATION - Success
-- Performing Test QT_SQLITE_TEST
-- Performing Test QT_SQLITE_TEST - Success

Building strawberry version: 1.2.19-317-gde3ad2994, Qt version 6.11.1

The following components will be built:
   ALSA integration
   D-Bus support
   Devices: Audio CD support
   Devices: GIO device backend
   Devices: GIO device backend (Unix support)
   Devices: MTP support
   Devices: UDisks2 backend
   Devices: iPod classic support
   Discord Rich Presence
   EBU R 128 loudness normalization
   KGlobalAccel global shortcuts
   MPRIS2 D-Bus Interface
   Moodbar
   Moodbar: Fast spectrum with FFTW3
   MusicBrainz integration
   PulseAudio integration
   QPA Platform Native Interface
   Song fingerprinting and tracking
   Stream tagreader
   Streaming: Qobuz
   Streaming: Spotify
   Streaming: Subsonic
   Streaming: Tidal
   Translations
   X11 global shortcuts

-- Configuring done (6.1s)
-- Generating done (0.2s)
-- Build files have been written to: /build/strawberry-git/src/build
[  0%] Generating data/strawberry_et_EE.qm
[  0%] Generating data/strawberry_cs_CZ.qm
[  0%] Generating data/strawberry_es_MX.qm
[  0%] Generating data/strawberry_fi_FI.qm
[  0%] Generating data/strawberry_ca_ES.qm
[  0%] Generating data/strawberry_es_ES.qm
[  0%] Generating data/strawberry_en_US.qm
[  0%] Generating data/strawberry_es_AR.qm
[  0%] Generating data/strawberry_de_DE.qm
[  1%] Generating data/strawberry_el_GR.qm
[  1%] Generating data/strawberry_el_CY.qm
[  1%] Generating data/strawberry_is_IS.qm
[  1%] Generating data/strawberry_fr_BE.qm
[  1%] Generating data/strawberry_fr_FR.qm
[  1%] Generating data/strawberry_hu_HU.qm
[  1%] Generating data/strawberry_id_ID.qm
[  1%] Generating data/strawberry_it_IT.qm
[  1%] Generating data/strawberry_ja_JP.qm
[  2%] Generating data/strawberry_ko_KR.qm
[  2%] Generating ui_userpassdialog.h
Updating '/build/strawberry-git/src/build/data/strawberry_en_US.qm'...
    Generated 0 translation(s) (0 finished and 0 unfinished)
    Ignored 1816 untranslated source text(s)
Updating '/build/strawberry-git/src/build/data/strawberry_el_GR.qm'...
    Generated 1816 translation(s) (1720 finished and 96 unfinished)
Updating '/build/strawberry-git/src/build/data/strawberry_de_DE.qm'...
    Generated 1816 translation(s) (1486 finished and 330 unfinished)
[  3%] Generating kglobalaccel.cpp, kglobalaccel.h
Updating '/build/strawberry-git/src/build/data/strawberry_fi_FI.qm'...
    Generated 1816 translation(s) (1146 finished and 670 unfinished)
Updating '/build/strawberry-git/src/build/data/strawberry_et_EE.qm'...
    Generated 1816 translation(s) (1816 finished and 0 unfinished)
Updating '/build/strawberry-git/src/build/data/strawberry_fr_FR.qm'...
    Generated 1816 translation(s) (1741 finished and 75 unfinished)
Updating '/build/strawberry-git/src/build/data/strawberry_ca_ES.qm'...
    Generated 1816 translation(s) (1006 finished and 810 unfinished)
Updating '/build/strawberry-git/src/build/data/strawberry_es_MX.qm'...
    Generated 1816 translation(s) (1697 finished and 119 unfinished)
[  3%] Generating data/strawberry_nb_NO.qm
Updating '/build/strawberry-git/src/build/data/strawberry_cs_CZ.qm'...
Removed plural forms as the target language has less forms.
If this sounds wrong, possibly the target language is not set or recognized.
    Generated 1816 translation(s) (1243 finished and 573 unfinished)
[  3%] Generating kglobalaccelcomponent.cpp, kglobalaccelcomponent.h
Updating '/build/strawberry-git/src/build/data/strawberry_id_ID.qm'...
    Generated 1816 translation(s) (1060 finished and 756 unfinished)
Updating '/build/strawberry-git/src/build/data/strawberry_el_CY.qm'...
    Generated 1816 translation(s) (452 finished and 1364 unfinished)
Updating '/build/strawberry-git/src/build/data/strawberry_es_AR.qm'...
    Generated 1816 translation(s) (1410 finished and 406 unfinished)
Updating '/build/strawberry-git/src/build/data/strawberry_fr_BE.qm'...
    Generated 1816 translation(s) (1593 finished and 223 unfinished)
Updating '/build/strawberry-git/src/build/data/strawberry_ja_JP.qm'...
    Generated 1816 translation(s) (1540 finished and 276 unfinished)
Updating '/build/strawberry-git/src/build/data/strawberry_hu_HU.qm'...
Removed plural forms as the target language has less forms.
If this sounds wrong, possibly the target language is not set or recognized.
    Generated 1816 translation(s) (1475 finished and 341 unfinished)
Updating '/build/strawberry-git/src/build/data/strawberry_es_ES.qm'...
    Generated 1816 translation(s) (1697 finished and 119 unfinished)
[  3%] Generating data/strawberry_pl_PL.qm
[  3%] Generating data/strawberry_nl_NL.qm
Updating '/build/strawberry-git/src/build/data/strawberry_is_IS.qm'...
    Generated 1816 translation(s) (1693 finished and 123 unfinished)
Updating '/build/strawberry-git/src/build/data/strawberry_ko_KR.qm'...
    Generated 1816 translation(s) (1229 finished and 587 unfinished)
Updating '/build/strawberry-git/src/build/data/strawberry_it_IT.qm'...
    Generated 1816 translation(s) (1446 finished and 370 unfinished)
[  3%] Generating data/strawberry_pt_BR.qm
[  3%] Generating data/strawberry_tr_CY.qm
[  3%] Generating data/strawberry_sv_SE.qm
[  3%] Generating data/strawberry_ru_RU.qm
[  3%] Generating mpris2_player.cpp, mpris2_player.h
[  3%] Generating mpris2_playlists.cpp, mpris2_playlists.h
[  3%] Generating mpris2_root.cpp, mpris2_root.h
[  3%] Generating mpris2_tracklist.cpp, mpris2_tracklist.h
[  3%] Generating data/strawberry_vi_VN.qm
[  3%] Generating data/strawberry_zh_CN.qm
[  3%] Generating data/strawberry_uk_UA.qm
[  3%] Generating data/strawberry_zh_TW.qm
[  3%] Generating notification.cpp, notification.h
[  3%] Generating data/strawberry_tr_TR.qm
[  3%] Generating objectmanager.cpp, objectmanager.h
[  3%] Generating udisks2block.cpp, udisks2block.h
[  3%] Generating udisks2drive.cpp, udisks2drive.h
Updating '/build/strawberry-git/src/build/data/strawberry_nb_NO.qm'...
    Generated 1816 translation(s) (1355 finished and 461 unfinished)
[  3%] Generating qrc_data.cpp
[  3%] Generating udisks2job.cpp, udisks2job.h
[  3%] Generating udisks2filesystem.cpp, udisks2filesystem.h
Updating '/build/strawberry-git/src/build/data/strawberry_pl_PL.qm'...
Removed plural forms as the target language has less forms.
If this sounds wrong, possibly the target language is not set or recognized.
    Generated 1816 translation(s) (1352 finished and 464 unfinished)
[  3%] Generating src/analyzer/moc_analyzerbase.cpp
[  3%] Generating qrc_icons.cpp
[  3%] Generating src/analyzer/moc_analyzercontainer.cpp
[  3%] Generating src/analyzer/moc_blockanalyzer.cpp
Updating '/build/strawberry-git/src/build/data/strawberry_tr_CY.qm'...
Removed plural forms as the target language has less forms.
If this sounds wrong, possibly the target language is not set or recognized.
    Generated 1816 translation(s) (1 finished and 1815 unfinished)
[  3%] Generating src/analyzer/moc_boomanalyzer.cpp
Updating '/build/strawberry-git/src/build/data/strawberry_sv_SE.qm'...
    Generated 1816 translation(s) (1722 finished and 94 unfinished)
Updating '/build/strawberry-git/src/build/data/strawberry_nl_NL.qm'...
    Generated 1816 translation(s) (1124 finished and 692 unfinished)
Updating '/build/strawberry-git/src/build/data/strawberry_ru_RU.qm'...
Removed plural forms as the target language has less forms.
If this sounds wrong, possibly the target language is not set or recognized.
    Generated 1816 translation(s) (1816 finished and 0 unfinished)
Updating '/build/strawberry-git/src/build/data/strawberry_pt_BR.qm'...
    Generated 1816 translation(s) (1459 finished and 357 unfinished)
Updating '/build/strawberry-git/src/build/data/strawberry_tr_TR.qm'...
Removed plural forms as the target language has less forms.
If this sounds wrong, possibly the target language is not set or recognized.
    Generated 1816 translation(s) (1471 finished and 345 unfinished)
[  3%] Generating src/analyzer/moc_rainbowanalyzer.cpp
[  3%] Generating src/analyzer/moc_sonogramanalyzer.cpp
[  3%] Generating src/analyzer/moc_turbineanalyzer.cpp
Updating '/build/strawberry-git/src/build/data/strawberry_vi_VN.qm'...
    Generated 1816 translation(s) (1696 finished and 120 unfinished)
Updating '/build/strawberry-git/src/build/data/strawberry_uk_UA.qm'...
Removed plural forms as the target language has less forms.
If this sounds wrong, possibly the target language is not set or recognized.
    Generated 1816 translation(s) (1688 finished and 128 unfinished)
Updating '/build/strawberry-git/src/build/data/strawberry_zh_CN.qm'...
    Generated 1816 translation(s) (1816 finished and 0 unfinished)
[  3%] Generating src/collection/moc_collectiondirectorymodel.cpp
Updating '/build/strawberry-git/src/build/data/strawberry_zh_TW.qm'...
    Generated 1816 translation(s) (157 finished and 1659 unfinished)
[  3%] Generating src/collection/moc_collectionlibrary.cpp
[  4%] Generating src/collection/moc_collectionbackend.cpp
[  4%] Generating src/analyzer/moc_waverubberanalyzer.cpp
[  4%] Generating src/collection/moc_collectionfilter.cpp
[  4%] Generating src/collection/moc_collectionfilterwidget.cpp
[  4%] Generating src/collection/moc_collectionitemdelegate.cpp
[  4%] Generating src/collection/moc_collectionmodel.cpp
[  4%] Generating src/collection/moc_collectionview.cpp
[  4%] Generating src/collection/moc_collectionviewcontainer.cpp
[  4%] Generating src/collection/moc_collectionwatcher.cpp
[  4%] Generating src/collection/moc_groupbydialog.cpp
[  4%] Generating src/context/moc_contextalbum.cpp
[  4%] Generating src/collection/moc_savedgroupingmanager.cpp
[  4%] Built target strawberry_lrelease
[  4%] Generating src/core/moc_application.cpp
[  4%] Generating src/core/moc_database.cpp
[  4%] Generating src/core/moc_filesystemwatcherinotify.cpp
[  4%] Generating src/context/moc_contextview.cpp
[  4%] Generating src/core/moc_deletefiles.cpp
[  4%] Generating src/core/moc_logging.cpp
[  4%] Generating src/core/moc_httpbaserequest.cpp
[  4%] Generating src/core/moc_jsonbaserequest.cpp
[  4%] Generating src/core/moc_localredirectserver.cpp
[  4%] Generating src/core/moc_filesystemwatcherinterface.cpp
[  4%] Generating src/core/moc_memorydatabase.cpp
[  4%] Generating src/core/moc_mergedproxymodel.cpp
[  4%] Generating src/core/moc_mainwindow.cpp
[  4%] Generating src/core/moc_mimedata.cpp
[  4%] Generating src/core/moc_multisortfilterproxy.cpp
[  4%] Generating src/core/moc_networktimeouts.cpp
[  4%] Generating src/core/moc_networkaccessmanager.cpp
[  4%] Generating src/core/moc_oauthenticator.cpp
[  4%] Generating src/core/moc_songmimedata.cpp
[  4%] Generating src/core/moc_player.cpp
[  5%] Generating src/core/moc_playerinterface.cpp
[  5%] Generating src/core/moc_standarditemiconloader.cpp
[  5%] Generating src/core/moc_songloader.cpp
[  5%] Generating src/core/moc_settings.cpp
[  5%] Generating src/core/moc_stylesheetloader.cpp
[  5%] Generating src/core/moc_threadsafenetworkdiskcache.cpp
[  5%] Generating src/core/moc_taskmanager.cpp
[  5%] Generating src/core/moc_unixsignalwatcher.cpp
[  5%] Generating src/core/moc_urlhandlers.cpp
[  5%] Generating src/core/moc_urlhandler.cpp
[  6%] Generating src/core/moc_thread.cpp
[  6%] Generating src/covermanager/moc_albumcoverchoicecontroller.cpp
[  6%] Generating src/covermanager/moc_albumcoverexport.cpp
[  6%] Generating src/covermanager/moc_albumcoverfetcher.cpp
[  6%] Generating src/covermanager/moc_albumcoverexporter.cpp
[  6%] Generating src/covermanager/moc_albumcoverfetchersearch.cpp
[  7%] Generating src/covermanager/moc_albumcoverloader.cpp
[  7%] Generating src/covermanager/moc_coverfromurldialog.cpp
[  7%] Generating src/covermanager/moc_albumcovermanager.cpp
[  7%] Generating src/covermanager/moc_coversearchstatisticsdialog.cpp
[  7%] Generating src/covermanager/moc_coverexportrunnable.cpp
[  7%] Generating src/covermanager/moc_albumcoversearcher.cpp
[  7%] Generating src/covermanager/moc_coverprovider.cpp
[  7%] Generating src/covermanager/moc_coverproviders.cpp
[  7%] Generating src/covermanager/moc_albumcovermanagerlist.cpp
[  7%] Generating src/covermanager/moc_currentalbumcoverloader.cpp
[  7%] Generating src/covermanager/moc_deezercoverprovider.cpp
[  7%] Generating src/covermanager/moc_jsoncoverprovider.cpp
[  7%] Generating src/covermanager/moc_discogscoverprovider.cpp
[  8%] Generating src/covermanager/moc_lastfmcoverprovider.cpp
[  8%] Generating src/covermanager/moc_musicbrainzcoverprovider.cpp
[  8%] Generating src/covermanager/moc_opentidalcoverprovider.cpp
[  9%] Generating src/covermanager/moc_qobuzcoverprovider.cpp
[  9%] Generating src/device/moc_devicemanager.cpp
[  9%] Generating src/covermanager/moc_spotifycoverprovider.cpp
[  9%] Generating src/covermanager/moc_musixmatchcoverprovider.cpp
[  9%] Generating src/device/moc_devicelister.cpp
[  9%] Generating src/covermanager/moc_tidalcoverprovider.cpp
[  9%] Generating src/device/moc_cddadevice.cpp
[  9%] Generating src/device/moc_cddalister.cpp
[  9%] Generating src/device/moc_cddasongloader.cpp
[  9%] Generating src/device/moc_devicestatefiltermodel.cpp
[  9%] Generating src/device/moc_deviceproperties.cpp
[  9%] Generating src/device/moc_deviceview.cpp
[  9%] Generating src/device/moc_devicedatabasebackend.cpp
[  9%] Generating src/device/moc_connecteddevice.cpp
[ 10%] Generating src/device/moc_deviceviewcontainer.cpp
[ 10%] Generating src/device/moc_filesystemdevice.cpp
[ 10%] Generating src/device/moc_giolister.cpp
[ 10%] Generating src/device/moc_gpodloader.cpp
[ 10%] Generating src/device/moc_mtpconnection.cpp
[ 10%] Generating src/device/moc_gpoddevice.cpp
[ 10%] Generating src/device/moc_mtploader.cpp
[ 10%] Generating src/dialogs/moc_lastfmimportdialog.cpp
[ 10%] Generating src/device/moc_mtpdevice.cpp
[ 10%] Generating src/dialogs/moc_about.cpp
[ 10%] Generating src/dialogs/moc_console.cpp
[ 11%] Generating src/device/moc_udisks2lister.cpp
[ 11%] Generating src/dialogs/moc_addstreamdialog.cpp
[ 11%] Generating src/dialogs/moc_edittagdialog.cpp
[ 11%] Generating src/dialogs/moc_errordialog.cpp
[ 11%] Generating src/dialogs/moc_deleteconfirmationdialog.cpp
[ 11%] Generating src/dialogs/moc_messagedialog.cpp
[ 11%] Generating src/dialogs/moc_saveplaylistsdialog.cpp
[ 12%] Generating src/dialogs/moc_trackselectiondialog.cpp
[ 12%] Generating src/dialogs/moc_userpassdialog.cpp
[ 12%] Generating src/discord/moc_discordrpc.cpp
[ 12%] Generating src/discord/moc_discordrichpresence.cpp
[ 12%] Generating src/engine/moc_gstengine.cpp
[ 12%] Generating src/engine/moc_gstenginepipeline.cpp
[ 12%] Generating src/engine/moc_devicefinders.cpp
[ 13%] Generating src/equalizer/moc_equalizer.cpp
[ 13%] Generating src/engine/moc_enginebase.cpp
[ 13%] Generating src/fileview/moc_fileview.cpp
[ 13%] Generating src/fileview/moc_fileviewlist.cpp
[ 13%] Generating src/fileview/moc_fileviewtreemodel.cpp
[ 13%] Generating src/fileview/moc_fileviewtree.cpp
[ 13%] Generating src/equalizer/moc_equalizerslider.cpp
[ 13%] Generating src/globalshortcuts/moc_globalshortcutgrabber.cpp
[ 13%] Generating src/globalshortcuts/moc_globalshortcut.cpp
[ 13%] Generating src/globalshortcuts/moc_globalshortcutsbackend-kglobalaccel.cpp
[ 13%] Generating src/globalshortcuts/moc_globalshortcutsbackend.cpp
[ 14%] Generating src/globalshortcuts/moc_globalshortcutsbackend-x11.cpp
[ 14%] Generating src/globalshortcuts/moc_globalshortcutsmanager.cpp
[ 14%] Generating src/lyrics/moc_azlyricscomlyricsprovider.cpp
[ 14%] Generating src/lyrics/moc_htmllyricsprovider.cpp
[ 14%] Generating src/lyrics/moc_elyricsnetlyricsprovider.cpp
[ 15%] Generating src/lyrics/moc_geniuslyricsprovider.cpp
[ 15%] Generating src/lyrics/moc_lrcliblyricsprovider.cpp
[ 15%] Generating src/lyrics/moc_letraslyricsprovider.cpp
[ 15%] Generating src/lyrics/moc_jsonlyricsprovider.cpp
[ 15%] Generating src/lyrics/moc_lyricsfetcher.cpp
[ 15%] Generating src/lyrics/moc_lyricsfetchersearch.cpp
[ 15%] Generating src/lyrics/moc_lyricsprovider.cpp
[ 15%] Generating src/lyrics/moc_lyricsproviders.cpp
[ 15%] Generating src/lyrics/moc_musixmatchlyricsprovider.cpp
[ 15%] Generating src/moodbar/moc_moodbarcontroller.cpp
[ 15%] Generating src/moodbar/moc_moodbaritemdelegate.cpp
[ 15%] Generating src/lyrics/moc_songlyricscomlyricsprovider.cpp
[ 15%] Generating src/lyrics/moc_ovhlyricsprovider.cpp
[ 15%] Generating src/moodbar/moc_moodbarloader.cpp
[ 15%] Generating src/moodbar/moc_moodbarpipeline.cpp
[ 15%] Generating src/organize/moc_organizedialog.cpp
[ 15%] Generating src/moodbar/moc_moodbarproxystyle.cpp
[ 15%] Generating src/mpris2/moc_mpris2.cpp
[ 15%] Generating src/musicbrainz/moc_acoustidclient.cpp
[ 15%] Generating src/musicbrainz/moc_tagfetcher.cpp
[ 15%] Generating src/organize/moc_organize.cpp
[ 15%] Generating src/musicbrainz/moc_musicbrainzclient.cpp
[ 15%] Generating src/playlist/moc_dynamicplaylistcontrols.cpp
[ 15%] Generating src/organize/moc_organizeerrordialog.cpp
[ 15%] Generating src/organize/moc_organizesyntaxhighlighter.cpp
[ 15%] Generating src/playlist/moc_playlist.cpp
[ 16%] Generating src/organize/moc_organizeformatvalidator.cpp
[ 16%] Generating src/osd/moc_osddbus.cpp
[ 16%] Generating src/osd/moc_osdbase.cpp
[ 16%] Generating src/osd/moc_osdpretty.cpp
[ 16%] Generating src/playlist/moc_playlistbackend.cpp
[ 16%] Generating src/playlist/moc_playlistcontainer.cpp
[ 16%] Generating src/playlist/moc_playlistdelegates.cpp
[ 16%] Generating src/playlist/moc_playlistfilter.cpp
[ 16%] Generating src/playlist/moc_playlistheader.cpp
[ 16%] Generating src/playlist/moc_playlistlistsortfiltermodel.cpp
[ 16%] Generating src/playlist/moc_playlistitemmimedata.cpp
[ 16%] Generating src/playlist/moc_playlistlistcontainer.cpp
[ 16%] Generating src/playlist/moc_playlistlistmodel.cpp
[ 16%] Generating src/playlist/moc_playlistlistview.cpp
[ 17%] Generating src/playlist/moc_playlistmanager.cpp
[ 17%] Generating src/playlist/moc_playlistproxystyle.cpp
[ 17%] Generating src/playlist/moc_playlistmanagerinterface.cpp
[ 17%] Generating src/playlist/moc_playlistsaveoptionsdialog.cpp
[ 17%] Generating src/playlist/moc_playlistsequence.cpp
[ 17%] Generating src/playlist/moc_playlistview.cpp
[ 17%] Generating src/playlist/moc_songloaderinserter.cpp
[ 17%] Generating src/playlistparsers/moc_asxiniparser.cpp
[ 17%] Generating src/playlist/moc_playlisttabbar.cpp
[ 17%] Generating src/playlistparsers/moc_asxparser.cpp
[ 17%] Generating src/playlistparsers/moc_m3uparser.cpp
[ 18%] Generating src/playlistparsers/moc_cueparser.cpp
[ 18%] Generating src/playlistparsers/moc_parserbase.cpp
[ 18%] Generating src/playlistparsers/moc_playlistparser.cpp
[ 18%] Generating src/playlistparsers/moc_wplparser.cpp
[ 18%] Generating src/playlistparsers/moc_plsparser.cpp
[ 18%] Generating src/playlistparsers/moc_xspfparser.cpp
[ 18%] Generating src/qobuz/moc_qobuzbaserequest.cpp
[ 18%] Generating src/qobuz/moc_qobuzcredentialfetcher.cpp
[ 18%] Generating src/playlistparsers/moc_xmlparser.cpp
[ 18%] Generating src/qobuz/moc_qobuzmetadatarequest.cpp
[ 18%] Generating src/radios/moc_radiobackend.cpp
[ 18%] Generating src/qobuz/moc_qobuzfavoriterequest.cpp
[ 18%] Generating src/qobuz/moc_qobuzrequest.cpp
[ 18%] Generating src/qobuz/moc_qobuzservice.cpp
[ 18%] Generating src/qobuz/moc_qobuzstreamurlrequest.cpp
[ 18%] Generating src/qobuz/moc_qobuzurlhandler.cpp
[ 18%] Generating src/queue/moc_queue.cpp
[ 18%] Generating src/queue/moc_queueview.cpp
[ 18%] Generating src/radios/moc_radiobrowsersearchmodel.cpp
[ 18%] Generating src/radios/moc_radiobrowserservice.cpp
[ 18%] Generating src/radios/moc_radiobrowsersearchview.cpp
[ 18%] Generating src/radios/moc_radioviewcontainer.cpp
[ 18%] Generating src/radios/moc_radiomimedata.cpp
[ 18%] Generating src/radios/moc_radiomodel.cpp
[ 18%] Generating src/radios/moc_radioparadiseservice.cpp
[ 18%] Generating src/radios/moc_radioservice.cpp
[ 18%] Generating src/radios/moc_radioview.cpp
[ 19%] Generating src/radios/moc_somafmservice.cpp
[ 19%] Generating src/scrobbler/moc_audioscrobbler.cpp
[ 18%] Generating src/radios/moc_radioservices.cpp
[ 19%] Generating src/scrobbler/moc_lastfmscrobbler.cpp
[ 19%] Generating src/scrobbler/moc_listenbrainzscrobbler.cpp
[ 19%] Generating src/scrobbler/moc_scrobblerservice.cpp
[ 19%] Generating src/scrobbler/moc_lastfmimport.cpp
[ 19%] Generating src/scrobbler/moc_scrobblercache.cpp
[ 19%] Generating src/scrobbler/moc_scrobblersettingsservice.cpp
[ 19%] Generating src/scrobbler/moc_subsonicscrobbler.cpp
[ 19%] Generating src/settings/moc_appearancesettingspage.cpp
[ 19%] Generating src/settings/moc_behavioursettingspage.cpp
[ 19%] Generating src/settings/moc_backendsettingspage.cpp
[ 19%] Generating src/settings/moc_collectionsettingsdirectorymodel.cpp
[ 19%] Generating src/settings/moc_contextsettingspage.cpp
[ 19%] Generating src/settings/moc_notificationssettingspage.cpp
[ 19%] Generating src/settings/moc_coverssettingspage.cpp
[ 19%] Generating src/settings/moc_collectionsettingspage.cpp
[ 19%] Generating src/settings/moc_moodbarsettingspage.cpp
[ 19%] Generating src/settings/moc_scrobblersettingspage.cpp
[ 19%] Generating src/settings/moc_lyricssettingspage.cpp
[ 19%] Generating src/settings/moc_globalshortcutssettingspage.cpp
[ 19%] Generating src/settings/moc_networkproxysettingspage.cpp
[ 20%] Generating src/settings/moc_qobuzsettingspage.cpp
[ 20%] Generating src/settings/moc_playlistsettingspage.cpp
[ 20%] Generating src/settings/moc_radiosettingspage.cpp
[ 20%] Generating src/settings/moc_settingsdialog.cpp
[ 20%] Generating src/settings/moc_settingsitemdelegate.cpp
[ 20%] Generating src/settings/moc_spotifysettingspage.cpp
[ 20%] Generating src/settings/moc_settingspage.cpp
[ 20%] Generating src/settings/moc_subsonicsettingspage.cpp
[ 20%] Generating src/settings/moc_tidalsettingspage.cpp
[ 20%] Generating src/smartplaylists/moc_playlistquerygenerator.cpp
[ 20%] Generating src/settings/moc_transcodersettingspage.cpp
[ 20%] Generating src/smartplaylists/moc_smartplaylistquerywizardplugin.cpp
[ 20%] Generating src/smartplaylists/moc_playlistgenerator.cpp
[ 20%] Generating src/smartplaylists/moc_playlistgeneratorinserter.cpp
[ 21%] Generating src/smartplaylists/moc_smartplaylistquerywizardpluginsearchpage.cpp
[ 21%] Generating src/smartplaylists/moc_playlistgeneratormimedata.cpp
[ 21%] Generating src/smartplaylists/moc_smartplaylistquerywizardpluginsortpage.cpp
[ 21%] Generating src/smartplaylists/moc_smartplaylistsearchtermwidget.cpp
[ 21%] Generating src/smartplaylists/moc_smartplaylistsearchpreview.cpp
[ 21%] Generating src/smartplaylists/moc_smartplaylistsmodel.cpp
[ 21%] Generating src/smartplaylists/moc_smartplaylistsearchtermwidgetoverlay.cpp
[ 21%] Generating src/smartplaylists/moc_smartplaylistsview.cpp
[ 21%] Generating src/smartplaylists/moc_smartplaylistsviewcontainer.cpp
[ 21%] Generating src/smartplaylists/moc_smartplaylistwizardtypepage.cpp
[ 21%] Generating src/smartplaylists/moc_smartplaylistwizardfinishpage.cpp
[ 21%] Generating src/smartplaylists/moc_smartplaylistwizardplugin.cpp
[ 21%] Generating src/spotify/moc_spotifybaserequest.cpp
[ 21%] Generating src/smartplaylists/moc_smartplaylistwizard.cpp
[ 22%] Generating src/spotify/moc_spotifyfavoriterequest.cpp
[ 22%] Generating src/spotify/moc_spotifyrequest.cpp
[ 22%] Generating src/spotify/moc_spotifymetadatarequest.cpp
[ 22%] Generating src/spotify/moc_spotifyservice.cpp
[ 22%] Generating src/streaming/moc_streamingcollectionviewcontainer.cpp
[ 22%] Generating src/streaming/moc_streamingcollectionview.cpp
[ 22%] Generating src/streaming/moc_streamingsearchmodel.cpp
[ 22%] Generating src/streaming/moc_streamingsearchitemdelegate.cpp
[ 22%] Generating src/streaming/moc_streamingservice.cpp
[ 23%] Generating src/streaming/moc_streamingsearchview.cpp
[ 23%] Generating src/streaming/moc_streamingsearchsortmodel.cpp
[ 23%] Generating src/streaming/moc_streamingtabsview.cpp
[ 23%] Generating src/streaming/moc_streamsongmimedata.cpp
[ 23%] Generating src/streaming/moc_streamingsongsview.cpp
[ 23%] Generating src/streaming/moc_streamingservices.cpp
[ 23%] Generating src/subsonic/moc_subsonicrequest.cpp
[ 25%] Generating src/subsonic/moc_subsonicscrobblerequest.cpp
[ 25%] Generating src/subsonic/moc_subsonicbaserequest.cpp
[ 25%] Generating src/subsonic/moc_subsonicservice.cpp
[ 25%] Generating src/systemtrayicon/moc_qtsystemtrayicon.cpp
[ 25%] Generating src/subsonic/moc_subsonicurlhandler.cpp
[ 25%] Generating src/tagreader/moc_tagreaderreadfilereply.cpp
[ 25%] Generating src/tidal/moc_tidalbaserequest.cpp
[ 26%] Generating src/tagreader/moc_tagreaderloadcoverdatareply.cpp
[ 26%] Generating src/tagreader/moc_tagreaderloadcoverimagereply.cpp
[ 26%] Generating src/tagreader/moc_tagreaderclient.cpp
[ 26%] Generating src/tagreader/moc_tagreaderreply.cpp
[ 26%] Generating src/tidal/moc_tidalurlhandler.cpp
[ 26%] Generating src/tidal/moc_tidalfavoriterequest.cpp
[ 26%] Generating src/tagreader/moc_tagreaderreadstreamreply.cpp
[ 26%] Generating src/tidal/moc_tidalrequest.cpp
[ 26%] Generating src/transcoder/moc_transcodedialog.cpp
[ 26%] Generating src/tidal/moc_tidalservice.cpp
[ 26%] Generating src/tidal/moc_tidalstreamurlrequest.cpp
[ 26%] Generating src/transcoder/moc_transcoder.cpp
[ 26%] Generating src/transcoder/moc_transcoderoptionsaac.cpp
[ 27%] Generating src/transcoder/moc_transcoderoptionsdialog.cpp
[ 27%] Generating src/transcoder/moc_transcoderoptionsasf.cpp
[ 27%] Generating src/transcoder/moc_transcoderoptionsflac.cpp
[ 27%] Generating src/transcoder/moc_transcoderoptionsinterface.cpp
[ 27%] Generating src/transcoder/moc_transcoderoptionsmp3.cpp
[ 27%] Generating src/transcoder/moc_transcoderoptionsopus.cpp
[ 27%] Generating src/transcoder/moc_transcoderoptionsvorbis.cpp
[ 27%] Generating src/transcoder/moc_transcoderoptionswavpack.cpp
[ 27%] Generating src/transcoder/moc_transcoderoptionsspeex.cpp
[ 27%] Generating src/widgets/moc_fancytabdata.cpp
[ 27%] Generating src/widgets/moc_autoexpandingtreeview.cpp
[ 28%] Generating src/widgets/moc_favoritewidget.cpp
[ 28%] Generating src/widgets/moc_fancytabbar.cpp
[ 28%] Generating src/widgets/moc_clickablelabel.cpp
[ 28%] Generating src/widgets/moc_busyindicator.cpp
[ 28%] Generating src/widgets/moc_fancytabwidget.cpp
[ 28%] Generating src/widgets/moc_forcescrollperpixel.cpp
[ 28%] Generating src/widgets/moc_lineedit.cpp
[ 28%] Generating src/widgets/moc_groupediconview.cpp
[ 28%] Generating src/widgets/moc_freespacebar.cpp
[ 28%] Generating src/widgets/moc_linetextedit.cpp
[ 28%] Generating src/widgets/moc_loginstatewidget.cpp
[ 28%] Generating src/widgets/moc_multiloadingindicator.cpp
[ 28%] Generating src/widgets/moc_playingwidget.cpp
[ 28%] Generating src/widgets/moc_prettyslider.cpp
[ 28%] Generating src/widgets/moc_ratingwidget.cpp
[ 28%] Generating src/widgets/moc_renametablineedit.cpp
[ 28%] Generating src/widgets/moc_resizabletextedit.cpp
[ 28%] Generating src/widgets/moc_trackslider.cpp
[ 28%] Generating src/widgets/moc_stretchheaderview.cpp
[ 28%] Generating src/widgets/moc_searchfield.cpp
[ 28%] Generating src/widgets/moc_searchfield_qt_private.cpp
[ 29%] Generating src/widgets/moc_tracksliderpopup.cpp
[ 29%] Generating src/widgets/moc_volumeslider.cpp
[ 29%] Generating src/widgets/moc_sliderslider.cpp
[ 29%] Generating ui_albumcovermanager.h
[ 29%] Generating src/widgets/moc_stickyslider.cpp
[ 29%] Generating src/widgets/moc_tracksliderslider.cpp
[ 29%] Generating ui_about.h
[ 29%] Generating ui_albumcoversearcher.h
[ 29%] Generating ui_albumcoverexport.h
[ 29%] Generating ui_addstreamdialog.h
[ 29%] Generating ui_appearancesettingspage.h
[ 29%] Generating ui_behavioursettingspage.h
[ 29%] Generating ui_backendsettingspage.h
[ 29%] Generating ui_collectionsettingspage.h
[ 30%] Generating ui_collectionfilterwidget.h
[ 30%] Generating ui_console.h
[ 30%] Generating ui_coversearchstatisticsdialog.h
[ 30%] Generating ui_collectionviewcontainer.h
[ 30%] Generating ui_coverssettingspage.h
[ 31%] Generating ui_contextsettingspage.h
[ 31%] Generating ui_coverfromurldialog.h
[ 31%] Generating ui_deviceproperties.h
[ 31%] Generating ui_dynamicplaylistcontrols.h
[ 31%] Generating ui_deviceviewcontainer.h
[ 31%] Generating ui_edittagdialog.h
[ 31%] Generating ui_equalizer.h
[ 31%] Generating ui_equalizerslider.h
[ 31%] Generating ui_fileview.h
[ 31%] Generating ui_errordialog.h
[ 31%] Generating ui_globalshortcutgrabber.h
[ 31%] Generating ui_globalshortcutssettingspage.h
[ 31%] Generating ui_groupbydialog.h
[ 31%] Generating ui_lastfmimportdialog.h
[ 31%] Generating ui_loginstatewidget.h
[ 31%] Generating ui_lyricssettingspage.h
[ 31%] Generating ui_mainwindow.h
[ 31%] Generating ui_organizeerrordialog.h
[ 31%] Generating ui_notificationssettingspage.h
[ 31%] Generating ui_moodbarsettingspage.h
[ 31%] Generating ui_playlistcontainer.h
[ 31%] Generating ui_organizedialog.h
[ 31%] Generating ui_networkproxysettingspage.h
[ 31%] Generating ui_messagedialog.h
[ 31%] Generating ui_osdpretty.h
[ 31%] Generating ui_playlistlistcontainer.h
[ 31%] Generating ui_playlistsettingspage.h
[ 31%] Generating ui_playlistsequence.h
[ 31%] Generating ui_playlistsaveoptionsdialog.h
[ 31%] Generating ui_qobuzsettingspage.h
[ 31%] Generating ui_radiobrowsersearchview.h
[ 31%] Generating ui_queueview.h
[ 32%] Generating ui_radiosettingspage.h
[ 32%] Generating ui_radioviewcontainer.h
[ 32%] Generating ui_scrobblersettingspage.h
[ 32%] Generating ui_smartplaylistquerysortpage.h
[ 32%] Generating ui_smartplaylistquerysearchpage.h
[ 32%] Generating ui_savedgroupingmanager.h
[ 32%] Generating ui_smartplaylistsearchtermwidget.h
[ 32%] Generating ui_settingsdialog.h
[ 32%] Generating ui_saveplaylistsdialog.h
[ 33%] Generating ui_smartplaylistsearchpreview.h
[ 33%] Generating ui_smartplaylistsviewcontainer.h
[ 33%] Generating ui_smartplaylistwizardfinishpage.h
[ 33%] Generating ui_spotifysettingspage.h
[ 33%] Generating ui_streamingcollectionviewcontainer.h
[ 33%] Generating ui_trackselectiondialog.h
[ 33%] Generating ui_streamingsearchview.h
[ 33%] Generating ui_tidalsettingspage.h
[ 33%] Generating ui_streamingtabsview.h
[ 33%] Generating ui_subsonicsettingspage.h
[ 33%] Generating ui_trackslider.h
[ 34%] Generating ui_transcoderoptionsasf.h
[ 34%] Generating ui_transcodedialog.h
[ 34%] Generating ui_transcoderoptionsaac.h
[ 34%] Generating ui_transcoderoptionsdialog.h
[ 34%] Generating ui_transcodelogdialog.h
[ 34%] Generating ui_transcoderoptionswavpack.h
[ 34%] Generating ui_transcoderoptionsmp3.h
[ 34%] Generating ui_transcoderoptionsflac.h
[ 34%] Generating ui_transcoderoptionsopus.h
[ 34%] Generating ui_transcoderoptionsspeex.h
[ 34%] Generating ui_transcoderoptionsvorbis.h
[ 34%] Generating ui_transcodersettingspage.h
[ 34%] Generating moc_mpris2_root.cpp
[ 34%] Generating moc_kglobalaccel.cpp
[ 34%] Generating moc_kglobalaccelcomponent.cpp
[ 34%] Generating moc_mpris2_player.cpp
[ 34%] Generating moc_mpris2_playlists.cpp
[ 34%] Generating moc_notification.cpp
[ 35%] Generating moc_objectmanager.cpp
[ 35%] Generating moc_mpris2_tracklist.cpp
[ 35%] Generating moc_udisks2drive.cpp
[ 35%] Generating moc_udisks2filesystem.cpp
[ 35%] Generating moc_udisks2block.cpp
[ 35%] Generating moc_udisks2job.cpp
[ 35%] Building CXX object CMakeFiles/strawberry_lib.dir/src/core/commandlineoptions.cpp.o
[ 35%] Building CXX object CMakeFiles/strawberry_lib.dir/src/core/player.cpp.o
[ 35%] Building CXX object CMakeFiles/strawberry_lib.dir/src/core/playerinterface.cpp.o
[ 35%] Building CXX object CMakeFiles/strawberry_lib.dir/src/core/mainwindow.cpp.o
[ 35%] Building CXX object CMakeFiles/strawberry_lib.dir/src/core/application.cpp.o
[ 36%] Building CXX object CMakeFiles/strawberry_lib.dir/src/core/logging.cpp.o
[ 36%] Building CXX object CMakeFiles/strawberry_lib.dir/src/core/deletefiles.cpp.o
[ 36%] Building CXX object CMakeFiles/strawberry_lib.dir/src/core/database.cpp.o
[ 36%] Building CXX object CMakeFiles/strawberry_lib.dir/src/core/memorydatabase.cpp.o
[ 36%] Building CXX object CMakeFiles/strawberry_lib.dir/src/core/sqlquery.cpp.o
[ 36%] Building CXX object CMakeFiles/strawberry_lib.dir/src/core/sqlrow.cpp.o
[ 36%] Building CXX object CMakeFiles/strawberry_lib.dir/src/core/metatypes.cpp.o
[ 36%] Building CXX object CMakeFiles/strawberry_lib.dir/src/core/filesystemmusicstorage.cpp.o
[ 37%] Building CXX object CMakeFiles/strawberry_lib.dir/src/core/filesystemwatcherinterface.cpp.o
[ 37%] Building CXX object CMakeFiles/strawberry_lib.dir/src/core/musicstorage.cpp.o
[ 37%] Building CXX object CMakeFiles/strawberry_lib.dir/src/core/mergedproxymodel.cpp.o
[ 37%] Building CXX object CMakeFiles/strawberry_lib.dir/src/core/multisortfilterproxy.cpp.o
[ 37%] Building CXX object CMakeFiles/strawberry_lib.dir/src/core/networkaccessmanager.cpp.o
[ 37%] Building CXX object CMakeFiles/strawberry_lib.dir/src/core/networktimeouts.cpp.o
[ 37%] Building CXX object CMakeFiles/strawberry_lib.dir/src/core/threadsafenetworkdiskcache.cpp.o
[ 37%] Building CXX object CMakeFiles/strawberry_lib.dir/src/core/networkproxyfactory.cpp.o
[ 37%] Building CXX object CMakeFiles/strawberry_lib.dir/src/core/settings.cpp.o
[ 37%] Building CXX object CMakeFiles/strawberry_lib.dir/src/core/settingsprovider.cpp.o
[ 37%] Building CXX object CMakeFiles/strawberry_lib.dir/src/core/signalchecker.cpp.o
[ 37%] Building CXX object CMakeFiles/strawberry_lib.dir/src/core/song.cpp.o
[ 37%] Building CXX object CMakeFiles/strawberry_lib.dir/src/core/songloader.cpp.o
[ 37%] Building CXX object CMakeFiles/strawberry_lib.dir/src/core/stylehelper.cpp.o
[ 38%] Building CXX object CMakeFiles/strawberry_lib.dir/src/core/stylesheetloader.cpp.o
[ 38%] Building CXX object CMakeFiles/strawberry_lib.dir/src/core/taskmanager.cpp.o
[ 38%] Building CXX object CMakeFiles/strawberry_lib.dir/src/core/thread.cpp.o
[ 38%] Building CXX object CMakeFiles/strawberry_lib.dir/src/core/urlhandler.cpp.o
[ 38%] Building CXX object CMakeFiles/strawberry_lib.dir/src/core/urlhandlers.cpp.o
[ 38%] Building CXX object CMakeFiles/strawberry_lib.dir/src/core/iconloader.cpp.o
[ 38%] Building CXX object CMakeFiles/strawberry_lib.dir/src/core/standarditemiconloader.cpp.o
[ 38%] Building CXX object CMakeFiles/strawberry_lib.dir/src/core/scopedtransaction.cpp.o
[ 38%] Building CXX object CMakeFiles/strawberry_lib.dir/src/core/translations.cpp.o
[ 38%] Building CXX object CMakeFiles/strawberry_lib.dir/src/core/localredirectserver.cpp.o
[ 38%] Building CXX object CMakeFiles/strawberry_lib.dir/src/core/mimedata.cpp.o
[ 38%] Building CXX object CMakeFiles/strawberry_lib.dir/src/core/temporaryfile.cpp.o
[ 38%] Building CXX object CMakeFiles/strawberry_lib.dir/src/core/enginemetadata.cpp.o
[ 39%] Building CXX object CMakeFiles/strawberry_lib.dir/src/core/songmimedata.cpp.o
[ 39%] Building CXX object CMakeFiles/strawberry_lib.dir/src/core/platforminterface.cpp.o
[ 39%] Building CXX object CMakeFiles/strawberry_lib.dir/src/core/standardpaths.cpp.o
[ 39%] Building CXX object CMakeFiles/strawberry_lib.dir/src/core/httpbaserequest.cpp.o
[ 39%] Building CXX object CMakeFiles/strawberry_lib.dir/src/core/jsonbaserequest.cpp.o
[ 39%] Building CXX object CMakeFiles/strawberry_lib.dir/src/core/oauthenticator.cpp.o
[ 39%] Building CXX object CMakeFiles/strawberry_lib.dir/src/utilities/strutils.cpp.o
[ 39%] Building CXX object CMakeFiles/strawberry_lib.dir/src/utilities/envutils.cpp.o
[ 39%] Building CXX object CMakeFiles/strawberry_lib.dir/src/utilities/colorutils.cpp.o
[ 39%] Building CXX object CMakeFiles/strawberry_lib.dir/src/utilities/cryptutils.cpp.o
[ 39%] Building CXX object CMakeFiles/strawberry_lib.dir/src/utilities/fileutils.cpp.o
[ 39%] Building CXX object CMakeFiles/strawberry_lib.dir/src/utilities/diskutils.cpp.o
[ 39%] Building CXX object CMakeFiles/strawberry_lib.dir/src/utilities/macaddrutils.cpp.o
[ 39%] Building CXX object CMakeFiles/strawberry_lib.dir/src/utilities/imageutils.cpp.o
[ 40%] Building CXX object CMakeFiles/strawberry_lib.dir/src/utilities/mimeutils.cpp.o
[ 40%] Building CXX object CMakeFiles/strawberry_lib.dir/src/utilities/randutils.cpp.o
[ 40%] Building CXX object CMakeFiles/strawberry_lib.dir/src/utilities/threadutils.cpp.o
[ 40%] Building CXX object CMakeFiles/strawberry_lib.dir/src/utilities/timeutils.cpp.o
[ 40%] Building CXX object CMakeFiles/strawberry_lib.dir/src/utilities/transliterate.cpp.o
[ 40%] Building CXX object CMakeFiles/strawberry_lib.dir/src/utilities/xmlutils.cpp.o
[ 40%] Building CXX object CMakeFiles/strawberry_lib.dir/src/utilities/filemanagerutils.cpp.o
[ 40%] Building CXX object CMakeFiles/strawberry_lib.dir/src/utilities/coverutils.cpp.o
[ 40%] Building CXX object CMakeFiles/strawberry_lib.dir/src/utilities/screenutils.cpp.o
[ 40%] Building CXX object CMakeFiles/strawberry_lib.dir/src/utilities/textencodingutils.cpp.o
[ 40%] Building CXX object CMakeFiles/strawberry_lib.dir/src/utilities/coveroptions.cpp.o
[ 40%] Building CXX object CMakeFiles/strawberry_lib.dir/src/utilities/musixmatchprovider.cpp.o
[ 40%] Building CXX object CMakeFiles/strawberry_lib.dir/src/tagreader/tagreaderclient.cpp.o
[ 41%] Building CXX object CMakeFiles/strawberry_lib.dir/src/tagreader/tagreaderresult.cpp.o
[ 41%] Building CXX object CMakeFiles/strawberry_lib.dir/src/tagreader/tagreaderbase.cpp.o
[ 41%] Building CXX object CMakeFiles/strawberry_lib.dir/src/tagreader/tagreadertaglib.cpp.o
[ 41%] Building CXX object CMakeFiles/strawberry_lib.dir/src/tagreader/tagreaderrequest.cpp.o
[ 41%] Building CXX object CMakeFiles/strawberry_lib.dir/src/tagreader/tagreadergme.cpp.o
[ 41%] Building CXX object CMakeFiles/strawberry_lib.dir/src/tagreader/tagreaderismediafilerequest.cpp.o
[ 41%] Building CXX object CMakeFiles/strawberry_lib.dir/src/tagreader/tagreaderreadfilerequest.cpp.o
[ 41%] Building CXX object CMakeFiles/strawberry_lib.dir/src/tagreader/tagreaderwritefilerequest.cpp.o
[ 41%] Building CXX object CMakeFiles/strawberry_lib.dir/src/tagreader/tagreaderloadcoverdatarequest.cpp.o
[ 41%] Building CXX object CMakeFiles/strawberry_lib.dir/src/tagreader/tagreaderloadcoverimagerequest.cpp.o
[ 41%] Building CXX object CMakeFiles/strawberry_lib.dir/src/tagreader/tagreadersavecoverrequest.cpp.o
[ 41%] Building CXX object CMakeFiles/strawberry_lib.dir/src/tagreader/tagreadersaveplaycountrequest.cpp.o
[ 41%] Building CXX object CMakeFiles/strawberry_lib.dir/src/tagreader/tagreadersaveratingrequest.cpp.o
[ 41%] Building CXX object CMakeFiles/strawberry_lib.dir/src/tagreader/albumcovertagdata.cpp.o
[ 42%] Building CXX object CMakeFiles/strawberry_lib.dir/src/tagreader/savetagcoverdata.cpp.o
[ 42%] Building CXX object CMakeFiles/strawberry_lib.dir/src/tagreader/tagreaderreply.cpp.o
[ 42%] Building CXX object CMakeFiles/strawberry_lib.dir/src/tagreader/tagreaderreadfilereply.cpp.o
[ 42%] Building CXX object CMakeFiles/strawberry_lib.dir/src/tagreader/tagreaderloadcoverdatareply.cpp.o
[ 42%] Building CXX object CMakeFiles/strawberry_lib.dir/src/tagreader/tagreaderloadcoverimagereply.cpp.o
[ 42%] Building CXX object CMakeFiles/strawberry_lib.dir/src/filterparser/filterparser.cpp.o
[ 42%] Building CXX object CMakeFiles/strawberry_lib.dir/src/filterparser/filtertree.cpp.o
[ 42%] Building CXX object CMakeFiles/strawberry_lib.dir/src/filterparser/filtertreeand.cpp.o
[ 42%] Building CXX object CMakeFiles/strawberry_lib.dir/src/filterparser/filtertreecolumnterm.cpp.o
[ 42%] Building CXX object CMakeFiles/strawberry_lib.dir/src/filterparser/filtertreenop.cpp.o
[ 42%] Building CXX object CMakeFiles/strawberry_lib.dir/src/filterparser/filtertreenot.cpp.o
[ 42%] Building CXX object CMakeFiles/strawberry_lib.dir/src/filterparser/filtertreeor.cpp.o
[ 42%] Building CXX object CMakeFiles/strawberry_lib.dir/src/filterparser/filtertreeterm.cpp.o
[ 42%] Building CXX object CMakeFiles/strawberry_lib.dir/src/filterparser/filterparserfloateqcomparator.cpp.o
[ 43%] Building CXX object CMakeFiles/strawberry_lib.dir/src/filterparser/filterparserfloatgecomparator.cpp.o
[ 43%] Building CXX object CMakeFiles/strawberry_lib.dir/src/filterparser/filterparserfloatgtcomparator.cpp.o
[ 43%] Building CXX object CMakeFiles/strawberry_lib.dir/src/filterparser/filterparserfloatlecomparator.cpp.o
[ 43%] Building CXX object CMakeFiles/strawberry_lib.dir/src/filterparser/filterparserfloatltcomparator.cpp.o
[ 43%] Building CXX object CMakeFiles/strawberry_lib.dir/src/filterparser/filterparserfloatnecomparator.cpp.o
[ 43%] Building CXX object CMakeFiles/strawberry_lib.dir/src/filterparser/filterparserint64eqcomparator.cpp.o
[ 43%] Building CXX object CMakeFiles/strawberry_lib.dir/src/filterparser/filterparserint64gecomparator.cpp.o
[ 43%] Building CXX object CMakeFiles/strawberry_lib.dir/src/filterparser/filterparserint64gtcomparator.cpp.o
[ 43%] Building CXX object CMakeFiles/strawberry_lib.dir/src/filterparser/filterparserint64lecomparator.cpp.o
[ 43%] Building CXX object CMakeFiles/strawberry_lib.dir/src/filterparser/filterparserint64ltcomparator.cpp.o
[ 43%] Building CXX object CMakeFiles/strawberry_lib.dir/src/filterparser/filterparserint64necomparator.cpp.o
[ 43%] Building CXX object CMakeFiles/strawberry_lib.dir/src/filterparser/filterparserinteqcomparator.cpp.o
[ 43%] Building CXX object CMakeFiles/strawberry_lib.dir/src/filterparser/filterparserintgecomparator.cpp.o
[ 44%] Building CXX object CMakeFiles/strawberry_lib.dir/src/filterparser/filterparserintgtcomparator.cpp.o
[ 44%] Building CXX object CMakeFiles/strawberry_lib.dir/src/filterparser/filterparserintlecomparator.cpp.o
[ 44%] Building CXX object CMakeFiles/strawberry_lib.dir/src/filterparser/filterparserintltcomparator.cpp.o
[ 44%] Building CXX object CMakeFiles/strawberry_lib.dir/src/filterparser/filterparserintnecomparator.cpp.o
[ 44%] Building CXX object CMakeFiles/strawberry_lib.dir/src/filterparser/filterparsersearchtermcomparator.cpp.o
[ 44%] Building CXX object CMakeFiles/strawberry_lib.dir/src/filterparser/filterparsertextcontainscomparator.cpp.o
[ 44%] Building CXX object CMakeFiles/strawberry_lib.dir/src/filterparser/filterparsertexteqcomparator.cpp.o
[ 44%] Building CXX object CMakeFiles/strawberry_lib.dir/src/filterparser/filterparsertextnecomparator.cpp.o
[ 44%] Building CXX object CMakeFiles/strawberry_lib.dir/src/filterparser/filterparseruinteqcomparator.cpp.o
[ 44%] Building CXX object CMakeFiles/strawberry_lib.dir/src/filterparser/filterparseruintgecomparator.cpp.o
[ 44%] Building CXX object CMakeFiles/strawberry_lib.dir/src/filterparser/filterparseruintgtcomparator.cpp.o
[ 44%] Building CXX object CMakeFiles/strawberry_lib.dir/src/filterparser/filterparseruintlecomparator.cpp.o
[ 44%] Building CXX object CMakeFiles/strawberry_lib.dir/src/filterparser/filterparseruintltcomparator.cpp.o
[ 44%] Building CXX object CMakeFiles/strawberry_lib.dir/src/filterparser/filterparseruintnecomparator.cpp.o
[ 45%] Building CXX object CMakeFiles/strawberry_lib.dir/src/engine/enginebase.cpp.o
[ 45%] Building CXX object CMakeFiles/strawberry_lib.dir/src/engine/enginedevice.cpp.o
[ 45%] Building CXX object CMakeFiles/strawberry_lib.dir/src/engine/devicefinders.cpp.o
[ 45%] Building CXX object CMakeFiles/strawberry_lib.dir/src/engine/devicefinder.cpp.o
[ 45%] Building CXX object CMakeFiles/strawberry_lib.dir/src/engine/gststartup.cpp.o
[ 45%] Building CXX object CMakeFiles/strawberry_lib.dir/src/engine/gstengine.cpp.o
[ 45%] Building CXX object CMakeFiles/strawberry_lib.dir/src/engine/gstenginepipeline.cpp.o
[ 45%] Building CXX object CMakeFiles/strawberry_lib.dir/src/analyzer/fht.cpp.o
[ 45%] Building CXX object CMakeFiles/strawberry_lib.dir/src/analyzer/analyzerbase.cpp.o
[ 45%] Building CXX object CMakeFiles/strawberry_lib.dir/src/analyzer/analyzercontainer.cpp.o
[ 45%] Building CXX object CMakeFiles/strawberry_lib.dir/src/analyzer/blockanalyzer.cpp.o
[ 45%] Building CXX object CMakeFiles/strawberry_lib.dir/src/analyzer/boomanalyzer.cpp.o
[ 45%] Building CXX object CMakeFiles/strawberry_lib.dir/src/analyzer/turbineanalyzer.cpp.o
[ 46%] Building CXX object CMakeFiles/strawberry_lib.dir/src/analyzer/sonogramanalyzer.cpp.o
[ 46%] Building CXX object CMakeFiles/strawberry_lib.dir/src/analyzer/waverubberanalyzer.cpp.o
[ 46%] Building CXX object CMakeFiles/strawberry_lib.dir/src/analyzer/rainbowanalyzer.cpp.o
[ 46%] Building CXX object CMakeFiles/strawberry_lib.dir/src/equalizer/equalizer.cpp.o
[ 46%] Building CXX object CMakeFiles/strawberry_lib.dir/src/equalizer/equalizerslider.cpp.o
[ 46%] Building CXX object CMakeFiles/strawberry_lib.dir/src/context/contextview.cpp.o
[ 46%] Building CXX object CMakeFiles/strawberry_lib.dir/src/context/contextalbum.cpp.o
[ 46%] Building CXX object CMakeFiles/strawberry_lib.dir/src/collection/collectionlibrary.cpp.o
[ 46%] Building CXX object CMakeFiles/strawberry_lib.dir/src/collection/collectionmodel.cpp.o
[ 46%] Building CXX object CMakeFiles/strawberry_lib.dir/src/collection/collectionbackend.cpp.o
[ 46%] Building CXX object CMakeFiles/strawberry_lib.dir/src/collection/collectionwatcher.cpp.o
[ 46%] Building CXX object CMakeFiles/strawberry_lib.dir/src/collection/collectionview.cpp.o
[ 46%] Building CXX object CMakeFiles/strawberry_lib.dir/src/collection/collectionitem.cpp.o
[ 46%] Building CXX object CMakeFiles/strawberry_lib.dir/src/collection/collectionitemdelegate.cpp.o
[ 47%] Building CXX object CMakeFiles/strawberry_lib.dir/src/collection/collectionviewcontainer.cpp.o
[ 47%] Building CXX object CMakeFiles/strawberry_lib.dir/src/collection/collectiondirectorymodel.cpp.o
[ 47%] Building CXX object CMakeFiles/strawberry_lib.dir/src/collection/collectionfilteroptions.cpp.o
[ 47%] Building CXX object CMakeFiles/strawberry_lib.dir/src/collection/collectionfilterwidget.cpp.o
[ 47%] Building CXX object CMakeFiles/strawberry_lib.dir/src/collection/collectionfilter.cpp.o
[ 47%] Building CXX object CMakeFiles/strawberry_lib.dir/src/collection/collectionplaylistitem.cpp.o
[ 47%] Building CXX object CMakeFiles/strawberry_lib.dir/src/collection/collectionquery.cpp.o
[ 47%] Building CXX object CMakeFiles/strawberry_lib.dir/src/collection/savedgroupingmanager.cpp.o
[ 47%] Building CXX object CMakeFiles/strawberry_lib.dir/src/collection/groupbydialog.cpp.o
[ 47%] Building CXX object CMakeFiles/strawberry_lib.dir/src/collection/collectiontask.cpp.o
[ 47%] Building CXX object CMakeFiles/strawberry_lib.dir/src/collection/collectionmodelupdate.cpp.o
[ 47%] Building CXX object CMakeFiles/strawberry_lib.dir/src/playlist/playlist.cpp.o
[ 47%] Building CXX object CMakeFiles/strawberry_lib.dir/src/playlist/playlistbackend.cpp.o
[ 48%] Building CXX object CMakeFiles/strawberry_lib.dir/src/playlist/playlistcontainer.cpp.o
[ 48%] Building CXX object CMakeFiles/strawberry_lib.dir/src/playlist/playlistdelegates.cpp.o
[ 48%] Building CXX object CMakeFiles/strawberry_lib.dir/src/playlist/playlistfilter.cpp.o
[ 48%] Building CXX object CMakeFiles/strawberry_lib.dir/src/playlist/playlistheader.cpp.o
[ 48%] Building CXX object CMakeFiles/strawberry_lib.dir/src/playlist/playlistitem.cpp.o
[ 48%] Building CXX object CMakeFiles/strawberry_lib.dir/src/playlist/songplaylistitem.cpp.o
[ 48%] Building CXX object CMakeFiles/strawberry_lib.dir/src/playlist/streamplaylistitem.cpp.o
[ 48%] Building CXX object CMakeFiles/strawberry_lib.dir/src/playlist/playlistitemmimedata.cpp.o
[ 48%] Building CXX object CMakeFiles/strawberry_lib.dir/src/playlist/playlistlistcontainer.cpp.o
[ 48%] Building CXX object CMakeFiles/strawberry_lib.dir/src/playlist/playlistlistmodel.cpp.o
[ 48%] Building CXX object CMakeFiles/strawberry_lib.dir/src/playlist/playlistlistsortfiltermodel.cpp.o
[ 48%] Building CXX object CMakeFiles/strawberry_lib.dir/src/playlist/playlistlistview.cpp.o
[ 48%] Building CXX object CMakeFiles/strawberry_lib.dir/src/playlist/playlistmanagerinterface.cpp.o
[ 48%] Building CXX object CMakeFiles/strawberry_lib.dir/src/playlist/playlistmanager.cpp.o
[ 50%] Building CXX object CMakeFiles/strawberry_lib.dir/src/playlist/playlistsaveoptionsdialog.cpp.o
[ 50%] Building CXX object CMakeFiles/strawberry_lib.dir/src/playlist/playlistsequence.cpp.o
[ 50%] Building CXX object CMakeFiles/strawberry_lib.dir/src/playlist/playlisttabbar.cpp.o
[ 50%] Building CXX object CMakeFiles/strawberry_lib.dir/src/playlist/playlistview.cpp.o
[ 50%] Building CXX object CMakeFiles/strawberry_lib.dir/src/playlist/playlistproxystyle.cpp.o
[ 50%] Building CXX object CMakeFiles/strawberry_lib.dir/src/playlist/songloaderinserter.cpp.o
[ 50%] Building CXX object CMakeFiles/strawberry_lib.dir/src/playlist/dynamicplaylistcontrols.cpp.o
[ 50%] Building CXX object CMakeFiles/strawberry_lib.dir/src/playlist/playlistundocommandbase.cpp.o
[ 50%] Building CXX object CMakeFiles/strawberry_lib.dir/src/playlist/playlistundocommandinsertitems.cpp.o
[ 50%] Building CXX object CMakeFiles/strawberry_lib.dir/src/playlist/playlistundocommandremoveitems.cpp.o
[ 50%] Building CXX object CMakeFiles/strawberry_lib.dir/src/playlist/playlistundocommandmoveitems.cpp.o
[ 50%] Building CXX object CMakeFiles/strawberry_lib.dir/src/playlist/playlistundocommandreorderitems.cpp.o
[ 50%] Building CXX object CMakeFiles/strawberry_lib.dir/src/playlist/playlistundocommandsortitems.cpp.o
[ 51%] Building CXX object CMakeFiles/strawberry_lib.dir/src/playlist/playlistundocommandshuffleitems.cpp.o
[ 51%] Building CXX object CMakeFiles/strawberry_lib.dir/src/queue/queue.cpp.o
[ 51%] Building CXX object CMakeFiles/strawberry_lib.dir/src/queue/queueview.cpp.o
[ 51%] Building CXX object CMakeFiles/strawberry_lib.dir/src/playlistparsers/asxparser.cpp.o
[ 51%] Building CXX object CMakeFiles/strawberry_lib.dir/src/playlistparsers/asxiniparser.cpp.o
[ 51%] Building CXX object CMakeFiles/strawberry_lib.dir/src/playlistparsers/cueparser.cpp.o
[ 51%] Building CXX object CMakeFiles/strawberry_lib.dir/src/playlistparsers/m3uparser.cpp.o
[ 51%] Building CXX object CMakeFiles/strawberry_lib.dir/src/playlistparsers/parserbase.cpp.o
[ 51%] Building CXX object CMakeFiles/strawberry_lib.dir/src/playlistparsers/playlistparser.cpp.o
[ 51%] Building CXX object CMakeFiles/strawberry_lib.dir/src/playlistparsers/plsparser.cpp.o
[ 51%] Building CXX object CMakeFiles/strawberry_lib.dir/src/playlistparsers/wplparser.cpp.o
[ 51%] Building CXX object CMakeFiles/strawberry_lib.dir/src/playlistparsers/xmlparser.cpp.o
[ 51%] Building CXX object CMakeFiles/strawberry_lib.dir/src/playlistparsers/xspfparser.cpp.o
[ 51%] Building CXX object CMakeFiles/strawberry_lib.dir/src/smartplaylists/playlistgenerator.cpp.o
[ 52%] Building CXX object CMakeFiles/strawberry_lib.dir/src/smartplaylists/playlistgeneratorinserter.cpp.o
[ 52%] Building CXX object CMakeFiles/strawberry_lib.dir/src/smartplaylists/playlistgeneratormimedata.cpp.o
[ 52%] Building CXX object CMakeFiles/strawberry_lib.dir/src/smartplaylists/playlistquerygenerator.cpp.o
[ 52%] Building CXX object CMakeFiles/strawberry_lib.dir/src/smartplaylists/smartplaylistquerywizardplugin.cpp.o
[ 52%] Building CXX object CMakeFiles/strawberry_lib.dir/src/smartplaylists/smartplaylistquerywizardpluginsortpage.cpp.o
[ 52%] Building CXX object CMakeFiles/strawberry_lib.dir/src/smartplaylists/smartplaylistquerywizardpluginsearchpage.cpp.o
[ 52%] Building CXX object CMakeFiles/strawberry_lib.dir/src/smartplaylists/smartplaylistsearch.cpp.o
[ 52%] Building CXX object CMakeFiles/strawberry_lib.dir/src/smartplaylists/smartplaylistsearchpreview.cpp.o
[ 52%] Building CXX object CMakeFiles/strawberry_lib.dir/src/smartplaylists/smartplaylistsearchterm.cpp.o
[ 52%] Building CXX object CMakeFiles/strawberry_lib.dir/src/smartplaylists/smartplaylistsearchtermwidget.cpp.o
[ 52%] Building CXX object CMakeFiles/strawberry_lib.dir/src/smartplaylists/smartplaylistsearchtermwidgetoverlay.cpp.o
[ 52%] Building CXX object CMakeFiles/strawberry_lib.dir/src/smartplaylists/smartplaylistsmodel.cpp.o
[ 52%] Building CXX object CMakeFiles/strawberry_lib.dir/src/smartplaylists/smartplaylistsviewcontainer.cpp.o
[ 52%] Building CXX object CMakeFiles/strawberry_lib.dir/src/smartplaylists/smartplaylistsview.cpp.o
[ 53%] Building CXX object CMakeFiles/strawberry_lib.dir/src/smartplaylists/smartplaylistwizard.cpp.o
[ 53%] Building CXX object CMakeFiles/strawberry_lib.dir/src/smartplaylists/smartplaylistwizardplugin.cpp.o
[ 53%] Building CXX object CMakeFiles/strawberry_lib.dir/src/smartplaylists/smartplaylistwizardtypepage.cpp.o
[ 53%] Building CXX object CMakeFiles/strawberry_lib.dir/src/smartplaylists/smartplaylistwizardfinishpage.cpp.o
[ 53%] Building CXX object CMakeFiles/strawberry_lib.dir/src/covermanager/albumcovermanager.cpp.o
[ 53%] Building CXX object CMakeFiles/strawberry_lib.dir/src/covermanager/albumcovermanagerlist.cpp.o
[ 53%] Building CXX object CMakeFiles/strawberry_lib.dir/src/covermanager/albumcoverloader.cpp.o
[ 53%] Building CXX object CMakeFiles/strawberry_lib.dir/src/covermanager/albumcoverloaderoptions.cpp.o
[ 53%] Building CXX object CMakeFiles/strawberry_lib.dir/src/covermanager/albumcoverfetcher.cpp.o
[ 53%] Building CXX object CMakeFiles/strawberry_lib.dir/src/covermanager/albumcoverfetchersearch.cpp.o
[ 53%] Building CXX object CMakeFiles/strawberry_lib.dir/src/covermanager/albumcoversearcher.cpp.o
[ 53%] Building CXX object CMakeFiles/strawberry_lib.dir/src/covermanager/albumcoverexport.cpp.o
[ 53%] Building CXX object CMakeFiles/strawberry_lib.dir/src/covermanager/albumcoverexporter.cpp.o
[ 54%] Building CXX object CMakeFiles/strawberry_lib.dir/src/covermanager/albumcoverchoicecontroller.cpp.o
[ 54%] Building CXX object CMakeFiles/strawberry_lib.dir/src/covermanager/coverprovider.cpp.o
[ 54%] Building CXX object CMakeFiles/strawberry_lib.dir/src/covermanager/coverproviders.cpp.o
[ 54%] Building CXX object CMakeFiles/strawberry_lib.dir/src/covermanager/coversearchstatistics.cpp.o
[ 54%] Building CXX object CMakeFiles/strawberry_lib.dir/src/covermanager/coversearchstatisticsdialog.cpp.o
[ 54%] Building CXX object CMakeFiles/strawberry_lib.dir/src/covermanager/coverexportrunnable.cpp.o
[ 54%] Building CXX object CMakeFiles/strawberry_lib.dir/src/covermanager/currentalbumcoverloader.cpp.o
[ 54%] Building CXX object CMakeFiles/strawberry_lib.dir/src/covermanager/coverfromurldialog.cpp.o
[ 54%] Building CXX object CMakeFiles/strawberry_lib.dir/src/covermanager/jsoncoverprovider.cpp.o
[ 54%] Building CXX object CMakeFiles/strawberry_lib.dir/src/covermanager/lastfmcoverprovider.cpp.o
[ 54%] Building CXX object CMakeFiles/strawberry_lib.dir/src/covermanager/musicbrainzcoverprovider.cpp.o
[ 54%] Building CXX object CMakeFiles/strawberry_lib.dir/src/covermanager/discogscoverprovider.cpp.o
[ 54%] Building CXX object CMakeFiles/strawberry_lib.dir/src/covermanager/deezercoverprovider.cpp.o
[ 54%] Building CXX object CMakeFiles/strawberry_lib.dir/src/covermanager/musixmatchcoverprovider.cpp.o
[ 55%] Building CXX object CMakeFiles/strawberry_lib.dir/src/covermanager/opentidalcoverprovider.cpp.o
[ 55%] Building CXX object CMakeFiles/strawberry_lib.dir/src/lyrics/lyricsproviders.cpp.o
[ 55%] Building CXX object CMakeFiles/strawberry_lib.dir/src/lyrics/lyricsprovider.cpp.o
[ 55%] Building CXX object CMakeFiles/strawberry_lib.dir/src/lyrics/lyricsfetcher.cpp.o
[ 55%] Building CXX object CMakeFiles/strawberry_lib.dir/src/lyrics/lyricsfetchersearch.cpp.o
[ 55%] Building CXX object CMakeFiles/strawberry_lib.dir/src/lyrics/jsonlyricsprovider.cpp.o
[ 55%] Building CXX object CMakeFiles/strawberry_lib.dir/src/lyrics/htmllyricsprovider.cpp.o
[ 55%] Building CXX object CMakeFiles/strawberry_lib.dir/src/lyrics/ovhlyricsprovider.cpp.o
[ 55%] Building CXX object CMakeFiles/strawberry_lib.dir/src/lyrics/geniuslyricsprovider.cpp.o
[ 55%] Building CXX object CMakeFiles/strawberry_lib.dir/src/lyrics/musixmatchlyricsprovider.cpp.o
[ 55%] Building CXX object CMakeFiles/strawberry_lib.dir/src/lyrics/songlyricscomlyricsprovider.cpp.o
[ 55%] Building CXX object CMakeFiles/strawberry_lib.dir/src/lyrics/azlyricscomlyricsprovider.cpp.o
[ 55%] Building CXX object CMakeFiles/strawberry_lib.dir/src/lyrics/elyricsnetlyricsprovider.cpp.o
[ 56%] Building CXX object CMakeFiles/strawberry_lib.dir/src/lyrics/letraslyricsprovider.cpp.o
[ 56%] Building CXX object CMakeFiles/strawberry_lib.dir/src/lyrics/lrcliblyricsprovider.cpp.o
[ 56%] Building CXX object CMakeFiles/strawberry_lib.dir/src/settings/settingsdialog.cpp.o
[ 56%] Building CXX object CMakeFiles/strawberry_lib.dir/src/settings/settingspage.cpp.o
[ 56%] Building CXX object CMakeFiles/strawberry_lib.dir/src/settings/settingsitemdelegate.cpp.o
[ 56%] Building CXX object CMakeFiles/strawberry_lib.dir/src/settings/behavioursettingspage.cpp.o
[ 56%] Building CXX object CMakeFiles/strawberry_lib.dir/src/settings/collectionsettingspage.cpp.o
[ 56%] Building CXX object CMakeFiles/strawberry_lib.dir/src/settings/collectionsettingsdirectorymodel.cpp.o
[ 56%] Building CXX object CMakeFiles/strawberry_lib.dir/src/settings/backendsettingspage.cpp.o
[ 56%] Building CXX object CMakeFiles/strawberry_lib.dir/src/settings/playlistsettingspage.cpp.o
[ 56%] Building CXX object CMakeFiles/strawberry_lib.dir/src/settings/scrobblersettingspage.cpp.o
[ 56%] Building CXX object CMakeFiles/strawberry_lib.dir/src/settings/coverssettingspage.cpp.o
[ 56%] Building CXX object CMakeFiles/strawberry_lib.dir/src/settings/lyricssettingspage.cpp.o
[ 56%] Building CXX object CMakeFiles/strawberry_lib.dir/src/settings/networkproxysettingspage.cpp.o
[ 57%] Building CXX object CMakeFiles/strawberry_lib.dir/src/settings/radiosettingspage.cpp.o
[ 57%] Building CXX object CMakeFiles/strawberry_lib.dir/src/settings/appearancesettingspage.cpp.o
[ 57%] Building CXX object CMakeFiles/strawberry_lib.dir/src/settings/contextsettingspage.cpp.o
[ 57%] Building CXX object CMakeFiles/strawberry_lib.dir/src/settings/notificationssettingspage.cpp.o
[ 57%] Building CXX object CMakeFiles/strawberry_lib.dir/src/settings/transcodersettingspage.cpp.o
[ 57%] Building CXX object CMakeFiles/strawberry_lib.dir/src/dialogs/about.cpp.o
[ 57%] Building CXX object CMakeFiles/strawberry_lib.dir/src/dialogs/console.cpp.o
[ 57%] Building CXX object CMakeFiles/strawberry_lib.dir/src/dialogs/errordialog.cpp.o
[ 57%] Building CXX object CMakeFiles/strawberry_lib.dir/src/dialogs/edittagdialog.cpp.o
[ 57%] Building CXX object CMakeFiles/strawberry_lib.dir/src/dialogs/trackselectiondialog.cpp.o
[ 57%] Building CXX object CMakeFiles/strawberry_lib.dir/src/dialogs/addstreamdialog.cpp.o
[ 57%] Building CXX object CMakeFiles/strawberry_lib.dir/src/dialogs/userpassdialog.cpp.o
[ 57%] Building CXX object CMakeFiles/strawberry_lib.dir/src/dialogs/deleteconfirmationdialog.cpp.o
[ 58%] Building CXX object CMakeFiles/strawberry_lib.dir/src/dialogs/lastfmimportdialog.cpp.o
[ 58%] Building CXX object CMakeFiles/strawberry_lib.dir/src/dialogs/messagedialog.cpp.o
[ 58%] Building CXX object CMakeFiles/strawberry_lib.dir/src/dialogs/saveplaylistsdialog.cpp.o
[ 58%] Building CXX object CMakeFiles/strawberry_lib.dir/src/widgets/autoexpandingtreeview.cpp.o
[ 58%] Building CXX object CMakeFiles/strawberry_lib.dir/src/widgets/busyindicator.cpp.o
[ 58%] Building CXX object CMakeFiles/strawberry_lib.dir/src/widgets/clickablelabel.cpp.o
[ 58%] Building CXX object CMakeFiles/strawberry_lib.dir/src/widgets/fancytabwidget.cpp.o
[ 58%] Building CXX object CMakeFiles/strawberry_lib.dir/src/widgets/fancytabbar.cpp.o
[ 58%] Building CXX object CMakeFiles/strawberry_lib.dir/src/widgets/fancytabdata.cpp.o
[ 58%] Building CXX object CMakeFiles/strawberry_lib.dir/src/widgets/favoritewidget.cpp.o
[ 58%] Building CXX object CMakeFiles/strawberry_lib.dir/src/widgets/forcescrollperpixel.cpp.o
[ 58%] Building CXX object CMakeFiles/strawberry_lib.dir/src/widgets/freespacebar.cpp.o
[ 58%] Building CXX object CMakeFiles/strawberry_lib.dir/src/widgets/groupediconview.cpp.o
[ 58%] Building CXX object CMakeFiles/strawberry_lib.dir/src/widgets/lineedit.cpp.o
[ 59%] Building CXX object CMakeFiles/strawberry_lib.dir/src/widgets/linetextedit.cpp.o
[ 59%] Building CXX object CMakeFiles/strawberry_lib.dir/src/widgets/multiloadingindicator.cpp.o
[ 59%] Building CXX object CMakeFiles/strawberry_lib.dir/src/widgets/playingwidget.cpp.o
[ 59%] Building CXX object CMakeFiles/strawberry_lib.dir/src/widgets/renametablineedit.cpp.o
[ 59%] Building CXX object CMakeFiles/strawberry_lib.dir/src/widgets/sliderslider.cpp.o
[ 59%] Building CXX object CMakeFiles/strawberry_lib.dir/src/widgets/prettyslider.cpp.o
[ 59%] Building CXX object CMakeFiles/strawberry_lib.dir/src/widgets/volumeslider.cpp.o
[ 59%] Building CXX object CMakeFiles/strawberry_lib.dir/src/widgets/stickyslider.cpp.o
[ 59%] Building CXX object CMakeFiles/strawberry_lib.dir/src/widgets/stretchheaderview.cpp.o
[ 59%] Building CXX object CMakeFiles/strawberry_lib.dir/src/widgets/trackslider.cpp.o
[ 59%] Building CXX object CMakeFiles/strawberry_lib.dir/src/widgets/tracksliderpopup.cpp.o
[ 59%] Building CXX object CMakeFiles/strawberry_lib.dir/src/widgets/tracksliderslider.cpp.o
[ 59%] Building CXX object CMakeFiles/strawberry_lib.dir/src/widgets/loginstatewidget.cpp.o
[ 59%] Building CXX object CMakeFiles/strawberry_lib.dir/src/widgets/ratingwidget.cpp.o
[ 60%] Building CXX object CMakeFiles/strawberry_lib.dir/src/widgets/resizabletextedit.cpp.o
[ 60%] Building CXX object CMakeFiles/strawberry_lib.dir/src/osd/osdbase.cpp.o
[ 60%] Building CXX object CMakeFiles/strawberry_lib.dir/src/osd/osdpretty.cpp.o
[ 60%] Building CXX object CMakeFiles/strawberry_lib.dir/src/streaming/streamingservices.cpp.o
[ 60%] Building CXX object CMakeFiles/strawberry_lib.dir/src/streaming/streamingservice.cpp.o
[ 60%] Building CXX object CMakeFiles/strawberry_lib.dir/src/streaming/streamserviceplaylistitem.cpp.o
[ 60%] Building CXX object CMakeFiles/strawberry_lib.dir/src/streaming/streamingsearchview.cpp.o
[ 60%] Building CXX object CMakeFiles/strawberry_lib.dir/src/streaming/streamingsearchmodel.cpp.o
[ 60%] Building CXX object CMakeFiles/strawberry_lib.dir/src/streaming/streamingsearchsortmodel.cpp.o
[ 60%] Building CXX object CMakeFiles/strawberry_lib.dir/src/streaming/streamingsearchitemdelegate.cpp.o
[ 60%] Building CXX object CMakeFiles/strawberry_lib.dir/src/streaming/streamingsongsview.cpp.o
[ 60%] Building CXX object CMakeFiles/strawberry_lib.dir/src/streaming/streamingtabsview.cpp.o
[ 60%] Building CXX object CMakeFiles/strawberry_lib.dir/src/streaming/streamingcollectionview.cpp.o
[ 61%] Building CXX object CMakeFiles/strawberry_lib.dir/src/streaming/streamingcollectionviewcontainer.cpp.o
[ 61%] Building CXX object CMakeFiles/strawberry_lib.dir/src/streaming/streamsongmimedata.cpp.o
[ 61%] Building CXX object CMakeFiles/strawberry_lib.dir/src/radios/radioservices.cpp.o
[ 61%] Building CXX object CMakeFiles/strawberry_lib.dir/src/radios/radiobackend.cpp.o
[ 61%] Building CXX object CMakeFiles/strawberry_lib.dir/src/radios/radiomodel.cpp.o
[ 61%] Building CXX object CMakeFiles/strawberry_lib.dir/src/radios/radioview.cpp.o
[ 61%] Building CXX object CMakeFiles/strawberry_lib.dir/src/radios/radioviewcontainer.cpp.o
[ 61%] Building CXX object CMakeFiles/strawberry_lib.dir/src/radios/radioservice.cpp.o
[ 61%] Building CXX object CMakeFiles/strawberry_lib.dir/src/radios/radiostreamplaylistitem.cpp.o
[ 61%] Building CXX object CMakeFiles/strawberry_lib.dir/src/radios/radiochannel.cpp.o
[ 61%] Building CXX object CMakeFiles/strawberry_lib.dir/src/radios/somafmservice.cpp.o
[ 61%] Building CXX object CMakeFiles/strawberry_lib.dir/src/radios/radioparadiseservice.cpp.o
[ 61%] Building CXX object CMakeFiles/strawberry_lib.dir/src/radios/radiobrowserservice.cpp.o
[ 61%] Building CXX object CMakeFiles/strawberry_lib.dir/src/radios/radiobrowsersearchview.cpp.o
[ 62%] Building CXX object CMakeFiles/strawberry_lib.dir/src/radios/radiobrowsersearchmodel.cpp.o
[ 62%] Building CXX object CMakeFiles/strawberry_lib.dir/src/radios/radiomimedata.cpp.o
[ 62%] Building CXX object CMakeFiles/strawberry_lib.dir/src/scrobbler/audioscrobbler.cpp.o
[ 62%] Building CXX object CMakeFiles/strawberry_lib.dir/src/scrobbler/scrobblersettingsservice.cpp.o
[ 62%] Building CXX object CMakeFiles/strawberry_lib.dir/src/scrobbler/scrobblerservice.cpp.o
[ 62%] Building CXX object CMakeFiles/strawberry_lib.dir/src/scrobbler/scrobblercache.cpp.o
[ 62%] Building CXX object CMakeFiles/strawberry_lib.dir/src/scrobbler/scrobblercacheitem.cpp.o
[ 62%] Building CXX object CMakeFiles/strawberry_lib.dir/src/scrobbler/scrobblemetadata.cpp.o
[ 62%] Building CXX object CMakeFiles/strawberry_lib.dir/src/scrobbler/lastfmscrobbler.cpp.o
[ 62%] Building CXX object CMakeFiles/strawberry_lib.dir/src/scrobbler/listenbrainzscrobbler.cpp.o
[ 62%] Building CXX object CMakeFiles/strawberry_lib.dir/src/scrobbler/lastfmimport.cpp.o
[ 62%] Building CXX object CMakeFiles/strawberry_lib.dir/src/organize/organize.cpp.o
[ 62%] Building CXX object CMakeFiles/strawberry_lib.dir/src/organize/organizeformat.cpp.o
[ 63%] Building CXX object CMakeFiles/strawberry_lib.dir/src/organize/organizeformatvalidator.cpp.o
[ 63%] Building CXX object CMakeFiles/strawberry_lib.dir/src/organize/organizesyntaxhighlighter.cpp.o
[ 63%] Building CXX object CMakeFiles/strawberry_lib.dir/src/organize/organizedialog.cpp.o
[ 63%] Building CXX object CMakeFiles/strawberry_lib.dir/src/organize/organizeerrordialog.cpp.o
[ 63%] Building CXX object CMakeFiles/strawberry_lib.dir/src/transcoder/transcoder.cpp.o
[ 63%] Building CXX object CMakeFiles/strawberry_lib.dir/src/transcoder/transcoderoptionsinterface.cpp.o
[ 63%] Building CXX object CMakeFiles/strawberry_lib.dir/src/transcoder/transcodedialog.cpp.o
[ 63%] Building CXX object CMakeFiles/strawberry_lib.dir/src/transcoder/transcoderoptionsdialog.cpp.o
[ 63%] Building CXX object CMakeFiles/strawberry_lib.dir/src/transcoder/transcoderoptionsflac.cpp.o
[ 63%] Building CXX object CMakeFiles/strawberry_lib.dir/src/transcoder/transcoderoptionswavpack.cpp.o
[ 63%] Building CXX object CMakeFiles/strawberry_lib.dir/src/transcoder/transcoderoptionsvorbis.cpp.o
[ 63%] Building CXX object CMakeFiles/strawberry_lib.dir/src/transcoder/transcoderoptionsopus.cpp.o
[ 63%] Building CXX object CMakeFiles/strawberry_lib.dir/src/transcoder/transcoderoptionsspeex.cpp.o
[ 63%] Building CXX object CMakeFiles/strawberry_lib.dir/src/transcoder/transcoderoptionsaac.cpp.o
[ 64%] Building CXX object CMakeFiles/strawberry_lib.dir/src/transcoder/transcoderoptionsasf.cpp.o
[ 64%] Building CXX object CMakeFiles/strawberry_lib.dir/src/transcoder/transcoderoptionsmp3.cpp.o
[ 64%] Building CXX object CMakeFiles/strawberry_lib.dir/src/systemtrayicon/systemtrayicon.cpp.o
[ 64%] Building CXX object CMakeFiles/strawberry_lib.dir/src/fileview/fileview.cpp.o
[ 64%] Building CXX object CMakeFiles/strawberry_lib.dir/src/fileview/fileviewlist.cpp.o
[ 64%] Building CXX object CMakeFiles/strawberry_lib.dir/src/fileview/fileviewtree.cpp.o
[ 64%] Building CXX object CMakeFiles/strawberry_lib.dir/src/fileview/fileviewtreemodel.cpp.o
[ 64%] Building CXX object CMakeFiles/strawberry_lib.dir/src/device/devicemanager.cpp.o
[ 64%] Building CXX object CMakeFiles/strawberry_lib.dir/src/device/devicelister.cpp.o
[ 64%] Building CXX object CMakeFiles/strawberry_lib.dir/src/device/devicedatabasebackend.cpp.o
[ 64%] Building CXX object CMakeFiles/strawberry_lib.dir/src/device/deviceinfo.cpp.o
[ 64%] Building CXX object CMakeFiles/strawberry_lib.dir/src/device/deviceproperties.cpp.o
[ 64%] Building CXX object CMakeFiles/strawberry_lib.dir/src/device/filesystemdevice.cpp.o
[ 65%] Building CXX object CMakeFiles/strawberry_lib.dir/src/device/connecteddevice.cpp.o
[ 65%] Building CXX object CMakeFiles/strawberry_lib.dir/src/device/devicestatefiltermodel.cpp.o
[ 65%] Building CXX object CMakeFiles/strawberry_lib.dir/src/device/deviceviewcontainer.cpp.o
[ 65%] Building CXX object CMakeFiles/strawberry_lib.dir/src/device/deviceview.cpp.o
[ 65%] Building CXX object CMakeFiles/strawberry_lib.dir/src/core/unixsignalwatcher.cpp.o
[ 65%] Building CXX object CMakeFiles/strawberry_lib.dir/src/core/filesystemwatcherinotify.cpp.o
[ 65%] Building CXX object CMakeFiles/strawberry_lib.dir/src/systemtrayicon/qtsystemtrayicon.cpp.o
[ 65%] Building CXX object CMakeFiles/strawberry_lib.dir/src/widgets/searchfield_qt.cpp.o
[ 65%] Building CXX object CMakeFiles/strawberry_lib.dir/src/widgets/searchfield_qt_private.cpp.o
[ 65%] Building CXX object CMakeFiles/strawberry_lib.dir/src/tagreader/streamtagreader.cpp.o
[ 65%] Building CXX object CMakeFiles/strawberry_lib.dir/src/tagreader/tagreaderreadstreamrequest.cpp.o
[ 65%] Building CXX object CMakeFiles/strawberry_lib.dir/src/tagreader/tagreaderreadstreamreply.cpp.o
[ 65%] Building CXX object CMakeFiles/strawberry_lib.dir/src/discord/discordrpc.cpp.o
[ 65%] Building CXX object CMakeFiles/strawberry_lib.dir/src/discord/discordrichpresence.cpp.o
[ 66%] Building CXX object CMakeFiles/strawberry_lib.dir/src/discord/discordpresence.cpp.o
[ 66%] Building CXX object CMakeFiles/strawberry_lib.dir/src/globalshortcuts/globalshortcutsmanager.cpp.o
[ 66%] Building CXX object CMakeFiles/strawberry_lib.dir/src/globalshortcuts/globalshortcutsbackend.cpp.o
[ 66%] Building CXX object CMakeFiles/strawberry_lib.dir/src/globalshortcuts/globalshortcutgrabber.cpp.o
[ 66%] Building CXX object CMakeFiles/strawberry_lib.dir/src/settings/globalshortcutssettingspage.cpp.o
[ 66%] Building CXX object CMakeFiles/strawberry_lib.dir/src/globalshortcuts/globalshortcutsbackend-kglobalaccel.cpp.o
[ 66%] Building CXX object CMakeFiles/strawberry_lib.dir/kglobalaccel.cpp.o
[ 66%] Building CXX object CMakeFiles/strawberry_lib.dir/kglobalaccelcomponent.cpp.o
[ 66%] Building CXX object CMakeFiles/strawberry_lib.dir/src/globalshortcuts/globalshortcutsbackend-x11.cpp.o
[ 66%] Building CXX object CMakeFiles/strawberry_lib.dir/src/globalshortcuts/globalshortcut.cpp.o
[ 66%] Building CXX object CMakeFiles/strawberry_lib.dir/src/globalshortcuts/globalshortcut-x11.cpp.o
[ 66%] Building CXX object CMakeFiles/strawberry_lib.dir/src/engine/alsadevicefinder.cpp.o
[ 66%] Building CXX object CMakeFiles/strawberry_lib.dir/src/engine/alsapcmdevicefinder.cpp.o
[ 67%] Building CXX object CMakeFiles/strawberry_lib.dir/src/engine/chromaprinter.cpp.o
[ 67%] Building CXX object CMakeFiles/strawberry_lib.dir/src/engine/pulsedevicefinder.cpp.o
[ 67%] Building CXX object CMakeFiles/strawberry_lib.dir/src/musicbrainz/acoustidclient.cpp.o
[ 67%] Building CXX object CMakeFiles/strawberry_lib.dir/src/musicbrainz/musicbrainzclient.cpp.o
[ 67%] Building CXX object CMakeFiles/strawberry_lib.dir/src/musicbrainz/tagfetcher.cpp.o
[ 67%] Building CXX object CMakeFiles/strawberry_lib.dir/src/engine/ebur128analysis.cpp.o
[ 67%] Building CXX object CMakeFiles/strawberry_lib.dir/src/osd/osddbus.cpp.o
[ 67%] Building CXX object CMakeFiles/strawberry_lib.dir/notification.cpp.o
[ 67%] Building CXX object CMakeFiles/strawberry_lib.dir/src/mpris2/mpris2.cpp.o
[ 67%] Building CXX object CMakeFiles/strawberry_lib.dir/mpris2_root.cpp.o
[ 67%] Building CXX object CMakeFiles/strawberry_lib.dir/mpris2_player.cpp.o
[ 67%] Building CXX object CMakeFiles/strawberry_lib.dir/mpris2_tracklist.cpp.o
[ 67%] Building CXX object CMakeFiles/strawberry_lib.dir/mpris2_playlists.cpp.o
[ 67%] Building CXX object CMakeFiles/strawberry_lib.dir/src/moodbar/moodbarbuilder.cpp.o
[ 68%] Building CXX object CMakeFiles/strawberry_lib.dir/src/moodbar/moodbarcontroller.cpp.o
[ 68%] Building CXX object CMakeFiles/strawberry_lib.dir/src/moodbar/moodbaritemdelegate.cpp.o
[ 68%] Building CXX object CMakeFiles/strawberry_lib.dir/src/moodbar/moodbarloader.cpp.o
[ 68%] Building CXX object CMakeFiles/strawberry_lib.dir/src/moodbar/moodbarpipeline.cpp.o
[ 68%] Building CXX object CMakeFiles/strawberry_lib.dir/src/moodbar/moodbarproxystyle.cpp.o
[ 68%] Building CXX object CMakeFiles/strawberry_lib.dir/src/moodbar/moodbarrenderer.cpp.o
[ 68%] Building CXX object CMakeFiles/strawberry_lib.dir/src/settings/moodbarsettingspage.cpp.o
[ 68%] Building CXX object CMakeFiles/strawberry_lib.dir/src/engine/gstfastspectrumplugin.cpp.o
[ 68%] Building CXX object CMakeFiles/strawberry_lib.dir/src/engine/gstfastspectrum.cpp.o
[ 68%] Building CXX object CMakeFiles/strawberry_lib.dir/src/device/giolister.cpp.o
[ 68%] Building CXX object CMakeFiles/strawberry_lib.dir/src/device/udisks2lister.cpp.o
[ 68%] Building CXX object CMakeFiles/strawberry_lib.dir/objectmanager.cpp.o
[ 68%] Building CXX object CMakeFiles/strawberry_lib.dir/udisks2filesystem.cpp.o
[ 68%] Building CXX object CMakeFiles/strawberry_lib.dir/udisks2block.cpp.o
[ 69%] Building CXX object CMakeFiles/strawberry_lib.dir/udisks2drive.cpp.o
[ 69%] Building CXX object CMakeFiles/strawberry_lib.dir/udisks2job.cpp.o
[ 69%] Building CXX object CMakeFiles/strawberry_lib.dir/src/device/mtpconnection.cpp.o
[ 69%] Building CXX object CMakeFiles/strawberry_lib.dir/src/device/mtpdevice.cpp.o
[ 69%] Building CXX object CMakeFiles/strawberry_lib.dir/src/device/mtploader.cpp.o
[ 69%] Building CXX object CMakeFiles/strawberry_lib.dir/src/device/cddadevice.cpp.o
[ 69%] Building CXX object CMakeFiles/strawberry_lib.dir/src/device/cddalister.cpp.o
[ 69%] Building CXX object CMakeFiles/strawberry_lib.dir/src/device/cddasongloader.cpp.o
[ 69%] Building CXX object CMakeFiles/strawberry_lib.dir/src/device/gpoddevice.cpp.o
[ 69%] Building CXX object CMakeFiles/strawberry_lib.dir/src/device/gpodloader.cpp.o
[ 69%] Building CXX object CMakeFiles/strawberry_lib.dir/src/subsonic/subsonicservice.cpp.o
[ 69%] Building CXX object CMakeFiles/strawberry_lib.dir/src/subsonic/subsonicurlhandler.cpp.o
[ 69%] Building CXX object CMakeFiles/strawberry_lib.dir/src/subsonic/subsonicbaserequest.cpp.o
[ 70%] Building CXX object CMakeFiles/strawberry_lib.dir/src/subsonic/subsonicrequest.cpp.o
[ 70%] Building CXX object CMakeFiles/strawberry_lib.dir/src/subsonic/subsonicscrobblerequest.cpp.o
[ 70%] Building CXX object CMakeFiles/strawberry_lib.dir/src/settings/subsonicsettingspage.cpp.o
[ 70%] Building CXX object CMakeFiles/strawberry_lib.dir/src/scrobbler/subsonicscrobbler.cpp.o
[ 70%] Building CXX object CMakeFiles/strawberry_lib.dir/src/tidal/tidalservice.cpp.o
[ 70%] Building CXX object CMakeFiles/strawberry_lib.dir/src/tidal/tidalurlhandler.cpp.o
[ 70%] Building CXX object CMakeFiles/strawberry_lib.dir/src/tidal/tidalbaserequest.cpp.o
[ 70%] Building CXX object CMakeFiles/strawberry_lib.dir/src/tidal/tidalrequest.cpp.o
[ 70%] Building CXX object CMakeFiles/strawberry_lib.dir/src/tidal/tidalstreamurlrequest.cpp.o
[ 70%] Building CXX object CMakeFiles/strawberry_lib.dir/src/tidal/tidalfavoriterequest.cpp.o
[ 70%] Building CXX object CMakeFiles/strawberry_lib.dir/src/settings/tidalsettingspage.cpp.o
[ 70%] Building CXX object CMakeFiles/strawberry_lib.dir/src/covermanager/tidalcoverprovider.cpp.o
[ 70%] Building CXX object CMakeFiles/strawberry_lib.dir/src/spotify/spotifyservice.cpp.o
[ 70%] Building CXX object CMakeFiles/strawberry_lib.dir/src/spotify/spotifybaserequest.cpp.o
[ 71%] Building CXX object CMakeFiles/strawberry_lib.dir/src/spotify/spotifyrequest.cpp.o
[ 71%] Building CXX object CMakeFiles/strawberry_lib.dir/src/spotify/spotifyfavoriterequest.cpp.o
[ 71%] Building CXX object CMakeFiles/strawberry_lib.dir/src/spotify/spotifymetadatarequest.cpp.o
[ 71%] Building CXX object CMakeFiles/strawberry_lib.dir/src/settings/spotifysettingspage.cpp.o
[ 71%] Building CXX object CMakeFiles/strawberry_lib.dir/src/covermanager/spotifycoverprovider.cpp.o
[ 71%] Building CXX object CMakeFiles/strawberry_lib.dir/src/qobuz/qobuzservice.cpp.o
[ 71%] Building CXX object CMakeFiles/strawberry_lib.dir/src/qobuz/qobuzurlhandler.cpp.o
[ 71%] Building CXX object CMakeFiles/strawberry_lib.dir/src/qobuz/qobuzbaserequest.cpp.o
[ 71%] Building CXX object CMakeFiles/strawberry_lib.dir/src/qobuz/qobuzrequest.cpp.o
[ 71%] Building CXX object CMakeFiles/strawberry_lib.dir/src/qobuz/qobuzstreamurlrequest.cpp.o
[ 71%] Building CXX object CMakeFiles/strawberry_lib.dir/src/qobuz/qobuzfavoriterequest.cpp.o
[ 71%] Building CXX object CMakeFiles/strawberry_lib.dir/src/qobuz/qobuzmetadatarequest.cpp.o
[ 71%] Building CXX object CMakeFiles/strawberry_lib.dir/src/qobuz/qobuzcredentialfetcher.cpp.o
[ 72%] Building CXX object CMakeFiles/strawberry_lib.dir/src/settings/qobuzsettingspage.cpp.o
[ 72%] Building CXX object CMakeFiles/strawberry_lib.dir/src/covermanager/qobuzcoverprovider.cpp.o
[ 72%] Building CXX object CMakeFiles/strawberry_lib.dir/src/core/moc_logging.cpp.o
[ 72%] Building CXX object CMakeFiles/strawberry_lib.dir/src/core/moc_mainwindow.cpp.o
[ 72%] Building CXX object CMakeFiles/strawberry_lib.dir/src/core/moc_application.cpp.o
[ 72%] Building CXX object CMakeFiles/strawberry_lib.dir/src/core/moc_player.cpp.o
[ 72%] Building CXX object CMakeFiles/strawberry_lib.dir/src/core/moc_playerinterface.cpp.o
[ 72%] Building CXX object CMakeFiles/strawberry_lib.dir/src/core/moc_database.cpp.o
[ 72%] Building CXX object CMakeFiles/strawberry_lib.dir/src/core/moc_memorydatabase.cpp.o
[ 72%] Building CXX object CMakeFiles/strawberry_lib.dir/src/core/moc_deletefiles.cpp.o
[ 72%] Building CXX object CMakeFiles/strawberry_lib.dir/src/core/moc_filesystemwatcherinterface.cpp.o
[ 72%] Building CXX object CMakeFiles/strawberry_lib.dir/src/core/moc_mergedproxymodel.cpp.o
[ 72%] Building CXX object CMakeFiles/strawberry_lib.dir/src/core/moc_multisortfilterproxy.cpp.o
[ 72%] Building CXX object CMakeFiles/strawberry_lib.dir/src/core/moc_networkaccessmanager.cpp.o
[ 73%] Building CXX object CMakeFiles/strawberry_lib.dir/src/core/moc_threadsafenetworkdiskcache.cpp.o
[ 73%] Building CXX object CMakeFiles/strawberry_lib.dir/src/core/moc_networktimeouts.cpp.o
[ 73%] Building CXX object CMakeFiles/strawberry_lib.dir/src/core/moc_settings.cpp.o
[ 73%] Building CXX object CMakeFiles/strawberry_lib.dir/src/core/moc_songloader.cpp.o
[ 73%] Building CXX object CMakeFiles/strawberry_lib.dir/src/core/moc_taskmanager.cpp.o
[ 73%] Building CXX object CMakeFiles/strawberry_lib.dir/src/core/moc_thread.cpp.o
[ 73%] Building CXX object CMakeFiles/strawberry_lib.dir/src/core/moc_urlhandlers.cpp.o
[ 73%] Building CXX object CMakeFiles/strawberry_lib.dir/src/core/moc_urlhandler.cpp.o
[ 73%] Building CXX object CMakeFiles/strawberry_lib.dir/src/core/moc_standarditemiconloader.cpp.o
[ 73%] Building CXX object CMakeFiles/strawberry_lib.dir/src/core/moc_mimedata.cpp.o
[ 73%] Building CXX object CMakeFiles/strawberry_lib.dir/src/core/moc_stylesheetloader.cpp.o
[ 73%] Building CXX object CMakeFiles/strawberry_lib.dir/src/core/moc_localredirectserver.cpp.o
[ 73%] Building CXX object CMakeFiles/strawberry_lib.dir/src/core/moc_songmimedata.cpp.o
[ 75%] Building CXX object CMakeFiles/strawberry_lib.dir/src/core/moc_httpbaserequest.cpp.o
[ 75%] Building CXX object CMakeFiles/strawberry_lib.dir/src/core/moc_jsonbaserequest.cpp.o
[ 75%] Building CXX object CMakeFiles/strawberry_lib.dir/src/core/moc_oauthenticator.cpp.o
[ 75%] Building CXX object CMakeFiles/strawberry_lib.dir/src/tagreader/moc_tagreaderclient.cpp.o
[ 75%] Building CXX object CMakeFiles/strawberry_lib.dir/src/tagreader/moc_tagreaderreply.cpp.o
[ 75%] Building CXX object CMakeFiles/strawberry_lib.dir/src/tagreader/moc_tagreaderreadfilereply.cpp.o
[ 75%] Building CXX object CMakeFiles/strawberry_lib.dir/src/tagreader/moc_tagreaderloadcoverdatareply.cpp.o
[ 75%] Building CXX object CMakeFiles/strawberry_lib.dir/src/tagreader/moc_tagreaderloadcoverimagereply.cpp.o
[ 75%] Building CXX object CMakeFiles/strawberry_lib.dir/src/engine/moc_enginebase.cpp.o
[ 75%] Building CXX object CMakeFiles/strawberry_lib.dir/src/engine/moc_devicefinders.cpp.o
[ 75%] Building CXX object CMakeFiles/strawberry_lib.dir/src/engine/moc_gstengine.cpp.o
[ 75%] Building CXX object CMakeFiles/strawberry_lib.dir/src/engine/moc_gstenginepipeline.cpp.o
[ 75%] Building CXX object CMakeFiles/strawberry_lib.dir/src/analyzer/moc_analyzerbase.cpp.o
[ 75%] Building CXX object CMakeFiles/strawberry_lib.dir/src/analyzer/moc_analyzercontainer.cpp.o
[ 76%] Building CXX object CMakeFiles/strawberry_lib.dir/src/analyzer/moc_blockanalyzer.cpp.o
[ 76%] Building CXX object CMakeFiles/strawberry_lib.dir/src/analyzer/moc_boomanalyzer.cpp.o
[ 76%] Building CXX object CMakeFiles/strawberry_lib.dir/src/analyzer/moc_turbineanalyzer.cpp.o
[ 76%] Building CXX object CMakeFiles/strawberry_lib.dir/src/analyzer/moc_sonogramanalyzer.cpp.o
[ 76%] Building CXX object CMakeFiles/strawberry_lib.dir/src/analyzer/moc_waverubberanalyzer.cpp.o
[ 76%] Building CXX object CMakeFiles/strawberry_lib.dir/src/analyzer/moc_rainbowanalyzer.cpp.o
[ 76%] Building CXX object CMakeFiles/strawberry_lib.dir/src/equalizer/moc_equalizer.cpp.o
[ 76%] Building CXX object CMakeFiles/strawberry_lib.dir/src/equalizer/moc_equalizerslider.cpp.o
[ 76%] Building CXX object CMakeFiles/strawberry_lib.dir/src/context/moc_contextview.cpp.o
[ 76%] Building CXX object CMakeFiles/strawberry_lib.dir/src/context/moc_contextalbum.cpp.o
[ 76%] Building CXX object CMakeFiles/strawberry_lib.dir/src/collection/moc_collectionlibrary.cpp.o
[ 76%] Building CXX object CMakeFiles/strawberry_lib.dir/src/collection/moc_collectionmodel.cpp.o
[ 76%] Building CXX object CMakeFiles/strawberry_lib.dir/src/collection/moc_collectionbackend.cpp.o
[ 77%] Building CXX object CMakeFiles/strawberry_lib.dir/src/collection/moc_collectionwatcher.cpp.o
[ 77%] Building CXX object CMakeFiles/strawberry_lib.dir/src/collection/moc_collectionview.cpp.o
[ 77%] Building CXX object CMakeFiles/strawberry_lib.dir/src/collection/moc_collectionitemdelegate.cpp.o
[ 77%] Building CXX object CMakeFiles/strawberry_lib.dir/src/collection/moc_collectionviewcontainer.cpp.o
[ 77%] Building CXX object CMakeFiles/strawberry_lib.dir/src/collection/moc_collectiondirectorymodel.cpp.o
[ 77%] Building CXX object CMakeFiles/strawberry_lib.dir/src/collection/moc_collectionfilterwidget.cpp.o
[ 77%] Building CXX object CMakeFiles/strawberry_lib.dir/src/collection/moc_collectionfilter.cpp.o
[ 77%] Building CXX object CMakeFiles/strawberry_lib.dir/src/collection/moc_savedgroupingmanager.cpp.o
[ 77%] Building CXX object CMakeFiles/strawberry_lib.dir/src/collection/moc_groupbydialog.cpp.o
[ 77%] Building CXX object CMakeFiles/strawberry_lib.dir/src/playlist/moc_playlist.cpp.o
[ 77%] Building CXX object CMakeFiles/strawberry_lib.dir/src/playlist/moc_playlistbackend.cpp.o
[ 77%] Building CXX object CMakeFiles/strawberry_lib.dir/src/playlist/moc_playlistcontainer.cpp.o
[ 77%] Building CXX object CMakeFiles/strawberry_lib.dir/src/playlist/moc_playlistdelegates.cpp.o
[ 77%] Building CXX object CMakeFiles/strawberry_lib.dir/src/playlist/moc_playlistfilter.cpp.o
[ 78%] Building CXX object CMakeFiles/strawberry_lib.dir/src/playlist/moc_playlistheader.cpp.o
[ 78%] Building CXX object CMakeFiles/strawberry_lib.dir/src/playlist/moc_playlistlistcontainer.cpp.o
[ 78%] Building CXX object CMakeFiles/strawberry_lib.dir/src/playlist/moc_playlistlistmodel.cpp.o
[ 78%] Building CXX object CMakeFiles/strawberry_lib.dir/src/playlist/moc_playlistlistview.cpp.o
[ 78%] Building CXX object CMakeFiles/strawberry_lib.dir/src/playlist/moc_playlistlistsortfiltermodel.cpp.o
[ 78%] Building CXX object CMakeFiles/strawberry_lib.dir/src/playlist/moc_playlistmanagerinterface.cpp.o
[ 78%] Building CXX object CMakeFiles/strawberry_lib.dir/src/playlist/moc_playlistmanager.cpp.o
[ 78%] Building CXX object CMakeFiles/strawberry_lib.dir/src/playlist/moc_playlistsaveoptionsdialog.cpp.o
[ 78%] Building CXX object CMakeFiles/strawberry_lib.dir/src/playlist/moc_playlistsequence.cpp.o
[ 78%] Building CXX object CMakeFiles/strawberry_lib.dir/src/playlist/moc_playlisttabbar.cpp.o
[ 78%] Building CXX object CMakeFiles/strawberry_lib.dir/src/playlist/moc_playlistview.cpp.o
[ 78%] Building CXX object CMakeFiles/strawberry_lib.dir/src/playlist/moc_playlistproxystyle.cpp.o
[ 78%] Building CXX object CMakeFiles/strawberry_lib.dir/src/playlist/moc_playlistitemmimedata.cpp.o
[ 78%] Building CXX object CMakeFiles/strawberry_lib.dir/src/playlist/moc_songloaderinserter.cpp.o
[ 79%] Building CXX object CMakeFiles/strawberry_lib.dir/src/playlist/moc_dynamicplaylistcontrols.cpp.o
[ 79%] Building CXX object CMakeFiles/strawberry_lib.dir/src/queue/moc_queue.cpp.o
[ 79%] Building CXX object CMakeFiles/strawberry_lib.dir/src/queue/moc_queueview.cpp.o
[ 79%] Building CXX object CMakeFiles/strawberry_lib.dir/src/playlistparsers/moc_asxiniparser.cpp.o
[ 79%] Building CXX object CMakeFiles/strawberry_lib.dir/src/playlistparsers/moc_asxparser.cpp.o
[ 79%] Building CXX object CMakeFiles/strawberry_lib.dir/src/playlistparsers/moc_cueparser.cpp.o
[ 79%] Building CXX object CMakeFiles/strawberry_lib.dir/src/playlistparsers/moc_m3uparser.cpp.o
[ 79%] Building CXX object CMakeFiles/strawberry_lib.dir/src/playlistparsers/moc_parserbase.cpp.o
[ 79%] Building CXX object CMakeFiles/strawberry_lib.dir/src/playlistparsers/moc_playlistparser.cpp.o
[ 79%] Building CXX object CMakeFiles/strawberry_lib.dir/src/playlistparsers/moc_plsparser.cpp.o
[ 79%] Building CXX object CMakeFiles/strawberry_lib.dir/src/playlistparsers/moc_wplparser.cpp.o
[ 79%] Building CXX object CMakeFiles/strawberry_lib.dir/src/playlistparsers/moc_xmlparser.cpp.o
[ 79%] Building CXX object CMakeFiles/strawberry_lib.dir/src/playlistparsers/moc_xspfparser.cpp.o
[ 80%] Building CXX object CMakeFiles/strawberry_lib.dir/src/smartplaylists/moc_playlistgenerator.cpp.o
[ 80%] Building CXX object CMakeFiles/strawberry_lib.dir/src/smartplaylists/moc_playlistgeneratorinserter.cpp.o
[ 80%] Building CXX object CMakeFiles/strawberry_lib.dir/src/smartplaylists/moc_playlistquerygenerator.cpp.o
[ 80%] Building CXX object CMakeFiles/strawberry_lib.dir/src/smartplaylists/moc_playlistgeneratormimedata.cpp.o
[ 80%] Building CXX object CMakeFiles/strawberry_lib.dir/src/smartplaylists/moc_smartplaylistquerywizardplugin.cpp.o
[ 80%] Building CXX object CMakeFiles/strawberry_lib.dir/src/smartplaylists/moc_smartplaylistquerywizardpluginsortpage.cpp.o
[ 80%] Building CXX object CMakeFiles/strawberry_lib.dir/src/smartplaylists/moc_smartplaylistquerywizardpluginsearchpage.cpp.o
[ 80%] Building CXX object CMakeFiles/strawberry_lib.dir/src/smartplaylists/moc_smartplaylistsearchpreview.cpp.o
[ 80%] Building CXX object CMakeFiles/strawberry_lib.dir/src/smartplaylists/moc_smartplaylistsearchtermwidget.cpp.o
[ 80%] Building CXX object CMakeFiles/strawberry_lib.dir/src/smartplaylists/moc_smartplaylistsearchtermwidgetoverlay.cpp.o
[ 80%] Building CXX object CMakeFiles/strawberry_lib.dir/src/smartplaylists/moc_smartplaylistsmodel.cpp.o
[ 80%] Building CXX object CMakeFiles/strawberry_lib.dir/src/smartplaylists/moc_smartplaylistsviewcontainer.cpp.o
[ 80%] Building CXX object CMakeFiles/strawberry_lib.dir/src/smartplaylists/moc_smartplaylistsview.cpp.o
[ 80%] Building CXX object CMakeFiles/strawberry_lib.dir/src/smartplaylists/moc_smartplaylistwizard.cpp.o
[ 81%] Building CXX object CMakeFiles/strawberry_lib.dir/src/smartplaylists/moc_smartplaylistwizardplugin.cpp.o
[ 81%] Building CXX object CMakeFiles/strawberry_lib.dir/src/smartplaylists/moc_smartplaylistwizardtypepage.cpp.o
[ 81%] Building CXX object CMakeFiles/strawberry_lib.dir/src/smartplaylists/moc_smartplaylistwizardfinishpage.cpp.o
[ 81%] Building CXX object CMakeFiles/strawberry_lib.dir/src/covermanager/moc_albumcovermanager.cpp.o
[ 81%] Building CXX object CMakeFiles/strawberry_lib.dir/src/covermanager/moc_albumcovermanagerlist.cpp.o
[ 81%] Building CXX object CMakeFiles/strawberry_lib.dir/src/covermanager/moc_albumcoverloader.cpp.o
[ 81%] Building CXX object CMakeFiles/strawberry_lib.dir/src/covermanager/moc_albumcoverfetcher.cpp.o
[ 81%] Building CXX object CMakeFiles/strawberry_lib.dir/src/covermanager/moc_albumcoverfetchersearch.cpp.o
[ 81%] Building CXX object CMakeFiles/strawberry_lib.dir/src/covermanager/moc_albumcoversearcher.cpp.o
[ 81%] Building CXX object CMakeFiles/strawberry_lib.dir/src/covermanager/moc_albumcoverexport.cpp.o
[ 81%] Building CXX object CMakeFiles/strawberry_lib.dir/src/covermanager/moc_albumcoverexporter.cpp.o
[ 81%] Building CXX object CMakeFiles/strawberry_lib.dir/src/covermanager/moc_albumcoverchoicecontroller.cpp.o
[ 81%] Building CXX object CMakeFiles/strawberry_lib.dir/src/covermanager/moc_coverprovider.cpp.o
[ 82%] Building CXX object CMakeFiles/strawberry_lib.dir/src/covermanager/moc_coverproviders.cpp.o
[ 82%] Building CXX object CMakeFiles/strawberry_lib.dir/src/covermanager/moc_coversearchstatisticsdialog.cpp.o
[ 82%] Building CXX object CMakeFiles/strawberry_lib.dir/src/covermanager/moc_coverexportrunnable.cpp.o
[ 82%] Building CXX object CMakeFiles/strawberry_lib.dir/src/covermanager/moc_coverfromurldialog.cpp.o
[ 82%] Building CXX object CMakeFiles/strawberry_lib.dir/src/covermanager/moc_currentalbumcoverloader.cpp.o
[ 82%] Building CXX object CMakeFiles/strawberry_lib.dir/src/covermanager/moc_jsoncoverprovider.cpp.o
[ 82%] Building CXX object CMakeFiles/strawberry_lib.dir/src/covermanager/moc_lastfmcoverprovider.cpp.o
[ 82%] Building CXX object CMakeFiles/strawberry_lib.dir/src/covermanager/moc_musicbrainzcoverprovider.cpp.o
[ 82%] Building CXX object CMakeFiles/strawberry_lib.dir/src/covermanager/moc_discogscoverprovider.cpp.o
[ 82%] Building CXX object CMakeFiles/strawberry_lib.dir/src/covermanager/moc_deezercoverprovider.cpp.o
[ 82%] Building CXX object CMakeFiles/strawberry_lib.dir/src/covermanager/moc_musixmatchcoverprovider.cpp.o
[ 82%] Building CXX object CMakeFiles/strawberry_lib.dir/src/covermanager/moc_opentidalcoverprovider.cpp.o
[ 82%] Building CXX object CMakeFiles/strawberry_lib.dir/src/lyrics/moc_lyricsproviders.cpp.o
[ 82%] Building CXX object CMakeFiles/strawberry_lib.dir/src/lyrics/moc_lyricsprovider.cpp.o
[ 83%] Building CXX object CMakeFiles/strawberry_lib.dir/src/lyrics/moc_lyricsfetcher.cpp.o
[ 83%] Building CXX object CMakeFiles/strawberry_lib.dir/src/lyrics/moc_lyricsfetchersearch.cpp.o
[ 83%] Building CXX object CMakeFiles/strawberry_lib.dir/src/lyrics/moc_jsonlyricsprovider.cpp.o
[ 83%] Building CXX object CMakeFiles/strawberry_lib.dir/src/lyrics/moc_htmllyricsprovider.cpp.o
[ 83%] Building CXX object CMakeFiles/strawberry_lib.dir/src/lyrics/moc_ovhlyricsprovider.cpp.o
[ 83%] Building CXX object CMakeFiles/strawberry_lib.dir/src/lyrics/moc_geniuslyricsprovider.cpp.o
[ 83%] Building CXX object CMakeFiles/strawberry_lib.dir/src/lyrics/moc_musixmatchlyricsprovider.cpp.o
[ 83%] Building CXX object CMakeFiles/strawberry_lib.dir/src/lyrics/moc_songlyricscomlyricsprovider.cpp.o
[ 83%] Building CXX object CMakeFiles/strawberry_lib.dir/src/lyrics/moc_azlyricscomlyricsprovider.cpp.o
[ 83%] Building CXX object CMakeFiles/strawberry_lib.dir/src/lyrics/moc_elyricsnetlyricsprovider.cpp.o
[ 83%] Building CXX object CMakeFiles/strawberry_lib.dir/src/lyrics/moc_letraslyricsprovider.cpp.o
[ 83%] Building CXX object CMakeFiles/strawberry_lib.dir/src/lyrics/moc_lrcliblyricsprovider.cpp.o
[ 83%] Building CXX object CMakeFiles/strawberry_lib.dir/src/settings/moc_settingsdialog.cpp.o
[ 84%] Building CXX object CMakeFiles/strawberry_lib.dir/src/settings/moc_settingspage.cpp.o
[ 84%] Building CXX object CMakeFiles/strawberry_lib.dir/src/settings/moc_settingsitemdelegate.cpp.o
[ 84%] Building CXX object CMakeFiles/strawberry_lib.dir/src/settings/moc_behavioursettingspage.cpp.o
[ 84%] Building CXX object CMakeFiles/strawberry_lib.dir/src/settings/moc_collectionsettingspage.cpp.o
[ 84%] Building CXX object CMakeFiles/strawberry_lib.dir/src/settings/moc_collectionsettingsdirectorymodel.cpp.o
[ 84%] Building CXX object CMakeFiles/strawberry_lib.dir/src/settings/moc_backendsettingspage.cpp.o
[ 84%] Building CXX object CMakeFiles/strawberry_lib.dir/src/settings/moc_playlistsettingspage.cpp.o
[ 84%] Building CXX object CMakeFiles/strawberry_lib.dir/src/settings/moc_scrobblersettingspage.cpp.o
[ 84%] Building CXX object CMakeFiles/strawberry_lib.dir/src/settings/moc_coverssettingspage.cpp.o
[ 84%] Building CXX object CMakeFiles/strawberry_lib.dir/src/settings/moc_lyricssettingspage.cpp.o
[ 84%] Building CXX object CMakeFiles/strawberry_lib.dir/src/settings/moc_networkproxysettingspage.cpp.o
[ 84%] Building CXX object CMakeFiles/strawberry_lib.dir/src/settings/moc_radiosettingspage.cpp.o
[ 84%] Building CXX object CMakeFiles/strawberry_lib.dir/src/settings/moc_appearancesettingspage.cpp.o
[ 84%] Building CXX object CMakeFiles/strawberry_lib.dir/src/settings/moc_contextsettingspage.cpp.o
[ 85%] Building CXX object CMakeFiles/strawberry_lib.dir/src/settings/moc_notificationssettingspage.cpp.o
[ 85%] Building CXX object CMakeFiles/strawberry_lib.dir/src/settings/moc_transcodersettingspage.cpp.o
[ 85%] Building CXX object CMakeFiles/strawberry_lib.dir/src/dialogs/moc_about.cpp.o
[ 85%] Building CXX object CMakeFiles/strawberry_lib.dir/src/dialogs/moc_errordialog.cpp.o
[ 85%] Building CXX object CMakeFiles/strawberry_lib.dir/src/dialogs/moc_console.cpp.o
[ 85%] Building CXX object CMakeFiles/strawberry_lib.dir/src/dialogs/moc_edittagdialog.cpp.o
[ 85%] Building CXX object CMakeFiles/strawberry_lib.dir/src/dialogs/moc_trackselectiondialog.cpp.o
[ 85%] Building CXX object CMakeFiles/strawberry_lib.dir/src/dialogs/moc_addstreamdialog.cpp.o
[ 85%] Building CXX object CMakeFiles/strawberry_lib.dir/src/dialogs/moc_userpassdialog.cpp.o
[ 85%] Building CXX object CMakeFiles/strawberry_lib.dir/src/dialogs/moc_deleteconfirmationdialog.cpp.o
[ 85%] Building CXX object CMakeFiles/strawberry_lib.dir/src/dialogs/moc_lastfmimportdialog.cpp.o
[ 85%] Building CXX object CMakeFiles/strawberry_lib.dir/src/dialogs/moc_messagedialog.cpp.o
[ 85%] Building CXX object CMakeFiles/strawberry_lib.dir/src/dialogs/moc_saveplaylistsdialog.cpp.o
[ 85%] Building CXX object CMakeFiles/strawberry_lib.dir/src/widgets/moc_autoexpandingtreeview.cpp.o
[ 86%] Building CXX object CMakeFiles/strawberry_lib.dir/src/widgets/moc_busyindicator.cpp.o
[ 86%] Building CXX object CMakeFiles/strawberry_lib.dir/src/widgets/moc_fancytabwidget.cpp.o
[ 86%] Building CXX object CMakeFiles/strawberry_lib.dir/src/widgets/moc_clickablelabel.cpp.o
[ 86%] Building CXX object CMakeFiles/strawberry_lib.dir/src/widgets/moc_fancytabbar.cpp.o
[ 86%] Building CXX object CMakeFiles/strawberry_lib.dir/src/widgets/moc_fancytabdata.cpp.o
[ 86%] Building CXX object CMakeFiles/strawberry_lib.dir/src/widgets/moc_favoritewidget.cpp.o
[ 86%] Building CXX object CMakeFiles/strawberry_lib.dir/src/widgets/moc_freespacebar.cpp.o
[ 86%] Building CXX object CMakeFiles/strawberry_lib.dir/src/widgets/moc_groupediconview.cpp.o
[ 86%] Building CXX object CMakeFiles/strawberry_lib.dir/src/widgets/moc_lineedit.cpp.o
[ 86%] Building CXX object CMakeFiles/strawberry_lib.dir/src/widgets/moc_linetextedit.cpp.o
[ 86%] Building CXX object CMakeFiles/strawberry_lib.dir/src/widgets/moc_multiloadingindicator.cpp.o
[ 86%] Building CXX object CMakeFiles/strawberry_lib.dir/src/widgets/moc_playingwidget.cpp.o
[ 86%] Building CXX object CMakeFiles/strawberry_lib.dir/src/widgets/moc_renametablineedit.cpp.o
[ 87%] Building CXX object CMakeFiles/strawberry_lib.dir/src/widgets/moc_sliderslider.cpp.o
[ 87%] Building CXX object CMakeFiles/strawberry_lib.dir/src/widgets/moc_prettyslider.cpp.o
[ 87%] Building CXX object CMakeFiles/strawberry_lib.dir/src/widgets/moc_volumeslider.cpp.o
[ 87%] Building CXX object CMakeFiles/strawberry_lib.dir/src/widgets/moc_stickyslider.cpp.o
[ 87%] Building CXX object CMakeFiles/strawberry_lib.dir/src/widgets/moc_stretchheaderview.cpp.o
[ 87%] Building CXX object CMakeFiles/strawberry_lib.dir/src/widgets/moc_trackslider.cpp.o
[ 87%] Building CXX object CMakeFiles/strawberry_lib.dir/src/widgets/moc_tracksliderpopup.cpp.o
[ 87%] Building CXX object CMakeFiles/strawberry_lib.dir/src/widgets/moc_tracksliderslider.cpp.o
[ 87%] Building CXX object CMakeFiles/strawberry_lib.dir/src/widgets/moc_loginstatewidget.cpp.o
[ 87%] Building CXX object CMakeFiles/strawberry_lib.dir/src/widgets/moc_searchfield.cpp.o
[ 87%] Building CXX object CMakeFiles/strawberry_lib.dir/src/widgets/moc_ratingwidget.cpp.o
[ 87%] Building CXX object CMakeFiles/strawberry_lib.dir/src/widgets/moc_forcescrollperpixel.cpp.o
[ 87%] Building CXX object CMakeFiles/strawberry_lib.dir/src/widgets/moc_resizabletextedit.cpp.o
[ 87%] Building CXX object CMakeFiles/strawberry_lib.dir/src/osd/moc_osdbase.cpp.o
[ 88%] Building CXX object CMakeFiles/strawberry_lib.dir/src/osd/moc_osdpretty.cpp.o
[ 88%] Building CXX object CMakeFiles/strawberry_lib.dir/src/streaming/moc_streamingservices.cpp.o
[ 88%] Building CXX object CMakeFiles/strawberry_lib.dir/src/streaming/moc_streamingservice.cpp.o
[ 88%] Building CXX object CMakeFiles/strawberry_lib.dir/src/streaming/moc_streamsongmimedata.cpp.o
[ 88%] Building CXX object CMakeFiles/strawberry_lib.dir/src/streaming/moc_streamingsearchmodel.cpp.o
[ 88%] Building CXX object CMakeFiles/strawberry_lib.dir/src/streaming/moc_streamingsearchsortmodel.cpp.o
[ 88%] Building CXX object CMakeFiles/strawberry_lib.dir/src/streaming/moc_streamingsearchitemdelegate.cpp.o
[ 88%] Building CXX object CMakeFiles/strawberry_lib.dir/src/streaming/moc_streamingsearchview.cpp.o
[ 88%] Building CXX object CMakeFiles/strawberry_lib.dir/src/streaming/moc_streamingsongsview.cpp.o
[ 88%] Building CXX object CMakeFiles/strawberry_lib.dir/src/streaming/moc_streamingtabsview.cpp.o
[ 88%] Building CXX object CMakeFiles/strawberry_lib.dir/src/streaming/moc_streamingcollectionview.cpp.o
[ 88%] Building CXX object CMakeFiles/strawberry_lib.dir/src/streaming/moc_streamingcollectionviewcontainer.cpp.o
[ 88%] Building CXX object CMakeFiles/strawberry_lib.dir/src/radios/moc_radioservices.cpp.o
[ 89%] Building CXX object CMakeFiles/strawberry_lib.dir/src/radios/moc_radiobackend.cpp.o
[ 89%] Building CXX object CMakeFiles/strawberry_lib.dir/src/radios/moc_radiomodel.cpp.o
[ 89%] Building CXX object CMakeFiles/strawberry_lib.dir/src/radios/moc_radioview.cpp.o
[ 89%] Building CXX object CMakeFiles/strawberry_lib.dir/src/radios/moc_radioviewcontainer.cpp.o
[ 89%] Building CXX object CMakeFiles/strawberry_lib.dir/src/radios/moc_radioservice.cpp.o
[ 89%] Building CXX object CMakeFiles/strawberry_lib.dir/src/radios/moc_radiomimedata.cpp.o
[ 89%] Building CXX object CMakeFiles/strawberry_lib.dir/src/radios/moc_somafmservice.cpp.o
[ 89%] Building CXX object CMakeFiles/strawberry_lib.dir/src/radios/moc_radioparadiseservice.cpp.o
[ 89%] Building CXX object CMakeFiles/strawberry_lib.dir/src/radios/moc_radiobrowserservice.cpp.o
[ 89%] Building CXX object CMakeFiles/strawberry_lib.dir/src/radios/moc_radiobrowsersearchview.cpp.o
[ 89%] Building CXX object CMakeFiles/strawberry_lib.dir/src/radios/moc_radiobrowsersearchmodel.cpp.o
[ 89%] Building CXX object CMakeFiles/strawberry_lib.dir/src/scrobbler/moc_audioscrobbler.cpp.o
[ 89%] Building CXX object CMakeFiles/strawberry_lib.dir/src/scrobbler/moc_scrobblersettingsservice.cpp.o
[ 89%] Building CXX object CMakeFiles/strawberry_lib.dir/src/scrobbler/moc_scrobblerservice.cpp.o
[ 90%] Building CXX object CMakeFiles/strawberry_lib.dir/src/scrobbler/moc_scrobblercache.cpp.o
[ 90%] Building CXX object CMakeFiles/strawberry_lib.dir/src/scrobbler/moc_lastfmscrobbler.cpp.o
[ 90%] Building CXX object CMakeFiles/strawberry_lib.dir/src/scrobbler/moc_listenbrainzscrobbler.cpp.o
[ 90%] Building CXX object CMakeFiles/strawberry_lib.dir/src/scrobbler/moc_lastfmimport.cpp.o
[ 90%] Building CXX object CMakeFiles/strawberry_lib.dir/src/organize/moc_organize.cpp.o
[ 90%] Building CXX object CMakeFiles/strawberry_lib.dir/src/organize/moc_organizeformatvalidator.cpp.o
[ 90%] Building CXX object CMakeFiles/strawberry_lib.dir/src/organize/moc_organizesyntaxhighlighter.cpp.o
[ 90%] Building CXX object CMakeFiles/strawberry_lib.dir/src/organize/moc_organizedialog.cpp.o
[ 90%] Building CXX object CMakeFiles/strawberry_lib.dir/src/organize/moc_organizeerrordialog.cpp.o
[ 90%] Building CXX object CMakeFiles/strawberry_lib.dir/src/transcoder/moc_transcoder.cpp.o
[ 90%] Building CXX object CMakeFiles/strawberry_lib.dir/src/transcoder/moc_transcodedialog.cpp.o
[ 90%] Building CXX object CMakeFiles/strawberry_lib.dir/src/transcoder/moc_transcoderoptionsdialog.cpp.o
[ 90%] Building CXX object CMakeFiles/strawberry_lib.dir/src/transcoder/moc_transcoderoptionsinterface.cpp.o
[ 91%] Building CXX object CMakeFiles/strawberry_lib.dir/src/transcoder/moc_transcoderoptionsflac.cpp.o
[ 91%] Building CXX object CMakeFiles/strawberry_lib.dir/src/transcoder/moc_transcoderoptionswavpack.cpp.o
[ 91%] Building CXX object CMakeFiles/strawberry_lib.dir/src/transcoder/moc_transcoderoptionsvorbis.cpp.o
[ 91%] Building CXX object CMakeFiles/strawberry_lib.dir/src/transcoder/moc_transcoderoptionsopus.cpp.o
[ 91%] Building CXX object CMakeFiles/strawberry_lib.dir/src/transcoder/moc_transcoderoptionsspeex.cpp.o
[ 91%] Building CXX object CMakeFiles/strawberry_lib.dir/src/transcoder/moc_transcoderoptionsaac.cpp.o
[ 91%] Building CXX object CMakeFiles/strawberry_lib.dir/src/transcoder/moc_transcoderoptionsasf.cpp.o
[ 91%] Building CXX object CMakeFiles/strawberry_lib.dir/src/transcoder/moc_transcoderoptionsmp3.cpp.o
[ 91%] Building CXX object CMakeFiles/strawberry_lib.dir/src/fileview/moc_fileview.cpp.o
[ 91%] Building CXX object CMakeFiles/strawberry_lib.dir/src/fileview/moc_fileviewlist.cpp.o
[ 91%] Building CXX object CMakeFiles/strawberry_lib.dir/src/fileview/moc_fileviewtree.cpp.o
[ 91%] Building CXX object CMakeFiles/strawberry_lib.dir/src/fileview/moc_fileviewtreemodel.cpp.o
[ 91%] Building CXX object CMakeFiles/strawberry_lib.dir/src/device/moc_devicemanager.cpp.o
[ 91%] Building CXX object CMakeFiles/strawberry_lib.dir/src/device/moc_devicelister.cpp.o
[ 92%] Building CXX object CMakeFiles/strawberry_lib.dir/src/device/moc_devicedatabasebackend.cpp.o
[ 92%] Building CXX object CMakeFiles/strawberry_lib.dir/src/device/moc_deviceproperties.cpp.o
[ 92%] Building CXX object CMakeFiles/strawberry_lib.dir/src/device/moc_filesystemdevice.cpp.o
[ 92%] Building CXX object CMakeFiles/strawberry_lib.dir/src/device/moc_connecteddevice.cpp.o
[ 92%] Building CXX object CMakeFiles/strawberry_lib.dir/src/device/moc_devicestatefiltermodel.cpp.o
[ 92%] Building CXX object CMakeFiles/strawberry_lib.dir/src/device/moc_deviceviewcontainer.cpp.o
[ 92%] Building CXX object CMakeFiles/strawberry_lib.dir/src/device/moc_deviceview.cpp.o
[ 92%] Building CXX object CMakeFiles/strawberry_lib.dir/src/core/moc_unixsignalwatcher.cpp.o
[ 92%] Building CXX object CMakeFiles/strawberry_lib.dir/src/core/moc_filesystemwatcherinotify.cpp.o
[ 92%] Building CXX object CMakeFiles/strawberry_lib.dir/src/systemtrayicon/moc_qtsystemtrayicon.cpp.o
[ 92%] Building CXX object CMakeFiles/strawberry_lib.dir/src/widgets/moc_searchfield_qt_private.cpp.o
[ 92%] Building CXX object CMakeFiles/strawberry_lib.dir/src/tagreader/moc_tagreaderreadstreamreply.cpp.o
[ 92%] Building CXX object CMakeFiles/strawberry_lib.dir/src/discord/moc_discordrpc.cpp.o
[ 93%] Building CXX object CMakeFiles/strawberry_lib.dir/src/discord/moc_discordrichpresence.cpp.o
[ 93%] Building CXX object CMakeFiles/strawberry_lib.dir/src/globalshortcuts/moc_globalshortcutsmanager.cpp.o
[ 93%] Building CXX object CMakeFiles/strawberry_lib.dir/src/globalshortcuts/moc_globalshortcutsbackend.cpp.o
[ 93%] Building CXX object CMakeFiles/strawberry_lib.dir/src/globalshortcuts/moc_globalshortcutgrabber.cpp.o
[ 93%] Building CXX object CMakeFiles/strawberry_lib.dir/src/settings/moc_globalshortcutssettingspage.cpp.o
[ 93%] Building CXX object CMakeFiles/strawberry_lib.dir/src/globalshortcuts/moc_globalshortcutsbackend-kglobalaccel.cpp.o
[ 93%] Building CXX object CMakeFiles/strawberry_lib.dir/src/globalshortcuts/moc_globalshortcutsbackend-x11.cpp.o
[ 93%] Building CXX object CMakeFiles/strawberry_lib.dir/src/globalshortcuts/moc_globalshortcut.cpp.o
[ 93%] Building CXX object CMakeFiles/strawberry_lib.dir/src/musicbrainz/moc_acoustidclient.cpp.o
[ 93%] Building CXX object CMakeFiles/strawberry_lib.dir/src/musicbrainz/moc_musicbrainzclient.cpp.o
[ 93%] Building CXX object CMakeFiles/strawberry_lib.dir/src/musicbrainz/moc_tagfetcher.cpp.o
[ 93%] Building CXX object CMakeFiles/strawberry_lib.dir/src/osd/moc_osddbus.cpp.o
[ 93%] Building CXX object CMakeFiles/strawberry_lib.dir/src/mpris2/moc_mpris2.cpp.o
[ 93%] Building CXX object CMakeFiles/strawberry_lib.dir/src/moodbar/moc_moodbarcontroller.cpp.o
[ 94%] Building CXX object CMakeFiles/strawberry_lib.dir/src/moodbar/moc_moodbaritemdelegate.cpp.o
[ 94%] Building CXX object CMakeFiles/strawberry_lib.dir/src/moodbar/moc_moodbarloader.cpp.o
[ 94%] Building CXX object CMakeFiles/strawberry_lib.dir/src/moodbar/moc_moodbarpipeline.cpp.o
[ 94%] Building CXX object CMakeFiles/strawberry_lib.dir/src/moodbar/moc_moodbarproxystyle.cpp.o
[ 94%] Building CXX object CMakeFiles/strawberry_lib.dir/src/settings/moc_moodbarsettingspage.cpp.o
[ 94%] Building CXX object CMakeFiles/strawberry_lib.dir/src/device/moc_giolister.cpp.o
[ 94%] Building CXX object CMakeFiles/strawberry_lib.dir/src/device/moc_udisks2lister.cpp.o
[ 94%] Building CXX object CMakeFiles/strawberry_lib.dir/src/device/moc_mtpconnection.cpp.o
[ 94%] Building CXX object CMakeFiles/strawberry_lib.dir/src/device/moc_mtpdevice.cpp.o
[ 94%] Building CXX object CMakeFiles/strawberry_lib.dir/src/device/moc_mtploader.cpp.o
[ 94%] Building CXX object CMakeFiles/strawberry_lib.dir/src/device/moc_cddadevice.cpp.o
[ 94%] Building CXX object CMakeFiles/strawberry_lib.dir/src/device/moc_cddalister.cpp.o
[ 94%] Building CXX object CMakeFiles/strawberry_lib.dir/src/device/moc_cddasongloader.cpp.o
[ 94%] Building CXX object CMakeFiles/strawberry_lib.dir/src/device/moc_gpoddevice.cpp.o
[ 95%] Building CXX object CMakeFiles/strawberry_lib.dir/src/device/moc_gpodloader.cpp.o
[ 95%] Building CXX object CMakeFiles/strawberry_lib.dir/src/subsonic/moc_subsonicservice.cpp.o
[ 95%] Building CXX object CMakeFiles/strawberry_lib.dir/src/subsonic/moc_subsonicurlhandler.cpp.o
[ 95%] Building CXX object CMakeFiles/strawberry_lib.dir/src/subsonic/moc_subsonicbaserequest.cpp.o
[ 95%] Building CXX object CMakeFiles/strawberry_lib.dir/src/subsonic/moc_subsonicrequest.cpp.o
[ 95%] Building CXX object CMakeFiles/strawberry_lib.dir/src/subsonic/moc_subsonicscrobblerequest.cpp.o
[ 95%] Building CXX object CMakeFiles/strawberry_lib.dir/src/settings/moc_subsonicsettingspage.cpp.o
[ 95%] Building CXX object CMakeFiles/strawberry_lib.dir/src/scrobbler/moc_subsonicscrobbler.cpp.o
[ 95%] Building CXX object CMakeFiles/strawberry_lib.dir/src/tidal/moc_tidalservice.cpp.o
[ 95%] Building CXX object CMakeFiles/strawberry_lib.dir/src/tidal/moc_tidalurlhandler.cpp.o
[ 95%] Building CXX object CMakeFiles/strawberry_lib.dir/src/tidal/moc_tidalbaserequest.cpp.o
[ 95%] Building CXX object CMakeFiles/strawberry_lib.dir/src/tidal/moc_tidalrequest.cpp.o
[ 95%] Building CXX object CMakeFiles/strawberry_lib.dir/src/tidal/moc_tidalstreamurlrequest.cpp.o
[ 96%] Building CXX object CMakeFiles/strawberry_lib.dir/src/tidal/moc_tidalfavoriterequest.cpp.o
[ 96%] Building CXX object CMakeFiles/strawberry_lib.dir/src/settings/moc_tidalsettingspage.cpp.o
[ 96%] Building CXX object CMakeFiles/strawberry_lib.dir/src/covermanager/moc_tidalcoverprovider.cpp.o
[ 96%] Building CXX object CMakeFiles/strawberry_lib.dir/src/spotify/moc_spotifyservice.cpp.o
[ 96%] Building CXX object CMakeFiles/strawberry_lib.dir/src/spotify/moc_spotifybaserequest.cpp.o
[ 96%] Building CXX object CMakeFiles/strawberry_lib.dir/src/spotify/moc_spotifyrequest.cpp.o
[ 96%] Building CXX object CMakeFiles/strawberry_lib.dir/src/spotify/moc_spotifyfavoriterequest.cpp.o
[ 96%] Building CXX object CMakeFiles/strawberry_lib.dir/src/spotify/moc_spotifymetadatarequest.cpp.o
[ 96%] Building CXX object CMakeFiles/strawberry_lib.dir/src/settings/moc_spotifysettingspage.cpp.o
[ 96%] Building CXX object CMakeFiles/strawberry_lib.dir/src/covermanager/moc_spotifycoverprovider.cpp.o
[ 96%] Building CXX object CMakeFiles/strawberry_lib.dir/src/qobuz/moc_qobuzservice.cpp.o
[ 96%] Building CXX object CMakeFiles/strawberry_lib.dir/src/qobuz/moc_qobuzurlhandler.cpp.o
[ 96%] Building CXX object CMakeFiles/strawberry_lib.dir/src/qobuz/moc_qobuzbaserequest.cpp.o
[ 96%] Building CXX object CMakeFiles/strawberry_lib.dir/src/qobuz/moc_qobuzrequest.cpp.o
[ 97%] Building CXX object CMakeFiles/strawberry_lib.dir/src/qobuz/moc_qobuzstreamurlrequest.cpp.o
[ 97%] Building CXX object CMakeFiles/strawberry_lib.dir/src/qobuz/moc_qobuzfavoriterequest.cpp.o
[ 97%] Building CXX object CMakeFiles/strawberry_lib.dir/src/qobuz/moc_qobuzmetadatarequest.cpp.o
[ 97%] Building CXX object CMakeFiles/strawberry_lib.dir/src/qobuz/moc_qobuzcredentialfetcher.cpp.o
[ 97%] Building CXX object CMakeFiles/strawberry_lib.dir/src/settings/moc_qobuzsettingspage.cpp.o
[ 97%] Building CXX object CMakeFiles/strawberry_lib.dir/src/covermanager/moc_qobuzcoverprovider.cpp.o
[ 97%] Building CXX object CMakeFiles/strawberry_lib.dir/qrc_data.cpp.o
[ 97%] Building CXX object CMakeFiles/strawberry_lib.dir/qrc_icons.cpp.o
[ 97%] Linking CXX static library libstrawberry_lib.a
[ 97%] Built target strawberry_lib
[ 97%] Running rcc for resource translations
[ 97%] Building CXX object CMakeFiles/strawberry.dir/src/main.cpp.o
[ 97%] Building CXX object CMakeFiles/strawberry.dir/.qt/rcc/qrc_translations.cpp.o
[ 97%] Linking CXX executable strawberry
In member function ‘clear’,
    inlined from ‘__ct ’ at /usr/include/boost/multi_index/detail/bucket_array.hpp:146:10,
    inlined from ‘__ct_base ’ at /usr/include/boost/multi_index/hashed_index.hpp:743:5,
    inlined from ‘__ct ’ at /usr/include/boost/multi_index_container.hpp:160:17,
    inlined from ‘__ct ’ at /usr/src/debug/strawberry-git/strawberry/src/core/mergedproxymodel.cpp:82:7,
    inlined from ‘__ct_base ’ at /usr/src/debug/strawberry-git/strawberry/src/core/mergedproxymodel.cpp:93:14:
/usr/include/boost/multi_index/detail/bucket_array.hpp:165:59: warning: ‘__builtin_memset’ specified bound 18446744073709551608 exceeds maximum object size 9223372036854775807 [-Wstringop-overflow=]
  165 |     for(base_pointer x=begin(),y=end();x!=y;++x)x->prior()=pointer(0);
      |                                                           ^
[100%] Built target strawberry
