cd build/local/x86_64-linux-musl && make OUTPUT=/build/x86_64-linux-musl-cross/src/musl-cross-make/out install
make[1]: Entering directory '/build/x86_64-linux-musl-cross/src/musl-cross-make/build/local/x86_64-linux-musl'
cd obj_musl && make MULTILIB_OSDIRNAMES= INFO_DEPS= infodir= ac_cv_prog_lex_root=lex.yy MAKEINFO=false AR=../obj_binutils/binutils/ar RANLIB=../obj_binutils/binutils/ranlib DESTDIR=/build/x86_64-linux-musl-cross/src/musl-cross-make/out/x86_64-linux-musl install
cd obj_gcc && make MULTILIB_OSDIRNAMES= INFO_DEPS= infodir= ac_cv_prog_lex_root=lex.yy MAKEINFO=false MAKE="make MULTILIB_OSDIRNAMES= INFO_DEPS= infodir= ac_cv_prog_lex_root=lex.yy MAKEINFO=false " DESTDIR=/build/x86_64-linux-musl-cross/src/musl-cross-make/out install
cd obj_binutils && make MULTILIB_OSDIRNAMES= INFO_DEPS= infodir= ac_cv_prog_lex_root=lex.yy MAKEINFO=false MAKE="make MULTILIB_OSDIRNAMES= INFO_DEPS= infodir= ac_cv_prog_lex_root=lex.yy MAKEINFO=false " DESTDIR=/build/x86_64-linux-musl-cross/src/musl-cross-make/out install
mkdir -p /build/x86_64-linux-musl-cross/src/musl-cross-make/out/x86_64-linux-musl/include
cp -R obj_kernel_headers/staged/include/* /build/x86_64-linux-musl-cross/src/musl-cross-make/out/x86_64-linux-musl/include
make[2]: Entering directory '/build/x86_64-linux-musl-cross/src/musl-cross-make/build/local/x86_64-linux-musl/obj_binutils'
make[2]: Entering directory '/build/x86_64-linux-musl-cross/src/musl-cross-make/build/local/x86_64-linux-musl/obj_gcc'
make[3]: Entering directory '/build/x86_64-linux-musl-cross/src/musl-cross-make/build/local/x86_64-linux-musl/obj_binutils'
/bin/sh ../src_binutils/mkinstalldirs /build/x86_64-linux-musl-cross/src/musl-cross-make/out /build/x86_64-linux-musl-cross/src/musl-cross-make/out
make[3]: Nothing to be done for 'install-target'.
make[3]: Entering directory '/build/x86_64-linux-musl-cross/src/musl-cross-make/build/local/x86_64-linux-musl/obj_gcc'
/bin/sh ../src_gcc/mkinstalldirs /build/x86_64-linux-musl-cross/src/musl-cross-make/out /build/x86_64-linux-musl-cross/src/musl-cross-make/out
make[4]: Entering directory '/build/x86_64-linux-musl-cross/src/musl-cross-make/build/local/x86_64-linux-musl/obj_binutils/etc'
make[4]: Entering directory '/build/x86_64-linux-musl-cross/src/musl-cross-make/build/local/x86_64-linux-musl/obj_binutils/libiberty'
make[4]: Entering directory '/build/x86_64-linux-musl-cross/src/musl-cross-make/build/local/x86_64-linux-musl/obj_binutils/libsframe'
make[5]: Entering directory '/build/x86_64-linux-musl-cross/src/musl-cross-make/build/local/x86_64-linux-musl/obj_binutils/etc'
make[5]: Nothing to be done for 'install-exec-am'.
make[5]: Nothing to be done for 'install-data-am'.
make[5]: Leaving directory '/build/x86_64-linux-musl-cross/src/musl-cross-make/build/local/x86_64-linux-musl/obj_binutils/etc'
make[4]: Leaving directory '/build/x86_64-linux-musl-cross/src/musl-cross-make/build/local/x86_64-linux-musl/obj_binutils/etc'
make[4]: Entering directory '/build/x86_64-linux-musl-cross/src/musl-cross-make/build/local/x86_64-linux-musl/obj_binutils/gprof'
make MULTILIB_OSDIRNAMES= INFO_DEPS= infodir= ac_cv_prog_lex_root=lex.yy MAKEINFO=false   install-recursive
make[5]: Entering directory '/build/x86_64-linux-musl-cross/src/musl-cross-make/build/local/x86_64-linux-musl/obj_binutils/gprof'
make[5]: Entering directory '/build/x86_64-linux-musl-cross/src/musl-cross-make/build/local/x86_64-linux-musl/obj_binutils/libsframe'
Making install in po
make[5]: Entering directory '/build/x86_64-linux-musl-cross/src/musl-cross-make/build/local/x86_64-linux-musl/obj_binutils/libiberty/testsuite'
make[5]: Nothing to be done for 'all'.
make[5]: Leaving directory '/build/x86_64-linux-musl-cross/src/musl-cross-make/build/local/x86_64-linux-musl/obj_binutils/libiberty/testsuite'
make[5]: Entering directory '/build/x86_64-linux-musl-cross/src/musl-cross-make/build/local/x86_64-linux-musl/obj_binutils/libiberty/testsuite'
make[5]: Nothing to be done for 'install'.
make[5]: Leaving directory '/build/x86_64-linux-musl-cross/src/musl-cross-make/build/local/x86_64-linux-musl/obj_binutils/libiberty/testsuite'
make[4]: Entering directory '/build/x86_64-linux-musl-cross/src/musl-cross-make/build/local/x86_64-linux-musl/obj_binutils/gas'
if test -n ""; then \
	/bin/sh ../../src_binutils/libiberty/../mkinstalldirs /build/x86_64-linux-musl-cross/src/musl-cross-make/out/lib/`gcc -static --static -g0 -O2 -pipe -fno-align-functions -fno-align-jumps -fno-align-loops -fno-align-labels -Wno-error     -print-multi-os-directory`; \
	/usr/bin/install -c -m 644 ./libiberty.a /build/x86_64-linux-musl-cross/src/musl-cross-make/out/lib/`gcc -static --static -g0 -O2 -pipe -fno-align-functions -fno-align-jumps -fno-align-loops -fno-align-labels -Wno-error     -print-multi-os-directory`/./libiberty.an; \
	( cd /build/x86_64-linux-musl-cross/src/musl-cross-make/out/lib/`gcc -static --static -g0 -O2 -pipe -fno-align-functions -fno-align-jumps -fno-align-loops -fno-align-labels -Wno-error     -print-multi-os-directory` ; chmod 644 ./libiberty.an ;ranlib --plugin /usr/lib/gcc/x86_64-pc-linux-gnu/16.1.1/liblto_plugin.so ./libiberty.an ); \
	mv -f /build/x86_64-linux-musl-cross/src/musl-cross-make/out/lib/`gcc -static --static -g0 -O2 -pipe -fno-align-functions -fno-align-jumps -fno-align-loops -fno-align-labels -Wno-error     -print-multi-os-directory`/./libiberty.an /build/x86_64-linux-musl-cross/src/musl-cross-make/out/lib/`gcc -static --static -g0 -O2 -pipe -fno-align-functions -fno-align-jumps -fno-align-loops -fno-align-labels -Wno-error     -print-multi-os-directory`/./libiberty.a; \
	case "" in \
	  /*)    thd=;; \
	  *)     thd=/include/;; \
	esac; \
	/bin/sh ../../src_binutils/libiberty/../mkinstalldirs /build/x86_64-linux-musl-cross/src/musl-cross-make/out${thd}; \
	for h in ../../src_binutils/libiberty/../include/ansidecl.h ../../src_binutils/libiberty/../include/demangle.h ../../src_binutils/libiberty/../include/dyn-string.h ../../src_binutils/libiberty/../include/fibheap.h ../../src_binutils/libiberty/../include/floatformat.h ../../src_binutils/libiberty/../include/hashtab.h ../../src_binutils/libiberty/../include/libiberty.h ../../src_binutils/libiberty/../include/objalloc.h ../../src_binutils/libiberty/../include/partition.h ../../src_binutils/libiberty/../include/safe-ctype.h ../../src_binutils/libiberty/../include/sort.h ../../src_binutils/libiberty/../include/splay-tree.h ../../src_binutils/libiberty/../include/timeval-utils.h; do \
	  /usr/bin/install -c -m 644 $h /build/x86_64-linux-musl-cross/src/musl-cross-make/out${thd}; \
	done; \
fi
make[4]: Entering directory '/build/x86_64-linux-musl-cross/src/musl-cross-make/build/local/x86_64-linux-musl/obj_gcc/fixincludes'
Making install in po
make[5]: Leaving directory '/build/x86_64-linux-musl-cross/src/musl-cross-make/build/local/x86_64-linux-musl/obj_binutils/libsframe'
make[4]: Leaving directory '/build/x86_64-linux-musl-cross/src/musl-cross-make/build/local/x86_64-linux-musl/obj_binutils/libsframe'
make[4]: Leaving directory '/build/x86_64-linux-musl-cross/src/musl-cross-make/build/local/x86_64-linux-musl/obj_binutils/libiberty'
make[6]: Entering directory '/build/x86_64-linux-musl-cross/src/musl-cross-make/build/local/x86_64-linux-musl/obj_binutils/gprof/po'
if test -r ../../../src_binutils/gprof/../mkinstalldirs; then \
  ../../../src_binutils/gprof/../mkinstalldirs /build/x86_64-linux-musl-cross/src/musl-cross-make/out/share; \
else \
  ../../../src_binutils/gprof/mkinstalldirs /build/x86_64-linux-musl-cross/src/musl-cross-make/out/share; \
fi
rm -rf /build/x86_64-linux-musl-cross/src/musl-cross-make/out/libexec/gcc/x86_64-linux-musl/16.1.0/install-tools
make[5]: Entering directory '/build/x86_64-linux-musl-cross/src/musl-cross-make/build/local/x86_64-linux-musl/obj_binutils/gas/po'
if test -r ../../../src_binutils/gas/../mkinstalldirs; then \
  ../../../src_binutils/gas/../mkinstalldirs /build/x86_64-linux-musl-cross/src/musl-cross-make/out/share; \
else \
  ../../../src_binutils/gas/mkinstalldirs /build/x86_64-linux-musl-cross/src/musl-cross-make/out/share; \
fi
/bin/sh ../../src_gcc/fixincludes/../mkinstalldirs /build/x86_64-linux-musl-cross/src/musl-cross-make/out/libexec/gcc/x86_64-linux-musl/16.1.0/install-tools
make[4]: Entering directory '/build/x86_64-linux-musl-cross/src/musl-cross-make/build/local/x86_64-linux-musl/obj_gcc/lto-plugin'
mkdir -p -- /build/x86_64-linux-musl-cross/src/musl-cross-make/out/share
mkdir -p -- /build/x86_64-linux-musl-cross/src/musl-cross-make/out/libexec/gcc/x86_64-linux-musl/16.1.0/install-tools
/bin/sh ../../src_gcc/fixincludes/../mkinstalldirs /build/x86_64-linux-musl-cross/src/musl-cross-make/out/lib/gcc/x86_64-linux-musl/16.1.0/install-tools/include
WARNING: liblto_plugin.la is static, not copying to ../gcc/liblto_plugin.la
make[4]: Entering directory '/build/x86_64-linux-musl-cross/src/musl-cross-make/build/local/x86_64-linux-musl/obj_gcc/libbacktrace'
mkdir -p -- /build/x86_64-linux-musl-cross/src/musl-cross-make/out/lib/gcc/x86_64-linux-musl/16.1.0/install-tools/include
/usr/bin/install -c -m 644 ../../src_gcc/fixincludes/README-fixinc \
  /build/x86_64-linux-musl-cross/src/musl-cross-make/out/lib/gcc/x86_64-linux-musl/16.1.0/install-tools/include/README
/usr/bin/install -c fixinc.sh /build/x86_64-linux-musl-cross/src/musl-cross-make/out/libexec/gcc/x86_64-linux-musl/16.1.0/install-tools/fixinc.sh
make[5]: Entering directory '/build/x86_64-linux-musl-cross/src/musl-cross-make/build/local/x86_64-linux-musl/obj_gcc/lto-plugin'
/usr/bin/install -c fixincl /build/x86_64-linux-musl-cross/src/musl-cross-make/out/libexec/gcc/x86_64-linux-musl/16.1.0/install-tools/fixincl
true  DO=all multi-do # make MULTILIB_OSDIRNAMES= INFO_DEPS= infodir= ac_cv_prog_lex_root=lex.yy MAKEINFO=false 
mkdir -p -- /build/x86_64-linux-musl-cross/src/musl-cross-make/out/share/locale/bg/LC_MESSAGES
/usr/bin/install -c mkheaders /build/x86_64-linux-musl-cross/src/musl-cross-make/out/libexec/gcc/x86_64-linux-musl/16.1.0/install-tools/mkheaders
make[5]: Nothing to be done for 'install-data-am'.
make[4]: Leaving directory '/build/x86_64-linux-musl-cross/src/musl-cross-make/build/local/x86_64-linux-musl/obj_gcc/fixincludes'
mkdir -p -- /build/x86_64-linux-musl-cross/src/musl-cross-make/out/share/locale/es/LC_MESSAGES
make[4]: Entering directory '/build/x86_64-linux-musl-cross/src/musl-cross-make/build/local/x86_64-linux-musl/obj_gcc/libcpp'
test -f config.h || (rm -f stamp-h1 && make MULTILIB_OSDIRNAMES= INFO_DEPS= infodir= ac_cv_prog_lex_root=lex.yy MAKEINFO=false  stamp-h1)
 /usr/bin/mkdir -p '/build/x86_64-linux-musl-cross/src/musl-cross-make/out/libexec/gcc/x86_64-linux-musl/16.1.0'
installing ../../../src_binutils/gprof/po/bg.gmo as /build/x86_64-linux-musl-cross/src/musl-cross-make/out/share/locale/bg/LC_MESSAGES/gprof.mo
 /bin/sh ./libtool --tag=disable-static  --mode=install /usr/bin/install -c   liblto_plugin.la '/build/x86_64-linux-musl-cross/src/musl-cross-make/out/libexec/gcc/x86_64-linux-musl/16.1.0'
installing ../../../src_binutils/gas/po/es.gmo as /build/x86_64-linux-musl-cross/src/musl-cross-make/out/share/locale/es/LC_MESSAGES/gas.mo
make[5]: Entering directory '/build/x86_64-linux-musl-cross/src/musl-cross-make/build/local/x86_64-linux-musl/obj_gcc/libbacktrace'
true  DO=install multi-do # make MULTILIB_OSDIRNAMES= INFO_DEPS= infodir= ac_cv_prog_lex_root=lex.yy MAKEINFO=false 
make[5]: Nothing to be done for 'install-data-am'.
make[5]: Leaving directory '/build/x86_64-linux-musl-cross/src/musl-cross-make/build/local/x86_64-linux-musl/obj_gcc/libbacktrace'
make[4]: Leaving directory '/build/x86_64-linux-musl-cross/src/musl-cross-make/build/local/x86_64-linux-musl/obj_gcc/libbacktrace'
mkdir -p -- /build/x86_64-linux-musl-cross/src/musl-cross-make/out/share/locale/da/LC_MESSAGES
make[4]: Entering directory '/build/x86_64-linux-musl-cross/src/musl-cross-make/build/local/x86_64-linux-musl/obj_gcc/libdecnumber'
make[4]: Nothing to be done for 'install'.
make[4]: Leaving directory '/build/x86_64-linux-musl-cross/src/musl-cross-make/build/local/x86_64-linux-musl/obj_gcc/libdecnumber'
installing ../../../src_binutils/gprof/po/da.gmo as /build/x86_64-linux-musl-cross/src/musl-cross-make/out/share/locale/da/LC_MESSAGES/gprof.mo
mkdir -p -- /build/x86_64-linux-musl-cross/src/musl-cross-make/out/share/locale/fi/LC_MESSAGES
installing ../../../src_binutils/gas/po/fi.gmo as /build/x86_64-linux-musl-cross/src/musl-cross-make/out/share/locale/fi/LC_MESSAGES/gas.mo
make[4]: Entering directory '/build/x86_64-linux-musl-cross/src/musl-cross-make/build/local/x86_64-linux-musl/obj_gcc/libiberty'
libtool: install: /usr/bin/install -c .libs/liblto_plugin.lai /build/x86_64-linux-musl-cross/src/musl-cross-make/out/libexec/gcc/x86_64-linux-musl/16.1.0/liblto_plugin.la
mkdir -p -- /build/x86_64-linux-musl-cross/src/musl-cross-make/out/share/locale/de/LC_MESSAGES
libtool: install: /usr/bin/install -c .libs/liblto_plugin.a /build/x86_64-linux-musl-cross/src/musl-cross-make/out/libexec/gcc/x86_64-linux-musl/16.1.0/liblto_plugin.a
libtool: install: chmod 644 /build/x86_64-linux-musl-cross/src/musl-cross-make/out/libexec/gcc/x86_64-linux-musl/16.1.0/liblto_plugin.a
installing ../../../src_binutils/gprof/po/de.gmo as /build/x86_64-linux-musl-cross/src/musl-cross-make/out/share/locale/de/LC_MESSAGES/gprof.mo
libtool: install: ranlib --plugin /usr/lib/gcc/x86_64-pc-linux-gnu/16.1.1/liblto_plugin.so /build/x86_64-linux-musl-cross/src/musl-cross-make/out/libexec/gcc/x86_64-linux-musl/16.1.0/liblto_plugin.a
mkdir -p -- /build/x86_64-linux-musl-cross/src/musl-cross-make/out/share/locale/fr/LC_MESSAGES
make[4]: Entering directory '/build/x86_64-linux-musl-cross/src/musl-cross-make/build/local/x86_64-linux-musl/obj_gcc/c++tools'
libtool: install: warning: remember to run `libtool --finish /libexec/gcc/x86_64-linux-musl/16.1.0'
make[5]: Leaving directory '/build/x86_64-linux-musl-cross/src/musl-cross-make/build/local/x86_64-linux-musl/obj_gcc/lto-plugin'
make[4]: Leaving directory '/build/x86_64-linux-musl-cross/src/musl-cross-make/build/local/x86_64-linux-musl/obj_gcc/lto-plugin'
installing ../../../src_binutils/gas/po/fr.gmo as /build/x86_64-linux-musl-cross/src/musl-cross-make/out/share/locale/fr/LC_MESSAGES/gas.mo
/bin/sh ../../src_gcc/c++tools/../mkinstalldirs /build/x86_64-linux-musl-cross/src/musl-cross-make/out/libexec/gcc/x86_64-linux-musl/16.1.0
mkdir -p -- /build/x86_64-linux-musl-cross/src/musl-cross-make/out/share/locale/eo/LC_MESSAGES
mkdir -p -- /build/x86_64-linux-musl-cross/src/musl-cross-make/out/share/locale/be/LC_MESSAGES
/usr/bin/install -c g++-mapper-server /build/x86_64-linux-musl-cross/src/musl-cross-make/out/libexec/gcc/x86_64-linux-musl/16.1.0
installing ../../../src_binutils/gprof/po/eo.gmo as /build/x86_64-linux-musl-cross/src/musl-cross-make/out/share/locale/eo/LC_MESSAGES/gprof.mo
make[4]: Leaving directory '/build/x86_64-linux-musl-cross/src/musl-cross-make/build/local/x86_64-linux-musl/obj_gcc/c++tools'
make[4]: Entering directory '/build/x86_64-linux-musl-cross/src/musl-cross-make/build/local/x86_64-linux-musl/obj_gcc/libcc1'
mkdir -p -- /build/x86_64-linux-musl-cross/src/musl-cross-make/out/share/locale/id/LC_MESSAGES
installing ../../../src_binutils/gas/po/id.gmo as /build/x86_64-linux-musl-cross/src/musl-cross-make/out/share/locale/id/LC_MESSAGES/gas.mo
mkdir -p -- /build/x86_64-linux-musl-cross/src/musl-cross-make/out/share/locale/ca/LC_MESSAGES
installing ../../../src_binutils/gprof/po/es.gmo as /build/x86_64-linux-musl-cross/src/musl-cross-make/out/share/locale/es/LC_MESSAGES/gprof.mo
make[5]: Entering directory '/build/x86_64-linux-musl-cross/src/musl-cross-make/build/local/x86_64-linux-musl/obj_gcc/libiberty/testsuite'
make[5]: Nothing to be done for 'all'.
make[5]: Leaving directory '/build/x86_64-linux-musl-cross/src/musl-cross-make/build/local/x86_64-linux-musl/obj_gcc/libiberty/testsuite'
make[4]: Entering directory '/build/x86_64-linux-musl-cross/src/musl-cross-make/build/local/x86_64-linux-musl/obj_binutils/bfd'
make MULTILIB_OSDIRNAMES= INFO_DEPS= infodir= ac_cv_prog_lex_root=lex.yy MAKEINFO=false   install-recursive
make[5]: Entering directory '/build/x86_64-linux-musl-cross/src/musl-cross-make/build/local/x86_64-linux-musl/obj_gcc/libiberty/testsuite'
make[5]: Nothing to be done for 'install'.
make[5]: Leaving directory '/build/x86_64-linux-musl-cross/src/musl-cross-make/build/local/x86_64-linux-musl/obj_gcc/libiberty/testsuite'
mkdir -p -- /build/x86_64-linux-musl-cross/src/musl-cross-make/out/share/locale/ja/LC_MESSAGES
make[5]: Entering directory '/build/x86_64-linux-musl-cross/src/musl-cross-make/build/local/x86_64-linux-musl/obj_gcc/libcc1'
make[5]: Nothing to be done for 'install-exec-am'.
if test -n ""; then \
	/bin/sh ../../src_gcc/libiberty/../mkinstalldirs /build/x86_64-linux-musl-cross/src/musl-cross-make/out/lib/`gcc -static --static -g0 -O2 -pipe -fno-align-functions -fno-align-jumps -fno-align-loops -fno-align-labels -Wno-error     -print-multi-os-directory`; \
	/usr/bin/install -c -m 644 ./libiberty.a /build/x86_64-linux-musl-cross/src/musl-cross-make/out/lib/`gcc -static --static -g0 -O2 -pipe -fno-align-functions -fno-align-jumps -fno-align-loops -fno-align-labels -Wno-error     -print-multi-os-directory`/./libiberty.an; \
	( cd /build/x86_64-linux-musl-cross/src/musl-cross-make/out/lib/`gcc -static --static -g0 -O2 -pipe -fno-align-functions -fno-align-jumps -fno-align-loops -fno-align-labels -Wno-error     -print-multi-os-directory` ; chmod 644 ./libiberty.an ;ranlib --plugin /usr/lib/gcc/x86_64-pc-linux-gnu/16.1.1/liblto_plugin.so ./libiberty.an ); \
	mv -f /build/x86_64-linux-musl-cross/src/musl-cross-make/out/lib/`gcc -static --static -g0 -O2 -pipe -fno-align-functions -fno-align-jumps -fno-align-loops -fno-align-labels -Wno-error     -print-multi-os-directory`/./libiberty.an /build/x86_64-linux-musl-cross/src/musl-cross-make/out/lib/`gcc -static --static -g0 -O2 -pipe -fno-align-functions -fno-align-jumps -fno-align-loops -fno-align-labels -Wno-error     -print-multi-os-directory`/./libiberty.a; \
	case "" in \
	  /*)    thd=;; \
	  *)     thd=/include/;; \
	esac; \
	/bin/sh ../../src_gcc/libiberty/../mkinstalldirs /build/x86_64-linux-musl-cross/src/musl-cross-make/out${thd}; \
	for h in ../../src_gcc/libiberty/../include/ansidecl.h ../../src_gcc/libiberty/../include/demangle.h ../../src_gcc/libiberty/../include/doubly-linked-list.h ../../src_gcc/libiberty/../include/dyn-string.h ../../src_gcc/libiberty/../include/fibheap.h ../../src_gcc/libiberty/../include/floatformat.h ../../src_gcc/libiberty/../include/hashtab.h ../../src_gcc/libiberty/../include/libiberty.h ../../src_gcc/libiberty/../include/objalloc.h ../../src_gcc/libiberty/../include/partition.h ../../src_gcc/libiberty/../include/safe-ctype.h ../../src_gcc/libiberty/../include/sort.h ../../src_gcc/libiberty/../include/splay-tree.h ../../src_gcc/libiberty/../include/timeval-utils.h; do \
	  /usr/bin/install -c -m 644 $h /build/x86_64-linux-musl-cross/src/musl-cross-make/out${thd}; \
	done; \
fi
installing ../../../src_binutils/gas/po/ja.gmo as /build/x86_64-linux-musl-cross/src/musl-cross-make/out/share/locale/ja/LC_MESSAGES/gas.mo
make[4]: Entering directory '/build/x86_64-linux-musl-cross/src/musl-cross-make/build/local/x86_64-linux-musl/obj_gcc/x86_64-linux-musl/libgcc'
make[5]: Leaving directory '/build/x86_64-linux-musl-cross/src/musl-cross-make/build/local/x86_64-linux-musl/obj_gcc/libcc1'
installing ../../../src_binutils/gprof/po/fi.gmo as /build/x86_64-linux-musl-cross/src/musl-cross-make/out/share/locale/fi/LC_MESSAGES/gprof.mo
make[4]: Leaving directory '/build/x86_64-linux-musl-cross/src/musl-cross-make/build/local/x86_64-linux-musl/obj_gcc/libcc1'
make[4]: Leaving directory '/build/x86_64-linux-musl-cross/src/musl-cross-make/build/local/x86_64-linux-musl/obj_gcc/libiberty'
make[4]: Entering directory '/build/x86_64-linux-musl-cross/src/musl-cross-make/build/local/x86_64-linux-musl/obj_gcc/x86_64-linux-musl/libssp'
mkdir -p -- /build/x86_64-linux-musl-cross/src/musl-cross-make/out/share/locale/ro/LC_MESSAGES
installing ../../../src_binutils/gprof/po/fr.gmo as /build/x86_64-linux-musl-cross/src/musl-cross-make/out/share/locale/fr/LC_MESSAGES/gprof.mo
mkdir -p -- /build/x86_64-linux-musl-cross/src/musl-cross-make/out/share/locale/el/LC_MESSAGES
installing ../../../src_binutils/gas/po/ro.gmo as /build/x86_64-linux-musl-cross/src/musl-cross-make/out/share/locale/ro/LC_MESSAGES/gas.mo
make[4]: Entering directory '/build/x86_64-linux-musl-cross/src/musl-cross-make/build/local/x86_64-linux-musl/obj_gcc/x86_64-linux-musl/libquadmath'
mkdir -p -- /build/x86_64-linux-musl-cross/src/musl-cross-make/out/share/locale/ga/LC_MESSAGES
mkdir -p -- /build/x86_64-linux-musl-cross/src/musl-cross-make/out/share/locale/ru/LC_MESSAGES
make[2]: Entering directory '/build/x86_64-linux-musl-cross/src/musl-cross-make/build/local/x86_64-linux-musl/obj_musl'
../src_musl/tools/install.sh -D -m 644 lib/Scrt1.o /build/x86_64-linux-musl-cross/src/musl-cross-make/out/x86_64-linux-musl/lib/Scrt1.o
true "AR_FLAGS=rc" "CC_FOR_BUILD=gcc -static --static" "CFLAGS=-g -O2" "CXXFLAGS=-g -O2 -D_GNU_SOURCE" "CFLAGS_FOR_BUILD=-g0 -O2 -pipe -fno-align-functions -fno-align-jumps -fno-align-loops -fno-align-labels -Wno-error" "CFLAGS_FOR_TARGET=-g -O2" "EXPECT=expect" "INSTALL=/usr/bin/install -c" "INSTALL_DATA=/usr/bin/install -c -m 644" "INSTALL_PROGRAM=/usr/bin/install -c" "INSTALL_SCRIPT=/usr/bin/install -c" "JC1FLAGS=" "LDFLAGS=" "LIBCFLAGS=-g -O2" "LIBCFLAGS_FOR_TARGET=-g -O2" "MAKE=make MULTILIB_OSDIRNAMES= INFO_DEPS= infodir= ac_cv_prog_lex_root=lex.yy MAKEINFO=false " "MAKEINFO=false --split-size=5000000 --split-size=5000000 " "PICFLAG=" "PICFLAG_FOR_TARGET=" "SHELL=/bin/sh" "RUNTESTFLAGS=" "exec_prefix=" "infodir=" "libdir=/lib" "prefix=" "includedir=/include" "AR=/build/x86_64-linux-musl-cross/src/musl-cross-make/build/local/x86_64-linux-musl/obj_binutils/binutils/ar " "AS=/build/x86_64-linux-musl-cross/src/musl-cross-make/build/local/x86_64-linux-musl/obj_gcc/./gcc/as" "CC=/build/x86_64-linux-musl-cross/src/musl-cross-make/build/local/x86_64-linux-musl/obj_gcc/./gcc/xgcc -B/build/x86_64-linux-musl-cross/src/musl-cross-make/build/local/x86_64-linux-musl/obj_gcc/./gcc/ -B/x86_64-linux-musl/bin/ -B/x86_64-linux-musl/lib/ -isystem /x86_64-linux-musl/include -isystem /x86_64-linux-musl/sys-include --sysroot=/build/x86_64-linux-musl-cross/src/musl-cross-make/build/local/x86_64-linux-musl/obj_sysroot  " "CXX=/build/x86_64-linux-musl-cross/src/musl-cross-make/build/local/x86_64-linux-musl/obj_gcc/./gcc/xg++ -B/build/x86_64-linux-musl-cross/src/musl-cross-make/build/local/x86_64-linux-musl/obj_gcc/./gcc/ -nostdinc++ -nostdinc++ -I/build/x86_64-linux-musl-cross/src/musl-cross-make/build/local/x86_64-linux-musl/obj_gcc/x86_64-linux-musl/libstdc++-v3/include/x86_64-linux-musl -I/build/x86_64-linux-musl-cross/src/musl-cross-make/build/local/x86_64-linux-musl/obj_gcc/x86_64-linux-musl/libstdc++-v3/include -I/build/x86_64-linux-musl-cross/src/musl-cross-make/build/local/x86_64-linux-musl/src_gcc/libstdc++-v3/libsupc++ -I/build/x86_64-linux-musl-cross/src/musl-cross-make/build/local/x86_64-linux-musl/src_gcc/libstdc++-v3/include/backward -I/build/x86_64-linux-musl-cross/src/musl-cross-make/build/local/x86_64-linux-musl/src_gcc/libstdc++-v3/testsuite/util -L/build/x86_64-linux-musl-cross/src/musl-cross-make/build/local/x86_64-linux-musl/obj_gcc/x86_64-linux-musl/libstdc++-v3/src -L/build/x86_64-linux-musl-cross/src/musl-cross-make/build/local/x86_64-linux-musl/obj_gcc/x86_64-linux-musl/libstdc++-v3/src/.libs -L/build/x86_64-linux-musl-cross/src/musl-cross-make/build/local/x86_64-linux-musl/obj_gcc/x86_64-linux-musl/libstdc++-v3/libsupc++/.libs -B/build/x86_64-linux-musl-cross/src/musl-cross-make/build/local/x86_64-linux-musl/obj_gcc/x86_64-linux-musl/libstdc++-v3/src/.libs -B/build/x86_64-linux-musl-cross/src/musl-cross-make/build/local/x86_64-linux-musl/obj_gcc/x86_64-linux-musl/libstdc++-v3/libsupc++/.libs -B/x86_64-linux-musl/bin/ -B/x86_64-linux-musl/lib/ -isystem /x86_64-linux-musl/include -isystem /x86_64-linux-musl/sys-include --sysroot=/build/x86_64-linux-musl-cross/src/musl-cross-make/build/local/x86_64-linux-musl/obj_sysroot  " "LD=/build/x86_64-linux-musl-cross/src/musl-cross-make/build/local/x86_64-linux-musl/obj_gcc/./gcc/collect-ld" "LIBCFLAGS=-g -O2" "NM=/build/x86_64-linux-musl-cross/src/musl-cross-make/build/local/x86_64-linux-musl/obj_gcc/./gcc/nm" "PICFLAG=" "RANLIB=/build/x86_64-linux-musl-cross/src/musl-cross-make/build/local/x86_64-linux-musl/obj_binutils/binutils/ranlib " "DESTDIR=/build/x86_64-linux-musl-cross/src/musl-cross-make/out" DO=all multi-do # make MULTILIB_OSDIRNAMES= INFO_DEPS= infodir= ac_cv_prog_lex_root=lex.yy MAKEINFO=false 
../src_musl/tools/install.sh -D -m 644 lib/crt1.o /build/x86_64-linux-musl-cross/src/musl-cross-make/out/x86_64-linux-musl/lib/crt1.o
installing ../../../src_binutils/gprof/po/ga.gmo as /build/x86_64-linux-musl-cross/src/musl-cross-make/out/share/locale/ga/LC_MESSAGES/gprof.mo
../src_musl/tools/install.sh -D -m 644 lib/rcrt1.o /build/x86_64-linux-musl-cross/src/musl-cross-make/out/x86_64-linux-musl/lib/rcrt1.o
installing ../../../src_binutils/gas/po/ru.gmo as /build/x86_64-linux-musl-cross/src/musl-cross-make/out/share/locale/ru/LC_MESSAGES/gas.mo
../src_musl/tools/install.sh -D -m 644 lib/crti.o /build/x86_64-linux-musl-cross/src/musl-cross-make/out/x86_64-linux-musl/lib/crti.o
../src_musl/tools/install.sh -D -m 644 lib/crtn.o /build/x86_64-linux-musl-cross/src/musl-cross-make/out/x86_64-linux-musl/lib/crtn.o
make[4]: Entering directory '/build/x86_64-linux-musl-cross/src/musl-cross-make/build/local/x86_64-linux-musl/obj_gcc/x86_64-linux-musl/libgomp'
mkdir -p -- /build/x86_64-linux-musl-cross/src/musl-cross-make/out/share/locale/hu/LC_MESSAGES
mkdir -p -- /build/x86_64-linux-musl-cross/src/musl-cross-make/out/share/locale/rw/LC_MESSAGES
installing ../../../src_binutils/gprof/po/hu.gmo as /build/x86_64-linux-musl-cross/src/musl-cross-make/out/share/locale/hu/LC_MESSAGES/gprof.mo
make[5]: Entering directory '/build/x86_64-linux-musl-cross/src/musl-cross-make/build/local/x86_64-linux-musl/obj_gcc/x86_64-linux-musl/libssp'
installing ../../../src_binutils/gas/po/rw.gmo as /build/x86_64-linux-musl-cross/src/musl-cross-make/out/share/locale/rw/LC_MESSAGES/gas.mo
make[4]: Entering directory '/build/x86_64-linux-musl-cross/src/musl-cross-make/build/local/x86_64-linux-musl/obj_gcc/gcc'
make[4]: Entering directory '/build/x86_64-linux-musl-cross/src/musl-cross-make/build/local/x86_64-linux-musl/obj_gcc/x86_64-linux-musl/libatomic'
true "AR_FLAGS=rc" "CC_FOR_BUILD=gcc -static --static" "CFLAGS=-g -O2" "CXXFLAGS=-g -O2 -D_GNU_SOURCE" "CFLAGS_FOR_BUILD=-g0 -O2 -pipe -fno-align-functions -fno-align-jumps -fno-align-loops -fno-align-labels -Wno-error" "CFLAGS_FOR_TARGET=-g -O2" "EXPECT=expect" "INSTALL=/usr/bin/install -c" "INSTALL_DATA=/usr/bin/install -c -m 644" "INSTALL_PROGRAM=/usr/bin/install -c" "INSTALL_SCRIPT=/usr/bin/install -c" "JC1FLAGS=" "LDFLAGS=" "LIBCFLAGS=-g -O2" "LIBCFLAGS_FOR_TARGET=-g -O2" "MAKE=make MULTILIB_OSDIRNAMES= INFO_DEPS= infodir= ac_cv_prog_lex_root=lex.yy MAKEINFO=false " "MAKEINFO=false --split-size=5000000 --split-size=5000000  " "PICFLAG=" "PICFLAG_FOR_TARGET=" "SHELL=/bin/sh" "RUNTESTFLAGS=" "exec_prefix=" "infodir=" "libdir=/lib" "prefix=" "includedir=/include" "AR=/build/x86_64-linux-musl-cross/src/musl-cross-make/build/local/x86_64-linux-musl/obj_binutils/binutils/ar " "AS=/build/x86_64-linux-musl-cross/src/musl-cross-make/build/local/x86_64-linux-musl/obj_gcc/./gcc/as" "CC=/build/x86_64-linux-musl-cross/src/musl-cross-make/build/local/x86_64-linux-musl/obj_gcc/./gcc/xgcc -B/build/x86_64-linux-musl-cross/src/musl-cross-make/build/local/x86_64-linux-musl/obj_gcc/./gcc/ -B/x86_64-linux-musl/bin/ -B/x86_64-linux-musl/lib/ -isystem /x86_64-linux-musl/include -isystem /x86_64-linux-musl/sys-include --sysroot=/build/x86_64-linux-musl-cross/src/musl-cross-make/build/local/x86_64-linux-musl/obj_sysroot  " "CXX=/build/x86_64-linux-musl-cross/src/musl-cross-make/build/local/x86_64-linux-musl/obj_gcc/./gcc/xg++ -B/build/x86_64-linux-musl-cross/src/musl-cross-make/build/local/x86_64-linux-musl/obj_gcc/./gcc/ -nostdinc++ -nostdinc++ -I/build/x86_64-linux-musl-cross/src/musl-cross-make/build/local/x86_64-linux-musl/obj_gcc/x86_64-linux-musl/libstdc++-v3/include/x86_64-linux-musl -I/build/x86_64-linux-musl-cross/src/musl-cross-make/build/local/x86_64-linux-musl/obj_gcc/x86_64-linux-musl/libstdc++-v3/include -I/build/x86_64-linux-musl-cross/src/musl-cross-make/build/local/x86_64-linux-musl/src_gcc/libstdc++-v3/libsupc++ -I/build/x86_64-linux-musl-cross/src/musl-cross-make/build/local/x86_64-linux-musl/src_gcc/libstdc++-v3/include/backward -I/build/x86_64-linux-musl-cross/src/musl-cross-make/build/local/x86_64-linux-musl/src_gcc/libstdc++-v3/testsuite/util -L/build/x86_64-linux-musl-cross/src/musl-cross-make/build/local/x86_64-linux-musl/obj_gcc/x86_64-linux-musl/libstdc++-v3/src -L/build/x86_64-linux-musl-cross/src/musl-cross-make/build/local/x86_64-linux-musl/obj_gcc/x86_64-linux-musl/libstdc++-v3/src/.libs -L/build/x86_64-linux-musl-cross/src/musl-cross-make/build/local/x86_64-linux-musl/obj_gcc/x86_64-linux-musl/libstdc++-v3/libsupc++/.libs -B/build/x86_64-linux-musl-cross/src/musl-cross-make/build/local/x86_64-linux-musl/obj_gcc/x86_64-linux-musl/libstdc++-v3/src/.libs -B/build/x86_64-linux-musl-cross/src/musl-cross-make/build/local/x86_64-linux-musl/obj_gcc/x86_64-linux-musl/libstdc++-v3/libsupc++/.libs -B/x86_64-linux-musl/bin/ -B/x86_64-linux-musl/lib/ -isystem /x86_64-linux-musl/include -isystem /x86_64-linux-musl/sys-include --sysroot=/build/x86_64-linux-musl-cross/src/musl-cross-make/build/local/x86_64-linux-musl/obj_sysroot  " "LD=/build/x86_64-linux-musl-cross/src/musl-cross-make/build/local/x86_64-linux-musl/obj_gcc/./gcc/collect-ld" "LIBCFLAGS=-g -O2" "NM=/build/x86_64-linux-musl-cross/src/musl-cross-make/build/local/x86_64-linux-musl/obj_gcc/./gcc/nm" "PICFLAG=" "RANLIB=/build/x86_64-linux-musl-cross/src/musl-cross-make/build/local/x86_64-linux-musl/obj_binutils/binutils/ranlib " "DESTDIR=/build/x86_64-linux-musl-cross/src/musl-cross-make/out" DO=install multi-do # make MULTILIB_OSDIRNAMES= INFO_DEPS= infodir= ac_cv_prog_lex_root=lex.yy MAKEINFO=false 
installing ../../../src_binutils/gprof/po/id.gmo as /build/x86_64-linux-musl-cross/src/musl-cross-make/out/share/locale/id/LC_MESSAGES/gprof.mo
mkdir -p -- /build/x86_64-linux-musl-cross/src/musl-cross-make/out/share/locale/sv/LC_MESSAGES
installing ../../../src_binutils/gas/po/sv.gmo as /build/x86_64-linux-musl-cross/src/musl-cross-make/out/share/locale/sv/LC_MESSAGES/gas.mo
Making install in testsuite
mkdir -p -- /build/x86_64-linux-musl-cross/src/musl-cross-make/out/share/locale/it/LC_MESSAGES
installing ../../../src_binutils/gprof/po/it.gmo as /build/x86_64-linux-musl-cross/src/musl-cross-make/out/share/locale/it/LC_MESSAGES/gprof.mo
make[5]: Entering directory '/build/x86_64-linux-musl-cross/src/musl-cross-make/build/local/x86_64-linux-musl/obj_binutils/bfd'
 /usr/bin/mkdir -p '/build/x86_64-linux-musl-cross/src/musl-cross-make/out/lib/gcc/x86_64-linux-musl/16.1.0/include'
make[5]: Entering directory '/build/x86_64-linux-musl-cross/src/musl-cross-make/build/local/x86_64-linux-musl/obj_gcc/x86_64-linux-musl/libgomp/testsuite'
mkdir -p -- /build/x86_64-linux-musl-cross/src/musl-cross-make/out/share/locale/tr/LC_MESSAGES
 /usr/bin/mkdir -p '/build/x86_64-linux-musl-cross/src/musl-cross-make/out/x86_64-linux-musl/lib'
 /bin/sh ./libtool   --mode=install /usr/bin/install -c   libssp.la libssp_nonshared.la '/build/x86_64-linux-musl-cross/src/musl-cross-make/out/x86_64-linux-musl/lib'
installing ../../../src_binutils/gas/po/tr.gmo as /build/x86_64-linux-musl-cross/src/musl-cross-make/out/share/locale/tr/LC_MESSAGES/gas.mo
Making install in testsuite
Making install in po
mkdir -p -- /build/x86_64-linux-musl-cross/src/musl-cross-make/out/share/locale/ka/LC_MESSAGES
 /usr/bin/mkdir -p '/build/x86_64-linux-musl-cross/src/musl-cross-make/out/lib/gcc/x86_64-linux-musl/16.1.0/include/ssp'
make[6]: Entering directory '/build/x86_64-linux-musl-cross/src/musl-cross-make/build/local/x86_64-linux-musl/obj_gcc/x86_64-linux-musl/libgomp/testsuite'
 /usr/bin/install -c -m 644  ssp/ssp.h ../../../src_gcc/libssp/ssp/string.h ../../../src_gcc/libssp/ssp/stdio.h ../../../src_gcc/libssp/ssp/unistd.h '/build/x86_64-linux-musl-cross/src/musl-cross-make/out/lib/gcc/x86_64-linux-musl/16.1.0/include/ssp'
installing ../../../src_binutils/gprof/po/ja.gmo as /build/x86_64-linux-musl-cross/src/musl-cross-make/out/share/locale/ja/LC_MESSAGES/gprof.mo
make[6]: Nothing to be done for 'install-exec-am'.
make[6]: Nothing to be done for 'install-data-am'.
make[6]: Leaving directory '/build/x86_64-linux-musl-cross/src/musl-cross-make/build/local/x86_64-linux-musl/obj_gcc/x86_64-linux-musl/libgomp/testsuite'
make[5]: Leaving directory '/build/x86_64-linux-musl-cross/src/musl-cross-make/build/local/x86_64-linux-musl/obj_gcc/x86_64-linux-musl/libgomp/testsuite'
make[5]: Entering directory '/build/x86_64-linux-musl-cross/src/musl-cross-make/build/local/x86_64-linux-musl/obj_gcc/x86_64-linux-musl/libatomic/testsuite'
mkdir -p -- /build/x86_64-linux-musl-cross/src/musl-cross-make/out/share/locale/uk/LC_MESSAGES
make[5]: Entering directory '/build/x86_64-linux-musl-cross/src/musl-cross-make/build/local/x86_64-linux-musl/obj_gcc/x86_64-linux-musl/libgomp'
mkdir -p -- /build/x86_64-linux-musl-cross/src/musl-cross-make/out/share/locale/nl/LC_MESSAGES
libtool: install: /usr/bin/install -c .libs/libssp.so.0.0.0 /build/x86_64-linux-musl-cross/src/musl-cross-make/out/x86_64-linux-musl/lib/libssp.so.0.0.0
make[6]: Entering directory '/build/x86_64-linux-musl-cross/src/musl-cross-make/build/local/x86_64-linux-musl/obj_gcc/x86_64-linux-musl/libatomic/testsuite'
installing ../../../src_binutils/gas/po/uk.gmo as /build/x86_64-linux-musl-cross/src/musl-cross-make/out/share/locale/uk/LC_MESSAGES/gas.mo
installing ../../../src_binutils/gprof/po/ka.gmo as /build/x86_64-linux-musl-cross/src/musl-cross-make/out/share/locale/ka/LC_MESSAGES/gprof.mo
libtool: install: (cd /build/x86_64-linux-musl-cross/src/musl-cross-make/out/x86_64-linux-musl/lib && { ln -s -f libssp.so.0.0.0 libssp.so.0 || { rm -f libssp.so.0 && ln -s libssp.so.0.0.0 libssp.so.0; }; })
make[6]: Nothing to be done for 'install-exec-am'.
make[6]: Nothing to be done for 'install-data-am'.
make[6]: Leaving directory '/build/x86_64-linux-musl-cross/src/musl-cross-make/build/local/x86_64-linux-musl/obj_gcc/x86_64-linux-musl/libatomic/testsuite'
make[5]: Leaving directory '/build/x86_64-linux-musl-cross/src/musl-cross-make/build/local/x86_64-linux-musl/obj_gcc/x86_64-linux-musl/libatomic/testsuite'
make[6]: Entering directory '/build/x86_64-linux-musl-cross/src/musl-cross-make/build/local/x86_64-linux-musl/obj_binutils/bfd/po'
if test -r ../../../src_binutils/bfd/../mkinstalldirs; then \
  ../../../src_binutils/bfd/../mkinstalldirs /build/x86_64-linux-musl-cross/src/musl-cross-make/out/share; \
else \
  ../../../src_binutils/bfd/mkinstalldirs /build/x86_64-linux-musl-cross/src/musl-cross-make/out/share; \
fi
libtool: install: (cd /build/x86_64-linux-musl-cross/src/musl-cross-make/out/x86_64-linux-musl/lib && { ln -s -f libssp.so.0.0.0 libssp.so || { rm -f libssp.so && ln -s libssp.so.0.0.0 libssp.so; }; })
make[5]: Entering directory '/build/x86_64-linux-musl-cross/src/musl-cross-make/build/local/x86_64-linux-musl/obj_gcc/x86_64-linux-musl/libatomic'
libtool: install: /usr/bin/install -c .libs/libssp.lai /build/x86_64-linux-musl-cross/src/musl-cross-make/out/x86_64-linux-musl/lib/libssp.la
mkdir -p -- /build/x86_64-linux-musl-cross/src/musl-cross-make/out/share/locale/pt_BR/LC_MESSAGES
libtool: install: /usr/bin/install -c .libs/libssp_nonshared.lai /build/x86_64-linux-musl-cross/src/musl-cross-make/out/x86_64-linux-musl/lib/libssp_nonshared.la
mkdir -p -- /build/x86_64-linux-musl-cross/src/musl-cross-make/out/share/locale/zh_CN/LC_MESSAGES
mkdir -p -- /build/x86_64-linux-musl-cross/src/musl-cross-make/out/share/locale/ms/LC_MESSAGES
libtool: install: /usr/bin/install -c .libs/libssp.a /build/x86_64-linux-musl-cross/src/musl-cross-make/out/x86_64-linux-musl/lib/libssp.a
installing ../../../src_binutils/gas/po/zh_CN.gmo as /build/x86_64-linux-musl-cross/src/musl-cross-make/out/share/locale/zh_CN/LC_MESSAGES/gas.mo
installing ../../../src_binutils/gprof/po/ms.gmo as /build/x86_64-linux-musl-cross/src/musl-cross-make/out/share/locale/ms/LC_MESSAGES/gprof.mo
libtool: install: chmod 644 /build/x86_64-linux-musl-cross/src/musl-cross-make/out/x86_64-linux-musl/lib/libssp.a
true "AR_FLAGS=rc" "CC_FOR_BUILD=gcc -static --static" "CFLAGS=-g -O2" "CXXFLAGS=-g -O2 -D_GNU_SOURCE" "CFLAGS_FOR_BUILD=-g0 -O2 -pipe -fno-align-functions -fno-align-jumps -fno-align-loops -fno-align-labels -Wno-error" "CFLAGS_FOR_TARGET=-g -O2" "EXPECT=expect" "INSTALL=/usr/bin/install -c" "INSTALL_DATA=/usr/bin/install -c -m 644" "INSTALL_PROGRAM=/usr/bin/install -c" "INSTALL_SCRIPT=/usr/bin/install -c" "JC1FLAGS=" "LDFLAGS=" "LIBCFLAGS=-g -O2" "LIBCFLAGS_FOR_TARGET=-g -O2" "MAKE=make MULTILIB_OSDIRNAMES= INFO_DEPS= infodir= ac_cv_prog_lex_root=lex.yy MAKEINFO=false " "MAKEINFO=false --split-size=5000000 --split-size=5000000 -I ../../../src_gcc/libquadmath/../gcc/doc/include" "PICFLAG=" "PICFLAG_FOR_TARGET=" "SHELL=/bin/sh" "RUNTESTFLAGS=" "exec_prefix=" "infodir=" "libdir=/lib" "prefix=" "includedir=/include" "AR=/build/x86_64-linux-musl-cross/src/musl-cross-make/build/local/x86_64-linux-musl/obj_binutils/binutils/ar " "AS=/build/x86_64-linux-musl-cross/src/musl-cross-make/build/local/x86_64-linux-musl/obj_gcc/./gcc/as" "CC=/build/x86_64-linux-musl-cross/src/musl-cross-make/build/local/x86_64-linux-musl/obj_gcc/./gcc/xgcc -B/build/x86_64-linux-musl-cross/src/musl-cross-make/build/local/x86_64-linux-musl/obj_gcc/./gcc/ -B/x86_64-linux-musl/bin/ -B/x86_64-linux-musl/lib/ -isystem /x86_64-linux-musl/include -isystem /x86_64-linux-musl/sys-include --sysroot=/build/x86_64-linux-musl-cross/src/musl-cross-make/build/local/x86_64-linux-musl/obj_sysroot  " "CXX=/build/x86_64-linux-musl-cross/src/musl-cross-make/build/local/x86_64-linux-musl/obj_gcc/./gcc/xg++ -B/build/x86_64-linux-musl-cross/src/musl-cross-make/build/local/x86_64-linux-musl/obj_gcc/./gcc/ -nostdinc++ -nostdinc++ -I/build/x86_64-linux-musl-cross/src/musl-cross-make/build/local/x86_64-linux-musl/obj_gcc/x86_64-linux-musl/libstdc++-v3/include/x86_64-linux-musl -I/build/x86_64-linux-musl-cross/src/musl-cross-make/build/local/x86_64-linux-musl/obj_gcc/x86_64-linux-musl/libstdc++-v3/include -I/build/x86_64-linux-musl-cross/src/musl-cross-make/build/local/x86_64-linux-musl/src_gcc/libstdc++-v3/libsupc++ -I/build/x86_64-linux-musl-cross/src/musl-cross-make/build/local/x86_64-linux-musl/src_gcc/libstdc++-v3/include/backward -I/build/x86_64-linux-musl-cross/src/musl-cross-make/build/local/x86_64-linux-musl/src_gcc/libstdc++-v3/testsuite/util -L/build/x86_64-linux-musl-cross/src/musl-cross-make/build/local/x86_64-linux-musl/obj_gcc/x86_64-linux-musl/libstdc++-v3/src -L/build/x86_64-linux-musl-cross/src/musl-cross-make/build/local/x86_64-linux-musl/obj_gcc/x86_64-linux-musl/libstdc++-v3/src/.libs -L/build/x86_64-linux-musl-cross/src/musl-cross-make/build/local/x86_64-linux-musl/obj_gcc/x86_64-linux-musl/libstdc++-v3/libsupc++/.libs -B/build/x86_64-linux-musl-cross/src/musl-cross-make/build/local/x86_64-linux-musl/obj_gcc/x86_64-linux-musl/libstdc++-v3/src/.libs -B/build/x86_64-linux-musl-cross/src/musl-cross-make/build/local/x86_64-linux-musl/obj_gcc/x86_64-linux-musl/libstdc++-v3/libsupc++/.libs -B/x86_64-linux-musl/bin/ -B/x86_64-linux-musl/lib/ -isystem /x86_64-linux-musl/include -isystem /x86_64-linux-musl/sys-include --sysroot=/build/x86_64-linux-musl-cross/src/musl-cross-make/build/local/x86_64-linux-musl/obj_sysroot  " "LD=/build/x86_64-linux-musl-cross/src/musl-cross-make/build/local/x86_64-linux-musl/obj_gcc/./gcc/collect-ld" "LIBCFLAGS=-g -O2" "NM=/build/x86_64-linux-musl-cross/src/musl-cross-make/build/local/x86_64-linux-musl/obj_gcc/./gcc/nm" "PICFLAG=" "RANLIB=/build/x86_64-linux-musl-cross/src/musl-cross-make/build/local/x86_64-linux-musl/obj_binutils/binutils/ranlib " "DESTDIR=/build/x86_64-linux-musl-cross/src/musl-cross-make/out" DO=all multi-do # make MULTILIB_OSDIRNAMES= INFO_DEPS= infodir= ac_cv_prog_lex_root=lex.yy MAKEINFO=false 
libtool: install: /build/x86_64-linux-musl-cross/src/musl-cross-make/build/local/x86_64-linux-musl/obj_binutils/binutils/ranlib  /build/x86_64-linux-musl-cross/src/musl-cross-make/out/x86_64-linux-musl/lib/libssp.a
libtool: install: /usr/bin/install -c .libs/libssp_nonshared.a /build/x86_64-linux-musl-cross/src/musl-cross-make/out/x86_64-linux-musl/lib/libssp_nonshared.a
libtool: install: chmod 644 /build/x86_64-linux-musl-cross/src/musl-cross-make/out/x86_64-linux-musl/lib/libssp_nonshared.a
libtool: install: /build/x86_64-linux-musl-cross/src/musl-cross-make/build/local/x86_64-linux-musl/obj_binutils/binutils/ranlib  /build/x86_64-linux-musl-cross/src/musl-cross-make/out/x86_64-linux-musl/lib/libssp_nonshared.a
libtool: install: warning: remember to run `libtool --finish /x86_64-linux-musl/lib'
make[5]: Leaving directory '/build/x86_64-linux-musl-cross/src/musl-cross-make/build/local/x86_64-linux-musl/obj_gcc/x86_64-linux-musl/libssp'
installing ../../../src_binutils/gprof/po/nl.gmo as /build/x86_64-linux-musl-cross/src/musl-cross-make/out/share/locale/nl/LC_MESSAGES/gprof.mo
installing ../../../src_binutils/gas/po/es.gmo as /build/x86_64-linux-musl-cross/src/musl-cross-make/out/share/locale/es/LC_MESSAGES/gas.mo
make[4]: Leaving directory '/build/x86_64-linux-musl-cross/src/musl-cross-make/build/local/x86_64-linux-musl/obj_gcc/x86_64-linux-musl/libssp'
installing ../../../src_binutils/bfd/po/da.gmo as /build/x86_64-linux-musl-cross/src/musl-cross-make/out/share/locale/da/LC_MESSAGES/bfd.mo
make[5]: Entering directory '/build/x86_64-linux-musl-cross/src/musl-cross-make/build/local/x86_64-linux-musl/obj_gcc/x86_64-linux-musl/libquadmath'
mkdir -p -- /build/x86_64-linux-musl-cross/src/musl-cross-make/out/share/locale/sr/LC_MESSAGES
installing ../../../src_binutils/gas/po/fi.gmo as /build/x86_64-linux-musl-cross/src/musl-cross-make/out/share/locale/fi/LC_MESSAGES/gas.mo
installing ../../../src_binutils/gprof/po/pt_BR.gmo as /build/x86_64-linux-musl-cross/src/musl-cross-make/out/share/locale/pt_BR/LC_MESSAGES/gprof.mo
installing ../../../src_binutils/bfd/po/es.gmo as /build/x86_64-linux-musl-cross/src/musl-cross-make/out/share/locale/es/LC_MESSAGES/bfd.mo
true  DO=all multi-do # make MULTILIB_OSDIRNAMES= INFO_DEPS= infodir= ac_cv_prog_lex_root=lex.yy MAKEINFO=false 
true  DO=all multi-do # make MULTILIB_OSDIRNAMES= INFO_DEPS= infodir= ac_cv_prog_lex_root=lex.yy MAKEINFO=false 
installing ../../../src_binutils/gas/po/fr.gmo as /build/x86_64-linux-musl-cross/src/musl-cross-make/out/share/locale/fr/LC_MESSAGES/gas.mo
installing ../../../src_binutils/gprof/po/ro.gmo as /build/x86_64-linux-musl-cross/src/musl-cross-make/out/share/locale/ro/LC_MESSAGES/gprof.mo
installing ../../../src_binutils/bfd/po/fi.gmo as /build/x86_64-linux-musl-cross/src/musl-cross-make/out/share/locale/fi/LC_MESSAGES/bfd.mo
make[6]: Entering directory '/build/x86_64-linux-musl-cross/src/musl-cross-make/build/local/x86_64-linux-musl/obj_gcc/x86_64-linux-musl/libgomp'
true "AR_FLAGS=rc" "CC_FOR_BUILD=gcc -static --static" "CFLAGS=-g -O2" "CXXFLAGS=-g -O2 -D_GNU_SOURCE" "CFLAGS_FOR_BUILD=-g0 -O2 -pipe -fno-align-functions -fno-align-jumps -fno-align-loops -fno-align-labels -Wno-error" "CFLAGS_FOR_TARGET=-g -O2" "EXPECT=expect" "INSTALL=/usr/bin/install -c" "INSTALL_DATA=/usr/bin/install -c -m 644" "INSTALL_PROGRAM=/usr/bin/install -c" "INSTALL_SCRIPT=/usr/bin/install -c" "JC1FLAGS=" "LDFLAGS=" "LIBCFLAGS=-g -O2" "LIBCFLAGS_FOR_TARGET=-g -O2" "MAKE=make MULTILIB_OSDIRNAMES= INFO_DEPS= infodir= ac_cv_prog_lex_root=lex.yy MAKEINFO=false " "MAKEINFO=false --split-size=5000000 --split-size=5000000 -I ../../../src_gcc/libquadmath/../gcc/doc/include -I ../../../src_gcc/libquadmath/../gcc/doc/include" "PICFLAG=" "PICFLAG_FOR_TARGET=" "SHELL=/bin/sh" "RUNTESTFLAGS=" "exec_prefix=" "infodir=" "libdir=/lib" "prefix=" "includedir=/include" "AR=/build/x86_64-linux-musl-cross/src/musl-cross-make/build/local/x86_64-linux-musl/obj_binutils/binutils/ar " "AS=/build/x86_64-linux-musl-cross/src/musl-cross-make/build/local/x86_64-linux-musl/obj_gcc/./gcc/as" "CC=/build/x86_64-linux-musl-cross/src/musl-cross-make/build/local/x86_64-linux-musl/obj_gcc/./gcc/xgcc -B/build/x86_64-linux-musl-cross/src/musl-cross-make/build/local/x86_64-linux-musl/obj_gcc/./gcc/ -B/x86_64-linux-musl/bin/ -B/x86_64-linux-musl/lib/ -isystem /x86_64-linux-musl/include -isystem /x86_64-linux-musl/sys-include --sysroot=/build/x86_64-linux-musl-cross/src/musl-cross-make/build/local/x86_64-linux-musl/obj_sysroot  " "CXX=/build/x86_64-linux-musl-cross/src/musl-cross-make/build/local/x86_64-linux-musl/obj_gcc/./gcc/xg++ -B/build/x86_64-linux-musl-cross/src/musl-cross-make/build/local/x86_64-linux-musl/obj_gcc/./gcc/ -nostdinc++ -nostdinc++ -I/build/x86_64-linux-musl-cross/src/musl-cross-make/build/local/x86_64-linux-musl/obj_gcc/x86_64-linux-musl/libstdc++-v3/include/x86_64-linux-musl -I/build/x86_64-linux-musl-cross/src/musl-cross-make/build/local/x86_64-linux-musl/obj_gcc/x86_64-linux-musl/libstdc++-v3/include -I/build/x86_64-linux-musl-cross/src/musl-cross-make/build/local/x86_64-linux-musl/src_gcc/libstdc++-v3/libsupc++ -I/build/x86_64-linux-musl-cross/src/musl-cross-make/build/local/x86_64-linux-musl/src_gcc/libstdc++-v3/include/backward -I/build/x86_64-linux-musl-cross/src/musl-cross-make/build/local/x86_64-linux-musl/src_gcc/libstdc++-v3/testsuite/util -L/build/x86_64-linux-musl-cross/src/musl-cross-make/build/local/x86_64-linux-musl/obj_gcc/x86_64-linux-musl/libstdc++-v3/src -L/build/x86_64-linux-musl-cross/src/musl-cross-make/build/local/x86_64-linux-musl/obj_gcc/x86_64-linux-musl/libstdc++-v3/src/.libs -L/build/x86_64-linux-musl-cross/src/musl-cross-make/build/local/x86_64-linux-musl/obj_gcc/x86_64-linux-musl/libstdc++-v3/libsupc++/.libs -B/build/x86_64-linux-musl-cross/src/musl-cross-make/build/local/x86_64-linux-musl/obj_gcc/x86_64-linux-musl/libstdc++-v3/src/.libs -B/build/x86_64-linux-musl-cross/src/musl-cross-make/build/local/x86_64-linux-musl/obj_gcc/x86_64-linux-musl/libstdc++-v3/libsupc++/.libs -B/x86_64-linux-musl/bin/ -B/x86_64-linux-musl/lib/ -isystem /x86_64-linux-musl/include -isystem /x86_64-linux-musl/sys-include --sysroot=/build/x86_64-linux-musl-cross/src/musl-cross-make/build/local/x86_64-linux-musl/obj_sysroot  " "LD=/build/x86_64-linux-musl-cross/src/musl-cross-make/build/local/x86_64-linux-musl/obj_gcc/./gcc/collect-ld" "LIBCFLAGS=-g -O2" "NM=/build/x86_64-linux-musl-cross/src/musl-cross-make/build/local/x86_64-linux-musl/obj_gcc/./gcc/nm" "PICFLAG=" "RANLIB=/build/x86_64-linux-musl-cross/src/musl-cross-make/build/local/x86_64-linux-musl/obj_binutils/binutils/ranlib " "DESTDIR=/build/x86_64-linux-musl-cross/src/musl-cross-make/out" DO=install multi-do # make MULTILIB_OSDIRNAMES= INFO_DEPS= infodir= ac_cv_prog_lex_root=lex.yy MAKEINFO=false 
make[6]: Entering directory '/build/x86_64-linux-musl-cross/src/musl-cross-make/build/local/x86_64-linux-musl/obj_gcc/x86_64-linux-musl/libatomic'
installing ../../../src_binutils/gas/po/id.gmo as /build/x86_64-linux-musl-cross/src/musl-cross-make/out/share/locale/id/LC_MESSAGES/gas.mo
installing ../../../src_binutils/gprof/po/ru.gmo as /build/x86_64-linux-musl-cross/src/musl-cross-make/out/share/locale/ru/LC_MESSAGES/gprof.mo
installing ../../../src_binutils/bfd/po/fr.gmo as /build/x86_64-linux-musl-cross/src/musl-cross-make/out/share/locale/fr/LC_MESSAGES/bfd.mo
mkdir -p -- /build/x86_64-linux-musl-cross/src/musl-cross-make/out/share/locale/vi/LC_MESSAGES
true  DO=install multi-do # make MULTILIB_OSDIRNAMES= INFO_DEPS= infodir= ac_cv_prog_lex_root=lex.yy MAKEINFO=false 
installing ../../../src_binutils/gas/po/ja.gmo as /build/x86_64-linux-musl-cross/src/musl-cross-make/out/share/locale/ja/LC_MESSAGES/gas.mo
mkdir -p -- /build/x86_64-linux-musl-cross/src/musl-cross-make/out/share/locale/hr/LC_MESSAGES
installing ../../../src_binutils/gprof/po/rw.gmo as /build/x86_64-linux-musl-cross/src/musl-cross-make/out/share/locale/rw/LC_MESSAGES/gprof.mo
true  DO=install multi-do # make MULTILIB_OSDIRNAMES= INFO_DEPS= infodir= ac_cv_prog_lex_root=lex.yy MAKEINFO=false 
 /usr/bin/mkdir -p '/build/x86_64-linux-musl-cross/src/musl-cross-make/out/x86_64-linux-musl/lib'
installing ../../../src_binutils/bfd/po/hr.gmo as /build/x86_64-linux-musl-cross/src/musl-cross-make/out/share/locale/hr/LC_MESSAGES/bfd.mo
 /usr/bin/install -c -m 644 libgomp.spec '/build/x86_64-linux-musl-cross/src/musl-cross-make/out/x86_64-linux-musl/lib'
installing ../../../src_binutils/gas/po/ro.gmo as /build/x86_64-linux-musl-cross/src/musl-cross-make/out/share/locale/ro/LC_MESSAGES/gas.mo
installing ../../../src_binutils/gprof/po/sr.gmo as /build/x86_64-linux-musl-cross/src/musl-cross-make/out/share/locale/sr/LC_MESSAGES/gprof.mo
installing ../../../src_binutils/bfd/po/id.gmo as /build/x86_64-linux-musl-cross/src/musl-cross-make/out/share/locale/id/LC_MESSAGES/bfd.mo
mkdir -p -- /build/x86_64-linux-musl-cross/src/musl-cross-make/out/share/locale/zh_TW/LC_MESSAGES
installing ../../../src_binutils/gas/po/ru.gmo as /build/x86_64-linux-musl-cross/src/musl-cross-make/out/share/locale/ru/LC_MESSAGES/gas.mo
installing ../../../src_binutils/gprof/po/sv.gmo as /build/x86_64-linux-musl-cross/src/musl-cross-make/out/share/locale/sv/LC_MESSAGES/gprof.mo
 /usr/bin/mkdir -p '/build/x86_64-linux-musl-cross/src/musl-cross-make/out/x86_64-linux-musl/lib'
 /usr/bin/mkdir -p '/build/x86_64-linux-musl-cross/src/musl-cross-make/out/lib/gcc/x86_64-linux-musl/16.1.0/include'
 /bin/sh ./libtool   --mode=install /usr/bin/install -c   libatomic.la '/build/x86_64-linux-musl-cross/src/musl-cross-make/out/x86_64-linux-musl/lib'
installing ../../../src_binutils/bfd/po/ja.gmo as /build/x86_64-linux-musl-cross/src/musl-cross-make/out/share/locale/ja/LC_MESSAGES/bfd.mo
 /usr/bin/mkdir -p '/build/x86_64-linux-musl-cross/src/musl-cross-make/out/x86_64-linux-musl/lib'
 /usr/bin/install -c -m 644 ../../../src_gcc/libquadmath/quadmath.h ../../../src_gcc/libquadmath/quadmath_weak.h '/build/x86_64-linux-musl-cross/src/musl-cross-make/out/lib/gcc/x86_64-linux-musl/16.1.0/include'
 /bin/sh ./libtool   --mode=install /usr/bin/install -c   libquadmath.la '/build/x86_64-linux-musl-cross/src/musl-cross-make/out/x86_64-linux-musl/lib'
installing ../../../src_binutils/gas/po/rw.gmo as /build/x86_64-linux-musl-cross/src/musl-cross-make/out/share/locale/rw/LC_MESSAGES/gas.mo
 /usr/bin/mkdir -p '/build/x86_64-linux-musl-cross/src/musl-cross-make/out/lib/gcc/x86_64-linux-musl/16.1.0/include'
installing ../../../src_binutils/gprof/po/tr.gmo as /build/x86_64-linux-musl-cross/src/musl-cross-make/out/share/locale/tr/LC_MESSAGES/gprof.mo
 /usr/bin/mkdir -p '/build/x86_64-linux-musl-cross/src/musl-cross-make/out/x86_64-linux-musl/lib'
installing ../../../src_binutils/bfd/po/ka.gmo as /build/x86_64-linux-musl-cross/src/musl-cross-make/out/share/locale/ka/LC_MESSAGES/bfd.mo
 /bin/sh ./libtool   --mode=install /usr/bin/install -c   libgomp.la '/build/x86_64-linux-musl-cross/src/musl-cross-make/out/x86_64-linux-musl/lib'
 /usr/bin/install -c -m 644 omp.h ../../../src_gcc/libgomp/openacc.h ../../../src_gcc/libgomp/acc_prof.h '/build/x86_64-linux-musl-cross/src/musl-cross-make/out/lib/gcc/x86_64-linux-musl/16.1.0/include'
libtool: install: /usr/bin/install -c .libs/libatomic.so.1.2.0 /build/x86_64-linux-musl-cross/src/musl-cross-make/out/x86_64-linux-musl/lib/libatomic.so.1.2.0
installing ../../../src_binutils/gas/po/sv.gmo as /build/x86_64-linux-musl-cross/src/musl-cross-make/out/share/locale/sv/LC_MESSAGES/gas.mo
libtool: install: /usr/bin/install -c .libs/libquadmath.so.0.0.0 /build/x86_64-linux-musl-cross/src/musl-cross-make/out/x86_64-linux-musl/lib/libquadmath.so.0.0.0
libtool: install: (cd /build/x86_64-linux-musl-cross/src/musl-cross-make/out/x86_64-linux-musl/lib && { ln -s -f libatomic.so.1.2.0 libatomic.so.1 || { rm -f libatomic.so.1 && ln -s libatomic.so.1.2.0 libatomic.so.1; }; })
libtool: install: (cd /build/x86_64-linux-musl-cross/src/musl-cross-make/out/x86_64-linux-musl/lib && { ln -s -f libquadmath.so.0.0.0 libquadmath.so.0 || { rm -f libquadmath.so.0 && ln -s libquadmath.so.0.0.0 libquadmath.so.0; }; })
installing ../../../src_binutils/gprof/po/uk.gmo as /build/x86_64-linux-musl-cross/src/musl-cross-make/out/share/locale/uk/LC_MESSAGES/gprof.mo
libtool: install: (cd /build/x86_64-linux-musl-cross/src/musl-cross-make/out/x86_64-linux-musl/lib && { ln -s -f libatomic.so.1.2.0 libatomic.so || { rm -f libatomic.so && ln -s libatomic.so.1.2.0 libatomic.so; }; })
libtool: install: (cd /build/x86_64-linux-musl-cross/src/musl-cross-make/out/x86_64-linux-musl/lib && { ln -s -f libquadmath.so.0.0.0 libquadmath.so || { rm -f libquadmath.so && ln -s libquadmath.so.0.0.0 libquadmath.so; }; })
libtool: install: /usr/bin/install -c .libs/libatomic.lai /build/x86_64-linux-musl-cross/src/musl-cross-make/out/x86_64-linux-musl/lib/libatomic.la
installing ../../../src_binutils/bfd/po/ms.gmo as /build/x86_64-linux-musl-cross/src/musl-cross-make/out/share/locale/ms/LC_MESSAGES/bfd.mo
libtool: install: /usr/bin/install -c .libs/libgomp.so.1.0.0 /build/x86_64-linux-musl-cross/src/musl-cross-make/out/x86_64-linux-musl/lib/libgomp.so.1.0.0
libtool: install: /usr/bin/install -c .libs/libatomic.a /build/x86_64-linux-musl-cross/src/musl-cross-make/out/x86_64-linux-musl/lib/libatomic.a
libtool: install: /usr/bin/install -c .libs/libquadmath.lai /build/x86_64-linux-musl-cross/src/musl-cross-make/out/x86_64-linux-musl/lib/libquadmath.la
installing ../../../src_binutils/gas/po/tr.gmo as /build/x86_64-linux-musl-cross/src/musl-cross-make/out/share/locale/tr/LC_MESSAGES/gas.mo
libtool: install: chmod 644 /build/x86_64-linux-musl-cross/src/musl-cross-make/out/x86_64-linux-musl/lib/libatomic.a
libtool: install: (cd /build/x86_64-linux-musl-cross/src/musl-cross-make/out/x86_64-linux-musl/lib && { ln -s -f libgomp.so.1.0.0 libgomp.so.1 || { rm -f libgomp.so.1 && ln -s libgomp.so.1.0.0 libgomp.so.1; }; })
libtool: install: /usr/bin/install -c .libs/libquadmath.a /build/x86_64-linux-musl-cross/src/musl-cross-make/out/x86_64-linux-musl/lib/libquadmath.a
libtool: install: /build/x86_64-linux-musl-cross/src/musl-cross-make/build/local/x86_64-linux-musl/obj_binutils/binutils/ranlib  /build/x86_64-linux-musl-cross/src/musl-cross-make/out/x86_64-linux-musl/lib/libatomic.a
installing ../../../src_binutils/gprof/po/vi.gmo as /build/x86_64-linux-musl-cross/src/musl-cross-make/out/share/locale/vi/LC_MESSAGES/gprof.mo
libtool: install: chmod 644 /build/x86_64-linux-musl-cross/src/musl-cross-make/out/x86_64-linux-musl/lib/libquadmath.a
libtool: install: (cd /build/x86_64-linux-musl-cross/src/musl-cross-make/out/x86_64-linux-musl/lib && { ln -s -f libgomp.so.1.0.0 libgomp.so || { rm -f libgomp.so && ln -s libgomp.so.1.0.0 libgomp.so; }; })
libtool: install: /build/x86_64-linux-musl-cross/src/musl-cross-make/build/local/x86_64-linux-musl/obj_binutils/binutils/ranlib  /build/x86_64-linux-musl-cross/src/musl-cross-make/out/x86_64-linux-musl/lib/libquadmath.a
libtool: install: warning: remember to run `libtool --finish /x86_64-linux-musl/lib'
mkdir -p -- /build/x86_64-linux-musl-cross/src/musl-cross-make/out/share/locale/pt/LC_MESSAGES
libtool: install: /usr/bin/install -c .libs/libgomp.lai /build/x86_64-linux-musl-cross/src/musl-cross-make/out/x86_64-linux-musl/lib/libgomp.la
/usr/bin/mkdir -p "/build/x86_64-linux-musl-cross/src/musl-cross-make/out/x86_64-linux-musl/lib" || exit 1; \
cd "/build/x86_64-linux-musl-cross/src/musl-cross-make/out/x86_64-linux-musl/lib" || exit 1; \
if test -f libatomic.so; then (echo "/* GNU ld script"; \
 echo "   Add DT_NEEDED entry for -latomic only if needed.  */"; \
 echo "INPUT ( AS_NEEDED ( -latomic ) )" \
) > libatomic_asneeded.so; fi; \
if test -f libatomic.a; then rm -f libatomic_asneeded.a; \
ln -s libatomic.a libatomic_asneeded.a; fi
libtool: install: /usr/bin/install -c .libs/libgomp.a /build/x86_64-linux-musl-cross/src/musl-cross-make/out/x86_64-linux-musl/lib/libgomp.a
installing ../../../src_binutils/bfd/po/pt.gmo as /build/x86_64-linux-musl-cross/src/musl-cross-make/out/share/locale/pt/LC_MESSAGES/bfd.mo
installing ../../../src_binutils/gas/po/uk.gmo as /build/x86_64-linux-musl-cross/src/musl-cross-make/out/share/locale/uk/LC_MESSAGES/gas.mo
libtool: install: chmod 644 /build/x86_64-linux-musl-cross/src/musl-cross-make/out/x86_64-linux-musl/lib/libgomp.a
libtool: install: warning: remember to run `libtool --finish /x86_64-linux-musl/lib'
installing ../../../src_binutils/gprof/po/bg.gmo as /build/x86_64-linux-musl-cross/src/musl-cross-make/out/share/locale/bg/LC_MESSAGES/gprof.mo
libtool: install: /build/x86_64-linux-musl-cross/src/musl-cross-make/build/local/x86_64-linux-musl/obj_binutils/binutils/ranlib  /build/x86_64-linux-musl-cross/src/musl-cross-make/out/x86_64-linux-musl/lib/libgomp.a
make[5]: Leaving directory '/build/x86_64-linux-musl-cross/src/musl-cross-make/build/local/x86_64-linux-musl/obj_gcc/x86_64-linux-musl/libquadmath'
/bin/sh ../../../src_gcc/libgcc/../mkinstalldirs /build/x86_64-linux-musl-cross/src/musl-cross-make/out/lib/gcc/x86_64-linux-musl/16.1.0
/bin/sh ../../../src_gcc/libgcc/../mkinstalldirs /build/x86_64-linux-musl-cross/src/musl-cross-make/out/lib/gcc/x86_64-linux-musl/16.1.0/include
make[4]: Leaving directory '/build/x86_64-linux-musl-cross/src/musl-cross-make/build/local/x86_64-linux-musl/obj_gcc/x86_64-linux-musl/libquadmath'
/bin/sh ../../../src_gcc/libgcc/../mkinstalldirs /build/x86_64-linux-musl-cross/src/musl-cross-make/out/lib/gcc/x86_64-linux-musl/16.1.0/include
make[6]: Leaving directory '/build/x86_64-linux-musl-cross/src/musl-cross-make/build/local/x86_64-linux-musl/obj_gcc/x86_64-linux-musl/libatomic'
/usr/bin/install -c -m 644 libgcc_eh.a /build/x86_64-linux-musl-cross/src/musl-cross-make/out/lib/gcc/x86_64-linux-musl/16.1.0/
make[5]: Leaving directory '/build/x86_64-linux-musl-cross/src/musl-cross-make/build/local/x86_64-linux-musl/obj_gcc/x86_64-linux-musl/libatomic'
/usr/bin/install -c -m 644 unwind.h /build/x86_64-linux-musl-cross/src/musl-cross-make/out/lib/gcc/x86_64-linux-musl/16.1.0/include
make[4]: Leaving directory '/build/x86_64-linux-musl-cross/src/musl-cross-make/build/local/x86_64-linux-musl/obj_gcc/x86_64-linux-musl/libatomic'
/usr/bin/install -c -m 644 ../../../src_gcc/libgcc/gcov.h /build/x86_64-linux-musl-cross/src/musl-cross-make/out/lib/gcc/x86_64-linux-musl/16.1.0/include
chmod 644 /build/x86_64-linux-musl-cross/src/musl-cross-make/out/lib/gcc/x86_64-linux-musl/16.1.0/libgcc_eh.a
installing ../../../src_binutils/bfd/po/ro.gmo as /build/x86_64-linux-musl-cross/src/musl-cross-make/out/share/locale/ro/LC_MESSAGES/bfd.mo
libtool: install: warning: remember to run `libtool --finish /x86_64-linux-musl/lib'
/build/x86_64-linux-musl-cross/src/musl-cross-make/build/local/x86_64-linux-musl/obj_binutils/binutils/ranlib  /build/x86_64-linux-musl-cross/src/musl-cross-make/out/lib/gcc/x86_64-linux-musl/16.1.0/libgcc_eh.a
installing ../../../src_binutils/gas/po/zh_CN.gmo as /build/x86_64-linux-musl-cross/src/musl-cross-make/out/share/locale/zh_CN/LC_MESSAGES/gas.mo
if test "gas" = "gettext"; then \
  if test -r ../../../src_binutils/gas/../mkinstalldirs; then \
    ../../../src_binutils/gas/../mkinstalldirs /build/x86_64-linux-musl-cross/src/musl-cross-make/out/share/gettext/po; \
  else \
    ../../../src_binutils/gas/mkinstalldirs /build/x86_64-linux-musl-cross/src/musl-cross-make/out/share/gettext/po; \
  fi; \
  /usr/bin/install -c -m 644 ../../../src_binutils/gas/po/Makefile.in.in \
		  /build/x86_64-linux-musl-cross/src/musl-cross-make/out/share/gettext/po/Makefile.in.in; \
else \
  : ; \
fi
make[6]: Leaving directory '/build/x86_64-linux-musl-cross/src/musl-cross-make/build/local/x86_64-linux-musl/obj_gcc/x86_64-linux-musl/libgomp'
installing ../../../src_binutils/gprof/po/da.gmo as /build/x86_64-linux-musl-cross/src/musl-cross-make/out/share/locale/da/LC_MESSAGES/gprof.mo
make[5]: Leaving directory '/build/x86_64-linux-musl-cross/src/musl-cross-make/build/local/x86_64-linux-musl/obj_gcc/x86_64-linux-musl/libgomp'
/bin/sh ../../../src_gcc/libgcc/../mkinstalldirs /build/x86_64-linux-musl-cross/src/musl-cross-make/out/x86_64-linux-musl/lib; /usr/bin/install -c -m 644 ./libgcc_s.so.1 /build/x86_64-linux-musl-cross/src/musl-cross-make/out/x86_64-linux-musl/lib/libgcc_s.so.1; rm -f /build/x86_64-linux-musl-cross/src/musl-cross-make/out/x86_64-linux-musl/lib/libgcc_s.so; /usr/bin/install -c -m 644 ./libgcc_s.so /build/x86_64-linux-musl-cross/src/musl-cross-make/out/x86_64-linux-musl/lib/libgcc_s.so; /usr/bin/install -c -m 644 ./libgcc_s_asneeded.so /build/x86_64-linux-musl-cross/src/musl-cross-make/out/x86_64-linux-musl/lib/libgcc_s_asneeded.so
make[4]: Leaving directory '/build/x86_64-linux-musl-cross/src/musl-cross-make/build/local/x86_64-linux-musl/obj_gcc/x86_64-linux-musl/libgomp'
make[5]: Leaving directory '/build/x86_64-linux-musl-cross/src/musl-cross-make/build/local/x86_64-linux-musl/obj_binutils/gas/po'
installing ../../../src_binutils/bfd/po/ru.gmo as /build/x86_64-linux-musl-cross/src/musl-cross-make/out/share/locale/ru/LC_MESSAGES/bfd.mo
installing ../../../src_binutils/gprof/po/de.gmo as /build/x86_64-linux-musl-cross/src/musl-cross-make/out/share/locale/de/LC_MESSAGES/gprof.mo
/bin/sh ../../../src_gcc/libgcc/../mkinstalldirs /build/x86_64-linux-musl-cross/src/musl-cross-make/out/lib/gcc/x86_64-linux-musl/16.1.0
installing ../../../src_binutils/bfd/po/rw.gmo as /build/x86_64-linux-musl-cross/src/musl-cross-make/out/share/locale/rw/LC_MESSAGES/bfd.mo
/usr/bin/install -c -m 644 libgcc.a /build/x86_64-linux-musl-cross/src/musl-cross-make/out/lib/gcc/x86_64-linux-musl/16.1.0/
installing ../../../src_binutils/gprof/po/eo.gmo as /build/x86_64-linux-musl-cross/src/musl-cross-make/out/share/locale/eo/LC_MESSAGES/gprof.mo
chmod 644 /build/x86_64-linux-musl-cross/src/musl-cross-make/out/lib/gcc/x86_64-linux-musl/16.1.0/libgcc.a
/build/x86_64-linux-musl-cross/src/musl-cross-make/build/local/x86_64-linux-musl/obj_binutils/binutils/ranlib  /build/x86_64-linux-musl-cross/src/musl-cross-make/out/lib/gcc/x86_64-linux-musl/16.1.0/libgcc.a
installing ../../../src_binutils/gprof/po/es.gmo as /build/x86_64-linux-musl-cross/src/musl-cross-make/out/share/locale/es/LC_MESSAGES/gprof.mo
installing ../../../src_binutils/bfd/po/sr.gmo as /build/x86_64-linux-musl-cross/src/musl-cross-make/out/share/locale/sr/LC_MESSAGES/bfd.mo
make[5]: Entering directory '/build/x86_64-linux-musl-cross/src/musl-cross-make/build/local/x86_64-linux-musl/obj_binutils/gas'
installing ../../../src_binutils/bfd/po/sv.gmo as /build/x86_64-linux-musl-cross/src/musl-cross-make/out/share/locale/sv/LC_MESSAGES/bfd.mo
installing ../../../src_binutils/gprof/po/fi.gmo as /build/x86_64-linux-musl-cross/src/musl-cross-make/out/share/locale/fi/LC_MESSAGES/gprof.mo
/usr/bin/install -c -m 644 libgcov.a /build/x86_64-linux-musl-cross/src/musl-cross-make/out/lib/gcc/x86_64-linux-musl/16.1.0/
installing ../../../src_binutils/gprof/po/fr.gmo as /build/x86_64-linux-musl-cross/src/musl-cross-make/out/share/locale/fr/LC_MESSAGES/gprof.mo
installing ../../../src_binutils/bfd/po/tr.gmo as /build/x86_64-linux-musl-cross/src/musl-cross-make/out/share/locale/tr/LC_MESSAGES/bfd.mo
chmod 644 /build/x86_64-linux-musl-cross/src/musl-cross-make/out/lib/gcc/x86_64-linux-musl/16.1.0/libgcov.a
/build/x86_64-linux-musl-cross/src/musl-cross-make/build/local/x86_64-linux-musl/obj_binutils/binutils/ranlib  /build/x86_64-linux-musl-cross/src/musl-cross-make/out/lib/gcc/x86_64-linux-musl/16.1.0/libgcov.a
parts="crtbegin.o crtbeginS.o crtbeginT.o crtend.o crtendS.o crtprec32.o crtprec64.o crtprec80.o crtfastmath.o";				\
for file in $parts; do					\
  rm -f /build/x86_64-linux-musl-cross/src/musl-cross-make/out/lib/gcc/x86_64-linux-musl/16.1.0/$file;		\
  /usr/bin/install -c -m 644 $file /build/x86_64-linux-musl-cross/src/musl-cross-make/out/lib/gcc/x86_64-linux-musl/16.1.0/;	\
  case $file in 					\
    *.a)						\
      /build/x86_64-linux-musl-cross/src/musl-cross-make/build/local/x86_64-linux-musl/obj_binutils/binutils/ranlib  ../.././gcc/$file ;;	\
  esac;							\
done
installing ../../../src_binutils/gprof/po/ga.gmo as /build/x86_64-linux-musl-cross/src/musl-cross-make/out/share/locale/ga/LC_MESSAGES/gprof.mo
installing ../../../src_binutils/bfd/po/uk.gmo as /build/x86_64-linux-musl-cross/src/musl-cross-make/out/share/locale/uk/LC_MESSAGES/bfd.mo
installing ../../../src_binutils/gprof/po/hu.gmo as /build/x86_64-linux-musl-cross/src/musl-cross-make/out/share/locale/hu/LC_MESSAGES/gprof.mo
installing ../../../src_binutils/bfd/po/vi.gmo as /build/x86_64-linux-musl-cross/src/musl-cross-make/out/share/locale/vi/LC_MESSAGES/bfd.mo
installing ../../../src_binutils/gprof/po/id.gmo as /build/x86_64-linux-musl-cross/src/musl-cross-make/out/share/locale/id/LC_MESSAGES/gprof.mo
installing ../../../src_binutils/bfd/po/zh_CN.gmo as /build/x86_64-linux-musl-cross/src/musl-cross-make/out/share/locale/zh_CN/LC_MESSAGES/bfd.mo
  GEN      doc/asconfig.texi
installing ../../../src_binutils/gprof/po/it.gmo as /build/x86_64-linux-musl-cross/src/musl-cross-make/out/share/locale/it/LC_MESSAGES/gprof.mo
installing ../../../src_binutils/bfd/po/da.gmo as /build/x86_64-linux-musl-cross/src/musl-cross-make/out/share/locale/da/LC_MESSAGES/bfd.mo
make[4]: Leaving directory '/build/x86_64-linux-musl-cross/src/musl-cross-make/build/local/x86_64-linux-musl/obj_gcc/x86_64-linux-musl/libgcc'
../src_musl/tools/install.sh -D -m 644 lib/libc.a /build/x86_64-linux-musl-cross/src/musl-cross-make/out/x86_64-linux-musl/lib/libc.a
../src_musl/tools/install.sh -D -m 755 lib/libc.so /build/x86_64-linux-musl-cross/src/musl-cross-make/out/x86_64-linux-musl/lib/libc.so
../src_musl/tools/install.sh -D -m 644 lib/libm.a /build/x86_64-linux-musl-cross/src/musl-cross-make/out/x86_64-linux-musl/lib/libm.a
../src_musl/tools/install.sh -D -m 644 lib/librt.a /build/x86_64-linux-musl-cross/src/musl-cross-make/out/x86_64-linux-musl/lib/librt.a
../src_musl/tools/install.sh -D -m 644 lib/libpthread.a /build/x86_64-linux-musl-cross/src/musl-cross-make/out/x86_64-linux-musl/lib/libpthread.a
../src_musl/tools/install.sh -D -m 644 lib/libcrypt.a /build/x86_64-linux-musl-cross/src/musl-cross-make/out/x86_64-linux-musl/lib/libcrypt.a
../src_musl/tools/install.sh -D -m 644 lib/libutil.a /build/x86_64-linux-musl-cross/src/musl-cross-make/out/x86_64-linux-musl/lib/libutil.a
../src_musl/tools/install.sh -D -m 644 lib/libxnet.a /build/x86_64-linux-musl-cross/src/musl-cross-make/out/x86_64-linux-musl/lib/libxnet.a
installing ../../../src_binutils/bfd/po/es.gmo as /build/x86_64-linux-musl-cross/src/musl-cross-make/out/share/locale/es/LC_MESSAGES/bfd.mo
../src_musl/tools/install.sh -D -m 644 lib/libresolv.a /build/x86_64-linux-musl-cross/src/musl-cross-make/out/x86_64-linux-musl/lib/libresolv.a
installing ../../../src_binutils/gprof/po/ja.gmo as /build/x86_64-linux-musl-cross/src/musl-cross-make/out/share/locale/ja/LC_MESSAGES/gprof.mo
cats="po/be.gmo po/ca.gmo po/da.gmo po/de.gmo po/el.gmo po/eo.gmo po/es.gmo po/fi.gmo po/fr.gmo po/id.gmo po/ja.gmo po/ka.gmo po/nl.gmo po/pt_BR.gmo po/ro.gmo po/ru.gmo po/sr.gmo po/sv.gmo po/tr.gmo po/uk.gmo po/vi.gmo po/zh_CN.gmo po/zh_TW.gmo po/be.gmo po/ca.gmo po/da.gmo po/de.gmo po/el.gmo po/eo.gmo po/es.gmo po/fi.gmo po/fr.gmo po/id.gmo po/ja.gmo po/ka.gmo po/nl.gmo po/pt_BR.gmo po/ro.gmo po/ru.gmo po/sr.gmo po/sv.gmo po/tr.gmo po/uk.gmo po/vi.gmo po/zh_CN.gmo po/zh_TW.gmo"; for cat in $cats; do \
  lang=`basename $cat | sed 's/\.gmo$//'`; \
  if [ -f $cat ]; then :; \
  elif [ -f ../../src_gcc/libcpp/$cat ]; then cat=../../src_gcc/libcpp/$cat; \
  else continue; \
  fi; \
  dir=/share/locale/$lang/LC_MESSAGES; \
  echo /usr/bin/install -c -m 644 $cat /build/x86_64-linux-musl-cross/src/musl-cross-make/out$dir/cpplib.mo; \
  /usr/bin/install -c -m 644 $cat /build/x86_64-linux-musl-cross/src/musl-cross-make/out$dir/cpplib.mo; \
done
../src_musl/tools/install.sh -D -m 644 lib/libdl.a /build/x86_64-linux-musl-cross/src/musl-cross-make/out/x86_64-linux-musl/lib/libdl.a
../src_musl/tools/install.sh -D -m 644 ../src_musl/include/aio.h /build/x86_64-linux-musl-cross/src/musl-cross-make/out/x86_64-linux-musl/include/aio.h
../src_musl/tools/install.sh -D -m 644 ../src_musl/include/alloca.h /build/x86_64-linux-musl-cross/src/musl-cross-make/out/x86_64-linux-musl/include/alloca.h
../src_musl/tools/install.sh -D -m 644 ../src_musl/include/ar.h /build/x86_64-linux-musl-cross/src/musl-cross-make/out/x86_64-linux-musl/include/ar.h
../src_musl/tools/install.sh -D -m 644 ../src_musl/include/arpa/ftp.h /build/x86_64-linux-musl-cross/src/musl-cross-make/out/x86_64-linux-musl/include/arpa/ftp.h
/usr/bin/install -c -m 644 ../../src_gcc/libcpp/po/be.gmo /build/x86_64-linux-musl-cross/src/musl-cross-make/out/share/locale/be/LC_MESSAGES/cpplib.mo
../src_musl/tools/install.sh -D -m 644 ../src_musl/include/arpa/inet.h /build/x86_64-linux-musl-cross/src/musl-cross-make/out/x86_64-linux-musl/include/arpa/inet.h
../src_musl/tools/install.sh -D -m 644 ../src_musl/include/arpa/nameser.h /build/x86_64-linux-musl-cross/src/musl-cross-make/out/x86_64-linux-musl/include/arpa/nameser.h
../src_musl/tools/install.sh -D -m 644 ../src_musl/include/arpa/nameser_compat.h /build/x86_64-linux-musl-cross/src/musl-cross-make/out/x86_64-linux-musl/include/arpa/nameser_compat.h
../src_musl/tools/install.sh -D -m 644 ../src_musl/include/arpa/telnet.h /build/x86_64-linux-musl-cross/src/musl-cross-make/out/x86_64-linux-musl/include/arpa/telnet.h
installing ../../../src_binutils/gprof/po/ka.gmo as /build/x86_64-linux-musl-cross/src/musl-cross-make/out/share/locale/ka/LC_MESSAGES/gprof.mo
installing ../../../src_binutils/bfd/po/fi.gmo as /build/x86_64-linux-musl-cross/src/musl-cross-make/out/share/locale/fi/LC_MESSAGES/bfd.mo
../src_musl/tools/install.sh -D -m 644 ../src_musl/include/arpa/tftp.h /build/x86_64-linux-musl-cross/src/musl-cross-make/out/x86_64-linux-musl/include/arpa/tftp.h
/usr/bin/install -c -m 644 ../../src_gcc/libcpp/po/ca.gmo /build/x86_64-linux-musl-cross/src/musl-cross-make/out/share/locale/ca/LC_MESSAGES/cpplib.mo
../src_musl/tools/install.sh -D -m 644 ../src_musl/include/assert.h /build/x86_64-linux-musl-cross/src/musl-cross-make/out/x86_64-linux-musl/include/assert.h
../src_musl/tools/install.sh -D -m 644 obj/include/bits/alltypes.h /build/x86_64-linux-musl-cross/src/musl-cross-make/out/x86_64-linux-musl/include/bits/alltypes.h
../src_musl/tools/install.sh -D -m 644 ../src_musl/arch/generic/bits/dirent.h /build/x86_64-linux-musl-cross/src/musl-cross-make/out/x86_64-linux-musl/include/bits/dirent.h
../src_musl/tools/install.sh -D -m 644 ../src_musl/arch/generic/bits/errno.h /build/x86_64-linux-musl-cross/src/musl-cross-make/out/x86_64-linux-musl/include/bits/errno.h
/usr/bin/install -c -m 644 ../../src_gcc/libcpp/po/da.gmo /build/x86_64-linux-musl-cross/src/musl-cross-make/out/share/locale/da/LC_MESSAGES/cpplib.mo
../src_musl/tools/install.sh -D -m 644 ../src_musl/arch/generic/bits/fcntl.h /build/x86_64-linux-musl-cross/src/musl-cross-make/out/x86_64-linux-musl/include/bits/fcntl.h
../src_musl/tools/install.sh -D -m 644 ../src_musl/arch/x86_64/bits/fenv.h /build/x86_64-linux-musl-cross/src/musl-cross-make/out/x86_64-linux-musl/include/bits/fenv.h
../src_musl/tools/install.sh -D -m 644 ../src_musl/arch/x86_64/bits/float.h /build/x86_64-linux-musl-cross/src/musl-cross-make/out/x86_64-linux-musl/include/bits/float.h
../src_musl/tools/install.sh -D -m 644 ../src_musl/arch/generic/bits/hwcap.h /build/x86_64-linux-musl-cross/src/musl-cross-make/out/x86_64-linux-musl/include/bits/hwcap.h
/usr/bin/install -c -m 644 ../../src_gcc/libcpp/po/de.gmo /build/x86_64-linux-musl-cross/src/musl-cross-make/out/share/locale/de/LC_MESSAGES/cpplib.mo
../src_musl/tools/install.sh -D -m 644 ../src_musl/arch/x86_64/bits/io.h /build/x86_64-linux-musl-cross/src/musl-cross-make/out/x86_64-linux-musl/include/bits/io.h
installing ../../../src_binutils/gprof/po/ms.gmo as /build/x86_64-linux-musl-cross/src/musl-cross-make/out/share/locale/ms/LC_MESSAGES/gprof.mo
../src_musl/tools/install.sh -D -m 644 ../src_musl/arch/generic/bits/ioctl.h /build/x86_64-linux-musl-cross/src/musl-cross-make/out/x86_64-linux-musl/include/bits/ioctl.h
installing ../../../src_binutils/bfd/po/fr.gmo as /build/x86_64-linux-musl-cross/src/musl-cross-make/out/share/locale/fr/LC_MESSAGES/bfd.mo
../src_musl/tools/install.sh -D -m 644 ../src_musl/arch/generic/bits/ioctl_fix.h /build/x86_64-linux-musl-cross/src/musl-cross-make/out/x86_64-linux-musl/include/bits/ioctl_fix.h
../src_musl/tools/install.sh -D -m 644 ../src_musl/arch/generic/bits/ipc.h /build/x86_64-linux-musl-cross/src/musl-cross-make/out/x86_64-linux-musl/include/bits/ipc.h
/usr/bin/install -c -m 644 ../../src_gcc/libcpp/po/el.gmo /build/x86_64-linux-musl-cross/src/musl-cross-make/out/share/locale/el/LC_MESSAGES/cpplib.mo
../src_musl/tools/install.sh -D -m 644 ../src_musl/arch/generic/bits/ipcstat.h /build/x86_64-linux-musl-cross/src/musl-cross-make/out/x86_64-linux-musl/include/bits/ipcstat.h
../src_musl/tools/install.sh -D -m 644 ../src_musl/arch/generic/bits/kd.h /build/x86_64-linux-musl-cross/src/musl-cross-make/out/x86_64-linux-musl/include/bits/kd.h
../src_musl/tools/install.sh -D -m 644 ../src_musl/arch/x86_64/bits/limits.h /build/x86_64-linux-musl-cross/src/musl-cross-make/out/x86_64-linux-musl/include/bits/limits.h
../src_musl/tools/install.sh -D -m 644 ../src_musl/arch/generic/bits/link.h /build/x86_64-linux-musl-cross/src/musl-cross-make/out/x86_64-linux-musl/include/bits/link.h
../src_musl/tools/install.sh -D -m 644 ../src_musl/arch/x86_64/bits/mman.h /build/x86_64-linux-musl-cross/src/musl-cross-make/out/x86_64-linux-musl/include/bits/mman.h
/usr/bin/install -c -m 644 ../../src_gcc/libcpp/po/eo.gmo /build/x86_64-linux-musl-cross/src/musl-cross-make/out/share/locale/eo/LC_MESSAGES/cpplib.mo
../src_musl/tools/install.sh -D -m 644 ../src_musl/arch/generic/bits/msg.h /build/x86_64-linux-musl-cross/src/musl-cross-make/out/x86_64-linux-musl/include/bits/msg.h
../src_musl/tools/install.sh -D -m 644 ../src_musl/arch/generic/bits/poll.h /build/x86_64-linux-musl-cross/src/musl-cross-make/out/x86_64-linux-musl/include/bits/poll.h
../src_musl/tools/install.sh -D -m 644 ../src_musl/arch/x86_64/bits/posix.h /build/x86_64-linux-musl-cross/src/musl-cross-make/out/x86_64-linux-musl/include/bits/posix.h
installing ../../../src_binutils/gprof/po/nl.gmo as /build/x86_64-linux-musl-cross/src/musl-cross-make/out/share/locale/nl/LC_MESSAGES/gprof.mo
/usr/bin/install -c -m 644 ../../src_gcc/libcpp/po/es.gmo /build/x86_64-linux-musl-cross/src/musl-cross-make/out/share/locale/es/LC_MESSAGES/cpplib.mo
../src_musl/tools/install.sh -D -m 644 ../src_musl/arch/x86_64/bits/ptrace.h /build/x86_64-linux-musl-cross/src/musl-cross-make/out/x86_64-linux-musl/include/bits/ptrace.h
installing ../../../src_binutils/bfd/po/hr.gmo as /build/x86_64-linux-musl-cross/src/musl-cross-make/out/share/locale/hr/LC_MESSAGES/bfd.mo
../src_musl/tools/install.sh -D -m 644 ../src_musl/arch/x86_64/bits/reg.h /build/x86_64-linux-musl-cross/src/musl-cross-make/out/x86_64-linux-musl/include/bits/reg.h
../src_musl/tools/install.sh -D -m 644 ../src_musl/arch/generic/bits/resource.h /build/x86_64-linux-musl-cross/src/musl-cross-make/out/x86_64-linux-musl/include/bits/resource.h
../src_musl/tools/install.sh -D -m 644 ../src_musl/arch/x86_64/bits/sem.h /build/x86_64-linux-musl-cross/src/musl-cross-make/out/x86_64-linux-musl/include/bits/sem.h
../src_musl/tools/install.sh -D -m 644 ../src_musl/arch/x86_64/bits/setjmp.h /build/x86_64-linux-musl-cross/src/musl-cross-make/out/x86_64-linux-musl/include/bits/setjmp.h
/usr/bin/install -c -m 644 ../../src_gcc/libcpp/po/fi.gmo /build/x86_64-linux-musl-cross/src/musl-cross-make/out/share/locale/fi/LC_MESSAGES/cpplib.mo
../src_musl/tools/install.sh -D -m 644 ../src_musl/arch/generic/bits/shm.h /build/x86_64-linux-musl-cross/src/musl-cross-make/out/x86_64-linux-musl/include/bits/shm.h
../src_musl/tools/install.sh -D -m 644 ../src_musl/arch/x86_64/bits/signal.h /build/x86_64-linux-musl-cross/src/musl-cross-make/out/x86_64-linux-musl/include/bits/signal.h
../src_musl/tools/install.sh -D -m 644 ../src_musl/arch/generic/bits/socket.h /build/x86_64-linux-musl-cross/src/musl-cross-make/out/x86_64-linux-musl/include/bits/socket.h
/usr/bin/install -c -m 644 ../../src_gcc/libcpp/po/fr.gmo /build/x86_64-linux-musl-cross/src/musl-cross-make/out/share/locale/fr/LC_MESSAGES/cpplib.mo
../src_musl/tools/install.sh -D -m 644 ../src_musl/arch/generic/bits/soundcard.h /build/x86_64-linux-musl-cross/src/musl-cross-make/out/x86_64-linux-musl/include/bits/soundcard.h
../src_musl/tools/install.sh -D -m 644 ../src_musl/arch/x86_64/bits/stat.h /build/x86_64-linux-musl-cross/src/musl-cross-make/out/x86_64-linux-musl/include/bits/stat.h
make[6]: Entering directory '/build/x86_64-linux-musl-cross/src/musl-cross-make/build/local/x86_64-linux-musl/obj_binutils/gas'
installing ../../../src_binutils/gprof/po/pt_BR.gmo as /build/x86_64-linux-musl-cross/src/musl-cross-make/out/share/locale/pt_BR/LC_MESSAGES/gprof.mo
../src_musl/tools/install.sh -D -m 644 ../src_musl/arch/generic/bits/statfs.h /build/x86_64-linux-musl-cross/src/musl-cross-make/out/x86_64-linux-musl/include/bits/statfs.h
make[4]: Entering directory '/build/x86_64-linux-musl-cross/src/musl-cross-make/build/local/x86_64-linux-musl/obj_gcc/x86_64-linux-musl/libstdc++-v3'
installing ../../../src_binutils/bfd/po/id.gmo as /build/x86_64-linux-musl-cross/src/musl-cross-make/out/share/locale/id/LC_MESSAGES/bfd.mo
../src_musl/tools/install.sh -D -m 644 ../src_musl/arch/x86_64/bits/stdint.h /build/x86_64-linux-musl-cross/src/musl-cross-make/out/x86_64-linux-musl/include/bits/stdint.h
/usr/bin/install -c -m 644 ../../src_gcc/libcpp/po/id.gmo /build/x86_64-linux-musl-cross/src/musl-cross-make/out/share/locale/id/LC_MESSAGES/cpplib.mo
../src_musl/tools/install.sh -D -m 644 obj/include/bits/syscall.h /build/x86_64-linux-musl-cross/src/musl-cross-make/out/x86_64-linux-musl/include/bits/syscall.h
../src_musl/tools/install.sh -D -m 644 ../src_musl/arch/generic/bits/termios.h /build/x86_64-linux-musl-cross/src/musl-cross-make/out/x86_64-linux-musl/include/bits/termios.h
../src_musl/tools/install.sh -D -m 644 ../src_musl/arch/x86_64/bits/user.h /build/x86_64-linux-musl-cross/src/musl-cross-make/out/x86_64-linux-musl/include/bits/user.h
../src_musl/tools/install.sh -D -m 644 ../src_musl/arch/generic/bits/vt.h /build/x86_64-linux-musl-cross/src/musl-cross-make/out/x86_64-linux-musl/include/bits/vt.h
/usr/bin/install -c -m 644 ../../src_gcc/libcpp/po/ja.gmo /build/x86_64-linux-musl-cross/src/musl-cross-make/out/share/locale/ja/LC_MESSAGES/cpplib.mo
../src_musl/tools/install.sh -D -m 644 ../src_musl/include/byteswap.h /build/x86_64-linux-musl-cross/src/musl-cross-make/out/x86_64-linux-musl/include/byteswap.h
../src_musl/tools/install.sh -D -m 644 ../src_musl/include/complex.h /build/x86_64-linux-musl-cross/src/musl-cross-make/out/x86_64-linux-musl/include/complex.h
../src_musl/tools/install.sh -D -m 644 ../src_musl/include/cpio.h /build/x86_64-linux-musl-cross/src/musl-cross-make/out/x86_64-linux-musl/include/cpio.h
../src_musl/tools/install.sh -D -m 644 ../src_musl/include/crypt.h /build/x86_64-linux-musl-cross/src/musl-cross-make/out/x86_64-linux-musl/include/crypt.h
../src_musl/tools/install.sh -D -m 644 ../src_musl/include/ctype.h /build/x86_64-linux-musl-cross/src/musl-cross-make/out/x86_64-linux-musl/include/ctype.h
installing ../../../src_binutils/gprof/po/ro.gmo as /build/x86_64-linux-musl-cross/src/musl-cross-make/out/share/locale/ro/LC_MESSAGES/gprof.mo
/usr/bin/install -c -m 644 ../../src_gcc/libcpp/po/ka.gmo /build/x86_64-linux-musl-cross/src/musl-cross-make/out/share/locale/ka/LC_MESSAGES/cpplib.mo
../src_musl/tools/install.sh -D -m 644 ../src_musl/include/dirent.h /build/x86_64-linux-musl-cross/src/musl-cross-make/out/x86_64-linux-musl/include/dirent.h
Making install in include
installing ../../../src_binutils/bfd/po/ja.gmo as /build/x86_64-linux-musl-cross/src/musl-cross-make/out/share/locale/ja/LC_MESSAGES/bfd.mo
../src_musl/tools/install.sh -D -m 644 ../src_musl/include/dlfcn.h /build/x86_64-linux-musl-cross/src/musl-cross-make/out/x86_64-linux-musl/include/dlfcn.h
../src_musl/tools/install.sh -D -m 644 ../src_musl/include/elf.h /build/x86_64-linux-musl-cross/src/musl-cross-make/out/x86_64-linux-musl/include/elf.h
../src_musl/tools/install.sh -D -m 644 ../src_musl/include/endian.h /build/x86_64-linux-musl-cross/src/musl-cross-make/out/x86_64-linux-musl/include/endian.h
/usr/bin/install -c -m 644 ../../src_gcc/libcpp/po/nl.gmo /build/x86_64-linux-musl-cross/src/musl-cross-make/out/share/locale/nl/LC_MESSAGES/cpplib.mo
make[4]: Entering directory '/build/x86_64-linux-musl-cross/src/musl-cross-make/build/local/x86_64-linux-musl/obj_gcc/x86_64-linux-musl/libitm'
../src_musl/tools/install.sh -D -m 644 ../src_musl/include/err.h /build/x86_64-linux-musl-cross/src/musl-cross-make/out/x86_64-linux-musl/include/err.h
../src_musl/tools/install.sh -D -m 644 ../src_musl/include/errno.h /build/x86_64-linux-musl-cross/src/musl-cross-make/out/x86_64-linux-musl/include/errno.h
../src_musl/tools/install.sh -D -m 644 ../src_musl/include/fcntl.h /build/x86_64-linux-musl-cross/src/musl-cross-make/out/x86_64-linux-musl/include/fcntl.h
/usr/bin/install -c -m 644 ../../src_gcc/libcpp/po/pt_BR.gmo /build/x86_64-linux-musl-cross/src/musl-cross-make/out/share/locale/pt_BR/LC_MESSAGES/cpplib.mo
../src_musl/tools/install.sh -D -m 644 ../src_musl/include/features.h /build/x86_64-linux-musl-cross/src/musl-cross-make/out/x86_64-linux-musl/include/features.h
make[5]: Entering directory '/build/x86_64-linux-musl-cross/src/musl-cross-make/build/local/x86_64-linux-musl/obj_gcc/x86_64-linux-musl/libstdc++-v3/include'
../src_musl/tools/install.sh -D -m 644 ../src_musl/include/fenv.h /build/x86_64-linux-musl-cross/src/musl-cross-make/out/x86_64-linux-musl/include/fenv.h
installing ../../../src_binutils/gprof/po/ru.gmo as /build/x86_64-linux-musl-cross/src/musl-cross-make/out/share/locale/ru/LC_MESSAGES/gprof.mo
../src_musl/tools/install.sh -D -m 644 ../src_musl/include/float.h /build/x86_64-linux-musl-cross/src/musl-cross-make/out/x86_64-linux-musl/include/float.h
installing ../../../src_binutils/bfd/po/ka.gmo as /build/x86_64-linux-musl-cross/src/musl-cross-make/out/share/locale/ka/LC_MESSAGES/bfd.mo
../src_musl/tools/install.sh -D -m 644 ../src_musl/include/fmtmsg.h /build/x86_64-linux-musl-cross/src/musl-cross-make/out/x86_64-linux-musl/include/fmtmsg.h
/usr/bin/install -c -m 644 ../../src_gcc/libcpp/po/ro.gmo /build/x86_64-linux-musl-cross/src/musl-cross-make/out/share/locale/ro/LC_MESSAGES/cpplib.mo
../src_musl/tools/install.sh -D -m 644 ../src_musl/include/fnmatch.h /build/x86_64-linux-musl-cross/src/musl-cross-make/out/x86_64-linux-musl/include/fnmatch.h
../src_musl/tools/install.sh -D -m 644 ../src_musl/include/ftw.h /build/x86_64-linux-musl-cross/src/musl-cross-make/out/x86_64-linux-musl/include/ftw.h
../src_musl/tools/install.sh -D -m 644 ../src_musl/include/getopt.h /build/x86_64-linux-musl-cross/src/musl-cross-make/out/x86_64-linux-musl/include/getopt.h
../src_musl/tools/install.sh -D -m 644 ../src_musl/include/glob.h /build/x86_64-linux-musl-cross/src/musl-cross-make/out/x86_64-linux-musl/include/glob.h
../src_musl/tools/install.sh -D -m 644 ../src_musl/include/grp.h /build/x86_64-linux-musl-cross/src/musl-cross-make/out/x86_64-linux-musl/include/grp.h
/usr/bin/install -c -m 644 ../../src_gcc/libcpp/po/ru.gmo /build/x86_64-linux-musl-cross/src/musl-cross-make/out/share/locale/ru/LC_MESSAGES/cpplib.mo
../src_musl/tools/install.sh -D -m 644 ../src_musl/include/iconv.h /build/x86_64-linux-musl-cross/src/musl-cross-make/out/x86_64-linux-musl/include/iconv.h
../src_musl/tools/install.sh -D -m 644 ../src_musl/include/ifaddrs.h /build/x86_64-linux-musl-cross/src/musl-cross-make/out/x86_64-linux-musl/include/ifaddrs.h
../src_musl/tools/install.sh -D -m 644 ../src_musl/include/inttypes.h /build/x86_64-linux-musl-cross/src/musl-cross-make/out/x86_64-linux-musl/include/inttypes.h
../src_musl/tools/install.sh -D -m 644 ../src_musl/include/iso646.h /build/x86_64-linux-musl-cross/src/musl-cross-make/out/x86_64-linux-musl/include/iso646.h
/usr/bin/install -c -m 644 ../../src_gcc/libcpp/po/sr.gmo /build/x86_64-linux-musl-cross/src/musl-cross-make/out/share/locale/sr/LC_MESSAGES/cpplib.mo
installing ../../../src_binutils/gprof/po/rw.gmo as /build/x86_64-linux-musl-cross/src/musl-cross-make/out/share/locale/rw/LC_MESSAGES/gprof.mo
../src_musl/tools/install.sh -D -m 644 ../src_musl/include/langinfo.h /build/x86_64-linux-musl-cross/src/musl-cross-make/out/x86_64-linux-musl/include/langinfo.h
../src_musl/tools/install.sh -D -m 644 ../src_musl/include/lastlog.h /build/x86_64-linux-musl-cross/src/musl-cross-make/out/x86_64-linux-musl/include/lastlog.h
installing ../../../src_binutils/bfd/po/ms.gmo as /build/x86_64-linux-musl-cross/src/musl-cross-make/out/share/locale/ms/LC_MESSAGES/bfd.mo
../src_musl/tools/install.sh -D -m 644 ../src_musl/include/libgen.h /build/x86_64-linux-musl-cross/src/musl-cross-make/out/x86_64-linux-musl/include/libgen.h
../src_musl/tools/install.sh -D -m 644 ../src_musl/include/libintl.h /build/x86_64-linux-musl-cross/src/musl-cross-make/out/x86_64-linux-musl/include/libintl.h
/usr/bin/install -c -m 644 ../../src_gcc/libcpp/po/sv.gmo /build/x86_64-linux-musl-cross/src/musl-cross-make/out/share/locale/sv/LC_MESSAGES/cpplib.mo
../src_musl/tools/install.sh -D -m 644 ../src_musl/include/limits.h /build/x86_64-linux-musl-cross/src/musl-cross-make/out/x86_64-linux-musl/include/limits.h
Making install in testsuite
../src_musl/tools/install.sh -D -m 644 ../src_musl/include/link.h /build/x86_64-linux-musl-cross/src/musl-cross-make/out/x86_64-linux-musl/include/link.h
../src_musl/tools/install.sh -D -m 644 ../src_musl/include/locale.h /build/x86_64-linux-musl-cross/src/musl-cross-make/out/x86_64-linux-musl/include/locale.h
/usr/bin/install -c -m 644 ../../src_gcc/libcpp/po/tr.gmo /build/x86_64-linux-musl-cross/src/musl-cross-make/out/share/locale/tr/LC_MESSAGES/cpplib.mo
../src_musl/tools/install.sh -D -m 644 ../src_musl/include/malloc.h /build/x86_64-linux-musl-cross/src/musl-cross-make/out/x86_64-linux-musl/include/malloc.h
../src_musl/tools/install.sh -D -m 644 ../src_musl/include/math.h /build/x86_64-linux-musl-cross/src/musl-cross-make/out/x86_64-linux-musl/include/math.h
../src_musl/tools/install.sh -D -m 644 ../src_musl/include/memory.h /build/x86_64-linux-musl-cross/src/musl-cross-make/out/x86_64-linux-musl/include/memory.h
../src_musl/tools/install.sh -D -m 644 ../src_musl/include/mntent.h /build/x86_64-linux-musl-cross/src/musl-cross-make/out/x86_64-linux-musl/include/mntent.h
installing ../../../src_binutils/gprof/po/sr.gmo as /build/x86_64-linux-musl-cross/src/musl-cross-make/out/share/locale/sr/LC_MESSAGES/gprof.mo
../src_musl/tools/install.sh -D -m 644 ../src_musl/include/monetary.h /build/x86_64-linux-musl-cross/src/musl-cross-make/out/x86_64-linux-musl/include/monetary.h
/usr/bin/install -c -m 644 ../../src_gcc/libcpp/po/uk.gmo /build/x86_64-linux-musl-cross/src/musl-cross-make/out/share/locale/uk/LC_MESSAGES/cpplib.mo
../src_musl/tools/install.sh -D -m 644 ../src_musl/include/mqueue.h /build/x86_64-linux-musl-cross/src/musl-cross-make/out/x86_64-linux-musl/include/mqueue.h
make[5]: Entering directory '/build/x86_64-linux-musl-cross/src/musl-cross-make/build/local/x86_64-linux-musl/obj_gcc/x86_64-linux-musl/libitm/testsuite'
installing ../../../src_binutils/bfd/po/pt.gmo as /build/x86_64-linux-musl-cross/src/musl-cross-make/out/share/locale/pt/LC_MESSAGES/bfd.mo
../src_musl/tools/install.sh -D -m 644 ../src_musl/include/net/ethernet.h /build/x86_64-linux-musl-cross/src/musl-cross-make/out/x86_64-linux-musl/include/net/ethernet.h
../src_musl/tools/install.sh -D -m 644 ../src_musl/include/net/if.h /build/x86_64-linux-musl-cross/src/musl-cross-make/out/x86_64-linux-musl/include/net/if.h
../src_musl/tools/install.sh -D -m 644 ../src_musl/include/net/if_arp.h /build/x86_64-linux-musl-cross/src/musl-cross-make/out/x86_64-linux-musl/include/net/if_arp.h
../src_musl/tools/install.sh -D -m 644 ../src_musl/include/net/route.h /build/x86_64-linux-musl-cross/src/musl-cross-make/out/x86_64-linux-musl/include/net/route.h
/usr/bin/install -c -m 644 ../../src_gcc/libcpp/po/vi.gmo /build/x86_64-linux-musl-cross/src/musl-cross-make/out/share/locale/vi/LC_MESSAGES/cpplib.mo
../src_musl/tools/install.sh -D -m 644 ../src_musl/include/netdb.h /build/x86_64-linux-musl-cross/src/musl-cross-make/out/x86_64-linux-musl/include/netdb.h
../src_musl/tools/install.sh -D -m 644 ../src_musl/include/netinet/ether.h /build/x86_64-linux-musl-cross/src/musl-cross-make/out/x86_64-linux-musl/include/netinet/ether.h
../src_musl/tools/install.sh -D -m 644 ../src_musl/include/netinet/icmp6.h /build/x86_64-linux-musl-cross/src/musl-cross-make/out/x86_64-linux-musl/include/netinet/icmp6.h
make[6]: Entering directory '/build/x86_64-linux-musl-cross/src/musl-cross-make/build/local/x86_64-linux-musl/obj_gcc/x86_64-linux-musl/libitm/testsuite'
/usr/bin/install -c -m 644 ../../src_gcc/libcpp/po/zh_CN.gmo /build/x86_64-linux-musl-cross/src/musl-cross-make/out/share/locale/zh_CN/LC_MESSAGES/cpplib.mo
../src_musl/tools/install.sh -D -m 644 ../src_musl/include/netinet/if_ether.h /build/x86_64-linux-musl-cross/src/musl-cross-make/out/x86_64-linux-musl/include/netinet/if_ether.h
installing ../../../src_binutils/gprof/po/sv.gmo as /build/x86_64-linux-musl-cross/src/musl-cross-make/out/share/locale/sv/LC_MESSAGES/gprof.mo
../src_musl/tools/install.sh -D -m 644 ../src_musl/include/netinet/igmp.h /build/x86_64-linux-musl-cross/src/musl-cross-make/out/x86_64-linux-musl/include/netinet/igmp.h
../src_musl/tools/install.sh -D -m 644 ../src_musl/include/netinet/in.h /build/x86_64-linux-musl-cross/src/musl-cross-make/out/x86_64-linux-musl/include/netinet/in.h
make[6]: Nothing to be done for 'install-exec-am'.
make[6]: Nothing to be done for 'install-data-am'.
make[6]: Leaving directory '/build/x86_64-linux-musl-cross/src/musl-cross-make/build/local/x86_64-linux-musl/obj_gcc/x86_64-linux-musl/libitm/testsuite'
make[5]: Leaving directory '/build/x86_64-linux-musl-cross/src/musl-cross-make/build/local/x86_64-linux-musl/obj_gcc/x86_64-linux-musl/libitm/testsuite'
../src_musl/tools/install.sh -D -m 644 ../src_musl/include/netinet/in_systm.h /build/x86_64-linux-musl-cross/src/musl-cross-make/out/x86_64-linux-musl/include/netinet/in_systm.h
../src_musl/tools/install.sh -D -m 644 ../src_musl/include/netinet/ip.h /build/x86_64-linux-musl-cross/src/musl-cross-make/out/x86_64-linux-musl/include/netinet/ip.h
/usr/bin/install -c -m 644 ../../src_gcc/libcpp/po/zh_TW.gmo /build/x86_64-linux-musl-cross/src/musl-cross-make/out/share/locale/zh_TW/LC_MESSAGES/cpplib.mo
installing ../../../src_binutils/bfd/po/ro.gmo as /build/x86_64-linux-musl-cross/src/musl-cross-make/out/share/locale/ro/LC_MESSAGES/bfd.mo
../src_musl/tools/install.sh -D -m 644 ../src_musl/include/netinet/ip6.h /build/x86_64-linux-musl-cross/src/musl-cross-make/out/x86_64-linux-musl/include/netinet/ip6.h
../src_musl/tools/install.sh -D -m 644 ../src_musl/include/netinet/ip_icmp.h /build/x86_64-linux-musl-cross/src/musl-cross-make/out/x86_64-linux-musl/include/netinet/ip_icmp.h
make[5]: Entering directory '/build/x86_64-linux-musl-cross/src/musl-cross-make/build/local/x86_64-linux-musl/obj_gcc/x86_64-linux-musl/libitm'
../src_musl/tools/install.sh -D -m 644 ../src_musl/include/netinet/tcp.h /build/x86_64-linux-musl-cross/src/musl-cross-make/out/x86_64-linux-musl/include/netinet/tcp.h
/usr/bin/install -c -m 644 ../../src_gcc/libcpp/po/be.gmo /build/x86_64-linux-musl-cross/src/musl-cross-make/out/share/locale/be/LC_MESSAGES/cpplib.mo
../src_musl/tools/install.sh -D -m 644 ../src_musl/include/netinet/udp.h /build/x86_64-linux-musl-cross/src/musl-cross-make/out/x86_64-linux-musl/include/netinet/udp.h
../src_musl/tools/install.sh -D -m 644 ../src_musl/include/netpacket/packet.h /build/x86_64-linux-musl-cross/src/musl-cross-make/out/x86_64-linux-musl/include/netpacket/packet.h
../src_musl/tools/install.sh -D -m 644 ../src_musl/include/nl_types.h /build/x86_64-linux-musl-cross/src/musl-cross-make/out/x86_64-linux-musl/include/nl_types.h
installing ../../../src_binutils/gprof/po/tr.gmo as /build/x86_64-linux-musl-cross/src/musl-cross-make/out/share/locale/tr/LC_MESSAGES/gprof.mo
../src_musl/tools/install.sh -D -m 644 ../src_musl/include/paths.h /build/x86_64-linux-musl-cross/src/musl-cross-make/out/x86_64-linux-musl/include/paths.h
/usr/bin/install -c -m 644 ../../src_gcc/libcpp/po/ca.gmo /build/x86_64-linux-musl-cross/src/musl-cross-make/out/share/locale/ca/LC_MESSAGES/cpplib.mo
../src_musl/tools/install.sh -D -m 644 ../src_musl/include/poll.h /build/x86_64-linux-musl-cross/src/musl-cross-make/out/x86_64-linux-musl/include/poll.h
../src_musl/tools/install.sh -D -m 644 ../src_musl/include/pthread.h /build/x86_64-linux-musl-cross/src/musl-cross-make/out/x86_64-linux-musl/include/pthread.h
../src_musl/tools/install.sh -D -m 644 ../src_musl/include/pty.h /build/x86_64-linux-musl-cross/src/musl-cross-make/out/x86_64-linux-musl/include/pty.h
installing ../../../src_binutils/bfd/po/ru.gmo as /build/x86_64-linux-musl-cross/src/musl-cross-make/out/share/locale/ru/LC_MESSAGES/bfd.mo
../src_musl/tools/install.sh -D -m 644 ../src_musl/include/pwd.h /build/x86_64-linux-musl-cross/src/musl-cross-make/out/x86_64-linux-musl/include/pwd.h
../src_musl/tools/install.sh -D -m 644 ../src_musl/include/regex.h /build/x86_64-linux-musl-cross/src/musl-cross-make/out/x86_64-linux-musl/include/regex.h
/usr/bin/install -c -m 644 ../../src_gcc/libcpp/po/da.gmo /build/x86_64-linux-musl-cross/src/musl-cross-make/out/share/locale/da/LC_MESSAGES/cpplib.mo
../src_musl/tools/install.sh -D -m 644 ../src_musl/include/resolv.h /build/x86_64-linux-musl-cross/src/musl-cross-make/out/x86_64-linux-musl/include/resolv.h
../src_musl/tools/install.sh -D -m 644 ../src_musl/include/sched.h /build/x86_64-linux-musl-cross/src/musl-cross-make/out/x86_64-linux-musl/include/sched.h
../src_musl/tools/install.sh -D -m 644 ../src_musl/include/scsi/scsi.h /build/x86_64-linux-musl-cross/src/musl-cross-make/out/x86_64-linux-musl/include/scsi/scsi.h
../src_musl/tools/install.sh -D -m 644 ../src_musl/include/scsi/scsi_ioctl.h /build/x86_64-linux-musl-cross/src/musl-cross-make/out/x86_64-linux-musl/include/scsi/scsi_ioctl.h
/usr/bin/install -c -m 644 ../../src_gcc/libcpp/po/de.gmo /build/x86_64-linux-musl-cross/src/musl-cross-make/out/share/locale/de/LC_MESSAGES/cpplib.mo
../src_musl/tools/install.sh -D -m 644 ../src_musl/include/scsi/sg.h /build/x86_64-linux-musl-cross/src/musl-cross-make/out/x86_64-linux-musl/include/scsi/sg.h
installing ../../../src_binutils/gprof/po/uk.gmo as /build/x86_64-linux-musl-cross/src/musl-cross-make/out/share/locale/uk/LC_MESSAGES/gprof.mo
../src_musl/tools/install.sh -D -m 644 ../src_musl/include/search.h /build/x86_64-linux-musl-cross/src/musl-cross-make/out/x86_64-linux-musl/include/search.h
../src_musl/tools/install.sh -D -m 644 ../src_musl/include/semaphore.h /build/x86_64-linux-musl-cross/src/musl-cross-make/out/x86_64-linux-musl/include/semaphore.h
../src_musl/tools/install.sh -D -m 644 ../src_musl/include/setjmp.h /build/x86_64-linux-musl-cross/src/musl-cross-make/out/x86_64-linux-musl/include/setjmp.h
/usr/bin/install -c -m 644 ../../src_gcc/libcpp/po/el.gmo /build/x86_64-linux-musl-cross/src/musl-cross-make/out/share/locale/el/LC_MESSAGES/cpplib.mo
../src_musl/tools/install.sh -D -m 644 ../src_musl/include/shadow.h /build/x86_64-linux-musl-cross/src/musl-cross-make/out/x86_64-linux-musl/include/shadow.h
installing ../../../src_binutils/bfd/po/rw.gmo as /build/x86_64-linux-musl-cross/src/musl-cross-make/out/share/locale/rw/LC_MESSAGES/bfd.mo
../src_musl/tools/install.sh -D -m 644 ../src_musl/include/signal.h /build/x86_64-linux-musl-cross/src/musl-cross-make/out/x86_64-linux-musl/include/signal.h
../src_musl/tools/install.sh -D -m 644 ../src_musl/include/spawn.h /build/x86_64-linux-musl-cross/src/musl-cross-make/out/x86_64-linux-musl/include/spawn.h
../src_musl/tools/install.sh -D -m 644 ../src_musl/include/stdalign.h /build/x86_64-linux-musl-cross/src/musl-cross-make/out/x86_64-linux-musl/include/stdalign.h
../src_musl/tools/install.sh -D -m 644 ../src_musl/include/stdarg.h /build/x86_64-linux-musl-cross/src/musl-cross-make/out/x86_64-linux-musl/include/stdarg.h
/usr/bin/install -c -m 644 ../../src_gcc/libcpp/po/eo.gmo /build/x86_64-linux-musl-cross/src/musl-cross-make/out/share/locale/eo/LC_MESSAGES/cpplib.mo
../src_musl/tools/install.sh -D -m 644 ../src_musl/include/stdbool.h /build/x86_64-linux-musl-cross/src/musl-cross-make/out/x86_64-linux-musl/include/stdbool.h
../src_musl/tools/install.sh -D -m 644 ../src_musl/include/stdc-predef.h /build/x86_64-linux-musl-cross/src/musl-cross-make/out/x86_64-linux-musl/include/stdc-predef.h
../src_musl/tools/install.sh -D -m 644 ../src_musl/include/stddef.h /build/x86_64-linux-musl-cross/src/musl-cross-make/out/x86_64-linux-musl/include/stddef.h
installing ../../../src_binutils/gprof/po/vi.gmo as /build/x86_64-linux-musl-cross/src/musl-cross-make/out/share/locale/vi/LC_MESSAGES/gprof.mo
if test "gprof" = "gettext"; then \
  if test -r ../../../src_binutils/gprof/../mkinstalldirs; then \
    ../../../src_binutils/gprof/../mkinstalldirs /build/x86_64-linux-musl-cross/src/musl-cross-make/out/share/gettext/po; \
  else \
    ../../../src_binutils/gprof/mkinstalldirs /build/x86_64-linux-musl-cross/src/musl-cross-make/out/share/gettext/po; \
  fi; \
  /usr/bin/install -c -m 644 ../../../src_binutils/gprof/po/Makefile.in.in \
		  /build/x86_64-linux-musl-cross/src/musl-cross-make/out/share/gettext/po/Makefile.in.in; \
else \
  : ; \
fi
../src_musl/tools/install.sh -D -m 644 ../src_musl/include/stdint.h /build/x86_64-linux-musl-cross/src/musl-cross-make/out/x86_64-linux-musl/include/stdint.h
/usr/bin/install -c -m 644 ../../src_gcc/libcpp/po/es.gmo /build/x86_64-linux-musl-cross/src/musl-cross-make/out/share/locale/es/LC_MESSAGES/cpplib.mo
../src_musl/tools/install.sh -D -m 644 ../src_musl/include/stdio.h /build/x86_64-linux-musl-cross/src/musl-cross-make/out/x86_64-linux-musl/include/stdio.h
../src_musl/tools/install.sh -D -m 644 ../src_musl/include/stdio_ext.h /build/x86_64-linux-musl-cross/src/musl-cross-make/out/x86_64-linux-musl/include/stdio_ext.h
../src_musl/tools/install.sh -D -m 644 ../src_musl/include/stdlib.h /build/x86_64-linux-musl-cross/src/musl-cross-make/out/x86_64-linux-musl/include/stdlib.h
installing ../../../src_binutils/bfd/po/sr.gmo as /build/x86_64-linux-musl-cross/src/musl-cross-make/out/share/locale/sr/LC_MESSAGES/bfd.mo
make[6]: Leaving directory '/build/x86_64-linux-musl-cross/src/musl-cross-make/build/local/x86_64-linux-musl/obj_binutils/gprof/po'
../src_musl/tools/install.sh -D -m 644 ../src_musl/include/stdnoreturn.h /build/x86_64-linux-musl-cross/src/musl-cross-make/out/x86_64-linux-musl/include/stdnoreturn.h
/usr/bin/install -c -m 644 ../../src_gcc/libcpp/po/fi.gmo /build/x86_64-linux-musl-cross/src/musl-cross-make/out/share/locale/fi/LC_MESSAGES/cpplib.mo
../src_musl/tools/install.sh -D -m 644 ../src_musl/include/string.h /build/x86_64-linux-musl-cross/src/musl-cross-make/out/x86_64-linux-musl/include/string.h
../src_musl/tools/install.sh -D -m 644 ../src_musl/include/strings.h /build/x86_64-linux-musl-cross/src/musl-cross-make/out/x86_64-linux-musl/include/strings.h
../src_musl/tools/install.sh -D -m 644 ../src_musl/include/stropts.h /build/x86_64-linux-musl-cross/src/musl-cross-make/out/x86_64-linux-musl/include/stropts.h
../src_musl/tools/install.sh -D -m 644 ../src_musl/include/sys/acct.h /build/x86_64-linux-musl-cross/src/musl-cross-make/out/x86_64-linux-musl/include/sys/acct.h
/usr/bin/install -c -m 644 ../../src_gcc/libcpp/po/fr.gmo /build/x86_64-linux-musl-cross/src/musl-cross-make/out/share/locale/fr/LC_MESSAGES/cpplib.mo
../src_musl/tools/install.sh -D -m 644 ../src_musl/include/sys/auxv.h /build/x86_64-linux-musl-cross/src/musl-cross-make/out/x86_64-linux-musl/include/sys/auxv.h
../src_musl/tools/install.sh -D -m 644 ../src_musl/include/sys/cachectl.h /build/x86_64-linux-musl-cross/src/musl-cross-make/out/x86_64-linux-musl/include/sys/cachectl.h
../src_musl/tools/install.sh -D -m 644 ../src_musl/include/sys/dir.h /build/x86_64-linux-musl-cross/src/musl-cross-make/out/x86_64-linux-musl/include/sys/dir.h
../src_musl/tools/install.sh -D -m 644 ../src_musl/include/sys/epoll.h /build/x86_64-linux-musl-cross/src/musl-cross-make/out/x86_64-linux-musl/include/sys/epoll.h
installing ../../../src_binutils/bfd/po/sv.gmo as /build/x86_64-linux-musl-cross/src/musl-cross-make/out/share/locale/sv/LC_MESSAGES/bfd.mo
/usr/bin/install -c -m 644 ../../src_gcc/libcpp/po/id.gmo /build/x86_64-linux-musl-cross/src/musl-cross-make/out/share/locale/id/LC_MESSAGES/cpplib.mo
../src_musl/tools/install.sh -D -m 644 ../src_musl/include/sys/errno.h /build/x86_64-linux-musl-cross/src/musl-cross-make/out/x86_64-linux-musl/include/sys/errno.h
../src_musl/tools/install.sh -D -m 644 ../src_musl/include/sys/eventfd.h /build/x86_64-linux-musl-cross/src/musl-cross-make/out/x86_64-linux-musl/include/sys/eventfd.h
../src_musl/tools/install.sh -D -m 644 ../src_musl/include/sys/fanotify.h /build/x86_64-linux-musl-cross/src/musl-cross-make/out/x86_64-linux-musl/include/sys/fanotify.h
../src_musl/tools/install.sh -D -m 644 ../src_musl/include/sys/fcntl.h /build/x86_64-linux-musl-cross/src/musl-cross-make/out/x86_64-linux-musl/include/sys/fcntl.h
../src_musl/tools/install.sh -D -m 644 ../src_musl/include/sys/file.h /build/x86_64-linux-musl-cross/src/musl-cross-make/out/x86_64-linux-musl/include/sys/file.h
/usr/bin/install -c -m 644 ../../src_gcc/libcpp/po/ja.gmo /build/x86_64-linux-musl-cross/src/musl-cross-make/out/share/locale/ja/LC_MESSAGES/cpplib.mo
../src_musl/tools/install.sh -D -m 644 ../src_musl/include/sys/fsuid.h /build/x86_64-linux-musl-cross/src/musl-cross-make/out/x86_64-linux-musl/include/sys/fsuid.h
../src_musl/tools/install.sh -D -m 644 ../src_musl/include/sys/inotify.h /build/x86_64-linux-musl-cross/src/musl-cross-make/out/x86_64-linux-musl/include/sys/inotify.h
../src_musl/tools/install.sh -D -m 644 ../src_musl/include/sys/io.h /build/x86_64-linux-musl-cross/src/musl-cross-make/out/x86_64-linux-musl/include/sys/io.h
/usr/bin/install -c -m 644 ../../src_gcc/libcpp/po/ka.gmo /build/x86_64-linux-musl-cross/src/musl-cross-make/out/share/locale/ka/LC_MESSAGES/cpplib.mo
installing ../../../src_binutils/bfd/po/tr.gmo as /build/x86_64-linux-musl-cross/src/musl-cross-make/out/share/locale/tr/LC_MESSAGES/bfd.mo
../src_musl/tools/install.sh -D -m 644 ../src_musl/include/sys/ioctl.h /build/x86_64-linux-musl-cross/src/musl-cross-make/out/x86_64-linux-musl/include/sys/ioctl.h
../src_musl/tools/install.sh -D -m 644 ../src_musl/include/sys/ipc.h /build/x86_64-linux-musl-cross/src/musl-cross-make/out/x86_64-linux-musl/include/sys/ipc.h
/usr/bin/install -c -m 644 ../../src_gcc/libcpp/po/nl.gmo /build/x86_64-linux-musl-cross/src/musl-cross-make/out/share/locale/nl/LC_MESSAGES/cpplib.mo
../src_musl/tools/install.sh -D -m 644 ../src_musl/include/sys/kd.h /build/x86_64-linux-musl-cross/src/musl-cross-make/out/x86_64-linux-musl/include/sys/kd.h
../src_musl/tools/install.sh -D -m 644 ../src_musl/include/sys/klog.h /build/x86_64-linux-musl-cross/src/musl-cross-make/out/x86_64-linux-musl/include/sys/klog.h
../src_musl/tools/install.sh -D -m 644 ../src_musl/include/sys/membarrier.h /build/x86_64-linux-musl-cross/src/musl-cross-make/out/x86_64-linux-musl/include/sys/membarrier.h
../src_musl/tools/install.sh -D -m 644 ../src_musl/include/sys/mman.h /build/x86_64-linux-musl-cross/src/musl-cross-make/out/x86_64-linux-musl/include/sys/mman.h
../src_musl/tools/install.sh -D -m 644 ../src_musl/include/sys/mount.h /build/x86_64-linux-musl-cross/src/musl-cross-make/out/x86_64-linux-musl/include/sys/mount.h
../src_musl/tools/install.sh -D -m 644 ../src_musl/include/sys/msg.h /build/x86_64-linux-musl-cross/src/musl-cross-make/out/x86_64-linux-musl/include/sys/msg.h
/usr/bin/install -c -m 644 ../../src_gcc/libcpp/po/pt_BR.gmo /build/x86_64-linux-musl-cross/src/musl-cross-make/out/share/locale/pt_BR/LC_MESSAGES/cpplib.mo
../src_musl/tools/install.sh -D -m 644 ../src_musl/include/sys/mtio.h /build/x86_64-linux-musl-cross/src/musl-cross-make/out/x86_64-linux-musl/include/sys/mtio.h
../src_musl/tools/install.sh -D -m 644 ../src_musl/include/sys/param.h /build/x86_64-linux-musl-cross/src/musl-cross-make/out/x86_64-linux-musl/include/sys/param.h
../src_musl/tools/install.sh -D -m 644 ../src_musl/include/sys/personality.h /build/x86_64-linux-musl-cross/src/musl-cross-make/out/x86_64-linux-musl/include/sys/personality.h
../src_musl/tools/install.sh -D -m 644 ../src_musl/include/sys/poll.h /build/x86_64-linux-musl-cross/src/musl-cross-make/out/x86_64-linux-musl/include/sys/poll.h
installing ../../../src_binutils/bfd/po/uk.gmo as /build/x86_64-linux-musl-cross/src/musl-cross-make/out/share/locale/uk/LC_MESSAGES/bfd.mo
/usr/bin/install -c -m 644 ../../src_gcc/libcpp/po/ro.gmo /build/x86_64-linux-musl-cross/src/musl-cross-make/out/share/locale/ro/LC_MESSAGES/cpplib.mo
../src_musl/tools/install.sh -D -m 644 ../src_musl/include/sys/prctl.h /build/x86_64-linux-musl-cross/src/musl-cross-make/out/x86_64-linux-musl/include/sys/prctl.h
/bin/sh ../../src_binutils/gas/../mkinstalldirs /build/x86_64-linux-musl-cross/src/musl-cross-make/out/bin
  GEN      doc/asconfig.texi
../src_musl/tools/install.sh -D -m 644 ../src_musl/include/sys/procfs.h /build/x86_64-linux-musl-cross/src/musl-cross-make/out/x86_64-linux-musl/include/sys/procfs.h
/usr/bin/install -c -m 644 ../../src_gcc/libcpp/po/ru.gmo /build/x86_64-linux-musl-cross/src/musl-cross-make/out/share/locale/ru/LC_MESSAGES/cpplib.mo
../src_musl/tools/install.sh -D -m 644 ../src_musl/include/sys/ptrace.h /build/x86_64-linux-musl-cross/src/musl-cross-make/out/x86_64-linux-musl/include/sys/ptrace.h
../src_musl/tools/install.sh -D -m 644 ../src_musl/include/sys/quota.h /build/x86_64-linux-musl-cross/src/musl-cross-make/out/x86_64-linux-musl/include/sys/quota.h
../src_musl/tools/install.sh -D -m 644 ../src_musl/include/sys/random.h /build/x86_64-linux-musl-cross/src/musl-cross-make/out/x86_64-linux-musl/include/sys/random.h
../src_musl/tools/install.sh -D -m 644 ../src_musl/include/sys/reboot.h /build/x86_64-linux-musl-cross/src/musl-cross-make/out/x86_64-linux-musl/include/sys/reboot.h
../src_musl/tools/install.sh -D -m 644 ../src_musl/include/sys/reg.h /build/x86_64-linux-musl-cross/src/musl-cross-make/out/x86_64-linux-musl/include/sys/reg.h
../src_musl/tools/install.sh -D -m 644 ../src_musl/include/sys/resource.h /build/x86_64-linux-musl-cross/src/musl-cross-make/out/x86_64-linux-musl/include/sys/resource.h
/usr/bin/install -c -m 644 ../../src_gcc/libcpp/po/sr.gmo /build/x86_64-linux-musl-cross/src/musl-cross-make/out/share/locale/sr/LC_MESSAGES/cpplib.mo
mkdir -p -- /build/x86_64-linux-musl-cross/src/musl-cross-make/out/bin
../src_musl/tools/install.sh -D -m 644 ../src_musl/include/sys/select.h /build/x86_64-linux-musl-cross/src/musl-cross-make/out/x86_64-linux-musl/include/sys/select.h
true  DO=all multi-do # make MULTILIB_OSDIRNAMES= INFO_DEPS= infodir= ac_cv_prog_lex_root=lex.yy MAKEINFO=false 
installing ../../../src_binutils/bfd/po/vi.gmo as /build/x86_64-linux-musl-cross/src/musl-cross-make/out/share/locale/vi/LC_MESSAGES/bfd.mo
../src_musl/tools/install.sh -D -m 644 ../src_musl/include/sys/sem.h /build/x86_64-linux-musl-cross/src/musl-cross-make/out/x86_64-linux-musl/include/sys/sem.h
../src_musl/tools/install.sh -D -m 644 ../src_musl/include/sys/sendfile.h /build/x86_64-linux-musl-cross/src/musl-cross-make/out/x86_64-linux-musl/include/sys/sendfile.h
/usr/bin/install -c -m 644 ../../src_gcc/libcpp/po/sv.gmo /build/x86_64-linux-musl-cross/src/musl-cross-make/out/share/locale/sv/LC_MESSAGES/cpplib.mo
 /usr/bin/mkdir -p '/build/x86_64-linux-musl-cross/src/musl-cross-make/out/share/man/man1'
../src_musl/tools/install.sh -D -m 644 ../src_musl/include/sys/shm.h /build/x86_64-linux-musl-cross/src/musl-cross-make/out/x86_64-linux-musl/include/sys/shm.h
../src_musl/tools/install.sh -D -m 644 ../src_musl/include/sys/signal.h /build/x86_64-linux-musl-cross/src/musl-cross-make/out/x86_64-linux-musl/include/sys/signal.h
 /usr/bin/install -c -m 644 'doc/as.1' '/build/x86_64-linux-musl-cross/src/musl-cross-make/out/share/man/man1/x86_64-linux-musl-as.1'
../src_musl/tools/install.sh -D -m 644 ../src_musl/include/sys/signalfd.h /build/x86_64-linux-musl-cross/src/musl-cross-make/out/x86_64-linux-musl/include/sys/signalfd.h
/usr/bin/install -c -m 644 ../../src_gcc/libcpp/po/tr.gmo /build/x86_64-linux-musl-cross/src/musl-cross-make/out/share/locale/tr/LC_MESSAGES/cpplib.mo
../src_musl/tools/install.sh -D -m 644 ../src_musl/include/sys/socket.h /build/x86_64-linux-musl-cross/src/musl-cross-make/out/x86_64-linux-musl/include/sys/socket.h
  /bin/sh ./libtool  --mode=install /usr/bin/install -c as-new /bin/x86_64-linux-musl-as
../src_musl/tools/install.sh -D -m 644 ../src_musl/include/sys/soundcard.h /build/x86_64-linux-musl-cross/src/musl-cross-make/out/x86_64-linux-musl/include/sys/soundcard.h
make[6]: Entering directory '/build/x86_64-linux-musl-cross/src/musl-cross-make/build/local/x86_64-linux-musl/obj_gcc/x86_64-linux-musl/libitm'
../src_musl/tools/install.sh -D -m 644 ../src_musl/include/sys/stat.h /build/x86_64-linux-musl-cross/src/musl-cross-make/out/x86_64-linux-musl/include/sys/stat.h
../src_musl/tools/install.sh -D -m 644 ../src_musl/include/sys/statfs.h /build/x86_64-linux-musl-cross/src/musl-cross-make/out/x86_64-linux-musl/include/sys/statfs.h
installing ../../../src_binutils/bfd/po/zh_CN.gmo as /build/x86_64-linux-musl-cross/src/musl-cross-make/out/share/locale/zh_CN/LC_MESSAGES/bfd.mo
if test "bfd" = "gettext"; then \
  if test -r ../../../src_binutils/bfd/../mkinstalldirs; then \
    ../../../src_binutils/bfd/../mkinstalldirs /build/x86_64-linux-musl-cross/src/musl-cross-make/out/share/gettext/po; \
  else \
    ../../../src_binutils/bfd/mkinstalldirs /build/x86_64-linux-musl-cross/src/musl-cross-make/out/share/gettext/po; \
  fi; \
  /usr/bin/install -c -m 644 ../../../src_binutils/bfd/po/Makefile.in.in \
		  /build/x86_64-linux-musl-cross/src/musl-cross-make/out/share/gettext/po/Makefile.in.in; \
else \
  : ; \
fi
../src_musl/tools/install.sh -D -m 644 ../src_musl/include/sys/statvfs.h /build/x86_64-linux-musl-cross/src/musl-cross-make/out/x86_64-linux-musl/include/sys/statvfs.h
/usr/bin/install -c -m 644 ../../src_gcc/libcpp/po/uk.gmo /build/x86_64-linux-musl-cross/src/musl-cross-make/out/share/locale/uk/LC_MESSAGES/cpplib.mo
../src_musl/tools/install.sh -D -m 644 ../src_musl/include/sys/stropts.h /build/x86_64-linux-musl-cross/src/musl-cross-make/out/x86_64-linux-musl/include/sys/stropts.h
../src_musl/tools/install.sh -D -m 644 ../src_musl/include/sys/swap.h /build/x86_64-linux-musl-cross/src/musl-cross-make/out/x86_64-linux-musl/include/sys/swap.h
make[6]: Entering directory '/build/x86_64-linux-musl-cross/src/musl-cross-make/build/local/x86_64-linux-musl/obj_binutils/gprof'
../src_musl/tools/install.sh -D -m 644 ../src_musl/include/sys/syscall.h /build/x86_64-linux-musl-cross/src/musl-cross-make/out/x86_64-linux-musl/include/sys/syscall.h
../src_musl/tools/install.sh -D -m 644 ../src_musl/include/sys/sysinfo.h /build/x86_64-linux-musl-cross/src/musl-cross-make/out/x86_64-linux-musl/include/sys/sysinfo.h
../src_musl/tools/install.sh -D -m 644 ../src_musl/include/sys/syslog.h /build/x86_64-linux-musl-cross/src/musl-cross-make/out/x86_64-linux-musl/include/sys/syslog.h
/usr/bin/install -c -m 644 ../../src_gcc/libcpp/po/vi.gmo /build/x86_64-linux-musl-cross/src/musl-cross-make/out/share/locale/vi/LC_MESSAGES/cpplib.mo
make[6]: Leaving directory '/build/x86_64-linux-musl-cross/src/musl-cross-make/build/local/x86_64-linux-musl/obj_binutils/bfd/po'
../src_musl/tools/install.sh -D -m 644 ../src_musl/include/sys/sysmacros.h /build/x86_64-linux-musl-cross/src/musl-cross-make/out/x86_64-linux-musl/include/sys/sysmacros.h
../src_musl/tools/install.sh -D -m 644 ../src_musl/include/sys/termios.h /build/x86_64-linux-musl-cross/src/musl-cross-make/out/x86_64-linux-musl/include/sys/termios.h
../src_musl/tools/install.sh -D -m 644 ../src_musl/include/sys/time.h /build/x86_64-linux-musl-cross/src/musl-cross-make/out/x86_64-linux-musl/include/sys/time.h
/usr/bin/install -c -m 644 ../../src_gcc/libcpp/po/zh_CN.gmo /build/x86_64-linux-musl-cross/src/musl-cross-make/out/share/locale/zh_CN/LC_MESSAGES/cpplib.mo
../src_musl/tools/install.sh -D -m 644 ../src_musl/include/sys/timeb.h /build/x86_64-linux-musl-cross/src/musl-cross-make/out/x86_64-linux-musl/include/sys/timeb.h
../src_musl/tools/install.sh -D -m 644 ../src_musl/include/sys/timerfd.h /build/x86_64-linux-musl-cross/src/musl-cross-make/out/x86_64-linux-musl/include/sys/timerfd.h
../src_musl/tools/install.sh -D -m 644 ../src_musl/include/sys/times.h /build/x86_64-linux-musl-cross/src/musl-cross-make/out/x86_64-linux-musl/include/sys/times.h
libtool: install: /usr/bin/install -c as-new /build/x86_64-linux-musl-cross/src/musl-cross-make/out/bin/x86_64-linux-musl-as
../src_musl/tools/install.sh -D -m 644 ../src_musl/include/sys/timex.h /build/x86_64-linux-musl-cross/src/musl-cross-make/out/x86_64-linux-musl/include/sys/timex.h
../src_musl/tools/install.sh -D -m 644 ../src_musl/include/sys/ttydefaults.h /build/x86_64-linux-musl-cross/src/musl-cross-make/out/x86_64-linux-musl/include/sys/ttydefaults.h
true  DO=install multi-do # make MULTILIB_OSDIRNAMES= INFO_DEPS= infodir= ac_cv_prog_lex_root=lex.yy MAKEINFO=false 
/usr/bin/install -c -m 644 ../../src_gcc/libcpp/po/zh_TW.gmo /build/x86_64-linux-musl-cross/src/musl-cross-make/out/share/locale/zh_TW/LC_MESSAGES/cpplib.mo
../src_musl/tools/install.sh -D -m 644 ../src_musl/include/sys/types.h /build/x86_64-linux-musl-cross/src/musl-cross-make/out/x86_64-linux-musl/include/sys/types.h
../src_musl/tools/install.sh -D -m 644 ../src_musl/include/sys/ucontext.h /build/x86_64-linux-musl-cross/src/musl-cross-make/out/x86_64-linux-musl/include/sys/ucontext.h
make[4]: Leaving directory '/build/x86_64-linux-musl-cross/src/musl-cross-make/build/local/x86_64-linux-musl/obj_gcc/libcpp'
/bin/sh ../../src_binutils/gas/../mkinstalldirs /build/x86_64-linux-musl-cross/src/musl-cross-make/out/x86_64-linux-musl/bin
../src_musl/tools/install.sh -D -m 644 ../src_musl/include/sys/uio.h /build/x86_64-linux-musl-cross/src/musl-cross-make/out/x86_64-linux-musl/include/sys/uio.h
../src_musl/tools/install.sh -D -m 644 ../src_musl/include/sys/un.h /build/x86_64-linux-musl-cross/src/musl-cross-make/out/x86_64-linux-musl/include/sys/un.h
../src_musl/tools/install.sh -D -m 644 ../src_musl/include/sys/user.h /build/x86_64-linux-musl-cross/src/musl-cross-make/out/x86_64-linux-musl/include/sys/user.h
../src_musl/tools/install.sh -D -m 644 ../src_musl/include/sys/utsname.h /build/x86_64-linux-musl-cross/src/musl-cross-make/out/x86_64-linux-musl/include/sys/utsname.h
../src_musl/tools/install.sh -D -m 644 ../src_musl/include/sys/vfs.h /build/x86_64-linux-musl-cross/src/musl-cross-make/out/x86_64-linux-musl/include/sys/vfs.h
 /usr/bin/mkdir -p '/build/x86_64-linux-musl-cross/src/musl-cross-make/out/x86_64-linux-musl/lib'
../src_musl/tools/install.sh -D -m 644 ../src_musl/include/sys/vt.h /build/x86_64-linux-musl-cross/src/musl-cross-make/out/x86_64-linux-musl/include/sys/vt.h
mkdir -p -- /build/x86_64-linux-musl-cross/src/musl-cross-make/out/x86_64-linux-musl/bin
../src_musl/tools/install.sh -D -m 644 ../src_musl/include/sys/wait.h /build/x86_64-linux-musl-cross/src/musl-cross-make/out/x86_64-linux-musl/include/sys/wait.h
n=`echo as | sed 's&^&x86_64-linux-musl-&'`; \
if [ "/bin/$n" != "/x86_64-linux-musl/bin/as" ]; then \
  rm -f /build/x86_64-linux-musl-cross/src/musl-cross-make/out/x86_64-linux-musl/bin/as; \
  ln /build/x86_64-linux-musl-cross/src/musl-cross-make/out/bin/$n /build/x86_64-linux-musl-cross/src/musl-cross-make/out/x86_64-linux-musl/bin/as >/dev/null 2>/dev/null \
    ||  /bin/sh ./libtool --mode=install /usr/bin/install -c as-new /build/x86_64-linux-musl-cross/src/musl-cross-make/out/x86_64-linux-musl/bin/as; \
else \
  true ; \
fi
 /usr/bin/install -c -m 644 libitm.spec '/build/x86_64-linux-musl-cross/src/musl-cross-make/out/x86_64-linux-musl/lib'
../src_musl/tools/install.sh -D -m 644 ../src_musl/include/sys/xattr.h /build/x86_64-linux-musl-cross/src/musl-cross-make/out/x86_64-linux-musl/include/sys/xattr.h
../src_musl/tools/install.sh -D -m 644 ../src_musl/include/syscall.h /build/x86_64-linux-musl-cross/src/musl-cross-make/out/x86_64-linux-musl/include/syscall.h
../src_musl/tools/install.sh -D -m 644 ../src_musl/include/sysexits.h /build/x86_64-linux-musl-cross/src/musl-cross-make/out/x86_64-linux-musl/include/sysexits.h
../src_musl/tools/install.sh -D -m 644 ../src_musl/include/syslog.h /build/x86_64-linux-musl-cross/src/musl-cross-make/out/x86_64-linux-musl/include/syslog.h
../src_musl/tools/install.sh -D -m 644 ../src_musl/include/tar.h /build/x86_64-linux-musl-cross/src/musl-cross-make/out/x86_64-linux-musl/include/tar.h
../src_musl/tools/install.sh -D -m 644 ../src_musl/include/termios.h /build/x86_64-linux-musl-cross/src/musl-cross-make/out/x86_64-linux-musl/include/termios.h
../src_musl/tools/install.sh -D -m 644 ../src_musl/include/tgmath.h /build/x86_64-linux-musl-cross/src/musl-cross-make/out/x86_64-linux-musl/include/tgmath.h
../src_musl/tools/install.sh -D -m 644 ../src_musl/include/threads.h /build/x86_64-linux-musl-cross/src/musl-cross-make/out/x86_64-linux-musl/include/threads.h
../src_musl/tools/install.sh -D -m 644 ../src_musl/include/time.h /build/x86_64-linux-musl-cross/src/musl-cross-make/out/x86_64-linux-musl/include/time.h
make[6]: Leaving directory '/build/x86_64-linux-musl-cross/src/musl-cross-make/build/local/x86_64-linux-musl/obj_binutils/gas'
../src_musl/tools/install.sh -D -m 644 ../src_musl/include/uchar.h /build/x86_64-linux-musl-cross/src/musl-cross-make/out/x86_64-linux-musl/include/uchar.h
make[5]: Leaving directory '/build/x86_64-linux-musl-cross/src/musl-cross-make/build/local/x86_64-linux-musl/obj_binutils/gas'
make[4]: Leaving directory '/build/x86_64-linux-musl-cross/src/musl-cross-make/build/local/x86_64-linux-musl/obj_binutils/gas'
../src_musl/tools/install.sh -D -m 644 ../src_musl/include/ucontext.h /build/x86_64-linux-musl-cross/src/musl-cross-make/out/x86_64-linux-musl/include/ucontext.h
../src_musl/tools/install.sh -D -m 644 ../src_musl/include/ulimit.h /build/x86_64-linux-musl-cross/src/musl-cross-make/out/x86_64-linux-musl/include/ulimit.h
../src_musl/tools/install.sh -D -m 644 ../src_musl/include/unistd.h /build/x86_64-linux-musl-cross/src/musl-cross-make/out/x86_64-linux-musl/include/unistd.h
../src_musl/tools/install.sh -D -m 644 ../src_musl/include/utime.h /build/x86_64-linux-musl-cross/src/musl-cross-make/out/x86_64-linux-musl/include/utime.h
../src_musl/tools/install.sh -D -m 644 ../src_musl/include/utmp.h /build/x86_64-linux-musl-cross/src/musl-cross-make/out/x86_64-linux-musl/include/utmp.h
../src_musl/tools/install.sh -D -m 644 ../src_musl/include/utmpx.h /build/x86_64-linux-musl-cross/src/musl-cross-make/out/x86_64-linux-musl/include/utmpx.h
../src_musl/tools/install.sh -D -m 644 ../src_musl/include/values.h /build/x86_64-linux-musl-cross/src/musl-cross-make/out/x86_64-linux-musl/include/values.h
../src_musl/tools/install.sh -D -m 644 ../src_musl/include/wait.h /build/x86_64-linux-musl-cross/src/musl-cross-make/out/x86_64-linux-musl/include/wait.h
../src_musl/tools/install.sh -D -m 644 ../src_musl/include/wchar.h /build/x86_64-linux-musl-cross/src/musl-cross-make/out/x86_64-linux-musl/include/wchar.h
../src_musl/tools/install.sh -D -m 644 ../src_musl/include/wctype.h /build/x86_64-linux-musl-cross/src/musl-cross-make/out/x86_64-linux-musl/include/wctype.h
make[6]: Entering directory '/build/x86_64-linux-musl-cross/src/musl-cross-make/build/local/x86_64-linux-musl/obj_gcc/x86_64-linux-musl/libstdc++-v3/include'
../src_musl/tools/install.sh -D -m 644 ../src_musl/include/wordexp.h /build/x86_64-linux-musl-cross/src/musl-cross-make/out/x86_64-linux-musl/include/wordexp.h
make[6]: Nothing to be done for 'install-exec-am'.
../src_musl/tools/install.sh -D -l /lib/libc.so /build/x86_64-linux-musl-cross/src/musl-cross-make/out/x86_64-linux-musl/lib/ld-musl-x86_64.so.1 || true
/bin/sh /build/x86_64-linux-musl-cross/src/musl-cross-make/build/local/x86_64-linux-musl/src_gcc/libstdc++-v3/../mkinstalldirs /build/x86_64-linux-musl-cross/src/musl-cross-make/out/x86_64-linux-musl/include/c++/16.1.0
mkdir -p -- /build/x86_64-linux-musl-cross/src/musl-cross-make/out/x86_64-linux-musl/include/c++/16.1.0
/bin/sh /build/x86_64-linux-musl-cross/src/musl-cross-make/build/local/x86_64-linux-musl/src_gcc/libstdc++-v3/../mkinstalldirs /build/x86_64-linux-musl-cross/src/musl-cross-make/out/x86_64-linux-musl/include/c++/16.1.0/./bits
mkdir -p -- /build/x86_64-linux-musl-cross/src/musl-cross-make/out/x86_64-linux-musl/include/c++/16.1.0/./bits
for file in /build/x86_64-linux-musl-cross/src/musl-cross-make/build/local/x86_64-linux-musl/src_gcc/libstdc++-v3/include/bits/algorithmfwd.h /build/x86_64-linux-musl-cross/src/musl-cross-make/build/local/x86_64-linux-musl/src_gcc/libstdc++-v3/include/bits/align.h /build/x86_64-linux-musl-cross/src/musl-cross-make/build/local/x86_64-linux-musl/src_gcc/libstdc++-v3/include/bits/allocator.h /build/x86_64-linux-musl-cross/src/musl-cross-make/build/local/x86_64-linux-musl/src_gcc/libstdc++-v3/include/bits/alloc_traits.h /build/x86_64-linux-musl-cross/src/musl-cross-make/build/local/x86_64-linux-musl/src_gcc/libstdc++-v3/include/bits/atomic_base.h /build/x86_64-linux-musl-cross/src/musl-cross-make/build/local/x86_64-linux-musl/src_gcc/libstdc++-v3/include/bits/c++0x_warning.h /build/x86_64-linux-musl-cross/src/musl-cross-make/build/local/x86_64-linux-musl/src_gcc/libstdc++-v3/include/bits/boost_concept_check.h /build/x86_64-linux-musl-cross/src/musl-cross-make/build/local/x86_64-linux-musl/src_gcc/libstdc++-v3/include/bits/concept_check.h /build/x86_64-linux-musl-cross/src/musl-cross-make/build/local/x86_64-linux-musl/src_gcc/libstdc++-v3/include/bits/char_traits.h /build/x86_64-linux-musl-cross/src/musl-cross-make/build/local/x86_64-linux-musl/src_gcc/libstdc++-v3/include/bits/cpp_type_traits.h /build/x86_64-linux-musl-cross/src/musl-cross-make/build/local/x86_64-linux-musl/src_gcc/libstdc++-v3/include/bits/elements_of.h /build/x86_64-linux-musl-cross/src/musl-cross-make/build/local/x86_64-linux-musl/src_gcc/libstdc++-v3/include/bits/enable_special_members.h /build/x86_64-linux-musl-cross/src/musl-cross-make/build/local/x86_64-linux-musl/src_gcc/libstdc++-v3/include/bits/functexcept.h /build/x86_64-linux-musl-cross/src/musl-cross-make/build/local/x86_64-linux-musl/src_gcc/libstdc++-v3/include/bits/functional_hash.h /build/x86_64-linux-musl-cross/src/musl-cross-make/build/local/x86_64-linux-musl/src_gcc/libstdc++-v3/include/bits/intcmp.h /build/x86_64-linux-musl-cross/src/musl-cross-make/build/local/x86_64-linux-musl/src_gcc/libstdc++-v3/include/bits/invoke.h /build/x86_64-linux-musl-cross/src/musl-cross-make/build/local/x86_64-linux-musl/src_gcc/libstdc++-v3/include/bits/iterator_concepts.h /build/x86_64-linux-musl-cross/src/musl-cross-make/build/local/x86_64-linux-musl/src_gcc/libstdc++-v3/include/bits/new_except.h /build/x86_64-linux-musl-cross/src/musl-cross-make/build/local/x86_64-linux-musl/src_gcc/libstdc++-v3/include/bits/new_throw.h /build/x86_64-linux-musl-cross/src/musl-cross-make/build/local/x86_64-linux-musl/src_gcc/libstdc++-v3/include/bits/max_size_type.h /build/x86_64-linux-musl-cross/src/musl-cross-make/build/local/x86_64-linux-musl/src_gcc/libstdc++-v3/include/bits/memoryfwd.h /build/x86_64-linux-musl-cross/src/musl-cross-make/build/local/x86_64-linux-musl/src_gcc/libstdc++-v3/include/bits/monostate.h /build/x86_64-linux-musl-cross/src/musl-cross-make/build/local/x86_64-linux-musl/src_gcc/libstdc++-v3/include/bits/move.h /build/x86_64-linux-musl-cross/src/musl-cross-make/build/local/x86_64-linux-musl/src_gcc/libstdc++-v3/include/bits/ostream.h /build/x86_64-linux-musl-cross/src/musl-cross-make/build/local/x86_64-linux-musl/src_gcc/libstdc++-v3/include/bits/out_ptr.h /build/x86_64-linux-musl-cross/src/musl-cross-make/build/local/x86_64-linux-musl/src_gcc/libstdc++-v3/include/bits/predefined_ops.h /build/x86_64-linux-musl-cross/src/musl-cross-make/build/local/x86_64-linux-musl/src_gcc/libstdc++-v3/include/bits/parse_numbers.h /build/x86_64-linux-musl-cross/src/musl-cross-make/build/local/x86_64-linux-musl/src_gcc/libstdc++-v3/include/bits/ptr_traits.h /build/x86_64-linux-musl-cross/src/musl-cross-make/build/local/x86_64-linux-musl/src_gcc/libstdc++-v3/include/bits/range_access.h /build/x86_64-linux-musl-cross/src/musl-cross-make/build/local/x86_64-linux-musl/src_gcc/libstdc++-v3/include/bits/ranges_algo.h /build/x86_64-linux-musl-cross/src/musl-cross-make/build/local/x86_64-linux-musl/src_gcc/libstdc++-v3/include/bits/ranges_algobase.h /build/x86_64-linux-musl-cross/src/musl-cross-make/build/local/x86_64-linux-musl/src_gcc/libstdc++-v3/include/bits/ranges_base.h /build/x86_64-linux-musl-cross/src/musl-cross-make/build/local/x86_64-linux-musl/src_gcc/libstdc++-v3/include/bits/ranges_cmp.h /build/x86_64-linux-musl-cross/src/musl-cross-make/build/local/x86_64-linux-musl/src_gcc/libstdc++-v3/include/bits/ranges_uninitialized.h /build/x86_64-linux-musl-cross/src/musl-cross-make/build/local/x86_64-linux-musl/src_gcc/libstdc++-v3/include/bits/ranges_util.h /build/x86_64-linux-musl-cross/src/musl-cross-make/build/local/x86_64-linux-musl/src_gcc/libstdc++-v3/include/bits/refwrap.h /build/x86_64-linux-musl-cross/src/musl-cross-make/build/local/x86_64-linux-musl/src_gcc/libstdc++-v3/include/bits/sat_arith.h /build/x86_64-linux-musl-cross/src/musl-cross-make/build/local/x86_64-linux-musl/src_gcc/libstdc++-v3/include/bits/stdexcept_except.h /build/x86_64-linux-musl-cross/src/musl-cross-make/build/local/x86_64-linux-musl/src_gcc/libstdc++-v3/include/bits/stdexcept_throw.h /build/x86_64-linux-musl-cross/src/musl-cross-make/build/local/x86_64-linux-musl/src_gcc/libstdc++-v3/include/bits/stdexcept_throwdef.h /build/x86_64-linux-musl-cross/src/musl-cross-make/build/local/x86_64-linux-musl/src_gcc/libstdc++-v3/include/bits/stdexcept_throwfwd.h /build/x86_64-linux-musl-cross/src/musl-cross-make/build/local/x86_64-linux-musl/src_gcc/libstdc++-v3/include/bits/stl_algo.h /build/x86_64-linux-musl-cross/src/musl-cross-make/build/local/x86_64-linux-musl/src_gcc/libstdc++-v3/include/bits/stl_algobase.h /build/x86_64-linux-musl-cross/src/musl-cross-make/build/local/x86_64-linux-musl/src_gcc/libstdc++-v3/include/bits/stl_construct.h /build/x86_64-linux-musl-cross/src/musl-cross-make/build/local/x86_64-linux-musl/src_gcc/libstdc++-v3/include/bits/stl_function.h /build/x86_64-linux-musl-cross/src/musl-cross-make/build/local/x86_64-linux-musl/src_gcc/libstdc++-v3/include/bits/stl_iterator.h /build/x86_64-linux-musl-cross/src/musl-cross-make/build/local/x86_64-linux-musl/src_gcc/libstdc++-v3/include/bits/stl_iterator_base_funcs.h /build/x86_64-linux-musl-cross/src/musl-cross-make/build/local/x86_64-linux-musl/src_gcc/libstdc++-v3/include/bits/stl_iterator_base_types.h /build/x86_64-linux-musl-cross/src/musl-cross-make/build/local/x86_64-linux-musl/src_gcc/libstdc++-v3/include/bits/stl_numeric.h /build/x86_64-linux-musl-cross/src/musl-cross-make/build/local/x86_64-linux-musl/src_gcc/libstdc++-v3/include/bits/stl_heap.h /build/x86_64-linux-musl-cross/src/musl-cross-make/build/local/x86_64-linux-musl/src_gcc/libstdc++-v3/include/bits/stl_pair.h /build/x86_64-linux-musl-cross/src/musl-cross-make/build/local/x86_64-linux-musl/src_gcc/libstdc++-v3/include/bits/stl_raw_storage_iter.h /build/x86_64-linux-musl-cross/src/musl-cross-make/build/local/x86_64-linux-musl/src_gcc/libstdc++-v3/include/bits/stl_relops.h /build/x86_64-linux-musl-cross/src/musl-cross-make/build/local/x86_64-linux-musl/src_gcc/libstdc++-v3/include/bits/stl_uninitialized.h /build/x86_64-linux-musl-cross/src/musl-cross-make/build/local/x86_64-linux-musl/src_gcc/libstdc++-v3/include/bits/text_encoding-data.h /build/x86_64-linux-musl-cross/src/musl-cross-make/build/local/x86_64-linux-musl/src_gcc/libstdc++-v3/include/bits/version.h /build/x86_64-linux-musl-cross/src/musl-cross-make/build/local/x86_64-linux-musl/src_gcc/libstdc++-v3/include/bits/string_view.tcc /build/x86_64-linux-musl-cross/src/musl-cross-make/build/local/x86_64-linux-musl/src_gcc/libstdc++-v3/include/bits/unicode.h /build/x86_64-linux-musl-cross/src/musl-cross-make/build/local/x86_64-linux-musl/src_gcc/libstdc++-v3/include/bits/unicode-data.h /build/x86_64-linux-musl-cross/src/musl-cross-make/build/local/x86_64-linux-musl/src_gcc/libstdc++-v3/include/bits/uniform_int_dist.h /build/x86_64-linux-musl-cross/src/musl-cross-make/build/local/x86_64-linux-musl/src_gcc/libstdc++-v3/include/bits/unique_ptr.h /build/x86_64-linux-musl-cross/src/musl-cross-make/build/local/x86_64-linux-musl/src_gcc/libstdc++-v3/include/bits/uses_allocator.h /build/x86_64-linux-musl-cross/src/musl-cross-make/build/local/x86_64-linux-musl/src_gcc/libstdc++-v3/include/bits/uses_allocator_args.h /build/x86_64-linux-musl-cross/src/musl-cross-make/build/local/x86_64-linux-musl/src_gcc/libstdc++-v3/include/bits/utility.h /build/x86_64-linux-musl-cross/src/musl-cross-make/build/local/x86_64-linux-musl/src_gcc/libstdc++-v3/include/bits/allocated_ptr.h /build/x86_64-linux-musl-cross/src/musl-cross-make/build/local/x86_64-linux-musl/src_gcc/libstdc++-v3/include/bits/atomic_futex.h /build/x86_64-linux-musl-cross/src/musl-cross-make/build/local/x86_64-linux-musl/src_gcc/libstdc++-v3/include/bits/atomic_timed_wait.h /build/x86_64-linux-musl-cross/src/musl-cross-make/build/local/x86_64-linux-musl/src_gcc/libstdc++-v3/include/bits/atomic_wait.h /build/x86_64-linux-musl-cross/src/musl-cross-make/build/local/x86_64-linux-musl/src_gcc/libstdc++-v3/include/bits/basic_ios.h /build/x86_64-linux-musl-cross/src/musl-cross-make/build/local/x86_64-linux-musl/src_gcc/libstdc++-v3/include/bits/basic_ios.tcc /build/x86_64-linux-musl-cross/src/musl-cross-make/build/local/x86_64-linux-musl/src_gcc/libstdc++-v3/include/bits/basic_string.h /build/x86_64-linux-musl-cross/src/musl-cross-make/build/local/x86_64-linux-musl/src_gcc/libstdc++-v3/include/bits/basic_string.tcc /build/x86_64-linux-musl-cross/src/musl-cross-make/build/local/x86_64-linux-musl/src_gcc/libstdc++-v3/include/bits/binders.h /build/x86_64-linux-musl-cross/src/musl-cross-make/build/local/x86_64-linux-musl/src_gcc/libstdc++-v3/include/bits/charconv.h /build/x86_64-linux-musl-cross/src/musl-cross-make/build/local/x86_64-linux-musl/src_gcc/libstdc++-v3/include/bits/chrono.h /build/x86_64-linux-musl-cross/src/musl-cross-make/build/local/x86_64-linux-musl/src_gcc/libstdc++-v3/include/bits/chrono_io.h /build/x86_64-linux-musl-cross/src/musl-cross-make/build/local/x86_64-linux-musl/src_gcc/libstdc++-v3/include/bits/codecvt.h /build/x86_64-linux-musl-cross/src/musl-cross-make/build/local/x86_64-linux-musl/src_gcc/libstdc++-v3/include/bits/cow_string.h /build/x86_64-linux-musl-cross/src/musl-cross-make/build/local/x86_64-linux-musl/src_gcc/libstdc++-v3/include/bits/cpyfunc_impl.h /build/x86_64-linux-musl-cross/src/musl-cross-make/build/local/x86_64-linux-musl/src_gcc/libstdc++-v3/include/bits/deque.tcc /build/x86_64-linux-musl-cross/src/musl-cross-make/build/local/x86_64-linux-musl/src_gcc/libstdc++-v3/include/bits/erase_if.h /build/x86_64-linux-musl-cross/src/musl-cross-make/build/local/x86_64-linux-musl/src_gcc/libstdc++-v3/include/bits/formatfwd.h /build/x86_64-linux-musl-cross/src/musl-cross-make/build/local/x86_64-linux-musl/src_gcc/libstdc++-v3/include/bits/forward_list.h /build/x86_64-linux-musl-cross/src/musl-cross-make/build/local/x86_64-linux-musl/src_gcc/libstdc++-v3/include/bits/forward_list.tcc /build/x86_64-linux-musl-cross/src/musl-cross-make/build/local/x86_64-linux-musl/src_gcc/libstdc++-v3/include/bits/fs_dir.h /build/x86_64-linux-musl-cross/src/musl-cross-make/build/local/x86_64-linux-musl/src_gcc/libstdc++-v3/include/bits/fs_fwd.h /build/x86_64-linux-musl-cross/src/musl-cross-make/build/local/x86_64-linux-musl/src_gcc/libstdc++-v3/include/bits/fs_ops.h /build/x86_64-linux-musl-cross/src/musl-cross-make/build/local/x86_64-linux-musl/src_gcc/libstdc++-v3/include/bits/fs_path.h /build/x86_64-linux-musl-cross/src/musl-cross-make/build/local/x86_64-linux-musl/src_gcc/libstdc++-v3/include/bits/fstream.tcc /build/x86_64-linux-musl-cross/src/musl-cross-make/build/local/x86_64-linux-musl/src_gcc/libstdc++-v3/include/bits/funcref_impl.h /build/x86_64-linux-musl-cross/src/musl-cross-make/build/local/x86_64-linux-musl/src_gcc/libstdc++-v3/include/bits/funcwrap.h /build/x86_64-linux-musl-cross/src/musl-cross-make/build/local/x86_64-linux-musl/src_gcc/libstdc++-v3/include/bits/gslice.h /build/x86_64-linux-musl-cross/src/musl-cross-make/build/local/x86_64-linux-musl/src_gcc/libstdc++-v3/include/bits/gslice_array.h /build/x86_64-linux-musl-cross/src/musl-cross-make/build/local/x86_64-linux-musl/src_gcc/libstdc++-v3/include/bits/hashtable.h /build/x86_64-linux-musl-cross/src/musl-cross-make/build/local/x86_64-linux-musl/src_gcc/libstdc++-v3/include/bits/hashtable_policy.h /build/x86_64-linux-musl-cross/src/musl-cross-make/build/local/x86_64-linux-musl/src_gcc/libstdc++-v3/include/bits/indirect.h /build/x86_64-linux-musl-cross/src/musl-cross-make/build/local/x86_64-linux-musl/src_gcc/libstdc++-v3/include/bits/indirect_array.h /build/x86_64-linux-musl-cross/src/musl-cross-make/build/local/x86_64-linux-musl/src_gcc/libstdc++-v3/include/bits/ios_base.h /build/x86_64-linux-musl-cross/src/musl-cross-make/build/local/x86_64-linux-musl/src_gcc/libstdc++-v3/include/bits/istream.tcc /build/x86_64-linux-musl-cross/src/musl-cross-make/build/local/x86_64-linux-musl/src_gcc/libstdc++-v3/include/bits/list.tcc /build/x86_64-linux-musl-cross/src/musl-cross-make/build/local/x86_64-linux-musl/src_gcc/libstdc++-v3/include/bits/locale_classes.h /build/x86_64-linux-musl-cross/src/musl-cross-make/build/local/x86_64-linux-musl/src_gcc/libstdc++-v3/include/bits/locale_classes.tcc /build/x86_64-linux-musl-cross/src/musl-cross-make/build/local/x86_64-linux-musl/src_gcc/libstdc++-v3/include/bits/locale_conv.h /build/x86_64-linux-musl-cross/src/musl-cross-make/build/local/x86_64-linux-musl/src_gcc/libstdc++-v3/include/bits/locale_facets.h /build/x86_64-linux-musl-cross/src/musl-cross-make/build/local/x86_64-linux-musl/src_gcc/libstdc++-v3/include/bits/locale_facets.tcc /build/x86_64-linux-musl-cross/src/musl-cross-make/build/local/x86_64-linux-musl/src_gcc/libstdc++-v3/include/bits/locale_facets_nonio.h /build/x86_64-linux-musl-cross/src/musl-cross-make/build/local/x86_64-linux-musl/src_gcc/libstdc++-v3/include/bits/locale_facets_nonio.tcc /build/x86_64-linux-musl-cross/src/musl-cross-make/build/local/x86_64-linux-musl/src_gcc/libstdc++-v3/include/bits/localefwd.h /build/x86_64-linux-musl-cross/src/musl-cross-make/build/local/x86_64-linux-musl/src_gcc/libstdc++-v3/include/bits/mask_array.h /build/x86_64-linux-musl-cross/src/musl-cross-make/build/local/x86_64-linux-musl/src_gcc/libstdc++-v3/include/bits/memory_resource.h /build/x86_64-linux-musl-cross/src/musl-cross-make/build/local/x86_64-linux-musl/src_gcc/libstdc++-v3/include/bits/mofunc_impl.h /build/x86_64-linux-musl-cross/src/musl-cross-make/build/local/x86_64-linux-musl/src_gcc/libstdc++-v3/include/bits/new_allocator.h /build/x86_64-linux-musl-cross/src/musl-cross-make/build/local/x86_64-linux-musl/src_gcc/libstdc++-v3/include/bits/node_handle.h /build/x86_64-linux-musl-cross/src/musl-cross-make/build/local/x86_64-linux-musl/src_gcc/libstdc++-v3/include/bits/ostream.tcc /build/x86_64-linux-musl-cross/src/musl-cross-make/build/local/x86_64-linux-musl/src_gcc/libstdc++-v3/include/bits/ostream_insert.h /build/x86_64-linux-musl-cross/src/musl-cross-make/build/local/x86_64-linux-musl/src_gcc/libstdc++-v3/include/bits/ostream_print.h /build/x86_64-linux-musl-cross/src/musl-cross-make/build/local/x86_64-linux-musl/src_gcc/libstdc++-v3/include/bits/postypes.h /build/x86_64-linux-musl-cross/src/musl-cross-make/build/local/x86_64-linux-musl/src_gcc/libstdc++-v3/include/bits/print.h /build/x86_64-linux-musl-cross/src/musl-cross-make/build/local/x86_64-linux-musl/src_gcc/libstdc++-v3/include/bits/quoted_string.h /build/x86_64-linux-musl-cross/src/musl-cross-make/build/local/x86_64-linux-musl/src_gcc/libstdc++-v3/include/bits/random.h /build/x86_64-linux-musl-cross/src/musl-cross-make/build/local/x86_64-linux-musl/src_gcc/libstdc++-v3/include/bits/random.tcc /build/x86_64-linux-musl-cross/src/musl-cross-make/build/local/x86_64-linux-musl/src_gcc/libstdc++-v3/include/bits/regex.h /build/x86_64-linux-musl-cross/src/musl-cross-make/build/local/x86_64-linux-musl/src_gcc/libstdc++-v3/include/bits/regex.tcc /build/x86_64-linux-musl-cross/src/musl-cross-make/build/local/x86_64-linux-musl/src_gcc/libstdc++-v3/include/bits/regex_constants.h /build/x86_64-linux-musl-cross/src/musl-cross-make/build/local/x86_64-linux-musl/src_gcc/libstdc++-v3/include/bits/regex_error.h /build/x86_64-linux-musl-cross/src/musl-cross-make/build/local/x86_64-linux-musl/src_gcc/libstdc++-v3/include/bits/regex_scanner.h /build/x86_64-linux-musl-cross/src/musl-cross-make/build/local/x86_64-linux-musl/src_gcc/libstdc++-v3/include/bits/regex_scanner.tcc /build/x86_64-linux-musl-cross/src/musl-cross-make/build/local/x86_64-linux-musl/src_gcc/libstdc++-v3/include/bits/regex_automaton.h /build/x86_64-linux-musl-cross/src/musl-cross-make/build/local/x86_64-linux-musl/src_gcc/libstdc++-v3/include/bits/regex_automaton.tcc /build/x86_64-linux-musl-cross/src/musl-cross-make/build/local/x86_64-linux-musl/src_gcc/libstdc++-v3/include/bits/regex_compiler.h /build/x86_64-linux-musl-cross/src/musl-cross-make/build/local/x86_64-linux-musl/src_gcc/libstdc++-v3/include/bits/regex_compiler.tcc /build/x86_64-linux-musl-cross/src/musl-cross-make/build/local/x86_64-linux-musl/src_gcc/libstdc++-v3/include/bits/regex_executor.h /build/x86_64-linux-musl-cross/src/musl-cross-make/build/local/x86_64-linux-musl/src_gcc/libstdc++-v3/include/bits/regex_executor.tcc /build/x86_64-linux-musl-cross/src/musl-cross-make/build/local/x86_64-linux-musl/src_gcc/libstdc++-v3/include/bits/requires_hosted.h /build/x86_64-linux-musl-cross/src/musl-cross-make/build/local/x86_64-linux-musl/src_gcc/libstdc++-v3/include/bits/semaphore_base.h /build/x86_64-linux-musl-cross/src/musl-cross-make/build/local/x86_64-linux-musl/src_gcc/libstdc++-v3/include/bits/shared_ptr.h /build/x86_64-linux-musl-cross/src/musl-cross-make/build/local/x86_64-linux-musl/src_gcc/libstdc++-v3/include/bits/shared_ptr_atomic.h /build/x86_64-linux-musl-cross/src/musl-cross-make/build/local/x86_64-linux-musl/src_gcc/libstdc++-v3/include/bits/shared_ptr_base.h /build/x86_64-linux-musl-cross/src/musl-cross-make/build/local/x86_64-linux-musl/src_gcc/libstdc++-v3/include/bits/simd_alg.h /build/x86_64-linux-musl-cross/src/musl-cross-make/build/local/x86_64-linux-musl/src_gcc/libstdc++-v3/include/bits/simd_details.h /build/x86_64-linux-musl-cross/src/musl-cross-make/build/local/x86_64-linux-musl/src_gcc/libstdc++-v3/include/bits/simd_flags.h /build/x86_64-linux-musl-cross/src/musl-cross-make/build/local/x86_64-linux-musl/src_gcc/libstdc++-v3/include/bits/simd_iterator.h /build/x86_64-linux-musl-cross/src/musl-cross-make/build/local/x86_64-linux-musl/src_gcc/libstdc++-v3/include/bits/simd_loadstore.h /build/x86_64-linux-musl-cross/src/musl-cross-make/build/local/x86_64-linux-musl/src_gcc/libstdc++-v3/include/bits/simd_mask.h /build/x86_64-linux-musl-cross/src/musl-cross-make/build/local/x86_64-linux-musl/src_gcc/libstdc++-v3/include/bits/simd_mask_reductions.h /build/x86_64-linux-musl-cross/src/musl-cross-make/build/local/x86_64-linux-musl/src_gcc/libstdc++-v3/include/bits/simd_reductions.h /build/x86_64-linux-musl-cross/src/musl-cross-make/build/local/x86_64-linux-musl/src_gcc/libstdc++-v3/include/bits/simd_vec.h /build/x86_64-linux-musl-cross/src/musl-cross-make/build/local/x86_64-linux-musl/src_gcc/libstdc++-v3/include/bits/simd_x86.h /build/x86_64-linux-musl-cross/src/musl-cross-make/build/local/x86_64-linux-musl/src_gcc/libstdc++-v3/include/bits/slice_array.h /build/x86_64-linux-musl-cross/src/musl-cross-make/build/local/x86_64-linux-musl/src_gcc/libstdc++-v3/include/bits/specfun.h /build/x86_64-linux-musl-cross/src/musl-cross-make/build/local/x86_64-linux-musl/src_gcc/libstdc++-v3/include/bits/sstream.tcc /build/x86_64-linux-musl-cross/src/musl-cross-make/build/local/x86_64-linux-musl/src_gcc/libstdc++-v3/include/bits/std_abs.h /build/x86_64-linux-musl-cross/src/musl-cross-make/build/local/x86_64-linux-musl/src_gcc/libstdc++-v3/include/bits/std_function.h /build/x86_64-linux-musl-cross/src/musl-cross-make/build/local/x86_64-linux-musl/src_gcc/libstdc++-v3/include/bits/std_mutex.h /build/x86_64-linux-musl-cross/src/musl-cross-make/build/local/x86_64-linux-musl/src_gcc/libstdc++-v3/include/bits/std_thread.h /build/x86_64-linux-musl-cross/src/musl-cross-make/build/local/x86_64-linux-musl/src_gcc/libstdc++-v3/include/bits/stl_bvector.h /build/x86_64-linux-musl-cross/src/musl-cross-make/build/local/x86_64-linux-musl/src_gcc/libstdc++-v3/include/bits/stl_deque.h /build/x86_64-linux-musl-cross/src/musl-cross-make/build/local/x86_64-linux-musl/src_gcc/libstdc++-v3/include/bits/stl_list.h /build/x86_64-linux-musl-cross/src/musl-cross-make/build/local/x86_64-linux-musl/src_gcc/libstdc++-v3/include/bits/stl_map.h /build/x86_64-linux-musl-cross/src/musl-cross-make/build/local/x86_64-linux-musl/src_gcc/libstdc++-v3/include/bits/stl_multimap.h /build/x86_64-linux-musl-cross/src/musl-cross-make/build/local/x86_64-linux-musl/src_gcc/libstdc++-v3/include/bits/stl_multiset.h /build/x86_64-linux-musl-cross/src/musl-cross-make/build/local/x86_64-linux-musl/src_gcc/libstdc++-v3/include/bits/stl_queue.h /build/x86_64-linux-musl-cross/src/musl-cross-make/build/local/x86_64-linux-musl/src_gcc/libstdc++-v3/include/bits/stl_relops.h /build/x86_64-linux-musl-cross/src/musl-cross-make/build/local/x86_64-linux-musl/src_gcc/libstdc++-v3/include/bits/stl_set.h /build/x86_64-linux-musl-cross/src/musl-cross-make/build/local/x86_64-linux-musl/src_gcc/libstdc++-v3/include/bits/stl_stack.h /build/x86_64-linux-musl-cross/src/musl-cross-make/build/local/x86_64-linux-musl/src_gcc/libstdc++-v3/include/bits/stl_tempbuf.h /build/x86_64-linux-musl-cross/src/musl-cross-make/build/local/x86_64-linux-musl/src_gcc/libstdc++-v3/include/bits/stl_tree.h /build/x86_64-linux-musl-cross/src/musl-cross-make/build/local/x86_64-linux-musl/src_gcc/libstdc++-v3/include/bits/stl_vector.h /build/x86_64-linux-musl-cross/src/musl-cross-make/build/local/x86_64-linux-musl/src_gcc/libstdc++-v3/include/bits/stream_iterator.h /build/x86_64-linux-musl-cross/src/musl-cross-make/build/local/x86_64-linux-musl/src_gcc/libstdc++-v3/include/bits/streambuf_iterator.h /build/x86_64-linux-musl-cross/src/musl-cross-make/build/local/x86_64-linux-musl/src_gcc/libstdc++-v3/include/bits/streambuf.tcc /build/x86_64-linux-musl-cross/src/musl-cross-make/build/local/x86_64-linux-musl/src_gcc/libstdc++-v3/include/bits/stringfwd.h /build/x86_64-linux-musl-cross/src/musl-cross-make/build/local/x86_64-linux-musl/src_gcc/libstdc++-v3/include/bits/this_thread_sleep.h /build/x86_64-linux-musl-cross/src/musl-cross-make/build/local/x86_64-linux-musl/src_gcc/libstdc++-v3/include/bits/unique_lock.h /build/x86_64-linux-musl-cross/src/musl-cross-make/build/local/x86_64-linux-musl/src_gcc/libstdc++-v3/include/bits/unordered_map.h /build/x86_64-linux-musl-cross/src/musl-cross-make/build/local/x86_64-linux-musl/src_gcc/libstdc++-v3/include/bits/unordered_set.h /build/x86_64-linux-musl-cross/src/musl-cross-make/build/local/x86_64-linux-musl/src_gcc/libstdc++-v3/include/bits/valarray_array.h /build/x86_64-linux-musl-cross/src/musl-cross-make/build/local/x86_64-linux-musl/src_gcc/libstdc++-v3/include/bits/valarray_array.tcc /build/x86_64-linux-musl-cross/src/musl-cross-make/build/local/x86_64-linux-musl/src_gcc/libstdc++-v3/include/bits/valarray_before.h /build/x86_64-linux-musl-cross/src/musl-cross-make/build/local/x86_64-linux-musl/src_gcc/libstdc++-v3/include/bits/valarray_after.h /build/x86_64-linux-musl-cross/src/musl-cross-make/build/local/x86_64-linux-musl/src_gcc/libstdc++-v3/include/bits/vec_ops.h /build/x86_64-linux-musl-cross/src/musl-cross-make/build/local/x86_64-linux-musl/src_gcc/libstdc++-v3/include/bits/vector.tcc; do \
  /usr/bin/install -c -m 644 ${file} /build/x86_64-linux-musl-cross/src/musl-cross-make/out/x86_64-linux-musl/include/c++/16.1.0/./bits; done
make[2]: Leaving directory '/build/x86_64-linux-musl-cross/src/musl-cross-make/build/local/x86_64-linux-musl/obj_musl'
 /usr/bin/mkdir -p '/build/x86_64-linux-musl-cross/src/musl-cross-make/out/x86_64-linux-musl/lib'
 /bin/sh ./libtool   --mode=install /usr/bin/install -c   libitm.la '/build/x86_64-linux-musl-cross/src/musl-cross-make/out/x86_64-linux-musl/lib'
make[7]: Entering directory '/build/x86_64-linux-musl-cross/src/musl-cross-make/build/local/x86_64-linux-musl/obj_binutils/gprof'
make[6]: Entering directory '/build/x86_64-linux-musl-cross/src/musl-cross-make/build/local/x86_64-linux-musl/obj_binutils/bfd'
libtool: install: /usr/bin/install -c .libs/libitm.so.1.0.0 /build/x86_64-linux-musl-cross/src/musl-cross-make/out/x86_64-linux-musl/lib/libitm.so.1.0.0
 /usr/bin/mkdir -p '/build/x86_64-linux-musl-cross/src/musl-cross-make/out/share/man/man1'
 /usr/bin/mkdir -p '/build/x86_64-linux-musl-cross/src/musl-cross-make/out/bin'
libtool: install: (cd /build/x86_64-linux-musl-cross/src/musl-cross-make/out/x86_64-linux-musl/lib && { ln -s -f libitm.so.1.0.0 libitm.so.1 || { rm -f libitm.so.1 && ln -s libitm.so.1.0.0 libitm.so.1; }; })
 /usr/bin/install -c -m 644 '../../src_binutils/gprof/gprof.1' '/build/x86_64-linux-musl-cross/src/musl-cross-make/out/share/man/man1/x86_64-linux-musl-gprof.1'
libtool: install: (cd /build/x86_64-linux-musl-cross/src/musl-cross-make/out/x86_64-linux-musl/lib && { ln -s -f libitm.so.1.0.0 libitm.so || { rm -f libitm.so && ln -s libitm.so.1.0.0 libitm.so; }; })
  /bin/sh ./libtool   --mode=install /usr/bin/install -c gprof '/build/x86_64-linux-musl-cross/src/musl-cross-make/out/bin/./x86_64-linux-musl-gprof'
libtool: install: /usr/bin/install -c .libs/libitm.lai /build/x86_64-linux-musl-cross/src/musl-cross-make/out/x86_64-linux-musl/lib/libitm.la
libtool: install: /usr/bin/install -c .libs/libitm.a /build/x86_64-linux-musl-cross/src/musl-cross-make/out/x86_64-linux-musl/lib/libitm.a
libtool: install: chmod 644 /build/x86_64-linux-musl-cross/src/musl-cross-make/out/x86_64-linux-musl/lib/libitm.a
libtool: install: /build/x86_64-linux-musl-cross/src/musl-cross-make/build/local/x86_64-linux-musl/obj_binutils/binutils/ranlib  /build/x86_64-linux-musl-cross/src/musl-cross-make/out/x86_64-linux-musl/lib/libitm.a
libtool: install: /usr/bin/install -c gprof /build/x86_64-linux-musl-cross/src/musl-cross-make/out/bin/./x86_64-linux-musl-gprof
libtool: install: warning: remember to run `libtool --finish /x86_64-linux-musl/lib'
make[6]: Leaving directory '/build/x86_64-linux-musl-cross/src/musl-cross-make/build/local/x86_64-linux-musl/obj_gcc/x86_64-linux-musl/libitm'
make[5]: Leaving directory '/build/x86_64-linux-musl-cross/src/musl-cross-make/build/local/x86_64-linux-musl/obj_gcc/x86_64-linux-musl/libitm'
make[4]: Leaving directory '/build/x86_64-linux-musl-cross/src/musl-cross-make/build/local/x86_64-linux-musl/obj_gcc/x86_64-linux-musl/libitm'
make[7]: Leaving directory '/build/x86_64-linux-musl-cross/src/musl-cross-make/build/local/x86_64-linux-musl/obj_binutils/gprof'
make[6]: Leaving directory '/build/x86_64-linux-musl-cross/src/musl-cross-make/build/local/x86_64-linux-musl/obj_binutils/gprof'
make[5]: Leaving directory '/build/x86_64-linux-musl-cross/src/musl-cross-make/build/local/x86_64-linux-musl/obj_binutils/gprof'
make[4]: Leaving directory '/build/x86_64-linux-musl-cross/src/musl-cross-make/build/local/x86_64-linux-musl/obj_binutils/gprof'
make[7]: Entering directory '/build/x86_64-linux-musl-cross/src/musl-cross-make/build/local/x86_64-linux-musl/obj_binutils/bfd'
make[7]: Nothing to be done for 'install-exec-am'.
make[7]: Leaving directory '/build/x86_64-linux-musl-cross/src/musl-cross-make/build/local/x86_64-linux-musl/obj_binutils/bfd'
make[6]: Leaving directory '/build/x86_64-linux-musl-cross/src/musl-cross-make/build/local/x86_64-linux-musl/obj_binutils/bfd'
make[5]: Leaving directory '/build/x86_64-linux-musl-cross/src/musl-cross-make/build/local/x86_64-linux-musl/obj_binutils/bfd'
make[4]: Leaving directory '/build/x86_64-linux-musl-cross/src/musl-cross-make/build/local/x86_64-linux-musl/obj_binutils/bfd'
make[4]: Entering directory '/build/x86_64-linux-musl-cross/src/musl-cross-make/build/local/x86_64-linux-musl/obj_binutils/libctf'
make[4]: Entering directory '/build/x86_64-linux-musl-cross/src/musl-cross-make/build/local/x86_64-linux-musl/obj_binutils/opcodes'
Making install in .
make[5]: Entering directory '/build/x86_64-linux-musl-cross/src/musl-cross-make/build/local/x86_64-linux-musl/obj_binutils/libctf'
make[5]: Entering directory '/build/x86_64-linux-musl-cross/src/musl-cross-make/build/local/x86_64-linux-musl/obj_binutils/opcodes'
make[6]: Entering directory '/build/x86_64-linux-musl-cross/src/musl-cross-make/build/local/x86_64-linux-musl/obj_binutils/libctf'
make[6]: Leaving directory '/build/x86_64-linux-musl-cross/src/musl-cross-make/build/local/x86_64-linux-musl/obj_binutils/libctf'
make[5]: Leaving directory '/build/x86_64-linux-musl-cross/src/musl-cross-make/build/local/x86_64-linux-musl/obj_binutils/libctf'
make[4]: Leaving directory '/build/x86_64-linux-musl-cross/src/musl-cross-make/build/local/x86_64-linux-musl/obj_binutils/libctf'
make[6]: Entering directory '/build/x86_64-linux-musl-cross/src/musl-cross-make/build/local/x86_64-linux-musl/obj_binutils/opcodes'
make[6]: Nothing to be done for 'install-exec-am'.
make[6]: Leaving directory '/build/x86_64-linux-musl-cross/src/musl-cross-make/build/local/x86_64-linux-musl/obj_binutils/opcodes'
make[5]: Leaving directory '/build/x86_64-linux-musl-cross/src/musl-cross-make/build/local/x86_64-linux-musl/obj_binutils/opcodes'
Making install in po
make[5]: Entering directory '/build/x86_64-linux-musl-cross/src/musl-cross-make/build/local/x86_64-linux-musl/obj_binutils/opcodes/po'
if test -r ../../../src_binutils/opcodes/../mkinstalldirs; then \
  ../../../src_binutils/opcodes/../mkinstalldirs /build/x86_64-linux-musl-cross/src/musl-cross-make/out/share; \
else \
  ../../../src_binutils/opcodes/mkinstalldirs /build/x86_64-linux-musl-cross/src/musl-cross-make/out/share; \
fi
installing ../../../src_binutils/opcodes/po/da.gmo as /build/x86_64-linux-musl-cross/src/musl-cross-make/out/share/locale/da/LC_MESSAGES/opcodes.mo
installing ../../../src_binutils/opcodes/po/de.gmo as /build/x86_64-linux-musl-cross/src/musl-cross-make/out/share/locale/de/LC_MESSAGES/opcodes.mo
installing ../../../src_binutils/opcodes/po/es.gmo as /build/x86_64-linux-musl-cross/src/musl-cross-make/out/share/locale/es/LC_MESSAGES/opcodes.mo
installing ../../../src_binutils/opcodes/po/fi.gmo as /build/x86_64-linux-musl-cross/src/musl-cross-make/out/share/locale/fi/LC_MESSAGES/opcodes.mo
make[4]: Entering directory '/build/x86_64-linux-musl-cross/src/musl-cross-make/build/local/x86_64-linux-musl/obj_binutils/ld'
make MULTILIB_OSDIRNAMES= INFO_DEPS= infodir= ac_cv_prog_lex_root=lex.yy MAKEINFO=false   install-recursive
installing ../../../src_binutils/opcodes/po/fr.gmo as /build/x86_64-linux-musl-cross/src/musl-cross-make/out/share/locale/fr/LC_MESSAGES/opcodes.mo
installing ../../../src_binutils/opcodes/po/ga.gmo as /build/x86_64-linux-musl-cross/src/musl-cross-make/out/share/locale/ga/LC_MESSAGES/opcodes.mo
installing ../../../src_binutils/opcodes/po/id.gmo as /build/x86_64-linux-musl-cross/src/musl-cross-make/out/share/locale/id/LC_MESSAGES/opcodes.mo
installing ../../../src_binutils/opcodes/po/it.gmo as /build/x86_64-linux-musl-cross/src/musl-cross-make/out/share/locale/it/LC_MESSAGES/opcodes.mo
make[5]: Entering directory '/build/x86_64-linux-musl-cross/src/musl-cross-make/build/local/x86_64-linux-musl/obj_binutils/ld'
installing ../../../src_binutils/opcodes/po/nl.gmo as /build/x86_64-linux-musl-cross/src/musl-cross-make/out/share/locale/nl/LC_MESSAGES/opcodes.mo
Making install in po
installing ../../../src_binutils/opcodes/po/pt_BR.gmo as /build/x86_64-linux-musl-cross/src/musl-cross-make/out/share/locale/pt_BR/LC_MESSAGES/opcodes.mo
make[6]: Entering directory '/build/x86_64-linux-musl-cross/src/musl-cross-make/build/local/x86_64-linux-musl/obj_binutils/ld/po'
if test -r ../../../src_binutils/ld/../mkinstalldirs; then \
  ../../../src_binutils/ld/../mkinstalldirs /build/x86_64-linux-musl-cross/src/musl-cross-make/out/share; \
else \
  ../../../src_binutils/ld/mkinstalldirs /build/x86_64-linux-musl-cross/src/musl-cross-make/out/share; \
fi
installing ../../../src_binutils/opcodes/po/ro.gmo as /build/x86_64-linux-musl-cross/src/musl-cross-make/out/share/locale/ro/LC_MESSAGES/opcodes.mo
installing ../../../src_binutils/opcodes/po/sr.gmo as /build/x86_64-linux-musl-cross/src/musl-cross-make/out/share/locale/sr/LC_MESSAGES/opcodes.mo
installing ../../../src_binutils/ld/po/bg.gmo as /build/x86_64-linux-musl-cross/src/musl-cross-make/out/share/locale/bg/LC_MESSAGES/ld.mo
installing ../../../src_binutils/opcodes/po/sv.gmo as /build/x86_64-linux-musl-cross/src/musl-cross-make/out/share/locale/sv/LC_MESSAGES/opcodes.mo
installing ../../../src_binutils/ld/po/da.gmo as /build/x86_64-linux-musl-cross/src/musl-cross-make/out/share/locale/da/LC_MESSAGES/ld.mo
installing ../../../src_binutils/opcodes/po/tr.gmo as /build/x86_64-linux-musl-cross/src/musl-cross-make/out/share/locale/tr/LC_MESSAGES/opcodes.mo
installing ../../../src_binutils/ld/po/de.gmo as /build/x86_64-linux-musl-cross/src/musl-cross-make/out/share/locale/de/LC_MESSAGES/ld.mo
installing ../../../src_binutils/opcodes/po/uk.gmo as /build/x86_64-linux-musl-cross/src/musl-cross-make/out/share/locale/uk/LC_MESSAGES/opcodes.mo
installing ../../../src_binutils/ld/po/es.gmo as /build/x86_64-linux-musl-cross/src/musl-cross-make/out/share/locale/es/LC_MESSAGES/ld.mo
/bin/sh /build/x86_64-linux-musl-cross/src/musl-cross-make/build/local/x86_64-linux-musl/src_gcc/libstdc++-v3/../mkinstalldirs /build/x86_64-linux-musl-cross/src/musl-cross-make/out/x86_64-linux-musl/include/c++/16.1.0/./backward
mkdir -p -- /build/x86_64-linux-musl-cross/src/musl-cross-make/out/x86_64-linux-musl/include/c++/16.1.0/./backward
installing ../../../src_binutils/opcodes/po/vi.gmo as /build/x86_64-linux-musl-cross/src/musl-cross-make/out/share/locale/vi/LC_MESSAGES/opcodes.mo
installing ../../../src_binutils/ld/po/fi.gmo as /build/x86_64-linux-musl-cross/src/musl-cross-make/out/share/locale/fi/LC_MESSAGES/ld.mo
for file in /build/x86_64-linux-musl-cross/src/musl-cross-make/build/local/x86_64-linux-musl/src_gcc/libstdc++-v3/include/backward/auto_ptr.h /build/x86_64-linux-musl-cross/src/musl-cross-make/build/local/x86_64-linux-musl/src_gcc/libstdc++-v3/include/backward/binders.h /build/x86_64-linux-musl-cross/src/musl-cross-make/build/local/x86_64-linux-musl/src_gcc/libstdc++-v3/include/backward/backward_warning.h /build/x86_64-linux-musl-cross/src/musl-cross-make/build/local/x86_64-linux-musl/src_gcc/libstdc++-v3/include/backward/hash_map /build/x86_64-linux-musl-cross/src/musl-cross-make/build/local/x86_64-linux-musl/src_gcc/libstdc++-v3/include/backward/hash_set /build/x86_64-linux-musl-cross/src/musl-cross-make/build/local/x86_64-linux-musl/src_gcc/libstdc++-v3/include/backward/hash_fun.h /build/x86_64-linux-musl-cross/src/musl-cross-make/build/local/x86_64-linux-musl/src_gcc/libstdc++-v3/include/backward/hashtable.h /build/x86_64-linux-musl-cross/src/musl-cross-make/build/local/x86_64-linux-musl/src_gcc/libstdc++-v3/include/backward/strstream; do \
  /usr/bin/install -c -m 644 ${file} /build/x86_64-linux-musl-cross/src/musl-cross-make/out/x86_64-linux-musl/include/c++/16.1.0/./backward; done
installing ../../../src_binutils/opcodes/po/zh_CN.gmo as /build/x86_64-linux-musl-cross/src/musl-cross-make/out/share/locale/zh_CN/LC_MESSAGES/opcodes.mo
installing ../../../src_binutils/ld/po/fr.gmo as /build/x86_64-linux-musl-cross/src/musl-cross-make/out/share/locale/fr/LC_MESSAGES/ld.mo
installing ../../../src_binutils/opcodes/po/da.gmo as /build/x86_64-linux-musl-cross/src/musl-cross-make/out/share/locale/da/LC_MESSAGES/opcodes.mo
installing ../../../src_binutils/ld/po/ga.gmo as /build/x86_64-linux-musl-cross/src/musl-cross-make/out/share/locale/ga/LC_MESSAGES/ld.mo
/bin/sh /build/x86_64-linux-musl-cross/src/musl-cross-make/build/local/x86_64-linux-musl/src_gcc/libstdc++-v3/../mkinstalldirs /build/x86_64-linux-musl-cross/src/musl-cross-make/out/x86_64-linux-musl/include/c++/16.1.0/.
for file in /build/x86_64-linux-musl-cross/src/musl-cross-make/build/local/x86_64-linux-musl/src_gcc/libstdc++-v3/include/std/algorithm /build/x86_64-linux-musl-cross/src/musl-cross-make/build/local/x86_64-linux-musl/src_gcc/libstdc++-v3/include/std/array /build/x86_64-linux-musl-cross/src/musl-cross-make/build/local/x86_64-linux-musl/src_gcc/libstdc++-v3/include/std/atomic /build/x86_64-linux-musl-cross/src/musl-cross-make/build/local/x86_64-linux-musl/src_gcc/libstdc++-v3/include/std/bit /build/x86_64-linux-musl-cross/src/musl-cross-make/build/local/x86_64-linux-musl/src_gcc/libstdc++-v3/include/std/bitset /build/x86_64-linux-musl-cross/src/musl-cross-make/build/local/x86_64-linux-musl/src_gcc/libstdc++-v3/include/std/concepts /build/x86_64-linux-musl-cross/src/musl-cross-make/build/local/x86_64-linux-musl/src_gcc/libstdc++-v3/include/std/contracts /build/x86_64-linux-musl-cross/src/musl-cross-make/build/local/x86_64-linux-musl/src_gcc/libstdc++-v3/include/std/coroutine /build/x86_64-linux-musl-cross/src/musl-cross-make/build/local/x86_64-linux-musl/src_gcc/libstdc++-v3/include/std/expected /build/x86_64-linux-musl-cross/src/musl-cross-make/build/local/x86_64-linux-musl/src_gcc/libstdc++-v3/include/std/functional /build/x86_64-linux-musl-cross/src/musl-cross-make/build/local/x86_64-linux-musl/src_gcc/libstdc++-v3/include/std/generator /build/x86_64-linux-musl-cross/src/musl-cross-make/build/local/x86_64-linux-musl/src_gcc/libstdc++-v3/include/std/iterator /build/x86_64-linux-musl-cross/src/musl-cross-make/build/local/x86_64-linux-musl/src_gcc/libstdc++-v3/include/std/limits /build/x86_64-linux-musl-cross/src/musl-cross-make/build/local/x86_64-linux-musl/src_gcc/libstdc++-v3/include/std/mdspan /build/x86_64-linux-musl-cross/src/musl-cross-make/build/local/x86_64-linux-musl/src_gcc/libstdc++-v3/include/std/memory /build/x86_64-linux-musl-cross/src/musl-cross-make/build/local/x86_64-linux-musl/src_gcc/libstdc++-v3/include/std/numbers /build/x86_64-linux-musl-cross/src/musl-cross-make/build/local/x86_64-linux-musl/src_gcc/libstdc++-v3/include/std/numeric /build/x86_64-linux-musl-cross/src/musl-cross-make/build/local/x86_64-linux-musl/src_gcc/libstdc++-v3/include/std/optional /build/x86_64-linux-musl-cross/src/musl-cross-make/build/local/x86_64-linux-musl/src_gcc/libstdc++-v3/include/std/ranges /build/x86_64-linux-musl-cross/src/musl-cross-make/build/local/x86_64-linux-musl/src_gcc/libstdc++-v3/include/std/ratio /build/x86_64-linux-musl-cross/src/musl-cross-make/build/local/x86_64-linux-musl/src_gcc/libstdc++-v3/include/std/scoped_allocator /build/x86_64-linux-musl-cross/src/musl-cross-make/build/local/x86_64-linux-musl/src_gcc/libstdc++-v3/include/std/source_location /build/x86_64-linux-musl-cross/src/musl-cross-make/build/local/x86_64-linux-musl/src_gcc/libstdc++-v3/include/std/span /build/x86_64-linux-musl-cross/src/musl-cross-make/build/local/x86_64-linux-musl/src_gcc/libstdc++-v3/include/std/string_view /build/x86_64-linux-musl-cross/src/musl-cross-make/build/local/x86_64-linux-musl/src_gcc/libstdc++-v3/include/std/tuple /build/x86_64-linux-musl-cross/src/musl-cross-make/build/local/x86_64-linux-musl/src_gcc/libstdc++-v3/include/std/type_traits /build/x86_64-linux-musl-cross/src/musl-cross-make/build/local/x86_64-linux-musl/src_gcc/libstdc++-v3/include/std/typeindex /build/x86_64-linux-musl-cross/src/musl-cross-make/build/local/x86_64-linux-musl/src_gcc/libstdc++-v3/include/std/utility /build/x86_64-linux-musl-cross/src/musl-cross-make/build/local/x86_64-linux-musl/src_gcc/libstdc++-v3/include/std/variant /build/x86_64-linux-musl-cross/src/musl-cross-make/build/local/x86_64-linux-musl/src_gcc/libstdc++-v3/include/std/version /build/x86_64-linux-musl-cross/src/musl-cross-make/build/local/x86_64-linux-musl/src_gcc/libstdc++-v3/include/std/any /build/x86_64-linux-musl-cross/src/musl-cross-make/build/local/x86_64-linux-musl/src_gcc/libstdc++-v3/include/std/barrier /build/x86_64-linux-musl-cross/src/musl-cross-make/build/local/x86_64-linux-musl/src_gcc/libstdc++-v3/include/std/charconv /build/x86_64-linux-musl-cross/src/musl-cross-make/build/local/x86_64-linux-musl/src_gcc/libstdc++-v3/include/std/chrono /build/x86_64-linux-musl-cross/src/musl-cross-make/build/local/x86_64-linux-musl/src_gcc/libstdc++-v3/include/std/codecvt /build/x86_64-linux-musl-cross/src/musl-cross-make/build/local/x86_64-linux-musl/src_gcc/libstdc++-v3/include/std/complex /build/x86_64-linux-musl-cross/src/musl-cross-make/build/local/x86_64-linux-musl/src_gcc/libstdc++-v3/include/std/condition_variable /build/x86_64-linux-musl-cross/src/musl-cross-make/build/local/x86_64-linux-musl/src_gcc/libstdc++-v3/include/std/debugging /build/x86_64-linux-musl-cross/src/musl-cross-make/build/local/x86_64-linux-musl/src_gcc/libstdc++-v3/include/std/deque /build/x86_64-linux-musl-cross/src/musl-cross-make/build/local/x86_64-linux-musl/src_gcc/libstdc++-v3/include/std/execution /build/x86_64-linux-musl-cross/src/musl-cross-make/build/local/x86_64-linux-musl/src_gcc/libstdc++-v3/include/std/filesystem /build/x86_64-linux-musl-cross/src/musl-cross-make/build/local/x86_64-linux-musl/src_gcc/libstdc++-v3/include/std/flat_map /build/x86_64-linux-musl-cross/src/musl-cross-make/build/local/x86_64-linux-musl/src_gcc/libstdc++-v3/include/std/flat_set /build/x86_64-linux-musl-cross/src/musl-cross-make/build/local/x86_64-linux-musl/src_gcc/libstdc++-v3/include/std/format /build/x86_64-linux-musl-cross/src/musl-cross-make/build/local/x86_64-linux-musl/src_gcc/libstdc++-v3/include/std/forward_list /build/x86_64-linux-musl-cross/src/musl-cross-make/build/local/x86_64-linux-musl/src_gcc/libstdc++-v3/include/std/fstream /build/x86_64-linux-musl-cross/src/musl-cross-make/build/local/x86_64-linux-musl/src_gcc/libstdc++-v3/include/std/future /build/x86_64-linux-musl-cross/src/musl-cross-make/build/local/x86_64-linux-musl/src_gcc/libstdc++-v3/include/std/inplace_vector /build/x86_64-linux-musl-cross/src/musl-cross-make/build/local/x86_64-linux-musl/src_gcc/libstdc++-v3/include/std/iomanip /build/x86_64-linux-musl-cross/src/musl-cross-make/build/local/x86_64-linux-musl/src_gcc/libstdc++-v3/include/std/ios /build/x86_64-linux-musl-cross/src/musl-cross-make/build/local/x86_64-linux-musl/src_gcc/libstdc++-v3/include/std/iosfwd /build/x86_64-linux-musl-cross/src/musl-cross-make/build/local/x86_64-linux-musl/src_gcc/libstdc++-v3/include/std/iostream /build/x86_64-linux-musl-cross/src/musl-cross-make/build/local/x86_64-linux-musl/src_gcc/libstdc++-v3/include/std/istream /build/x86_64-linux-musl-cross/src/musl-cross-make/build/local/x86_64-linux-musl/src_gcc/libstdc++-v3/include/std/latch /build/x86_64-linux-musl-cross/src/musl-cross-make/build/local/x86_64-linux-musl/src_gcc/libstdc++-v3/include/std/list /build/x86_64-linux-musl-cross/src/musl-cross-make/build/local/x86_64-linux-musl/src_gcc/libstdc++-v3/include/std/locale /build/x86_64-linux-musl-cross/src/musl-cross-make/build/local/x86_64-linux-musl/src_gcc/libstdc++-v3/include/std/map /build/x86_64-linux-musl-cross/src/musl-cross-make/build/local/x86_64-linux-musl/src_gcc/libstdc++-v3/include/std/memory_resource /build/x86_64-linux-musl-cross/src/musl-cross-make/build/local/x86_64-linux-musl/src_gcc/libstdc++-v3/include/std/meta /build/x86_64-linux-musl-cross/src/musl-cross-make/build/local/x86_64-linux-musl/src_gcc/libstdc++-v3/include/std/mutex /build/x86_64-linux-musl-cross/src/musl-cross-make/build/local/x86_64-linux-musl/src_gcc/libstdc++-v3/include/std/ostream /build/x86_64-linux-musl-cross/src/musl-cross-make/build/local/x86_64-linux-musl/src_gcc/libstdc++-v3/include/std/print /build/x86_64-linux-musl-cross/src/musl-cross-make/build/local/x86_64-linux-musl/src_gcc/libstdc++-v3/include/std/queue /build/x86_64-linux-musl-cross/src/musl-cross-make/build/local/x86_64-linux-musl/src_gcc/libstdc++-v3/include/std/random /build/x86_64-linux-musl-cross/src/musl-cross-make/build/local/x86_64-linux-musl/src_gcc/libstdc++-v3/include/std/regex /build/x86_64-linux-musl-cross/src/musl-cross-make/build/local/x86_64-linux-musl/src_gcc/libstdc++-v3/include/std/semaphore /build/x86_64-linux-musl-cross/src/musl-cross-make/build/local/x86_64-linux-musl/src_gcc/libstdc++-v3/include/std/set /build/x86_64-linux-musl-cross/src/musl-cross-make/build/local/x86_64-linux-musl/src_gcc/libstdc++-v3/include/std/shared_mutex /build/x86_64-linux-musl-cross/src/musl-cross-make/build/local/x86_64-linux-musl/src_gcc/libstdc++-v3/include/std/simd /build/x86_64-linux-musl-cross/src/musl-cross-make/build/local/x86_64-linux-musl/src_gcc/libstdc++-v3/include/std/spanstream /build/x86_64-linux-musl-cross/src/musl-cross-make/build/local/x86_64-linux-musl/src_gcc/libstdc++-v3/include/std/sstream /build/x86_64-linux-musl-cross/src/musl-cross-make/build/local/x86_64-linux-musl/src_gcc/libstdc++-v3/include/std/syncstream /build/x86_64-linux-musl-cross/src/musl-cross-make/build/local/x86_64-linux-musl/src_gcc/libstdc++-v3/include/std/stack /build/x86_64-linux-musl-cross/src/musl-cross-make/build/local/x86_64-linux-musl/src_gcc/libstdc++-v3/include/std/stacktrace /build/x86_64-linux-musl-cross/src/musl-cross-make/build/local/x86_64-linux-musl/src_gcc/libstdc++-v3/include/std/stdexcept /build/x86_64-linux-musl-cross/src/musl-cross-make/build/local/x86_64-linux-musl/src_gcc/libstdc++-v3/include/std/stdfloat /build/x86_64-linux-musl-cross/src/musl-cross-make/build/local/x86_64-linux-musl/src_gcc/libstdc++-v3/include/std/stop_token /build/x86_64-linux-musl-cross/src/musl-cross-make/build/local/x86_64-linux-musl/src_gcc/libstdc++-v3/include/std/streambuf /build/x86_64-linux-musl-cross/src/musl-cross-make/build/local/x86_64-linux-musl/src_gcc/libstdc++-v3/include/std/string /build/x86_64-linux-musl-cross/src/musl-cross-make/build/local/x86_64-linux-musl/src_gcc/libstdc++-v3/include/std/system_error /build/x86_64-linux-musl-cross/src/musl-cross-make/build/local/x86_64-linux-musl/src_gcc/libstdc++-v3/include/std/text_encoding /build/x86_64-linux-musl-cross/src/musl-cross-make/build/local/x86_64-linux-musl/src_gcc/libstdc++-v3/include/std/thread /build/x86_64-linux-musl-cross/src/musl-cross-make/build/local/x86_64-linux-musl/src_gcc/libstdc++-v3/include/std/unordered_map /build/x86_64-linux-musl-cross/src/musl-cross-make/build/local/x86_64-linux-musl/src_gcc/libstdc++-v3/include/std/unordered_set /build/x86_64-linux-musl-cross/src/musl-cross-make/build/local/x86_64-linux-musl/src_gcc/libstdc++-v3/include/std/valarray /build/x86_64-linux-musl-cross/src/musl-cross-make/build/local/x86_64-linux-musl/src_gcc/libstdc++-v3/include/std/vector; do \
  /usr/bin/install -c -m 644 ${file} /build/x86_64-linux-musl-cross/src/musl-cross-make/out/x86_64-linux-musl/include/c++/16.1.0/.; done
installing ../../../src_binutils/opcodes/po/de.gmo as /build/x86_64-linux-musl-cross/src/musl-cross-make/out/share/locale/de/LC_MESSAGES/opcodes.mo
installing ../../../src_binutils/ld/po/id.gmo as /build/x86_64-linux-musl-cross/src/musl-cross-make/out/share/locale/id/LC_MESSAGES/ld.mo
installing ../../../src_binutils/opcodes/po/es.gmo as /build/x86_64-linux-musl-cross/src/musl-cross-make/out/share/locale/es/LC_MESSAGES/opcodes.mo
installing ../../../src_binutils/ld/po/it.gmo as /build/x86_64-linux-musl-cross/src/musl-cross-make/out/share/locale/it/LC_MESSAGES/ld.mo
installing ../../../src_binutils/opcodes/po/fi.gmo as /build/x86_64-linux-musl-cross/src/musl-cross-make/out/share/locale/fi/LC_MESSAGES/opcodes.mo
installing ../../../src_binutils/ld/po/ja.gmo as /build/x86_64-linux-musl-cross/src/musl-cross-make/out/share/locale/ja/LC_MESSAGES/ld.mo
installing ../../../src_binutils/opcodes/po/fr.gmo as /build/x86_64-linux-musl-cross/src/musl-cross-make/out/share/locale/fr/LC_MESSAGES/opcodes.mo
installing ../../../src_binutils/ld/po/ka.gmo as /build/x86_64-linux-musl-cross/src/musl-cross-make/out/share/locale/ka/LC_MESSAGES/ld.mo
/bin/sh ../../src_gcc/gcc/../mkinstalldirs /build/x86_64-linux-musl-cross/src/musl-cross-make/out/lib/gcc/x86_64-linux-musl/16.1.0
installing ../../../src_binutils/opcodes/po/ga.gmo as /build/x86_64-linux-musl-cross/src/musl-cross-make/out/share/locale/ga/LC_MESSAGES/opcodes.mo
installing ../../../src_binutils/ld/po/pt_BR.gmo as /build/x86_64-linux-musl-cross/src/musl-cross-make/out/share/locale/pt_BR/LC_MESSAGES/ld.mo
installing ../../../src_binutils/opcodes/po/id.gmo as /build/x86_64-linux-musl-cross/src/musl-cross-make/out/share/locale/id/LC_MESSAGES/opcodes.mo
installing ../../../src_binutils/ld/po/ro.gmo as /build/x86_64-linux-musl-cross/src/musl-cross-make/out/share/locale/ro/LC_MESSAGES/ld.mo
installing ../../../src_binutils/opcodes/po/it.gmo as /build/x86_64-linux-musl-cross/src/musl-cross-make/out/share/locale/it/LC_MESSAGES/opcodes.mo
installing ../../../src_binutils/ld/po/ru.gmo as /build/x86_64-linux-musl-cross/src/musl-cross-make/out/share/locale/ru/LC_MESSAGES/ld.mo
installing ../../../src_binutils/opcodes/po/nl.gmo as /build/x86_64-linux-musl-cross/src/musl-cross-make/out/share/locale/nl/LC_MESSAGES/opcodes.mo
installing ../../../src_binutils/ld/po/sr.gmo as /build/x86_64-linux-musl-cross/src/musl-cross-make/out/share/locale/sr/LC_MESSAGES/ld.mo
/bin/sh ../../src_gcc/gcc/../mkinstalldirs /build/x86_64-linux-musl-cross/src/musl-cross-make/out/libexec/gcc/x86_64-linux-musl/16.1.0
if [ xno-info = xinfo ]; then \
	false --split-size=5000000 --split-size=5000000 --no-split -I . -I ../../src_gcc/gcc/doc \
		-I ../../src_gcc/gcc/doc/include -o doc/cpp.info ../../src_gcc/gcc/doc/cpp.texi; \
fi
installing ../../../src_binutils/opcodes/po/pt_BR.gmo as /build/x86_64-linux-musl-cross/src/musl-cross-make/out/share/locale/pt_BR/LC_MESSAGES/opcodes.mo
installing ../../../src_binutils/ld/po/sv.gmo as /build/x86_64-linux-musl-cross/src/musl-cross-make/out/share/locale/sv/LC_MESSAGES/ld.mo
/bin/sh ../../src_gcc/gcc/../mkinstalldirs /build/x86_64-linux-musl-cross/src/musl-cross-make/out/bin
if [ xno-info = xinfo ]; then \
	false --split-size=5000000 --split-size=5000000 --no-split -I . -I ../../src_gcc/gcc/doc \
		-I ../../src_gcc/gcc/doc/include -o doc/gcc.info ../../src_gcc/gcc/doc/gcc.texi; \
fi
installing ../../../src_binutils/opcodes/po/ro.gmo as /build/x86_64-linux-musl-cross/src/musl-cross-make/out/share/locale/ro/LC_MESSAGES/opcodes.mo
installing ../../../src_binutils/ld/po/tr.gmo as /build/x86_64-linux-musl-cross/src/musl-cross-make/out/share/locale/tr/LC_MESSAGES/ld.mo
/bin/sh ../../src_gcc/gcc/../mkinstalldirs /build/x86_64-linux-musl-cross/src/musl-cross-make/out/include
if [ xno-info = xinfo ]; then \
	false --split-size=5000000 --split-size=5000000 --no-split -I ../../src_gcc/gcc/doc \
		-I ../../src_gcc/gcc/doc/include -o doc/gccinstall.info ../../src_gcc/gcc/doc/install.texi; \
fi
if [ xno-info = xinfo ]; then \
	false --split-size=5000000 --split-size=5000000 --no-split -I . -I ../../src_gcc/gcc/doc \
		-I ../../src_gcc/gcc/doc/include -o doc/cppinternals.info ../../src_gcc/gcc/doc/cppinternals.texi; \
fi
mkdir -p -- /build/x86_64-linux-musl-cross/src/musl-cross-make/out/include
/bin/sh ../../src_gcc/gcc/../mkinstalldirs /build/x86_64-linux-musl-cross/src/musl-cross-make/out/share
/bin/sh ../../src_gcc/gcc/../mkinstalldirs /build/x86_64-linux-musl-cross/src/musl-cross-make/out
installing ../../../src_binutils/opcodes/po/sr.gmo as /build/x86_64-linux-musl-cross/src/musl-cross-make/out/share/locale/sr/LC_MESSAGES/opcodes.mo
installing ../../../src_binutils/ld/po/uk.gmo as /build/x86_64-linux-musl-cross/src/musl-cross-make/out/share/locale/uk/LC_MESSAGES/ld.mo
cats="po/be.gmo po/da.gmo po/de.gmo po/el.gmo po/es.gmo po/fi.gmo po/fr.gmo po/hr.gmo po/id.gmo po/ja.gmo po/ka.gmo po/nl.gmo po/ru.gmo po/sr.gmo po/sv.gmo po/tr.gmo po/uk.gmo po/vi.gmo po/zh_CN.gmo po/zh_TW.gmo po/be.gmo po/da.gmo po/de.gmo po/el.gmo po/es.gmo po/fi.gmo po/fr.gmo po/hr.gmo po/id.gmo po/ja.gmo po/ka.gmo po/nl.gmo po/ru.gmo po/sr.gmo po/sv.gmo po/tr.gmo po/uk.gmo po/vi.gmo po/zh_CN.gmo po/zh_TW.gmo"; for cat in $cats; do \
  lang=`basename $cat | sed 's/\.gmo$//'`; \
  if [ -f $cat ]; then :; \
  elif [ -f ../../src_gcc/gcc/$cat ]; then cat=../../src_gcc/gcc/$cat; \
  else continue; \
  fi; \
  dir=/share/locale/$lang/LC_MESSAGES; \
  echo /bin/sh ../../src_gcc/gcc/../mkinstalldirs /build/x86_64-linux-musl-cross/src/musl-cross-make/out$dir; \
  /bin/sh ../../src_gcc/gcc/../mkinstalldirs /build/x86_64-linux-musl-cross/src/musl-cross-make/out$dir || exit 1; \
  echo /usr/bin/install -c -m 644 $cat /build/x86_64-linux-musl-cross/src/musl-cross-make/out$dir/gcc.mo; \
  /usr/bin/install -c -m 644 $cat /build/x86_64-linux-musl-cross/src/musl-cross-make/out$dir/gcc.mo; \
done
/bin/sh ../../src_gcc/gcc/../mkinstalldirs /build/x86_64-linux-musl-cross/src/musl-cross-make/out/share/man/man1
/bin/sh ../../src_gcc/gcc/../mkinstalldirs /build/x86_64-linux-musl-cross/src/musl-cross-make/out/share/man/man3
/bin/sh ../../src_gcc/gcc/../mkinstalldirs /build/x86_64-linux-musl-cross/src/musl-cross-make/out/share/locale/be/LC_MESSAGES
installing ../../../src_binutils/opcodes/po/sv.gmo as /build/x86_64-linux-musl-cross/src/musl-cross-make/out/share/locale/sv/LC_MESSAGES/opcodes.mo
/usr/bin/install -c -m 644 ../../src_gcc/gcc/po/be.gmo /build/x86_64-linux-musl-cross/src/musl-cross-make/out/share/locale/be/LC_MESSAGES/gcc.mo
mkdir -p -- /build/x86_64-linux-musl-cross/src/musl-cross-make/out/share/man/man3
installing ../../../src_binutils/ld/po/vi.gmo as /build/x86_64-linux-musl-cross/src/musl-cross-make/out/share/locale/vi/LC_MESSAGES/ld.mo
/bin/sh ../../src_gcc/gcc/../mkinstalldirs /build/x86_64-linux-musl-cross/src/musl-cross-make/out/share/man/man7
/bin/sh ../../src_gcc/gcc/../mkinstalldirs /build/x86_64-linux-musl-cross/src/musl-cross-make/out/share/locale/da/LC_MESSAGES
mkdir -p -- /build/x86_64-linux-musl-cross/src/musl-cross-make/out/share/man/man7
installing ../../../src_binutils/opcodes/po/tr.gmo as /build/x86_64-linux-musl-cross/src/musl-cross-make/out/share/locale/tr/LC_MESSAGES/opcodes.mo
/usr/bin/install -c -m 644 ../../src_gcc/gcc/po/da.gmo /build/x86_64-linux-musl-cross/src/musl-cross-make/out/share/locale/da/LC_MESSAGES/gcc.mo
installing ../../../src_binutils/ld/po/zh_CN.gmo as /build/x86_64-linux-musl-cross/src/musl-cross-make/out/share/locale/zh_CN/LC_MESSAGES/ld.mo
/bin/sh ../../src_gcc/gcc/../mkinstalldirs /build/x86_64-linux-musl-cross/src/musl-cross-make/out/share/locale/de/LC_MESSAGES
/usr/bin/install -c -m 644 ../../src_gcc/gcc/po/de.gmo /build/x86_64-linux-musl-cross/src/musl-cross-make/out/share/locale/de/LC_MESSAGES/gcc.mo
installing ../../../src_binutils/opcodes/po/uk.gmo as /build/x86_64-linux-musl-cross/src/musl-cross-make/out/share/locale/uk/LC_MESSAGES/opcodes.mo
installing ../../../src_binutils/ld/po/zh_TW.gmo as /build/x86_64-linux-musl-cross/src/musl-cross-make/out/share/locale/zh_TW/LC_MESSAGES/ld.mo
/bin/sh ../../src_gcc/gcc/../mkinstalldirs /build/x86_64-linux-musl-cross/src/musl-cross-make/out/share/locale/el/LC_MESSAGES
/usr/bin/install -c -m 644 ../../src_gcc/gcc/po/el.gmo /build/x86_64-linux-musl-cross/src/musl-cross-make/out/share/locale/el/LC_MESSAGES/gcc.mo
installing ../../../src_binutils/opcodes/po/vi.gmo as /build/x86_64-linux-musl-cross/src/musl-cross-make/out/share/locale/vi/LC_MESSAGES/opcodes.mo
installing ../../../src_binutils/ld/po/bg.gmo as /build/x86_64-linux-musl-cross/src/musl-cross-make/out/share/locale/bg/LC_MESSAGES/ld.mo
/bin/sh ../../src_gcc/gcc/../mkinstalldirs /build/x86_64-linux-musl-cross/src/musl-cross-make/out/share/locale/es/LC_MESSAGES
/usr/bin/install -c -m 644 ../../src_gcc/gcc/po/es.gmo /build/x86_64-linux-musl-cross/src/musl-cross-make/out/share/locale/es/LC_MESSAGES/gcc.mo
installing ../../../src_binutils/ld/po/da.gmo as /build/x86_64-linux-musl-cross/src/musl-cross-make/out/share/locale/da/LC_MESSAGES/ld.mo
installing ../../../src_binutils/opcodes/po/zh_CN.gmo as /build/x86_64-linux-musl-cross/src/musl-cross-make/out/share/locale/zh_CN/LC_MESSAGES/opcodes.mo
if test "opcodes" = "gettext"; then \
  if test -r ../../../src_binutils/opcodes/../mkinstalldirs; then \
    ../../../src_binutils/opcodes/../mkinstalldirs /build/x86_64-linux-musl-cross/src/musl-cross-make/out/share/gettext/po; \
  else \
    ../../../src_binutils/opcodes/mkinstalldirs /build/x86_64-linux-musl-cross/src/musl-cross-make/out/share/gettext/po; \
  fi; \
  /usr/bin/install -c -m 644 ../../../src_binutils/opcodes/po/Makefile.in.in \
		  /build/x86_64-linux-musl-cross/src/musl-cross-make/out/share/gettext/po/Makefile.in.in; \
else \
  : ; \
fi
/bin/sh ../../src_gcc/gcc/../mkinstalldirs /build/x86_64-linux-musl-cross/src/musl-cross-make/out/share/locale/fi/LC_MESSAGES
make[5]: Leaving directory '/build/x86_64-linux-musl-cross/src/musl-cross-make/build/local/x86_64-linux-musl/obj_binutils/opcodes/po'
/usr/bin/install -c -m 644 ../../src_gcc/gcc/po/fi.gmo /build/x86_64-linux-musl-cross/src/musl-cross-make/out/share/locale/fi/LC_MESSAGES/gcc.mo
make[4]: Leaving directory '/build/x86_64-linux-musl-cross/src/musl-cross-make/build/local/x86_64-linux-musl/obj_binutils/opcodes'
installing ../../../src_binutils/ld/po/de.gmo as /build/x86_64-linux-musl-cross/src/musl-cross-make/out/share/locale/de/LC_MESSAGES/ld.mo
/bin/sh ../../src_gcc/gcc/../mkinstalldirs /build/x86_64-linux-musl-cross/src/musl-cross-make/out/share/locale/fr/LC_MESSAGES
/usr/bin/install -c -m 644 ../../src_gcc/gcc/po/fr.gmo /build/x86_64-linux-musl-cross/src/musl-cross-make/out/share/locale/fr/LC_MESSAGES/gcc.mo
installing ../../../src_binutils/ld/po/es.gmo as /build/x86_64-linux-musl-cross/src/musl-cross-make/out/share/locale/es/LC_MESSAGES/ld.mo
/bin/sh ../../src_gcc/gcc/../mkinstalldirs /build/x86_64-linux-musl-cross/src/musl-cross-make/out/share/locale/hr/LC_MESSAGES
/usr/bin/install -c -m 644 ../../src_gcc/gcc/po/hr.gmo /build/x86_64-linux-musl-cross/src/musl-cross-make/out/share/locale/hr/LC_MESSAGES/gcc.mo
installing ../../../src_binutils/ld/po/fi.gmo as /build/x86_64-linux-musl-cross/src/musl-cross-make/out/share/locale/fi/LC_MESSAGES/ld.mo
/bin/sh /build/x86_64-linux-musl-cross/src/musl-cross-make/build/local/x86_64-linux-musl/src_gcc/libstdc++-v3/../mkinstalldirs /build/x86_64-linux-musl-cross/src/musl-cross-make/out/x86_64-linux-musl/include/c++/16.1.0/./debug
/bin/sh ../../src_gcc/gcc/../mkinstalldirs /build/x86_64-linux-musl-cross/src/musl-cross-make/out/share/locale/id/LC_MESSAGES
/usr/bin/install -c -m 644 ../../src_gcc/gcc/po/id.gmo /build/x86_64-linux-musl-cross/src/musl-cross-make/out/share/locale/id/LC_MESSAGES/gcc.mo
mkdir -p -- /build/x86_64-linux-musl-cross/src/musl-cross-make/out/x86_64-linux-musl/include/c++/16.1.0/./debug
for file in /build/x86_64-linux-musl-cross/src/musl-cross-make/build/local/x86_64-linux-musl/src_gcc/libstdc++-v3/include/debug/assertions.h /build/x86_64-linux-musl-cross/src/musl-cross-make/build/local/x86_64-linux-musl/src_gcc/libstdc++-v3/include/debug/debug.h /build/x86_64-linux-musl-cross/src/musl-cross-make/build/local/x86_64-linux-musl/src_gcc/libstdc++-v3/include/debug/bitset /build/x86_64-linux-musl-cross/src/musl-cross-make/build/local/x86_64-linux-musl/src_gcc/libstdc++-v3/include/debug/deque /build/x86_64-linux-musl-cross/src/musl-cross-make/build/local/x86_64-linux-musl/src_gcc/libstdc++-v3/include/debug/formatter.h /build/x86_64-linux-musl-cross/src/musl-cross-make/build/local/x86_64-linux-musl/src_gcc/libstdc++-v3/include/debug/forward_list /build/x86_64-linux-musl-cross/src/musl-cross-make/build/local/x86_64-linux-musl/src_gcc/libstdc++-v3/include/debug/functions.h /build/x86_64-linux-musl-cross/src/musl-cross-make/build/local/x86_64-linux-musl/src_gcc/libstdc++-v3/include/debug/helper_functions.h /build/x86_64-linux-musl-cross/src/musl-cross-make/build/local/x86_64-linux-musl/src_gcc/libstdc++-v3/include/debug/inplace_vector /build/x86_64-linux-musl-cross/src/musl-cross-make/build/local/x86_64-linux-musl/src_gcc/libstdc++-v3/include/debug/list /build/x86_64-linux-musl-cross/src/musl-cross-make/build/local/x86_64-linux-musl/src_gcc/libstdc++-v3/include/debug/map /build/x86_64-linux-musl-cross/src/musl-cross-make/build/local/x86_64-linux-musl/src_gcc/libstdc++-v3/include/debug/macros.h /build/x86_64-linux-musl-cross/src/musl-cross-make/build/local/x86_64-linux-musl/src_gcc/libstdc++-v3/include/debug/map.h /build/x86_64-linux-musl-cross/src/musl-cross-make/build/local/x86_64-linux-musl/src_gcc/libstdc++-v3/include/debug/multimap.h /build/x86_64-linux-musl-cross/src/musl-cross-make/build/local/x86_64-linux-musl/src_gcc/libstdc++-v3/include/debug/multiset.h /build/x86_64-linux-musl-cross/src/musl-cross-make/build/local/x86_64-linux-musl/src_gcc/libstdc++-v3/include/debug/safe_base.h /build/x86_64-linux-musl-cross/src/musl-cross-make/build/local/x86_64-linux-musl/src_gcc/libstdc++-v3/include/debug/safe_container.h /build/x86_64-linux-musl-cross/src/musl-cross-make/build/local/x86_64-linux-musl/src_gcc/libstdc++-v3/include/debug/safe_iterator.h /build/x86_64-linux-musl-cross/src/musl-cross-make/build/local/x86_64-linux-musl/src_gcc/libstdc++-v3/include/debug/safe_iterator.tcc /build/x86_64-linux-musl-cross/src/musl-cross-make/build/local/x86_64-linux-musl/src_gcc/libstdc++-v3/include/debug/safe_local_iterator.h /build/x86_64-linux-musl-cross/src/musl-cross-make/build/local/x86_64-linux-musl/src_gcc/libstdc++-v3/include/debug/safe_local_iterator.tcc /build/x86_64-linux-musl-cross/src/musl-cross-make/build/local/x86_64-linux-musl/src_gcc/libstdc++-v3/include/debug/safe_sequence.h /build/x86_64-linux-musl-cross/src/musl-cross-make/build/local/x86_64-linux-musl/src_gcc/libstdc++-v3/include/debug/safe_sequence.tcc /build/x86_64-linux-musl-cross/src/musl-cross-make/build/local/x86_64-linux-musl/src_gcc/libstdc++-v3/include/debug/safe_unordered_base.h /build/x86_64-linux-musl-cross/src/musl-cross-make/build/local/x86_64-linux-musl/src_gcc/libstdc++-v3/include/debug/safe_unordered_container.h /build/x86_64-linux-musl-cross/src/musl-cross-make/build/local/x86_64-linux-musl/src_gcc/libstdc++-v3/include/debug/safe_unordered_container.tcc /build/x86_64-linux-musl-cross/src/musl-cross-make/build/local/x86_64-linux-musl/src_gcc/libstdc++-v3/include/debug/set /build/x86_64-linux-musl-cross/src/musl-cross-make/build/local/x86_64-linux-musl/src_gcc/libstdc++-v3/include/debug/set.h /build/x86_64-linux-musl-cross/src/musl-cross-make/build/local/x86_64-linux-musl/src_gcc/libstdc++-v3/include/debug/stl_iterator.h /build/x86_64-linux-musl-cross/src/musl-cross-make/build/local/x86_64-linux-musl/src_gcc/libstdc++-v3/include/debug/string /build/x86_64-linux-musl-cross/src/musl-cross-make/build/local/x86_64-linux-musl/src_gcc/libstdc++-v3/include/debug/unordered_map /build/x86_64-linux-musl-cross/src/musl-cross-make/build/local/x86_64-linux-musl/src_gcc/libstdc++-v3/include/debug/unordered_set /build/x86_64-linux-musl-cross/src/musl-cross-make/build/local/x86_64-linux-musl/src_gcc/libstdc++-v3/include/debug/vector; do \
  /usr/bin/install -c -m 644 ${file} /build/x86_64-linux-musl-cross/src/musl-cross-make/out/x86_64-linux-musl/include/c++/16.1.0/./debug; done
/bin/sh ../../src_gcc/gcc/../mkinstalldirs /build/x86_64-linux-musl-cross/src/musl-cross-make/out/share/locale/ja/LC_MESSAGES
installing ../../../src_binutils/ld/po/fr.gmo as /build/x86_64-linux-musl-cross/src/musl-cross-make/out/share/locale/fr/LC_MESSAGES/ld.mo
/usr/bin/install -c -m 644 ../../src_gcc/gcc/po/ja.gmo /build/x86_64-linux-musl-cross/src/musl-cross-make/out/share/locale/ja/LC_MESSAGES/gcc.mo
/bin/sh ../../src_gcc/gcc/../mkinstalldirs /build/x86_64-linux-musl-cross/src/musl-cross-make/out/share/locale/ka/LC_MESSAGES
installing ../../../src_binutils/ld/po/ga.gmo as /build/x86_64-linux-musl-cross/src/musl-cross-make/out/share/locale/ga/LC_MESSAGES/ld.mo
make[4]: Entering directory '/build/x86_64-linux-musl-cross/src/musl-cross-make/build/local/x86_64-linux-musl/obj_binutils/binutils'
/usr/bin/install -c -m 644 ../../src_gcc/gcc/po/ka.gmo /build/x86_64-linux-musl-cross/src/musl-cross-make/out/share/locale/ka/LC_MESSAGES/gcc.mo
make MULTILIB_OSDIRNAMES= INFO_DEPS= infodir= ac_cv_prog_lex_root=lex.yy MAKEINFO=false   install-recursive
/bin/sh ../../src_gcc/gcc/../mkinstalldirs /build/x86_64-linux-musl-cross/src/musl-cross-make/out/share/locale/nl/LC_MESSAGES
if test "" != "yes" ; then \
  rm -f /build/x86_64-linux-musl-cross/src/musl-cross-make/out/bin/x86_64-linux-musl-g++; \
  /usr/bin/install -c xg++ /build/x86_64-linux-musl-cross/src/musl-cross-make/out/bin/x86_64-linux-musl-g++; \
  chmod a+x /build/x86_64-linux-musl-cross/src/musl-cross-make/out/bin/x86_64-linux-musl-g++; \
  rm -f /build/x86_64-linux-musl-cross/src/musl-cross-make/out/bin/x86_64-linux-musl-c++; \
  ( cd /build/x86_64-linux-musl-cross/src/musl-cross-make/out/bin && \
    ln x86_64-linux-musl-g++ x86_64-linux-musl-c++ ); \
  if [ -f cc1plus ] ; then \
    if [ ! -f g++-cross ] ; then \
      rm -f /build/x86_64-linux-musl-cross/src/musl-cross-make/out/bin/x86_64-linux-musl-x86_64-linux-musl-g++; \
      ( cd /build/x86_64-linux-musl-cross/src/musl-cross-make/out/bin && \
	ln x86_64-linux-musl-g++ x86_64-linux-musl-x86_64-linux-musl-g++ ); \
      rm -f /build/x86_64-linux-musl-cross/src/musl-cross-make/out/bin/x86_64-linux-musl-x86_64-linux-musl-c++; \
      ( cd /build/x86_64-linux-musl-cross/src/musl-cross-make/out/bin && \
	ln x86_64-linux-musl-c++ x86_64-linux-musl-x86_64-linux-musl-c++ ); \
    fi ; \
  fi; \
fi
/usr/bin/install -c lto-dump \
/build/x86_64-linux-musl-cross/src/musl-cross-make/out/bin/x86_64-linux-musl-lto-dump
/bin/sh ../../src_gcc/gcc/../mkinstalldirs /build/x86_64-linux-musl-cross/src/musl-cross-make/out/lib/gcc/x86_64-linux-musl/16.1.0/include
/bin/sh ../../src_gcc/gcc/../mkinstalldirs /build/x86_64-linux-musl-cross/src/musl-cross-make/out/lib/gcc/x86_64-linux-musl/16.1.0/install-tools/include
rm -f /build/x86_64-linux-musl-cross/src/musl-cross-make/out/share/man/man1/x86_64-linux-musl-g++.1
installing ../../../src_binutils/ld/po/id.gmo as /build/x86_64-linux-musl-cross/src/musl-cross-make/out/share/locale/id/LC_MESSAGES/ld.mo
rm -f /build/x86_64-linux-musl-cross/src/musl-cross-make/out/share/man/man1/x86_64-linux-musl-gcc.1
rm -f /build/x86_64-linux-musl-cross/src/musl-cross-make/out/share/man/man1/x86_64-linux-musl-cpp.1
/usr/bin/install -c -m 644 ../../src_gcc/gcc/po/nl.gmo /build/x86_64-linux-musl-cross/src/musl-cross-make/out/share/locale/nl/LC_MESSAGES/gcc.mo
rm -f /build/x86_64-linux-musl-cross/src/musl-cross-make/out/share/man/man1/x86_64-linux-musl-gcov.1
/usr/bin/install -c -m 644 doc/g++.1 /build/x86_64-linux-musl-cross/src/musl-cross-make/out/share/man/man1/x86_64-linux-musl-g++.1
/usr/bin/install -c -m 644 doc/gcc.1 /build/x86_64-linux-musl-cross/src/musl-cross-make/out/share/man/man1/x86_64-linux-musl-gcc.1
rm -rf /build/x86_64-linux-musl-cross/src/musl-cross-make/out/lib/gcc/x86_64-linux-musl/16.1.0/include-fixed
/usr/bin/install -c -m 644 ../../src_gcc/gcc/doc/cpp.1 /build/x86_64-linux-musl-cross/src/musl-cross-make/out/share/man/man1/x86_64-linux-musl-cpp.1
/usr/bin/install -c -m 644 ../../src_gcc/gcc/doc/gcov.1 /build/x86_64-linux-musl-cross/src/musl-cross-make/out/share/man/man1/x86_64-linux-musl-gcov.1
/bin/sh ../../src_gcc/gcc/../mkinstalldirs /build/x86_64-linux-musl-cross/src/musl-cross-make/out/libexec/gcc/x86_64-linux-musl/16.1.0/install-tools
rm -f /build/x86_64-linux-musl-cross/src/musl-cross-make/out/share/man/man1/x86_64-linux-musl-gcov-tool.1
mkdir /build/x86_64-linux-musl-cross/src/musl-cross-make/out/lib/gcc/x86_64-linux-musl/16.1.0/include-fixed
rm -f /build/x86_64-linux-musl-cross/src/musl-cross-make/out/share/man/man1/x86_64-linux-musl-gcov-dump.1
chmod a-x /build/x86_64-linux-musl-cross/src/musl-cross-make/out/share/man/man1/x86_64-linux-musl-g++.1
chmod a-x /build/x86_64-linux-musl-cross/src/musl-cross-make/out/share/man/man1/x86_64-linux-musl-gcc.1
chmod a-x /build/x86_64-linux-musl-cross/src/musl-cross-make/out/share/man/man1/x86_64-linux-musl-cpp.1
chmod a-x /build/x86_64-linux-musl-cross/src/musl-cross-make/out/share/man/man1/x86_64-linux-musl-gcov.1
/usr/bin/install -c -m 644 ../../src_gcc/gcc/doc/gcov-tool.1 /build/x86_64-linux-musl-cross/src/musl-cross-make/out/share/man/man1/x86_64-linux-musl-gcov-tool.1
chmod a+rx /build/x86_64-linux-musl-cross/src/musl-cross-make/out/lib/gcc/x86_64-linux-musl/16.1.0/include-fixed
/usr/bin/install -c -m 644 ../../src_gcc/gcc/doc/gcov-dump.1 /build/x86_64-linux-musl-cross/src/musl-cross-make/out/share/man/man1/x86_64-linux-musl-gcov-dump.1
rm -f /build/x86_64-linux-musl-cross/src/musl-cross-make/out/share/man/man1/x86_64-linux-musl-lto-dump.1
/bin/sh ../../src_gcc/gcc/../mkinstalldirs /build/x86_64-linux-musl-cross/src/musl-cross-make/out/share/locale/ru/LC_MESSAGES
rm -f /build/x86_64-linux-musl-cross/src/musl-cross-make/out/share/man/man7/fsf-funding.7
chmod a-x /build/x86_64-linux-musl-cross/src/musl-cross-make/out/share/man/man1/x86_64-linux-musl-gcov-tool.1
rm -f /build/x86_64-linux-musl-cross/src/musl-cross-make/out/share/man/man7/gfdl.7
chmod a-x /build/x86_64-linux-musl-cross/src/musl-cross-make/out/share/man/man1/x86_64-linux-musl-gcov-dump.1
/usr/bin/install -c -m 644 ../../src_gcc/gcc/doc/lto-dump.1 /build/x86_64-linux-musl-cross/src/musl-cross-make/out/share/man/man1/x86_64-linux-musl-lto-dump.1
/usr/bin/install -c -m 644 ../../src_gcc/gcc/doc/fsf-funding.7 /build/x86_64-linux-musl-cross/src/musl-cross-make/out/share/man/man7/fsf-funding.7
/usr/bin/install -c -m 644 ../../src_gcc/gcc/doc/gfdl.7 /build/x86_64-linux-musl-cross/src/musl-cross-make/out/share/man/man7/gfdl.7
rm -f /build/x86_64-linux-musl-cross/src/musl-cross-make/out/share/man/man7/gpl.7
installing ../../../src_binutils/ld/po/it.gmo as /build/x86_64-linux-musl-cross/src/musl-cross-make/out/share/locale/it/LC_MESSAGES/ld.mo
if [ xno-info = xinfo ]; then \
	false --split-size=5000000 --split-size=5000000 --no-split -I . -I ../../src_gcc/gcc/doc \
		-I ../../src_gcc/gcc/doc/include -o doc/gccint.info ../../src_gcc/gcc/doc/gccint.texi; \
fi
chmod a-x /build/x86_64-linux-musl-cross/src/musl-cross-make/out/share/man/man1/x86_64-linux-musl-lto-dump.1
chmod a-x /build/x86_64-linux-musl-cross/src/musl-cross-make/out/share/man/man7/fsf-funding.7
/usr/bin/install -c -m 644 ../../src_gcc/gcc/po/ru.gmo /build/x86_64-linux-musl-cross/src/musl-cross-make/out/share/locale/ru/LC_MESSAGES/gcc.mo
chmod a-x /build/x86_64-linux-musl-cross/src/musl-cross-make/out/share/man/man7/gfdl.7
/usr/bin/install -c -m 644 ../../src_gcc/gcc/doc/gpl.7 /build/x86_64-linux-musl-cross/src/musl-cross-make/out/share/man/man7/gpl.7
rm -f /build/x86_64-linux-musl-cross/src/musl-cross-make/out/cpp.info
rm -f /build/x86_64-linux-musl-cross/src/musl-cross-make/out/gcc.info
rm -f /build/x86_64-linux-musl-cross/src/musl-cross-make/out/cppinternals.info
if [ -f doc/cpp.info ]; then \
  for f in doc/cpp.info*; do \
    realfile=`echo $f | sed -e 's|.*/\([^/]*\)$|\1|'`; \
    /usr/bin/install -c -m 644 $f /build/x86_64-linux-musl-cross/src/musl-cross-make/out/$realfile; \
    chmod a-x /build/x86_64-linux-musl-cross/src/musl-cross-make/out/$realfile; \
  done; \
else true; fi
chmod a-x /build/x86_64-linux-musl-cross/src/musl-cross-make/out/share/man/man7/gpl.7
if [ -f doc/gcc.info ]; then \
  for f in doc/gcc.info*; do \
    realfile=`echo $f | sed -e 's|.*/\([^/]*\)$|\1|'`; \
    /usr/bin/install -c -m 644 $f /build/x86_64-linux-musl-cross/src/musl-cross-make/out/$realfile; \
    chmod a-x /build/x86_64-linux-musl-cross/src/musl-cross-make/out/$realfile; \
  done; \
else true; fi
make[5]: Entering directory '/build/x86_64-linux-musl-cross/src/musl-cross-make/build/local/x86_64-linux-musl/obj_binutils/binutils'
if [ -f doc/cppinternals.info ]; then \
  for f in doc/cppinternals.info*; do \
    realfile=`echo $f | sed -e 's|.*/\([^/]*\)$|\1|'`; \
    /usr/bin/install -c -m 644 $f /build/x86_64-linux-musl-cross/src/musl-cross-make/out/$realfile; \
    chmod a-x /build/x86_64-linux-musl-cross/src/musl-cross-make/out/$realfile; \
  done; \
else true; fi
rm -f /build/x86_64-linux-musl-cross/src/musl-cross-make/out/gccinstall.info
rm -f /build/x86_64-linux-musl-cross/src/musl-cross-make/out/gccint.info
if /bin/sh -c 'install-info --version' >/dev/null 2>&1; then \
  if [ -f /build/x86_64-linux-musl-cross/src/musl-cross-make/out/cpp.info ]; then \
    install-info --dir-file=/build/x86_64-linux-musl-cross/src/musl-cross-make/out/dir /build/x86_64-linux-musl-cross/src/musl-cross-make/out/cpp.info; \
  else true; fi; \
else true; fi;
/bin/sh ../../src_gcc/gcc/../mkinstalldirs /build/x86_64-linux-musl-cross/src/musl-cross-make/out/share/locale/sr/LC_MESSAGES
if [ -f doc/gccinstall.info ]; then \
  for f in doc/gccinstall.info*; do \
    realfile=`echo $f | sed -e 's|.*/\([^/]*\)$|\1|'`; \
    /usr/bin/install -c -m 644 $f /build/x86_64-linux-musl-cross/src/musl-cross-make/out/$realfile; \
    chmod a-x /build/x86_64-linux-musl-cross/src/musl-cross-make/out/$realfile; \
  done; \
else true; fi
if [ -f doc/gccint.info ]; then \
  for f in doc/gccint.info*; do \
    realfile=`echo $f | sed -e 's|.*/\([^/]*\)$|\1|'`; \
    /usr/bin/install -c -m 644 $f /build/x86_64-linux-musl-cross/src/musl-cross-make/out/$realfile; \
    chmod a-x /build/x86_64-linux-musl-cross/src/musl-cross-make/out/$realfile; \
  done; \
else true; fi
if /bin/sh -c 'install-info --version' >/dev/null 2>&1; then \
  if [ -f /build/x86_64-linux-musl-cross/src/musl-cross-make/out/gcc.info ]; then \
    install-info --dir-file=/build/x86_64-linux-musl-cross/src/musl-cross-make/out/dir /build/x86_64-linux-musl-cross/src/musl-cross-make/out/gcc.info; \
  else true; fi; \
else true; fi;
if /bin/sh -c 'install-info --version' >/dev/null 2>&1; then \
  if [ -f /build/x86_64-linux-musl-cross/src/musl-cross-make/out/cppinternals.info ]; then \
    install-info --dir-file=/build/x86_64-linux-musl-cross/src/musl-cross-make/out/dir /build/x86_64-linux-musl-cross/src/musl-cross-make/out/cppinternals.info; \
  else true; fi; \
else true; fi;
installing ../../../src_binutils/ld/po/ja.gmo as /build/x86_64-linux-musl-cross/src/musl-cross-make/out/share/locale/ja/LC_MESSAGES/ld.mo
/usr/bin/install -c -m 644 ../../src_gcc/gcc/po/sr.gmo /build/x86_64-linux-musl-cross/src/musl-cross-make/out/share/locale/sr/LC_MESSAGES/gcc.mo
if /bin/sh -c 'install-info --version' >/dev/null 2>&1; then \
  if [ -f /build/x86_64-linux-musl-cross/src/musl-cross-make/out/gccinstall.info ]; then \
    install-info --dir-file=/build/x86_64-linux-musl-cross/src/musl-cross-make/out/dir /build/x86_64-linux-musl-cross/src/musl-cross-make/out/gccinstall.info; \
  else true; fi; \
else true; fi;
if /bin/sh -c 'install-info --version' >/dev/null 2>&1; then \
  if [ -f /build/x86_64-linux-musl-cross/src/musl-cross-make/out/gccint.info ]; then \
    install-info --dir-file=/build/x86_64-linux-musl-cross/src/musl-cross-make/out/dir /build/x86_64-linux-musl-cross/src/musl-cross-make/out/gccint.info; \
  else true; fi; \
else true; fi;
Making install in po
/bin/sh ../../src_gcc/gcc/../mkinstalldirs /build/x86_64-linux-musl-cross/src/musl-cross-make/out/share/locale/sv/LC_MESSAGES
/usr/bin/install -c -m 644 ../../src_gcc/gcc/po/sv.gmo /build/x86_64-linux-musl-cross/src/musl-cross-make/out/share/locale/sv/LC_MESSAGES/gcc.mo
installing ../../../src_binutils/ld/po/ka.gmo as /build/x86_64-linux-musl-cross/src/musl-cross-make/out/share/locale/ka/LC_MESSAGES/ld.mo
make[6]: Entering directory '/build/x86_64-linux-musl-cross/src/musl-cross-make/build/local/x86_64-linux-musl/obj_binutils/binutils/po'
if test -r ../../../src_binutils/binutils/../mkinstalldirs; then \
  ../../../src_binutils/binutils/../mkinstalldirs /build/x86_64-linux-musl-cross/src/musl-cross-make/out/share; \
else \
  ../../../src_binutils/binutils/mkinstalldirs /build/x86_64-linux-musl-cross/src/musl-cross-make/out/share; \
fi
/bin/sh ../../src_gcc/gcc/../mkinstalldirs /build/x86_64-linux-musl-cross/src/musl-cross-make/out/share/locale/tr/LC_MESSAGES
/usr/bin/install -c -m 644 ../../src_gcc/gcc/po/tr.gmo /build/x86_64-linux-musl-cross/src/musl-cross-make/out/share/locale/tr/LC_MESSAGES/gcc.mo
installing ../../../src_binutils/ld/po/pt_BR.gmo as /build/x86_64-linux-musl-cross/src/musl-cross-make/out/share/locale/pt_BR/LC_MESSAGES/ld.mo
/bin/sh ../../src_gcc/gcc/../mkinstalldirs /build/x86_64-linux-musl-cross/src/musl-cross-make/out/share/locale/uk/LC_MESSAGES
/usr/bin/install -c -m 644 ../../src_gcc/gcc/po/uk.gmo /build/x86_64-linux-musl-cross/src/musl-cross-make/out/share/locale/uk/LC_MESSAGES/gcc.mo
installing ../../../src_binutils/binutils/po/bg.gmo as /build/x86_64-linux-musl-cross/src/musl-cross-make/out/share/locale/bg/LC_MESSAGES/binutils.mo
installing ../../../src_binutils/ld/po/ro.gmo as /build/x86_64-linux-musl-cross/src/musl-cross-make/out/share/locale/ro/LC_MESSAGES/ld.mo
/bin/sh /build/x86_64-linux-musl-cross/src/musl-cross-make/build/local/x86_64-linux-musl/src_gcc/libstdc++-v3/../mkinstalldirs /build/x86_64-linux-musl-cross/src/musl-cross-make/out/x86_64-linux-musl/include/c++/16.1.0/./ext/pb_ds
/bin/sh ../../src_gcc/gcc/../mkinstalldirs /build/x86_64-linux-musl-cross/src/musl-cross-make/out/share/locale/vi/LC_MESSAGES
/usr/bin/install -c -m 644 ../../src_gcc/gcc/po/vi.gmo /build/x86_64-linux-musl-cross/src/musl-cross-make/out/share/locale/vi/LC_MESSAGES/gcc.mo
mkdir -p -- /build/x86_64-linux-musl-cross/src/musl-cross-make/out/x86_64-linux-musl/include/c++/16.1.0/./ext/pb_ds
/bin/sh /build/x86_64-linux-musl-cross/src/musl-cross-make/build/local/x86_64-linux-musl/src_gcc/libstdc++-v3/../mkinstalldirs /build/x86_64-linux-musl-cross/src/musl-cross-make/out/x86_64-linux-musl/include/c++/16.1.0/x86_64-linux-musl/bits
installing ../../../src_binutils/binutils/po/ca.gmo as /build/x86_64-linux-musl-cross/src/musl-cross-make/out/share/locale/ca/LC_MESSAGES/binutils.mo
/bin/sh ../../src_gcc/gcc/../mkinstalldirs /build/x86_64-linux-musl-cross/src/musl-cross-make/out/share/locale/zh_CN/LC_MESSAGES
installing ../../../src_binutils/ld/po/ru.gmo as /build/x86_64-linux-musl-cross/src/musl-cross-make/out/share/locale/ru/LC_MESSAGES/ld.mo
/usr/bin/install -c -m 644 ../../src_gcc/gcc/po/zh_CN.gmo /build/x86_64-linux-musl-cross/src/musl-cross-make/out/share/locale/zh_CN/LC_MESSAGES/gcc.mo
mkdir -p -- /build/x86_64-linux-musl-cross/src/musl-cross-make/out/x86_64-linux-musl/include/c++/16.1.0/x86_64-linux-musl/bits
for file in /build/x86_64-linux-musl-cross/src/musl-cross-make/build/local/x86_64-linux-musl/src_gcc/libstdc++-v3/config/os/generic/ctype_base.h /build/x86_64-linux-musl-cross/src/musl-cross-make/build/local/x86_64-linux-musl/src_gcc/libstdc++-v3/config/os/generic/ctype_inline.h /build/x86_64-linux-musl-cross/src/musl-cross-make/build/local/x86_64-linux-musl/src_gcc/libstdc++-v3/config/os/generic/os_defines.h /build/x86_64-linux-musl-cross/src/musl-cross-make/build/local/x86_64-linux-musl/src_gcc/libstdc++-v3/config/cpu/generic/atomic_word.h /build/x86_64-linux-musl-cross/src/musl-cross-make/build/local/x86_64-linux-musl/src_gcc/libstdc++-v3/config/cpu/generic/cxxabi_tweaks.h /build/x86_64-linux-musl-cross/src/musl-cross-make/build/local/x86_64-linux-musl/src_gcc/libstdc++-v3/config/cpu/generic/cpu_defines.h /build/x86_64-linux-musl-cross/src/musl-cross-make/build/local/x86_64-linux-musl/src_gcc/libstdc++-v3/config/os/generic/error_constants.h /build/x86_64-linux-musl-cross/src/musl-cross-make/build/local/x86_64-linux-musl/src_gcc/libstdc++-v3/include/precompiled/stdc++.h /build/x86_64-linux-musl-cross/src/musl-cross-make/build/local/x86_64-linux-musl/src_gcc/libstdc++-v3/include/precompiled/stdtr1c++.h /build/x86_64-linux-musl-cross/src/musl-cross-make/build/local/x86_64-linux-musl/src_gcc/libstdc++-v3/include/precompiled/extc++.h /build/x86_64-linux-musl-cross/src/musl-cross-make/build/local/x86_64-linux-musl/src_gcc/libstdc++-v3/config/cpu/i486/opt/bits/opt_random.h ./x86_64-linux-musl/bits/basic_file.h ./x86_64-linux-musl/bits/c++config.h ./x86_64-linux-musl/bits/c++allocator.h ./x86_64-linux-musl/bits/c++io.h ./x86_64-linux-musl/bits/c++locale.h ./x86_64-linux-musl/bits/messages_members.h ./x86_64-linux-musl/bits/time_members.h \
 ./x86_64-linux-musl/bits/gthr.h ./x86_64-linux-musl/bits/gthr-single.h ./x86_64-linux-musl/bits/gthr-posix.h ./x86_64-linux-musl/bits/gthr-default.h; do \
  /usr/bin/install -c -m 644 ${file} /build/x86_64-linux-musl-cross/src/musl-cross-make/out/x86_64-linux-musl/include/c++/16.1.0/x86_64-linux-musl/bits; done
/bin/sh ../../src_gcc/gcc/../mkinstalldirs /build/x86_64-linux-musl-cross/src/musl-cross-make/out/share/locale/zh_TW/LC_MESSAGES
installing ../../../src_binutils/binutils/po/da.gmo as /build/x86_64-linux-musl-cross/src/musl-cross-make/out/share/locale/da/LC_MESSAGES/binutils.mo
/usr/bin/install -c -m 644 ../../src_gcc/gcc/po/zh_TW.gmo /build/x86_64-linux-musl-cross/src/musl-cross-make/out/share/locale/zh_TW/LC_MESSAGES/gcc.mo
installing ../../../src_binutils/ld/po/sr.gmo as /build/x86_64-linux-musl-cross/src/musl-cross-make/out/share/locale/sr/LC_MESSAGES/ld.mo
/bin/sh ../../src_gcc/gcc/../mkinstalldirs /build/x86_64-linux-musl-cross/src/musl-cross-make/out/share/locale/be/LC_MESSAGES
/usr/bin/install -c -m 644 ../../src_gcc/gcc/po/be.gmo /build/x86_64-linux-musl-cross/src/musl-cross-make/out/share/locale/be/LC_MESSAGES/gcc.mo
installing ../../../src_binutils/binutils/po/es.gmo as /build/x86_64-linux-musl-cross/src/musl-cross-make/out/share/locale/es/LC_MESSAGES/binutils.mo
installing ../../../src_binutils/ld/po/sv.gmo as /build/x86_64-linux-musl-cross/src/musl-cross-make/out/share/locale/sv/LC_MESSAGES/ld.mo
/bin/sh ../../src_gcc/gcc/../mkinstalldirs /build/x86_64-linux-musl-cross/src/musl-cross-make/out/share/locale/da/LC_MESSAGES
for file in gnat1 a681 cc1 cobol1 cc1plus d21 f951 go1  lto1 cc1gm2 cc1obj cc1objplus crab1; do \
  if [ -f $file ] ; then \
    rm -f /build/x86_64-linux-musl-cross/src/musl-cross-make/out/libexec/gcc/x86_64-linux-musl/16.1.0/$file; \
    /usr/bin/install -c $file /build/x86_64-linux-musl-cross/src/musl-cross-make/out/libexec/gcc/x86_64-linux-musl/16.1.0/$file; \
  else true; \
  fi; \
done
if test "" != "yes" ; then \
  rm -f /build/x86_64-linux-musl-cross/src/musl-cross-make/out/bin/x86_64-linux-musl-cpp; \
  /usr/bin/install -c -m 755 cpp /build/x86_64-linux-musl-cross/src/musl-cross-make/out/bin/x86_64-linux-musl-cpp; \
  if [ x != x ]; then \
    rm -f /build/x86_64-linux-musl-cross/src/musl-cross-make/out//x86_64-linux-musl-cpp; \
    /usr/bin/install -c -m 755 cpp /build/x86_64-linux-musl-cross/src/musl-cross-make/out//x86_64-linux-musl-cpp; \
  else true; fi; \
fi
rm -f /build/x86_64-linux-musl-cross/src/musl-cross-make/out/bin/x86_64-linux-musl-gcc
/usr/bin/install -c lto-wrapper /build/x86_64-linux-musl-cross/src/musl-cross-make/out/libexec/gcc/x86_64-linux-musl/16.1.0/lto-wrapper
if test "" != "yes" ; then \
  for i in gcc-ar gcc-nm gcc-ranlib; do \
    install_name=`echo $i|sed 's&^&x86_64-linux-musl-&'` ;\
    target_install_name=x86_64-linux-musl-`echo $i|sed 's&^&x86_64-linux-musl-&'` ; \
    rm -f /build/x86_64-linux-musl-cross/src/musl-cross-make/out/bin/$install_name ; \
    /usr/bin/install -c $i /build/x86_64-linux-musl-cross/src/musl-cross-make/out/bin/$install_name ;\
    if test -f gcc-cross; then \
      :; \
    else \
      rm -f /build/x86_64-linux-musl-cross/src/musl-cross-make/out/bin/$target_install_name; \
      ( cd /build/x86_64-linux-musl-cross/src/musl-cross-make/out/bin && \
	ln $install_name $target_install_name ) ; \
    fi ; \
  done; \
fi
/usr/bin/install -c -m 644 ../../src_gcc/gcc/po/da.gmo /build/x86_64-linux-musl-cross/src/musl-cross-make/out/share/locale/da/LC_MESSAGES/gcc.mo
/usr/bin/install -c xgcc /build/x86_64-linux-musl-cross/src/musl-cross-make/out/bin/x86_64-linux-musl-gcc
(cd `${PWDCMD-pwd}`/include ; \
 tar -cf - .; exit 0) | (cd /build/x86_64-linux-musl-cross/src/musl-cross-make/out/lib/gcc/x86_64-linux-musl/16.1.0/include; tar xpf - )
installing ../../../src_binutils/binutils/po/fi.gmo as /build/x86_64-linux-musl-cross/src/musl-cross-make/out/share/locale/fi/LC_MESSAGES/binutils.mo
/usr/bin/install -c -m 644 ../../src_gcc/gcc/gsyslimits.h \
  /build/x86_64-linux-musl-cross/src/musl-cross-make/out/lib/gcc/x86_64-linux-musl/16.1.0/install-tools/gsyslimits.h
/usr/bin/install -c -m 644 macro_list /build/x86_64-linux-musl-cross/src/musl-cross-make/out/lib/gcc/x86_64-linux-musl/16.1.0/install-tools/macro_list
if test "" != "yes" ; then \
  if [ "x86_64-linux-musl-gcc" != "x86_64-linux-musl-gcc-16.1.0" ]; then \
    rm -f /build/x86_64-linux-musl-cross/src/musl-cross-make/out/bin/x86_64-linux-musl-gcc-16.1.0; \
    ( cd /build/x86_64-linux-musl-cross/src/musl-cross-make/out/bin && \
      ln x86_64-linux-musl-gcc x86_64-linux-musl-gcc-16.1.0 ); \
  fi; \
  if [ ! -f gcc-cross ] \
      && [ "x86_64-linux-musl-gcc" != "x86_64-linux-musl-x86_64-linux-musl-gcc" ] \
      && [ "x86_64-linux-musl-x86_64-linux-musl-gcc" != "x86_64-linux-musl-gcc-16.1.0" ] ; then \
    rm -f /build/x86_64-linux-musl-cross/src/musl-cross-make/out/bin/x86_64-linux-musl-gcc-tmp; \
    ( cd /build/x86_64-linux-musl-cross/src/musl-cross-make/out/bin && \
      ln x86_64-linux-musl-gcc x86_64-linux-musl-gcc-tmp && \
      mv -f x86_64-linux-musl-gcc-tmp x86_64-linux-musl-x86_64-linux-musl-gcc ); \
  fi; \
fi
installing ../../../src_binutils/ld/po/tr.gmo as /build/x86_64-linux-musl-cross/src/musl-cross-make/out/share/locale/tr/LC_MESSAGES/ld.mo
/usr/bin/install -c -m 644 fixinc_list /build/x86_64-linux-musl-cross/src/musl-cross-make/out/lib/gcc/x86_64-linux-musl/16.1.0/install-tools/fixinc_list
/bin/sh ../../src_gcc/gcc/../mkinstalldirs /build/x86_64-linux-musl-cross/src/musl-cross-make/out/share/locale/de/LC_MESSAGES
set -e; for ml in `cat fixinc_list`; do \
  multi_dir=`echo ${ml} | sed -e 's/^[^;]*;//'`; \
  /bin/sh ../../src_gcc/gcc/../mkinstalldirs /build/x86_64-linux-musl-cross/src/musl-cross-make/out/lib/gcc/x86_64-linux-musl/16.1.0/install-tools/include${multi_dir}; \
  /usr/bin/install -c -m 644 include${multi_dir}/limits.h /build/x86_64-linux-musl-cross/src/musl-cross-make/out/lib/gcc/x86_64-linux-musl/16.1.0/install-tools/include${multi_dir}/limits.h; \
done
/usr/bin/install -c -m 644 ../../src_gcc/gcc/po/de.gmo /build/x86_64-linux-musl-cross/src/musl-cross-make/out/share/locale/de/LC_MESSAGES/gcc.mo
installing ../../../src_binutils/binutils/po/fr.gmo as /build/x86_64-linux-musl-cross/src/musl-cross-make/out/share/locale/fr/LC_MESSAGES/binutils.mo
/bin/sh ../../src_gcc/gcc/../mkinstalldirs /build/x86_64-linux-musl-cross/src/musl-cross-make/out/share/locale/el/LC_MESSAGES
installing ../../../src_binutils/ld/po/uk.gmo as /build/x86_64-linux-musl-cross/src/musl-cross-make/out/share/locale/uk/LC_MESSAGES/ld.mo
/usr/bin/install -c -m 644 ../../src_gcc/gcc/po/el.gmo /build/x86_64-linux-musl-cross/src/musl-cross-make/out/share/locale/el/LC_MESSAGES/gcc.mo
/usr/bin/install -c ../../src_gcc/gcc/../mkinstalldirs \
	/build/x86_64-linux-musl-cross/src/musl-cross-make/out/libexec/gcc/x86_64-linux-musl/16.1.0/install-tools/mkinstalldirs ; \
sysroot_headers_suffix='${sysroot_headers_suffix}'; \
	echo 'SYSTEM_HEADER_DIR="'"`echo /build/x86_64-linux-musl-cross/src/musl-cross-make/build/local/x86_64-linux-musl/obj_sysroot${sysroot_headers_suffix}/usr/include | sed -e :a -e 's,[^/]*/\.\.\/,,' -e ta`"'"' \
	> /build/x86_64-linux-musl-cross/src/musl-cross-make/out/lib/gcc/x86_64-linux-musl/16.1.0/install-tools/mkheaders.conf
installing ../../../src_binutils/binutils/po/hr.gmo as /build/x86_64-linux-musl-cross/src/musl-cross-make/out/share/locale/hr/LC_MESSAGES/binutils.mo
/bin/sh ../../src_gcc/gcc/../mkinstalldirs /build/x86_64-linux-musl-cross/src/musl-cross-make/out/share/locale/es/LC_MESSAGES
installing ../../../src_binutils/ld/po/vi.gmo as /build/x86_64-linux-musl-cross/src/musl-cross-make/out/share/locale/vi/LC_MESSAGES/ld.mo
/bin/sh /build/x86_64-linux-musl-cross/src/musl-cross-make/build/local/x86_64-linux-musl/src_gcc/libstdc++-v3/../mkinstalldirs /build/x86_64-linux-musl-cross/src/musl-cross-make/out/x86_64-linux-musl/include/c++/16.1.0/.
/usr/bin/install -c -m 644 ../../src_gcc/gcc/po/es.gmo /build/x86_64-linux-musl-cross/src/musl-cross-make/out/share/locale/es/LC_MESSAGES/gcc.mo
(cd `${PWDCMD-pwd}`/include-fixed ; \
 tar -cf - .; exit 0) | (cd /build/x86_64-linux-musl-cross/src/musl-cross-make/out/lib/gcc/x86_64-linux-musl/16.1.0/include-fixed; tar xpf - )
for file in /build/x86_64-linux-musl-cross/src/musl-cross-make/build/local/x86_64-linux-musl/src_gcc/libstdc++-v3/include/c_global/cfloat /build/x86_64-linux-musl-cross/src/musl-cross-make/build/local/x86_64-linux-musl/src_gcc/libstdc++-v3/include/c_global/climits /build/x86_64-linux-musl-cross/src/musl-cross-make/build/local/x86_64-linux-musl/src_gcc/libstdc++-v3/include/c_global/cstdalign /build/x86_64-linux-musl-cross/src/musl-cross-make/build/local/x86_64-linux-musl/src_gcc/libstdc++-v3/include/c_global/cstdarg /build/x86_64-linux-musl-cross/src/musl-cross-make/build/local/x86_64-linux-musl/src_gcc/libstdc++-v3/include/c_global/cstdbool /build/x86_64-linux-musl-cross/src/musl-cross-make/build/local/x86_64-linux-musl/src_gcc/libstdc++-v3/include/c_global/cstddef /build/x86_64-linux-musl-cross/src/musl-cross-make/build/local/x86_64-linux-musl/src_gcc/libstdc++-v3/include/c_global/cstdint /build/x86_64-linux-musl-cross/src/musl-cross-make/build/local/x86_64-linux-musl/src_gcc/libstdc++-v3/include/c_global/cstdlib /build/x86_64-linux-musl-cross/src/musl-cross-make/build/local/x86_64-linux-musl/src_gcc/libstdc++-v3/include/c_global/cassert /build/x86_64-linux-musl-cross/src/musl-cross-make/build/local/x86_64-linux-musl/src_gcc/libstdc++-v3/include/c_global/ccomplex /build/x86_64-linux-musl-cross/src/musl-cross-make/build/local/x86_64-linux-musl/src_gcc/libstdc++-v3/include/c_global/cctype /build/x86_64-linux-musl-cross/src/musl-cross-make/build/local/x86_64-linux-musl/src_gcc/libstdc++-v3/include/c_global/cerrno /build/x86_64-linux-musl-cross/src/musl-cross-make/build/local/x86_64-linux-musl/src_gcc/libstdc++-v3/include/c_global/cfenv /build/x86_64-linux-musl-cross/src/musl-cross-make/build/local/x86_64-linux-musl/src_gcc/libstdc++-v3/include/c_global/cinttypes /build/x86_64-linux-musl-cross/src/musl-cross-make/build/local/x86_64-linux-musl/src_gcc/libstdc++-v3/include/c_global/ciso646 /build/x86_64-linux-musl-cross/src/musl-cross-make/build/local/x86_64-linux-musl/src_gcc/libstdc++-v3/include/c_global/clocale /build/x86_64-linux-musl-cross/src/musl-cross-make/build/local/x86_64-linux-musl/src_gcc/libstdc++-v3/include/c_global/cmath /build/x86_64-linux-musl-cross/src/musl-cross-make/build/local/x86_64-linux-musl/src_gcc/libstdc++-v3/include/c_global/csetjmp /build/x86_64-linux-musl-cross/src/musl-cross-make/build/local/x86_64-linux-musl/src_gcc/libstdc++-v3/include/c_global/csignal /build/x86_64-linux-musl-cross/src/musl-cross-make/build/local/x86_64-linux-musl/src_gcc/libstdc++-v3/include/c_global/cstdio /build/x86_64-linux-musl-cross/src/musl-cross-make/build/local/x86_64-linux-musl/src_gcc/libstdc++-v3/include/c_global/cstring /build/x86_64-linux-musl-cross/src/musl-cross-make/build/local/x86_64-linux-musl/src_gcc/libstdc++-v3/include/c_global/ctgmath /build/x86_64-linux-musl-cross/src/musl-cross-make/build/local/x86_64-linux-musl/src_gcc/libstdc++-v3/include/c_global/ctime /build/x86_64-linux-musl-cross/src/musl-cross-make/build/local/x86_64-linux-musl/src_gcc/libstdc++-v3/include/c_global/cuchar /build/x86_64-linux-musl-cross/src/musl-cross-make/build/local/x86_64-linux-musl/src_gcc/libstdc++-v3/include/c_global/cwchar /build/x86_64-linux-musl-cross/src/musl-cross-make/build/local/x86_64-linux-musl/src_gcc/libstdc++-v3/include/c_global/cwctype; do \
  /usr/bin/install -c -m 644 ${file} /build/x86_64-linux-musl-cross/src/musl-cross-make/out/x86_64-linux-musl/include/c++/16.1.0/.; done
echo 'OTHER_FIXINCLUDES_DIRS=""' \
	>> /build/x86_64-linux-musl-cross/src/musl-cross-make/out/lib/gcc/x86_64-linux-musl/16.1.0/install-tools/mkheaders.conf
echo 'STMP_FIXINC="stmp-fixinc"' \
	>> /build/x86_64-linux-musl-cross/src/musl-cross-make/out/lib/gcc/x86_64-linux-musl/16.1.0/install-tools/mkheaders.conf
/bin/sh ../../src_gcc/gcc/../mkinstalldirs /build/x86_64-linux-musl-cross/src/musl-cross-make/out/share/locale/fi/LC_MESSAGES
installing ../../../src_binutils/binutils/po/id.gmo as /build/x86_64-linux-musl-cross/src/musl-cross-make/out/share/locale/id/LC_MESSAGES/binutils.mo
installing ../../../src_binutils/ld/po/zh_CN.gmo as /build/x86_64-linux-musl-cross/src/musl-cross-make/out/share/locale/zh_CN/LC_MESSAGES/ld.mo
/usr/bin/install -c -m 644 ../../src_gcc/gcc/po/fi.gmo /build/x86_64-linux-musl-cross/src/musl-cross-make/out/share/locale/fi/LC_MESSAGES/gcc.mo
files=`cd /build/x86_64-linux-musl-cross/src/musl-cross-make/out/lib/gcc/x86_64-linux-musl/16.1.0/include-fixed; find . -type l -print 2>/dev/null`; \
if [ $? -eq 0 ]; then \
  dir=`cd include-fixed; ${PWDCMD-pwd}`; \
  for i in $files; do \
    dest=`ls -ld /build/x86_64-linux-musl-cross/src/musl-cross-make/out/lib/gcc/x86_64-linux-musl/16.1.0/include-fixed/$i | sed -n 's/.*-> //p'`; \
    if expr "$dest" : "$dir.*" > /dev/null; then \
      rm -f /build/x86_64-linux-musl-cross/src/musl-cross-make/out/lib/gcc/x86_64-linux-musl/16.1.0/include-fixed/$i; \
      ln -s `echo $i | sed "s|/[^/]*|/..|g" | sed 's|/..$||'``echo "$dest" | sed "s|$dir||"` /build/x86_64-linux-musl-cross/src/musl-cross-make/out/lib/gcc/x86_64-linux-musl/16.1.0/include-fixed/$i; \
    fi; \
  done; \
fi
/bin/sh ../../src_gcc/gcc/../mkinstalldirs /build/x86_64-linux-musl-cross/src/musl-cross-make/out/share/locale/fr/LC_MESSAGES
installing ../../../src_binutils/binutils/po/it.gmo as /build/x86_64-linux-musl-cross/src/musl-cross-make/out/share/locale/it/LC_MESSAGES/binutils.mo
installing ../../../src_binutils/ld/po/zh_TW.gmo as /build/x86_64-linux-musl-cross/src/musl-cross-make/out/share/locale/zh_TW/LC_MESSAGES/ld.mo
if test "ld" = "gettext"; then \
  if test -r ../../../src_binutils/ld/../mkinstalldirs; then \
    ../../../src_binutils/ld/../mkinstalldirs /build/x86_64-linux-musl-cross/src/musl-cross-make/out/share/gettext/po; \
  else \
    ../../../src_binutils/ld/mkinstalldirs /build/x86_64-linux-musl-cross/src/musl-cross-make/out/share/gettext/po; \
  fi; \
  /usr/bin/install -c -m 644 ../../../src_binutils/ld/po/Makefile.in.in \
		  /build/x86_64-linux-musl-cross/src/musl-cross-make/out/share/gettext/po/Makefile.in.in; \
else \
  : ; \
fi
/usr/bin/install -c -m 644 ../../src_gcc/gcc/po/fr.gmo /build/x86_64-linux-musl-cross/src/musl-cross-make/out/share/locale/fr/LC_MESSAGES/gcc.mo
make[6]: Leaving directory '/build/x86_64-linux-musl-cross/src/musl-cross-make/build/local/x86_64-linux-musl/obj_binutils/ld/po'
installing ../../../src_binutils/binutils/po/ja.gmo as /build/x86_64-linux-musl-cross/src/musl-cross-make/out/share/locale/ja/LC_MESSAGES/binutils.mo
/bin/sh ../../src_gcc/gcc/../mkinstalldirs /build/x86_64-linux-musl-cross/src/musl-cross-make/out/share/locale/hr/LC_MESSAGES
/usr/bin/install -c -m 644 ../../src_gcc/gcc/po/hr.gmo /build/x86_64-linux-musl-cross/src/musl-cross-make/out/share/locale/hr/LC_MESSAGES/gcc.mo
/bin/sh ../../src_gcc/gcc/../mkinstalldirs /build/x86_64-linux-musl-cross/src/musl-cross-make/out/share/locale/id/LC_MESSAGES
installing ../../../src_binutils/binutils/po/pt.gmo as /build/x86_64-linux-musl-cross/src/musl-cross-make/out/share/locale/pt/LC_MESSAGES/binutils.mo
/usr/bin/install -c -m 644 ../../src_gcc/gcc/po/id.gmo /build/x86_64-linux-musl-cross/src/musl-cross-make/out/share/locale/id/LC_MESSAGES/gcc.mo
/bin/sh ../../src_gcc/gcc/../mkinstalldirs /build/x86_64-linux-musl-cross/src/musl-cross-make/out/share/locale/ja/LC_MESSAGES
installing ../../../src_binutils/binutils/po/ro.gmo as /build/x86_64-linux-musl-cross/src/musl-cross-make/out/share/locale/ro/LC_MESSAGES/binutils.mo
/usr/bin/install -c -m 644 ../../src_gcc/gcc/po/ja.gmo /build/x86_64-linux-musl-cross/src/musl-cross-make/out/share/locale/ja/LC_MESSAGES/gcc.mo
for file in  collect2 ..; do \
  if [ x"$file" != x.. ]; then \
    rm -f /build/x86_64-linux-musl-cross/src/musl-cross-make/out/libexec/gcc/x86_64-linux-musl/16.1.0/$file; \
    /usr/bin/install -c $file /build/x86_64-linux-musl-cross/src/musl-cross-make/out/libexec/gcc/x86_64-linux-musl/16.1.0/$file; \
  else true; fi; \
done
/bin/sh ../../src_gcc/gcc/../mkinstalldirs /build/x86_64-linux-musl-cross/src/musl-cross-make/out/share/locale/ka/LC_MESSAGES
installing ../../../src_binutils/binutils/po/ru.gmo as /build/x86_64-linux-musl-cross/src/musl-cross-make/out/share/locale/ru/LC_MESSAGES/binutils.mo
rm -f /build/x86_64-linux-musl-cross/src/musl-cross-make/out/lib/gcc/x86_64-linux-musl/16.1.0/specs
/usr/bin/install -c -m 644 ../../src_gcc/gcc/po/ka.gmo /build/x86_64-linux-musl-cross/src/musl-cross-make/out/share/locale/ka/LC_MESSAGES/gcc.mo
/bin/sh /build/x86_64-linux-musl-cross/src/musl-cross-make/build/local/x86_64-linux-musl/src_gcc/libstdc++-v3/../mkinstalldirs /build/x86_64-linux-musl-cross/src/musl-cross-make/out/x86_64-linux-musl/include/c++/16.1.0/./ext
if test "" != "yes" ; then \
  if [ -f gcov ]; \
  then \
    rm -f /build/x86_64-linux-musl-cross/src/musl-cross-make/out/bin/x86_64-linux-musl-gcov; \
    /usr/bin/install -c gcov /build/x86_64-linux-musl-cross/src/musl-cross-make/out/bin/x86_64-linux-musl-gcov; \
  fi; \
fi
for file in /build/x86_64-linux-musl-cross/src/musl-cross-make/build/local/x86_64-linux-musl/src_gcc/libstdc++-v3/include/ext/aligned_buffer.h /build/x86_64-linux-musl-cross/src/musl-cross-make/build/local/x86_64-linux-musl/src_gcc/libstdc++-v3/include/ext/alloc_traits.h /build/x86_64-linux-musl-cross/src/musl-cross-make/build/local/x86_64-linux-musl/src_gcc/libstdc++-v3/include/ext/atomicity.h /build/x86_64-linux-musl-cross/src/musl-cross-make/build/local/x86_64-linux-musl/src_gcc/libstdc++-v3/include/ext/cast.h /build/x86_64-linux-musl-cross/src/musl-cross-make/build/local/x86_64-linux-musl/src_gcc/libstdc++-v3/include/ext/concurrence.h /build/x86_64-linux-musl-cross/src/musl-cross-make/build/local/x86_64-linux-musl/src_gcc/libstdc++-v3/include/ext/numeric_traits.h /build/x86_64-linux-musl-cross/src/musl-cross-make/build/local/x86_64-linux-musl/src_gcc/libstdc++-v3/include/ext/iterator /build/x86_64-linux-musl-cross/src/musl-cross-make/build/local/x86_64-linux-musl/src_gcc/libstdc++-v3/include/ext/pointer.h /build/x86_64-linux-musl-cross/src/musl-cross-make/build/local/x86_64-linux-musl/src_gcc/libstdc++-v3/include/ext/type_traits.h /build/x86_64-linux-musl-cross/src/musl-cross-make/build/local/x86_64-linux-musl/src_gcc/libstdc++-v3/include/ext/typelist.h /build/x86_64-linux-musl-cross/src/musl-cross-make/build/local/x86_64-linux-musl/src_gcc/libstdc++-v3/include/ext/algorithm /build/x86_64-linux-musl-cross/src/musl-cross-make/build/local/x86_64-linux-musl/src_gcc/libstdc++-v3/include/ext/bitmap_allocator.h /build/x86_64-linux-musl-cross/src/musl-cross-make/build/local/x86_64-linux-musl/src_gcc/libstdc++-v3/include/ext/cmath /build/x86_64-linux-musl-cross/src/musl-cross-make/build/local/x86_64-linux-musl/src_gcc/libstdc++-v3/include/ext/codecvt_specializations.h /build/x86_64-linux-musl-cross/src/musl-cross-make/build/local/x86_64-linux-musl/src_gcc/libstdc++-v3/include/ext/debug_allocator.h /build/x86_64-linux-musl-cross/src/musl-cross-make/build/local/x86_64-linux-musl/src_gcc/libstdc++-v3/include/ext/enc_filebuf.h /build/x86_64-linux-musl-cross/src/musl-cross-make/build/local/x86_64-linux-musl/src_gcc/libstdc++-v3/include/ext/extptr_allocator.h /build/x86_64-linux-musl-cross/src/musl-cross-make/build/local/x86_64-linux-musl/src_gcc/libstdc++-v3/include/ext/functional /build/x86_64-linux-musl-cross/src/musl-cross-make/build/local/x86_64-linux-musl/src_gcc/libstdc++-v3/include/ext/malloc_allocator.h /build/x86_64-linux-musl-cross/src/musl-cross-make/build/local/x86_64-linux-musl/src_gcc/libstdc++-v3/include/ext/memory /build/x86_64-linux-musl-cross/src/musl-cross-make/build/local/x86_64-linux-musl/src_gcc/libstdc++-v3/include/ext/mt_allocator.h /build/x86_64-linux-musl-cross/src/musl-cross-make/build/local/x86_64-linux-musl/src_gcc/libstdc++-v3/include/ext/new_allocator.h /build/x86_64-linux-musl-cross/src/musl-cross-make/build/local/x86_64-linux-musl/src_gcc/libstdc++-v3/include/ext/numeric /build/x86_64-linux-musl-cross/src/musl-cross-make/build/local/x86_64-linux-musl/src_gcc/libstdc++-v3/include/ext/pod_char_traits.h /build/x86_64-linux-musl-cross/src/musl-cross-make/build/local/x86_64-linux-musl/src_gcc/libstdc++-v3/include/ext/pool_allocator.h /build/x86_64-linux-musl-cross/src/musl-cross-make/build/local/x86_64-linux-musl/src_gcc/libstdc++-v3/include/ext/random /build/x86_64-linux-musl-cross/src/musl-cross-make/build/local/x86_64-linux-musl/src_gcc/libstdc++-v3/include/ext/random.tcc /build/x86_64-linux-musl-cross/src/musl-cross-make/build/local/x86_64-linux-musl/src_gcc/libstdc++-v3/include/ext/rb_tree /build/x86_64-linux-musl-cross/src/musl-cross-make/build/local/x86_64-linux-musl/src_gcc/libstdc++-v3/include/ext/rc_string_base.h /build/x86_64-linux-musl-cross/src/musl-cross-make/build/local/x86_64-linux-musl/src_gcc/libstdc++-v3/include/ext/rope /build/x86_64-linux-musl-cross/src/musl-cross-make/build/local/x86_64-linux-musl/src_gcc/libstdc++-v3/include/ext/ropeimpl.h /build/x86_64-linux-musl-cross/src/musl-cross-make/build/local/x86_64-linux-musl/src_gcc/libstdc++-v3/include/ext/slist /build/x86_64-linux-musl-cross/src/musl-cross-make/build/local/x86_64-linux-musl/src_gcc/libstdc++-v3/include/ext/sso_string_base.h /build/x86_64-linux-musl-cross/src/musl-cross-make/build/local/x86_64-linux-musl/src_gcc/libstdc++-v3/include/ext/stdio_filebuf.h /build/x86_64-linux-musl-cross/src/musl-cross-make/build/local/x86_64-linux-musl/src_gcc/libstdc++-v3/include/ext/stdio_sync_filebuf.h /build/x86_64-linux-musl-cross/src/musl-cross-make/build/local/x86_64-linux-musl/src_gcc/libstdc++-v3/include/ext/string_conversions.h /build/x86_64-linux-musl-cross/src/musl-cross-make/build/local/x86_64-linux-musl/src_gcc/libstdc++-v3/include/ext/throw_allocator.h /build/x86_64-linux-musl-cross/src/musl-cross-make/build/local/x86_64-linux-musl/src_gcc/libstdc++-v3/include/ext/vstring_fwd.h /build/x86_64-linux-musl-cross/src/musl-cross-make/build/local/x86_64-linux-musl/src_gcc/libstdc++-v3/include/ext/vstring.h /build/x86_64-linux-musl-cross/src/musl-cross-make/build/local/x86_64-linux-musl/src_gcc/libstdc++-v3/include/ext/vstring.tcc /build/x86_64-linux-musl-cross/src/musl-cross-make/build/local/x86_64-linux-musl/src_gcc/libstdc++-v3/include/ext/vstring_util.h /build/x86_64-linux-musl-cross/src/musl-cross-make/build/local/x86_64-linux-musl/src_gcc/libstdc++-v3/include/backward/hash_set /build/x86_64-linux-musl-cross/src/musl-cross-make/build/local/x86_64-linux-musl/src_gcc/libstdc++-v3/include/backward/hash_map; do \
  /usr/bin/install -c -m 644 ${file} /build/x86_64-linux-musl-cross/src/musl-cross-make/out/x86_64-linux-musl/include/c++/16.1.0/./ext; done
/bin/sh ../../src_gcc/gcc/../mkinstalldirs /build/x86_64-linux-musl-cross/src/musl-cross-make/out/share/locale/nl/LC_MESSAGES
installing ../../../src_binutils/binutils/po/rw.gmo as /build/x86_64-linux-musl-cross/src/musl-cross-make/out/share/locale/rw/LC_MESSAGES/binutils.mo
make[6]: Entering directory '/build/x86_64-linux-musl-cross/src/musl-cross-make/build/local/x86_64-linux-musl/obj_binutils/ld'
/usr/bin/install -c -m 644 ../../src_gcc/gcc/po/nl.gmo /build/x86_64-linux-musl-cross/src/musl-cross-make/out/share/locale/nl/LC_MESSAGES/gcc.mo
if test "" != "yes" ; then \
  if [ -f gcov-tool ]; \
  then \
    rm -f /build/x86_64-linux-musl-cross/src/musl-cross-make/out/bin/x86_64-linux-musl-gcov-tool; \
    /usr/bin/install -c \
    gcov-tool /build/x86_64-linux-musl-cross/src/musl-cross-make/out/bin/x86_64-linux-musl-gcov-tool; \
  fi; \
fi
/bin/sh ../../src_gcc/gcc/../mkinstalldirs /build/x86_64-linux-musl-cross/src/musl-cross-make/out/share/locale/ru/LC_MESSAGES
/usr/bin/install -c -m 644 ../../src_gcc/gcc/po/ru.gmo /build/x86_64-linux-musl-cross/src/musl-cross-make/out/share/locale/ru/LC_MESSAGES/gcc.mo
mkdir -p -- /build/x86_64-linux-musl-cross/src/musl-cross-make/out/share/locale/sk/LC_MESSAGES
if test "" != "yes" ; then \
  if [ -f gcov-dump ]; \
  then \
    rm -f /build/x86_64-linux-musl-cross/src/musl-cross-make/out/bin/x86_64-linux-musl-gcov-dump; \
    /usr/bin/install -c \
    gcov-dump /build/x86_64-linux-musl-cross/src/musl-cross-make/out/bin/x86_64-linux-musl-gcov-dump; \
  fi; \
fi
installing ../../../src_binutils/binutils/po/sk.gmo as /build/x86_64-linux-musl-cross/src/musl-cross-make/out/share/locale/sk/LC_MESSAGES/binutils.mo
/bin/sh ../../src_gcc/gcc/../mkinstalldirs /build/x86_64-linux-musl-cross/src/musl-cross-make/out/share/locale/sr/LC_MESSAGES
/usr/bin/install -c -m 644 ../../src_gcc/gcc/po/sr.gmo /build/x86_64-linux-musl-cross/src/musl-cross-make/out/share/locale/sr/LC_MESSAGES/gcc.mo
installing ../../../src_binutils/binutils/po/sr.gmo as /build/x86_64-linux-musl-cross/src/musl-cross-make/out/share/locale/sr/LC_MESSAGES/binutils.mo
/bin/sh ../../src_gcc/gcc/../mkinstalldirs /build/x86_64-linux-musl-cross/src/musl-cross-make/out/share/locale/sv/LC_MESSAGES
/usr/bin/install -c -m 644 ../../src_gcc/gcc/po/sv.gmo /build/x86_64-linux-musl-cross/src/musl-cross-make/out/share/locale/sv/LC_MESSAGES/gcc.mo
installing ../../../src_binutils/binutils/po/sv.gmo as /build/x86_64-linux-musl-cross/src/musl-cross-make/out/share/locale/sv/LC_MESSAGES/binutils.mo
/bin/sh ../../src_gcc/gcc/../mkinstalldirs /build/x86_64-linux-musl-cross/src/musl-cross-make/out/share/locale/tr/LC_MESSAGES
/usr/bin/install -c -m 644 ../../src_gcc/gcc/po/tr.gmo /build/x86_64-linux-musl-cross/src/musl-cross-make/out/share/locale/tr/LC_MESSAGES/gcc.mo
/bin/sh ../../src_gcc/gcc/../mkinstalldirs /build/x86_64-linux-musl-cross/src/musl-cross-make/out/share/locale/uk/LC_MESSAGES
installing ../../../src_binutils/binutils/po/tr.gmo as /build/x86_64-linux-musl-cross/src/musl-cross-make/out/share/locale/tr/LC_MESSAGES/binutils.mo
/usr/bin/install -c -m 644 ../../src_gcc/gcc/po/uk.gmo /build/x86_64-linux-musl-cross/src/musl-cross-make/out/share/locale/uk/LC_MESSAGES/gcc.mo
/bin/sh ../../src_gcc/gcc/../mkinstalldirs /build/x86_64-linux-musl-cross/src/musl-cross-make/out/share/locale/vi/LC_MESSAGES
installing ../../../src_binutils/binutils/po/uk.gmo as /build/x86_64-linux-musl-cross/src/musl-cross-make/out/share/locale/uk/LC_MESSAGES/binutils.mo
/usr/bin/install -c -m 644 ../../src_gcc/gcc/po/vi.gmo /build/x86_64-linux-musl-cross/src/musl-cross-make/out/share/locale/vi/LC_MESSAGES/gcc.mo
/bin/sh ../../src_gcc/gcc/../mkinstalldirs /build/x86_64-linux-musl-cross/src/musl-cross-make/out/share/locale/zh_CN/LC_MESSAGES
/usr/bin/install -c -m 644 ../../src_gcc/gcc/po/zh_CN.gmo /build/x86_64-linux-musl-cross/src/musl-cross-make/out/share/locale/zh_CN/LC_MESSAGES/gcc.mo
installing ../../../src_binutils/binutils/po/vi.gmo as /build/x86_64-linux-musl-cross/src/musl-cross-make/out/share/locale/vi/LC_MESSAGES/binutils.mo
/bin/sh ../../src_gcc/gcc/../mkinstalldirs /build/x86_64-linux-musl-cross/src/musl-cross-make/out/share/locale/zh_TW/LC_MESSAGES
/usr/bin/install -c -m 644 ../../src_gcc/gcc/po/zh_TW.gmo /build/x86_64-linux-musl-cross/src/musl-cross-make/out/share/locale/zh_TW/LC_MESSAGES/gcc.mo
installing ../../../src_binutils/binutils/po/zh_CN.gmo as /build/x86_64-linux-musl-cross/src/musl-cross-make/out/share/locale/zh_CN/LC_MESSAGES/binutils.mo
make[4]: Leaving directory '/build/x86_64-linux-musl-cross/src/musl-cross-make/build/local/x86_64-linux-musl/obj_gcc/gcc'
installing ../../../src_binutils/binutils/po/zh_TW.gmo as /build/x86_64-linux-musl-cross/src/musl-cross-make/out/share/locale/zh_TW/LC_MESSAGES/binutils.mo
for dir in ./ext/pb_ds/detail ./ext/pb_ds/detail/pairing_heap_ ./ext/pb_ds/detail/splay_tree_ ./ext/pb_ds/detail/list_update_map_ ./ext/pb_ds/detail/branch_policy ./ext/pb_ds/detail/trie_policy ./ext/pb_ds/detail/gp_hash_table_map_ ./ext/pb_ds/detail/tree_policy ./ext/pb_ds/detail/binomial_heap_base_ ./ext/pb_ds/detail/resize_policy ./ext/pb_ds/detail/bin_search_tree_ ./ext/pb_ds/detail/binomial_heap_ ./ext/pb_ds/detail/thin_heap_ ./ext/pb_ds/detail/pat_trie_ ./ext/pb_ds/detail/cc_hash_table_map_ ./ext/pb_ds/detail/rc_binomial_heap_ ./ext/pb_ds/detail/left_child_next_sibling_heap_ ./ext/pb_ds/detail/unordered_iterator ./ext/pb_ds/detail/binary_heap_ ./ext/pb_ds/detail/ov_tree_map_ ./ext/pb_ds/detail/hash_fn ./ext/pb_ds/detail/eq_fn ./ext/pb_ds/detail/rb_tree_map_ ./ext/pb_ds/detail/list_update_policy; do \
  /bin/sh /build/x86_64-linux-musl-cross/src/musl-cross-make/build/local/x86_64-linux-musl/src_gcc/libstdc++-v3/../mkinstalldirs /build/x86_64-linux-musl-cross/src/musl-cross-make/out/x86_64-linux-musl/include/c++/16.1.0/${dir} ; done
make[7]: Entering directory '/build/x86_64-linux-musl-cross/src/musl-cross-make/build/local/x86_64-linux-musl/obj_binutils/ld'
installing ../../../src_binutils/binutils/po/bg.gmo as /build/x86_64-linux-musl-cross/src/musl-cross-make/out/share/locale/bg/LC_MESSAGES/binutils.mo
mkdir -p -- /build/x86_64-linux-musl-cross/src/musl-cross-make/out/x86_64-linux-musl/include/c++/16.1.0/./ext/pb_ds/detail
installing ../../../src_binutils/binutils/po/ca.gmo as /build/x86_64-linux-musl-cross/src/musl-cross-make/out/share/locale/ca/LC_MESSAGES/binutils.mo
mkdir -p -- /build/x86_64-linux-musl-cross/src/musl-cross-make/out/x86_64-linux-musl/include/c++/16.1.0/./ext/pb_ds/detail/pairing_heap_
mkdir -p -- /build/x86_64-linux-musl-cross/src/musl-cross-make/out/x86_64-linux-musl/include/c++/16.1.0/./ext/pb_ds/detail/splay_tree_
installing ../../../src_binutils/binutils/po/da.gmo as /build/x86_64-linux-musl-cross/src/musl-cross-make/out/share/locale/da/LC_MESSAGES/binutils.mo
mkdir -p -- /build/x86_64-linux-musl-cross/src/musl-cross-make/out/x86_64-linux-musl/include/c++/16.1.0/./ext/pb_ds/detail/list_update_map_
installing ../../../src_binutils/binutils/po/es.gmo as /build/x86_64-linux-musl-cross/src/musl-cross-make/out/share/locale/es/LC_MESSAGES/binutils.mo
mkdir -p -- /build/x86_64-linux-musl-cross/src/musl-cross-make/out/x86_64-linux-musl/include/c++/16.1.0/./ext/pb_ds/detail/branch_policy
mkdir -p -- /build/x86_64-linux-musl-cross/src/musl-cross-make/out/x86_64-linux-musl/include/c++/16.1.0/./ext/pb_ds/detail/trie_policy
installing ../../../src_binutils/binutils/po/fi.gmo as /build/x86_64-linux-musl-cross/src/musl-cross-make/out/share/locale/fi/LC_MESSAGES/binutils.mo
 /usr/bin/mkdir -p '/build/x86_64-linux-musl-cross/src/musl-cross-make/out/share/man/man1'
 /usr/bin/mkdir -p '/build/x86_64-linux-musl-cross/src/musl-cross-make/out/bin'
 /usr/bin/mkdir -p '/build/x86_64-linux-musl-cross/src/musl-cross-make/out/lib/bfd-plugins'
 /bin/sh ./libtool   --mode=install /usr/bin/install -c   libdep.la '/build/x86_64-linux-musl-cross/src/musl-cross-make/out/lib/bfd-plugins'
mkdir -p -- /build/x86_64-linux-musl-cross/src/musl-cross-make/out/x86_64-linux-musl/include/c++/16.1.0/./ext/pb_ds/detail/gp_hash_table_map_
 /usr/bin/install -c -m 644 '../../src_binutils/ld/ld.1' '/build/x86_64-linux-musl-cross/src/musl-cross-make/out/share/man/man1/x86_64-linux-musl-ld.1'
  /bin/sh ./libtool   --mode=install /usr/bin/install -c ld-new '/build/x86_64-linux-musl-cross/src/musl-cross-make/out/bin/./x86_64-linux-musl-ld.bfd'
installing ../../../src_binutils/binutils/po/fr.gmo as /build/x86_64-linux-musl-cross/src/musl-cross-make/out/share/locale/fr/LC_MESSAGES/binutils.mo
mkdir -p -- /build/x86_64-linux-musl-cross/src/musl-cross-make/out/x86_64-linux-musl/include/c++/16.1.0/./ext/pb_ds/detail/tree_policy
libtool: install: /usr/bin/install -c .libs/libdep.lai /build/x86_64-linux-musl-cross/src/musl-cross-make/out/lib/bfd-plugins/libdep.la
libtool: install: /usr/bin/install -c .libs/libdep.a /build/x86_64-linux-musl-cross/src/musl-cross-make/out/lib/bfd-plugins/libdep.a
libtool: install: chmod 644 /build/x86_64-linux-musl-cross/src/musl-cross-make/out/lib/bfd-plugins/libdep.a
installing ../../../src_binutils/binutils/po/hr.gmo as /build/x86_64-linux-musl-cross/src/musl-cross-make/out/share/locale/hr/LC_MESSAGES/binutils.mo
libtool: install: ranlib --plugin /usr/lib/gcc/x86_64-pc-linux-gnu/16.1.1/liblto_plugin.so --plugin /usr/lib/gcc/x86_64-pc-linux-gnu/16.1.1/liblto_plugin.so /build/x86_64-linux-musl-cross/src/musl-cross-make/out/lib/bfd-plugins/libdep.a
mkdir -p -- /build/x86_64-linux-musl-cross/src/musl-cross-make/out/x86_64-linux-musl/include/c++/16.1.0/./ext/pb_ds/detail/binomial_heap_base_
libtool: install: /usr/bin/install -c ld-new /build/x86_64-linux-musl-cross/src/musl-cross-make/out/bin/./x86_64-linux-musl-ld.bfd
libtool: install: warning: remember to run `libtool --finish /nowhere'
/bin/sh ../../src_binutils/ld/../mkinstalldirs /build/x86_64-linux-musl-cross/src/musl-cross-make/out/x86_64-linux-musl/lib/ldscripts
/bin/sh ../../src_binutils/ld/../mkinstalldirs /build/x86_64-linux-musl-cross/src/musl-cross-make/out/x86_64-linux-musl/bin
mkdir -p -- /build/x86_64-linux-musl-cross/src/musl-cross-make/out/x86_64-linux-musl/include/c++/16.1.0/./ext/pb_ds/detail/resize_policy
mkdir -p -- /build/x86_64-linux-musl-cross/src/musl-cross-make/out/x86_64-linux-musl/lib/ldscripts
for f in ldscripts/* ; do \
  case $f in \
    stamp) ;; \
    *) /usr/bin/install -c -m 644 $f /build/x86_64-linux-musl-cross/src/musl-cross-make/out/x86_64-linux-musl/lib/$f ; \
  esac \
done
installing ../../../src_binutils/binutils/po/id.gmo as /build/x86_64-linux-musl-cross/src/musl-cross-make/out/share/locale/id/LC_MESSAGES/binutils.mo
n=`echo ld.bfd | sed 's/^ld-new$/ld.bfd/;s&^&x86_64-linux-musl-&'`; \
if test "/bin" != "/x86_64-linux-musl/bin"; then \
  rm -f /build/x86_64-linux-musl-cross/src/musl-cross-make/out/x86_64-linux-musl/bin/ld.bfd; \
  ln /build/x86_64-linux-musl-cross/src/musl-cross-make/out/bin/$n /build/x86_64-linux-musl-cross/src/musl-cross-make/out/x86_64-linux-musl/bin/ld.bfd >/dev/null 2>/dev/null \
  ||  /bin/sh ./libtool --mode=install /usr/bin/install -c ld-new /build/x86_64-linux-musl-cross/src/musl-cross-make/out/x86_64-linux-musl/bin/ld.bfd; \
fi; \
if test "xyes" = "xyes"; then \
  ld=`echo ld | sed 's/^ld-new$/ld.bfd/;s&^&x86_64-linux-musl-&'`; \
  rm -f /build/x86_64-linux-musl-cross/src/musl-cross-make/out/bin/$ld; \
  ln /build/x86_64-linux-musl-cross/src/musl-cross-make/out/bin/$n /build/x86_64-linux-musl-cross/src/musl-cross-make/out/bin/$ld >/dev/null 2>/dev/null \
  ||  /bin/sh ./libtool --mode=install /usr/bin/install -c ld-new /build/x86_64-linux-musl-cross/src/musl-cross-make/out/bin/$ld; \
  if test "/bin" != "/x86_64-linux-musl/bin"; then \
    rm -f /build/x86_64-linux-musl-cross/src/musl-cross-make/out/x86_64-linux-musl/bin/ld; \
    ln /build/x86_64-linux-musl-cross/src/musl-cross-make/out/bin/$n /build/x86_64-linux-musl-cross/src/musl-cross-make/out/x86_64-linux-musl/bin/ld >/dev/null 2>/dev/null \
    ||  /bin/sh ./libtool --mode=install /usr/bin/install -c ld-new /build/x86_64-linux-musl-cross/src/musl-cross-make/out/x86_64-linux-musl/bin/ld; \
  fi; \
fi
mkdir -p -- /build/x86_64-linux-musl-cross/src/musl-cross-make/out/x86_64-linux-musl/include/c++/16.1.0/./ext/pb_ds/detail/bin_search_tree_
mkdir -p -- /build/x86_64-linux-musl-cross/src/musl-cross-make/out/x86_64-linux-musl/include/c++/16.1.0/./ext/pb_ds/detail/binomial_heap_
installing ../../../src_binutils/binutils/po/it.gmo as /build/x86_64-linux-musl-cross/src/musl-cross-make/out/share/locale/it/LC_MESSAGES/binutils.mo
mkdir -p -- /build/x86_64-linux-musl-cross/src/musl-cross-make/out/x86_64-linux-musl/include/c++/16.1.0/./ext/pb_ds/detail/thin_heap_
installing ../../../src_binutils/binutils/po/ja.gmo as /build/x86_64-linux-musl-cross/src/musl-cross-make/out/share/locale/ja/LC_MESSAGES/binutils.mo
mkdir -p -- /build/x86_64-linux-musl-cross/src/musl-cross-make/out/x86_64-linux-musl/include/c++/16.1.0/./ext/pb_ds/detail/pat_trie_
mkdir -p -- /build/x86_64-linux-musl-cross/src/musl-cross-make/out/x86_64-linux-musl/include/c++/16.1.0/./ext/pb_ds/detail/cc_hash_table_map_
installing ../../../src_binutils/binutils/po/pt.gmo as /build/x86_64-linux-musl-cross/src/musl-cross-make/out/share/locale/pt/LC_MESSAGES/binutils.mo
mkdir -p -- /build/x86_64-linux-musl-cross/src/musl-cross-make/out/x86_64-linux-musl/include/c++/16.1.0/./ext/pb_ds/detail/rc_binomial_heap_
installing ../../../src_binutils/binutils/po/ro.gmo as /build/x86_64-linux-musl-cross/src/musl-cross-make/out/share/locale/ro/LC_MESSAGES/binutils.mo
mkdir -p -- /build/x86_64-linux-musl-cross/src/musl-cross-make/out/x86_64-linux-musl/include/c++/16.1.0/./ext/pb_ds/detail/left_child_next_sibling_heap_
installing ../../../src_binutils/binutils/po/ru.gmo as /build/x86_64-linux-musl-cross/src/musl-cross-make/out/share/locale/ru/LC_MESSAGES/binutils.mo
mkdir -p -- /build/x86_64-linux-musl-cross/src/musl-cross-make/out/x86_64-linux-musl/include/c++/16.1.0/./ext/pb_ds/detail/unordered_iterator
mkdir -p -- /build/x86_64-linux-musl-cross/src/musl-cross-make/out/x86_64-linux-musl/include/c++/16.1.0/./ext/pb_ds/detail/binary_heap_
installing ../../../src_binutils/binutils/po/rw.gmo as /build/x86_64-linux-musl-cross/src/musl-cross-make/out/share/locale/rw/LC_MESSAGES/binutils.mo
mkdir -p -- /build/x86_64-linux-musl-cross/src/musl-cross-make/out/x86_64-linux-musl/include/c++/16.1.0/./ext/pb_ds/detail/ov_tree_map_
installing ../../../src_binutils/binutils/po/sk.gmo as /build/x86_64-linux-musl-cross/src/musl-cross-make/out/share/locale/sk/LC_MESSAGES/binutils.mo
mkdir -p -- /build/x86_64-linux-musl-cross/src/musl-cross-make/out/x86_64-linux-musl/include/c++/16.1.0/./ext/pb_ds/detail/hash_fn
mkdir -p -- /build/x86_64-linux-musl-cross/src/musl-cross-make/out/x86_64-linux-musl/include/c++/16.1.0/./ext/pb_ds/detail/eq_fn
installing ../../../src_binutils/binutils/po/sr.gmo as /build/x86_64-linux-musl-cross/src/musl-cross-make/out/share/locale/sr/LC_MESSAGES/binutils.mo
mkdir -p -- /build/x86_64-linux-musl-cross/src/musl-cross-make/out/x86_64-linux-musl/include/c++/16.1.0/./ext/pb_ds/detail/rb_tree_map_
installing ../../../src_binutils/binutils/po/sv.gmo as /build/x86_64-linux-musl-cross/src/musl-cross-make/out/share/locale/sv/LC_MESSAGES/binutils.mo
mkdir -p -- /build/x86_64-linux-musl-cross/src/musl-cross-make/out/x86_64-linux-musl/include/c++/16.1.0/./ext/pb_ds/detail/list_update_policy
for file in /build/x86_64-linux-musl-cross/src/musl-cross-make/build/local/x86_64-linux-musl/src_gcc/libstdc++-v3/include/ext/pb_ds/assoc_container.hpp /build/x86_64-linux-musl-cross/src/musl-cross-make/build/local/x86_64-linux-musl/src_gcc/libstdc++-v3/include/ext/pb_ds/exception.hpp /build/x86_64-linux-musl-cross/src/musl-cross-make/build/local/x86_64-linux-musl/src_gcc/libstdc++-v3/include/ext/pb_ds/hash_policy.hpp /build/x86_64-linux-musl-cross/src/musl-cross-make/build/local/x86_64-linux-musl/src_gcc/libstdc++-v3/include/ext/pb_ds/list_update_policy.hpp /build/x86_64-linux-musl-cross/src/musl-cross-make/build/local/x86_64-linux-musl/src_gcc/libstdc++-v3/include/ext/pb_ds/priority_queue.hpp /build/x86_64-linux-musl-cross/src/musl-cross-make/build/local/x86_64-linux-musl/src_gcc/libstdc++-v3/include/ext/pb_ds/tag_and_trait.hpp /build/x86_64-linux-musl-cross/src/musl-cross-make/build/local/x86_64-linux-musl/src_gcc/libstdc++-v3/include/ext/pb_ds/tree_policy.hpp /build/x86_64-linux-musl-cross/src/musl-cross-make/build/local/x86_64-linux-musl/src_gcc/libstdc++-v3/include/ext/pb_ds/trie_policy.hpp /build/x86_64-linux-musl-cross/src/musl-cross-make/build/local/x86_64-linux-musl/src_gcc/libstdc++-v3/include/ext/pb_ds/detail/branch_policy/branch_policy.hpp /build/x86_64-linux-musl-cross/src/musl-cross-make/build/local/x86_64-linux-musl/src_gcc/libstdc++-v3/include/ext/pb_ds/detail/branch_policy/null_node_metadata.hpp /build/x86_64-linux-musl-cross/src/musl-cross-make/build/local/x86_64-linux-musl/src_gcc/libstdc++-v3/include/ext/pb_ds/detail/branch_policy/traits.hpp /build/x86_64-linux-musl-cross/src/musl-cross-make/build/local/x86_64-linux-musl/src_gcc/libstdc++-v3/include/ext/pb_ds/detail/binary_heap_/binary_heap_.hpp /build/x86_64-linux-musl-cross/src/musl-cross-make/build/local/x86_64-linux-musl/src_gcc/libstdc++-v3/include/ext/pb_ds/detail/binary_heap_/const_iterator.hpp /build/x86_64-linux-musl-cross/src/musl-cross-make/build/local/x86_64-linux-musl/src_gcc/libstdc++-v3/include/ext/pb_ds/detail/binary_heap_/point_const_iterator.hpp /build/x86_64-linux-musl-cross/src/musl-cross-make/build/local/x86_64-linux-musl/src_gcc/libstdc++-v3/include/ext/pb_ds/detail/binary_heap_/constructors_destructor_fn_imps.hpp /build/x86_64-linux-musl-cross/src/musl-cross-make/build/local/x86_64-linux-musl/src_gcc/libstdc++-v3/include/ext/pb_ds/detail/binary_heap_/debug_fn_imps.hpp /build/x86_64-linux-musl-cross/src/musl-cross-make/build/local/x86_64-linux-musl/src_gcc/libstdc++-v3/include/ext/pb_ds/detail/binary_heap_/entry_cmp.hpp /build/x86_64-linux-musl-cross/src/musl-cross-make/build/local/x86_64-linux-musl/src_gcc/libstdc++-v3/include/ext/pb_ds/detail/binary_heap_/entry_pred.hpp /build/x86_64-linux-musl-cross/src/musl-cross-make/build/local/x86_64-linux-musl/src_gcc/libstdc++-v3/include/ext/pb_ds/detail/binary_heap_/erase_fn_imps.hpp /build/x86_64-linux-musl-cross/src/musl-cross-make/build/local/x86_64-linux-musl/src_gcc/libstdc++-v3/include/ext/pb_ds/detail/binary_heap_/find_fn_imps.hpp /build/x86_64-linux-musl-cross/src/musl-cross-make/build/local/x86_64-linux-musl/src_gcc/libstdc++-v3/include/ext/pb_ds/detail/binary_heap_/info_fn_imps.hpp /build/x86_64-linux-musl-cross/src/musl-cross-make/build/local/x86_64-linux-musl/src_gcc/libstdc++-v3/include/ext/pb_ds/detail/binary_heap_/insert_fn_imps.hpp /build/x86_64-linux-musl-cross/src/musl-cross-make/build/local/x86_64-linux-musl/src_gcc/libstdc++-v3/include/ext/pb_ds/detail/binary_heap_/iterators_fn_imps.hpp /build/x86_64-linux-musl-cross/src/musl-cross-make/build/local/x86_64-linux-musl/src_gcc/libstdc++-v3/include/ext/pb_ds/detail/binary_heap_/policy_access_fn_imps.hpp /build/x86_64-linux-musl-cross/src/musl-cross-make/build/local/x86_64-linux-musl/src_gcc/libstdc++-v3/include/ext/pb_ds/detail/binary_heap_/resize_policy.hpp /build/x86_64-linux-musl-cross/src/musl-cross-make/build/local/x86_64-linux-musl/src_gcc/libstdc++-v3/include/ext/pb_ds/detail/binary_heap_/split_join_fn_imps.hpp /build/x86_64-linux-musl-cross/src/musl-cross-make/build/local/x86_64-linux-musl/src_gcc/libstdc++-v3/include/ext/pb_ds/detail/binary_heap_/trace_fn_imps.hpp /build/x86_64-linux-musl-cross/src/musl-cross-make/build/local/x86_64-linux-musl/src_gcc/libstdc++-v3/include/ext/pb_ds/detail/binomial_heap_base_/binomial_heap_base_.hpp /build/x86_64-linux-musl-cross/src/musl-cross-make/build/local/x86_64-linux-musl/src_gcc/libstdc++-v3/include/ext/pb_ds/detail/binomial_heap_base_/constructors_destructor_fn_imps.hpp /build/x86_64-linux-musl-cross/src/musl-cross-make/build/local/x86_64-linux-musl/src_gcc/libstdc++-v3/include/ext/pb_ds/detail/binomial_heap_base_/debug_fn_imps.hpp /build/x86_64-linux-musl-cross/src/musl-cross-make/build/local/x86_64-linux-musl/src_gcc/libstdc++-v3/include/ext/pb_ds/detail/binomial_heap_base_/erase_fn_imps.hpp /build/x86_64-linux-musl-cross/src/musl-cross-make/build/local/x86_64-linux-musl/src_gcc/libstdc++-v3/include/ext/pb_ds/detail/binomial_heap_base_/find_fn_imps.hpp /build/x86_64-linux-musl-cross/src/musl-cross-make/build/local/x86_64-linux-musl/src_gcc/libstdc++-v3/include/ext/pb_ds/detail/binomial_heap_base_/insert_fn_imps.hpp /build/x86_64-linux-musl-cross/src/musl-cross-make/build/local/x86_64-linux-musl/src_gcc/libstdc++-v3/include/ext/pb_ds/detail/binomial_heap_base_/split_join_fn_imps.hpp /build/x86_64-linux-musl-cross/src/musl-cross-make/build/local/x86_64-linux-musl/src_gcc/libstdc++-v3/include/ext/pb_ds/detail/binomial_heap_/binomial_heap_.hpp /build/x86_64-linux-musl-cross/src/musl-cross-make/build/local/x86_64-linux-musl/src_gcc/libstdc++-v3/include/ext/pb_ds/detail/binomial_heap_/constructors_destructor_fn_imps.hpp /build/x86_64-linux-musl-cross/src/musl-cross-make/build/local/x86_64-linux-musl/src_gcc/libstdc++-v3/include/ext/pb_ds/detail/binomial_heap_/debug_fn_imps.hpp /build/x86_64-linux-musl-cross/src/musl-cross-make/build/local/x86_64-linux-musl/src_gcc/libstdc++-v3/include/ext/pb_ds/detail/bin_search_tree_/bin_search_tree_.hpp; do \
  install_base=/build/x86_64-linux-musl-cross/src/musl-cross-make/out/x86_64-linux-musl/include/c++/16.1.0/./ext/pb_ds ; \
  relative_name=`echo $file | sed -e "s|/build/x86_64-linux-musl-cross/src/musl-cross-make/build/local/x86_64-linux-musl/src_gcc/libstdc++-v3/include/ext/pb_ds|.|g"` ;\
  /usr/bin/install -c -m 644 ${file} ${install_base}/${relative_name} ; done
installing ../../../src_binutils/binutils/po/tr.gmo as /build/x86_64-linux-musl-cross/src/musl-cross-make/out/share/locale/tr/LC_MESSAGES/binutils.mo
installing ../../../src_binutils/binutils/po/uk.gmo as /build/x86_64-linux-musl-cross/src/musl-cross-make/out/share/locale/uk/LC_MESSAGES/binutils.mo
installing ../../../src_binutils/binutils/po/vi.gmo as /build/x86_64-linux-musl-cross/src/musl-cross-make/out/share/locale/vi/LC_MESSAGES/binutils.mo
installing ../../../src_binutils/binutils/po/zh_CN.gmo as /build/x86_64-linux-musl-cross/src/musl-cross-make/out/share/locale/zh_CN/LC_MESSAGES/binutils.mo
installing ../../../src_binutils/binutils/po/zh_TW.gmo as /build/x86_64-linux-musl-cross/src/musl-cross-make/out/share/locale/zh_TW/LC_MESSAGES/binutils.mo
if test "binutils" = "gettext"; then \
  if test -r ../../../src_binutils/binutils/../mkinstalldirs; then \
    ../../../src_binutils/binutils/../mkinstalldirs /build/x86_64-linux-musl-cross/src/musl-cross-make/out/share/gettext/po; \
  else \
    ../../../src_binutils/binutils/mkinstalldirs /build/x86_64-linux-musl-cross/src/musl-cross-make/out/share/gettext/po; \
  fi; \
  /usr/bin/install -c -m 644 ../../../src_binutils/binutils/po/Makefile.in.in \
		  /build/x86_64-linux-musl-cross/src/musl-cross-make/out/share/gettext/po/Makefile.in.in; \
else \
  : ; \
fi
make[6]: Leaving directory '/build/x86_64-linux-musl-cross/src/musl-cross-make/build/local/x86_64-linux-musl/obj_binutils/binutils/po'
make[6]: Entering directory '/build/x86_64-linux-musl-cross/src/musl-cross-make/build/local/x86_64-linux-musl/obj_binutils/binutils'
make[7]: Entering directory '/build/x86_64-linux-musl-cross/src/musl-cross-make/build/local/x86_64-linux-musl/obj_binutils/binutils'
rm -f /build/x86_64-linux-musl-cross/src/musl-cross-make/out/lib/bfd-plugins/libdep.la
rm -f /build/x86_64-linux-musl-cross/src/musl-cross-make/out/lib/bfd-plugins/libdep.dll.a
make[7]: Leaving directory '/build/x86_64-linux-musl-cross/src/musl-cross-make/build/local/x86_64-linux-musl/obj_binutils/ld'
make[6]: Leaving directory '/build/x86_64-linux-musl-cross/src/musl-cross-make/build/local/x86_64-linux-musl/obj_binutils/ld'
make[5]: Leaving directory '/build/x86_64-linux-musl-cross/src/musl-cross-make/build/local/x86_64-linux-musl/obj_binutils/ld'
make[4]: Leaving directory '/build/x86_64-linux-musl-cross/src/musl-cross-make/build/local/x86_64-linux-musl/obj_binutils/ld'
 /usr/bin/mkdir -p '/build/x86_64-linux-musl-cross/src/musl-cross-make/out/bin'
 /usr/bin/mkdir -p '/build/x86_64-linux-musl-cross/src/musl-cross-make/out/share/man/man1'
  /bin/sh ./libtool   --mode=install /usr/bin/install -c size '/build/x86_64-linux-musl-cross/src/musl-cross-make/out/bin/./x86_64-linux-musl-size'
 /usr/bin/install -c -m 644 'doc/addr2line.1' '/build/x86_64-linux-musl-cross/src/musl-cross-make/out/share/man/man1/x86_64-linux-musl-addr2line.1'
 /usr/bin/install -c -m 644 'doc/ar.1' '/build/x86_64-linux-musl-cross/src/musl-cross-make/out/share/man/man1/x86_64-linux-musl-ar.1'
 /usr/bin/install -c -m 644 'doc/dlltool.1' '/build/x86_64-linux-musl-cross/src/musl-cross-make/out/share/man/man1/x86_64-linux-musl-dlltool.1'
 /usr/bin/install -c -m 644 'doc/nm.1' '/build/x86_64-linux-musl-cross/src/musl-cross-make/out/share/man/man1/x86_64-linux-musl-nm.1'
 /usr/bin/install -c -m 644 'doc/objcopy.1' '/build/x86_64-linux-musl-cross/src/musl-cross-make/out/share/man/man1/x86_64-linux-musl-objcopy.1'
 /usr/bin/install -c -m 644 'doc/objdump.1' '/build/x86_64-linux-musl-cross/src/musl-cross-make/out/share/man/man1/x86_64-linux-musl-objdump.1'
 /usr/bin/install -c -m 644 'doc/ranlib.1' '/build/x86_64-linux-musl-cross/src/musl-cross-make/out/share/man/man1/x86_64-linux-musl-ranlib.1'
libtool: install: /usr/bin/install -c size /build/x86_64-linux-musl-cross/src/musl-cross-make/out/bin/./x86_64-linux-musl-size
 /usr/bin/install -c -m 644 'doc/readelf.1' '/build/x86_64-linux-musl-cross/src/musl-cross-make/out/share/man/man1/x86_64-linux-musl-readelf.1'
  /bin/sh ./libtool   --mode=install /usr/bin/install -c objdump '/build/x86_64-linux-musl-cross/src/musl-cross-make/out/bin/./x86_64-linux-musl-objdump'
 /usr/bin/install -c -m 644 'doc/size.1' '/build/x86_64-linux-musl-cross/src/musl-cross-make/out/share/man/man1/x86_64-linux-musl-size.1'
 /usr/bin/install -c -m 644 'doc/strings.1' '/build/x86_64-linux-musl-cross/src/musl-cross-make/out/share/man/man1/x86_64-linux-musl-strings.1'
 /usr/bin/install -c -m 644 'doc/strip.1' '/build/x86_64-linux-musl-cross/src/musl-cross-make/out/share/man/man1/x86_64-linux-musl-strip.1'
 /usr/bin/install -c -m 644 'doc/elfedit.1' '/build/x86_64-linux-musl-cross/src/musl-cross-make/out/share/man/man1/x86_64-linux-musl-elfedit.1'
 /usr/bin/install -c -m 644 'doc/windres.1' '/build/x86_64-linux-musl-cross/src/musl-cross-make/out/share/man/man1/x86_64-linux-musl-windres.1'
 /usr/bin/install -c -m 644 'doc/windmc.1' '/build/x86_64-linux-musl-cross/src/musl-cross-make/out/share/man/man1/x86_64-linux-musl-windmc.1'
 /usr/bin/install -c -m 644 'doc/c++filt.1' '/build/x86_64-linux-musl-cross/src/musl-cross-make/out/share/man/man1/x86_64-linux-musl-c++filt.1'
libtool: install: /usr/bin/install -c objdump /build/x86_64-linux-musl-cross/src/musl-cross-make/out/bin/./x86_64-linux-musl-objdump
  /bin/sh ./libtool   --mode=install /usr/bin/install -c ar '/build/x86_64-linux-musl-cross/src/musl-cross-make/out/bin/./x86_64-linux-musl-ar'
libtool: install: /usr/bin/install -c ar /build/x86_64-linux-musl-cross/src/musl-cross-make/out/bin/./x86_64-linux-musl-ar
for file in /build/x86_64-linux-musl-cross/src/musl-cross-make/build/local/x86_64-linux-musl/src_gcc/libstdc++-v3/include/ext/pb_ds/detail/bin_search_tree_/constructors_destructor_fn_imps.hpp /build/x86_64-linux-musl-cross/src/musl-cross-make/build/local/x86_64-linux-musl/src_gcc/libstdc++-v3/include/ext/pb_ds/detail/bin_search_tree_/debug_fn_imps.hpp /build/x86_64-linux-musl-cross/src/musl-cross-make/build/local/x86_64-linux-musl/src_gcc/libstdc++-v3/include/ext/pb_ds/detail/bin_search_tree_/erase_fn_imps.hpp /build/x86_64-linux-musl-cross/src/musl-cross-make/build/local/x86_64-linux-musl/src_gcc/libstdc++-v3/include/ext/pb_ds/detail/bin_search_tree_/find_fn_imps.hpp /build/x86_64-linux-musl-cross/src/musl-cross-make/build/local/x86_64-linux-musl/src_gcc/libstdc++-v3/include/ext/pb_ds/detail/bin_search_tree_/info_fn_imps.hpp /build/x86_64-linux-musl-cross/src/musl-cross-make/build/local/x86_64-linux-musl/src_gcc/libstdc++-v3/include/ext/pb_ds/detail/bin_search_tree_/insert_fn_imps.hpp /build/x86_64-linux-musl-cross/src/musl-cross-make/build/local/x86_64-linux-musl/src_gcc/libstdc++-v3/include/ext/pb_ds/detail/bin_search_tree_/iterators_fn_imps.hpp /build/x86_64-linux-musl-cross/src/musl-cross-make/build/local/x86_64-linux-musl/src_gcc/libstdc++-v3/include/ext/pb_ds/detail/bin_search_tree_/node_iterators.hpp /build/x86_64-linux-musl-cross/src/musl-cross-make/build/local/x86_64-linux-musl/src_gcc/libstdc++-v3/include/ext/pb_ds/detail/bin_search_tree_/point_iterators.hpp /build/x86_64-linux-musl-cross/src/musl-cross-make/build/local/x86_64-linux-musl/src_gcc/libstdc++-v3/include/ext/pb_ds/detail/bin_search_tree_/policy_access_fn_imps.hpp /build/x86_64-linux-musl-cross/src/musl-cross-make/build/local/x86_64-linux-musl/src_gcc/libstdc++-v3/include/ext/pb_ds/detail/bin_search_tree_/r_erase_fn_imps.hpp /build/x86_64-linux-musl-cross/src/musl-cross-make/build/local/x86_64-linux-musl/src_gcc/libstdc++-v3/include/ext/pb_ds/detail/bin_search_tree_/rotate_fn_imps.hpp /build/x86_64-linux-musl-cross/src/musl-cross-make/build/local/x86_64-linux-musl/src_gcc/libstdc++-v3/include/ext/pb_ds/detail/bin_search_tree_/split_join_fn_imps.hpp /build/x86_64-linux-musl-cross/src/musl-cross-make/build/local/x86_64-linux-musl/src_gcc/libstdc++-v3/include/ext/pb_ds/detail/bin_search_tree_/traits.hpp /build/x86_64-linux-musl-cross/src/musl-cross-make/build/local/x86_64-linux-musl/src_gcc/libstdc++-v3/include/ext/pb_ds/detail/cc_hash_table_map_/cc_ht_map_.hpp /build/x86_64-linux-musl-cross/src/musl-cross-make/build/local/x86_64-linux-musl/src_gcc/libstdc++-v3/include/ext/pb_ds/detail/cc_hash_table_map_/cmp_fn_imps.hpp /build/x86_64-linux-musl-cross/src/musl-cross-make/build/local/x86_64-linux-musl/src_gcc/libstdc++-v3/include/ext/pb_ds/detail/cc_hash_table_map_/cond_key_dtor_entry_dealtor.hpp /build/x86_64-linux-musl-cross/src/musl-cross-make/build/local/x86_64-linux-musl/src_gcc/libstdc++-v3/include/ext/pb_ds/detail/cc_hash_table_map_/constructor_destructor_fn_imps.hpp /build/x86_64-linux-musl-cross/src/musl-cross-make/build/local/x86_64-linux-musl/src_gcc/libstdc++-v3/include/ext/pb_ds/detail/cc_hash_table_map_/constructor_destructor_no_store_hash_fn_imps.hpp /build/x86_64-linux-musl-cross/src/musl-cross-make/build/local/x86_64-linux-musl/src_gcc/libstdc++-v3/include/ext/pb_ds/detail/cc_hash_table_map_/constructor_destructor_store_hash_fn_imps.hpp /build/x86_64-linux-musl-cross/src/musl-cross-make/build/local/x86_64-linux-musl/src_gcc/libstdc++-v3/include/ext/pb_ds/detail/cc_hash_table_map_/debug_fn_imps.hpp /build/x86_64-linux-musl-cross/src/musl-cross-make/build/local/x86_64-linux-musl/src_gcc/libstdc++-v3/include/ext/pb_ds/detail/cc_hash_table_map_/debug_no_store_hash_fn_imps.hpp /build/x86_64-linux-musl-cross/src/musl-cross-make/build/local/x86_64-linux-musl/src_gcc/libstdc++-v3/include/ext/pb_ds/detail/cc_hash_table_map_/debug_store_hash_fn_imps.hpp /build/x86_64-linux-musl-cross/src/musl-cross-make/build/local/x86_64-linux-musl/src_gcc/libstdc++-v3/include/ext/pb_ds/detail/cc_hash_table_map_/entry_list_fn_imps.hpp /build/x86_64-linux-musl-cross/src/musl-cross-make/build/local/x86_64-linux-musl/src_gcc/libstdc++-v3/include/ext/pb_ds/detail/cc_hash_table_map_/erase_fn_imps.hpp /build/x86_64-linux-musl-cross/src/musl-cross-make/build/local/x86_64-linux-musl/src_gcc/libstdc++-v3/include/ext/pb_ds/detail/cc_hash_table_map_/erase_no_store_hash_fn_imps.hpp /build/x86_64-linux-musl-cross/src/musl-cross-make/build/local/x86_64-linux-musl/src_gcc/libstdc++-v3/include/ext/pb_ds/detail/cc_hash_table_map_/erase_store_hash_fn_imps.hpp /build/x86_64-linux-musl-cross/src/musl-cross-make/build/local/x86_64-linux-musl/src_gcc/libstdc++-v3/include/ext/pb_ds/detail/cc_hash_table_map_/find_fn_imps.hpp /build/x86_64-linux-musl-cross/src/musl-cross-make/build/local/x86_64-linux-musl/src_gcc/libstdc++-v3/include/ext/pb_ds/detail/cc_hash_table_map_/find_store_hash_fn_imps.hpp /build/x86_64-linux-musl-cross/src/musl-cross-make/build/local/x86_64-linux-musl/src_gcc/libstdc++-v3/include/ext/pb_ds/detail/cc_hash_table_map_/info_fn_imps.hpp /build/x86_64-linux-musl-cross/src/musl-cross-make/build/local/x86_64-linux-musl/src_gcc/libstdc++-v3/include/ext/pb_ds/detail/cc_hash_table_map_/insert_fn_imps.hpp /build/x86_64-linux-musl-cross/src/musl-cross-make/build/local/x86_64-linux-musl/src_gcc/libstdc++-v3/include/ext/pb_ds/detail/cc_hash_table_map_/insert_no_store_hash_fn_imps.hpp /build/x86_64-linux-musl-cross/src/musl-cross-make/build/local/x86_64-linux-musl/src_gcc/libstdc++-v3/include/ext/pb_ds/detail/cc_hash_table_map_/insert_store_hash_fn_imps.hpp /build/x86_64-linux-musl-cross/src/musl-cross-make/build/local/x86_64-linux-musl/src_gcc/libstdc++-v3/include/ext/pb_ds/detail/cc_hash_table_map_/iterators_fn_imps.hpp /build/x86_64-linux-musl-cross/src/musl-cross-make/build/local/x86_64-linux-musl/src_gcc/libstdc++-v3/include/ext/pb_ds/detail/cc_hash_table_map_/policy_access_fn_imps.hpp /build/x86_64-linux-musl-cross/src/musl-cross-make/build/local/x86_64-linux-musl/src_gcc/libstdc++-v3/include/ext/pb_ds/detail/cc_hash_table_map_/resize_fn_imps.hpp /build/x86_64-linux-musl-cross/src/musl-cross-make/build/local/x86_64-linux-musl/src_gcc/libstdc++-v3/include/ext/pb_ds/detail/cc_hash_table_map_/resize_no_store_hash_fn_imps.hpp /build/x86_64-linux-musl-cross/src/musl-cross-make/build/local/x86_64-linux-musl/src_gcc/libstdc++-v3/include/ext/pb_ds/detail/cc_hash_table_map_/resize_store_hash_fn_imps.hpp /build/x86_64-linux-musl-cross/src/musl-cross-make/build/local/x86_64-linux-musl/src_gcc/libstdc++-v3/include/ext/pb_ds/detail/cc_hash_table_map_/size_fn_imps.hpp; do \
  install_base=/build/x86_64-linux-musl-cross/src/musl-cross-make/out/x86_64-linux-musl/include/c++/16.1.0/./ext/pb_ds ; \
  relative_name=`echo $file | sed -e "s|/build/x86_64-linux-musl-cross/src/musl-cross-make/build/local/x86_64-linux-musl/src_gcc/libstdc++-v3/include/ext/pb_ds|.|g"` ;\
  /usr/bin/install -c -m 644 ${file} ${install_base}/${relative_name} ; done
  /bin/sh ./libtool   --mode=install /usr/bin/install -c strings '/build/x86_64-linux-musl-cross/src/musl-cross-make/out/bin/./x86_64-linux-musl-strings'
libtool: install: /usr/bin/install -c strings /build/x86_64-linux-musl-cross/src/musl-cross-make/out/bin/./x86_64-linux-musl-strings
  /bin/sh ./libtool   --mode=install /usr/bin/install -c ranlib '/build/x86_64-linux-musl-cross/src/musl-cross-make/out/bin/./x86_64-linux-musl-ranlib'
libtool: install: /usr/bin/install -c ranlib /build/x86_64-linux-musl-cross/src/musl-cross-make/out/bin/./x86_64-linux-musl-ranlib
  /bin/sh ./libtool   --mode=install /usr/bin/install -c objcopy '/build/x86_64-linux-musl-cross/src/musl-cross-make/out/bin/./x86_64-linux-musl-objcopy'
libtool: install: /usr/bin/install -c objcopy /build/x86_64-linux-musl-cross/src/musl-cross-make/out/bin/./x86_64-linux-musl-objcopy
  /bin/sh ./libtool   --mode=install /usr/bin/install -c addr2line '/build/x86_64-linux-musl-cross/src/musl-cross-make/out/bin/./x86_64-linux-musl-addr2line'
libtool: install: /usr/bin/install -c addr2line /build/x86_64-linux-musl-cross/src/musl-cross-make/out/bin/./x86_64-linux-musl-addr2line
  /bin/sh ./libtool   --mode=install /usr/bin/install -c readelf '/build/x86_64-linux-musl-cross/src/musl-cross-make/out/bin/./x86_64-linux-musl-readelf'
libtool: install: /usr/bin/install -c readelf /build/x86_64-linux-musl-cross/src/musl-cross-make/out/bin/./x86_64-linux-musl-readelf
  /bin/sh ./libtool   --mode=install /usr/bin/install -c elfedit '/build/x86_64-linux-musl-cross/src/musl-cross-make/out/bin/./x86_64-linux-musl-elfedit'
libtool: install: /usr/bin/install -c elfedit /build/x86_64-linux-musl-cross/src/musl-cross-make/out/bin/./x86_64-linux-musl-elfedit
  /bin/sh ./libtool  --mode=install /usr/bin/install -c nm-new /bin/x86_64-linux-musl-nm
libtool: install: /usr/bin/install -c nm-new /build/x86_64-linux-musl-cross/src/musl-cross-make/out/bin/x86_64-linux-musl-nm
  /bin/sh ./libtool  --mode=install /usr/bin/install -c strip-new /bin/x86_64-linux-musl-strip
libtool: install: /usr/bin/install -c strip-new /build/x86_64-linux-musl-cross/src/musl-cross-make/out/bin/x86_64-linux-musl-strip
  /bin/sh ./libtool  --mode=install /usr/bin/install -c cxxfilt /bin/x86_64-linux-musl-c++filt
libtool: install: /usr/bin/install -c cxxfilt /build/x86_64-linux-musl-cross/src/musl-cross-make/out/bin/x86_64-linux-musl-c++filt
/bin/sh ../../src_binutils/binutils/../mkinstalldirs /build/x86_64-linux-musl-cross/src/musl-cross-make/out/x86_64-linux-musl/bin
for i in nm-new strip-new ar ranlib dlltool objdump objcopy readelf; do \
  if [ -f $i ]; then \
    j=`echo $i | sed -e 's/-new//'`; \
    k=`echo $j | sed 's&^&x86_64-linux-musl-&'`; \
    if [ "/bin/$k" != "/x86_64-linux-musl/bin/$j" ]; then \
      rm -f /build/x86_64-linux-musl-cross/src/musl-cross-make/out/x86_64-linux-musl/bin/$j; \
      ln /build/x86_64-linux-musl-cross/src/musl-cross-make/out/bin/$k /build/x86_64-linux-musl-cross/src/musl-cross-make/out/x86_64-linux-musl/bin/$j >/dev/null 2>/dev/null \
	||  /bin/sh ./libtool --mode=install /usr/bin/install -c $i /build/x86_64-linux-musl-cross/src/musl-cross-make/out/x86_64-linux-musl/bin/$j; \
    fi; \
  else true; \
  fi; \
done
for file in /build/x86_64-linux-musl-cross/src/musl-cross-make/build/local/x86_64-linux-musl/src_gcc/libstdc++-v3/include/ext/pb_ds/detail/cc_hash_table_map_/trace_fn_imps.hpp /build/x86_64-linux-musl-cross/src/musl-cross-make/build/local/x86_64-linux-musl/src_gcc/libstdc++-v3/include/ext/pb_ds/detail/cond_dealtor.hpp /build/x86_64-linux-musl-cross/src/musl-cross-make/build/local/x86_64-linux-musl/src_gcc/libstdc++-v3/include/ext/pb_ds/detail/container_base_dispatch.hpp /build/x86_64-linux-musl-cross/src/musl-cross-make/build/local/x86_64-linux-musl/src_gcc/libstdc++-v3/include/ext/pb_ds/detail/eq_fn/eq_by_less.hpp /build/x86_64-linux-musl-cross/src/musl-cross-make/build/local/x86_64-linux-musl/src_gcc/libstdc++-v3/include/ext/pb_ds/detail/eq_fn/hash_eq_fn.hpp /build/x86_64-linux-musl-cross/src/musl-cross-make/build/local/x86_64-linux-musl/src_gcc/libstdc++-v3/include/ext/pb_ds/detail/gp_hash_table_map_/constructor_destructor_fn_imps.hpp /build/x86_64-linux-musl-cross/src/musl-cross-make/build/local/x86_64-linux-musl/src_gcc/libstdc++-v3/include/ext/pb_ds/detail/gp_hash_table_map_/constructor_destructor_no_store_hash_fn_imps.hpp /build/x86_64-linux-musl-cross/src/musl-cross-make/build/local/x86_64-linux-musl/src_gcc/libstdc++-v3/include/ext/pb_ds/detail/gp_hash_table_map_/constructor_destructor_store_hash_fn_imps.hpp /build/x86_64-linux-musl-cross/src/musl-cross-make/build/local/x86_64-linux-musl/src_gcc/libstdc++-v3/include/ext/pb_ds/detail/gp_hash_table_map_/debug_fn_imps.hpp /build/x86_64-linux-musl-cross/src/musl-cross-make/build/local/x86_64-linux-musl/src_gcc/libstdc++-v3/include/ext/pb_ds/detail/gp_hash_table_map_/debug_no_store_hash_fn_imps.hpp /build/x86_64-linux-musl-cross/src/musl-cross-make/build/local/x86_64-linux-musl/src_gcc/libstdc++-v3/include/ext/pb_ds/detail/gp_hash_table_map_/debug_store_hash_fn_imps.hpp /build/x86_64-linux-musl-cross/src/musl-cross-make/build/local/x86_64-linux-musl/src_gcc/libstdc++-v3/include/ext/pb_ds/detail/gp_hash_table_map_/erase_fn_imps.hpp /build/x86_64-linux-musl-cross/src/musl-cross-make/build/local/x86_64-linux-musl/src_gcc/libstdc++-v3/include/ext/pb_ds/detail/gp_hash_table_map_/erase_no_store_hash_fn_imps.hpp /build/x86_64-linux-musl-cross/src/musl-cross-make/build/local/x86_64-linux-musl/src_gcc/libstdc++-v3/include/ext/pb_ds/detail/gp_hash_table_map_/erase_store_hash_fn_imps.hpp /build/x86_64-linux-musl-cross/src/musl-cross-make/build/local/x86_64-linux-musl/src_gcc/libstdc++-v3/include/ext/pb_ds/detail/gp_hash_table_map_/find_fn_imps.hpp /build/x86_64-linux-musl-cross/src/musl-cross-make/build/local/x86_64-linux-musl/src_gcc/libstdc++-v3/include/ext/pb_ds/detail/gp_hash_table_map_/find_no_store_hash_fn_imps.hpp /build/x86_64-linux-musl-cross/src/musl-cross-make/build/local/x86_64-linux-musl/src_gcc/libstdc++-v3/include/ext/pb_ds/detail/gp_hash_table_map_/find_store_hash_fn_imps.hpp /build/x86_64-linux-musl-cross/src/musl-cross-make/build/local/x86_64-linux-musl/src_gcc/libstdc++-v3/include/ext/pb_ds/detail/gp_hash_table_map_/gp_ht_map_.hpp /build/x86_64-linux-musl-cross/src/musl-cross-make/build/local/x86_64-linux-musl/src_gcc/libstdc++-v3/include/ext/pb_ds/detail/gp_hash_table_map_/info_fn_imps.hpp /build/x86_64-linux-musl-cross/src/musl-cross-make/build/local/x86_64-linux-musl/src_gcc/libstdc++-v3/include/ext/pb_ds/detail/gp_hash_table_map_/insert_fn_imps.hpp /build/x86_64-linux-musl-cross/src/musl-cross-make/build/local/x86_64-linux-musl/src_gcc/libstdc++-v3/include/ext/pb_ds/detail/gp_hash_table_map_/insert_no_store_hash_fn_imps.hpp /build/x86_64-linux-musl-cross/src/musl-cross-make/build/local/x86_64-linux-musl/src_gcc/libstdc++-v3/include/ext/pb_ds/detail/gp_hash_table_map_/insert_store_hash_fn_imps.hpp /build/x86_64-linux-musl-cross/src/musl-cross-make/build/local/x86_64-linux-musl/src_gcc/libstdc++-v3/include/ext/pb_ds/detail/gp_hash_table_map_/iterator_fn_imps.hpp /build/x86_64-linux-musl-cross/src/musl-cross-make/build/local/x86_64-linux-musl/src_gcc/libstdc++-v3/include/ext/pb_ds/detail/gp_hash_table_map_/policy_access_fn_imps.hpp /build/x86_64-linux-musl-cross/src/musl-cross-make/build/local/x86_64-linux-musl/src_gcc/libstdc++-v3/include/ext/pb_ds/detail/gp_hash_table_map_/resize_fn_imps.hpp /build/x86_64-linux-musl-cross/src/musl-cross-make/build/local/x86_64-linux-musl/src_gcc/libstdc++-v3/include/ext/pb_ds/detail/gp_hash_table_map_/resize_no_store_hash_fn_imps.hpp /build/x86_64-linux-musl-cross/src/musl-cross-make/build/local/x86_64-linux-musl/src_gcc/libstdc++-v3/include/ext/pb_ds/detail/gp_hash_table_map_/resize_store_hash_fn_imps.hpp /build/x86_64-linux-musl-cross/src/musl-cross-make/build/local/x86_64-linux-musl/src_gcc/libstdc++-v3/include/ext/pb_ds/detail/gp_hash_table_map_/trace_fn_imps.hpp /build/x86_64-linux-musl-cross/src/musl-cross-make/build/local/x86_64-linux-musl/src_gcc/libstdc++-v3/include/ext/pb_ds/detail/hash_fn/direct_mask_range_hashing_imp.hpp /build/x86_64-linux-musl-cross/src/musl-cross-make/build/local/x86_64-linux-musl/src_gcc/libstdc++-v3/include/ext/pb_ds/detail/hash_fn/direct_mod_range_hashing_imp.hpp /build/x86_64-linux-musl-cross/src/musl-cross-make/build/local/x86_64-linux-musl/src_gcc/libstdc++-v3/include/ext/pb_ds/detail/hash_fn/linear_probe_fn_imp.hpp /build/x86_64-linux-musl-cross/src/musl-cross-make/build/local/x86_64-linux-musl/src_gcc/libstdc++-v3/include/ext/pb_ds/detail/hash_fn/mask_based_range_hashing.hpp /build/x86_64-linux-musl-cross/src/musl-cross-make/build/local/x86_64-linux-musl/src_gcc/libstdc++-v3/include/ext/pb_ds/detail/hash_fn/mod_based_range_hashing.hpp /build/x86_64-linux-musl-cross/src/musl-cross-make/build/local/x86_64-linux-musl/src_gcc/libstdc++-v3/include/ext/pb_ds/detail/hash_fn/probe_fn_base.hpp /build/x86_64-linux-musl-cross/src/musl-cross-make/build/local/x86_64-linux-musl/src_gcc/libstdc++-v3/include/ext/pb_ds/detail/hash_fn/quadratic_probe_fn_imp.hpp /build/x86_64-linux-musl-cross/src/musl-cross-make/build/local/x86_64-linux-musl/src_gcc/libstdc++-v3/include/ext/pb_ds/detail/hash_fn/ranged_hash_fn.hpp /build/x86_64-linux-musl-cross/src/musl-cross-make/build/local/x86_64-linux-musl/src_gcc/libstdc++-v3/include/ext/pb_ds/detail/hash_fn/ranged_probe_fn.hpp; do \
  install_base=/build/x86_64-linux-musl-cross/src/musl-cross-make/out/x86_64-linux-musl/include/c++/16.1.0/./ext/pb_ds ; \
  relative_name=`echo $file | sed -e "s|/build/x86_64-linux-musl-cross/src/musl-cross-make/build/local/x86_64-linux-musl/src_gcc/libstdc++-v3/include/ext/pb_ds|.|g"` ;\
  /usr/bin/install -c -m 644 ${file} ${install_base}/${relative_name} ; done
make[7]: Leaving directory '/build/x86_64-linux-musl-cross/src/musl-cross-make/build/local/x86_64-linux-musl/obj_binutils/binutils'
make[6]: Leaving directory '/build/x86_64-linux-musl-cross/src/musl-cross-make/build/local/x86_64-linux-musl/obj_binutils/binutils'
make[5]: Leaving directory '/build/x86_64-linux-musl-cross/src/musl-cross-make/build/local/x86_64-linux-musl/obj_binutils/binutils'
make[4]: Leaving directory '/build/x86_64-linux-musl-cross/src/musl-cross-make/build/local/x86_64-linux-musl/obj_binutils/binutils'
make[3]: Leaving directory '/build/x86_64-linux-musl-cross/src/musl-cross-make/build/local/x86_64-linux-musl/obj_binutils'
make[2]: Leaving directory '/build/x86_64-linux-musl-cross/src/musl-cross-make/build/local/x86_64-linux-musl/obj_binutils'
for file in /build/x86_64-linux-musl-cross/src/musl-cross-make/build/local/x86_64-linux-musl/src_gcc/libstdc++-v3/include/ext/pb_ds/detail/hash_fn/sample_probe_fn.hpp /build/x86_64-linux-musl-cross/src/musl-cross-make/build/local/x86_64-linux-musl/src_gcc/libstdc++-v3/include/ext/pb_ds/detail/hash_fn/sample_ranged_hash_fn.hpp /build/x86_64-linux-musl-cross/src/musl-cross-make/build/local/x86_64-linux-musl/src_gcc/libstdc++-v3/include/ext/pb_ds/detail/hash_fn/sample_ranged_probe_fn.hpp /build/x86_64-linux-musl-cross/src/musl-cross-make/build/local/x86_64-linux-musl/src_gcc/libstdc++-v3/include/ext/pb_ds/detail/hash_fn/sample_range_hashing.hpp /build/x86_64-linux-musl-cross/src/musl-cross-make/build/local/x86_64-linux-musl/src_gcc/libstdc++-v3/include/ext/pb_ds/detail/left_child_next_sibling_heap_/const_iterator.hpp /build/x86_64-linux-musl-cross/src/musl-cross-make/build/local/x86_64-linux-musl/src_gcc/libstdc++-v3/include/ext/pb_ds/detail/left_child_next_sibling_heap_/point_const_iterator.hpp /build/x86_64-linux-musl-cross/src/musl-cross-make/build/local/x86_64-linux-musl/src_gcc/libstdc++-v3/include/ext/pb_ds/detail/left_child_next_sibling_heap_/constructors_destructor_fn_imps.hpp /build/x86_64-linux-musl-cross/src/musl-cross-make/build/local/x86_64-linux-musl/src_gcc/libstdc++-v3/include/ext/pb_ds/detail/left_child_next_sibling_heap_/debug_fn_imps.hpp /build/x86_64-linux-musl-cross/src/musl-cross-make/build/local/x86_64-linux-musl/src_gcc/libstdc++-v3/include/ext/pb_ds/detail/left_child_next_sibling_heap_/erase_fn_imps.hpp /build/x86_64-linux-musl-cross/src/musl-cross-make/build/local/x86_64-linux-musl/src_gcc/libstdc++-v3/include/ext/pb_ds/detail/left_child_next_sibling_heap_/info_fn_imps.hpp /build/x86_64-linux-musl-cross/src/musl-cross-make/build/local/x86_64-linux-musl/src_gcc/libstdc++-v3/include/ext/pb_ds/detail/left_child_next_sibling_heap_/insert_fn_imps.hpp /build/x86_64-linux-musl-cross/src/musl-cross-make/build/local/x86_64-linux-musl/src_gcc/libstdc++-v3/include/ext/pb_ds/detail/left_child_next_sibling_heap_/iterators_fn_imps.hpp /build/x86_64-linux-musl-cross/src/musl-cross-make/build/local/x86_64-linux-musl/src_gcc/libstdc++-v3/include/ext/pb_ds/detail/left_child_next_sibling_heap_/left_child_next_sibling_heap_.hpp /build/x86_64-linux-musl-cross/src/musl-cross-make/build/local/x86_64-linux-musl/src_gcc/libstdc++-v3/include/ext/pb_ds/detail/left_child_next_sibling_heap_/node.hpp /build/x86_64-linux-musl-cross/src/musl-cross-make/build/local/x86_64-linux-musl/src_gcc/libstdc++-v3/include/ext/pb_ds/detail/left_child_next_sibling_heap_/policy_access_fn_imps.hpp /build/x86_64-linux-musl-cross/src/musl-cross-make/build/local/x86_64-linux-musl/src_gcc/libstdc++-v3/include/ext/pb_ds/detail/left_child_next_sibling_heap_/trace_fn_imps.hpp /build/x86_64-linux-musl-cross/src/musl-cross-make/build/local/x86_64-linux-musl/src_gcc/libstdc++-v3/include/ext/pb_ds/detail/list_update_map_/constructor_destructor_fn_imps.hpp /build/x86_64-linux-musl-cross/src/musl-cross-make/build/local/x86_64-linux-musl/src_gcc/libstdc++-v3/include/ext/pb_ds/detail/list_update_map_/debug_fn_imps.hpp /build/x86_64-linux-musl-cross/src/musl-cross-make/build/local/x86_64-linux-musl/src_gcc/libstdc++-v3/include/ext/pb_ds/detail/list_update_map_/entry_metadata_base.hpp /build/x86_64-linux-musl-cross/src/musl-cross-make/build/local/x86_64-linux-musl/src_gcc/libstdc++-v3/include/ext/pb_ds/detail/list_update_map_/erase_fn_imps.hpp /build/x86_64-linux-musl-cross/src/musl-cross-make/build/local/x86_64-linux-musl/src_gcc/libstdc++-v3/include/ext/pb_ds/detail/list_update_map_/find_fn_imps.hpp /build/x86_64-linux-musl-cross/src/musl-cross-make/build/local/x86_64-linux-musl/src_gcc/libstdc++-v3/include/ext/pb_ds/detail/list_update_map_/info_fn_imps.hpp /build/x86_64-linux-musl-cross/src/musl-cross-make/build/local/x86_64-linux-musl/src_gcc/libstdc++-v3/include/ext/pb_ds/detail/list_update_map_/insert_fn_imps.hpp /build/x86_64-linux-musl-cross/src/musl-cross-make/build/local/x86_64-linux-musl/src_gcc/libstdc++-v3/include/ext/pb_ds/detail/list_update_map_/iterators_fn_imps.hpp /build/x86_64-linux-musl-cross/src/musl-cross-make/build/local/x86_64-linux-musl/src_gcc/libstdc++-v3/include/ext/pb_ds/detail/list_update_map_/lu_map_.hpp /build/x86_64-linux-musl-cross/src/musl-cross-make/build/local/x86_64-linux-musl/src_gcc/libstdc++-v3/include/ext/pb_ds/detail/list_update_map_/trace_fn_imps.hpp /build/x86_64-linux-musl-cross/src/musl-cross-make/build/local/x86_64-linux-musl/src_gcc/libstdc++-v3/include/ext/pb_ds/detail/list_update_policy/lu_counter_metadata.hpp /build/x86_64-linux-musl-cross/src/musl-cross-make/build/local/x86_64-linux-musl/src_gcc/libstdc++-v3/include/ext/pb_ds/detail/list_update_policy/sample_update_policy.hpp /build/x86_64-linux-musl-cross/src/musl-cross-make/build/local/x86_64-linux-musl/src_gcc/libstdc++-v3/include/ext/pb_ds/detail/debug_map_base.hpp /build/x86_64-linux-musl-cross/src/musl-cross-make/build/local/x86_64-linux-musl/src_gcc/libstdc++-v3/include/ext/pb_ds/detail/ov_tree_map_/constructors_destructor_fn_imps.hpp /build/x86_64-linux-musl-cross/src/musl-cross-make/build/local/x86_64-linux-musl/src_gcc/libstdc++-v3/include/ext/pb_ds/detail/ov_tree_map_/debug_fn_imps.hpp /build/x86_64-linux-musl-cross/src/musl-cross-make/build/local/x86_64-linux-musl/src_gcc/libstdc++-v3/include/ext/pb_ds/detail/ov_tree_map_/erase_fn_imps.hpp /build/x86_64-linux-musl-cross/src/musl-cross-make/build/local/x86_64-linux-musl/src_gcc/libstdc++-v3/include/ext/pb_ds/detail/ov_tree_map_/info_fn_imps.hpp /build/x86_64-linux-musl-cross/src/musl-cross-make/build/local/x86_64-linux-musl/src_gcc/libstdc++-v3/include/ext/pb_ds/detail/ov_tree_map_/insert_fn_imps.hpp /build/x86_64-linux-musl-cross/src/musl-cross-make/build/local/x86_64-linux-musl/src_gcc/libstdc++-v3/include/ext/pb_ds/detail/ov_tree_map_/iterators_fn_imps.hpp /build/x86_64-linux-musl-cross/src/musl-cross-make/build/local/x86_64-linux-musl/src_gcc/libstdc++-v3/include/ext/pb_ds/detail/ov_tree_map_/node_iterators.hpp /build/x86_64-linux-musl-cross/src/musl-cross-make/build/local/x86_64-linux-musl/src_gcc/libstdc++-v3/include/ext/pb_ds/detail/ov_tree_map_/ov_tree_map_.hpp; do \
  install_base=/build/x86_64-linux-musl-cross/src/musl-cross-make/out/x86_64-linux-musl/include/c++/16.1.0/./ext/pb_ds ; \
  relative_name=`echo $file | sed -e "s|/build/x86_64-linux-musl-cross/src/musl-cross-make/build/local/x86_64-linux-musl/src_gcc/libstdc++-v3/include/ext/pb_ds|.|g"` ;\
  /usr/bin/install -c -m 644 ${file} ${install_base}/${relative_name} ; done
for file in /build/x86_64-linux-musl-cross/src/musl-cross-make/build/local/x86_64-linux-musl/src_gcc/libstdc++-v3/include/ext/pb_ds/detail/ov_tree_map_/policy_access_fn_imps.hpp /build/x86_64-linux-musl-cross/src/musl-cross-make/build/local/x86_64-linux-musl/src_gcc/libstdc++-v3/include/ext/pb_ds/detail/ov_tree_map_/split_join_fn_imps.hpp /build/x86_64-linux-musl-cross/src/musl-cross-make/build/local/x86_64-linux-musl/src_gcc/libstdc++-v3/include/ext/pb_ds/detail/ov_tree_map_/traits.hpp /build/x86_64-linux-musl-cross/src/musl-cross-make/build/local/x86_64-linux-musl/src_gcc/libstdc++-v3/include/ext/pb_ds/detail/pairing_heap_/constructors_destructor_fn_imps.hpp /build/x86_64-linux-musl-cross/src/musl-cross-make/build/local/x86_64-linux-musl/src_gcc/libstdc++-v3/include/ext/pb_ds/detail/pairing_heap_/debug_fn_imps.hpp /build/x86_64-linux-musl-cross/src/musl-cross-make/build/local/x86_64-linux-musl/src_gcc/libstdc++-v3/include/ext/pb_ds/detail/pairing_heap_/erase_fn_imps.hpp /build/x86_64-linux-musl-cross/src/musl-cross-make/build/local/x86_64-linux-musl/src_gcc/libstdc++-v3/include/ext/pb_ds/detail/pairing_heap_/find_fn_imps.hpp /build/x86_64-linux-musl-cross/src/musl-cross-make/build/local/x86_64-linux-musl/src_gcc/libstdc++-v3/include/ext/pb_ds/detail/pairing_heap_/insert_fn_imps.hpp /build/x86_64-linux-musl-cross/src/musl-cross-make/build/local/x86_64-linux-musl/src_gcc/libstdc++-v3/include/ext/pb_ds/detail/pairing_heap_/pairing_heap_.hpp /build/x86_64-linux-musl-cross/src/musl-cross-make/build/local/x86_64-linux-musl/src_gcc/libstdc++-v3/include/ext/pb_ds/detail/pairing_heap_/split_join_fn_imps.hpp /build/x86_64-linux-musl-cross/src/musl-cross-make/build/local/x86_64-linux-musl/src_gcc/libstdc++-v3/include/ext/pb_ds/detail/pat_trie_/constructors_destructor_fn_imps.hpp /build/x86_64-linux-musl-cross/src/musl-cross-make/build/local/x86_64-linux-musl/src_gcc/libstdc++-v3/include/ext/pb_ds/detail/pat_trie_/debug_fn_imps.hpp /build/x86_64-linux-musl-cross/src/musl-cross-make/build/local/x86_64-linux-musl/src_gcc/libstdc++-v3/include/ext/pb_ds/detail/pat_trie_/erase_fn_imps.hpp /build/x86_64-linux-musl-cross/src/musl-cross-make/build/local/x86_64-linux-musl/src_gcc/libstdc++-v3/include/ext/pb_ds/detail/pat_trie_/find_fn_imps.hpp /build/x86_64-linux-musl-cross/src/musl-cross-make/build/local/x86_64-linux-musl/src_gcc/libstdc++-v3/include/ext/pb_ds/detail/pat_trie_/info_fn_imps.hpp /build/x86_64-linux-musl-cross/src/musl-cross-make/build/local/x86_64-linux-musl/src_gcc/libstdc++-v3/include/ext/pb_ds/detail/pat_trie_/insert_join_fn_imps.hpp /build/x86_64-linux-musl-cross/src/musl-cross-make/build/local/x86_64-linux-musl/src_gcc/libstdc++-v3/include/ext/pb_ds/detail/pat_trie_/iterators_fn_imps.hpp /build/x86_64-linux-musl-cross/src/musl-cross-make/build/local/x86_64-linux-musl/src_gcc/libstdc++-v3/include/ext/pb_ds/detail/pat_trie_/pat_trie_.hpp /build/x86_64-linux-musl-cross/src/musl-cross-make/build/local/x86_64-linux-musl/src_gcc/libstdc++-v3/include/ext/pb_ds/detail/pat_trie_/pat_trie_base.hpp /build/x86_64-linux-musl-cross/src/musl-cross-make/build/local/x86_64-linux-musl/src_gcc/libstdc++-v3/include/ext/pb_ds/detail/pat_trie_/policy_access_fn_imps.hpp /build/x86_64-linux-musl-cross/src/musl-cross-make/build/local/x86_64-linux-musl/src_gcc/libstdc++-v3/include/ext/pb_ds/detail/pat_trie_/r_erase_fn_imps.hpp /build/x86_64-linux-musl-cross/src/musl-cross-make/build/local/x86_64-linux-musl/src_gcc/libstdc++-v3/include/ext/pb_ds/detail/pat_trie_/rotate_fn_imps.hpp /build/x86_64-linux-musl-cross/src/musl-cross-make/build/local/x86_64-linux-musl/src_gcc/libstdc++-v3/include/ext/pb_ds/detail/pat_trie_/split_fn_imps.hpp /build/x86_64-linux-musl-cross/src/musl-cross-make/build/local/x86_64-linux-musl/src_gcc/libstdc++-v3/include/ext/pb_ds/detail/pat_trie_/synth_access_traits.hpp /build/x86_64-linux-musl-cross/src/musl-cross-make/build/local/x86_64-linux-musl/src_gcc/libstdc++-v3/include/ext/pb_ds/detail/pat_trie_/trace_fn_imps.hpp /build/x86_64-linux-musl-cross/src/musl-cross-make/build/local/x86_64-linux-musl/src_gcc/libstdc++-v3/include/ext/pb_ds/detail/pat_trie_/traits.hpp /build/x86_64-linux-musl-cross/src/musl-cross-make/build/local/x86_64-linux-musl/src_gcc/libstdc++-v3/include/ext/pb_ds/detail/pat_trie_/update_fn_imps.hpp /build/x86_64-linux-musl-cross/src/musl-cross-make/build/local/x86_64-linux-musl/src_gcc/libstdc++-v3/include/ext/pb_ds/detail/priority_queue_base_dispatch.hpp /build/x86_64-linux-musl-cross/src/musl-cross-make/build/local/x86_64-linux-musl/src_gcc/libstdc++-v3/include/ext/pb_ds/detail/rb_tree_map_/constructors_destructor_fn_imps.hpp /build/x86_64-linux-musl-cross/src/musl-cross-make/build/local/x86_64-linux-musl/src_gcc/libstdc++-v3/include/ext/pb_ds/detail/rb_tree_map_/debug_fn_imps.hpp; do \
  install_base=/build/x86_64-linux-musl-cross/src/musl-cross-make/out/x86_64-linux-musl/include/c++/16.1.0/./ext/pb_ds ; \
  relative_name=`echo $file | sed -e "s|/build/x86_64-linux-musl-cross/src/musl-cross-make/build/local/x86_64-linux-musl/src_gcc/libstdc++-v3/include/ext/pb_ds|.|g"` ;\
  /usr/bin/install -c -m 644 ${file} ${install_base}/${relative_name} ; done
for file in /build/x86_64-linux-musl-cross/src/musl-cross-make/build/local/x86_64-linux-musl/src_gcc/libstdc++-v3/include/ext/pb_ds/detail/rb_tree_map_/erase_fn_imps.hpp /build/x86_64-linux-musl-cross/src/musl-cross-make/build/local/x86_64-linux-musl/src_gcc/libstdc++-v3/include/ext/pb_ds/detail/rb_tree_map_/find_fn_imps.hpp /build/x86_64-linux-musl-cross/src/musl-cross-make/build/local/x86_64-linux-musl/src_gcc/libstdc++-v3/include/ext/pb_ds/detail/rb_tree_map_/info_fn_imps.hpp /build/x86_64-linux-musl-cross/src/musl-cross-make/build/local/x86_64-linux-musl/src_gcc/libstdc++-v3/include/ext/pb_ds/detail/rb_tree_map_/insert_fn_imps.hpp /build/x86_64-linux-musl-cross/src/musl-cross-make/build/local/x86_64-linux-musl/src_gcc/libstdc++-v3/include/ext/pb_ds/detail/rb_tree_map_/node.hpp /build/x86_64-linux-musl-cross/src/musl-cross-make/build/local/x86_64-linux-musl/src_gcc/libstdc++-v3/include/ext/pb_ds/detail/rb_tree_map_/rb_tree_.hpp /build/x86_64-linux-musl-cross/src/musl-cross-make/build/local/x86_64-linux-musl/src_gcc/libstdc++-v3/include/ext/pb_ds/detail/rb_tree_map_/split_join_fn_imps.hpp /build/x86_64-linux-musl-cross/src/musl-cross-make/build/local/x86_64-linux-musl/src_gcc/libstdc++-v3/include/ext/pb_ds/detail/rb_tree_map_/traits.hpp /build/x86_64-linux-musl-cross/src/musl-cross-make/build/local/x86_64-linux-musl/src_gcc/libstdc++-v3/include/ext/pb_ds/detail/rc_binomial_heap_/constructors_destructor_fn_imps.hpp /build/x86_64-linux-musl-cross/src/musl-cross-make/build/local/x86_64-linux-musl/src_gcc/libstdc++-v3/include/ext/pb_ds/detail/rc_binomial_heap_/debug_fn_imps.hpp /build/x86_64-linux-musl-cross/src/musl-cross-make/build/local/x86_64-linux-musl/src_gcc/libstdc++-v3/include/ext/pb_ds/detail/rc_binomial_heap_/erase_fn_imps.hpp /build/x86_64-linux-musl-cross/src/musl-cross-make/build/local/x86_64-linux-musl/src_gcc/libstdc++-v3/include/ext/pb_ds/detail/rc_binomial_heap_/insert_fn_imps.hpp /build/x86_64-linux-musl-cross/src/musl-cross-make/build/local/x86_64-linux-musl/src_gcc/libstdc++-v3/include/ext/pb_ds/detail/rc_binomial_heap_/rc_binomial_heap_.hpp /build/x86_64-linux-musl-cross/src/musl-cross-make/build/local/x86_64-linux-musl/src_gcc/libstdc++-v3/include/ext/pb_ds/detail/rc_binomial_heap_/rc.hpp /build/x86_64-linux-musl-cross/src/musl-cross-make/build/local/x86_64-linux-musl/src_gcc/libstdc++-v3/include/ext/pb_ds/detail/rc_binomial_heap_/split_join_fn_imps.hpp /build/x86_64-linux-musl-cross/src/musl-cross-make/build/local/x86_64-linux-musl/src_gcc/libstdc++-v3/include/ext/pb_ds/detail/rc_binomial_heap_/trace_fn_imps.hpp /build/x86_64-linux-musl-cross/src/musl-cross-make/build/local/x86_64-linux-musl/src_gcc/libstdc++-v3/include/ext/pb_ds/detail/resize_policy/cc_hash_max_collision_check_resize_trigger_imp.hpp /build/x86_64-linux-musl-cross/src/musl-cross-make/build/local/x86_64-linux-musl/src_gcc/libstdc++-v3/include/ext/pb_ds/detail/resize_policy/hash_exponential_size_policy_imp.hpp /build/x86_64-linux-musl-cross/src/musl-cross-make/build/local/x86_64-linux-musl/src_gcc/libstdc++-v3/include/ext/pb_ds/detail/resize_policy/hash_load_check_resize_trigger_imp.hpp /build/x86_64-linux-musl-cross/src/musl-cross-make/build/local/x86_64-linux-musl/src_gcc/libstdc++-v3/include/ext/pb_ds/detail/resize_policy/hash_load_check_resize_trigger_size_base.hpp /build/x86_64-linux-musl-cross/src/musl-cross-make/build/local/x86_64-linux-musl/src_gcc/libstdc++-v3/include/ext/pb_ds/detail/resize_policy/hash_prime_size_policy_imp.hpp /build/x86_64-linux-musl-cross/src/musl-cross-make/build/local/x86_64-linux-musl/src_gcc/libstdc++-v3/include/ext/pb_ds/detail/resize_policy/hash_standard_resize_policy_imp.hpp /build/x86_64-linux-musl-cross/src/musl-cross-make/build/local/x86_64-linux-musl/src_gcc/libstdc++-v3/include/ext/pb_ds/detail/resize_policy/sample_resize_policy.hpp /build/x86_64-linux-musl-cross/src/musl-cross-make/build/local/x86_64-linux-musl/src_gcc/libstdc++-v3/include/ext/pb_ds/detail/resize_policy/sample_resize_trigger.hpp /build/x86_64-linux-musl-cross/src/musl-cross-make/build/local/x86_64-linux-musl/src_gcc/libstdc++-v3/include/ext/pb_ds/detail/resize_policy/sample_size_policy.hpp /build/x86_64-linux-musl-cross/src/musl-cross-make/build/local/x86_64-linux-musl/src_gcc/libstdc++-v3/include/ext/pb_ds/detail/splay_tree_/constructors_destructor_fn_imps.hpp /build/x86_64-linux-musl-cross/src/musl-cross-make/build/local/x86_64-linux-musl/src_gcc/libstdc++-v3/include/ext/pb_ds/detail/splay_tree_/debug_fn_imps.hpp /build/x86_64-linux-musl-cross/src/musl-cross-make/build/local/x86_64-linux-musl/src_gcc/libstdc++-v3/include/ext/pb_ds/detail/splay_tree_/erase_fn_imps.hpp /build/x86_64-linux-musl-cross/src/musl-cross-make/build/local/x86_64-linux-musl/src_gcc/libstdc++-v3/include/ext/pb_ds/detail/splay_tree_/find_fn_imps.hpp /build/x86_64-linux-musl-cross/src/musl-cross-make/build/local/x86_64-linux-musl/src_gcc/libstdc++-v3/include/ext/pb_ds/detail/splay_tree_/info_fn_imps.hpp /build/x86_64-linux-musl-cross/src/musl-cross-make/build/local/x86_64-linux-musl/src_gcc/libstdc++-v3/include/ext/pb_ds/detail/splay_tree_/insert_fn_imps.hpp /build/x86_64-linux-musl-cross/src/musl-cross-make/build/local/x86_64-linux-musl/src_gcc/libstdc++-v3/include/ext/pb_ds/detail/splay_tree_/node.hpp /build/x86_64-linux-musl-cross/src/musl-cross-make/build/local/x86_64-linux-musl/src_gcc/libstdc++-v3/include/ext/pb_ds/detail/splay_tree_/splay_fn_imps.hpp /build/x86_64-linux-musl-cross/src/musl-cross-make/build/local/x86_64-linux-musl/src_gcc/libstdc++-v3/include/ext/pb_ds/detail/splay_tree_/splay_tree_.hpp /build/x86_64-linux-musl-cross/src/musl-cross-make/build/local/x86_64-linux-musl/src_gcc/libstdc++-v3/include/ext/pb_ds/detail/splay_tree_/split_join_fn_imps.hpp /build/x86_64-linux-musl-cross/src/musl-cross-make/build/local/x86_64-linux-musl/src_gcc/libstdc++-v3/include/ext/pb_ds/detail/splay_tree_/traits.hpp /build/x86_64-linux-musl-cross/src/musl-cross-make/build/local/x86_64-linux-musl/src_gcc/libstdc++-v3/include/ext/pb_ds/detail/standard_policies.hpp /build/x86_64-linux-musl-cross/src/musl-cross-make/build/local/x86_64-linux-musl/src_gcc/libstdc++-v3/include/ext/pb_ds/detail/thin_heap_/constructors_destructor_fn_imps.hpp /build/x86_64-linux-musl-cross/src/musl-cross-make/build/local/x86_64-linux-musl/src_gcc/libstdc++-v3/include/ext/pb_ds/detail/thin_heap_/debug_fn_imps.hpp /build/x86_64-linux-musl-cross/src/musl-cross-make/build/local/x86_64-linux-musl/src_gcc/libstdc++-v3/include/ext/pb_ds/detail/thin_heap_/erase_fn_imps.hpp; do \
  install_base=/build/x86_64-linux-musl-cross/src/musl-cross-make/out/x86_64-linux-musl/include/c++/16.1.0/./ext/pb_ds ; \
  relative_name=`echo $file | sed -e "s|/build/x86_64-linux-musl-cross/src/musl-cross-make/build/local/x86_64-linux-musl/src_gcc/libstdc++-v3/include/ext/pb_ds|.|g"` ;\
  /usr/bin/install -c -m 644 ${file} ${install_base}/${relative_name} ; done
for file in /build/x86_64-linux-musl-cross/src/musl-cross-make/build/local/x86_64-linux-musl/src_gcc/libstdc++-v3/include/ext/pb_ds/detail/thin_heap_/find_fn_imps.hpp /build/x86_64-linux-musl-cross/src/musl-cross-make/build/local/x86_64-linux-musl/src_gcc/libstdc++-v3/include/ext/pb_ds/detail/thin_heap_/insert_fn_imps.hpp /build/x86_64-linux-musl-cross/src/musl-cross-make/build/local/x86_64-linux-musl/src_gcc/libstdc++-v3/include/ext/pb_ds/detail/thin_heap_/split_join_fn_imps.hpp /build/x86_64-linux-musl-cross/src/musl-cross-make/build/local/x86_64-linux-musl/src_gcc/libstdc++-v3/include/ext/pb_ds/detail/thin_heap_/thin_heap_.hpp /build/x86_64-linux-musl-cross/src/musl-cross-make/build/local/x86_64-linux-musl/src_gcc/libstdc++-v3/include/ext/pb_ds/detail/thin_heap_/trace_fn_imps.hpp /build/x86_64-linux-musl-cross/src/musl-cross-make/build/local/x86_64-linux-musl/src_gcc/libstdc++-v3/include/ext/pb_ds/detail/tree_policy/node_metadata_selector.hpp /build/x86_64-linux-musl-cross/src/musl-cross-make/build/local/x86_64-linux-musl/src_gcc/libstdc++-v3/include/ext/pb_ds/detail/tree_policy/order_statistics_imp.hpp /build/x86_64-linux-musl-cross/src/musl-cross-make/build/local/x86_64-linux-musl/src_gcc/libstdc++-v3/include/ext/pb_ds/detail/tree_policy/sample_tree_node_update.hpp /build/x86_64-linux-musl-cross/src/musl-cross-make/build/local/x86_64-linux-musl/src_gcc/libstdc++-v3/include/ext/pb_ds/detail/tree_trace_base.hpp /build/x86_64-linux-musl-cross/src/musl-cross-make/build/local/x86_64-linux-musl/src_gcc/libstdc++-v3/include/ext/pb_ds/detail/trie_policy/node_metadata_selector.hpp /build/x86_64-linux-musl-cross/src/musl-cross-make/build/local/x86_64-linux-musl/src_gcc/libstdc++-v3/include/ext/pb_ds/detail/trie_policy/order_statistics_imp.hpp /build/x86_64-linux-musl-cross/src/musl-cross-make/build/local/x86_64-linux-musl/src_gcc/libstdc++-v3/include/ext/pb_ds/detail/trie_policy/prefix_search_node_update_imp.hpp /build/x86_64-linux-musl-cross/src/musl-cross-make/build/local/x86_64-linux-musl/src_gcc/libstdc++-v3/include/ext/pb_ds/detail/trie_policy/sample_trie_access_traits.hpp /build/x86_64-linux-musl-cross/src/musl-cross-make/build/local/x86_64-linux-musl/src_gcc/libstdc++-v3/include/ext/pb_ds/detail/trie_policy/sample_trie_node_update.hpp /build/x86_64-linux-musl-cross/src/musl-cross-make/build/local/x86_64-linux-musl/src_gcc/libstdc++-v3/include/ext/pb_ds/detail/trie_policy/trie_string_access_traits_imp.hpp /build/x86_64-linux-musl-cross/src/musl-cross-make/build/local/x86_64-linux-musl/src_gcc/libstdc++-v3/include/ext/pb_ds/detail/trie_policy/trie_policy_base.hpp /build/x86_64-linux-musl-cross/src/musl-cross-make/build/local/x86_64-linux-musl/src_gcc/libstdc++-v3/include/ext/pb_ds/detail/types_traits.hpp /build/x86_64-linux-musl-cross/src/musl-cross-make/build/local/x86_64-linux-musl/src_gcc/libstdc++-v3/include/ext/pb_ds/detail/type_utils.hpp /build/x86_64-linux-musl-cross/src/musl-cross-make/build/local/x86_64-linux-musl/src_gcc/libstdc++-v3/include/ext/pb_ds/detail/unordered_iterator/const_iterator.hpp /build/x86_64-linux-musl-cross/src/musl-cross-make/build/local/x86_64-linux-musl/src_gcc/libstdc++-v3/include/ext/pb_ds/detail/unordered_iterator/point_const_iterator.hpp /build/x86_64-linux-musl-cross/src/musl-cross-make/build/local/x86_64-linux-musl/src_gcc/libstdc++-v3/include/ext/pb_ds/detail/unordered_iterator/iterator.hpp /build/x86_64-linux-musl-cross/src/musl-cross-make/build/local/x86_64-linux-musl/src_gcc/libstdc++-v3/include/ext/pb_ds/detail/unordered_iterator/point_iterator.hpp; do \
  install_base=/build/x86_64-linux-musl-cross/src/musl-cross-make/out/x86_64-linux-musl/include/c++/16.1.0/./ext/pb_ds ; \
  relative_name=`echo $file | sed -e "s|/build/x86_64-linux-musl-cross/src/musl-cross-make/build/local/x86_64-linux-musl/src_gcc/libstdc++-v3/include/ext/pb_ds|.|g"` ;\
  /usr/bin/install -c -m 644 ${file} ${install_base}/${relative_name} ; done
/bin/sh /build/x86_64-linux-musl-cross/src/musl-cross-make/build/local/x86_64-linux-musl/src_gcc/libstdc++-v3/../mkinstalldirs /build/x86_64-linux-musl-cross/src/musl-cross-make/out/x86_64-linux-musl/include/c++/16.1.0/./tr1
mkdir -p -- /build/x86_64-linux-musl-cross/src/musl-cross-make/out/x86_64-linux-musl/include/c++/16.1.0/./tr1
for file in /build/x86_64-linux-musl-cross/src/musl-cross-make/build/local/x86_64-linux-musl/src_gcc/libstdc++-v3/include/tr1/array /build/x86_64-linux-musl-cross/src/musl-cross-make/build/local/x86_64-linux-musl/src_gcc/libstdc++-v3/include/tr1/bessel_function.tcc /build/x86_64-linux-musl-cross/src/musl-cross-make/build/local/x86_64-linux-musl/src_gcc/libstdc++-v3/include/tr1/beta_function.tcc /build/x86_64-linux-musl-cross/src/musl-cross-make/build/local/x86_64-linux-musl/src_gcc/libstdc++-v3/include/tr1/ccomplex /build/x86_64-linux-musl-cross/src/musl-cross-make/build/local/x86_64-linux-musl/src_gcc/libstdc++-v3/include/tr1/cctype /build/x86_64-linux-musl-cross/src/musl-cross-make/build/local/x86_64-linux-musl/src_gcc/libstdc++-v3/include/tr1/cfenv /build/x86_64-linux-musl-cross/src/musl-cross-make/build/local/x86_64-linux-musl/src_gcc/libstdc++-v3/include/tr1/cfloat /build/x86_64-linux-musl-cross/src/musl-cross-make/build/local/x86_64-linux-musl/src_gcc/libstdc++-v3/include/tr1/cinttypes /build/x86_64-linux-musl-cross/src/musl-cross-make/build/local/x86_64-linux-musl/src_gcc/libstdc++-v3/include/tr1/climits /build/x86_64-linux-musl-cross/src/musl-cross-make/build/local/x86_64-linux-musl/src_gcc/libstdc++-v3/include/tr1/cmath /build/x86_64-linux-musl-cross/src/musl-cross-make/build/local/x86_64-linux-musl/src_gcc/libstdc++-v3/include/tr1/complex /build/x86_64-linux-musl-cross/src/musl-cross-make/build/local/x86_64-linux-musl/src_gcc/libstdc++-v3/include/tr1/complex.h /build/x86_64-linux-musl-cross/src/musl-cross-make/build/local/x86_64-linux-musl/src_gcc/libstdc++-v3/include/tr1/cstdarg /build/x86_64-linux-musl-cross/src/musl-cross-make/build/local/x86_64-linux-musl/src_gcc/libstdc++-v3/include/tr1/cstdbool /build/x86_64-linux-musl-cross/src/musl-cross-make/build/local/x86_64-linux-musl/src_gcc/libstdc++-v3/include/tr1/cstdint /build/x86_64-linux-musl-cross/src/musl-cross-make/build/local/x86_64-linux-musl/src_gcc/libstdc++-v3/include/tr1/cstdio /build/x86_64-linux-musl-cross/src/musl-cross-make/build/local/x86_64-linux-musl/src_gcc/libstdc++-v3/include/tr1/cstdlib /build/x86_64-linux-musl-cross/src/musl-cross-make/build/local/x86_64-linux-musl/src_gcc/libstdc++-v3/include/tr1/ctgmath /build/x86_64-linux-musl-cross/src/musl-cross-make/build/local/x86_64-linux-musl/src_gcc/libstdc++-v3/include/tr1/ctime /build/x86_64-linux-musl-cross/src/musl-cross-make/build/local/x86_64-linux-musl/src_gcc/libstdc++-v3/include/tr1/ctype.h /build/x86_64-linux-musl-cross/src/musl-cross-make/build/local/x86_64-linux-musl/src_gcc/libstdc++-v3/include/tr1/cwchar /build/x86_64-linux-musl-cross/src/musl-cross-make/build/local/x86_64-linux-musl/src_gcc/libstdc++-v3/include/tr1/cwctype /build/x86_64-linux-musl-cross/src/musl-cross-make/build/local/x86_64-linux-musl/src_gcc/libstdc++-v3/include/tr1/ell_integral.tcc /build/x86_64-linux-musl-cross/src/musl-cross-make/build/local/x86_64-linux-musl/src_gcc/libstdc++-v3/include/tr1/exp_integral.tcc /build/x86_64-linux-musl-cross/src/musl-cross-make/build/local/x86_64-linux-musl/src_gcc/libstdc++-v3/include/tr1/fenv.h /build/x86_64-linux-musl-cross/src/musl-cross-make/build/local/x86_64-linux-musl/src_gcc/libstdc++-v3/include/tr1/float.h /build/x86_64-linux-musl-cross/src/musl-cross-make/build/local/x86_64-linux-musl/src_gcc/libstdc++-v3/include/tr1/functional /build/x86_64-linux-musl-cross/src/musl-cross-make/build/local/x86_64-linux-musl/src_gcc/libstdc++-v3/include/tr1/functional_hash.h /build/x86_64-linux-musl-cross/src/musl-cross-make/build/local/x86_64-linux-musl/src_gcc/libstdc++-v3/include/tr1/gamma.tcc /build/x86_64-linux-musl-cross/src/musl-cross-make/build/local/x86_64-linux-musl/src_gcc/libstdc++-v3/include/tr1/hypergeometric.tcc /build/x86_64-linux-musl-cross/src/musl-cross-make/build/local/x86_64-linux-musl/src_gcc/libstdc++-v3/include/tr1/hashtable.h /build/x86_64-linux-musl-cross/src/musl-cross-make/build/local/x86_64-linux-musl/src_gcc/libstdc++-v3/include/tr1/hashtable_policy.h /build/x86_64-linux-musl-cross/src/musl-cross-make/build/local/x86_64-linux-musl/src_gcc/libstdc++-v3/include/tr1/inttypes.h /build/x86_64-linux-musl-cross/src/musl-cross-make/build/local/x86_64-linux-musl/src_gcc/libstdc++-v3/include/tr1/limits.h /build/x86_64-linux-musl-cross/src/musl-cross-make/build/local/x86_64-linux-musl/src_gcc/libstdc++-v3/include/tr1/math.h /build/x86_64-linux-musl-cross/src/musl-cross-make/build/local/x86_64-linux-musl/src_gcc/libstdc++-v3/include/tr1/memory /build/x86_64-linux-musl-cross/src/musl-cross-make/build/local/x86_64-linux-musl/src_gcc/libstdc++-v3/include/tr1/modified_bessel_func.tcc /build/x86_64-linux-musl-cross/src/musl-cross-make/build/local/x86_64-linux-musl/src_gcc/libstdc++-v3/include/tr1/poly_hermite.tcc /build/x86_64-linux-musl-cross/src/musl-cross-make/build/local/x86_64-linux-musl/src_gcc/libstdc++-v3/include/tr1/poly_laguerre.tcc /build/x86_64-linux-musl-cross/src/musl-cross-make/build/local/x86_64-linux-musl/src_gcc/libstdc++-v3/include/tr1/legendre_function.tcc /build/x86_64-linux-musl-cross/src/musl-cross-make/build/local/x86_64-linux-musl/src_gcc/libstdc++-v3/include/tr1/random /build/x86_64-linux-musl-cross/src/musl-cross-make/build/local/x86_64-linux-musl/src_gcc/libstdc++-v3/include/tr1/random.h /build/x86_64-linux-musl-cross/src/musl-cross-make/build/local/x86_64-linux-musl/src_gcc/libstdc++-v3/include/tr1/random.tcc /build/x86_64-linux-musl-cross/src/musl-cross-make/build/local/x86_64-linux-musl/src_gcc/libstdc++-v3/include/tr1/regex /build/x86_64-linux-musl-cross/src/musl-cross-make/build/local/x86_64-linux-musl/src_gcc/libstdc++-v3/include/tr1/riemann_zeta.tcc /build/x86_64-linux-musl-cross/src/musl-cross-make/build/local/x86_64-linux-musl/src_gcc/libstdc++-v3/include/tr1/shared_ptr.h /build/x86_64-linux-musl-cross/src/musl-cross-make/build/local/x86_64-linux-musl/src_gcc/libstdc++-v3/include/tr1/special_function_util.h /build/x86_64-linux-musl-cross/src/musl-cross-make/build/local/x86_64-linux-musl/src_gcc/libstdc++-v3/include/tr1/stdarg.h /build/x86_64-linux-musl-cross/src/musl-cross-make/build/local/x86_64-linux-musl/src_gcc/libstdc++-v3/include/tr1/stdbool.h /build/x86_64-linux-musl-cross/src/musl-cross-make/build/local/x86_64-linux-musl/src_gcc/libstdc++-v3/include/tr1/stdint.h /build/x86_64-linux-musl-cross/src/musl-cross-make/build/local/x86_64-linux-musl/src_gcc/libstdc++-v3/include/tr1/stdio.h /build/x86_64-linux-musl-cross/src/musl-cross-make/build/local/x86_64-linux-musl/src_gcc/libstdc++-v3/include/tr1/stdlib.h /build/x86_64-linux-musl-cross/src/musl-cross-make/build/local/x86_64-linux-musl/src_gcc/libstdc++-v3/include/tr1/tgmath.h /build/x86_64-linux-musl-cross/src/musl-cross-make/build/local/x86_64-linux-musl/src_gcc/libstdc++-v3/include/tr1/tuple /build/x86_64-linux-musl-cross/src/musl-cross-make/build/local/x86_64-linux-musl/src_gcc/libstdc++-v3/include/tr1/type_traits /build/x86_64-linux-musl-cross/src/musl-cross-make/build/local/x86_64-linux-musl/src_gcc/libstdc++-v3/include/tr1/unordered_map /build/x86_64-linux-musl-cross/src/musl-cross-make/build/local/x86_64-linux-musl/src_gcc/libstdc++-v3/include/tr1/unordered_map.h /build/x86_64-linux-musl-cross/src/musl-cross-make/build/local/x86_64-linux-musl/src_gcc/libstdc++-v3/include/tr1/unordered_set /build/x86_64-linux-musl-cross/src/musl-cross-make/build/local/x86_64-linux-musl/src_gcc/libstdc++-v3/include/tr1/unordered_set.h /build/x86_64-linux-musl-cross/src/musl-cross-make/build/local/x86_64-linux-musl/src_gcc/libstdc++-v3/include/tr1/utility /build/x86_64-linux-musl-cross/src/musl-cross-make/build/local/x86_64-linux-musl/src_gcc/libstdc++-v3/include/tr1/wchar.h /build/x86_64-linux-musl-cross/src/musl-cross-make/build/local/x86_64-linux-musl/src_gcc/libstdc++-v3/include/tr1/wctype.h; do \
  /usr/bin/install -c -m 644 ${file} /build/x86_64-linux-musl-cross/src/musl-cross-make/out/x86_64-linux-musl/include/c++/16.1.0/./tr1; done
/bin/sh /build/x86_64-linux-musl-cross/src/musl-cross-make/build/local/x86_64-linux-musl/src_gcc/libstdc++-v3/../mkinstalldirs /build/x86_64-linux-musl-cross/src/musl-cross-make/out/x86_64-linux-musl/include/c++/16.1.0/./tr2
mkdir -p -- /build/x86_64-linux-musl-cross/src/musl-cross-make/out/x86_64-linux-musl/include/c++/16.1.0/./tr2
for file in /build/x86_64-linux-musl-cross/src/musl-cross-make/build/local/x86_64-linux-musl/src_gcc/libstdc++-v3/include/tr2/bool_set /build/x86_64-linux-musl-cross/src/musl-cross-make/build/local/x86_64-linux-musl/src_gcc/libstdc++-v3/include/tr2/bool_set.tcc /build/x86_64-linux-musl-cross/src/musl-cross-make/build/local/x86_64-linux-musl/src_gcc/libstdc++-v3/include/tr2/dynamic_bitset /build/x86_64-linux-musl-cross/src/musl-cross-make/build/local/x86_64-linux-musl/src_gcc/libstdc++-v3/include/tr2/dynamic_bitset.tcc /build/x86_64-linux-musl-cross/src/musl-cross-make/build/local/x86_64-linux-musl/src_gcc/libstdc++-v3/include/tr2/ratio /build/x86_64-linux-musl-cross/src/musl-cross-make/build/local/x86_64-linux-musl/src_gcc/libstdc++-v3/include/tr2/type_traits; do \
  /usr/bin/install -c -m 644 ${file} /build/x86_64-linux-musl-cross/src/musl-cross-make/out/x86_64-linux-musl/include/c++/16.1.0/./tr2; done
/bin/sh /build/x86_64-linux-musl-cross/src/musl-cross-make/build/local/x86_64-linux-musl/src_gcc/libstdc++-v3/../mkinstalldirs /build/x86_64-linux-musl-cross/src/musl-cross-make/out/x86_64-linux-musl/include/c++/16.1.0/./decimal
mkdir -p -- /build/x86_64-linux-musl-cross/src/musl-cross-make/out/x86_64-linux-musl/include/c++/16.1.0/./decimal
for file in /build/x86_64-linux-musl-cross/src/musl-cross-make/build/local/x86_64-linux-musl/src_gcc/libstdc++-v3/include/decimal/decimal /build/x86_64-linux-musl-cross/src/musl-cross-make/build/local/x86_64-linux-musl/src_gcc/libstdc++-v3/include/decimal/decimal.h; do \
  /usr/bin/install -c -m 644 ${file} /build/x86_64-linux-musl-cross/src/musl-cross-make/out/x86_64-linux-musl/include/c++/16.1.0/./decimal; done
/bin/sh /build/x86_64-linux-musl-cross/src/musl-cross-make/build/local/x86_64-linux-musl/src_gcc/libstdc++-v3/../mkinstalldirs /build/x86_64-linux-musl-cross/src/musl-cross-make/out/x86_64-linux-musl/include/c++/16.1.0/./experimental
mkdir -p -- /build/x86_64-linux-musl-cross/src/musl-cross-make/out/x86_64-linux-musl/include/c++/16.1.0/./experimental
for file in /build/x86_64-linux-musl-cross/src/musl-cross-make/build/local/x86_64-linux-musl/src_gcc/libstdc++-v3/include/experimental/algorithm /build/x86_64-linux-musl-cross/src/musl-cross-make/build/local/x86_64-linux-musl/src_gcc/libstdc++-v3/include/experimental/any /build/x86_64-linux-musl-cross/src/musl-cross-make/build/local/x86_64-linux-musl/src_gcc/libstdc++-v3/include/experimental/array /build/x86_64-linux-musl-cross/src/musl-cross-make/build/local/x86_64-linux-musl/src_gcc/libstdc++-v3/include/experimental/buffer /build/x86_64-linux-musl-cross/src/musl-cross-make/build/local/x86_64-linux-musl/src_gcc/libstdc++-v3/include/experimental/chrono /build/x86_64-linux-musl-cross/src/musl-cross-make/build/local/x86_64-linux-musl/src_gcc/libstdc++-v3/include/experimental/deque /build/x86_64-linux-musl-cross/src/musl-cross-make/build/local/x86_64-linux-musl/src_gcc/libstdc++-v3/include/experimental/executor /build/x86_64-linux-musl-cross/src/musl-cross-make/build/local/x86_64-linux-musl/src_gcc/libstdc++-v3/include/experimental/forward_list /build/x86_64-linux-musl-cross/src/musl-cross-make/build/local/x86_64-linux-musl/src_gcc/libstdc++-v3/include/experimental/functional /build/x86_64-linux-musl-cross/src/musl-cross-make/build/local/x86_64-linux-musl/src_gcc/libstdc++-v3/include/experimental/internet /build/x86_64-linux-musl-cross/src/musl-cross-make/build/local/x86_64-linux-musl/src_gcc/libstdc++-v3/include/experimental/io_context /build/x86_64-linux-musl-cross/src/musl-cross-make/build/local/x86_64-linux-musl/src_gcc/libstdc++-v3/include/experimental/iterator /build/x86_64-linux-musl-cross/src/musl-cross-make/build/local/x86_64-linux-musl/src_gcc/libstdc++-v3/include/experimental/list /build/x86_64-linux-musl-cross/src/musl-cross-make/build/local/x86_64-linux-musl/src_gcc/libstdc++-v3/include/experimental/map /build/x86_64-linux-musl-cross/src/musl-cross-make/build/local/x86_64-linux-musl/src_gcc/libstdc++-v3/include/experimental/memory /build/x86_64-linux-musl-cross/src/musl-cross-make/build/local/x86_64-linux-musl/src_gcc/libstdc++-v3/include/experimental/memory_resource /build/x86_64-linux-musl-cross/src/musl-cross-make/build/local/x86_64-linux-musl/src_gcc/libstdc++-v3/include/experimental/net /build/x86_64-linux-musl-cross/src/musl-cross-make/build/local/x86_64-linux-musl/src_gcc/libstdc++-v3/include/experimental/netfwd /build/x86_64-linux-musl-cross/src/musl-cross-make/build/local/x86_64-linux-musl/src_gcc/libstdc++-v3/include/experimental/numeric /build/x86_64-linux-musl-cross/src/musl-cross-make/build/local/x86_64-linux-musl/src_gcc/libstdc++-v3/include/experimental/optional /build/x86_64-linux-musl-cross/src/musl-cross-make/build/local/x86_64-linux-musl/src_gcc/libstdc++-v3/include/experimental/propagate_const /build/x86_64-linux-musl-cross/src/musl-cross-make/build/local/x86_64-linux-musl/src_gcc/libstdc++-v3/include/experimental/random /build/x86_64-linux-musl-cross/src/musl-cross-make/build/local/x86_64-linux-musl/src_gcc/libstdc++-v3/include/experimental/ratio /build/x86_64-linux-musl-cross/src/musl-cross-make/build/local/x86_64-linux-musl/src_gcc/libstdc++-v3/include/experimental/regex /build/x86_64-linux-musl-cross/src/musl-cross-make/build/local/x86_64-linux-musl/src_gcc/libstdc++-v3/include/experimental/scope /build/x86_64-linux-musl-cross/src/musl-cross-make/build/local/x86_64-linux-musl/src_gcc/libstdc++-v3/include/experimental/set /build/x86_64-linux-musl-cross/src/musl-cross-make/build/local/x86_64-linux-musl/src_gcc/libstdc++-v3/include/experimental/simd /build/x86_64-linux-musl-cross/src/musl-cross-make/build/local/x86_64-linux-musl/src_gcc/libstdc++-v3/include/experimental/socket /build/x86_64-linux-musl-cross/src/musl-cross-make/build/local/x86_64-linux-musl/src_gcc/libstdc++-v3/include/experimental/source_location /build/x86_64-linux-musl-cross/src/musl-cross-make/build/local/x86_64-linux-musl/src_gcc/libstdc++-v3/include/experimental/string /build/x86_64-linux-musl-cross/src/musl-cross-make/build/local/x86_64-linux-musl/src_gcc/libstdc++-v3/include/experimental/string_view /build/x86_64-linux-musl-cross/src/musl-cross-make/build/local/x86_64-linux-musl/src_gcc/libstdc++-v3/include/experimental/synchronized_value /build/x86_64-linux-musl-cross/src/musl-cross-make/build/local/x86_64-linux-musl/src_gcc/libstdc++-v3/include/experimental/system_error /build/x86_64-linux-musl-cross/src/musl-cross-make/build/local/x86_64-linux-musl/src_gcc/libstdc++-v3/include/experimental/timer /build/x86_64-linux-musl-cross/src/musl-cross-make/build/local/x86_64-linux-musl/src_gcc/libstdc++-v3/include/experimental/tuple /build/x86_64-linux-musl-cross/src/musl-cross-make/build/local/x86_64-linux-musl/src_gcc/libstdc++-v3/include/experimental/type_traits /build/x86_64-linux-musl-cross/src/musl-cross-make/build/local/x86_64-linux-musl/src_gcc/libstdc++-v3/include/experimental/unordered_map /build/x86_64-linux-musl-cross/src/musl-cross-make/build/local/x86_64-linux-musl/src_gcc/libstdc++-v3/include/experimental/unordered_set /build/x86_64-linux-musl-cross/src/musl-cross-make/build/local/x86_64-linux-musl/src_gcc/libstdc++-v3/include/experimental/utility /build/x86_64-linux-musl-cross/src/musl-cross-make/build/local/x86_64-linux-musl/src_gcc/libstdc++-v3/include/experimental/vector /build/x86_64-linux-musl-cross/src/musl-cross-make/build/local/x86_64-linux-musl/src_gcc/libstdc++-v3/include/experimental/filesystem; do \
  /usr/bin/install -c -m 644 ${file} /build/x86_64-linux-musl-cross/src/musl-cross-make/out/x86_64-linux-musl/include/c++/16.1.0/./experimental; done
/bin/sh /build/x86_64-linux-musl-cross/src/musl-cross-make/build/local/x86_64-linux-musl/src_gcc/libstdc++-v3/../mkinstalldirs /build/x86_64-linux-musl-cross/src/musl-cross-make/out/x86_64-linux-musl/include/c++/16.1.0/./experimental/bits
mkdir -p -- /build/x86_64-linux-musl-cross/src/musl-cross-make/out/x86_64-linux-musl/include/c++/16.1.0/./experimental/bits
for file in /build/x86_64-linux-musl-cross/src/musl-cross-make/build/local/x86_64-linux-musl/src_gcc/libstdc++-v3/include/experimental/bits/lfts_config.h /build/x86_64-linux-musl-cross/src/musl-cross-make/build/local/x86_64-linux-musl/src_gcc/libstdc++-v3/include/experimental/bits/net.h /build/x86_64-linux-musl-cross/src/musl-cross-make/build/local/x86_64-linux-musl/src_gcc/libstdc++-v3/include/experimental/bits/numeric_traits.h /build/x86_64-linux-musl-cross/src/musl-cross-make/build/local/x86_64-linux-musl/src_gcc/libstdc++-v3/include/experimental/bits/shared_ptr.h /build/x86_64-linux-musl-cross/src/musl-cross-make/build/local/x86_64-linux-musl/src_gcc/libstdc++-v3/include/experimental/bits/simd.h /build/x86_64-linux-musl-cross/src/musl-cross-make/build/local/x86_64-linux-musl/src_gcc/libstdc++-v3/include/experimental/bits/simd_builtin.h /build/x86_64-linux-musl-cross/src/musl-cross-make/build/local/x86_64-linux-musl/src_gcc/libstdc++-v3/include/experimental/bits/simd_converter.h /build/x86_64-linux-musl-cross/src/musl-cross-make/build/local/x86_64-linux-musl/src_gcc/libstdc++-v3/include/experimental/bits/simd_detail.h /build/x86_64-linux-musl-cross/src/musl-cross-make/build/local/x86_64-linux-musl/src_gcc/libstdc++-v3/include/experimental/bits/simd_fixed_size.h /build/x86_64-linux-musl-cross/src/musl-cross-make/build/local/x86_64-linux-musl/src_gcc/libstdc++-v3/include/experimental/bits/simd_math.h /build/x86_64-linux-musl-cross/src/musl-cross-make/build/local/x86_64-linux-musl/src_gcc/libstdc++-v3/include/experimental/bits/simd_neon.h /build/x86_64-linux-musl-cross/src/musl-cross-make/build/local/x86_64-linux-musl/src_gcc/libstdc++-v3/include/experimental/bits/simd_ppc.h /build/x86_64-linux-musl-cross/src/musl-cross-make/build/local/x86_64-linux-musl/src_gcc/libstdc++-v3/include/experimental/bits/simd_scalar.h /build/x86_64-linux-musl-cross/src/musl-cross-make/build/local/x86_64-linux-musl/src_gcc/libstdc++-v3/include/experimental/bits/simd_sve.h /build/x86_64-linux-musl-cross/src/musl-cross-make/build/local/x86_64-linux-musl/src_gcc/libstdc++-v3/include/experimental/bits/simd_x86.h /build/x86_64-linux-musl-cross/src/musl-cross-make/build/local/x86_64-linux-musl/src_gcc/libstdc++-v3/include/experimental/bits/simd_x86_conversions.h /build/x86_64-linux-musl-cross/src/musl-cross-make/build/local/x86_64-linux-musl/src_gcc/libstdc++-v3/include/experimental/bits/string_view.tcc /build/x86_64-linux-musl-cross/src/musl-cross-make/build/local/x86_64-linux-musl/src_gcc/libstdc++-v3/include/experimental/bits/fs_dir.h /build/x86_64-linux-musl-cross/src/musl-cross-make/build/local/x86_64-linux-musl/src_gcc/libstdc++-v3/include/experimental/bits/fs_fwd.h /build/x86_64-linux-musl-cross/src/musl-cross-make/build/local/x86_64-linux-musl/src_gcc/libstdc++-v3/include/experimental/bits/fs_ops.h /build/x86_64-linux-musl-cross/src/musl-cross-make/build/local/x86_64-linux-musl/src_gcc/libstdc++-v3/include/experimental/bits/fs_path.h; do \
  /usr/bin/install -c -m 644 ${file} /build/x86_64-linux-musl-cross/src/musl-cross-make/out/x86_64-linux-musl/include/c++/16.1.0/./experimental/bits; done
c_base_headers_extra_install='';\
for file in $c_base_headers_extra_install; do \
  /usr/bin/install -c -m 644 $file /build/x86_64-linux-musl-cross/src/musl-cross-make/out/x86_64-linux-musl/include/c++/16.1.0/./bits; done
c_compatibility_headers_install='/build/x86_64-linux-musl-cross/src/musl-cross-make/build/local/x86_64-linux-musl/src_gcc/libstdc++-v3/include/c_compatibility/complex.h /build/x86_64-linux-musl-cross/src/musl-cross-make/build/local/x86_64-linux-musl/src_gcc/libstdc++-v3/include/c_compatibility/fenv.h /build/x86_64-linux-musl-cross/src/musl-cross-make/build/local/x86_64-linux-musl/src_gcc/libstdc++-v3/include/c_compatibility/tgmath.h /build/x86_64-linux-musl-cross/src/musl-cross-make/build/local/x86_64-linux-musl/src_gcc/libstdc++-v3/include/c_compatibility/math.h /build/x86_64-linux-musl-cross/src/musl-cross-make/build/local/x86_64-linux-musl/src_gcc/libstdc++-v3/include/c_compatibility/stdatomic.h /build/x86_64-linux-musl-cross/src/musl-cross-make/build/local/x86_64-linux-musl/src_gcc/libstdc++-v3/include/c_compatibility/stdbit.h /build/x86_64-linux-musl-cross/src/musl-cross-make/build/local/x86_64-linux-musl/src_gcc/libstdc++-v3/include/c_compatibility/stdckdint.h /build/x86_64-linux-musl-cross/src/musl-cross-make/build/local/x86_64-linux-musl/src_gcc/libstdc++-v3/include/c_compatibility/stdlib.h';\
for file in $c_compatibility_headers_install; do \
  /usr/bin/install -c -m 644 $file /build/x86_64-linux-musl-cross/src/musl-cross-make/out/x86_64-linux-musl/include/c++/16.1.0; done
/bin/sh /build/x86_64-linux-musl-cross/src/musl-cross-make/build/local/x86_64-linux-musl/src_gcc/libstdc++-v3/../mkinstalldirs /build/x86_64-linux-musl-cross/src/musl-cross-make/out/x86_64-linux-musl/include/c++/16.1.0/./parallel
mkdir -p -- /build/x86_64-linux-musl-cross/src/musl-cross-make/out/x86_64-linux-musl/include/c++/16.1.0/./parallel
for file in /build/x86_64-linux-musl-cross/src/musl-cross-make/build/local/x86_64-linux-musl/src_gcc/libstdc++-v3/include/parallel/algo.h /build/x86_64-linux-musl-cross/src/musl-cross-make/build/local/x86_64-linux-musl/src_gcc/libstdc++-v3/include/parallel/algobase.h /build/x86_64-linux-musl-cross/src/musl-cross-make/build/local/x86_64-linux-musl/src_gcc/libstdc++-v3/include/parallel/algorithm /build/x86_64-linux-musl-cross/src/musl-cross-make/build/local/x86_64-linux-musl/src_gcc/libstdc++-v3/include/parallel/algorithmfwd.h /build/x86_64-linux-musl-cross/src/musl-cross-make/build/local/x86_64-linux-musl/src_gcc/libstdc++-v3/include/parallel/balanced_quicksort.h /build/x86_64-linux-musl-cross/src/musl-cross-make/build/local/x86_64-linux-musl/src_gcc/libstdc++-v3/include/parallel/base.h /build/x86_64-linux-musl-cross/src/musl-cross-make/build/local/x86_64-linux-musl/src_gcc/libstdc++-v3/include/parallel/basic_iterator.h /build/x86_64-linux-musl-cross/src/musl-cross-make/build/local/x86_64-linux-musl/src_gcc/libstdc++-v3/include/parallel/checkers.h /build/x86_64-linux-musl-cross/src/musl-cross-make/build/local/x86_64-linux-musl/src_gcc/libstdc++-v3/include/parallel/compatibility.h /build/x86_64-linux-musl-cross/src/musl-cross-make/build/local/x86_64-linux-musl/src_gcc/libstdc++-v3/include/parallel/compiletime_settings.h /build/x86_64-linux-musl-cross/src/musl-cross-make/build/local/x86_64-linux-musl/src_gcc/libstdc++-v3/include/parallel/equally_split.h /build/x86_64-linux-musl-cross/src/musl-cross-make/build/local/x86_64-linux-musl/src_gcc/libstdc++-v3/include/parallel/features.h /build/x86_64-linux-musl-cross/src/musl-cross-make/build/local/x86_64-linux-musl/src_gcc/libstdc++-v3/include/parallel/find.h /build/x86_64-linux-musl-cross/src/musl-cross-make/build/local/x86_64-linux-musl/src_gcc/libstdc++-v3/include/parallel/find_selectors.h /build/x86_64-linux-musl-cross/src/musl-cross-make/build/local/x86_64-linux-musl/src_gcc/libstdc++-v3/include/parallel/for_each.h /build/x86_64-linux-musl-cross/src/musl-cross-make/build/local/x86_64-linux-musl/src_gcc/libstdc++-v3/include/parallel/for_each_selectors.h /build/x86_64-linux-musl-cross/src/musl-cross-make/build/local/x86_64-linux-musl/src_gcc/libstdc++-v3/include/parallel/iterator.h /build/x86_64-linux-musl-cross/src/musl-cross-make/build/local/x86_64-linux-musl/src_gcc/libstdc++-v3/include/parallel/list_partition.h /build/x86_64-linux-musl-cross/src/musl-cross-make/build/local/x86_64-linux-musl/src_gcc/libstdc++-v3/include/parallel/losertree.h /build/x86_64-linux-musl-cross/src/musl-cross-make/build/local/x86_64-linux-musl/src_gcc/libstdc++-v3/include/parallel/merge.h /build/x86_64-linux-musl-cross/src/musl-cross-make/build/local/x86_64-linux-musl/src_gcc/libstdc++-v3/include/parallel/multiseq_selection.h /build/x86_64-linux-musl-cross/src/musl-cross-make/build/local/x86_64-linux-musl/src_gcc/libstdc++-v3/include/parallel/multiway_merge.h /build/x86_64-linux-musl-cross/src/musl-cross-make/build/local/x86_64-linux-musl/src_gcc/libstdc++-v3/include/parallel/multiway_mergesort.h /build/x86_64-linux-musl-cross/src/musl-cross-make/build/local/x86_64-linux-musl/src_gcc/libstdc++-v3/include/parallel/numeric /build/x86_64-linux-musl-cross/src/musl-cross-make/build/local/x86_64-linux-musl/src_gcc/libstdc++-v3/include/parallel/numericfwd.h /build/x86_64-linux-musl-cross/src/musl-cross-make/build/local/x86_64-linux-musl/src_gcc/libstdc++-v3/include/parallel/omp_loop.h /build/x86_64-linux-musl-cross/src/musl-cross-make/build/local/x86_64-linux-musl/src_gcc/libstdc++-v3/include/parallel/omp_loop_static.h /build/x86_64-linux-musl-cross/src/musl-cross-make/build/local/x86_64-linux-musl/src_gcc/libstdc++-v3/include/parallel/par_loop.h /build/x86_64-linux-musl-cross/src/musl-cross-make/build/local/x86_64-linux-musl/src_gcc/libstdc++-v3/include/parallel/parallel.h /build/x86_64-linux-musl-cross/src/musl-cross-make/build/local/x86_64-linux-musl/src_gcc/libstdc++-v3/include/parallel/partial_sum.h /build/x86_64-linux-musl-cross/src/musl-cross-make/build/local/x86_64-linux-musl/src_gcc/libstdc++-v3/include/parallel/partition.h /build/x86_64-linux-musl-cross/src/musl-cross-make/build/local/x86_64-linux-musl/src_gcc/libstdc++-v3/include/parallel/queue.h /build/x86_64-linux-musl-cross/src/musl-cross-make/build/local/x86_64-linux-musl/src_gcc/libstdc++-v3/include/parallel/quicksort.h /build/x86_64-linux-musl-cross/src/musl-cross-make/build/local/x86_64-linux-musl/src_gcc/libstdc++-v3/include/parallel/random_number.h /build/x86_64-linux-musl-cross/src/musl-cross-make/build/local/x86_64-linux-musl/src_gcc/libstdc++-v3/include/parallel/random_shuffle.h /build/x86_64-linux-musl-cross/src/musl-cross-make/build/local/x86_64-linux-musl/src_gcc/libstdc++-v3/include/parallel/search.h /build/x86_64-linux-musl-cross/src/musl-cross-make/build/local/x86_64-linux-musl/src_gcc/libstdc++-v3/include/parallel/set_operations.h /build/x86_64-linux-musl-cross/src/musl-cross-make/build/local/x86_64-linux-musl/src_gcc/libstdc++-v3/include/parallel/settings.h /build/x86_64-linux-musl-cross/src/musl-cross-make/build/local/x86_64-linux-musl/src_gcc/libstdc++-v3/include/parallel/sort.h /build/x86_64-linux-musl-cross/src/musl-cross-make/build/local/x86_64-linux-musl/src_gcc/libstdc++-v3/include/parallel/tags.h /build/x86_64-linux-musl-cross/src/musl-cross-make/build/local/x86_64-linux-musl/src_gcc/libstdc++-v3/include/parallel/types.h /build/x86_64-linux-musl-cross/src/musl-cross-make/build/local/x86_64-linux-musl/src_gcc/libstdc++-v3/include/parallel/unique_copy.h /build/x86_64-linux-musl-cross/src/musl-cross-make/build/local/x86_64-linux-musl/src_gcc/libstdc++-v3/include/parallel/workstealing.h; do \
  /usr/bin/install -c -m 644 ${file} /build/x86_64-linux-musl-cross/src/musl-cross-make/out/x86_64-linux-musl/include/c++/16.1.0/./parallel; done
/bin/sh /build/x86_64-linux-musl-cross/src/musl-cross-make/build/local/x86_64-linux-musl/src_gcc/libstdc++-v3/../mkinstalldirs /build/x86_64-linux-musl-cross/src/musl-cross-make/out/x86_64-linux-musl/include/c++/16.1.0/x86_64-linux-musl/bits/../ext
mkdir -p -- /build/x86_64-linux-musl-cross/src/musl-cross-make/out/x86_64-linux-musl/include/c++/16.1.0/x86_64-linux-musl/bits/../ext
for file in /build/x86_64-linux-musl-cross/src/musl-cross-make/build/local/x86_64-linux-musl/src_gcc/libstdc++-v3/config/cpu/i486/opt/ext/opt_random.h; do \
  /usr/bin/install -c -m 644 ${file} /build/x86_64-linux-musl-cross/src/musl-cross-make/out/x86_64-linux-musl/include/c++/16.1.0/x86_64-linux-musl/bits/../ext; done
/bin/sh /build/x86_64-linux-musl-cross/src/musl-cross-make/build/local/x86_64-linux-musl/src_gcc/libstdc++-v3/../mkinstalldirs /build/x86_64-linux-musl-cross/src/musl-cross-make/out/x86_64-linux-musl/include/c++/16.1.0/./pstl
mkdir -p -- /build/x86_64-linux-musl-cross/src/musl-cross-make/out/x86_64-linux-musl/include/c++/16.1.0/./pstl
for file in /build/x86_64-linux-musl-cross/src/musl-cross-make/build/local/x86_64-linux-musl/src_gcc/libstdc++-v3/include/pstl/algorithm_fwd.h /build/x86_64-linux-musl-cross/src/musl-cross-make/build/local/x86_64-linux-musl/src_gcc/libstdc++-v3/include/pstl/algorithm_impl.h /build/x86_64-linux-musl-cross/src/musl-cross-make/build/local/x86_64-linux-musl/src_gcc/libstdc++-v3/include/pstl/execution_defs.h /build/x86_64-linux-musl-cross/src/musl-cross-make/build/local/x86_64-linux-musl/src_gcc/libstdc++-v3/include/pstl/execution_impl.h /build/x86_64-linux-musl-cross/src/musl-cross-make/build/local/x86_64-linux-musl/src_gcc/libstdc++-v3/include/pstl/glue_algorithm_defs.h /build/x86_64-linux-musl-cross/src/musl-cross-make/build/local/x86_64-linux-musl/src_gcc/libstdc++-v3/include/pstl/glue_algorithm_impl.h /build/x86_64-linux-musl-cross/src/musl-cross-make/build/local/x86_64-linux-musl/src_gcc/libstdc++-v3/include/pstl/glue_execution_defs.h /build/x86_64-linux-musl-cross/src/musl-cross-make/build/local/x86_64-linux-musl/src_gcc/libstdc++-v3/include/pstl/glue_memory_defs.h /build/x86_64-linux-musl-cross/src/musl-cross-make/build/local/x86_64-linux-musl/src_gcc/libstdc++-v3/include/pstl/glue_memory_impl.h /build/x86_64-linux-musl-cross/src/musl-cross-make/build/local/x86_64-linux-musl/src_gcc/libstdc++-v3/include/pstl/glue_numeric_defs.h /build/x86_64-linux-musl-cross/src/musl-cross-make/build/local/x86_64-linux-musl/src_gcc/libstdc++-v3/include/pstl/glue_numeric_impl.h /build/x86_64-linux-musl-cross/src/musl-cross-make/build/local/x86_64-linux-musl/src_gcc/libstdc++-v3/include/pstl/memory_impl.h /build/x86_64-linux-musl-cross/src/musl-cross-make/build/local/x86_64-linux-musl/src_gcc/libstdc++-v3/include/pstl/numeric_fwd.h /build/x86_64-linux-musl-cross/src/musl-cross-make/build/local/x86_64-linux-musl/src_gcc/libstdc++-v3/include/pstl/numeric_impl.h /build/x86_64-linux-musl-cross/src/musl-cross-make/build/local/x86_64-linux-musl/src_gcc/libstdc++-v3/include/pstl/parallel_backend.h /build/x86_64-linux-musl-cross/src/musl-cross-make/build/local/x86_64-linux-musl/src_gcc/libstdc++-v3/include/pstl/parallel_backend_tbb.h /build/x86_64-linux-musl-cross/src/musl-cross-make/build/local/x86_64-linux-musl/src_gcc/libstdc++-v3/include/pstl/parallel_backend_serial.h /build/x86_64-linux-musl-cross/src/musl-cross-make/build/local/x86_64-linux-musl/src_gcc/libstdc++-v3/include/pstl/parallel_backend_utils.h /build/x86_64-linux-musl-cross/src/musl-cross-make/build/local/x86_64-linux-musl/src_gcc/libstdc++-v3/include/pstl/parallel_impl.h /build/x86_64-linux-musl-cross/src/musl-cross-make/build/local/x86_64-linux-musl/src_gcc/libstdc++-v3/include/pstl/pstl_config.h /build/x86_64-linux-musl-cross/src/musl-cross-make/build/local/x86_64-linux-musl/src_gcc/libstdc++-v3/include/pstl/unseq_backend_simd.h /build/x86_64-linux-musl-cross/src/musl-cross-make/build/local/x86_64-linux-musl/src_gcc/libstdc++-v3/include/pstl/utils.h; do \
  /usr/bin/install -c -m 644 ${file} /build/x86_64-linux-musl-cross/src/musl-cross-make/out/x86_64-linux-musl/include/c++/16.1.0/./pstl; done
make[6]: Leaving directory '/build/x86_64-linux-musl-cross/src/musl-cross-make/build/local/x86_64-linux-musl/obj_gcc/x86_64-linux-musl/libstdc++-v3/include'
make[5]: Leaving directory '/build/x86_64-linux-musl-cross/src/musl-cross-make/build/local/x86_64-linux-musl/obj_gcc/x86_64-linux-musl/libstdc++-v3/include'
Making install in libsupc++
make[5]: Entering directory '/build/x86_64-linux-musl-cross/src/musl-cross-make/build/local/x86_64-linux-musl/obj_gcc/x86_64-linux-musl/libstdc++-v3/libsupc++'
make[6]: Entering directory '/build/x86_64-linux-musl-cross/src/musl-cross-make/build/local/x86_64-linux-musl/obj_gcc/x86_64-linux-musl/libstdc++-v3/libsupc++'
/bin/sh /build/x86_64-linux-musl-cross/src/musl-cross-make/build/local/x86_64-linux-musl/src_gcc/libstdc++-v3/../mkinstalldirs /build/x86_64-linux-musl-cross/src/musl-cross-make/out/x86_64-linux-musl/include/c++/16.1.0/bits
/bin/sh /build/x86_64-linux-musl-cross/src/musl-cross-make/build/local/x86_64-linux-musl/src_gcc/libstdc++-v3/../mkinstalldirs /build/x86_64-linux-musl-cross/src/musl-cross-make/out/x86_64-linux-musl/include/c++/16.1.0
 /usr/bin/mkdir -p '/build/x86_64-linux-musl-cross/src/musl-cross-make/out/x86_64-linux-musl/lib'
 /bin/sh ../libtool   --mode=install /usr/bin/install -c   libsupc++.la '/build/x86_64-linux-musl-cross/src/musl-cross-make/out/x86_64-linux-musl/lib'
 /usr/bin/install -c -m 644 ../../../../src_gcc/libstdc++-v3/libsupc++/atomic_lockfree_defines.h /build/x86_64-linux-musl-cross/src/musl-cross-make/out/x86_64-linux-musl/include/c++/16.1.0/bits/atomic_lockfree_defines.h
 /usr/bin/install -c -m 644 ../../../../src_gcc/libstdc++-v3/libsupc++/compare /build/x86_64-linux-musl-cross/src/musl-cross-make/out/x86_64-linux-musl/include/c++/16.1.0/compare
 /usr/bin/install -c -m 644 ../../../../src_gcc/libstdc++-v3/libsupc++/cxxabi_forced.h /build/x86_64-linux-musl-cross/src/musl-cross-make/out/x86_64-linux-musl/include/c++/16.1.0/bits/cxxabi_forced.h
 /usr/bin/install -c -m 644 ../../../../src_gcc/libstdc++-v3/libsupc++/cxxabi.h /build/x86_64-linux-musl-cross/src/musl-cross-make/out/x86_64-linux-musl/include/c++/16.1.0/cxxabi.h
libtool: install: /usr/bin/install -c .libs/libsupc++.lai /build/x86_64-linux-musl-cross/src/musl-cross-make/out/x86_64-linux-musl/lib/libsupc++.la
libtool: install: /usr/bin/install -c .libs/libsupc++.a /build/x86_64-linux-musl-cross/src/musl-cross-make/out/x86_64-linux-musl/lib/libsupc++.a
 /usr/bin/install -c -m 644 ../../../../src_gcc/libstdc++-v3/libsupc++/exception_defines.h /build/x86_64-linux-musl-cross/src/musl-cross-make/out/x86_64-linux-musl/include/c++/16.1.0/bits/exception_defines.h
 /usr/bin/install -c -m 644 ../../../../src_gcc/libstdc++-v3/libsupc++/exception /build/x86_64-linux-musl-cross/src/musl-cross-make/out/x86_64-linux-musl/include/c++/16.1.0/exception
libtool: install: chmod 644 /build/x86_64-linux-musl-cross/src/musl-cross-make/out/x86_64-linux-musl/lib/libsupc++.a
libtool: install: /build/x86_64-linux-musl-cross/src/musl-cross-make/build/local/x86_64-linux-musl/obj_binutils/binutils/ranlib  /build/x86_64-linux-musl-cross/src/musl-cross-make/out/x86_64-linux-musl/lib/libsupc++.a
 /usr/bin/install -c -m 644 ../../../../src_gcc/libstdc++-v3/libsupc++/initializer_list /build/x86_64-linux-musl-cross/src/musl-cross-make/out/x86_64-linux-musl/include/c++/16.1.0/initializer_list
 /usr/bin/install -c -m 644 ../../../../src_gcc/libstdc++-v3/libsupc++/exception_ptr.h /build/x86_64-linux-musl-cross/src/musl-cross-make/out/x86_64-linux-musl/include/c++/16.1.0/bits/exception_ptr.h
 /usr/bin/install -c -m 644 ../../../../src_gcc/libstdc++-v3/libsupc++/new /build/x86_64-linux-musl-cross/src/musl-cross-make/out/x86_64-linux-musl/include/c++/16.1.0/new
 /usr/bin/install -c -m 644 ../../../../src_gcc/libstdc++-v3/libsupc++/hash_bytes.h /build/x86_64-linux-musl-cross/src/musl-cross-make/out/x86_64-linux-musl/include/c++/16.1.0/bits/hash_bytes.h
libtool: install: warning: remember to run `libtool --finish /x86_64-linux-musl/lib'
 /usr/bin/install -c -m 644 ../../../../src_gcc/libstdc++-v3/libsupc++/nested_exception.h /build/x86_64-linux-musl-cross/src/musl-cross-make/out/x86_64-linux-musl/include/c++/16.1.0/bits/nested_exception.h
 /usr/bin/install -c -m 644 ../../../../src_gcc/libstdc++-v3/libsupc++/typeinfo /build/x86_64-linux-musl-cross/src/musl-cross-make/out/x86_64-linux-musl/include/c++/16.1.0/typeinfo
 /usr/bin/install -c -m 644 ../../../../src_gcc/libstdc++-v3/libsupc++/exception.h /build/x86_64-linux-musl-cross/src/musl-cross-make/out/x86_64-linux-musl/include/c++/16.1.0/bits/exception.h
 /usr/bin/install -c -m 644 ../../../../src_gcc/libstdc++-v3/libsupc++/cxxabi_init_exception.h /build/x86_64-linux-musl-cross/src/musl-cross-make/out/x86_64-linux-musl/include/c++/16.1.0/bits/cxxabi_init_exception.h
make[6]: Leaving directory '/build/x86_64-linux-musl-cross/src/musl-cross-make/build/local/x86_64-linux-musl/obj_gcc/x86_64-linux-musl/libstdc++-v3/libsupc++'
make[5]: Leaving directory '/build/x86_64-linux-musl-cross/src/musl-cross-make/build/local/x86_64-linux-musl/obj_gcc/x86_64-linux-musl/libstdc++-v3/libsupc++'
Making install in src
make[5]: Entering directory '/build/x86_64-linux-musl-cross/src/musl-cross-make/build/local/x86_64-linux-musl/obj_gcc/x86_64-linux-musl/libstdc++-v3/src'
Making install in c++98
make[6]: Entering directory '/build/x86_64-linux-musl-cross/src/musl-cross-make/build/local/x86_64-linux-musl/obj_gcc/x86_64-linux-musl/libstdc++-v3/src/c++98'
make[7]: Entering directory '/build/x86_64-linux-musl-cross/src/musl-cross-make/build/local/x86_64-linux-musl/obj_gcc/x86_64-linux-musl/libstdc++-v3/src/c++98'
make[7]: Nothing to be done for 'install-exec-am'.
make[7]: Nothing to be done for 'install-data-am'.
make[7]: Leaving directory '/build/x86_64-linux-musl-cross/src/musl-cross-make/build/local/x86_64-linux-musl/obj_gcc/x86_64-linux-musl/libstdc++-v3/src/c++98'
make[6]: Leaving directory '/build/x86_64-linux-musl-cross/src/musl-cross-make/build/local/x86_64-linux-musl/obj_gcc/x86_64-linux-musl/libstdc++-v3/src/c++98'
Making install in c++11
make[6]: Entering directory '/build/x86_64-linux-musl-cross/src/musl-cross-make/build/local/x86_64-linux-musl/obj_gcc/x86_64-linux-musl/libstdc++-v3/src/c++11'
make[7]: Entering directory '/build/x86_64-linux-musl-cross/src/musl-cross-make/build/local/x86_64-linux-musl/obj_gcc/x86_64-linux-musl/libstdc++-v3/src/c++11'
make[7]: Nothing to be done for 'install-exec-am'.
make[7]: Nothing to be done for 'install-data-am'.
make[7]: Leaving directory '/build/x86_64-linux-musl-cross/src/musl-cross-make/build/local/x86_64-linux-musl/obj_gcc/x86_64-linux-musl/libstdc++-v3/src/c++11'
make[6]: Leaving directory '/build/x86_64-linux-musl-cross/src/musl-cross-make/build/local/x86_64-linux-musl/obj_gcc/x86_64-linux-musl/libstdc++-v3/src/c++11'
Making install in c++17
make[6]: Entering directory '/build/x86_64-linux-musl-cross/src/musl-cross-make/build/local/x86_64-linux-musl/obj_gcc/x86_64-linux-musl/libstdc++-v3/src/c++17'
make[7]: Entering directory '/build/x86_64-linux-musl-cross/src/musl-cross-make/build/local/x86_64-linux-musl/obj_gcc/x86_64-linux-musl/libstdc++-v3/src/c++17'
make[7]: Nothing to be done for 'install-exec-am'.
make[7]: Nothing to be done for 'install-data-am'.
make[7]: Leaving directory '/build/x86_64-linux-musl-cross/src/musl-cross-make/build/local/x86_64-linux-musl/obj_gcc/x86_64-linux-musl/libstdc++-v3/src/c++17'
make[6]: Leaving directory '/build/x86_64-linux-musl-cross/src/musl-cross-make/build/local/x86_64-linux-musl/obj_gcc/x86_64-linux-musl/libstdc++-v3/src/c++17'
Making install in c++20
make[6]: Entering directory '/build/x86_64-linux-musl-cross/src/musl-cross-make/build/local/x86_64-linux-musl/obj_gcc/x86_64-linux-musl/libstdc++-v3/src/c++20'
make[7]: Entering directory '/build/x86_64-linux-musl-cross/src/musl-cross-make/build/local/x86_64-linux-musl/obj_gcc/x86_64-linux-musl/libstdc++-v3/src/c++20'
make[7]: Nothing to be done for 'install-exec-am'.
make[7]: Nothing to be done for 'install-data-am'.
make[7]: Leaving directory '/build/x86_64-linux-musl-cross/src/musl-cross-make/build/local/x86_64-linux-musl/obj_gcc/x86_64-linux-musl/libstdc++-v3/src/c++20'
make[6]: Leaving directory '/build/x86_64-linux-musl-cross/src/musl-cross-make/build/local/x86_64-linux-musl/obj_gcc/x86_64-linux-musl/libstdc++-v3/src/c++20'
Making install in c++23
make[6]: Entering directory '/build/x86_64-linux-musl-cross/src/musl-cross-make/build/local/x86_64-linux-musl/obj_gcc/x86_64-linux-musl/libstdc++-v3/src/c++23'
make[7]: Entering directory '/build/x86_64-linux-musl-cross/src/musl-cross-make/build/local/x86_64-linux-musl/obj_gcc/x86_64-linux-musl/libstdc++-v3/src/c++23'
 /usr/bin/mkdir -p '/build/x86_64-linux-musl-cross/src/musl-cross-make/out/x86_64-linux-musl/lib'
 /usr/bin/mkdir -p '/build/x86_64-linux-musl-cross/src/musl-cross-make/out/x86_64-linux-musl/include/c++/16.1.0/bits'
 /usr/bin/install -c -m 644 libstdc++.modules.json '/build/x86_64-linux-musl-cross/src/musl-cross-make/out/x86_64-linux-musl/lib'
 /usr/bin/install -c -m 644 std.cc std.compat.cc '/build/x86_64-linux-musl-cross/src/musl-cross-make/out/x86_64-linux-musl/include/c++/16.1.0/bits'
make[7]: Leaving directory '/build/x86_64-linux-musl-cross/src/musl-cross-make/build/local/x86_64-linux-musl/obj_gcc/x86_64-linux-musl/libstdc++-v3/src/c++23'
make[6]: Leaving directory '/build/x86_64-linux-musl-cross/src/musl-cross-make/build/local/x86_64-linux-musl/obj_gcc/x86_64-linux-musl/libstdc++-v3/src/c++23'
Making install in c++26
make[6]: Entering directory '/build/x86_64-linux-musl-cross/src/musl-cross-make/build/local/x86_64-linux-musl/obj_gcc/x86_64-linux-musl/libstdc++-v3/src/c++26'
make[7]: Entering directory '/build/x86_64-linux-musl-cross/src/musl-cross-make/build/local/x86_64-linux-musl/obj_gcc/x86_64-linux-musl/libstdc++-v3/src/c++26'
make[7]: Nothing to be done for 'install-exec-am'.
make[7]: Nothing to be done for 'install-data-am'.
make[7]: Leaving directory '/build/x86_64-linux-musl-cross/src/musl-cross-make/build/local/x86_64-linux-musl/obj_gcc/x86_64-linux-musl/libstdc++-v3/src/c++26'
make[6]: Leaving directory '/build/x86_64-linux-musl-cross/src/musl-cross-make/build/local/x86_64-linux-musl/obj_gcc/x86_64-linux-musl/libstdc++-v3/src/c++26'
Making install in filesystem
make[6]: Entering directory '/build/x86_64-linux-musl-cross/src/musl-cross-make/build/local/x86_64-linux-musl/obj_gcc/x86_64-linux-musl/libstdc++-v3/src/filesystem'
make[7]: Entering directory '/build/x86_64-linux-musl-cross/src/musl-cross-make/build/local/x86_64-linux-musl/obj_gcc/x86_64-linux-musl/libstdc++-v3/src/filesystem'
make[7]: Nothing to be done for 'install-data-am'.
 /usr/bin/mkdir -p '/build/x86_64-linux-musl-cross/src/musl-cross-make/out/x86_64-linux-musl/lib'
 /bin/sh ../../libtool   --mode=install /usr/bin/install -c   libstdc++fs.la '/build/x86_64-linux-musl-cross/src/musl-cross-make/out/x86_64-linux-musl/lib'
libtool: install: /usr/bin/install -c .libs/libstdc++fs.lai /build/x86_64-linux-musl-cross/src/musl-cross-make/out/x86_64-linux-musl/lib/libstdc++fs.la
libtool: install: /usr/bin/install -c .libs/libstdc++fs.a /build/x86_64-linux-musl-cross/src/musl-cross-make/out/x86_64-linux-musl/lib/libstdc++fs.a
libtool: install: chmod 644 /build/x86_64-linux-musl-cross/src/musl-cross-make/out/x86_64-linux-musl/lib/libstdc++fs.a
libtool: install: /build/x86_64-linux-musl-cross/src/musl-cross-make/build/local/x86_64-linux-musl/obj_binutils/binutils/ranlib  /build/x86_64-linux-musl-cross/src/musl-cross-make/out/x86_64-linux-musl/lib/libstdc++fs.a
libtool: install: warning: remember to run `libtool --finish /x86_64-linux-musl/lib'
make[7]: Leaving directory '/build/x86_64-linux-musl-cross/src/musl-cross-make/build/local/x86_64-linux-musl/obj_gcc/x86_64-linux-musl/libstdc++-v3/src/filesystem'
make[6]: Leaving directory '/build/x86_64-linux-musl-cross/src/musl-cross-make/build/local/x86_64-linux-musl/obj_gcc/x86_64-linux-musl/libstdc++-v3/src/filesystem'
Making install in libbacktrace
make[6]: Entering directory '/build/x86_64-linux-musl-cross/src/musl-cross-make/build/local/x86_64-linux-musl/obj_gcc/x86_64-linux-musl/libstdc++-v3/src/libbacktrace'
make[7]: Entering directory '/build/x86_64-linux-musl-cross/src/musl-cross-make/build/local/x86_64-linux-musl/obj_gcc/x86_64-linux-musl/libstdc++-v3/src/libbacktrace'
make[7]: Nothing to be done for 'install-exec-am'.
make[7]: Nothing to be done for 'install-data-am'.
make[7]: Leaving directory '/build/x86_64-linux-musl-cross/src/musl-cross-make/build/local/x86_64-linux-musl/obj_gcc/x86_64-linux-musl/libstdc++-v3/src/libbacktrace'
make[6]: Leaving directory '/build/x86_64-linux-musl-cross/src/musl-cross-make/build/local/x86_64-linux-musl/obj_gcc/x86_64-linux-musl/libstdc++-v3/src/libbacktrace'
Making install in experimental
make[6]: Entering directory '/build/x86_64-linux-musl-cross/src/musl-cross-make/build/local/x86_64-linux-musl/obj_gcc/x86_64-linux-musl/libstdc++-v3/src/experimental'
make[7]: Entering directory '/build/x86_64-linux-musl-cross/src/musl-cross-make/build/local/x86_64-linux-musl/obj_gcc/x86_64-linux-musl/libstdc++-v3/src/experimental'
make[7]: Nothing to be done for 'install-data-am'.
 /usr/bin/mkdir -p '/build/x86_64-linux-musl-cross/src/musl-cross-make/out/x86_64-linux-musl/lib'
 /bin/sh ../../libtool   --mode=install /usr/bin/install -c   libstdc++exp.la '/build/x86_64-linux-musl-cross/src/musl-cross-make/out/x86_64-linux-musl/lib'
libtool: install: /usr/bin/install -c .libs/libstdc++exp.lai /build/x86_64-linux-musl-cross/src/musl-cross-make/out/x86_64-linux-musl/lib/libstdc++exp.la
libtool: install: /usr/bin/install -c .libs/libstdc++exp.a /build/x86_64-linux-musl-cross/src/musl-cross-make/out/x86_64-linux-musl/lib/libstdc++exp.a
libtool: install: chmod 644 /build/x86_64-linux-musl-cross/src/musl-cross-make/out/x86_64-linux-musl/lib/libstdc++exp.a
libtool: install: /build/x86_64-linux-musl-cross/src/musl-cross-make/build/local/x86_64-linux-musl/obj_binutils/binutils/ranlib  /build/x86_64-linux-musl-cross/src/musl-cross-make/out/x86_64-linux-musl/lib/libstdc++exp.a
libtool: install: warning: remember to run `libtool --finish /x86_64-linux-musl/lib'
make[7]: Leaving directory '/build/x86_64-linux-musl-cross/src/musl-cross-make/build/local/x86_64-linux-musl/obj_gcc/x86_64-linux-musl/libstdc++-v3/src/experimental'
make[6]: Leaving directory '/build/x86_64-linux-musl-cross/src/musl-cross-make/build/local/x86_64-linux-musl/obj_gcc/x86_64-linux-musl/libstdc++-v3/src/experimental'
make[6]: Entering directory '/build/x86_64-linux-musl-cross/src/musl-cross-make/build/local/x86_64-linux-musl/obj_gcc/x86_64-linux-musl/libstdc++-v3/src'
make[7]: Entering directory '/build/x86_64-linux-musl-cross/src/musl-cross-make/build/local/x86_64-linux-musl/obj_gcc/x86_64-linux-musl/libstdc++-v3/src'
make[7]: Nothing to be done for 'install-data-am'.
 /usr/bin/mkdir -p '/build/x86_64-linux-musl-cross/src/musl-cross-make/out/x86_64-linux-musl/lib'
 /bin/sh ../libtool   --mode=install /usr/bin/install -c   libstdc++.la '/build/x86_64-linux-musl-cross/src/musl-cross-make/out/x86_64-linux-musl/lib'
libtool: install: /usr/bin/install -c .libs/libstdc++.so.6.0.35 /build/x86_64-linux-musl-cross/src/musl-cross-make/out/x86_64-linux-musl/lib/libstdc++.so.6.0.35
libtool: install: (cd /build/x86_64-linux-musl-cross/src/musl-cross-make/out/x86_64-linux-musl/lib && { ln -s -f libstdc++.so.6.0.35 libstdc++.so.6 || { rm -f libstdc++.so.6 && ln -s libstdc++.so.6.0.35 libstdc++.so.6; }; })
libtool: install: (cd /build/x86_64-linux-musl-cross/src/musl-cross-make/out/x86_64-linux-musl/lib && { ln -s -f libstdc++.so.6.0.35 libstdc++.so || { rm -f libstdc++.so && ln -s libstdc++.so.6.0.35 libstdc++.so; }; })
libtool: install: /usr/bin/install -c .libs/libstdc++.lai /build/x86_64-linux-musl-cross/src/musl-cross-make/out/x86_64-linux-musl/lib/libstdc++.la
libtool: install: /usr/bin/install -c .libs/libstdc++.a /build/x86_64-linux-musl-cross/src/musl-cross-make/out/x86_64-linux-musl/lib/libstdc++.a
libtool: install: chmod 644 /build/x86_64-linux-musl-cross/src/musl-cross-make/out/x86_64-linux-musl/lib/libstdc++.a
libtool: install: /build/x86_64-linux-musl-cross/src/musl-cross-make/build/local/x86_64-linux-musl/obj_binutils/binutils/ranlib  /build/x86_64-linux-musl-cross/src/musl-cross-make/out/x86_64-linux-musl/lib/libstdc++.a
libtool: install: warning: remember to run `libtool --finish /x86_64-linux-musl/lib'
make[7]: Leaving directory '/build/x86_64-linux-musl-cross/src/musl-cross-make/build/local/x86_64-linux-musl/obj_gcc/x86_64-linux-musl/libstdc++-v3/src'
make[6]: Leaving directory '/build/x86_64-linux-musl-cross/src/musl-cross-make/build/local/x86_64-linux-musl/obj_gcc/x86_64-linux-musl/libstdc++-v3/src'
make[5]: Leaving directory '/build/x86_64-linux-musl-cross/src/musl-cross-make/build/local/x86_64-linux-musl/obj_gcc/x86_64-linux-musl/libstdc++-v3/src'
Making install in doc
make[5]: Entering directory '/build/x86_64-linux-musl-cross/src/musl-cross-make/build/local/x86_64-linux-musl/obj_gcc/x86_64-linux-musl/libstdc++-v3/doc'
make[6]: Entering directory '/build/x86_64-linux-musl-cross/src/musl-cross-make/build/local/x86_64-linux-musl/obj_gcc/x86_64-linux-musl/libstdc++-v3/doc'
make[6]: Nothing to be done for 'install-exec-am'.
make[6]: Nothing to be done for 'install-data-am'.
make[6]: Leaving directory '/build/x86_64-linux-musl-cross/src/musl-cross-make/build/local/x86_64-linux-musl/obj_gcc/x86_64-linux-musl/libstdc++-v3/doc'
make[5]: Leaving directory '/build/x86_64-linux-musl-cross/src/musl-cross-make/build/local/x86_64-linux-musl/obj_gcc/x86_64-linux-musl/libstdc++-v3/doc'
Making install in po
make[5]: Entering directory '/build/x86_64-linux-musl-cross/src/musl-cross-make/build/local/x86_64-linux-musl/obj_gcc/x86_64-linux-musl/libstdc++-v3/po'
make[6]: Entering directory '/build/x86_64-linux-musl-cross/src/musl-cross-make/build/local/x86_64-linux-musl/obj_gcc/x86_64-linux-musl/libstdc++-v3/po'
make[6]: Nothing to be done for 'install-exec-am'.
make[6]: Nothing to be done for 'install-data-am'.
make[6]: Leaving directory '/build/x86_64-linux-musl-cross/src/musl-cross-make/build/local/x86_64-linux-musl/obj_gcc/x86_64-linux-musl/libstdc++-v3/po'
make[5]: Leaving directory '/build/x86_64-linux-musl-cross/src/musl-cross-make/build/local/x86_64-linux-musl/obj_gcc/x86_64-linux-musl/libstdc++-v3/po'
Making install in testsuite
make[5]: Entering directory '/build/x86_64-linux-musl-cross/src/musl-cross-make/build/local/x86_64-linux-musl/obj_gcc/x86_64-linux-musl/libstdc++-v3/testsuite'
make[6]: Entering directory '/build/x86_64-linux-musl-cross/src/musl-cross-make/build/local/x86_64-linux-musl/obj_gcc/x86_64-linux-musl/libstdc++-v3/testsuite'
make[6]: Nothing to be done for 'install-exec-am'.
make[6]: Nothing to be done for 'install-data-am'.
make[6]: Leaving directory '/build/x86_64-linux-musl-cross/src/musl-cross-make/build/local/x86_64-linux-musl/obj_gcc/x86_64-linux-musl/libstdc++-v3/testsuite'
make[5]: Leaving directory '/build/x86_64-linux-musl-cross/src/musl-cross-make/build/local/x86_64-linux-musl/obj_gcc/x86_64-linux-musl/libstdc++-v3/testsuite'
Making install in python
make[5]: Entering directory '/build/x86_64-linux-musl-cross/src/musl-cross-make/build/local/x86_64-linux-musl/obj_gcc/x86_64-linux-musl/libstdc++-v3/python'
make[6]: Entering directory '/build/x86_64-linux-musl-cross/src/musl-cross-make/build/local/x86_64-linux-musl/obj_gcc/x86_64-linux-musl/libstdc++-v3/python'
make[6]: Nothing to be done for 'install-exec-am'.
 /usr/bin/mkdir -p '/build/x86_64-linux-musl-cross/src/musl-cross-make/out/share/gcc-16.1.0/python'
 /usr/bin/install -c -m 644 gdb.py /build/x86_64-linux-musl-cross/src/musl-cross-make/out/x86_64-linux-musl/lib/libstdc++.so.6.0.35-gdb.py
 /usr/bin/mkdir -p '/build/x86_64-linux-musl-cross/src/musl-cross-make/out/share/gcc-16.1.0/python/libstdcxx/v6'
 /usr/bin/install -c -m 644  ../../../../src_gcc/libstdc++-v3/python/libstdcxx/v6/printers.py ../../../../src_gcc/libstdc++-v3/python/libstdcxx/v6/xmethods.py ../../../../src_gcc/libstdc++-v3/python/libstdcxx/v6/__init__.py '/build/x86_64-linux-musl-cross/src/musl-cross-make/out/share/gcc-16.1.0/python/libstdcxx/v6'
 /usr/bin/mkdir -p '/build/x86_64-linux-musl-cross/src/musl-cross-make/out/share/gcc-16.1.0/python/libstdcxx'
 /usr/bin/install -c -m 644  ../../../../src_gcc/libstdc++-v3/python/libstdcxx/__init__.py '/build/x86_64-linux-musl-cross/src/musl-cross-make/out/share/gcc-16.1.0/python/libstdcxx'
make[6]: Leaving directory '/build/x86_64-linux-musl-cross/src/musl-cross-make/build/local/x86_64-linux-musl/obj_gcc/x86_64-linux-musl/libstdc++-v3/python'
make[5]: Leaving directory '/build/x86_64-linux-musl-cross/src/musl-cross-make/build/local/x86_64-linux-musl/obj_gcc/x86_64-linux-musl/libstdc++-v3/python'
make[5]: Entering directory '/build/x86_64-linux-musl-cross/src/musl-cross-make/build/local/x86_64-linux-musl/obj_gcc/x86_64-linux-musl/libstdc++-v3'
true "AR_FLAGS=rc" "CC_FOR_BUILD=gcc -static --static" "CC_FOR_TARGET=/build/x86_64-linux-musl-cross/src/musl-cross-make/build/local/x86_64-linux-musl/obj_gcc/./gcc/xgcc -B/build/x86_64-linux-musl-cross/src/musl-cross-make/build/local/x86_64-linux-musl/obj_gcc/./gcc/" "CFLAGS=-g -O2" "CXXFLAGS=-g -O2 -D_GNU_SOURCE" "CFLAGS_FOR_BUILD=-g0 -O2 -pipe -fno-align-functions -fno-align-jumps -fno-align-loops -fno-align-labels -Wno-error" "CFLAGS_FOR_TARGET=-g -O2" "EXPECT=expect" "INSTALL=/usr/bin/install -c" "INSTALL_DATA=/usr/bin/install -c -m 644" "INSTALL_PROGRAM=/usr/bin/install -c" "INSTALL_SCRIPT=/usr/bin/install -c" "LDFLAGS=" "LIBCFLAGS=-g -O2" "LIBCFLAGS_FOR_TARGET=-g -O2" "MAKE=make MULTILIB_OSDIRNAMES= INFO_DEPS= infodir= ac_cv_prog_lex_root=lex.yy MAKEINFO=false " "MAKEINFO=false --split-size=5000000 --split-size=5000000  " "SHELL=/bin/sh" "RUNTESTFLAGS=" "exec_prefix=" "infodir=" "libdir=/lib" "includedir=/include" "prefix=" "tooldir=/x86_64-linux-musl" "gxx_include_dir=/x86_64-linux-musl/include/c++/16.1.0" "AR=/build/x86_64-linux-musl-cross/src/musl-cross-make/build/local/x86_64-linux-musl/obj_binutils/binutils/ar " "AS=/build/x86_64-linux-musl-cross/src/musl-cross-make/build/local/x86_64-linux-musl/obj_gcc/./gcc/as" "LD=/build/x86_64-linux-musl-cross/src/musl-cross-make/build/local/x86_64-linux-musl/obj_gcc/./gcc/collect-ld" "RANLIB=/build/x86_64-linux-musl-cross/src/musl-cross-make/build/local/x86_64-linux-musl/obj_binutils/binutils/ranlib " "NM=/build/x86_64-linux-musl-cross/src/musl-cross-make/build/local/x86_64-linux-musl/obj_gcc/./gcc/nm" "NM_FOR_BUILD=" "NM_FOR_TARGET=/build/x86_64-linux-musl-cross/src/musl-cross-make/build/local/x86_64-linux-musl/obj_binutils/binutils/nm-new " "DESTDIR=/build/x86_64-linux-musl-cross/src/musl-cross-make/out" "WERROR=" DO=all multi-do # make MULTILIB_OSDIRNAMES= INFO_DEPS= infodir= ac_cv_prog_lex_root=lex.yy MAKEINFO=false 
make[6]: Entering directory '/build/x86_64-linux-musl-cross/src/musl-cross-make/build/local/x86_64-linux-musl/obj_gcc/x86_64-linux-musl/libstdc++-v3'
true "AR_FLAGS=rc" "CC_FOR_BUILD=gcc -static --static" "CC_FOR_TARGET=/build/x86_64-linux-musl-cross/src/musl-cross-make/build/local/x86_64-linux-musl/obj_gcc/./gcc/xgcc -B/build/x86_64-linux-musl-cross/src/musl-cross-make/build/local/x86_64-linux-musl/obj_gcc/./gcc/" "CFLAGS=-g -O2" "CXXFLAGS=-g -O2 -D_GNU_SOURCE" "CFLAGS_FOR_BUILD=-g0 -O2 -pipe -fno-align-functions -fno-align-jumps -fno-align-loops -fno-align-labels -Wno-error" "CFLAGS_FOR_TARGET=-g -O2" "EXPECT=expect" "INSTALL=/usr/bin/install -c" "INSTALL_DATA=/usr/bin/install -c -m 644" "INSTALL_PROGRAM=/usr/bin/install -c" "INSTALL_SCRIPT=/usr/bin/install -c" "LDFLAGS=" "LIBCFLAGS=-g -O2" "LIBCFLAGS_FOR_TARGET=-g -O2" "MAKE=make MULTILIB_OSDIRNAMES= INFO_DEPS= infodir= ac_cv_prog_lex_root=lex.yy MAKEINFO=false " "MAKEINFO=false --split-size=5000000 --split-size=5000000   " "SHELL=/bin/sh" "RUNTESTFLAGS=" "exec_prefix=" "infodir=" "libdir=/lib" "includedir=/include" "prefix=" "tooldir=/x86_64-linux-musl" "gxx_include_dir=/x86_64-linux-musl/include/c++/16.1.0" "AR=/build/x86_64-linux-musl-cross/src/musl-cross-make/build/local/x86_64-linux-musl/obj_binutils/binutils/ar " "AS=/build/x86_64-linux-musl-cross/src/musl-cross-make/build/local/x86_64-linux-musl/obj_gcc/./gcc/as" "LD=/build/x86_64-linux-musl-cross/src/musl-cross-make/build/local/x86_64-linux-musl/obj_gcc/./gcc/collect-ld" "RANLIB=/build/x86_64-linux-musl-cross/src/musl-cross-make/build/local/x86_64-linux-musl/obj_binutils/binutils/ranlib " "NM=/build/x86_64-linux-musl-cross/src/musl-cross-make/build/local/x86_64-linux-musl/obj_gcc/./gcc/nm" "NM_FOR_BUILD=" "NM_FOR_TARGET=/build/x86_64-linux-musl-cross/src/musl-cross-make/build/local/x86_64-linux-musl/obj_binutils/binutils/nm-new " "DESTDIR=/build/x86_64-linux-musl-cross/src/musl-cross-make/out" "WERROR=" DO=install multi-do # make MULTILIB_OSDIRNAMES= INFO_DEPS= infodir= ac_cv_prog_lex_root=lex.yy MAKEINFO=false 
make[6]: Nothing to be done for 'install-data-am'.
make[6]: Leaving directory '/build/x86_64-linux-musl-cross/src/musl-cross-make/build/local/x86_64-linux-musl/obj_gcc/x86_64-linux-musl/libstdc++-v3'
make[5]: Leaving directory '/build/x86_64-linux-musl-cross/src/musl-cross-make/build/local/x86_64-linux-musl/obj_gcc/x86_64-linux-musl/libstdc++-v3'
make[4]: Leaving directory '/build/x86_64-linux-musl-cross/src/musl-cross-make/build/local/x86_64-linux-musl/obj_gcc/x86_64-linux-musl/libstdc++-v3'
make[4]: Entering directory '/build/x86_64-linux-musl-cross/src/musl-cross-make/build/local/x86_64-linux-musl/obj_gcc/x86_64-linux-musl/libvtv'
make MULTILIB_OSDIRNAMES= INFO_DEPS= infodir= ac_cv_prog_lex_root=lex.yy MAKEINFO=false   install-recursive
make[5]: Entering directory '/build/x86_64-linux-musl-cross/src/musl-cross-make/build/local/x86_64-linux-musl/obj_gcc/x86_64-linux-musl/libvtv'
make[6]: Entering directory '/build/x86_64-linux-musl-cross/src/musl-cross-make/build/local/x86_64-linux-musl/obj_gcc/x86_64-linux-musl/libvtv'
true  DO=all multi-do # make MULTILIB_OSDIRNAMES= INFO_DEPS= infodir= ac_cv_prog_lex_root=lex.yy MAKEINFO=false 
make[7]: Entering directory '/build/x86_64-linux-musl-cross/src/musl-cross-make/build/local/x86_64-linux-musl/obj_gcc/x86_64-linux-musl/libvtv'
true  DO=install multi-do # make MULTILIB_OSDIRNAMES= INFO_DEPS= infodir= ac_cv_prog_lex_root=lex.yy MAKEINFO=false 
make[7]: Leaving directory '/build/x86_64-linux-musl-cross/src/musl-cross-make/build/local/x86_64-linux-musl/obj_gcc/x86_64-linux-musl/libvtv'
make[6]: Leaving directory '/build/x86_64-linux-musl-cross/src/musl-cross-make/build/local/x86_64-linux-musl/obj_gcc/x86_64-linux-musl/libvtv'
make[5]: Leaving directory '/build/x86_64-linux-musl-cross/src/musl-cross-make/build/local/x86_64-linux-musl/obj_gcc/x86_64-linux-musl/libvtv'
make[4]: Leaving directory '/build/x86_64-linux-musl-cross/src/musl-cross-make/build/local/x86_64-linux-musl/obj_gcc/x86_64-linux-musl/libvtv'
make[3]: Leaving directory '/build/x86_64-linux-musl-cross/src/musl-cross-make/build/local/x86_64-linux-musl/obj_gcc'
make[2]: Leaving directory '/build/x86_64-linux-musl-cross/src/musl-cross-make/build/local/x86_64-linux-musl/obj_gcc'
ln -sf x86_64-linux-musl-gcc /build/x86_64-linux-musl-cross/src/musl-cross-make/out/bin/x86_64-linux-musl-cc
make[1]: Leaving directory '/build/x86_64-linux-musl-cross/src/musl-cross-make/build/local/x86_64-linux-musl'
